Event_Midpoint_s,Duration_s
9644459.430024784,152.6177622518307
9759544.549710268,401.4929945716762
9770504.50828666,417.785275369406
9836259.531894224,500.84265877676035
9841738.660936886,505.831212312994
9847218.01985448,511.22617042147374
9852697.412043916,517.43961531801
9858176.759998625,523.8712084733281
9863655.889067067,529.9251446939161
9869134.979035895,536.0354060473862
9874613.937846873,541.2252686047198
9880092.793303626,546.3809267884394
9885571.825724415,552.0270824078508
9891051.138536947,556.6614169127356
9896530.476874618,561.2824080506036
9902009.630362423,567.0315815958716
9907488.525914311,573.244783794401
9912967.25837153,578.9244591638674
9918445.90271557,584.8479542020591
9923924.325576086,589.6965997919294
9929402.904617578,593.7653076303944
9934881.667394098,598.1990255745491
9940360.475854885,603.7676709000216
9945839.132007962,608.8694966511039
9951317.642750906,613.9751817691804
9956796.06386047,618.8924197854149
9962274.369111782,623.3011503658132
9967752.59432561,627.5509553400175
9973231.055187693,632.4171740799673
9978709.779550137,635.8657568135159
9984188.426165383,639.9353182639015
9989666.882278265,644.9658956080652
9995145.057448534,650.1135332879671
10000623.140710436,655.159530145035
10006101.081579687,659.9963153578205
10011578.856179003,663.906194312669
10017056.861422429,667.4456826592452
10022534.994241847,671.2600668477105
10028013.0930755,675.9936478052964
10033491.09301994,680.2463287346928
10038968.918405803,684.7409398434888
10044446.696276385,688.8503178985111
10049924.346593134,692.6104909829728
10055401.963275718,696.3808262590387
10060879.86704152,700.5351883324165
10066357.936602367,703.3432694503388
10071835.940255752,707.2676534330785
10077313.708286922,711.8738737140965
10082791.223605376,716.2310821421511
10088268.64657235,720.6156498171296
10093745.92267894,724.7959791621574
10099223.101817703,727.9561645423074
10104700.51222984,731.0623225003433
10110178.009937832,734.8889725773132
10115655.457806453,739.0083296560089
10121132.770750038,742.9333728047011
10126609.943351077,746.7749073927682
10132087.054626381,750.3566596805431
10137564.060243733,753.6975571161531
10143041.068379672,757.122749552168
10148518.429232677,760.6562400991149
10153995.897230612,763.242060918823
10159473.18485178,766.8304948012674
10164950.23784668,770.9840910267492
10170427.095591476,774.8534189190977
10175903.860808263,778.8703966999171
10181380.435799908,782.4272219398821
10186857.016860656,785.1710188443726
10192333.829388829,788.1268393952785
10197810.658587214,791.5928123420194
10203287.471139763,795.3726104807783
10208764.099096883,798.8213812422237
10214240.641963148,802.4269331194989
10219717.091305228,805.4772883959554
10225193.416093338,808.4432345112126
10230669.880119823,811.6763461817359
10236146.615673125,814.3836513004301
10241623.405408297,816.9645238945043
10247100.018395433,820.3193047635234
10252576.378768332,824.0691305443981
10258052.55250224,827.5448663229297
10263528.654704524,831.1470021844879
10269004.55188065,834.1846890181703
10274480.55160448,836.6234894152892
10279956.721173316,839.2285209694887
10285432.949053317,842.5658454267541
10290909.064948509,845.8599775785729
10296385.022033371,848.9526658722889
10301860.903393723,852.0960493579046
10307336.691114144,854.8485173201681
10312812.376994222,857.5158265057007
10318288.266149158,860.6019309283585
10323764.422263334,862.7760838560994
10329240.530291434,865.2663348326322
10334716.466877837,868.4397578648204
10340192.124761667,871.8138367966997
10345667.675610468,875.0743007504407
10351143.115734283,878.1984915814829
10356618.378856573,880.8039574522077
10362093.818966001,883.0822924660476
10367569.376037631,885.5120084040534
10373044.920152262,888.7199101037664
10378520.381776342,891.5733972000934
10383995.703347938,894.5324970624242
10389470.9421428,897.2965785409917
10394946.069366664,899.7933237623545
10400421.146763358,902.2676011998808
10405896.487642225,905.0647961703983
10411372.03029513,906.9891631458139
10416847.498684136,909.497480838128
10422322.76005335,912.5353748108051
10427797.751753125,915.5454419398704
10433272.662411109,918.5976678738261
10438747.440276371,921.4682583393487
10444222.071665898,923.686191219775
10449696.924076559,925.7956403140035
10455171.900706163,928.3023126969181
10460646.796485795,931.2616621219158
10466121.609234545,933.9772855485014
10471596.254439741,936.6433844303501
10477070.829533387,939.2027345803237
10482545.306582866,941.491816578101
10488019.76311124,943.7882759007484
10493494.552394247,946.2801194593703
10498969.453355618,947.9232809982061
10504444.228459748,950.4002314531562
10509918.777392253,953.315581874619
10515393.113944266,956.0179638183702
10520867.361773187,958.8704640929786
10526341.452693243,961.4355738176071
10531815.487449,963.3801669734562
10537289.735378118,965.3243338257178
10542764.027031546,967.7731112847573
10548238.290225476,970.3891545547358
10553712.417674951,972.8772672023194
10559186.419123868,975.3460393260062
10564660.328575477,977.5695152279741
10570134.15350379,979.7094665966438
10575608.04441636,981.9332916438814
10581082.239028612,984.1127303967178
10586556.504679268,985.7842426052757
10592030.594727872,988.1406887716207
10597504.448723858,990.8505416570897
10602978.118280582,993.3552129336855
10608451.736936985,995.9871551648666
10613925.14683981,998.2060835704237
10619398.615318254,999.9578246697988
10624872.276032193,1001.8990647386539
10630345.937090239,1004.2358142060182
10635819.556075744,1006.7186380542242
10641292.988423342,1009.0128520543884
10646766.363884171,1011.3168079109466
10652239.624955753,1013.3073942897054
10657712.806795353,1015.2687483035597
10663186.148696017,1017.4394160089398
10668659.760887753,1019.1367379327476
10674133.377858313,1020.9453917207759
10679606.818030065,1023.2249685701722
10685080.017354103,1025.731108101135
10690553.069664713,1028.0945701465469
10696026.038247734,1030.5169578762036
10701498.809397403,1032.4849061870093
10706971.710158603,1034.1069489991173
10712444.749843638,1035.944079009066
10717917.823003264,1038.208569619253
10723390.801839644,1040.4299980615078
10728863.607982831,1042.576570575974
10734336.324079739,1044.6958522281902
10739808.95790945,1046.5929819255043
10745281.508956663,1048.3756950700858
10750754.29295558,1050.5155361395111
10756227.302045368,1051.932040866976
10761700.23121597,1053.7279034777437
10767172.99467758,1055.9378213783634
10772645.50990852,1058.2675758284688
10778117.933311319,1060.488158426811
10783590.248128675,1062.6980989115293
10789062.399174562,1064.4244814540539
10794534.729096018,1065.9726573754444
10800007.14599326,1067.7195831304643
10805479.57975144,1070.0161933610266
10810951.883362766,1072.0353875384292
10816424.046976626,1074.0832838758806
10821896.118302377,1076.0049333451211
10827368.0982144,1077.7479961996119
10832840.045779165,1079.4316713757178
10838312.27746781,1081.3989627360452
10843784.684067989,1082.6811460660283
10849256.965808807,1084.4620298866462
10854729.055583918,1086.6150252774682
10860200.912596332,1088.7159775433347
10865672.694060089,1090.8898726519433
10871144.340557862,1092.8593777650663
10876615.8746351,1094.3830531091796
10882087.624308703,1095.8967203413404
10887559.479206244,1097.5904908578293
10893031.266360588,1099.7089998407296
10898502.942824129,1101.584858332205
10903974.454169223,1103.571683163235
10909445.891018437,1105.3073970169366
10914917.219898112,1106.943217939646
10920388.591034539,1108.5756201712493
10925860.247910883,1110.2922064674374
10931332.015908409,1111.4883415521022
10936803.659451423,1113.2684149860524
10942275.08637338,1115.3845205437192
10947746.300304351,1117.2754018992996
10953217.460019652,1119.3042868162267
10958688.46117018,1121.0798295991513
10964159.433009714,1122.4366853135975
10969630.599011598,1123.8782784776884
10975101.826868989,1125.6629209114965
10980572.973294433,1127.6310803089614
10986043.980874473,1129.4061634120342
10991514.847997569,1131.2698928525938
10996985.645359382,1132.8892080876578
11002456.342920452,1134.399445994063
11007927.14572372,1136.0370419896822
11013398.234710589,1137.523629970573
11018869.333917152,1138.752324570139
11024340.293551486,1140.5117956501103
11029811.017638702,1142.5214411341071
11035281.592331862,1144.349573079686
11040752.078842072,1146.223877733807
11046222.400697002,1147.8313690773969
11051692.785779418,1149.0827495151016
11057163.328526286,1150.4817544094683
11062633.92016596,1152.2893903038198
11068104.425155347,1154.0722615295788
11073574.748013558,1155.8099356254154
11079044.959682602,1157.484389362734
11084515.07476735,1158.9898712045913
11089985.111586222,1160.4016013022172
11095455.303326394,1162.014450733645
11100925.752266131,1163.238194615691
11106396.181671388,1164.5178784634213
11111866.449136008,1166.2160325821544
11117336.46480103,1168.1036680456107
11122806.375991784,1169.8351111371064
11128276.17254159,1171.5721056186571
11133745.811301991,1172.993494532231
11139215.584682865,1174.1868527149124
11144685.478387967,1175.4982454809124
11150155.36196163,1177.2600813107217
11155625.182690844,1178.8681295259344
11161094.804011013,1180.554928742163
11166564.375306726,1182.1465505507972
11172033.814903043,1183.5174696808285
11177503.209291773,1184.867627977897
11182972.829048628,1186.413385765916
11188442.644589249,1187.4925933441618
11193912.378389273,1188.8425737349817
11199381.945853828,1190.5178362576266
11204851.273889737,1192.2334090987986
11210320.503005806,1193.9282331871855
11215789.629164822,1195.5441910408802
11221258.59201995,1196.8054373262523
11226727.749878246,1197.9506935096658
11232197.027922237,1199.242443422716
11237666.274768151,1200.9373699982948
11243135.410039507,1202.4394228219805
11248604.363785164,1203.9857863992058
11254073.26681635,1205.4374964772755
11259542.051959848,1206.7243322025408
11265010.819044322,1208.0190793322602
11270479.844243314,1209.4628392271827
11275949.009920422,1210.4447899767395
11281418.079823054,1211.8265738498812
11286886.950290836,1213.492992129829
11292355.600274414,1215.0453430549096
11297824.1482443,1216.6680990207444
11303292.590678219,1218.1549038931507
11308760.92689858,1219.2578978822826
11314229.464849647,1220.337672539389
11319698.098498428,1221.7136897079677
11325166.66383504,1223.265870287767
11330635.119418114,1224.678532862204
11336103.410815146,1226.1651007873352
11341571.633795481,1227.475721484286
11347039.765188076,1228.694060558754
11352507.935791904,1229.920733725382
11357976.381026093,1231.2074121050678
11363444.899187062,1232.1276550089833
11368913.303160755,1233.504457140742
11374381.49349348,1235.1109128257683
11379849.49783848,1236.5545497779083
11385317.434527107,1238.0760315807315
11390785.213671627,1239.4429225412332
11396252.965546144,1240.4459844523537
11401720.903492074,1241.4944627993314
11407188.933468893,1242.859103857368
11412656.849506963,1244.3127461678125
11418124.630759438,1245.6885838344926
11423592.28359385,1247.0826441599147
11429059.85623897,1248.3178468926153
11434527.34598936,1249.474784181816
11439994.921003008,1250.713681970392
11445462.778219072,1251.8642928094632
11450930.646124208,1252.8041276760641
11456398.3678381,1254.1500012357187
11461865.858071372,1255.6860277298954
11467333.218213854,1257.071978040723
11472800.486130418,1258.5050607765888
11478267.592789749,1259.712605867358
11483734.765551688,1260.6459817651657
11489202.104802886,1261.7050691649606
11494669.480093524,1263.1000705088081
11500136.764414271,1264.444559005414
11505603.866143895,1265.804735462493
11511070.849994684,1267.1196229621005
11516537.737497695,1268.2721473522824
11522004.548578318,1269.3466393577917
11527471.509550603,1270.5820405024165
11532938.707107013,1271.5240304428523
11538405.891243296,1272.4975875582338
11543872.913018672,1273.811737780898
11549339.690382166,1275.2785687532405
11554806.366840206,1276.597653424573
11560272.928440744,1277.9458837074405
11565739.336304005,1279.0265849691493
11571205.875747403,1279.9246076508944
11576672.544113135,1280.9164852637712
11582139.196378464,1282.3018126146824
11587605.768090468,1283.5447460578616
11593072.15158455,1284.8676412426098
11598538.468395615,1286.0999103879471
11604004.664872527,1287.1481394201592
11609470.813393723,1288.174336691629
11614937.164942905,1289.3731396618412
11620403.713097423,1290.1994699012373
11625870.175027814,1291.2578300615003
11631336.47524944,1292.5574527783454
11636802.546793373,1293.8783677209194
11642268.519442981,1295.193884026588
11647734.383825548,1296.4373067155934
11653200.095589451,1297.409600714413
11658665.992387421,1298.2775597409923
11664131.989664994,1299.2275331483168
11669597.99646745,1300.5438455685223
11675063.862786302,1301.7134448689014
11680529.56114843,1302.941457897371
11685995.196263842,1304.0664704893966
11691460.7220697,1305.0657112281176
11696926.228478653,1306.0356530330423
11702391.965273906,1307.1861214765102
11707857.869841203,1307.9363997988341
11713323.643500118,1309.0014913315579
11718789.239020046,1310.288821361631
11724254.611032285,1311.4985855671011
11729719.897121826,1312.7980441687837
11735185.058016846,1313.9385322432463
11740650.11738755,1314.7984001051534
11746115.38531733,1315.648025894292
11751580.755027758,1316.6390395358412
11757046.048111958,1317.8957063637088
11762511.19970022,1319.0017117825707
11767976.201150345,1320.2060267607528
11773441.111861475,1321.2458135711051
11778905.930311276,1322.201232246357
11784370.773828387,1323.1373120563358
11789835.88477832,1324.159249314297
11795301.077685297,1324.8804981308922
11800766.161757672,1325.9320601352074
11806231.044774309,1327.1857684427623
11811695.72019739,1328.3162465469602
11817160.34499758,1329.51200356817
11822624.810135681,1330.5563344872346
11828089.256627608,1331.3236497519986
11833553.894274455,1332.1528162076788
11839018.594444765,1333.181469452359
11844483.213778652,1334.3964835867503
11849947.650536451,1335.4790743336184
11855411.990399122,1336.6280228420221
11860876.216658778,1337.588224008017
11866340.337618448,1338.4865511406952
11871804.54743735,1339.4301317213365
11877269.013613151,1340.290993592841
11882733.526441656,1341.0483886404677
11888197.904786905,1342.0918756171618
11893662.062274542,1343.3058615379523
11899126.041413516,1344.3722595719605
11904589.952393418,1345.5314975575175
11910053.697652638,1346.4798389002408
11915517.491957186,1347.1865912198823
11920981.46962595,1347.9853061875765
11926445.468846777,1349.0056576892669
11931909.394864807,1350.0629987519624
11937373.12669463,1351.0927467026163
11942836.759784956,1352.15270746247
11948300.314455364,1353.0283139452508
11953763.77512975,1353.8625724535573
11959227.393004654,1354.819752959937
11964691.208145319,1355.5778296425262
11970155.040409602,1356.3794877948947
11975618.70178266,1357.4119324745084
11981082.140151145,1358.5511902771043
11986545.447996734,1359.5845780566733
11992008.673269188,1360.6922810594517
11997471.711682307,1361.5424228320069
12002934.865112307,1362.2105217727124
12008398.19079185,1362.9955202482406
12013861.484273123,1364.014454808212
12019324.70562828,1365.0276810712073
12024787.730429512,1366.0155420963342
12030250.685098518,1367.0365224288357
12035713.548398847,1367.8612911837354
12041176.321249213,1368.647591187917
12046639.310201071,1369.6108037878337
12052102.472027978,1370.2314101654415
12057565.589718053,1371.0545282751953
12063028.548454147,1372.0766591939057
12068491.286049142,1373.1268663490505
12073953.909627158,1374.1386303052057
12079416.44730031,1375.1285779527566
12084878.825202338,1375.880065317882
12090341.379837347,1376.5311009832142
12095804.062840503,1377.3158418809587
12101266.723270094,1378.3381864554394
12106729.25464505,1379.3143173951314
12112191.574781705,1380.2814424915773
12117653.84665744,1381.2249873118524
12123115.999482429,1382.0065909086316
12128578.104239162,1382.7655152459658
12134040.440565512,1383.6642604497406
12139502.925816657,1384.2050367007764
12144965.337836877,1385.046183581181
12150427.570004225,1386.0732695954243
12155889.575679686,1387.0384215459687
12161351.481171437,1388.068161782002
12166813.27648418,1388.9865403085541
12172274.94358263,1389.6611456992869
12177736.812031776,1390.2871370445687
12183198.786897458,1391.0931004257463
12188660.69345292,1392.070983637216
12194122.476519026,1393.0086480708064
12199584.068886658,1393.9412953209094
12205045.600267949,1394.8057708246433
12210507.023046555,1395.5406372554996
12215968.435233582,1396.2632519334215
12221430.110553235,1397.080102969246
12226891.877771268,1397.6306322352862
12232353.55321584,1398.4651912611594
12237815.023320332,1399.4574219949766
12243276.28720215,1400.3623766395176
12248737.487654591,1401.3087428244057
12254198.541559398,1402.167917015127
12259659.53498417,1402.7566326291583
12265120.721671462,1403.3664953379914
12270582.003381418,1404.1502868761231
12276043.190254692,1405.1094488127662
12281504.21797354,1405.974706604144
12286965.111359874,1406.8980294476085
12292425.926989583,1407.6818650690798
12297886.631383695,1408.376264390101
12303347.397648497,1409.1050424949942
12308808.410709891,1409.8067834771389
12314269.48599873,1410.3622511735455
12319730.445116904,1411.1653142492669
12325191.191314049,1412.1311167948147
12330651.74204217,1412.9952603367788
12336112.242206875,1413.900491533363
12341572.581084566,1414.6678689351518
12347032.92878371,1415.2077339945301
12352493.445330808,1415.794337086593
12357954.030986777,1416.5843660937123
12363414.503001017,1417.4953506192126
12368874.811823545,1418.3234870280417
12374335.00053629,1419.1892853731745
12379795.121317834,1419.900383486051
12385255.126442933,1420.5583318391007
12390715.249713136,1421.2912881355621
12396175.574465496,1421.9281292636067
12401635.937513111,1422.5060172417093
12407096.138968678,1423.316542260963
12412556.121810032,1424.2440999601363
12418015.964159101,1425.0519359120938
12423475.537254192,1417.5520287404236
12428940.131293304,1418.0563179770256
12434404.664676957,1418.4351521111892
12439874.315076727,1410.3269861039375
12445343.927282348,1410.9378183448468
12450818.705952045,1403.4599699547796
12456292.957753608,1403.99040633509
12461772.664862033,1396.9741356581633
12467251.649279788,1397.247407824091
12472736.36529687,1390.5454573375878
12478220.325674834,1390.7545487841928
12483710.552334666,1384.555117921544
12489199.514843345,1384.423483713924
12494694.703356816,1379.190138816489
12500188.136454074,1379.0825232324196
12505688.098043617,1374.556216943488
12511186.175141104,1374.0254783047774
12516690.953989968,1369.9827345298295
12522194.726271922,1370.5431643233217
12527698.153190227,1363.4000222249185
12533207.187755998,1364.0574257592482
12538715.98381329,1364.9265327937173
12544224.606062805,1365.7867516204171
12549733.191146675,1366.6250119226709
12555241.698250463,1367.3244512139356
12560750.177017141,1367.9597967339196
12566258.911242312,1368.7709880838308
12571767.81312606,1369.227606889935
12577276.619884808,1369.9778389943303
12582785.283684418,1370.8955724744428
12588293.761596628,1371.7533081969202
12593802.171785118,1372.6728364689118
12599310.489593755,1373.4819856201452
12604818.744843919,1374.0323162050856
12610327.204165068,1374.5530348566417
12615835.788102487,1375.2718830886984
12621344.318533327,1376.1424168331869
12626852.71727258,1376.939285625965
12632361.01861487,1377.7711790930894
12637869.23968974,1378.4798836872465
12643377.396939555,1379.142914071845
12648885.62376672,1379.7920916729709
12654394.100866243,1380.445984655629
12659902.660181383,1380.9502022798126
12665411.131733878,1381.7085997115646
12670919.421781499,1382.6164176229493
12676427.571787983,1383.4182867638337
12681935.664968172,1384.2546260413326
12687443.619726168,1384.9704574225793
12692951.633210933,1385.4523815237508
12698459.841590464,1385.9990846049868
12703968.085822638,1386.741209508956
12709476.292513205,1387.536126381076
12714984.33618795,1388.3062763097307
12720492.30326913,1389.0939926862711
12726000.216773417,1389.7319336405
12731508.057006575,1390.3133827344122
12737016.071907315,1391.018717823692
12742524.289161712,1391.5343838821423
12748032.523752896,1392.067460134962
12753540.624534845,1392.8434598013134
12759048.517045923,1393.7028372955588
12764556.34041707,1394.4695391282503
12770064.102653207,1395.2609746374178
12775571.721081099,1395.8329126317676
12781079.50320682,1396.2763736476484
12786587.429157624,1396.8330457664085
12792095.391223885,1397.6216783420123
12797603.230827324,1398.3735431588943
12803110.915614435,1399.121325230664
12808618.557733893,1399.8208144887988
12814126.127732659,1400.407275791438
12819633.682713093,1400.9549113161079
12825141.455042634,1401.6323474457733
12830649.401170472,1402.0391130375997
12836157.290357685,1402.6775502406447
12841665.030878987,1403.4791482032228
12847172.586301904,1404.2245705928524
12852680.063585961,1405.0035768167363
12858187.45957232,1405.6986574667337
12863694.785181668,1406.172144848001
12869202.315492954,1406.6188012081684
12874709.939389272,1407.1614216391647
12880217.540218616,1407.9502248304987
12885725.005436074,1408.640253331289
12891232.35101682,1409.377701179746
12896739.63305211,1409.9993284385782
12902246.853127409,1410.544189636697
12907754.122188384,1411.079024511058
12913261.655035688,1411.6682315873509
12918769.25687632,1412.067147202827
12924276.766837103,1412.711161060392
12929784.105983917,1413.4891045800302
12935291.292136854,1414.2100020139885
12940798.432838183,1414.9388614414647
12946305.431479592,1415.5537768908596
12951812.473031873,1415.9445729787678
12957319.694037138,1416.3819702951134
12962827.002327334,1417.0217306719896
12968334.21900761,1417.7244369447756
12973841.306960383,1418.4201631718306
12979348.286390686,1419.1081107151117
12984855.200105218,1419.6570533613449
12990362.054332785,1420.1528084331458
12995869.055119835,1420.714386246355
13001376.274812454,1421.1681052038703
13006883.536229303,1421.6225042932078
13012390.653957672,1422.2797634532412
13017897.584141318,1423.0173024724409
13023404.409962045,1423.6752924916725
13028911.167570693,1424.3865317185862
13034417.79343134,1424.8815954570825
13039924.55206332,1425.243269042809
13045431.465753818,1425.6733395977863
13050938.391057502,1426.3946439661763
13056445.224066226,1427.0374338461484
13061951.894686623,1427.7078564483495
13067458.528333444,1428.3446095618747
13072965.063281393,1428.8394144343163
13078471.564071802,1429.2907970700803
13083978.287970288,1429.8747801692816
13089485.185254436,1430.178757817821
13094992.039943999,1430.7031638941635
13100498.7570939,1431.375284321677
13106005.295055985,1432.0318031907605
13111511.770352226,1432.7009392102896
13117018.144522764,1433.3031515894522
13122524.431565354,1433.7122815055304
13128030.91683718,1434.0661643634153
13133537.521138925,1434.5108003275968
13139044.101646502,1435.172327082686
13144550.577708784,1435.8004941972367
13150056.904207531,1436.4181470619742
13155563.170045394,1436.9666326085157
13161069.377966454,1437.441012924535
13166575.596185248,1437.8720311597642
13172082.0745336,1438.396538024388
13177588.637722567,1438.707614700258
13183095.125615733,1439.2382685357065
13188601.452969244,1439.910176301059
13194107.609280564,1440.5051522962076
13199613.728742598,1441.1344860345534
13205119.732085332,1441.658985522739
13210625.733769001,1441.9774106382918
13216131.92133011,1442.2972786222751
13221638.228742177,1442.8313115323479
13227144.453347266,1443.434534590393
13232650.535597647,1444.0280712388976
13238156.550834045,1444.6158112484457
13243662.476279054,1445.0638203330864
13249168.341700256,1445.4796784263958
13254674.339172298,1445.9424500364275
13260180.542283554,1446.3329843125505
13265686.797268977,1446.6809198708831
13271192.933728043,1447.2331217123808
13276698.884679455,1447.8946088671705
13282204.726071667,1448.4496721629257
13287710.491052516,1449.0447335242077
13293216.134656094,1449.474212770881
13298721.887398979,1449.75394320922
13304227.815161346,1450.0892630233038
13309733.739287894,1450.6786788693707
13315239.606131138,1451.2377803164613
13320745.30370642,1451.806699073879
13326250.947194135,1452.3647977408216
13331756.52122207,1452.7759853220828
13337262.034162043,1453.1342202577098
13342767.763491804,1453.626611815651
13348273.68000294,1453.875186126907
13353779.557712274,1454.2972612687358
13359285.307542615,1454.8592460916439
13364790.869294606,1455.4256405179644
13370296.351325214,1456.0045415575153
13375801.748877408,1456.5230305151485
13381307.037089547,1456.8575980569158
13386812.516964488,1457.116193330985
13392318.129864054,1457.5009271036938
13397823.715251887,1458.0636086963666
13403329.196164574,1458.614234776485
13408834.518759767,1459.1579129344134
13414339.778347826,1459.6290194488033
13419844.969744155,1460.0193250873847
13425350.175025785,1460.3580277593596
13430855.619532373,1460.80626452174
13436361.172477053,1461.0306881421027
13441866.66948719,1461.4674955395478
13447372.002814637,1462.039407623904
13452877.164029205,1462.5458142760629
13458382.28126358,1463.0821483801626
13463887.280169168,1463.5481100889813
13469392.253661443,1463.7914022044763
13474897.431375537,1464.0214477168297
13480402.719678165,1464.442889900987
13485907.952998435,1464.9735294813809
13491413.036608128,1465.4711354601181
13496918.049627613,1465.9787751260178
13502422.975043477,1466.3698724674027
13507927.828392671,1466.7189273449035
13513432.784447342,1467.0791836288142
13518937.982173046,1467.3832835322194
13524443.234813195,1467.6209757076467
13529948.389814889,1468.0762343710119
13535453.357350428,1468.640088805344
13540958.218205577,1469.1029675673794
13546463.012900928,1469.6122254296665
13551967.677103912,1469.9713737038635
13557472.426828515,1470.1744199371185
13562977.36585158,1470.4299517036459
13568482.327078426,1470.8837899114624
13573987.234080076,1471.3651616850946
13579491.976579145,1471.8201685964718
13584996.661967963,1472.288060436563
13590501.29083098,1472.62940952355
13596005.85434654,1472.9151323205128
13601510.612099197,1473.330970046008
13607015.542959282,1473.528577429385
13612520.474936849,1473.8141748276373
13618025.280212343,1474.276957357276
13623529.884402553,1474.767622095354
13629034.408600185,1475.240909558702
13634538.866831219,1475.6843997709238
13640043.203603875,1475.9534690962612
13645547.721974004,1476.1392146093328
13651052.379766308,1476.4225647864362
13656557.043414082,1476.8924236012451
13662061.589856023,1477.3579973380129
13667565.98245024,1477.8167834401768
13673070.310294628,1478.2034946742306
13678574.579722634,1478.5113869427273
13684078.848527685,1478.7737623851024
13689583.333021022,1479.1493455446519
13695087.972183418,1479.297519110263
13700592.533886192,1479.6430335010791
13706096.945116274,1480.1317688445938
13711601.17338871,1480.559712462025
13717105.33723746,1481.0163009985165
13722609.402636595,1481.4134472854598
13728113.421465939,1481.5973089516056
13733617.65410474,1481.7643607114076
13739121.99470674,1482.0785175484643
13744626.282366844,1482.5427852709051
13750130.417372636,1482.9439802733277
13755634.465409718,1483.381444675815
13761138.432768598,1483.707056378763
13766642.324254854,1483.9744851240944
13772146.301385406,1484.2518384532857
13777650.515353268,1484.5065341211289
13783154.784070944,1484.6680413685021
13788658.973960664,1485.0287391744766
13794162.98822696,1485.5006162622176
13799666.873289537,1485.902297582537
13805170.693709804,1486.3287297998015
13810674.376836881,1486.6413306184832
13816178.12247797,1486.7765536737693
13821682.066770488,1486.9504923128845
13827186.05832963,1487.2906445239246
13832689.997093882,1487.6826864744878
13838193.78022093,1488.0609873991723
13843697.483781498,1488.455505233047
13849201.132789614,1488.7231113721477
13854704.711923467,1488.9419149862806
13860208.461827226,1489.2586757433478
13865712.401040863,1489.4172884687803
13871216.357417526,1489.5955611341121
13876720.188305207,1489.9682507458576
13882223.817834692,1490.4031531379444
13887727.380516538,1490.7724417099591
13893230.884787241,1491.1562102046025
13898734.24736814,1491.3720841138952
13904237.769842206,1491.4749327886868
13909741.450522117,1491.6666323123532
13915245.156789167,1492.0502457582807
13920748.739553008,1492.4224205785274
13926252.16772615,1492.7916627921522
13931755.54940913,1493.112818703305
13937258.862456996,1493.3445927449238
13942762.15902418,1493.5326327970588
13948265.671191765,1493.8352316495543
13953769.340524707,1493.9179875026687
13959272.954995764,1494.1842210202008
13964776.428035753,1494.5798334003243
13970279.711536584,1494.9341928017877
13975782.919821177,1495.3291327788154
13981286.048206754,1495.6457055218025
13986789.100328289,1495.7786120347137
13992292.355764212,1495.8712285957122
13997795.699340314,1496.0770581455438
14003299.046587732,1496.4652327715298
14008802.251100406,1496.7895831603466
14014305.34711562,1497.160222538434
14019808.364428943,1497.4264385125207
14025311.31790603,1497.6245492358792
14030814.318871038,1497.8043199865865
14036317.56435004,1498.026564520492
14041820.889071165,1498.097945829914
14047324.140396323,1498.3748508539034
14052827.222619466,1498.7642964118486
14058330.160282437,1499.0927201842487
14063833.037744362,1499.4455689346887
14069335.785308957,1499.7164166706366
14074838.562042909,1499.785358275694
14080341.542174477,1499.8754751080928
14085844.585351875,1500.1377965154188
14091347.56421382,1500.5123994136845
14096850.382367996,1500.82038537735
14102353.114870233,1501.1464989586016
14107855.7956879,1501.3630146571043
14113358.396654366,1501.5243029799947
14118861.13270848,1501.7418926702478
14124364.06561271,1501.8635706274777
14129867.04517739,1501.9595846741586
14135369.911713533,1502.243582257405
14140872.585276878,1502.6089874171182
14146375.172429923,1502.8999876882167
14151877.70042136,1503.220407832151
14157380.085739674,1503.3884839484774
14162882.595184388,1503.4277374851365
14168385.286280105,1503.5348645306594
14173887.989516852,1503.8140883683802
14179390.615821986,1504.1210863865508
14184893.10770138,1504.4065019756017
14190395.521317773,1504.6740286006939
14195897.872548169,1504.8492101522002
14201400.18932826,1504.9714070951952
14206902.702955067,1505.1986170755526
14212405.381554607,1505.2221937355325
14217908.0209004,1505.3982255727742
14223410.5352832,1505.7056282977114
14228912.864505008,1506.0001584259278
14234415.111117762,1506.3112360442378
14239917.281648405,1506.5710324403663
14245419.348096952,1506.653880484673
14250921.611856973,1506.6797035388017
14256423.983644404,1506.818621717577
14261926.372046266,1507.1197319712749
14267428.623672385,1507.4075468762508
14272930.747112747,1507.7021596543302
14278432.805622878,1507.9046073715144
14283934.796456555,1508.0451837773
14289436.812356457,1508.1594492771872
14294939.051845359,1508.3322662915616
14300441.39818134,1508.3280960987938
14305943.689498814,1508.5245083214795
14311445.822579699,1508.8331101859046
14316947.79224903,1509.0915272135999
14322449.711904744,1509.3720803273764
14327951.50576663,1509.588127733492
14333453.28688052,1509.6044059920737
14338955.277308607,1509.6081171982096
14344457.354513451,1509.7794823424138
14349959.392279336,1510.0698125563902
14355461.26694064,1510.3193252280062
14360963.068639617,1510.5870674951545
14366464.78864892,1510.7424595261552
14371966.434150478,1510.8432304923203
14377468.18941148,1510.9729032434734
14382970.178361978,1511.037965758194
14388472.206054173,1511.04240067879
14393974.140548794,1511.246221415848
14399475.891621131,1511.543246924186
14404977.545594709,1511.7604131240378
14410479.133779172,1512.0227495021295
14415980.587702464,1512.1441729520232
14421482.129096624,1512.1234764074375
14426983.859300869,1512.1487109777675
14432485.619931445,1512.3492352354328
14437987.323719533,1512.5863108669726
14443488.86546766,1512.797262758642
14448990.3487964,1513.0195063717183
14454491.777825229,1513.1296745211837
14459993.146268003,1513.1869826647774
14465494.707049869,1513.3610293108732
14470996.42969441,1513.3260347454116
14476498.153464435,1513.3800604007058
14481999.755246934,1513.595339660027
14487501.161290629,1513.8367347392268
14493002.490226593,1514.0669668619087
14498503.752446223,1514.2686355671956
14504004.891877797,1514.3120806206082
14509506.213413782,1514.2758756622488
14515007.680861598,1514.3250418038488
14520509.158370558,1514.5535389662411
14526010.515193038,1514.7767121945933
14531511.716820383,1514.9939218180652
14537012.855362672,1515.1526412484725
14542513.937348617,1515.236284304778
14548015.014819298,1515.2655643267917
14553516.311789718,1515.4056019188306
14559017.754015297,1515.3277718583658
14564519.120190172,1515.433065837712
14570020.345519587,1515.6686728894588
14575521.39102153,1515.851923814011
14581022.370634409,1516.0806231994115
14586523.254979286,1516.2429179742333
14592024.08680531,1516.2112293596101
14597525.126706105,1516.1430536945322
14603026.288941097,1516.227426353776
14608527.40673389,1516.440754680345
14614028.374670792,1516.606950429605
14619529.254394857,1516.7997967146962
14625030.050752059,1516.8938907198058
14630530.788924176,1516.948425550109
14636031.600455483,1516.9883085231809
14641532.633560797,1517.0268441296223
14647033.741889164,1516.9582767278202
14652534.77470037,1517.0775546028415
14658035.63981935,1517.306647130413
14663536.366679,1517.4553493739093
14669037.04465763,1517.6448349810044
14674537.59745412,1517.7422139954544
14680038.19489733,1517.6641588003745
14685538.99174925,1517.6182780014253
14691039.838393297,1517.7379539093447
14696540.640017282,1517.9002037629525
14702041.273876894,1518.0528059068815
14707541.83843865,1518.2164016433553
14713042.345273616,1518.25391324415
14718542.790778186,1518.257772151998
14724043.401818076,1518.3355808845208
14729544.178861015,1518.2668888715198
14735044.983585507,1518.241562399341
14740545.686394533,1518.369156299274
14746046.198517142,1518.5835992140587
14751546.629905066,1518.7212661286603
14757046.977444787,1518.8796631476018
14762547.209332054,1518.885042901754
14768047.582163267,1518.7822366001228
14773548.127396604,1518.7276557371165
14779048.669985646,1518.8750449761462
14784549.13759819,1519.0256552473982
14790049.432586519,1519.1639604508885
14795549.678050764,1519.2846580364994
14801049.852610635,1519.2965634294073
14806550.00234694,1519.2588423210523
14812050.375538472,1519.328411969162
14817550.895107495,1519.1729048076998
14823051.368844,1519.1949654620068
14828551.71471891,1519.3406144814883
14834051.887595743,1519.4714194931732
14839552.000312718,1519.64193321568
14845052.009879827,1519.7394569470123
14850551.929706097,1519.6769192275133
14856052.049163302,1519.5577067475751
14861552.305135092,1519.5448884282416
14867052.526599094,1519.690924539901
14872552.633834805,1519.8263991887943
14878052.602578055,1519.94499646994
14883552.504524784,1519.9933491077554
14889052.354540037,1519.9924694441213
14894552.22511202,1519.9491357897707
14900052.332415745,1519.970589914284
14905552.509388233,1519.818147989773
14911052.623115698,1519.8529540928337
14916552.586412024,1520.0074160669635
14922052.38613564,1520.1018020793845
14927552.1508952,1520.22981723545
14933051.79203673,1520.2659269748362
14938551.43776501,1520.1349137294017
14944051.273914346,1519.9911335077218
14949551.233973645,1520.0337153737441
14955051.107337004,1520.1407091999924
14960550.84964286,1520.2454332281527
14966050.512627272,1520.3352750705888
14971550.097132191,1520.3218389882672
14977049.629871657,1520.283529809777
14982549.277185649,1520.2582969985842
14988049.127459912,1520.164636206341
14993549.03013731,1520.0567101769766
14999048.820300175,1520.1082227673448
15004548.43648015,1520.2549546737046
15010047.94564839,1520.3246169703352
15015547.377218252,1520.439947060889
15021046.678726545,1520.4024973025735
15026546.087828763,1520.231640038321
15032045.660707153,1520.0971990396358
15037545.291565932,1520.1963920078824
15043044.823561955,1520.2716652827785
15048544.209944574,1520.3685156742101
15054043.523633542,1520.4415254761498
15059542.75027788,1520.3876524317373
15065041.942329766,1520.3065023763907
15070541.34616837,1520.3007431957292
15076040.889461467,1520.0998245248488
15081540.422355741,1520.034960720306
15087039.8383834,1520.100565423892
15092539.082696447,1520.1828505949275
15098038.249892667,1520.262403608422
15103537.337201122,1520.3083415161987
15109036.3112858,1520.2034658764683
15114535.464728665,1520.0203451710538
15120034.746962182,1519.8885288728216
15125534.06205569,1519.9769201731053
15131033.247295924,1520.011125351893
15136532.30283539,1520.0778770268569
15142031.31974069,1520.0791000790368
15147530.254047345,1520.0033760602182
15153029.193896618,1519.9094674175724
15158528.369343076,1519.8669536876191
15164027.645543287,1519.608779214411
15169526.874613078,1519.5756188115545
15175025.955235211,1519.658648124785
15180524.875088066,1519.7029197632698
15186023.749455519,1519.7679911550078
15191522.497115446,1519.7634467276712
15197021.218951736,1519.5793254558203
15202520.153387846,1519.3908748783897
15208019.1930105,1519.3412727601753
15213518.177070374,1519.416693961116
15219017.015031103,1519.4385718557453
15224515.754593529,1519.4979538891528
15230014.428240156,1519.4496625659713
15235513.031589063,1519.3333135931023
15241011.721276274,1519.2401536740495
15246510.64916182,1519.121727076316
15252009.599455055,1518.9041995317764
15257508.464043371,1518.879226497049
15263007.16183757,1518.9530042835863
15268505.730086429,1518.980175460774
15274004.245729813,1519.0298830109218
15279502.616735764,1518.9563073569764
15285001.056564104,1518.7256146619545
15290499.69103407,1518.5324934623304
15295998.394162225,1518.5011341379982
15301497.03230738,1518.5113524965695
15306995.514283678,1518.5163095638043
15312493.91080431,1518.5240506074822
15317992.251387797,1518.4221806502223
15323490.52781578,1518.2722743106326
15328988.979468461,1518.2101191810723
15334487.60525838,1517.9782796280688
15339986.246929156,1517.7847868339281
15345484.770774286,1517.7690846439355
15350983.098041633,1517.80839317731
15356481.36588957,1517.8042363655177
15361979.570522154,1517.8063116030783
15367477.637060823,1517.656681332306
15372975.862076696,1517.3949924458002
15378474.255346246,1517.215639660795
15383972.672138818,1517.2313834453469
15389470.965607312,1517.226706718836
15394969.105104292,1517.2130716706663
15400467.19073273,1517.1595245328174
15405965.216040272,1517.0208509917636
15411463.228326425,1516.8417313931277
15416961.463748986,1516.758663316696
15422459.829052616,1516.4614242651974
15427958.144600965,1516.3359572503293
15433456.329403229,1516.3392640678214
15438954.327605827,1516.3188843227022
15444452.257155428,1516.3456644320902
15449950.102183057,1516.2915147328838
15455447.855654463,1516.0716530743964
15460945.812444057,1515.796011525537
15466443.882546494,1515.6709292969763
15471941.946436143,1515.663031496124
15477439.86578132,1515.644332750895
15482937.681412745,1515.629799738375
15488435.411064833,1515.523049737172
15493933.081889963,1515.3686880062949
15499430.797715448,1515.1789972181718
15504928.74299014,1515.025757934843
15510426.761996359,1514.7137911473035
15515924.72230888,1514.6011893129635
15521422.529720198,1514.611054468312
15526920.177247666,1514.548206867253
15532417.790294513,1514.528274658008
15537915.278478377,1514.4263845246053
15543412.768416252,1514.14498617785
15548910.455232194,1513.8349264584435
15554408.24537026,1513.7453306949417
15559905.971313037,1513.692507778088
15565403.550675262,1513.646208473552
15570901.067652356,1513.5963778982727
15576398.493007218,1513.4239955020105
15581895.864016855,1513.2315147165789
15587393.370796768,1513.0675464858336
15592891.061254073,1512.804716350071
15598388.792860692,1512.539679423602
15603886.425637335,1512.4398769063764
15609383.882847786,1512.4431476473887
15614881.237838808,1512.3718024808484
15620378.511458611,1512.3355183937686
15625875.65794127,1512.1500225900324
15631372.914017215,1511.8304469873676
15636870.329388503,1511.546871967352
15642367.79514193,1511.502975622788
15647865.173949078,1511.4264646613583
15653362.39467911,1511.3763966557683
15658859.55244195,1511.3013740199563
15664356.623339863,1511.0938315468127
15669853.66028154,1510.8623658292595
15675350.91614578,1510.7129582228613
15680848.299256463,1510.3437818511468
15686345.673905412,1510.1203736905143
15691842.935336063,1510.035685786607
15697340.026952172,1509.9734159454622
15702837.04330531,1509.9105984886546
15708333.977686355,1509.8115641266686
15713830.79416815,1509.5575237673997
15719327.791851679,1509.2232219698833
15724824.919231798,1508.9404376767452
15730322.080704536,1508.885664797068
15735819.109772544,1508.7677881125612
15741316.010454437,1508.6840517290866
15746812.872785674,1508.5355347462878
15752309.651244756,1508.3081688993789
15757806.437456604,1508.0655790454286
15763303.464311328,1507.8655032454537
15768800.58388786,1507.4458738905785
15774297.65950647,1507.2579932469862
15779794.586210294,1507.1947052311116
15785291.35371229,1507.0915589395706
15790788.077572659,1507.015622230004
15796284.669556694,1506.8644956705302
15801781.234519463,1506.5289615126399
15807278.014937205,1506.1876520526869
15812774.893186705,1505.9977470249655
15818271.721961364,1505.9250149704994
15823768.40589975,1505.7907835762794
15829264.992658887,1505.703772858909
15834761.506445112,1505.5007347686287
15840257.945397248,1505.2330088467631
15845754.483529085,1504.9903588610507
15851251.250879407,1504.7017496045871
15856748.042659242,1504.3185558187608
15862244.759703053,1504.1393858029069
15867741.310925229,1504.067701156904
15873237.737355808,1503.9444351861528
15878734.107743394,1503.8399993778837
15884230.327416271,1503.6250969394487
15889726.61646226,1503.239937701315
15895223.096900763,1502.8946058655233
15900719.64431138,1502.704754307303
15906216.14630045,1502.5676738460854
15911712.48394201,1502.417367315159
15917208.742442429,1502.270338738598
15922704.943688547,1502.0114307526637
15928201.080040947,1501.7083964847545
15933697.398806892,1501.4948684230658
15939193.874729024,1501.0869583817653
15944690.368304042,1500.7317449895854
15950186.765861232,1500.5562405981138
15955682.965185018,1500.4602625889395
15961179.10599688,1500.3072872994114
15966675.166325442,1500.1594500606645
15972171.098177958,1499.8615681860367
15977667.179821296,1499.4459177979138
15983163.434182718,1499.099884180799
15988659.696261663,1498.939815240962
15994155.872336315,1498.786768421078
15999651.883296216,1498.614878870883
16005147.83567629,1498.4241420776837
16010643.725855634,1498.1263422573352
16016139.597633466,1497.7853132764462
16021635.702639693,1497.5387987023357
16027131.936909335,1497.05532462567
16032628.125409922,1496.7571255533292
16038124.189531181,1496.600361058249
16043620.083110014,1496.4341074493032
16049115.915591253,1496.3131309331854
16054611.64482723,1496.1119777638266
16060107.276351005,1495.7427694500866
16065603.110222569,1495.3114200472326
16071099.087689301,1494.9924655108762
16076595.02884659,1494.8443093768367
16082090.855155108,1494.6683573348184
16087586.538027769,1494.4836345636634
16093082.156396562,1494.233449764552
16098577.72211586,1493.9221093909946
16104073.315513039,1493.5710044716013
16109569.148960218,1493.2777236426123
16115065.03419325,1492.7771743428143
16120560.86345062,1492.4965391190517
16126056.54931795,1492.355266588544
16131552.068118371,1492.153387473515
16137047.556984056,1491.9914363759117
16142542.902423298,1491.72503341585
16148038.261655936,1491.279941480674
16153533.819327025,1490.8413551839526
16159029.481725043,1490.58076788283
16164525.05597516,1490.3946693958897
16170020.506886913,1490.181533014294
16175515.85906472,1489.9772621377524
16181011.146565534,1489.6677630720874
16186506.380707769,1489.313721112234
16192001.72883243,1488.9874297657293
16197497.284992706,1488.5752631874102
16202992.885091016,1488.1209616005067
16208488.373317068,1487.8541488780506
16213983.684940763,1487.6854431074646
16219478.899420718,1487.4648785573977
16224974.041766498,1487.2853351483277
16230469.040478036,1486.9466503716071
16235964.137674756,1486.4544336464958
16241459.412173657,1486.0255293502373
16246954.73884441,1485.7708445752783
16252449.990684945,1485.541258893757
16257945.097998766,1485.301967709584
16263440.12361262,1485.0536836594333
16268935.0818432,1484.7007094327178
16274429.999778517,1484.2978467176424
16279925.116376592,1483.9927997739926
16285420.390186809,1483.4461488972272
16290915.677572576,1483.0268540426543
16296410.834752062,1482.780326256518
16301905.800760748,1482.5591231714213
16307400.690152299,1482.3342608184485
16312895.515628953,1482.0864020101658
16318390.206204003,1481.6617619375713
16323885.081975657,1481.1533081500818
16329380.09828486,1480.737031487087
16334875.138630249,1480.5343035140909
16340370.04673651,1480.286672143207
16345864.811085546,1480.0327859492472
16351359.508040946,1479.7272572985132
16356854.146990245,1479.3405058943508
16362348.786040017,1478.9021936459783
16367843.66323325,1478.5582652308703
16373338.661181558,1477.9757961755124
16378833.59062232,1477.5930342964753
16384328.382385053,1477.3636851051801
16389822.99823246,1477.095008580591
16395317.549456272,1476.8867044173205
16400811.997361263,1476.584489835163
16406306.382018827,1476.080956426812
16411800.974650122,1475.5266062239118
16417295.693447102,1475.170497849258
16422790.378808793,1474.906030867484
16428284.93518388,1474.5964939061776
16433779.38890355,1474.3170067758651
16439273.760799885,1473.9313045789602
16444768.077992873,1473.5141976158948
16450262.464456312,1473.0743915547694
16455757.090535883,1472.643646571668
16461251.764861716,1472.0559424372414
16466746.362167418,1471.6824267027519
16472240.801629627,1471.451076532978
16477735.081857814,1471.1484929037508
16483229.340777375,1470.8873776393693
16488723.453645216,1470.5068142506964
16494217.610135166,1469.943875334967
16499711.951789353,1469.378013232757
16505206.40057357,1469.0568189636324
16510700.763670942,1468.7436463362205
16516194.98015511,1468.45159242715
16521689.106241535,1468.1329969566023
16527183.154614022,1467.69287177487
16532677.161328103,1467.2157977036163
16538171.332296573,1466.8011542516283
16543665.684598979,1466.2029990140989
16549160.076071823,1465.669354715954
16554654.35021237,1465.3144660852192
16560148.437036121,1465.0383592140943
16565642.442741835,1464.7247430992006
16571136.373873668,1464.4498923452547
16576630.155296389,1463.9853080640032
16582124.073435523,1463.381267045127
16587618.13403625,1462.8556837209385
16593112.261694983,1462.539884768918
16598606.277129643,1462.199846302908
16604100.160395404,1461.880529172666
16609593.960531788,1461.5058298992617
16615087.683509406,1461.03818463043
16620581.38895223,1460.5325763812057
16626075.315483483,1460.1072368917285
16631569.36556498,1459.4298111670994
16637063.391227152,1458.9301063948565
16642557.301383626,1458.609466949941
16648051.02775647,1458.2952501257573
16653544.673789086,1457.9873524992113
16659038.24393476,1457.6295293263054
16664531.694380198,1457.0740188629784
16670025.34752529,1456.444917604013
16675519.127363551,1455.952535566143
16681012.907174487,1455.6424278862717
16686506.540887197,1455.2933473452497
16692000.058017138,1454.9480122035402
16697493.495741159,1454.5120726369455
16702986.873009456,1454.0183383846675
16708480.283188548,1453.4867965738215
16713973.931772614,1453.0076282203872
16719467.66187687,1452.3104270283525
16724961.337880732,1451.8361303109787
16730454.864070648,1451.5257881846437
16735948.218542391,1451.1471822898427
16741441.537622632,1450.8308412135798
16746934.718143018,1450.420819053521
16752427.871057095,1449.7905977669275
16757921.225357259,1449.1296196222365
16763414.687477294,1448.6987647246633
16768908.089383714,1448.3224639304826
16774401.367919166,1447.925437042006
16779894.55430926,1447.529226627684
16785387.658975374,1447.0210819065637
16790880.711938467,1446.497429933341
16796373.875057716,1445.963934856532
16801867.253309306,1445.3822635998765
16807360.68449463,1444.685793187516
16812854.021649618,1444.2203067954888
16818347.188457947,1443.8905931369163
16823840.218732405,1443.4799044085325
16829333.199982196,1443.1297710040212
16834826.03982798,1442.6285340601148
16840318.9536499,1441.9432631435366
16845812.04156355,1441.3127449813742
16851305.208440576,1440.919148192914
16856798.29222768,1440.516246378461
16862291.209044732,1440.1195275128375
16867784.042298917,1439.6840470038467
16873276.799558546,1439.1394138954563
16878769.512573536,1438.550250221392
16884262.408465806,1438.0425012202188
16889755.48442822,1437.2912860299803
16895248.58875694,1436.6577348188016
16900741.559775595,1436.2116077728801
16906234.336208716,1435.8223343882605
16911727.039874803,1435.4227451657223
16917219.67151886,1435.027307338484
16922712.1526752,1434.4271169836045
16928204.808280807,1433.6984877153682
16933697.606092177,1433.0680312917789
16939190.439980406,1432.7016214089135
16944683.14565499,1432.241750228892
16950175.72289889,1431.7829669538476
16955668.237342533,1431.2790416886592
16961160.683934823,1430.679485653535
16966653.12097063,1430.0545440542073
16972145.806886762,1429.509509626544
16977638.604788963,1428.6906859195171
16983131.360202767,1428.087707206152
16988623.984112356,1427.6673130054917
16994116.414981365,1427.2297391643754
16999608.772283215,1426.844066490995
17005101.043938003,1426.3668092434739
17010593.209927455,1425.6757032255284
17016085.58644973,1424.9218926433848
17021578.09091593,1424.3504166845441
17027070.573204044,1423.9259843760492
17032562.909302127,1423.471667666196
17038055.13690041,1423.0016170802278
17043547.278261684,1422.4319371988165
17049039.36169194,1421.8206259157128
17054531.498313766,1421.1720609381425
17060023.87689837,1420.541430464771
17065516.32315258,1419.6697014265346
17071008.71535447,1419.0845037170632
17076500.95331376,1418.6784867000981
17081993.020798985,1418.1876574174573
17087485.061366167,1417.7628463251754
17092976.953078583,1417.2013496225063
17098468.854704544,1416.431228429886
17103960.954735115,1415.652254972445
17109453.163162645,1415.1231637721726
17114945.288308915,1414.6255447864005
17120437.293709252,1414.1112355024454
17125929.205348525,1413.6047387300666
17131421.044437744,1412.9738507518011
17136912.82803159,1412.3101030452112
17142404.742023896,1411.6799044975774
17147896.863630027,1410.9141781907667
17153389.03542432,1410.1134683415255
17158881.095566846,1409.539367235157
17164372.974209994,1409.0937161591962
17169864.744143553,1408.6043630943882
17175356.44467639,1408.1453587242613
17180847.990097273,1407.5056504279928
17186339.63668092,1406.6743357341932
17191831.45206547,1405.9236421030066
17197323.32087269,1405.3791886707083
17202815.11595499,1404.8516755463081
17208306.76134164,1404.3034993393105
17213798.330295686,1403.7395834413953
17219289.82627432,1403.0677086134147
17224781.28161636,1402.3367217145328
17230272.948429894,1401.7301378748439
17235764.78036274,1400.7846126642926
17241256.618136086,1400.0129915802072
17246748.33567457,1399.460123649213
17252239.84825117,1398.9450033672485
17257731.29072179,1398.441254588542
17263222.662112355,1397.913398904147
17268713.88349745,1397.1596096022981
17274205.296669457,1396.3006226210907
17279696.854600053,1395.572365022566
17285188.413951263,1395.0990970570322
17290679.848689754,1394.539083027133
17296171.143876724,1393.954655165361
17301662.374320008,1393.3416092438226
17307153.532136615,1392.6179632015621
17312644.67704408,1391.8443892348855
17318136.105823543,1391.1697626833682
17323627.640335374,1390.1656531183128
17329119.105791856,1389.4335511307422
17334610.434316143,1388.8964372665214
17340101.581245534,1388.3382254534574
17345592.681092586,1387.8359095800204
17351083.655637242,1387.2221490624474
17356574.555098366,1386.373375122045
17362065.67136028,1385.489116138318
17367556.915003967,1384.8017489119602
17373048.10076195,1384.2325494034687
17378539.179637935,1383.6062688504837
17384030.131018415,1382.9920093656021
17389521.02245376,1382.262028840662
17395011.848600276,1381.4949958662926
17400502.754650656,1380.7231163092265
17405993.909299113,1379.9264681763202
17411485.109370958,1378.89942196808
17416976.232571486,1378.1911920179423
17422467.19215689,1377.6558457220817
17427957.993558932,1377.065594190988
17433448.76024977,1376.5199813940144
17438939.35146497,1375.818259451041
17444429.992675,1374.88117881691
17449920.841622435,1373.9899622103387
17455411.747158,1373.3362941969583
17460902.579995923,1372.7511455231254
17466393.26773656,1372.082347854881
17471883.864456594,1371.4546455493853
17477374.39932363,1370.6824015962175
17482864.860839676,1369.8504589153663
17488355.490634456,1369.1088445472847
17493846.32115077,1368.0944040516913
17499337.180185366,1367.12372174805
17504827.942738328,1366.4219476899407
17510318.504025817,1365.8549665363757
17515808.972974237,1365.245238380249
17521299.36930379,1364.6183382342947
17526789.615657452,1363.8149650820003
17532279.991489097,1362.8267512301875
17537770.533991635,1361.9209817200654
17543261.092949186,1361.2520390324446
17548751.594755724,1360.5770222927192
17554241.9166547,1359.894582638203
17559732.19942376,1359.1933553525657
17565222.403034955,1358.3409045290339
17570712.56235881,1357.4535734138303
17576202.969117165,1356.7110364229409
17581693.507173445,1355.5532889306696
17587184.02944868,1354.6425256013033
17592674.443623688,1353.9563644219822
17598164.661555436,1353.3339022629882
17603654.811680254,1352.7133243742867
17609144.86329373,1352.046060224983
17614634.77586294,1351.1313017547689
17620124.88514113,1350.1041364165906
17625615.11657064,1349.1703898667952
17631105.36278016,1348.5572389673216
17636595.48049871,1347.792253826186
17642085.479150068,1347.0741120797218
17647575.432191297,1346.2856416607858
17653065.29219021,1345.3894088017107
17658555.16219678,1344.4944937042765
17664045.317156643,1343.612044082571
17669535.543576095,1342.4008743278305
17675025.744467158,1341.5272390824452
17680515.784427393,1340.8784248312525
17686005.649359785,1340.180376093494
17691495.464895904,1339.5067572111564
17696985.140444394,1338.7417128962231
17702474.773060516,1337.7092575416584
17707964.63450316,1336.6636981817173
17713454.55284864,1335.8493015372455
17718944.44794718,1335.1695883081559
17724434.200131584,1334.3974988487898
17729923.844037622,1333.6776500326446
17735413.397896986,1332.769230068607
17740902.87223863,1331.8354718985865
17746392.468329836,1330.9211544825446
17751882.291592784,1329.878157883017
17757372.180682126,1328.6667525675557
17762862.000803575,1327.8121173908798
17768351.643845197,1327.1538756799378
17773841.14241662,1326.3779890204632
17779330.58575434,1325.6910081338374
17784819.871064372,1324.8330857202004
17790309.204466227,1323.7104085248925
17795798.753923785,1322.5879799386357
17801288.35457996,1321.81473615685
17806777.900067143,1321.022390291297
17812267.260224804,1320.218127565904
17817756.57225589,1319.3966234685035
17823245.78524272,1318.4086984344106
17828734.94780592,1317.3997035583818
17834224.307090644,1316.4951763029026
17839713.86207509,1315.2461273033307
17845203.435662672,1314.1377744096367
17850692.890732396,1313.2839496728823
17856182.149806634,1312.5498616545656
17861671.303415716,1311.7887931888704
17867160.372522056,1311.0485678542334
17872649.28575745,1310.0552205322995
17878138.349407047,1308.8691186162962
17883627.53879719,1307.776111288997
17889116.807275258,1307.0125556169462
17894605.9433155,1306.15617649029
17900094.940149594,1305.3389943641396
17905583.86028432,1304.4233935674247
17911072.6862707,1303.3954906382544
17916561.497749474,1302.3391080007311
17922050.568743497,1301.3878610984311
17927539.75888047,1300.0207680690432
17933028.94177558,1298.9197371601135
17938517.997156326,1298.104922537371
17944006.836926807,1297.3200068585343
17949495.605598938,1296.5355082811227
17954984.28214622,1295.7029282157334
17960472.823555224,1294.566344947889
17965961.580971926,1293.3219978140567
17971450.470360667,1292.290616719535
17976939.32382776,1291.4998878007304
17982428.044341866,1290.6211888345772
17987916.65021714,1289.7359437072007
17993405.162075467,1288.744015934937
17998893.60920867,1287.6716688746185
18004382.08465355,1286.5567291572327
18009870.85275744,1285.4883973109131
18015359.70182579,1284.0803176825614
18020848.48280542,1282.9993079226801
18026337.118254457,1282.1846957731163
18031825.556219198,1281.2888444534392
18037313.951239903,1280.5049616358137
18042802.207757954,1279.5529758698121
18048290.420689568,1278.301902582173
18053778.841745347,1277.028408476749
18059267.345920786,1276.0312496374765
18064755.81034581,1275.144627588436
18070244.151531074,1274.1962521901044
18075732.375089277,1273.2737915653574
18081220.53265148,1272.1781367189938
18086708.622327656,1271.028374722057
18092196.824613743,1269.928146308463
18097685.283017885,1268.6990278113985
18103173.774784066,1267.258321776185
18108662.165010273,1266.21179623159
18114150.369678494,1265.3831904784004
18119638.43064961,1264.4735961636954
18125126.43900168,1263.6194354491067
18130614.261220153,1262.533771152676
18136102.164216176,1261.175220275867
18141590.259206936,1259.9115845640272
18147078.409755178,1258.9056861946997
18152566.481426507,1257.9651665622894
18158054.39372176,1256.9438636746015
18163542.249557257,1255.9288313617851
18169030.007532563,1254.7462955682827
18174517.69637524,1253.5244108987226
18180005.607762113,1252.4512568843743
18185493.70103713,1250.9201481614364
18190981.796957705,1249.5631203696912
18196469.799580406,1248.519799374259
18201957.58333396,1247.6331939146755
18207445.274402443,1246.7018810019074
18212932.878404792,1245.7248888656181
18218420.32806736,1244.507974738188
18223907.942405906,1243.0905943813204
18229395.700491767,1241.7537754709804
18234883.47921238,1240.8039583335662
18240371.15939729,1239.7387710127714
18245858.664407443,1238.701839866999
18251346.145121146,1237.6193278852397
18256833.517580573,1236.3486407464052
18262320.854483884,1235.0571396855228
18267808.487953015,1233.8971873753767
18273296.2387425,1232.203430520253
18278783.98437891,1230.8755927730108
18284271.5851387,1229.8624961667974
18289758.969711963,1228.8711774766612
18295246.295054875,1227.8791412707658
18300733.51299013,1226.8390913585833
18306220.61266372,1225.446411505384
18311707.938748933,1223.9652662372087
18317195.356162164,1222.6228896887071
18322682.785476193,1221.6313393573369
18328170.0654095,1220.4696739875494
18333657.25511331,1219.3745076878354
18339144.36525002,1218.1197118939106
18344631.39218541,1216.796365457912
18350118.466600806,1215.4791872569067
18355605.82400791,1214.143683079507
18361093.244969435,1212.4364645553242
18366580.640961654,1211.146784891907
18372067.85650262,1210.1557990266183
18377554.8885261,1209.0527432213155
18383041.855429724,1208.0676416869806
18388528.67857137,1206.9067712457309
18394015.46306364,1205.3790384992446
18399502.4670693,1203.8071829394585
18404989.556237303,1202.5643389327151
18410476.58812321,1201.42183219321
18415963.491391413,1200.2498711683488
18421450.30347703,1199.0510128548374
18426937.02398297,1197.6784143650873
18432423.677310634,1196.3002384565752
18437910.45992468,1194.9526890155414
18443397.479143377,1193.413148723284
18448884.577357095,1191.6821657037794
18454371.56046871,1190.381954658847
18459858.347879067,1189.3354368632813
18465344.98204486,1188.1644210764416
18470831.569593288,1187.1084892256904
18476317.979598016,1185.7567540208854
18481804.46828818,1184.1002325541135
18487291.142518684,1182.482517859777
18492777.903135132,1181.2864171278618
18498264.53603382,1180.0928244312934
18503751.025614414,1178.8477840777828
18509237.447442356,1177.5892013830971
18514723.76143691,1176.1391831267276
18520210.00519355,1174.6344474314328
18525696.484932512,1173.3157202061388
18531183.161125652,1171.454462859071
18536669.83370999,1169.755511733401
18542156.39844399,1168.471091888225
18547642.73147922,1167.3132736071343
18553128.979627527,1166.143986914122
18558615.156998165,1164.9202413183025
18564101.149665885,1163.414739638588
18569587.322402295,1161.6711919817305
18575073.65459621,1160.0324777619849
18580559.99645303,1158.7632201853976
18586046.234126884,1157.4461645384686
18591532.30055044,1156.0944872439986
18597018.323382765,1154.7309277403474
18602504.25500398,1153.1827760992262
18607990.145701457,1151.577465607033
18613476.348340597,1150.1508499373701
18618962.6746942,1148.0694853676366
18624448.986653253,1146.4429028635443
18629935.144942667,1145.165970829227
18635421.08134941,1143.904178201282
18640906.963256095,1142.66029614678
18646392.71756909,1141.3480797959094
18651878.358415656,1139.6391832672555
18657364.231827796,1137.824402986
18662850.21300923,1136.1442885868478
18668336.17886374,1134.8719932541096
18673822.007358152,1133.3845351475536
18679307.7343443,1132.010714102691
18684793.38959896,1130.43875219053
18690278.945731547,1128.7865523126793
18695764.557888135,1127.1638160017412
18701250.46494137,1125.4876368589444
18706736.43436823,1123.3367545372962
18712222.382444937,1121.7350058412817
18717708.142668396,1120.4702592763176
18723193.717732996,1119.0902906485271
18728679.218045004,1117.8232040035946
18734164.568535518,1116.3653855408033
18739649.88325345,1114.462950170086
18745135.43098191,1112.51600983355
18750621.07128993,1110.9247928318036
18756106.64719777,1109.4623851332296
18761592.078252316,1107.9810456061016
18767077.43961302,1106.4748992681982
18772562.693070088,1104.7522567925455
18778047.8690626,1103.023673660709
18783533.188063662,1101.3543407903653
18789018.743016727,1099.3920102747204
18794504.384578,1097.2680236005533
18799989.91193188,1095.6291272101344
18805475.233702358,1094.2894048526227
18810960.401542217,1092.7944790960032
18816445.511857543,1091.4435664572356
18821930.445572704,1089.746358675217
18827415.459059194,1087.6824229242002
18832900.655809425,1085.6784045739653
18838385.942770608,1084.1588256106077
18843871.086124156,1082.6025685930483
18849356.093272496,1081.0244892269714
18854841.02865972,1079.4386678990454
18860325.85362494,1077.6082818848543
18865810.603611257,1075.7224425278787
18871295.59816535,1074.059826498953
18876780.791374907,1071.7526604209345
18882265.983287483,1069.6191015213178
18887751.05940057,1067.990189377629
18893235.897364102,1066.504632333513
18898720.642001916,1064.9987613043927
18904205.318075407,1063.4364584062828
18909689.796724994,1061.5302675943758
18915174.46309672,1059.344123833725
18920659.300864138,1057.2649335011156
18926144.136117384,1055.6478912063033
18931628.8598807,1053.9427527341495
18937113.411605604,1052.2145014484258
18942597.92684399,1050.470281630507
18948082.343132704,1048.4887328426441
18953566.71685283,1046.464581987339
18959051.408441212,1044.6672939969576
18964536.227393936,1042.040259599295
18970021.031988565,1039.9958347443464
18975505.677212678,1038.35762131021
18980990.0943758,1036.702659401716
18986474.453111757,1035.0968935335923
18991958.67648792,1033.4026306771111
18997442.785195727,1031.2251348701893
19002927.13826736,1028.9294566284643
19008411.587721705,1026.8018269598003
19013896.037150487,1025.1156555627283
19019380.33603572,1023.2016701354647
19024864.534275874,1021.4385896341103
19030348.657651648,1019.4106225326334
19035832.68072917,1017.3072795476064
19041316.766603615,1015.2349037992414
19046801.148490973,1013.1240896988611
19052285.59540483,1010.419400052106
19057770.01785904,1008.3553762619113
19063254.254437342,1006.7228192393255
19068738.286406554,1004.9131947224913
19074222.24591999,1003.2289960538727
19079706.05284514,1001.3489077398903
19085189.813579313,998.9102992901867
19090673.813820384,996.4292677980801
19096157.935578592,994.3214704927302
19101641.975174613,992.4221432227896
19107125.858467862,990.5009817440925
19112609.657208923,988.5271160172473
19118093.362341244,986.3100550289628
19123576.99858395,984.0725650114548
19129060.761042975,981.9294834412535
19134544.786565557,979.4354927356464
19140028.87938165,976.7083698634858
19145512.85564902,974.5721913147213
19150996.620098963,972.8022364244362
19156480.22702737,970.8998689038467
19161963.774644677,969.0979099953465
19167447.12493876,966.8886740418271
19172930.560234446,964.2172449116329
19178414.18274977,961.7053570083974
19183897.895117894,959.6299002461815
19189381.46986746,957.5262053236175
19194864.908525627,955.4016172401317
19200348.27986645,953.3342100985151
19205831.546855655,950.9311544551075
19211314.724581096,948.4814807915577
19216798.16398307,946.3038130310103
19222281.779519297,943.3339906161114
19227765.398492277,940.597901630397
19233248.907680545,938.4367558311026
19238732.17934624,936.528819664017
19244215.343803935,934.507252762545
19249698.421675336,932.4462861320237
19255181.308433153,929.9484272473312
19260664.381385356,927.1097401263098
19266147.624064416,924.366924611013
19271630.87316786,922.3501350265291
19277113.993827153,920.0210860785637
19282596.956050783,917.8308367446118
19288079.89311551,915.4938116807243
19293562.69751614,912.8411791342426
19299045.47486419,910.2092523077085
19304528.58738084,907.7992850341977
19310011.806026895,904.3517098076518
19315495.01682805,901.6506420862358
19320978.072380338,899.4723774109036
19326460.89292799,897.221088258374
19331943.64493792,895.0592488483636
19337426.271574605,892.7642140828068
19342908.755759783,889.8551343699526
19348391.49755525,886.777167400887
19353874.349607863,884.0905895755778
19359357.20698898,881.7600890470935
19364839.89124884,879.2842942832384
19370322.468008686,876.9026961945779
19375804.94911277,874.1958983555788
19381287.34724734,871.3888978278919
19386769.800108865,868.5541239578852
19392252.577754937,865.781331363476
19397735.433571156,862.1345649231209
19403218.201881208,859.3015622949379
19408700.809818167,857.0109740556762
19414183.189978912,854.5088984189215
19419665.528789368,852.2916448400333
19425147.692205377,849.694447806567
19430629.801330503,846.3949545180418
19436112.153849922,843.1275293992094
19441594.64038124,840.2565474730809
19447077.054554038,837.7147948342873
19452559.292807974,834.9751815147654
19458041.453671154,832.3731017671207
19463523.528427523,829.387599039309
19469005.510205824,826.2396702771455
19474487.635074504,823.3135192887717
19479970.054939494,819.8565383246575
19485452.488491785,816.0657160878013
19490934.829504095,813.1199864320248
19496416.95951824,810.6619339117415
19501898.9469541,808.013838543065
19507380.85332502,805.4312984035728
19512862.553821806,802.4742782796925
19518344.32546824,798.8007685350162
19523826.32472779,795.2585914579813
19529308.38297905,792.3657058087115
19534790.375296533,789.49308802593
19540272.15358093,786.512547851311
19545753.916046698,783.580869866128
19551235.54502462,780.1362317304046
19556717.10675215,776.6921430794669
19562198.91661945,773.5450124822753
19567680.903646857,769.4059643759399
19573162.918401968,765.5659487824994
19578644.794262517,762.4590839851894
19584126.446827758,759.63127668917
19589607.994381703,756.646137232832
19595089.44272622,753.8238169393696
19600570.676967062,750.263499171374
19606052.089894082,746.1851756217796
19611533.66694798,742.3852055580046
19617015.31826467,739.4013837276534
19622496.821532276,736.0230789368247
19627978.191703796,732.7206185275364
19633459.473005116,729.2654348706633
19638940.66292682,725.5118773793388
19644421.81946819,721.6323432288127
19649903.2959848,718.0857400668874
19655384.894815616,713.1841156574696
19660866.484608587,709.0205375342618
19666347.919793047,705.7377888516507
19671829.097508598,702.4446219128567
19677310.21530028,699.304994262369
19682791.206203982,695.8851363920569
19688272.025539882,691.6679105891886
19693753.09853811,687.186947723706
19699234.31217279,683.0023784021982
19704715.559362978,679.5413365984089
19710196.642503623,675.6342783226634
19715677.5690278,671.9210952116969
19721158.455970634,667.9172042265442
19726639.2252425,663.6075014282071
19732120.01922297,659.3311152359748
19737601.150494765,655.0197966672454
19743082.34078342,649.2440619723691
19748563.481342815,644.8999971166263
19754044.447040062,641.386014562626
19759525.20751779,637.5404230286326
19765005.90410414,633.8636237867586
19770486.428010613,629.8579967439841
19775966.879593465,624.7965925563589
19781447.59201338,619.7081316442832
19786928.37823367,615.198136777376
19792409.17432406,611.178540653937
19797889.757351425,606.7698611082399
19803370.276561618,602.5237451437358
19808850.66434942,597.6436626235486
19814330.97272272,592.693792491887
19819811.404974677,587.7902300878372
19825292.135702178,582.3247217666519
19830772.884273633,576.0083186204611
19836253.55417731,571.0521365738912
19841734.04017082,566.9560784291593
19847214.322797786,562.3845184731002
19852694.573280245,558.1055496394167
19858174.602283098,553.0879977940261
19863654.675149534,546.9554644654318
19869134.96160443,541.0749244733001
19874615.373492833,536.2154202129409
19880095.670453798,531.2779301734121
19885575.81128138,525.9918254069894
19891055.860337604,520.778749892381
19896535.8147385,514.8801770754285
19902015.687600892,508.77964370570544
19907495.7946419,503.16564348084785
19929416.6813971,477.67350015358716
19940376.349584162,466.7779760062659
19951335.656863872,452.59210216073853
20033530.20603718,337.9753417711545
20066406.288482234,277.5635112247715
40356029.683145374,160.8368272819474
40449438.08886785,357.3210276293895
40460426.489713095,373.32100999036265
40531851.273588456,462.8850138075036
40553826.5311172,487.24714499467285
40564814.76219673,495.67264238146004
40570308.914665505,501.0072687059021
40575802.911598414,507.45670817038064
40581296.69090169,513.6858017795787
40586790.464767314,520.1286552276098
40592283.994721696,526.0662326108481
40597777.50253717,530.7480505085233
40603271.276506715,535.3709939965061
40608765.16513049,540.7350528981121
40614258.92927369,546.3766353056617
40619752.51752311,551.6430253265702
40625246.04820935,557.0586900141448
40630739.46115653,561.880094696814
40636232.792370506,566.6428267331112
40641726.37346683,571.6486805851625
40647220.119061895,575.0333040812425
40652713.88588325,578.371490669283
40658207.636858724,583.0848892323481
40663701.190150395,588.5887831081716
40669194.610138625,593.9054319808192
40674687.94672096,599.3521938191177
40680181.03704227,604.1382580801544
40685674.24959994,607.9950271778357
40691167.676315814,612.1470426870354
40696661.13880909,617.0923897172452
40702154.46619219,621.7859692160278
40707647.6300966,626.4120941282558
40713140.73196382,630.959162850028
40718633.71747869,635.0570937184239
40724126.65322251,639.1339396637591
40729619.94472937,643.4179768077156
40735113.26731718,645.863133922731
40740606.649097286,649.2159987424661
40746099.96217252,653.5807266697825
40751593.04203708,658.2550107494767
40757086.06626352,663.0070110459935
40762578.953983426,667.5501069864807
40768071.64088062,671.4385763033779
40773564.55434464,674.8432451847252
40779057.581788905,678.527186700647
40784550.652931586,682.9874749436234
40790043.55961531,687.0206038931472
40795536.3111178,691.1549259729878
40801029.004492424,694.9747229938598
40806521.59150846,698.6060559140922
40812014.213169545,702.2794300783771
40817507.16562771,705.8310596595802
40823000.11188333,707.9300337816521
40828493.09691368,711.2717485149553
40833985.97902054,715.3669780431956
40839478.64050697,719.4633784490644
40844971.27087248,723.7201394173062
40850463.69566543,727.6909034026131
40855956.020347595,730.9000394119944
40861448.60680876,734.0006717313643
40866941.30554665,737.4792585623959
40872433.967320666,741.3913843065206
40877926.4315088,744.9261278532936
40883418.83356286,748.5590362899377
40888911.124072574,751.8436695330167
40894403.32844926,755.1008566553492
40899895.690147,758.5277300684643
40905388.281880006,761.1674964360193
40910880.87892149,763.2967189296052
40916373.48707974,766.4592968036313
40921865.931381345,770.2845469982351
40927358.20942489,773.9570788743772
40932850.43251185,777.7148649504311
40938342.44574506,781.1801997396433
40943834.47860682,783.9396405570001
40949326.74820557,786.7339932053505
40954819.10248836,790.0667475154199
40960311.37429357,793.4632405147445
40965803.434358515,796.7098585685901
40971295.453865014,800.0670767112302
40976787.33959019,802.9905002993478
40982279.16110278,805.9434205989148
40987771.26727249,809.0276473907181
40993263.453265466,811.0350595346858
40998755.699145876,813.2987688153771
41004247.90649449,816.3664178377371
41009739.924712196,819.8501412581597
41015231.83650873,823.2489091713032
41020723.659987874,826.6532081492924
41026215.24912378,829.6579181190056
41031706.9966036,832.148812739174
41037198.95306012,834.731797854552
41042690.96294417,838.0525363914035
41048182.81612402,840.9742634738029
41053674.504103996,844.0602394019911
41059166.14477807,846.9981965903658
41064657.65259041,849.6798380281994
41070149.13913467,852.3778933497142
41075640.953330755,855.1871416219317
41081132.7708406,856.8001950112061
41086624.64797364,859.2238340180925
41092116.44658765,862.2349026407462
41097608.03177777,865.3412233208167
41103099.55458072,868.5486550994376
41108590.92908039,871.6692944562185
41114082.130367115,874.2106317878654
41119573.573673904,876.5216419366213
41125065.134501696,879.1311314465272
41130556.71309372,882.2200269237802
41136048.1115799,884.918344685294
41141539.39090029,887.8436617629934
41147030.58313665,890.4383676764965
41152521.66087141,892.9444849304966
41158012.816300385,895.4808033290028
41163504.24376807,897.7974846661966
41168995.65589851,899.391231089603
41174487.118654236,901.792542295676
41179978.4479789,904.7377606006783
41185469.579707175,907.5660374367191
41190960.6546489,910.5130922080623
41196451.57048724,913.2646142577203
41201942.398050256,915.4433965249241
41207433.4694163,917.5906696403433
41212924.682990454,920.2182303673928
41218415.84154551,922.912313724561
41223906.79219438,925.5166284861956
41229397.6786909,928.1679035300856
41234888.446383454,930.4875213782497
41240379.13665121,932.8182006678574
41245870.00584497,935.2656137446415
41251361.03554757,937.129943041703
41256852.10679213,938.850969210896
41262343.15040428,941.1762687523433
41267834.0400769,943.9496717388272
41273324.76782912,946.5493341306583
41278815.4233423,949.342398712836
41284305.88220635,951.8042550212031
41289796.39294541,953.764781311435
41295287.11332405,955.7346886749168
41300777.978207804,958.2996553753267
41306268.69476437,960.6829194653275
41311759.252255715,963.0801517079126
41317249.74619318,965.4542622823285
41322740.12676192,967.6104247071439
41328230.47982886,969.7811711154727
41333721.07210833,972.0630381944575
41339211.74486319,973.5545146772297
41344702.472799,975.3639778309362
41350193.13032657,977.6778742271997
41355683.58970503,980.2069934236861
41361173.92932965,982.7118265948513
41366664.19881746,985.2215450001245
41372154.25590485,987.3532222902148
41377644.48714191,989.1444170195232
41383134.87176371,991.132824226747
41388625.36067615,993.555609984649
41394115.65078649,995.7798951493884
41399605.83228865,998.1026557519301
41405095.91414619,1000.2869958815602
41410585.903045356,1002.3258855761887
41416075.88421127,1004.3085950737739
41421566.16048939,1006.3930749597793
41427056.45324134,1007.6647237048946
41432546.785155706,1009.4728284189073
41438037.02826791,1011.7648183848376
41443527.044694595,1014.04929093233
41449017.01759464,1016.4449367064929
41454506.86998039,1018.7599804089415
41459996.55300423,1020.6200751429715
41465486.47943068,1022.2790045879807
41470976.58272241,1024.2755603917662
41476466.65805872,1026.4818401023051
41481956.56723082,1028.5869798349167
41487446.35740097,1030.7239277196804
41492936.051284604,1032.7208284463031
41498425.67713048,1034.6407045013664
41503915.36649294,1036.5481221828538
41509405.30194445,1038.3077482674187
41514895.270725496,1039.5644890989577
41520385.21507341,1041.41002999905
41525875.03058899,1043.6383852198483
41531364.66311904,1045.7650949090385
41536854.25188195,1048.0682424813888
41542343.64464574,1050.1326391717005
41547832.99517892,1051.779077385943
41553322.59535326,1053.418581077415
41558812.335375026,1055.4006937393804
41564301.97686888,1057.4421199705707
41569791.470320955,1059.4508401043
41575280.8505015,1061.4790930326374
41580770.13607615,1063.3072578334336
41586259.35168947,1065.0799729084224
41591748.73808291,1066.9483906970925
41597238.28773685,1068.3667363269287
41602727.8669626,1069.63237902859
41608217.403495885,1071.4683811339628
41613706.7590629,1073.5985072787653
41619195.97670748,1075.674137612109
41624685.13698532,1077.7724566022016
41630174.080843575,1079.6359255412603
41635663.11836904,1081.1244303861004
41641152.385303415,1082.6905488388456
41646641.734815896,1084.6319088203181
41652130.96532935,1086.5205294120897
41657620.00619491,1088.431245939599
41663109.00191419,1090.3481049958834
41668597.88892759,1092.0404700358865
41674086.72292435,1093.6813116484536
41679575.82480894,1095.489193084611
41685065.02040704,1096.5793996140662
41690554.22466704,1098.0078057064247
41696043.3643515,1099.8338694703675
41701532.30025072,1101.8195760460903
41707021.161497615,1103.8160177634807
41712509.902716555,1105.763323679519
41717998.45974428,1107.4307248737366
41723487.208483785,1108.8483526416865
41728976.13847063,1110.3676667463042
41734465.09146222,1112.299765396178
41739953.89032305,1114.0343294806667
41745442.558284484,1115.8869378696672
41750931.16806567,1117.631769322034
41756419.67159104,1119.1977351948303
41761908.18717071,1120.7826231547097
41767396.97924449,1122.3852115053655
41772885.79744588,1123.3863015295494
41778374.64467136,1124.8863692090258
41783863.378138244,1126.7260183862625
41789351.91450183,1128.5884949038566
41794840.376291916,1130.505096989301
41800328.694799475,1132.328863376859
41805816.88962392,1133.7691117541094
41811305.33363685,1135.1090942306355
41816793.90593369,1136.623818163573
41822282.4911311,1138.4576930523972
41827770.8798911,1140.1202086249918
41833259.199470155,1141.881995001398
41838747.41167553,1143.4171025053465
41844235.543736,1144.9309480373283
41849723.76558101,1146.4749117891654
41855212.20487311,1147.8706068902645
41860700.67403143,1148.8832047763503
41866189.13624891,1150.3742214328074
41871677.45696981,1152.1926898681168
41877165.576138645,1153.8949313089938
41882653.639265366,1155.750706296727
41888141.52762961,1157.4085292109098
41893629.39198938,1158.6941560903595
41899117.49478194,1159.928992812488
41904605.68944818,1161.5593225051098
41910093.83063677,1163.1880745175433
41915581.79251374,1164.8376668014125
41921069.69401405,1166.4809375947934
41926557.46707244,1167.9076288245167
41932045.19109833,1169.3410947940042
41937533.09370671,1170.824625820037
41943021.146608494,1171.9377831647591
41948509.22703117,1173.045065321925
41953997.246919364,1174.52739160192
41959485.08423773,1176.2332502125878
41964972.783763245,1177.8771850180426
41970460.42436818,1179.5713711443823
41975947.87050214,1181.0375783460775
41981435.4162851,1182.2086102143428
41986923.16904424,1183.4628812944584
41992410.9943518,1185.0209873643853
41997898.68493945,1186.570023712726
42003386.22857618,1188.1512088223412
42008873.69022048,1189.641585169164
42014361.06483731,1191.0046378686827
42019848.41190151,1192.3367464994908
42025335.999755144,1193.7927072047157
42030823.66727399,1194.7034595904715
42036311.36483014,1195.8527034955246
42041798.97002142,1197.3399941066943
42047286.35776074,1198.9326848446399
42052773.67854119,1200.584964025395
42058260.8971776,1202.1697909433253
42063747.92194614,1203.4736943489963
42069235.13938427,1204.5747819604499
42074722.54401904,1205.75819595109
42080209.960701175,1207.2865048806696
42085697.23039169,1208.7282074468214
42091184.375046365,1210.1972143060825
42096671.467546,1211.6185251091351
42102158.4685554,1212.8830148028555
42107645.4721263,1214.1619680353924
42113132.76490022,1215.4911801083995
42118620.079124495,1216.2839207621207
42124107.38510553,1217.4683744665676
42129594.58993909,1218.9697162949315
42135081.58465471,1220.4786061663426
42140568.52630665,1222.0631609694603
42146055.32629315,1223.5107216873203
42151542.01529791,1224.666724492195
42157028.93547433,1225.7454282748522
42162515.97903428,1226.950125704297
42168003.00958086,1228.4680988564255
42173489.878982864,1229.8182506365285
42178976.65727696,1231.2809648551731
42184463.35227106,1232.549655714593
42189949.95556876,1233.7817877248478
42195436.64905991,1235.0354999168478
42200923.56632288,1236.1509121451218
42206410.512519054,1236.9376074669035
42211897.456100665,1238.1574427517576
42217384.24799845,1239.663686941194
42222870.84367373,1241.0760137628074
42228357.389242314,1242.55693902378
42233843.76483244,1243.9071474906657
42239330.13363214,1244.941859830017
42244816.7410564,1245.9238507346981
42250303.41428586,1247.21898543224
42255790.03803557,1248.5879614761666
42261276.4837182,1249.9193877515156
42266762.89059346,1251.2898718791312
42272249.16845895,1252.4459427074185
42277735.390868455,1253.6105773902418
42283221.80306086,1254.8332073694512
42288708.35583057,1255.7051273997463
42294194.957597055,1256.601120011706
42299681.48539152,1257.82011673902
42305167.823001094,1259.2320383565452
42310654.03837581,1260.584773409309
42316140.18280408,1261.9918401744912
42321626.147076145,1263.1893822892534
42327112.21157863,1264.1357053869547
42332598.462605074,1265.1409751130159
42338084.78229893,1266.442647527034
42343570.9701497,1267.6943078152963
42349057.03101725,1269.0105418615128
42354543.01662423,1270.2337300683926
42360028.904756024,1271.3445578352844
42365514.76934758,1272.43943960685
42371000.87456969,1273.6291156850455
42376487.05033782,1274.362222048389
42381973.2722287,1275.306048231575
42387459.38668027,1276.539145874702
42392945.28638744,1277.8531864530519
42398431.10595611,1279.2122908726433
42403916.84438596,1280.528239147006
42409402.39115798,1281.5968758876215
42414888.130230956,1282.479720469254
42420374.03864912,1283.432293873862
42425859.96455566,1284.69967265617
42431345.74637594,1285.9227031669643
42436831.40336266,1287.135572426119
42442317.004557855,1288.3016129915775
42447802.52466826,1289.3433607498273
42453288.046117336,1290.388856119333
42458773.84717825,1291.4858629500984
42464259.683216535,1292.1172889126362
42469745.49936401,1293.0891540158234
42475231.211704396,1294.340126770216
42480716.71626657,1295.5849841481845
42486202.17088023,1296.9158028488791
42491687.48826859,1298.1070224521102
42497172.70020196,1299.0523541311782
42502658.13647004,1299.924446608055
42508143.68790904,1300.916935177961
42513629.21225533,1302.1729974579448
42519114.59846029,1303.300903384415
42524599.90007124,1304.5216850971226
42530085.11282468,1305.5737064296209
42535570.2389649,1306.5912301416301
42541055.45323416,1307.6208189039626
42546540.89691703,1308.5314918418237
42552026.36260435,1309.1661570234523
42557511.82348573,1310.1720763490232
42562997.129899204,1311.4320121836595
42568482.24380665,1312.617361075207
42573967.30819109,1313.8529339721526
42579452.20995599,1314.9732775056382
42584937.10585031,1315.8183187614243
42590422.23032278,1316.6068814895361
42595907.4197912,1317.6834570794576
42601392.55935083,1318.8407132475575
42606877.524077155,1319.9606278843542
42612362.451260015,1321.1037337898338
42617847.252161436,1322.0612383512791
42623332.002581716,1323.0228700962512
42628816.93531638,1324.0384360287185
42634302.01076095,1324.7562977440955
42639787.133484304,1325.4777214444134
42645272.176283345,1326.4909317933898
42650757.02749044,1327.6819875594701
42656241.761427514,1328.8115174182262
42661726.427023366,1329.999545286093
42667210.91707625,1330.9884701028277
42672695.506254025,1331.7595793369373
42678180.27929974,1332.5856721020964
42683665.100534305,1333.678864218695
42689149.80719886,1334.7493381124873
42694634.38600352,1335.850445726376
42700118.87630104,1336.877602703781
42705603.286136955,1337.8029000135937
42711087.670560874,1338.6988108337705
42716572.29360259,1339.6877884501562
42722056.99074283,1340.29097724066
42727541.71686205,1341.0570512351005
42733026.34203743,1342.0861215677091
42738510.75620075,1343.19245742867
42743995.09525696,1344.341927132933
42749479.34950039,1345.4336762062464
42754963.422569975,1346.3239546479508
42760447.681296356,1347.0519743358107
42765932.0931576,1347.8332554789047
42771416.52672485,1348.90578899216
42776900.83264483,1349.94893204527
42782385.005607426,1350.976534732534
42787869.1333361,1351.958386665985
42793353.170593634,1352.8185035816355
42798837.2175693,1353.6848837947844
42804321.532156214,1354.5795520327338
42809805.88608276,1355.073403255564
42815290.22251534,1355.899297594202
42820774.45656742,1356.9482194147865
42826258.494885825,1358.0052645761941
42831742.46957021,1359.1315548912733
42837226.304025054,1360.1373247500364
42842710.04044094,1360.9190084621955
42848194.004944876,1361.6322366713275
42853678.06205458,1362.4537576933462
42859162.1290264,1363.525370820818
42864646.03134164,1364.4818482811288
42870129.86193758,1365.5076140660033
42875613.593846925,1366.3692631991053
42881097.258094415,1367.216150003597
42886581.00802201,1368.0675476615775
42892064.98784057,1368.8270949141859
42897548.97910073,1369.3610374339714
42903032.95738347,1370.192686909227
42908516.7848338,1371.249494834787
42914000.41940668,1372.2490608857206
42919484.00715703,1373.3253419364287
42924967.43018819,1374.266352032876
42930450.838126965,1374.9604731211184
42935934.45751846,1375.597549486105
42941418.17371095,1376.540464114101
42946901.80908855,1377.512901940608
42952385.285891995,1378.490133215856
42957868.699431665,1379.4360416986683
42963351.998164825,1380.2471701994432
42968835.25830841,1381.0455769056389
42974318.681713946,1381.8713955430046
42979802.267214045,1382.4792993030499
42985285.881333046,1383.0551654186506
42990769.41575535,1383.9012649720626
42996252.76219569,1384.9172984557106
43001735.987903535,1385.8837171167145
43007219.150433175,1386.8963595460502
43012702.13460922,1387.7216661331056
43018185.21653295,1388.354305821446
43023668.49289079,1389.0371341664718
43029151.79147032,1389.9609345897502
43034635.01359334,1390.882600231601
43040118.07455068,1391.800694281219
43045601.06458257,1392.7159659288545
43051083.974844,1393.4895105351543
43056566.83777751,1394.2098124527045
43062049.95777421,1395.0421558387568
43067533.167501114,1395.51047815515
43073016.37983986,1396.1375529142974
43078499.506816745,1396.9988451232296
43083982.43349908,1397.9561331611412
43089465.297684126,1398.915236999253
43094948.0549372,1399.8350273314468
43100430.645017885,1400.5859312819503
43105913.422446586,1401.1953535102134
43111396.32087415,1401.84136869119
43116879.25786913,1402.7961507255588
43122362.05825982,1403.6917310119727
43127844.72167629,1404.6013148536672
43133327.32884689,1405.429700892513
43138809.835745946,1406.1501537449367
43144292.36123079,1406.8675732827667
43149775.134384744,1407.6030112656324
43155257.98008897,1408.0037547654558
43160740.821785055,1408.6937490395244
43166223.53754983,1409.5904158545843
43171706.066508725,1410.4635062148006
43177188.52465886,1411.4150537985017
43182670.86437011,1412.292270170782
43188153.08022223,1412.948918909975
43193635.530117005,1413.5006514423633
43199118.07492164,1414.2139143392592
43204600.630060524,1415.0891460218372
43210083.023710944,1415.934165170982
43215565.32893659,1416.7895931548685
43221047.52439608,1417.536060188193
43226529.671846285,1418.2461010988516
43232011.890006475,1418.9332940243842
43237494.361021414,1419.5749856790912
43242976.850418285,1420.0055327856119
43248459.299811974,1420.6957238159862
43253941.604371384,1421.5728306003339
43259423.729357965,1422.425673191469
43264905.827042036,1423.3403042961963
43270387.74902136,1424.1360850658896
43275869.65096496,1424.7180430910532
43281351.77824702,1425.2655721356869
43286833.998648025,1425.9895173992795
43292316.13276713,1426.8406092419534
43297798.135706045,1427.6293052444605
43303280.04684501,1428.444366719817
43308761.87920425,1429.1498330095815
43314243.64824363,1429.8084170918187
43319725.572372384,1430.5148350262536
43325207.66713823,1431.01187873057
43330689.77106575,1431.466751787977
43336171.83292686,1432.1778040871268
43341653.71138216,1433.0542517276967
43347135.47850795,1433.8785418999655
43352617.168794475,1434.7522759064095
43358098.68691167,1435.475263153314
43363580.27591923,1436.0045774368405
43369062.0568482,1436.520767360884
43374543.87778348,1437.3214974827663
43380025.62196947,1438.0849386396558
43385507.2233135,1438.8813545434316
43390988.756357305,1439.6361373746595
43396470.19318561,1440.2799538540426
43401951.60060954,1440.9107500479695
43407433.22868785,1441.5990701996816
43412914.935092494,1442.003080753399
43418396.70048206,1442.5254552635654
43423878.36034947,1443.260352811073
43429359.821622126,1444.0882531310453
43434841.19282554,1444.8859856269764
43440322.49328296,1445.6996027764324
43445803.62089522,1446.3234339911553
43451284.91123129,1446.8011545211639
43456766.341236934,1447.337728174932
43462247.81858936,1448.114829768425
43467729.17846117,1448.8892522387325
43473210.4028804,1449.6314493623672
43478691.568618596,1450.3404991701448
43484172.651147164,1450.9674116481888
43489653.723830715,1451.5647991515427
43495135.052390374,1452.2198365611816
43500616.44567701,1452.5361911160758
43506097.81854652,1453.0919872884851
43511579.09482522,1453.8419982746534
43517060.179271705,1454.6172564834903
43522541.2031407,1455.4410747891643
43528022.099197686,1456.1684064963372
43533502.88377513,1456.7248539561635
43538983.8801709,1457.2116017704457
43544464.97805357,1457.7808681953463
43549946.05050868,1458.562078753755
43555427.01224223,1459.278426924075
43560907.835581414,1460.0335586108215
43566388.60872012,1460.6871272740668
43571869.292876266,1461.274679181932
43577350.05039898,1461.8610765293295
43582831.04639979,1462.413737993298
43588312.04297505,1462.7486378662386
43593793.03213057,1463.3258230806832
43599273.88308531,1464.1000698653563
43604754.54280362,1464.839609971917
43610235.16511524,1465.6037216185284
43615715.64540394,1466.2979259757471
43621196.08270519,1466.7853131421305
43626676.72975566,1467.210517873185
43632157.48371942,1467.874454180626
43637638.15730874,1468.6111269802468
43643118.69616327,1469.3245331886508
43648599.13778757,1470.0257010333942
43654079.47861469,1470.6126312920208
43659559.77991036,1471.184277770058
43665040.21918416,1471.7486517936347
43670520.8530332,1472.192358038663
43676001.516753525,1472.589799241621
43681482.10234739,1473.1821040991924
43686962.529746965,1473.9183703483916
43692442.82142402,1474.6144596875524
43697923.075794,1475.3664135211236
43703403.14528058,1475.9707520807044
43708883.274830535,1476.4143642306988
43714363.6086531,1476.8766243106606
43719843.95487387,1477.5627958748316
43725324.23718802,1478.2660560818113
43730804.37469907,1478.9537996929428
43736284.42025576,1479.6401090557629
43741764.386724144,1480.1929893246634
43747244.29691139,1480.7068602709162
43752724.44058863,1481.293148137296
43758204.67274481,1481.6084289788835
43763684.94042547,1482.025479684658
43769165.12790383,1482.643651682498
43774645.133876905,1483.3647306844994
43780125.0608834,1484.050704739677
43785604.89820466,1484.7508057929474
43791084.568085045,1485.307239556826
43796564.377281114,1485.7172979774598
43802044.35422084,1486.1263832459397
43807524.34973795,1486.831706171684
43813004.24043934,1487.4530448268165
43818483.99902421,1488.1305739961008
43823963.68955179,1488.7446591328194
43829443.287461214,1489.268900175765
43834922.886415444,1489.7690355327024
43840402.73348387,1490.3207951834281
43845882.660037875,1490.5706180740794
43851362.58237748,1491.041048620024
43856842.392407216,1491.682933278401
43862322.009943224,1492.3275693045327
43867801.56890951,1493.0337064425996
43873281.036488295,1493.6721842905977
43878760.354077734,1494.152512575231
43884239.87212331,1494.5338792505477
43889719.51825992,1495.012341206438
43895199.146190375,1495.6571940513604
43900678.66739762,1496.285271752804
43906158.0516831,1496.9031423414126
43911637.371506065,1497.4684378519516
43917116.635648094,1497.9802414582973
43922595.92928566,1498.4600744923553
43928075.46499811,1498.9736785771026
43933555.02446323,1499.2177696612061
43939034.5498488,1499.7066108685158
43944513.953991935,1500.3487328749434
43949993.184122816,1500.9900352736654
43955472.38448423,1501.6544101459567
43960951.43916236,1502.2570830716336
43966430.426414736,1502.672193656676
43971909.622972734,1503.0283339037933
43977388.905881405,1503.5375330411036
43982868.15921387,1504.2027127492233
43988347.25801762,1504.7903231582281
43993826.293356575,1505.4106023993677
43999305.22859598,1505.907405134853
44004784.11221702,1506.3908284167494
44010263.11344923,1506.860068231058
44015742.3155898,1507.2558416154488
44021221.53183552,1507.5777566181903
44026700.68823303,1508.0720931046228
44032179.69905243,1508.722914288482
44037658.54384196,1509.3371547096788
44043137.32934961,1509.9927949802366
44048615.96176793,1510.5312330099136
44054094.61616654,1510.8989735696355
44059573.45916349,1511.2433759834616
44065052.406078175,1511.8221893478624
44070531.248636685,1512.4105588663222
44076009.96897471,1513.0004312567642
44081488.58758712,1513.574701047624
44086967.14621119,1514.0407783592943
44092445.653048694,1514.4773950507226
44097924.36760527,1514.965432431918
44103403.20493861,1515.2649198567906
44108882.05728889,1515.5819064938426
44114360.83307421,1516.0937558863352
44119839.42687521,1516.7228133668555
44125317.9321586,1517.323787866841
44130796.35951145,1517.9344025175337
44136274.615717955,1518.4164181677315
44141752.98245432,1518.75526613096
44147231.52661452,1519.0881673259587
44152710.089727305,1519.6856396901517
44158188.569665685,1520.2388669364468
44163666.891550004,1520.8039358829392
44169145.164427675,1521.3616880223256
44174623.33825019,1521.794106300117
44180101.48216878,1522.2165105430174
44185579.87932485,1522.682660678643
44191058.333450004,1522.8965267878077
44196536.81571141,1523.289971476265
44202015.18826485,1523.8278230712885
44207493.37156224,1524.3961823386546
44212971.48520335,1525.008847603295
44218449.511604,1525.573239485969
44223927.375820965,1525.991945482394
44229405.42072705,1526.2915823907688
44234883.58411429,1526.6811662745758
44240361.77104538,1527.2444751529142
44245839.834694415,1527.7901781851883
44251317.7675172,1528.3223186354276
44256795.631425284,1528.8132263387809
44262273.43801763,1529.239024369263
44267751.25454744,1529.633388975731
44273229.323344715,1530.0795892189196
44278707.418730974,1530.2599618363085
44284185.48681527,1530.6549464873972
44289663.45488091,1531.2039255219468
44295141.230125874,1531.7501901957025
44300618.97169977,1532.3471834383402
44306096.570181645,1532.8502842170687
44311574.09084384,1533.2039526280307
44317051.82055832,1533.5102649606595
44322529.63371601,1533.9064740038639
44328007.43405973,1534.4916292524645
44333485.08802992,1534.990931800137
44338962.669502854,1535.5160783865538
44344440.158860005,1535.942387159137
44349917.59636322,1536.3466043839467
44355395.13003988,1536.7434813778139
44360872.877769545,1537.083319154116
44366350.62909586,1537.3124827131796
44371828.35118913,1537.721219580191
44377305.93189297,1538.2807239666365
44382783.344974525,1538.8042439154372
44388260.71111214,1539.3781104263562
44393737.92267395,1539.8447577190352
44399215.121922486,1540.1517880052468
44404692.51854668,1540.43206808617
44410170.02012105,1540.9207719171873
44415647.40665506,1541.4491410609478
44421124.65892743,1541.976235749489
44426601.81186962,1542.4732525242384
44432078.87715333,1542.8867908006341
44437555.90032494,1543.262139455041
44443033.08111924,1543.6603256086746
44448510.42189306,1543.9237156125153
44453987.77641439,1544.1573014717062
44459465.06590399,1544.5822773621344
44464942.18186431,1545.1350169135858
44470419.19201266,1545.6457235420125
44475896.135194406,1546.1883705516486
44481372.902486905,1546.6041476365342
44486849.75043641,1546.8788630197992
44492326.78332075,1547.152213063458
44497803.84556209,1547.6573523235547
44503280.826929584,1548.1356610144876
44508757.65967401,1548.6235997740705
44514234.43205042,1549.0945499486386
44519711.107982054,1549.4609590190755
44525187.75817528,1549.8169084546869
44530664.62876244,1550.2094004888954
44536141.57532469,1550.401544590036
44541618.5649001,1550.6904424740915
44547095.455514416,1551.1373664515597
44552572.15688656,1551.6492893976242
44558048.76896242,1552.1429104957517
44563525.320990324,1552.635136422963
44569001.705049194,1552.985681062127
44574478.24905138,1553.2214447161248
44579954.92501664,1553.524714851332
44585431.63299406,1554.0051165909492
44590908.240857944,1554.4842970334048
44596384.69967813,1554.9400821507936
44601861.105873846,1555.3627124649847
44607337.442740545,1555.7201467840596
44612813.77633875,1556.0438488617078
44618290.36250451,1556.4266342660017
44623766.99049786,1556.554642576451
44629243.601300925,1556.876909338017
44634720.117857255,1557.3371926691443
44640196.45182394,1557.8170264533553
44645672.73032163,1558.3283434439475
44651148.883544065,1558.7855230183163
44656624.9226855,1559.0866782623707
44662101.174574435,1559.324912332013
44667577.49408591,1559.654371270023
44673053.82021411,1560.1721033491049
44678529.99169906,1560.610396393121
44684006.055662885,1561.099665144254
44689482.03513168,1561.4769306275205
44694957.94192259,1561.8174779018734
44700433.924679704,1562.1305963580744
44705910.14175804,1562.438227442802
44711386.3739826,1562.5981367696018
44716862.5707998,1562.9271903232386
44722338.64335526,1563.3964376680963
44727814.53876084,1563.8544750466779
44733290.397364005,1564.34790535882
44738766.11009785,1564.761723368735
44744241.7694728,1565.017852118258
44749717.63357557,1565.2320344817658
44755193.598828115,1565.6015710675883
44760669.49616676,1566.0704582516169
44766145.25162737,1566.4899346620127
44771620.91196766,1566.927929143624
44777096.505764246,1567.2776744481819
44782572.02820402,1567.5878045988695
44788047.68824916,1567.9176728633931
44793523.52559551,1568.1423323008564
44798999.37026744,1568.3030260127023
44804475.190531656,1568.645298806038
44809950.84058752,1569.1209095276695
44815426.36936869,1569.5577660235535
44820901.834690616,1570.0062310352355
44826377.15171892,1570.3677559084572
44831852.501860835,1570.5912622037802
44837328.03627261,1570.7793667895035
44842803.63571053,1571.2049909118991
44848279.15799548,1571.6172001554921
44853754.55445163,1572.0315800305025
44859229.866049185,1572.4313687128958
44864705.10361076,1572.7386382860286
44870180.301371306,1573.0329925076505
44875655.70124078,1573.3576914652267
44881131.20732864,1573.5309086755562
44886606.72952107,1573.73732690858
44892082.173273765,1574.0949669733777
44897557.43466166,1574.5415768352384
44903032.60616473,1574.9771284003284
44908507.712693736,1575.4104347044922
44913982.64037101,1575.7273425806743
44919457.69278373,1575.9203795627986
44924932.92591777,1576.1561666534246
44930408.14021429,1576.5845623519665
44935883.26109397,1577.0117259390813
44941358.22158674,1577.4097158049276
44946833.11923601,1577.810295754334
44952307.938421674,1578.1003113126862
44957782.727805,1578.3629892264937
44963257.77565768,1578.6767604793015
44968732.88610731,1578.7637202195551
44974207.99885977,1579.023257784539
44979683.01344357,1579.4046204590563
44985157.84294786,1579.8133804875645
44990632.607347354,1580.2550552367427
44996107.27567973,1580.6519124069937
45001581.79346129,1580.9175372077352
45007056.49329228,1581.0842266784846
45012531.30613341,1581.3357231406571
45018006.134896055,1581.746959152275
45023480.83420488,1582.1326852785633
45028955.409838505,1582.5142631728263
45034429.90654402,1582.8494105431946
45039904.35223721,1583.1352906923314
45045378.81140142,1583.378366162038
45050853.51996723,1583.6774332585214
45056328.25018034,1583.7514762024828
45061802.95619789,1584.0077319393342
45067277.56167981,1584.3970629860237
45072751.97614453,1584.783589311003
45078226.36403481,1585.2099853071825
45083700.6078273,1585.5551496384132
45089174.77788722,1585.7688022301131
45094649.154302254,1585.9405470345198
45100123.60941813,1586.196933564659
45105598.056337506,1586.61998093312
45111072.348422125,1586.9728746975568
45116546.56450462,1587.3409961601078
45122020.6930187,1587.623720810584
45127494.77514039,1587.882305762906
45132968.956906945,1588.1279084664945
45138443.34755266,1588.3374317227988
45143917.74884841,1588.4568778431296
45149392.10769573,1588.7268221508941
45154866.33214791,1589.1219411288955
45160340.39841305,1589.4867887367293
45165814.42035199,1589.8995207161909
45171288.287418365,1590.2116872612266
45176762.14163431,1590.3887614107773
45182236.1982163,1590.5475093953505
45187710.342525296,1590.8502253501742
45193184.39274984,1591.2311481321958
45198658.311292164,1591.5863757152385
45204132.12528945,1591.942161701752
45209605.86710221,1592.2181956468612
45215079.55133358,1592.450361588235
45220553.39421902,1592.7144219086033
45226027.39242923,1592.8530847545996
45231501.406292036,1592.9717639708176
45236975.364824004,1593.2536223461668
45242449.15605862,1593.6487798121098
45247922.840754524,1593.9975868225267
45253396.46652049,1594.381530224986
45258869.92240815,1594.6532115172013
45264343.443314545,1594.8014469378631
45269817.12972029,1594.9350773125364
45275290.87763189,1595.2951857458795
45280764.52505548,1595.626596117344
45286238.045213684,1595.969223506097
45291711.4881559,1596.2913681756618
45297184.85724922,1596.528573037773
45302658.19498746,1596.7368308853597
45308131.74864775,1597.0016021178785
45313605.397265375,1597.091688486528
45319079.032442875,1597.2488308705654
45324552.5979534,1597.545303645599
45330025.97534395,1597.9051285014511
45335499.27076294,1598.2696180035143
45340972.49577134,1598.611887517102
45346445.54510134,1598.8347235447143
45351918.75257596,1598.957123464252
45357392.127568,1599.1249075767728
45362865.48731806,1599.4695324080703
45368338.7567661,1599.8014452295558
45373811.870036826,1600.1333515653455
45379284.929973796,1600.4183462978133
45384757.91361042,1600.6303215795167
45390230.91124731,1600.8168560712834
45395704.1587338,1601.0479177799464
45401177.458374724,1601.0715134542916
45406650.76228627,1601.2720430745862
45412123.956550166,1601.5884445843358
45417596.96893296,1601.9021244959279
45423069.93282928,1602.2563019547447
45428542.796369396,1602.5645321941838
45434015.520608954,1602.7419805630323
45439488.440543875,1602.8397734615148
45444961.491684824,1603.0382022245694
45450434.5031438,1603.3626953542735
45455907.4095155,1603.6725774374872
45461380.18541474,1603.9778071449957
45466852.8929705,1604.236636812868
45472325.54834872,1604.4507441228259
45477798.23818096,1604.626652071632
45483271.163397074,1604.8501706211148
45488744.10023799,1604.8728370740307
45494217.00567675,1605.0803318504466
45499689.79460368,1605.3982718001573
45505162.425201796,1605.7107599079545
45510635.01891964,1606.0379675711097
45516107.481916435,1606.3110301940835
45521579.87670432,1606.4444492745786
45527052.47375673,1606.5401143762037
45532525.15350847,1606.7809721663966
45537997.79169576,1607.1204564110672
45543470.26676285,1607.428317466485
45548942.65747003,1607.7297722413978
45554414.95337722,1607.9458230611585
45559887.20707662,1608.1362686672278
45565359.573600575,1608.305278445858
45570832.13736039,1608.4463798144639
45576304.72003878,1608.4928042820216
45581777.237044424,1608.702827541315
45587249.60647698,1609.0163029260686
45592721.858236164,1609.305057831113
45598194.073016256,1609.625476834486
45603666.11648128,1609.8525978756397
45609138.178043835,1609.9565203876075
45614610.44161109,1610.050223711605
45620082.77335116,1610.2642747706411
45625555.0310235,1610.5730409466998
45631027.12883138,1610.8416985223812
45636499.168362744,1611.143619881929
45641971.113472715,1611.3230967001596
45647443.01090022,1611.4860649997515
45652915.1085027,1611.6739270632559
45658387.32484881,1611.7320454018218
45663859.56165761,1611.8067335675078
45669331.73812014,1612.0262851274063
45674803.74564438,1612.3423039999452
45680275.64879354,1612.6079736503884
45685747.50726302,1612.9042395902204
45691219.1972881,1613.082067068486
45696690.98594184,1613.1567568698392
45702162.93839696,1613.2595848724086
45707634.92726605,1613.5367556568524
45713106.80558505,1613.8312436145163
45718578.53574187,1614.0950588767273
45724050.196335256,1614.367991978133
45729521.77718843,1614.5376304374856
45734993.32150441,1614.6627196380664
45740465.11620808,1614.858086037519
45745936.99213245,1614.8536559199702
45751408.85578954,1614.9677480559676
45756880.646278575,1615.202001971699
45762352.256387204,1615.4831242967784
45767823.80932734,1615.7632812863158
45773295.26866555,1616.0136569308324
45778766.583093315,1616.1608184575473
45784238.066554524,1616.2210773744453
45789709.65892511,1616.3404442664478
45795181.270784855,1616.6322992379755
45800652.75501701,1616.888496486361
45806124.10968989,1617.1528294803925
45811595.37791266,1617.3609010376094
45817066.58020117,1617.5226662496852
45822537.79177996,1617.6410726980212
45828009.25055918,1617.806073189282
45833480.7484026,1617.7844300685756
45838952.23647164,1617.9074984695483
45844423.62834296,1618.1547425025558
45849894.830394074,1618.4127858385102
45855366.00265186,1618.6955452846312
45860837.04089221,1618.9181207996762
45866307.98304151,1619.0189443248626
45871779.12868501,1619.0771544510044
45877250.357102804,1619.2055312085638
45882721.55272782,1619.5054377649697
45888192.61903033,1619.730045639559
45893663.56576554,1620.0036040805185
45899134.442258716,1620.183369343382
45904605.244027644,1620.3186349448497
45910076.129586644,1620.434045036909
45915547.23283598,1620.549479506548
45921018.35014326,1620.5422484560997
45926489.43518679,1620.6815798744674
45931960.40259497,1620.9410077320554
45937431.19998963,1621.180536673455
45942901.95699372,1621.453780350104
45948372.573674545,1621.6495796014065
45953843.13870622,1621.7152043441638
45959313.90567332,1621.746900036604
45964784.76477093,1621.9137246651976
45970255.561076455,1622.167945396257
45975726.20959327,1622.3849012009734
45981196.76524134,1622.616982994292
45986667.25441837,1622.7689974714892
45992137.6744817,1622.8805090596834
45997608.23931985,1623.0089531941667
46003078.9622702,1623.0602559857787
46008549.69695961,1623.070675935238
46014020.40270707,1623.2162514474815
46019490.95074732,1623.4833717857514
46024961.36673777,1623.704833658081
46030431.70992791,1623.9497189426445
46035901.91547274,1624.1064481649896
46041372.15010788,1624.1450289132615
46046842.56304086,1624.1563000762646
46052313.05013075,1624.3741161080195
46057783.44214893,1624.5891907339283
46063253.71072144,1624.7948862287717
46068723.89293366,1624.9954129623657
46074194.011363044,1625.1068223429045
46079664.08874689,1625.1963134550888
46085134.37615402,1625.3219090696105
46090604.777952,1625.3159487573716
46096075.18159278,1625.342430884101
46101545.52313545,1625.4980542368369
46107015.69343596,1625.73724200165
46112485.778758325,1625.9546595055156
46117955.79377468,1626.1735617531604
46123425.642695986,1626.296423025923
46128895.598014936,1626.3136695855555
46134365.70452572,1626.3183339746936
46139835.8697918,1626.5462017201623
46145305.90450259,1626.7371841517368
46150775.81974653,1626.946671370679
46156245.66686118,1627.1245176472303
46161715.42420325,1627.2222704809906
46167185.16720817,1627.304447236838
46172655.14233987,1627.4276127401595
46178125.16985206,1627.3998245330688
46183595.20687849,1627.4556084775816
46189065.15307765,1627.6316350027403
46194534.90877864,1627.8286943845058
46200004.619394004,1628.0568835378808
46205474.23836901,1628.236112475105
46210943.70826447,1628.3128223435629
46216413.34785102,1628.3164310177817
46221883.10252319,1628.3796757404054
46227352.69398433,1623.0803605159565
46232827.41135581,1623.0050694222218
46238301.81297558,1623.1206382229777
46243780.6747552,1617.1988302068348
46249259.86503435,1617.1288280294875
46254743.9523865,1611.3670208500655
46260228.33678511,1611.2114769954132
46265717.9446263,1605.6158182749107
46271207.283284895,1605.346777692868
46276702.02053571,1600.3972430015804
46282195.97627102,1600.067885015043
46287695.69753835,1595.5650304140506
46293194.3643543,1595.0262785918842
46298699.048015825,1590.787558494358
46304202.722902045,1589.8380581435247
46309712.8138012,1586.1374065883415
46315222.03334469,1586.3953369305464
46320731.115116924,1586.5898718712192
46326240.12978928,1586.7964888031038
46331749.07522029,1586.9277974510806
46337257.96934232,1587.0274027952858
46342766.98001399,1587.1187426490737
46348276.18983498,1587.1702868865254
46353785.42430077,1587.1275505731496
46359294.63487342,1587.2550506941511
46364803.71023885,1587.492562267552
46370312.677661456,1587.6960528268332
46375821.61634713,1587.9236712428144
46381330.40250527,1588.0585736732912
46386839.22336764,1588.069092428952
46392348.23254037,1588.0759353460498
46397857.33995108,1588.2557282235277
46403366.351283364,1588.4570877423757
46408875.25266234,1588.6489501688557
46414384.08018955,1588.8256201985168
46419892.848631896,1588.9166267900312
46425401.58954522,1588.9895327980269
46430910.54167592,1589.0962171368446
46436419.5927851,1589.0632610680286
46441928.67981357,1589.0870007535443
46447437.69958299,1589.2387512850778
46452946.55869549,1589.456083964363
46458455.336139016,1589.6453712004973
46463964.07184543,1589.8403596422736
46469472.66424915,1589.9210593476628
46474981.395824715,1589.9069043285417
46480490.294682324,1589.9001733133389
46485999.21019929,1590.1116867156486
46491508.034088545,1590.3002482191441
46497016.72032418,1590.4833292021754
46502525.36354111,1590.620747511392
46508033.94489701,1590.691774947289
46513542.548534535,1590.7352771317023
46519051.4071007,1590.831287457152
46524560.30577035,1590.73088468386
46530069.20508443,1590.7917797751352
46535578.024010874,1590.9672740514918
46541086.67332006,1591.1502391648385
46546595.29679225,1591.3606093612925
46552103.80572005,1591.4986183280355
46557612.23364457,1591.518097888283
46563120.863338955,1591.479374975122
46568629.620767415,1591.5537452723775
46574138.35355384,1591.723381639591
46579646.96989642,1591.8968523111391
46585155.499612786,1592.059675367292
46590663.9478011,1592.1489712103119
46596172.36555833,1592.2065031784084
46601680.88734018,1592.2423748795477
46607189.62551482,1592.262405969408
46612698.38902362,1592.1963693343364
46618207.119861,1592.273720761166
46623715.731440544,1592.4646218958305
46629224.20176351,1592.6243703820608
46634732.62897273,1592.816026376048
46640240.93421232,1592.9139618266734
46645749.24917376,1592.8882290873078
46651257.75713111,1592.8364526223395
46656766.33350474,1592.9590059475627
46662274.87261473,1593.126552972428
46667783.247814655,1593.2734354971553
46673291.58389846,1593.4352023381264
46678799.838901974,1593.4841700301868
46684308.05577926,1593.5077980878464
46689816.489586756,1593.5682252027875
46695325.03855307,1593.4909065003849
46700833.61941466,1593.4491431974793
46706342.148161575,1593.5449290583751
46711850.51976069,1593.7213872810378
46717358.81715952,1593.8801882259775
46722867.05432868,1594.0362966534706
46728375.13693349,1594.0811612747943
46733883.34976448,1594.0202905612648
46739391.74000431,1594.0144469703444
46744900.1346484,1594.1668450693196
46750408.412421934,1594.3226605439474
46755916.58621118,1594.4573497440463
46761424.68527076,1594.5612372697728
46766932.73411636,1594.6022317524323
46772440.78792549,1594.602763403079
46777949.09112556,1594.6538482722826
46783457.45372758,1594.5099936347192
46788965.830770105,1594.515414162609
46794474.12464289,1594.6451452330675
46799982.25045823,1594.7668417517257
46805490.342736416,1594.9288516956672
46810998.343515344,1595.0422358463456
46816506.23134492,1595.0242583794104
46822014.32413176,1594.935258115785
46827522.52033166,1594.960037289944
46833030.72419564,1595.1241922321292
46838538.77896072,1595.2371990896954
46844046.74240217,1595.3835469724931
46849554.64020012,1595.4383069782825
46855062.4776402,1595.4505282707207
46860570.41341599,1595.4490291501315
46866078.56432699,1595.4381145448767
46871586.72936854,1595.2973059086162
46877094.89222603,1595.3228571104955
46882602.93725581,1595.4658261100085
46888110.84403702,1595.5844802661272
46893618.72976082,1595.7151719385997
46899126.4825137,1595.7738439151751
46904634.231528334,1595.708776981611
46910142.188555315,1595.6267924497286
46915650.219558775,1595.667380246269
46921158.19831518,1595.800966837572
46926666.05047108,1595.9013958058104
46932173.82233919,1595.9996324912458
46937681.52580985,1596.0199149558944
46943189.19945841,1596.0089668177036
46948697.05245302,1596.0181269044951
46954205.0458022,1595.9246607070882
46959713.058960795,1595.827138227316
46965221.02672055,1595.8725277724554
46970728.84028666,1596.009401177549
46976236.56285493,1596.107045832073
46981744.24652961,1596.2249685090922
46987251.782625474,1596.22111100054
46992759.42956537,1596.1219476825797
46998267.2345111,1596.0350600004485
47003775.10825931,1596.145097653893
47009282.86077628,1596.2329056475287
47014790.51128117,1596.328077819032
47020298.10878477,1596.396054822183
47025805.62681437,1596.3756821622092
47031313.1385701,1596.3392946529852
47036820.90892259,1596.3442645056941
47042328.74054014,1596.1599339785362
47047836.586972676,1596.1202827313643
47053344.36166938,1596.1956289387597
47058851.967464104,1596.293514100681
47064359.52478451,1596.4157958979704
47069866.990218416,1596.4764669999317
47075374.347747914,1596.424645145455
47080881.8960705,1596.3109449345602
47086389.55476826,1596.2637750244505
47091897.20782274,1596.3786797237158
47097404.75207659,1596.4490247085146
47102912.18007248,1596.537325632225
47108419.553506404,1596.5577024502943
47113926.87941917,1596.5340480686232
47119434.26218826,1596.477647675782
47124941.865086704,1596.4574832446278
47130449.50265537,1596.2760470922494
47135957.121293314,1596.2491073791566
47141464.63610248,1596.33479408594
47146971.99703533,1596.4090569622222
47152479.33322217,1596.5127994828918
47157986.54129479,1596.5386886313993
47163493.71991611,1596.432987205124
47169001.100139774,1596.292972860625
47174508.58033627,1596.3226158016776
47180015.99335826,1596.404505937861
47185523.27448025,1596.4808256139302
47191030.47932108,1596.5408875523958
47196537.59768137,1596.5097119153618
47202044.683089145,1596.4599213788194
47207551.94093752,1596.4177205576598
47213059.33687513,1596.28481456077
47218566.75603037,1596.1552015595416
47224074.14530435,1596.14506322266
47229581.38588712,1596.2377420785874
47235088.53532234,1596.2916330963542
47240595.63490925,1596.3719016924251
47246102.58427485,1596.341705463289
47251609.617371604,1596.2025761797959
47257116.826169826,1596.0624642439725
47262624.08268028,1596.1208807651926
47268131.25622217,1596.1731036211527
47273638.29539278,1596.2123183931112
47279145.29059893,1596.2538387740688
47284652.20693932,1596.195677974782
47290159.100781366,1596.1028214411765
47295666.25243664,1596.0739076162702
47301173.478010416,1595.8577946787855
47306680.70957471,1595.7512535928145
47312187.883065514,1595.7686766550669
47317694.88550441,1595.8119015768384
47323201.84596782,1595.8862118954326
47328708.73257589,1595.9099877253168
47334215.48496818,1595.8234730742076
47339722.41162593,1595.6555675586708
47345229.465788476,1595.5596917214466
47350736.53068553,1595.6084286138148
47356243.49067906,1595.6389928750455
47361750.34888522,1595.6654497920274
47367257.13708121,1595.634625478474
47372763.88364417,1595.5737353014454
47378270.67931124,1595.4664010066303
47383777.70342861,1595.3890838507764
47389284.782983944,1595.1478950058074
47394791.86866398,1595.0757596649812
47400298.84440432,1595.1199774021234
47405805.66730119,1595.1333700119449
47411312.45986004,1595.1781368271133
47416819.14088348,1595.16641630114
47422325.771164596,1595.0211949635761
47427832.60650228,1594.8374106137976
47433339.52820832,1594.7945920628936
47438846.4149708,1594.8488283752151
47444353.155609794,1594.8590375391464
47449859.8416144,1594.8782355009844
47455366.45359162,1594.8052516126425
47460873.01856583,1594.7038969861646
47466379.743344374,1594.6186926350329
47471886.62419555,1594.4453180660635
47477393.52587846,1594.2365404208344
47482900.41532029,1594.172028190685
47488407.15455233,1594.2085712040412
47493913.79547885,1594.2220113987396
47499420.40339622,1594.2470645056917
47504926.85833638,1594.1692784585223
47510433.38396502,1593.9884576493941
47515940.0990095,1593.824157886589
47521446.84325243,1593.8328562268293
47526953.5061196,1593.8529090879829
47532460.0464559,1593.8515080518018
47537966.51361592,1593.8436376320246
47543472.92196466,1593.7427462053458
47548979.30688842,1593.609801290912
47554485.92122598,1593.5341738318295
47559992.61938589,1593.2937407036977
47565499.33438187,1593.125495150038
47571005.98823858,1593.0860201206165
47576512.46790773,1593.098303764337
47582018.87717689,1593.1059433884045
47587525.23301497,1593.0988609435838
47593031.4487206,1592.9686841541732
47598537.83476636,1592.7546669206106
47604044.34253795,1592.5952747690512
47609550.88117924,1592.6175364437258
47615057.295672946,1592.6090106925908
47620563.60350298,1592.6070848799586
47626069.83881549,1592.5390109993555
47631576.01028087,1592.4187393498237
47637082.229758196,1592.2719180209758
47642588.68745152,1592.1435250191769
47648095.179989584,1591.8466335631254
47653601.69540934,1591.7252564859186
47659108.11155386,1591.713361824701
47664614.3696029,1591.6866849062467
47670120.58468957,1591.7062025336757
47675626.67424494,1591.6487438436131
47681132.70682802,1591.4653723999947
47686638.94806583,1591.2451784395632
47692145.278689355,1591.118431530092
47697651.581518814,1591.1273572788855
47703157.756427534,1591.083444895527
47708663.862143554,1591.0502060550614
47714169.89465225,1590.9418345213348
47719675.87608577,1590.799759305323
47725181.98661362,1590.649834444435
47730688.2903435,1590.4513869285129
47736194.61922374,1590.1664653608404
47741700.92092784,1590.046369750665
47747207.092246644,1590.0284940788592
47752713.15463683,1589.9914248203518
47758219.1917852,1589.978826506965
47763725.07185895,1589.8709138696015
47769230.992933765,1589.6440912938865
47774737.09925075,1589.402505811578
47780243.3002451,1589.3461104139328
47785749.396936014,1589.296304182235
47791255.38821376,1589.248628874097
47796761.31123492,1589.1796976416995
47802267.170240596,1589.0261584404932
47807773.00279995,1588.8557452456057
47813279.05831647,1588.7227625936598
47818785.198903225,1588.4290390273134
47824291.38433022,1588.2033746455306
47829797.50966762,1588.1033207840708
47835303.47324982,1588.0738446098082
47840809.361166306,1588.019206850205
47846315.20108924,1587.9710889561743
47851820.89738083,1587.8053295810041
47857326.73870513,1587.5491984490711
47862832.74206473,1587.2943053379026
47868338.75496395,1587.2636185161089
47873844.67177823,1587.1856365204567
47879350.465539664,1587.1226981281675
47884856.21718742,1587.0138663861428
47890361.90388952,1586.8365669829666
47895867.61937703,1586.637866150879
47901373.59146811,1586.4790943794196
47906879.602993675,1586.118690545909
47912385.62532613,1585.9261796704275
47917891.56748224,1585.8511578414502
47923397.34257367,1585.7854137498684
47928903.08497649,1585.7564798752128
47934408.71190733,1585.6504342708201
47939914.25733609,1585.4267597380942
47945420.00835478,1585.1533944163489
47950925.87583568,1584.9663714057824
47956431.70292903,1584.891249419864
47961937.4253721,1584.8119666362038
47967443.05232237,1584.725053764892
47972948.61103501,1584.5701047527364
47978454.13472752,1584.3798478541642
47983959.76551356,1584.1672465151778
47989465.61500377,1583.9317837095164
47994971.49045801,1583.5897487688842
48000477.344682574,1583.4062701981668
48005983.08366091,1583.3346636092024
48011488.684070386,1583.2460393846422
48016994.25353857,1583.1946935796034
48022499.68398953,1583.0484749223297
48028005.12191015,1582.7753881636183
48033510.75293065,1582.470322781219
48039016.481397934,1582.3690103153083
48044522.115652196,1582.2758656109963
48050027.6014108,1582.1907301347708
48055533.04830237,1582.0887133152144
48061038.406808496,1581.8826215101947
48066543.73727032,1581.6628921467297
48072049.280739434,1581.4753048270486
48077554.92950892,1581.1272240994936
48083060.629523866,1580.8191708430181
48088566.28285076,1580.652953620475
48094071.775983185,1580.5801200757141
48099577.19841239,1580.4738695886085
48105082.561671615,1580.3827797874974
48110587.776837364,1580.1804672573467
48116093.112594865,1579.8747480274758
48121598.62030974,1579.5645552024255
48127104.1480968,1579.4751561110404
48132609.5868955,1579.3561470962268
48138114.89298061,1579.2336831956138
48143620.14565189,1579.0975949137855
48149125.340288326,1578.8748600899437
48154630.53313865,1578.6171305233327
48160135.995118886,1578.4170108056423
48165641.495468915,1578.001194424982
48171147.011674084,1577.7269250648628
48176652.46435495,1577.5930624635378
48182157.74088063,1577.4723284488523
48187662.979433455,1577.3919578463099
48193168.13296905,1577.236663190176
48198673.172947526,1576.9728936465883
48204178.40991128,1576.6310834185208
48209683.78254577,1576.3817225344126
48215189.12802329,1576.2575375577321
48220694.363617,1576.1227517523523
48226199.50381948,1575.9847173526816
48231704.57172285,1575.7752799559987
48237209.59704758,1575.5409531616842
48242714.709735945,1575.2751589779382
48248220.03136011,1575.0031076533473
48253725.39244724,1574.5952839063743
48259230.74854478,1574.3469121027329
48264736.00100371,1574.2320723648234
48270241.086262584,1574.0942095470548
48275746.147827394,1573.984596071085
48281251.08035867,1573.7996554538167
48286755.99380349,1573.4785412707988
48292261.11600876,1573.1076938715821
48297766.32317909,1572.9210535072766
48303271.47173346,1572.7854437303965
48308776.473413035,1572.6407796185547
48314281.42631617,1572.4898744850088
48319786.293965414,1572.2335973160539
48325291.12079802,1571.9607061794682
48330796.13587269,1571.7187295366716
48336301.28322388,1571.331488686884
48341806.44841382,1570.9541524801803
48347311.60071374,1570.7199834215296
48352816.59695341,1570.59609166314
48358321.50646066,1570.4478081652992
48363826.35661127,1570.3176188125021
48369331.05354184,1570.070747363091
48374835.84722506,1569.7105493704216
48380340.82338534,1569.3537214995388
48385845.827512845,1569.1896517327684
48391350.74496399,1569.0292442060136
48396855.53220951,1568.8535539228349
48402360.262916796,1568.6752024166524
48407864.92755718,1568.3991783431104
48413369.57541812,1568.0822139624531
48418874.48098855,1567.8337369786677
48424379.44233619,1567.378671097387
48429884.42402009,1567.0367505710983
48435389.34704455,1566.832460921378
48440894.09407377,1566.6552268276057
48446398.79340324,1566.517543364213
48451903.42214278,1566.330849297524
48457407.90707164,1566.0259340966547
48462912.57538918,1565.6257470104329
48468417.37629339,1565.2888496844903
48473922.185919665,1565.1177605607231
48479426.877083875,1564.9272039518166
48484931.47888957,1564.7367037771064
48490436.004666895,1564.4786555894177
48495940.48509689,1564.1919193496844
48501445.026792996,1563.8643769561431
48506949.793500565,1563.5425475438728
48512454.614732295,1563.0485911259284
48517959.44800946,1562.7400818183753
48523464.17263879,1562.5633446214224
48528968.74493093,1562.3570725440277
48534473.28345649,1562.1887487303622
48539977.69915121,1561.9597602705003
48545482.06607971,1561.5907024647445
48550986.64917783,1561.1625847516311
48556491.314613596,1560.8898144604464
48561995.93259812,1560.7127225440108
48567500.414136484,1560.4998082474276
48573004.84707416,1560.2981887329377
48578509.199091524,1559.9926560446197
48584013.50603806,1559.6641235059888
48589517.98187783,1559.3516223673012
48595022.604002915,1558.924886182231
48600527.245506614,1558.4673666412566
48606031.88581796,1558.16417532698
48611536.37758113,1557.9798148562697
48617040.75941049,1557.7756566460369
48622545.10825567,1557.578020263383
48628049.29773823,1557.2792771769855
48633553.55656889,1556.8654237756277
48639058.01454487,1556.4572430796597
48644562.4931018,1556.2227772970768
48650066.890113644,1556.0115151668365
48655571.16266679,1555.7951768445157
48661075.367164925,1555.5628736311573
48666579.50506354,1555.2280189929306
48672083.61829343,1554.861203707411
48677587.97674527,1554.5548186443789
48683092.39951834,1554.03954409269
48688596.84901021,1553.6173238610954
48694101.24483885,1553.3355919981318
48699605.46090994,1553.1235003294642
48705109.61556365,1552.915213614697
48710613.70050531,1552.6930398766262
48716117.63637933,1552.3301641921366
48721621.7454521,1551.8686363809338
48727125.99461329,1551.4436550522596
48732630.27663827,1551.2252897405485
48738134.421736084,1550.9859996615169
48743638.47384564,1550.7494442812604
48749142.452489845,1550.4525451601703
48754646.36577617,1550.0988097818306
48760150.31802807,1549.7171538874518
48765654.51780046,1549.3398505173336
48771158.75793365,1548.7689762227728
48776663.02455412,1548.384549414506
48782167.19263595,1548.140449704543
48787671.19652872,1547.8682359262348
48793175.15750589,1547.6652967838156
48798679.01021239,1547.3871536311067
48804182.77605089,1546.9710185871477
48809686.77400493,1546.4957136986322
48815190.84494168,1546.1206453746063
48820694.90150135,1545.8877782417499
48826198.81614281,1545.5981382999057
48831702.677196205,1545.3420687241096
48837206.45745101,1544.9843595367354
48842710.18613706,1544.6045711450972
48848214.050376624,1544.2210562262674
48853718.09790266,1543.7616444790954
48859222.16203395,1543.1953741893078
48864726.2325192,1542.818851141894
48870230.17000615,1542.5739551707345
48875733.98367323,1542.3042267359547
48881237.77075854,1542.045604112046
48886741.40431723,1541.710273106927
48892245.07280943,1541.2365941894939
48897748.96278208,1540.7311958678908
48903252.93422186,1540.390730983117
48908756.79464713,1540.1133357813285
48914260.543369964,1539.815297528769
48919764.21806251,1539.5087694219947
48925267.840495236,1539.1116584866174
48930771.431601025,1538.6878736723777
48936275.25114446,1538.315029705092
48941779.16316742,1537.738399309157
48947283.11667806,1537.2281277533966
48952787.02032474,1536.8650298467376
48958290.75134614,1536.5943015823605
48963794.410444014,1536.3184841808193
48969298.01089952,1536.0465910350663
48974801.45058951,1535.6334074942183
48980305.03961842,1535.1093125995649
48985808.788511895,1534.6360067525984
48991312.57706314,1534.3360561629997
48996816.226662524,1534.0068944628265
49002319.79613935,1533.7109793453906
49007823.29113064,1533.3511882810192
49013326.72143411,1532.9237936893535
49018830.1785087,1532.4786088930598
49024333.89368153,1532.051295333016
49029837.6602213,1531.401550823609
49035341.45554185,1530.927056792164
49040845.16258859,1530.599563558991
49046348.70174354,1530.2756140250572
49051852.193513,1530.0049455798523
49057355.58804605,1529.6754687339944
49062858.86650925,1529.2042306414846
49068362.36806274,1528.645558094572
49073865.96634878,1528.1836541693003
49079369.57071917,1527.8942109527875
49084873.00916284,1527.5491158751215
49090376.36604916,1527.2432813919459
49095879.65972401,1526.8287305926783
49101382.894425035,1526.3727693211194
49106886.2421639,1525.913432173223
49112389.79628233,1525.4131447508735
49117893.36201488,1524.7402822892857
49123396.94606561,1524.279662217468
49128900.4109581,1523.963619233464
49134403.723065615,1523.6216159194832
49139907.02227223,1523.3089074942534
49145410.17261266,1522.9199680454565
49150913.319530524,1522.385470893318
49156416.6990022,1521.8038915813065
49161920.148244314,1521.3772286271055
49167423.524853475,1521.035153776581
49172926.77210028,1520.6573437074012
49178429.96036979,1520.2971693491063
49183933.08190128,1519.8465016301675
49189436.16409083,1519.354751648708
49194939.44102657,1518.891828629624
49200442.84774205,1518.2573116560452
49205946.29299624,1517.6484844093839
49211449.696230404,1517.200567804567
49216952.93410529,1516.867111704364
49222456.083218694,1516.5158548993438
49227959.176679336,1516.1812413605298
49233462.112905726,1515.7149711018913
49238965.168688215,1515.125297636714
49244468.397362806,1514.552094373158
49249971.67336369,1514.1738269473904
49255474.82873968,1513.786912845113
49260977.879962094,1513.4173367866144
49266480.85521115,1513.0013397596406
49271983.77169472,1512.5063300665747
49277486.69352655,1511.986712272966
49282989.857072234,1511.512137981623
49288493.03877553,1510.7892237093815
49293996.292655066,1510.2219352011157
49299499.46446927,1509.8070006702044
49305002.46325043,1509.427010394931
49310505.3982296,1509.0808331619542
49316008.25274938,1508.6916020472543
49321510.964881495,1508.1626507530596
49327013.8850916,1507.5248044475074
49332516.94226168,1506.9427640090823
49338020.00586102,1506.579142257906
49343522.91452226,1506.1624486593173
49349025.74455358,1505.7845200161476
49354528.49547138,1505.3091238404675
49360031.178843774,1504.7814352434102
49365533.94414527,1504.2441649483756
49371036.94158484,1503.6582022062646
49376539.95717771,1502.8985725914774
49382042.991965294,1502.353287858416
49387545.92938765,1501.9538803673627
49393048.712170586,1501.547054781204
49398551.47107589,1501.1775678141912
49404054.07853652,1500.7294503073936
49409556.64378359,1500.1276853016645
49415059.44459797,1499.4462531082954
49420562.32560216,1498.9276061731557
49426065.15111259,1498.5046301522702
49431567.85011,1498.050064836964
49437070.49286113,1497.6259948067386
49442573.06754678,1497.097187489203
49448075.58727541,1496.53612609574
49453578.2854545,1495.9947041040864
49459081.131044134,1495.2947291218268
49464584.00041678,1494.547892526194
49470086.85913648,1494.0075066150869
49475589.57366001,1493.5892876793944
49481092.17412353,1493.1570110436767
49486594.750985675,1492.7571463718732
49492097.15040304,1492.2280593305834
49497599.62787618,1491.5651181616538
49503102.303438775,1490.898525259615
49508605.03250894,1490.4107131333212
49514107.65800754,1489.9564399033616
49519610.16011697,1489.5224316429276
49525112.5959526,1489.046067746355
49530614.971829526,1488.4709382468227
49536117.33149787,1487.8700561947965
49541619.92992754,1487.3210366262172
49547122.580685124,1486.516456971508
49552625.2809306,1485.8338751865988
49558127.921456724,1485.313319627823
49563630.37327048,1484.8673767754087
49569132.766271524,1484.4270459935162
49574635.08015756,1483.977918551781
49580137.245666325,1483.37803502069
49585639.594534226,1482.6580720034835
49591142.08150511,1481.968050241097
49596644.600633666,1481.5233271679228
49602146.955377795,1481.0328398453262
49607649.23143258,1480.5741478416262
49613151.42459399,1480.039295230065
49618653.550173245,1479.4331234044223
49624155.72273193,1478.8085832029951
49629658.14378648,1478.1612123611665
49635160.585451365,1477.2896452664681
49640663.06652987,1476.6405521535416
49646165.44927393,1476.156196780867
49651667.67169217,1475.6527079777354
49657169.83841144,1475.218060377018
49662671.88827383,1474.7053471703955
49668173.84992725,1474.0324988545674
49673676.050913796,1473.2922886812653
49679178.34400033,1472.6444541351036
49684680.60457693,1472.164999156865
49690182.72458427,1471.6233572016995
49695684.781227015,1471.136464608037
49701186.76026749,1470.5240795623567
49706688.67904494,1469.8896044324913
49712190.74394512,1469.2554086384387
49717692.97355393,1468.5109983044722
49723195.22502295,1467.6306044743562
49728697.48863227,1466.9847578921526
49734199.61895528,1466.4928174046659
49739701.621840246,1465.9744379525778
49745203.60689492,1465.4793330431878
49750705.41690357,1464.8980233860548
49756207.26503598,1464.1506099886406
49761709.35453808,1463.358842297903
49767211.52294253,1462.7644568126034
49772713.56619111,1462.2180839628243
49778215.50186489,1461.6652189963424
49783717.3580419,1461.1019801719585
49789219.15607868,1460.4409728206688
49794720.926282495,1459.751249824174
49800222.92470691,1459.118777641669
49805725.005469225,1458.218066484859
49811227.12811882,1457.416713669614
49816729.208071195,1456.7813519265374
49822231.11265867,1456.2504980630247
49827732.94286453,1455.7319357083954
49833234.706903875,1455.2125580481709
49838736.30235967,1454.5376939378286
49844238.052619085,1453.7235380694713
49849739.97276387,1452.971426014754
49855241.937255114,1452.3915190746707
49860743.75492756,1451.8026313137698
49866245.48402843,1451.24903801811
49871747.13306707,1450.6150924060887
49877248.71948296,1449.9146575532463
49882750.332104914,1449.1968467572974
49888252.20394276,1448.4845780724013
49893754.10197662,1447.507008832706
49899256.046986006,1446.725484915469
49904757.907866046,1446.1225236702207
49910259.59223295,1445.529100391629
49915761.23429983,1444.989132883671
49921262.7798804,1444.4092256406293
49926764.191675484,1443.6562349473
49932265.836807236,1442.7863442008324
49937767.61450478,1442.0246830143499
49943269.39064786,1441.4505386560293
49948770.98275473,1440.8306078953865
49954272.51585495,1440.2589461843809
49959773.95825293,1439.5539107580357
49965275.34246818,1438.812106491929
49970776.84561246,1438.0719417625164
49976278.55421529,1437.2348973442656
49981780.26411315,1436.2125114866883
49987282.00563538,1435.4495891343822
49992783.63445938,1434.869391829034
49998285.105893426,1434.23875523871
50003786.55215513,1433.6671971306985
50009287.846468195,1433.0037327172727
50014789.12997623,1432.168292897653
50020290.665805124,1431.2615909820822
50025792.26708908,1430.544277324532
50031293.80898068,1429.898520196975
50036795.20098338,1429.2345814871098
50042296.548388176,1428.611512318504
50047797.817653045,1427.8506249018385
50053299.03160659,1427.066553349983
50058800.45732943,1426.3198168928513
50064301.98949392,1425.332630934351
50069803.55900945,1424.341833952691
50075305.11561417,1423.5837317378548
50080806.51286503,1422.959940655366
50086307.815497085,1422.340309756989
50091809.05602601,1421.7206056768887
50097310.12383546,1420.976923549842
50102811.30851128,1420.0691751787058
50108312.700921364,1419.1658721361189
50113814.14059764,1418.4642292336148
50119315.45614528,1417.7907211679799
50124816.63821118,1417.131209316595
50130317.749802336,1416.4325493728861
50135818.8025807,1415.6344043685406
50141319.85136643,1414.793075559072
50146821.15646234,1414.017163196765
50152322.485573,1412.908455338184
50157823.854350604,1411.9893208684264
50163325.17247021,1411.2625712336453
50168826.30243953,1410.5764385996713
50174327.37958372,1409.9502198238442
50179828.37631874,1409.2832434248114
50185329.20513953,1408.4404978653758
50190830.24276372,1407.4561529132684
50196331.46377559,1406.5414945052735
50201832.66813824,1405.8382173835757
50207333.72153012,1405.098219407046
50212834.70452591,1404.3935957846393
50218335.59646224,1403.597102343314
50223836.44245639,1402.764910391589
50229337.35494485,1401.9009511062104
50234838.498283505,1400.975068750767
50240339.66396228,1399.8240476000717
50245840.86500162,1398.912558418933
50251341.96144175,1398.2127753581278
50256842.89700336,1397.4828599896523
50262343.78908452,1396.8110257465617
50267844.54926126,1396.0784803632107
50273345.23992088,1395.1417330189247
50278846.18481537,1394.115992912856
50284347.22336643,1393.2810370359964
50289848.212338164,1392.5064923815705
50295349.054728195,1391.7644759019943
50300849.82906209,1391.042998702847
50306350.51801366,1390.1611525299309
50311851.167617545,1389.2720787189821
50317351.99901576,1388.39988129335
50322852.94160673,1387.322317253644
50328353.91425054,1386.1904058683153
50333854.8987256,1385.2924159730146
50339355.74677885,1384.5888361397363
50344856.46245909,1383.8376372177065
50350357.13470156,1383.1147280605812
50355857.631658785,1382.2824745097912
50361358.188942775,1381.2634318183962
50366858.98318943,1380.2041886333013
50372359.81986314,1379.3713711749303
50377860.56750915,1378.578467738388
50383361.149720676,1377.8015859368559
50388861.69607813,1377.0167224239804
50394362.14375171,1376.0898978208631
50399862.57096895,1375.137839720877
50405363.25604485,1374.2384523664814
50410863.97724485,1372.9598309388016
50416364.74324834,1371.8685574067244
50421865.48481798,1370.9824091033634
50427366.05280586,1370.2044466739756
50432866.57462615,1369.4598723403717
50438366.990437455,1368.682301084236
50443867.23571238,1367.7519111502193
50449367.66399617,1366.6573130274057
50454868.27130985,1365.6447211056563
50460368.89148,1364.8001312893325
50465869.37431188,1363.9674142514555
50471369.74745297,1363.1316723425657
50476870.04917688,1362.2445306914615
50482370.29790445,1361.2782263402637
50487870.56989672,1360.2821783281092
50493371.10725341,1359.2851107098127
50498871.617703535,1357.959215777116
50504372.18328438,1356.8737270392871
50509872.683498956,1356.0174701242127
50515372.99344099,1355.1639533219761
50520873.283796914,1354.3868222527908
50526373.4577154,1353.52517742669
50531873.50895351,1352.4763926074702
50537373.79563768,1351.2995482109543
50542874.26499556,1350.284007367423
50548374.676560916,1349.391621646971
50553874.93036355,1348.5077107621055
50559375.123678416,1347.6304973173635
50564875.20917956,1346.6265787094571
50570375.26408471,1345.6160353147318
50575875.45932114,1344.589532753477
50581375.81826274,1343.4120484959553
50586876.208069615,1342.0792222934535
50592376.595106654,1341.0161461290293
50597876.874140725,1340.1598042152173
50603377.00907539,1339.2545368448746
50608877.09872471,1338.4503707987005
50614377.02198642,1337.5136997306345
50619876.948652335,1336.3618213836976
50625377.10894924,1335.1389638992334
50630877.3756515,1334.234131040829
50636377.53133491,1333.2685979150874
50641877.5382299,1332.3771240627361
50647377.49309784,1331.4532481453489
50652877.34603038,1330.3683953119075
50658377.17428617,1329.2918996188787
50663877.244480185,1328.2586495210849
50669377.36067346,1326.8459104108097
50674877.53143052,1325.557150102596
50680377.68733026,1324.5040616776198
50685877.68919663,1323.5960040042055
50691377.60031432,1322.676868976336
50696877.454428606,1321.770368437927
50702377.123266265,1320.7327044552205
50707876.92559556,1319.4968723149618
50713376.91775285,1318.2237312530458
50718876.99643294,1317.266832432138
50724376.934465006,1316.2374856242593
50729876.73619175,1315.2887104534502
50735376.497407295,1314.2742694079138
50740876.162910305,1313.139186631273
50746375.83811306,1311.9944071659636
50751875.79192651,1310.8654093504006
50757375.74929346,1309.275824977229
50762875.75717486,1308.0110281961024
50768375.72159344,1306.9811677586918
50773875.501840115,1306.0213042123771
50779375.25123825,1305.092740707846
50784874.87413039,1304.1174247997787
50790374.354774594,1302.9384763667197
50795874.07126918,1301.6257782154858
50801373.942344934,1300.4218110440127
50806873.791195735,1299.4398003668985
50812373.49323915,1298.3717091906617
50817873.08566275,1297.3730391764548
50823372.61608349,1296.2576431879531
50828872.09032372,1295.0739029690403
50834371.65119721,1293.8935668701931
50839871.439318664,1292.5996319163216
50845371.18670026,1291.0182906995108
50850870.98117593,1289.7407884229092
50856370.68684712,1288.7142733643018
50861870.21630766,1287.6863585146864
50867369.74179564,1286.748269706298
50872869.09681157,1285.6767712918506
50878368.39235038,1284.378011327905
50883867.94449713,1283.0035382923843
50889367.61234275,1281.8214934781017
50894867.22599358,1280.7113209668726
50900366.68605475,1279.6135995054583
50905866.0539786,1278.5284443959283
50911365.35176059,1277.3216968445986
50916864.604440026,1276.0840331077804
50922364.054975145,1274.8606202528601
50927863.61210793,1273.3222636234013
50933363.22399261,1271.7406977850935
50938862.81619427,1270.4830414887224
50944362.272564895,1269.428869405718
50949861.616200864,1268.339319199177
50955360.917024374,1267.3464697056659
50960860.0191281,1266.164336510425
50966359.2015456,1264.7503606146138
50971858.595974915,1263.3257102202972
50977358.10461221,1262.2079526370278
50982857.458983906,1261.0452920033383
50988356.68506636,1259.8963302920893
50993855.85167736,1258.7247719076186
50999354.94921894,1257.4197383271762
51004854.04535377,1256.1141927816088
51010353.398910455,1254.8243614769146
51015852.753909394,1253.0890175817804
51021352.17782346,1251.5863022064443
51026851.56773044,1250.356766458744
51032350.769553,1249.2311643330722
51037849.90216628,1248.1447251855752
51043348.95940798,1247.030401614771
51048847.83117143,1245.7225427919557
51054346.90065829,1244.208093272072
51059846.12064421,1242.7339952927614
51065345.4072301,1241.6076613553437
51070844.49872269,1240.3444985318101
51076343.51811468,1239.2035886750384
51081842.43225362,1237.9111161296619
51087341.289802715,1236.5627160734557
51092840.20853484,1235.1733532185785
51098339.376831494,1233.6985479590517
51103838.507474475,1231.8218125133722
51109337.730355725,1230.3373810071353
51114836.868895836,1229.135750701488
51120335.82938659,1227.929566736213
51125834.756223604,1226.800545099079
51131333.53801885,1225.6245201460463
51136832.20170603,1224.1656452609263
51142331.13264832,1222.5793431511936
51147830.17321914,1221.196848734232
51153329.18038457,1220.003709703659
51158828.01845165,1218.6816290313454
51164326.79526397,1217.4747990666217
51169825.482588924,1216.0595220718476
51175324.11328169,1214.6287214357124
51180822.914398365,1213.2263455125744
51186321.851952925,1211.4937038848025
51191820.79845596,1209.6377184585049
51197319.78418266,1208.1295541504778
51202818.64780946,1206.9303025768147
51208317.37951654,1205.68140060951
51213816.06473056,1204.4690107510803
51219314.566207364,1203.151396955771
51224813.08150719,1201.5545703063144
51230311.84175857,1199.8986757514408
51235810.68397381,1198.5245208180247
51241309.463226646,1197.1737659307114
51246808.07463988,1195.810985037892
51252306.63288206,1194.4900858929577
51257805.108407535,1192.9933395688306
51263303.54507256,1191.4702848084876
51268802.24302606,1190.0100687939605
51274300.9800431,1188.0121581097446
51279799.76247631,1186.169963707821
51285298.540966764,1184.6733367840413
51290797.16147887,1183.393544052309
51296295.69951788,1182.130803001465
51301794.16368115,1180.855251330239
51307292.40652199,1179.3975830688382
51312790.798844,1177.6709756963533
51318289.414174914,1176.0269273450422
51323788.05412998,1174.685630033582
51329286.55279845,1173.2751560262743
51334784.90691137,1171.8759347792968
51340283.1896695,1170.425873431223
51345781.4104856,1168.851456446611
51351279.646107666,1167.2524827915463
51356778.17479957,1165.6273203292285
51362276.67452508,1163.4654279034114
51367775.22354421,1161.639331288225
51373273.73596304,1160.1717396377016
51378772.04473166,1158.7685354534983
51384270.343054086,1157.4775372833603
51389768.50325684,1156.0781325425614
51395266.50940896,1154.4370618410594
51400764.74655988,1152.59409619391
51406263.14528789,1150.9853148298157
51411761.518500514,1149.514859818163
51417259.753430925,1147.9996749006577
51422757.8867149,1146.5090460024112
51428255.93256624,1144.8937423524444
51433753.935874425,1143.2574626727235
51439252.04448327,1141.5980816897425
51444750.354090355,1139.7135090354768
51450248.65695977,1137.4620327336884
51455747.01025137,1135.6413098613052
51461245.27443239,1134.1851051691451
51466743.34498256,1132.6729446971863
51472241.401364416,1131.3191505277946
51477739.28807648,1129.8284036892082
51483237.11111956,1127.9997628702993
51488735.18229927,1126.0740599061378
51494233.39690636,1124.4795938843858
51499731.51682101,1122.9389066559102
51505229.47752753,1121.406404703569
51510727.35904048,1119.8163580974153
51516225.12395348,1118.0687193174454
51521722.86860974,1116.3300691443985
51527220.8373674,1114.5896176676763
51532718.89084938,1112.3378793560312
51538217.001114145,1110.1501806616013
51543715.10533787,1108.3320474069121
51549213.070581116,1106.834780124197
51554710.91528289,1105.2956272918336
51560208.68884857,1103.848211445038
51565706.268842906,1102.197224142712
51571203.92843694,1100.2042028668434
51576701.78894492,1098.1739601960605
51582199.751934856,1096.6237485300055
51587697.566077955,1094.9215783493785
51593195.27974942,1093.2610915508028
51598692.91731308,1091.5313528517202
51604190.4666343,1089.6635800432514
51609688.02003865,1087.8282191458413
51615185.86193385,1085.9568924659566
51620683.66313573,1083.399790436974
51626181.57752173,1081.2129407454445
51631679.459711224,1079.4390099876318
51637177.14843008,1077.8255269102615
51642674.775860496,1076.229299099637
51648172.31434173,1074.6344529285602
51653669.6479787,1072.7870013808852
51659167.195027985,1070.6494447660602
51664664.90832822,1068.5457351947684
51670162.65422392,1066.9450911615886
51675660.22243929,1065.0924264655303
51681157.70505985,1063.4207390686383
51686655.09194808,1061.5276283539506
51692152.40489174,1059.5907601120384
51697649.804388076,1057.6369164183393
51703147.45459315,1055.474139022259
51708645.06791088,1052.7001867559538
51714142.776100025,1050.5336156105025
51719640.40676638,1048.7790240018746
51725137.85316426,1047.0472993550698
51730635.26119166,1045.4309151114062
51736132.50186916,1043.7275495130166
51741629.61870698,1041.6422239768065
51747127.01222183,1039.3970407838374
51752624.49796766,1037.4025959248302
51758121.96029161,1035.6444968325898
51763619.2638378,1033.72616064347
51769116.48728307,1031.9359183910778
51774613.62283063,1029.8838268848335
51780110.69237349,1027.8164326449305
51785607.95238223,1025.7982844222422
51791105.36040469,1023.231512987743
51796602.76150971,1020.4835403815518
51802100.22915103,1018.2598363442783
51807597.56582694,1016.4804715882738
51813094.74721105,1014.690572105831
51818591.9014969,1012.9129237116745
51824088.84415453,1011.0237945735278
51829585.79889639,1008.7077384821746
51835083.00473179,1006.2949079583209
51840580.30714144,1004.2601864297965
51846077.51136095,1002.3091120094193
51851574.56044189,1000.2856604144862
51857071.55543637,998.3060133803197
51862568.45787306,996.1188121175118
51868065.31795334,993.9148055335077
51873562.45474561,991.7583685029274
51879059.622347556,988.7749550889157
51884556.83943034,986.0318880939079
51890054.06970717,983.800430896727
51895551.118677676,981.9083335707205
51901048.090196446,980.0443269211112
51906544.96927159,978.1996504599824
51912041.615495466,976.0776970309856
51917538.417839,973.5400352239667
51923035.44875964,971.1431974055076
51928532.48765415,969.1375614149724
51934029.38990058,967.0130997954379
51939526.154695,964.9307121532263
51945022.84008725,962.7583611260843
51950519.45166047,960.4321350532746
51956016.077434495,958.0802572885777
51961513.01472243,955.6472419323568
51967009.89196005,952.3855698234819
51972506.85120889,949.6165850469065
51978003.77581992,947.3952029049848
51983500.47928751,945.3015384630621
51988997.15901455,943.386636467145
51994493.70087827,941.3143418378876
51999990.06254586,938.9031523080316
52005486.6743897,936.1882630362115
52010983.44850983,933.6651991423512
52016480.199509785,931.4473588593144
52021976.80104901,929.2094708306686
52027473.293624796,926.9392276813018
52032969.69960558,924.5093679188265
52038466.05354795,922.0460573380813
52043962.51610041,919.590224422195
52049459.178857364,916.7274505902393
52054955.83854152,913.255875008077
52060452.55122554,910.4590788337159
52065949.17995452,908.2175670018064
52071445.600968145,905.9275487468017
52076942.009372115,903.8954075919105
52082438.23177179,901.6172245041671
52087934.374573514,898.8664378384565
52093430.781915754,895.9239326450987
52098927.34374847,893.4118207953908
52104423.79354912,891.0345335870352
52109920.102688536,888.6246404940025
52115416.3277,886.2071511575641
52120912.42247084,883.5566079925208
52126408.48402059,880.9389279329487
52131904.77203814,878.2862867468871
52137401.14659208,874.8101479907148
52142897.58157424,871.325585795471
52148394.02822915,868.4992929402915
52153890.332021244,866.1183142743811
52159386.48385917,863.7519017826862
52164882.59876605,861.5260695146342
52170378.474030614,859.0051317374568
52175874.43167494,855.9258508498626
52181370.61764829,852.8091171101833
52186866.95574035,850.3601390312156
52192363.09402172,847.7015034025967
52197859.13230654,845.1673615717605
52203355.06338645,842.4805659083
52208850.909987666,839.6230418032578
52214346.74405546,836.7680508830973
52219842.867356755,833.9039929461821
52225338.94299166,829.9129643100803
52230835.151931904,826.4438762607701
52236331.329770595,823.6001179719698
52241827.29000331,821.0180596125174
52247323.17080806,818.5482056122926
52252818.96437008,816.0772893465667
52258314.530660614,813.1609625947115
52263810.31241425,809.736393430232
52269306.261686705,806.5073388252523
52274802.29803219,803.8194086695598
52280298.119369134,800.8710655129713
52285793.87483234,798.1495926625994
52291289.504069515,795.0977026660049
52296785.058706895,792.0298907342362
52302280.6733235,788.9571501919188
52307776.549679406,785.5029486759041
52313272.38172863,781.1317493725671
52318768.32723707,777.5230933209859
52324264.1997808,774.6315297826593
52329759.85882084,771.7432631289549
52335255.467068486,769.0695576019807
52340750.93971594,766.332368168367
52346246.24113793,762.962070995211
52351741.83545461,759.2109667808799
52357237.60365076,755.9249084872449
52362733.351589665,752.9078817014042
52368228.873782635,749.792085025379
52373724.35649533,746.7713422673438
52379219.68657179,743.343814195795
52384714.963764906,739.9844688786816
52390210.420404516,736.651408643274
52395705.997919805,732.3082399050418
52401201.594050884,727.7227138060211
52406697.25684115,723.9563171510242
52412192.81262954,720.9164330387557
52417688.16719943,717.7560757635918
52423183.47937501,714.8426956416303
52428678.58275821,711.7008956493069
52434173.67741289,707.8190908922428
52439669.058140785,703.7323337123983
52445164.564050995,700.4680564764917
52450659.9365669,696.9586932187369
52456155.14012253,693.6527040712404
52461650.286922105,690.2070365416184
52467145.29207939,686.3954758200698
52472640.25957767,682.6819615956815
52478135.51200061,678.9721924322597
52483630.72284091,673.763727920249
52489126.02955707,669.0051722914875
52494621.36144659,665.0660088427712
52500116.534726344,661.7210727866268
52505611.57978951,658.3006631339995
52511106.550986946,655.0492147966777
52516601.27967726,651.3535181310579
52522096.15858912,646.9003321433092
52527591.24767392,642.4001635785735
52533086.47701717,638.6666368380506
52538581.5062545,634.6030523446706
52544076.39195409,630.9127296021891
52549571.21593492,626.8587276376313
52555065.92230759,622.6422630268762
52560560.63970785,618.47526853249
52566055.64121155,613.9887791800934
52571550.555699594,607.7070390883039
52577045.63385747,602.6371125213227
52582540.68739705,598.4695278285118
52588035.5354628,594.578948490222
52593530.33532518,590.7799583487142
52599024.98193,586.9861511057106
52604519.42730672,582.4902364053005
52610014.13712326,577.3223976946738
52615509.01343037,572.4312587323507
52621003.94176722,568.2662769662206
52626498.63308444,563.6768514156124
52631993.24485634,559.4758638235968
52637487.73549975,554.7429280026654
52642982.13370993,549.8904094035253
52648476.64847996,545.0590234388519
52653971.377619065,539.2107990137246
52659466.0309108,532.2082347340429
52664960.82969044,526.5590920389916
52670455.56267261,521.9872251275856
52675950.08762537,517.4665010727686
52681444.57133691,513.0761177349023
52686938.84380192,508.59214965945637
52692433.018461965,502.9246153656686
52703422.131881155,491.58393329558885
52714411.0331115,481.2786337206471
52725399.49129886,470.2439460190926
52736387.924294904,458.7357504638836
52747376.67803865,442.61905408031436
52840776.58047607,317.259968251443
59705910.03794266,271.89098135496994
59716914.7633747,289.52802702634995
59799448.64924923,384.20561786442755
59810452.8744832,396.33894069264204
59870975.556712784,448.3614874212876
59881979.67558249,457.42560007822067
59892983.49767085,467.3921145474839
59903987.2063855,476.6688414349182
59914990.7971503,483.3054524806598
59942500.11475736,502.2187143099645
59948001.891216196,507.4314443978352
59953503.60951874,511.3080919281033
59959005.51704841,514.6914980345567
59964507.38087502,518.2245003219818
59970009.08730164,522.6346247623538
59975510.78848246,526.6962266470091
59981012.43817005,530.9352337052139
59992015.786681026,538.3697788538677
59997517.34950016,541.0775259570586
60003018.790018946,544.1049103506325
60008520.34125282,547.0301159692619
60014022.034810506,550.0270702680023
60025025.47094045,556.7228962889264
60030527.133935675,560.6861785484783
60036028.673913606,565.0860704200841
60041530.20783325,567.9767178555659
60047031.91550465,570.9797552797277
60052533.52407589,574.129272329283
60058035.00877665,578.0527388540568
60063536.4967349,581.631840552642
60069037.92398323,585.31198004221
60074539.29586642,589.0824011045993
60080040.901603475,591.3791541587871
60085542.14685354,593.8529810390501
60091043.39154242,596.7192489991673
60096544.78656579,599.13481372403
60102046.2782528,602.0677893333366
60107547.797078714,605.005404064781
60113049.267519966,608.0031708050047
60118550.68054543,611.8343818152664
60124051.99583734,615.4019338563363
60129553.35555566,617.8320669193704
60135054.84802614,620.5164836944855
60140556.14944938,623.6172354605692
60146057.38410346,626.9572427414223
60151558.61811845,630.233203097674
60157059.77846467,633.535123327809
60162560.9732748,636.5374517266164
60168062.28799607,638.5180474652001
60173563.25041525,640.7270386440127
60179064.27269831,643.2733028733173
60184565.47936835,645.3894028557686
60190066.729983,648.1036862794797
60195568.034459874,650.7108266633195
60201069.25869184,653.5207553605057
60206570.38778807,657.133441527083
60212071.45445843,659.9455844510835
60217572.677474394,662.1366216269221
60223073.889345616,664.6127528203381
60228574.91595743,667.5659178234685
60234075.92683828,670.4708641464672
60239576.8908839,673.4483403614286
60245077.807009935,676.5203279009074
60250578.85366813,678.7605359207723
60256079.816312335,680.5945989467973
60261580.581185594,682.6992556531902
60267081.430145256,684.8040120525488
60272582.44630823,686.8401449063906
60278083.48252847,689.2635996484612
60283584.54957566,691.6322057382988
60289085.54378811,694.3542436185624
60294586.43744528,697.6017057366716
60300087.29663284,699.7771736803684
60305588.33920167,701.8730436662022
60311089.29001083,704.0743070418405
60316590.10893175,706.8279904034109
60322090.91607373,709.3941995548768
60327591.683185674,712.0855924543712
60333092.38358861,714.9098364301842
60338593.3008281,716.5728219829375
60344093.92130509,718.4070552934811
60349594.50427098,720.4727362667086
60355095.19483817,722.2581492391571
60360596.00934006,724.2659709749769
60366096.8393226,726.4171277107555
60371597.6641204,728.6258835100771
60377098.40473046,731.378224893761
60382599.05087799,734.1097667665024
60388099.718498945,735.9876201712059
60393600.573114544,737.9919439605246
60399101.21963191,740.2578770928092
60404601.80609214,742.8351666452244
60410102.347523704,745.2127123570285
60415602.83834863,747.6674961605727
60421103.338875376,750.0473860565187
60426603.99402015,751.4044059581004
60432104.288735345,753.0681429997326
60437604.649810396,755.0109602860646
60443105.16895981,756.5859747405516
60448605.752893,758.5542846277388
60454106.36249709,760.4203752759672
60459606.93555264,762.5084145463592
60465107.41765231,765.2219356222818
60470607.82748913,767.4544359356453
60476108.33237184,768.9922002125364
60481608.9305712,770.8586928242
60487109.301389605,773.0179361720258
60492609.681666166,775.2287227362483
60498109.993814394,777.4733394032064
60503610.24002448,779.7876972123058
60509110.573512636,781.6482533072694
60514610.90296667,782.8862903924366
60520110.95324993,784.4578375927304
60525611.10312488,786.1408587541787
60531111.42771866,787.641824258125
60536611.79365629,789.5149427654483
60542112.16432779,791.2521200355983
60547612.47312085,793.2928024477214
60553112.693299085,795.8458460036528
60558612.88049953,797.6788855947634
60564113.23504484,799.1121146787278
60569613.55554316,800.8735616097723
60575113.68081174,803.012895119788
60580613.818007626,805.0663856434123
60586113.88988897,807.1120853566315
60591613.896546006,809.312929605689
60597114.09812855,810.6801719923219
60602614.08643351,812.0463761708614
60608113.9220622,813.5558863978104
60613613.87556632,814.9722103219457
60619113.9720636,816.4778557891023
60624614.10688537,818.1785208010758
60630114.23261251,819.8266766135234
60635614.27276647,821.9106664797142
60641114.22654136,824.1485016223901
60646614.19593488,825.6562305728461
60652114.34788338,827.1140479573078
60657614.31998376,828.8377989343787
60663114.18253343,830.7884728985837
60668614.01698461,832.6746124619232
60674113.80097635,834.612791592203
60679613.55035885,836.569061711102
60685113.47297533,837.594060255675
60690613.084824815,838.8337399281895
60696112.70055544,840.2991989900582
60701612.44741519,841.4859169831407
60707112.263736434,842.9385304591075
60712612.14086424,844.4757625724142
60718111.98297124,846.0588734851002
60723611.73132999,848.1733529247344
60729111.40805859,850.0218014723123
60734611.16618241,851.3288951517134
60740111.0722819,852.6801754705089
60745610.74863435,854.3980025013711
60751110.38377829,856.17794372356
60756609.95877918,857.9391921010229
60762109.47298167,859.7972974717776
60767609.04656196,861.4059751685015
60773108.67248756,862.2998920666887
60778607.99821532,863.6102843185142
60784107.37601905,864.9366223107891
60789606.93092229,866.0722631069789
60795106.507989354,867.5079077543921
60800606.10001335,868.8871531950246
60806105.679127246,870.4627722402954
60811605.157393545,872.5003810674485
60817104.59317877,873.9960954602029
60822604.16499715,875.198291250693
60828103.769387536,876.5402839097146
60833603.14335045,878.2543129137941
60839102.52721549,879.8549954299283
60844601.8186518,881.505909243631
60850101.053731754,883.2744665206324
60855600.44175729,884.4983216957033
60861099.67412225,885.3804739140137
60866598.75032057,886.6413934914868
60872097.91037253,887.8154924623518
60877597.22527965,888.9547515153834
60883096.56356075,890.25296398795
60888595.89029372,891.5586140133578
60894095.173439175,893.2164133269672
60899594.35979352,895.0932552751026
60905093.55559185,896.2859878179015
60910592.90722546,897.4750999876546
60916092.16488339,898.7818493126397
60921591.26417773,900.419002753315
60927090.35621206,901.9312081756256
60932589.37341575,903.4649715194696
60938088.33742088,905.1074425274707
60943587.508740835,905.969058723621
60949086.390431225,906.855975828966
60954585.20864656,908.0377664472298
60960084.169067845,909.0342745185324
60965583.23477217,910.2231884010073
60971082.33977724,911.4297348344005
60976581.39817628,912.6619879061545
60982080.413196504,914.3563640242814
60987579.339976765,915.9514342807632
60993078.31378722,917.0004767618852
60998577.41987914,918.0191160491277
61004076.38563544,919.3335169742643
61009575.26069847,920.8132025247116
61015074.129612364,922.2293202676999
61020572.92949107,923.7090688689425
61026071.733673036,925.0992285931143
61031570.664474614,925.8359162467043
61037069.25960294,926.7648260138508
61042567.88307602,927.8632473337245
61048066.66481285,928.7147267524333
61053565.49799475,929.8868407349748
61059064.39125237,931.0022704460989
61064563.212719075,932.2368278220674
61070061.953770265,933.9339719426546
61075560.64232134,935.2377168774362
61081059.464196995,936.1684535798983
61086558.33323089,937.2554227170103
61092057.00012685,938.6328558388157
61097555.62205668,939.9694582758832
61103054.196652494,941.3434428115673
61108552.7103314,942.7661910904249
61114051.32145966,943.8056608721371
61119549.8847203,944.4744533114513
61125048.23223363,945.3525787247208
61130546.63103084,946.3165103917154
61136045.19524511,947.1617471967027
61141543.78017821,948.2313092860654
61147042.41298624,949.2925735888723
61152540.97922049,950.5286584143637
61158039.45156278,952.1311291585317
61163537.899182916,953.1469660635546
61169036.533939555,954.0821842681969
61174535.10017975,955.0733748893223
61180033.516778,956.3897040401844
61185531.92242257,957.6066372905361
61191030.290431194,958.8676481279583
61196528.59084988,960.2668481453863
61202027.06492954,960.9763736671175
61207525.29655104,961.7196861365683
61213023.44422821,962.6311796477503
61218521.69102773,963.4236161083876
61224020.06366833,964.2939234351818
61229518.45415762,965.2871853133329
61235016.85769382,966.3110930181101
61240515.18260068,967.629617235527
61246013.42527153,969.0156073346261
61251511.684535354,969.8255466146551
61257010.155773796,970.7188381618298
61262508.42435371,971.7585722285368
61268006.6164938,973.0139272969709
61273504.77272796,974.1650486171062
61279002.86842576,975.364961507155
61284500.940635175,976.5927840818129
61289999.17176162,977.0901693403919
61295497.07519211,977.8097512807904
61300995.01033198,978.7318649306403
61306493.056315586,979.3973565043191
61311991.17317639,980.273083161382
61317489.3179362,981.1584716534499
61322987.44336791,982.1469005321263
61328485.48340454,983.5180961634362
61333983.462820865,984.6432826542984
61339481.52839527,985.3541733576735
61344979.73388903,986.2059615389053
61350477.721680515,987.2559710739556
61355975.69661272,988.4115341200385
61361473.60079636,989.5026548843298
61366971.44424259,990.6775353452705
61372469.344612174,991.6673320200841
61377967.269949034,992.0920302178042
61383464.914445184,992.8398270225667
61388962.625229634,993.6357497756476
61394460.49718352,994.2864498260304
61399958.39354686,995.1290195796357
61405456.29850404,995.9188592491962
61410954.18735538,996.9060095020766
61416451.97926758,998.2440397863156
61421949.73899291,999.1282139540456
61427447.62827691,999.7809959827944
61432945.56269447,1000.580417114164
61438443.27866139,1001.6782285743145
61443941.011240855,1002.7041761800592
61449438.651053175,1003.7417332314908
61454936.22620982,1004.8776427207399
61460433.952819206,1005.5814131624531
61465931.518369064,1006.0177902585646
61471428.9231935,1006.7294862183325
61476926.4193758,1007.4107526406056
61482424.05804489,1008.0672251526653
61487921.72150461,1008.8483094359788
61493419.36430152,1009.6153984287598
61498916.96587267,1010.6885825562624
61504414.47698003,1011.9002578349341
61509912.01297354,1012.5963074560177
61515409.706301264,1013.2670577125166
61520907.29304686,1014.0767477998272
61526404.73224567,1015.1425520659323
61531902.167804465,1016.1037526397009
61537399.52419024,1017.0674898450379
61542896.83131195,1018.1370678534424
61548394.3295604,1018.5686681380116
61553891.549451604,1019.013980924911
61559388.71334692,1019.7193304071793
61564886.00734871,1020.270510709883
61570383.39565945,1020.9827313863769
61575880.81951876,1021.6802539294405
61581378.20029152,1022.430023071116
61586875.53633929,1023.541335037479
61592372.7926231,1024.5561124833823
61597870.11203021,1025.1425164472057
61603367.558252946,1025.719356835369
61608864.86041954,1026.5217446325812
61614362.07819383,1027.4828637174487
61619859.28748174,1028.3818569590821
61625356.434684366,1029.3306729211731
61630853.58352976,1030.218879666372
61636350.85825468,1030.5524066005273
61641847.79742333,1031.0632921516499
61647344.77610373,1031.7208037025005
61652841.895676754,1032.1788807329767
61658339.061355025,1032.8927946513172
61663836.28259487,1033.5444009644898
61669333.43331074,1034.315736130981
61674830.50684885,1035.457298026403
61680327.533411674,1036.2559408380769
61685824.70351245,1036.7399554531787
61691321.92988744,1037.3523406143759
61696818.93466926,1038.22342652113
61702315.91101371,1039.0999338202287
61707812.82996602,1039.9729673282745
61713309.6819621,1040.9005637712305
61718806.630013056,1041.5132636846306
61724303.53742726,1041.8105389753118
61729800.22729327,1042.2733643769357
61735296.972516514,1042.8367241901713
61740793.87076305,1043.3004429777375
61746290.79443469,1043.9566207131452
61751787.748961724,1044.5723713540679
61757284.63531493,1045.3591143754447
61762781.438393176,1046.4398781792818
61768278.23067838,1047.0460480045813
61773775.22174566,1047.4864328329052
61779272.141094305,1048.1018355100384
61784768.89923976,1048.9704868501544
61790265.653618455,1049.7677242774657
61795762.34610605,1050.5680858147819
61801258.97730493,1051.4954142938363
61806755.77901811,1051.8583580759216
61812252.365098685,1052.2545482099654
61817748.84067813,1052.7812990439584
61823245.41547071,1053.2089999010218
61828742.107970946,1053.7086949218242
61834238.82879322,1054.3200046538386
61839735.545478135,1054.914493322682
61845232.18359032,1055.792165157249
61850728.746800244,1056.7072017808046
61856225.341828555,1057.1869111995861
61861722.13765415,1057.6394814012097
61867218.74196789,1058.3076977305798
61872715.25741297,1059.1182402530135
61878211.748160414,1059.851782015691
61883708.17756479,1060.6231533287416
61889204.57307293,1061.4367689492765
61894701.127593465,1061.6258323226177
61900197.373914264,1061.997038222866
61905693.640320666,1062.4914388461166
61911190.01816652,1062.8235389907384
61916686.45511559,1063.3140582527485
61922182.950764455,1063.8432742699283
61927679.405890346,1064.420838082455
61933175.76724044,1065.354998063834
61938672.07010384,1066.067426934259
61944168.487043045,1066.467574997477
61949665.00746078,1066.8747524829205
61955161.34241599,1067.573468659068
61960657.63399581,1068.3017561522174
61966153.86231371,1069.0147180165673
61971650.032304816,1069.7970729550188
61977146.24762221,1070.4216018631375
61982642.49706931,1070.5572735696305
61988138.495225914,1070.9617123919193
61993634.517673194,1071.4286913583398
61999130.69251247,1071.7369544740154
62004626.884240516,1072.235086808626
62010123.112227485,1072.76750582073
62015619.29504487,1073.3648929010847
62021115.383349776,1074.2746192275276
62026611.45273327,1074.8009583391304
62032107.67326268,1075.2073998874987
62037603.893440306,1075.6256618007542
62043099.93077338,1076.393665686266
62048595.93746945,1077.0364478769052
62054091.88624873,1077.7094876978365
62059587.778519094,1078.4837887704934
62065083.81736838,1078.8579174318706
62070579.69453496,1079.0279502384715
62076075.46440502,1079.4054775529448
62081571.283339985,1079.760776574411
62087067.239835694,1080.1019798835232
62092563.199168555,1080.545839162548
62098059.185814776,1080.9978920036933
62103555.11534097,1081.6700536163705
62109050.94678308,1082.4995355619783
62114546.79475104,1082.834960265829
62120042.856302336,1083.1886576130187
62125538.77951478,1083.5883679236267
62131034.58658161,1084.2962365027608
62136530.36988689,1084.8845220002142
62142026.09032756,1085.519593973055
62147521.763192,1086.2757679329611
62153017.6102609,1086.4318699306173
62158513.17871757,1086.6576971222426
62164008.72617983,1087.0873898256655
62169504.360418156,1087.342639397637
62175000.08772518,1087.717116646686
62180495.82098222,1088.1371574871685
62185991.55214402,1088.6173892863906
62191487.20125317,1089.36148571976
62196982.77729392,1090.0315451339454
62202478.4393145,1090.3407040056304
62207974.24345545,1090.7093570578272
62213469.84316453,1091.1975743444204
62218965.37976646,1091.8832690178008
62224460.84932058,1092.4663112688827
62229956.26542529,1093.0764180278932
62235451.689939804,1093.6802150545511
62240947.24879542,1093.6989488742904
62246442.49588663,1093.960247166056
62251937.79357889,1094.3105098064107
62257433.2095811,1094.5282044125588
62262928.65677632,1094.90963790638
62268424.126606725,1095.2625626563536
62273919.58544671,1095.7436277740792
62279414.94950665,1096.5236539448565
62284910.27084708,1097.013871417947
62290405.71326617,1097.2512137400527
62295901.25385837,1097.5508427068394
62301396.57472682,1098.1254106928632
62306891.86963446,1098.6910139604734
62312387.107461736,1099.237289654261
62317882.30270544,1099.8649251814468
62323377.58318379,1100.2882356028213
62328872.81818608,1100.3225372125596
62334367.833442315,1100.6145556796512
62339862.93016397,1100.9155953870472
62345358.173682444,1101.1263957472072
62350853.41530383,1101.4703763256773
62356348.67585662,1101.8559802839195
62361843.89749281,1102.3806204113316
62367339.008946575,1103.1221121409058
62372834.126260355,1103.4488934608867
62378329.381577015,1103.7019313269777
62383824.62775082,1104.0084994158888
62389319.67715566,1104.6181006743232
62394814.72889691,1105.1142668076257
62400309.70186585,1105.6312718727313
62405804.61240924,1106.2676110240507
62411299.68780556,1106.4255185248053
62416794.5615935,1106.461290932437
62422289.35739374,1106.766003510918
62427784.228849806,1106.9830717520947
62433279.21929866,1107.225406070045
62438774.21986495,1107.5048227399031
62444269.20806897,1107.8619109112446
62449764.13589234,1108.451090961262
62455258.96296222,1109.088900934744
62460753.8362669,1109.2536948352513
62466248.91285224,1109.4963399382696
62471743.83400815,1109.8233942668194
62477238.64785465,1110.4224639227268
62482733.43517803,1110.8853663074522
62488228.14430191,1111.3707494848004
62493722.8185219,1111.949825202191
62499217.675739944,1111.9619210257868
62504712.21125557,1112.0962457369678
62510206.7685296,1112.3868113009964
62515701.41961668,1112.5152640432746
62521196.14433551,1112.8088804804684
62526690.874433026,1113.0584273198772
62532185.579160295,1113.4276993293706
62537680.21225484,1114.0630496935316
62543174.78577072,1114.549045434002
62548669.45861232,1114.6895267234008
62554164.24500454,1114.9725462574445
62559658.82406995,1115.3611628341291
62565153.36801752,1115.890040869872
62570647.83221843,1116.3284633892035
62576142.25007737,1116.818889846438
62581636.698486544,1117.2468968210173
62587131.24479938,1117.1615124184038
62592625.477287546,1117.2898795584197
62598119.79454146,1117.5384373429383
62603614.24330524,1117.6470658629153
62609108.707668215,1117.9096713119263
62614603.19406549,1118.1634559091167
62620097.648556925,1118.526610303235
62625592.00590684,1119.181010660709
62631086.338335864,1119.4998163748419
62636580.81446122,1119.5739468695788
62642075.3499053,1119.7624683794704
62647569.660019934,1120.1927898440424
62653063.985079765,1120.6217711134914
62658558.2334868,1121.0387170522745
62664052.42240923,1121.5574471207676
62669546.74806762,1121.7908431650442
62675040.9585064,1121.736284180197
62680534.99938583,1121.9094904088429
62686029.111549705,1122.0861845925278
62691523.363238834,1122.2186582685745
62697017.6212153,1122.4495926344516
62702511.868099846,1122.698372918148
62708006.07781133,1123.1411035321835
62713500.176078245,1123.7264255454695
62718994.303281866,1123.8743443416347
62724488.6355934,1123.988562272013
62729982.85284391,1124.2062743002357
62735476.9089801,1124.697631657546
62740970.95125966,1125.0839624951288
62746464.90356517,1125.4793342437538
62751958.80317966,1125.9789475344232
62757452.89607195,1125.9925637296
62762946.73796067,1125.9157556856132
62768440.55042999,1126.0975916984996
62773934.449817695,1126.1694021890194
62779428.44829783,1126.3473781390812
62784922.447032444,1126.5365098706293
62790416.42265737,1126.7905009103852
62795910.34879441,1127.3021131691348
62801404.18613944,1127.777377195734
62806898.099859506,1127.8272715529438
62812392.18054325,1127.9899469711231
62817886.08496745,1128.2336256347778
62823379.910743326,1128.7074822713803
62828873.6767056,1129.075493248626
62834367.38632501,1129.4618206510597
62839861.08832827,1129.8877064873288
62845354.953206405,1129.7962418912773
62850848.48506609,1129.8341659307646
62856342.06178173,1130.0256455698154
62861835.76156201,1130.0505539991855
62867329.50363078,1130.257115209861
62872823.25201219,1130.4306301162626
62878316.974579416,1130.7145917984328
62883810.60039906,1131.2661063795736
62889304.18283866,1131.5845346927313
62894797.89622228,1131.5935853184283
62900291.702879995,1131.7856158169095
62905785.287018426,1132.0883602954782
62911278.86478681,1132.4931284221575
62916772.35866948,1132.8271294201693
62922265.79494663,1133.2294771202876
62927759.29682275,1133.506308661546
62933252.806441195,1133.3762510809527
62938746.071897425,1133.4286118850314
62944239.410919555,1133.5562813046613
62949732.89471718,1133.59369557344
62955226.37321476,1133.7537587499742
62960719.86501667,1133.8931515128722
62966213.327021256,1134.2004322673301
62971706.67789958,1134.7380256162912
62977200.02815942,1134.9035206656608
62982693.52118759,1134.9468780869024
62988187.034354836,1135.0597120137957
62993680.341019124,1135.453681002212
62999173.645157084,1135.778859872844
63004666.85777372,1136.0927185206515
63010160.00407057,1136.518423323345
63015653.31934151,1136.600847029586
63021146.46939603,1136.4488231145765
63026639.50080115,1136.5384910109394
63032132.60594418,1136.582833972721
63037625.83354354,1136.634837522956
63043119.06110532,1136.7543721408565
63048612.29012921,1136.925828986902
63054105.46479543,1137.310181570255
63059598.52113721,1137.769830566902
63065091.640066765,1137.807057116068
63070584.94367399,1137.8552856835706
63076078.113340504,1137.993055260429
63081571.14228486,1138.3930385174997
63087064.14602381,1138.6708763793592
63092557.063671134,1138.9705297027788
63098049.939505294,1139.3841032582193
63103543.003703736,1139.2890569082956
63109035.77021597,1139.1731673213071
63114528.54426158,1139.2811656718404
63120021.41718502,1139.2504013016787
63125514.36672808,1139.3599967203602
63131007.32053146,1139.4700775271708
63136500.25677791,1139.6694242005092
63141993.09858164,1140.1010071015153
63147485.87077948,1140.4345899090613
63152978.76546416,1140.428258469499
63158471.785693675,1140.5287282516697
63163964.57979828,1140.7235036217578
63169457.3258954,1141.1085536795154
63174949.998294145,1141.3824508911105
63180442.618356206,1141.6853086377873
63185935.25499473,1141.992084418739
63191428.03043787,1141.769593391588
63196920.49402726,1141.7365889029074
63202413.016944274,1141.7878601772218
63207905.66296292,1141.7474022464298
63213398.32268458,1141.8546402143756
63218890.997986875,1141.9494719604468
63224383.65794932,1142.1607693608544
63229876.20371452,1142.6315693507618
63235368.72112152,1142.82250297046
63240861.37662236,1142.7948390117003
63246354.10566476,1142.8065113174712
63251846.62168753,1143.0996455877498
63257339.10516066,1143.39356906978
63262831.521740906,1143.652037310814
63268323.89386334,1143.9929642046475
63273816.36429724,1144.1510170959007
63279308.790843226,1143.9516478939322
63284801.0086202,1143.9558438134254
63290293.30886974,1143.9673370611354
63295785.752101116,1143.9310194668021
63301278.167558715,1144.0226362702424
63306770.61481848,1144.1660128403123
63312263.00644911,1144.4228693928399
63317755.27182783,1144.8616499256889
63323247.565910734,1144.9071285952423
63328740.023279175,1144.9542449972835
63334232.434109025,1144.9906507180528
63339724.660637185,1145.3342606080096
63345216.87397272,1145.5574423283572
63350709.002842486,1145.8049887555142
63356201.07411069,1146.1691383151642
63361693.31139037,1146.1209065919702
63367185.35536196,1145.9352535031528
63372677.336808845,1145.9440195826887
63378169.390181735,1145.891937330774
63383661.54966256,1145.8886268273777
63389153.69885319,1145.9283725458417
63394645.86264031,1146.0595427478756
63400137.94829915,1146.37332257025
63405629.92217236,1146.735734594641
63411121.95863464,1146.6849627432834
63416614.21088861,1146.6742766656057
63422106.27560229,1146.7681014301918
63427598.24261743,1147.0944923212287
63433090.15808652,1147.2925025155316
63438581.99886001,1147.5345117931302
63444073.81237676,1147.8680683915175
63449565.80877123,1147.6646161675756
63455057.511407524,1147.5458447168157
63460549.231611796,1147.5256500346436
63466041.05082977,1147.4279844333714
63471532.918282695,1147.4522951451822
63477024.81298728,1147.523902656684
63482516.690040745,1147.6622636188727
63488008.441058315,1148.0465093326213
63493500.136079855,1148.2727833990873
63498991.967900686,1148.2015807462612
63504483.92078609,1148.212819128415
63509975.63803634,1148.389629460498
63515467.306795515,1148.6387912837204
63520958.896703556,1148.854875447664
63526450.427407354,1149.1146885385074
63531941.983556405,1149.3226982835445
63537433.62743337,1149.0474317242947
63542925.01519136,1148.9654744210907
63548416.44225233,1148.9137703971473
63553908.012552634,1148.7992204546927
63559399.57598765,1148.8491894524418
63564891.18147564,1148.9460922934477
63570382.717841275,1149.1037829498196
63575874.13790944,1149.5110527183087
63581365.55995232,1149.6055391341176
63586857.15356565,1149.5785123902215
63592348.730040394,1149.549629112724
63597840.117456526,1149.817731861397
63603331.462015145,1150.035842327903
63608822.73803919,1150.2430593335605
63614313.96223198,1150.526347879359
63619805.32176907,1150.544971608011
63625296.61067133,1150.3121149790193
63630787.72694132,1150.172064873936
63636278.90017563,1150.1065805344297
63641770.21344197,1150.0232267094598
63647261.500198595,1150.0767131056377
63652752.839927696,1150.1475143813716
63658244.09295462,1150.345986328093
63663735.225849986,1150.7094938316573
63669226.39628043,1150.6961752281475
63674717.77987026,1150.5831144359086
63680209.058931164,1150.6187141858602
63685700.16709924,1150.8885026242024
63691191.275124505,1151.0814455244767
63696682.30452435,1151.2686236972888
63702173.28036063,1151.5725281532236
63707664.442436635,1151.4500560323181
63713155.387738995,1151.2668451896138
63718646.26476407,1151.1713282493497
63724137.23317855,1151.0357494658665
63729628.29749383,1151.0152421667767
63735119.36990138,1151.0889967895548
63740610.42222899,1151.1511670880902
63746101.38305514,1151.4508583219726
63751592.24780906,1151.7248677147245
63757083.21693467,1151.6838130014157
63762574.34104788,1151.5833261491016
63768065.29000369,1151.6959605505272
63773556.12568833,1151.915716025203
63779046.92818317,1152.0878679616326
63784537.65984122,1152.277142731349
63790028.36329032,1152.5274201342177
63795519.25409362,1152.291164672762
63801009.844446786,1152.0962901209705
63806500.45713488,1151.9987905365142
63811991.20794488,1151.8389354487201
63817481.98155981,1151.8504707601262
63822972.802514814,1151.888789572437
63828463.56759753,1151.933434554
63833954.22905355,1152.2955080808508
63839444.833422855,1152.4413780839654
63844935.60487124,1152.30242397369
63850426.43711036,1152.2642689666443
63855917.06990614,1152.3868743754215
63861407.651715524,1152.593203788425
63866898.16752193,1152.7605225904513
63872388.61965939,1152.9657108492015
63877879.11869154,1153.0826132209827
63883369.688384145,1152.8019167517548
63888859.99950671,1152.5616255657947
63894350.38798819,1152.4816355801413
63899840.91143637,1152.3344301334116
63905331.4198651,1152.3500381254264
63910821.962211594,1152.3436567827544
63916312.43997346,1152.4848991247259
63921802.79164816,1152.8565737953327
63927293.1506496,1152.8775049259314
63932783.69533522,1152.7105044005746
63938274.22055107,1152.6763139115887
63943764.54305938,1152.8222051481273
63949254.85648741,1152.9933612960979
63954745.07444881,1153.1359916260099
63960235.223713905,1153.3798414614425
63965725.53065114,1153.3474482766248
63971215.74024516,1153.0400498580188
63976705.762866385,1152.8743985303258
63982195.88780905,1152.7512598250319
63987686.1470386,1152.6532585219268
63993176.39109362,1152.6744151780213
63998666.62236321,1152.717196536565
64004156.785208404,1152.9244236893717
64009646.81165318,1153.2256725403606
64015136.9146415,1153.1267442135634
64020627.20474722,1152.9897845014516
64026117.37475069,1152.9794830920227
64031607.37414388,1153.2249768283873
64037097.36446859,1153.368723392914
64042587.2464444,1153.5030217295507
64048077.0874531,1153.7342972567058
64053567.14749816,1153.5393501658127
64059056.9420325,1153.1851567760848
64064546.73226066,1153.0487656529726
64070036.6171433,1152.8656288196669
64075526.58226806,1152.8207031435563
64081016.53202528,1152.7997800004225
64086506.45916028,1152.8507499257398
64091996.30869212,1153.1180140029173
64097486.05529353,1153.3265140045623
64102975.93151406,1153.1483450547637
64108465.949969634,1153.103491698672
64113955.755561285,1153.14532925825
64119445.49747337,1153.3662817319619
64124935.167235315,1153.491417871249
64130424.778788865,1153.6470033004123
64135914.38867858,1153.8417364204106
64141404.17813558,1153.52105590072
64146893.66810333,1153.2597359258225
64152383.20410561,1153.1626766830173
64157872.86474875,1152.9583712605772
64163362.53873649,1152.9275242547528
64168852.21719524,1152.9438449939942
64174341.866179645,1153.0232673276873
64179831.373318456,1153.3401026644592
64185320.84989284,1153.4081852865404
64190810.48873304,1153.2383698090798
64196300.22768319,1153.1540255218592
64201789.71668364,1153.2626953026133
64207279.19509822,1153.4032709156968
64212768.575621426,1153.5093301796076
64218257.90556358,1153.6917079346188
64223747.319339156,1153.758187231605
64229236.769195095,1153.433217180379
64234725.99234116,1153.200485433083
64240215.27130133,1153.0508087340281
64245704.69587636,1152.8584584933405
64251194.07578534,1152.8419737334852
64256683.49720561,1152.8774189234468
64262172.85746847,1152.982617451254
64267662.073995225,1153.2784497093526
64273151.32254175,1153.2330802409722
64278640.75657622,1153.1622638679812
64284130.13346494,1153.0855596894176
64289619.33226778,1153.267033572875
64295108.488386035,1153.3775083236492
64300597.57299606,1153.4865559471216
64306086.6032839,1153.70929097827
64311575.80696594,1153.5752714178107
64317064.875422224,1153.240197185911
64322553.83980638,1153.0092487984264
64328042.87770714,1152.8123467191547
64333532.039608374,1152.682249851221
64339021.16814406,1152.6760479968395
64344510.30851489,1152.7051863625645
64349999.35522188,1152.870116555167
64355488.27877029,1153.1265908389062
64360977.28341667,1153.027648726425
64366466.46323965,1152.8740099145132
64371955.505008414,1152.8350793901586
64377444.41576515,1153.007326339313
64382933.30463456,1153.100954843067
64388422.12623326,1153.205281279486
64393910.914327785,1153.4091541334456
64399399.91061667,1153.181984757091
64404888.64879927,1152.8471492008966
64410377.36179373,1152.6164512190667
64415866.19441922,1152.3955743726303
64421355.08325045,1152.3134576225866
64426844.00460633,1152.3073897003928
64432332.88680244,1152.2978954023595
64437821.6526329,1152.5528404445204
64443310.324864805,1152.7032502657974
64448799.140748285,1152.4865401340485
64454288.07394788,1152.357762219082
64459776.81380505,1152.3836669935868
64465265.47721273,1152.5528560095065
64470754.10279828,1152.6351001988094
64476242.65828945,1152.7532053138389
64481731.220026046,1152.9001024942436
64487219.94397472,1152.5864558361066
64492708.36653903,1152.233280150801
64498196.83178631,1152.049730631068
64503685.46294219,1151.8175355976932
64509174.08874511,1151.79911596336
64514662.7355802,1151.772689236735
64520151.32470511,1151.825758599265
64525639.7834618,1152.128163077547
64531128.21464618,1152.167311498965
64536616.82081892,1151.9505413784564
64542105.453280084,1151.8944897607093
64547593.873375006,1151.947667411296
64553082.26877477,1152.0799899383435
64558570.57353988,1152.1593423146244
64564058.82048441,1152.3165441854578
64569547.16828585,1152.337899276986
64575035.54130086,1151.9585822087424
64580523.67213122,1151.6508160794888
64586011.91119381,1151.4469674685292
64591500.29237425,1151.2563967307767
64596988.63383822,1151.22344509561
64602476.99048216,1151.1665142428274
64607965.29539847,1151.2791092132989
64613453.4483331,1151.5506325076117
64618941.63807784,1151.4665884121969
64624429.998514384,1151.2951217281152
64629918.316010155,1151.203619417252
64635406.436696276,1151.3417294679869
64640894.55436388,1151.4192508426286
64646382.56462023,1151.4846673224467
64651870.52587452,1151.6722686777098
64657358.677234486,1151.5441966200528
64662846.67125051,1151.115600374242
64668334.58930395,1150.817288399984
64673822.59233439,1150.5850601985023
64679310.705586925,1150.4380526248924
64684798.77173869,1150.3745940559215
64690286.86475542,1150.4015413153713
64695774.859291136,1150.5547361086392
64701262.71083858,1150.7701937808085
64706750.6613151,1150.5695913596655
64712238.80261414,1150.4383954542702
64717726.79503907,1150.3238142696866
64723214.66469374,1150.4785397977926
64728702.49104146,1150.5159452941423
64734190.2436879,1150.6034574651924
64739677.963960126,1150.7868542043616
64745165.90039088,1150.5007525630158
64750653.55807699,1150.15236978981
64756141.23270446,1149.8964388173763
64761629.00935322,1149.6240569549493
64767116.83564412,1149.5100932006844
64772604.66045377,1149.4968065233224
64778092.4685638,1149.5027017884847
64783580.13559765,1149.7439708170295
64789067.71477487,1149.845601088292
64794555.44997318,1149.616710849764
64800043.292774804,1149.4491922893153
64805530.94404532,1149.4709709628016
64811018.50890906,1149.56426514992
64816506.03094952,1149.6319089525532
64821993.48573405,1149.7348787155179
64827480.956232026,1149.8356856364605
64832968.56693036,1149.4471916438438
64838455.91587099,1149.029303661435
64843943.30800382,1148.7686886062484
64849430.860100046,1148.500742550721
64854918.39010637,1148.4426461232083
64860405.97085542,1148.4380117335654
64865893.46159394,1148.459321570224
64871380.80960636,1148.7304443284265
64876868.14141016,1148.7329127657608
64882355.67018072,1148.5522647942325
64887843.185083516,1148.455889746854
64893330.50221068,1148.5129077364472
64898817.783622414,1148.6119120725853
64904304.97831575,1148.6758783810064
64909792.111331776,1148.8042415333703
64915279.35971168,1148.7763967674655
64920766.63593949,1148.3497520805433
64926253.67238601,1147.9280912185015
64931740.822368205,1147.6755850745408
64937228.110878415,1147.449400974881
64942715.36894868,1147.4139660668568
64948202.65339993,1147.3481913364924
64953689.85275715,1147.4446117433115
64959176.89281161,1147.6948330208136
64964663.9838826,1147.5843508938592
64970151.25962228,1147.350766648533
64975638.48064526,1147.279192108077
64981125.48255211,1147.3680744402611
64986612.49391593,1147.443040385645
64992099.39235014,1147.4860289870644
64997586.24438712,1147.6365166863504
65003073.30551589,1147.4713547629676
65008560.20159537,1146.9985773168896
65014047.01641999,1146.637918957988
65019533.92797919,1146.3707921382188
65025020.946520135,1146.213404183301
65030507.914869204,1146.1199218150077
65035994.89978117,1146.1203015097794
65041481.78857386,1146.2831064849033
65046968.52501228,1146.4609296203398
65052455.38911984,1146.2343102413831
65057942.40884107,1146.1110493766334
65063429.29390625,1145.9926352563361
65068916.03988913,1146.1262783706918
65074402.74032353,1146.1452823974757
65079889.36409581,1146.2105525685001
65085375.9584603,1146.3612769248405
65090862.787577316,1146.0355400990447
65096349.30876119,1145.6366388279203
65101835.864738524,1145.3561931839215
65107322.537681036,1145.05378750465
65112809.24668848,1144.9312651187472
65118295.947935775,1144.9073060431901
65123782.62364014,1144.909707950711
65129269.1529185,1145.131143018502
65134755.59711578,1145.195950503606
65140242.203132704,1144.9619001361032
65145728.921613075,1144.7884090027005
65151215.43922751,1144.7929316894001
65156701.881554306,1144.8683603526606
65162188.25103418,1144.9036165377408
65167674.56229817,1144.9798614505744
65173160.90896317,1145.042547723124
65178647.39206705,1144.6143087223695
65184133.610931404,1144.147444450489
65189619.88928443,1143.8408050051153
65195106.32417095,1143.5369299643803
65200592.725154825,1143.4478713980798
65206079.18114327,1143.4391836518384
65211565.54561811,1143.4392733467034
65217051.75546648,1143.6794758417227
65222537.958432235,1143.6274969041376
65228024.36527242,1143.4370714701631
65233510.75416821,1143.3424475742058
65238996.946973875,1143.3815914170648
65244483.10269171,1143.4424042607557
65249969.177259445,1143.483133204587
65255455.192150235,1143.580140989085
65260941.32952469,1143.5144455981242
65266427.4940305,1143.042863540674
65271913.42057137,1142.561515829131
65277399.45756497,1142.261050593936
65282885.636291064,1142.0074376459042
65288371.77646034,1141.9539334940637
65293857.946942754,1141.88134195262
65299344.02397115,1141.9570615753435
65304829.93181401,1142.177664505617
65310315.902723126,1142.038355989031
65315802.06314598,1141.7730750173291
65321288.163313955,1141.6896062260876
65326774.04038323,1141.7491714600412
65332259.928935945,1141.7962259407664
65337745.70516616,1141.8186739905018
65343231.44280289,1141.9372266225573
65348717.400531426,1141.7364126454645
65354203.18360308,1141.2171135546025
65359688.88200156,1140.7938139926143
65365174.691315606,1140.484890266461
65370660.604310915,1140.3067112137992
65376146.46082435,1140.1953921473673
65381632.335877664,1140.1735538637336
65387118.10809811,1140.3167864477632
65392603.72340977,1140.45907719309
65398089.47877931,1140.1995485011894
65403575.38794301,1140.0659508568417
65409061.157184996,1139.915543186442
65414546.795393325,1140.0174226468457
65420032.384109,1140.0106029942917
65425517.90188696,1140.0485922833968
65431003.39174665,1140.1696759699742
65436489.123084635,1139.8078510428454
65441974.54622441,1139.3578355171892
65447460.003930606,1139.0195869501913
65452945.58589646,1138.6745795380803
65458431.19450245,1138.5256200993472
65463916.80045668,1138.4822010273563
65469402.37683199,1138.4652505775523
65474887.80020483,1138.6606370084558
65480373.13730364,1138.6922125554318
65485858.6437856,1138.4491706663543
65491344.256260514,1138.2503508567354
65496829.68202117,1138.2202806548748
65502315.021505,1138.2575630136098
65507800.29905131,1138.2643767988502
65513285.51743097,1138.311075473871
65518770.77393561,1138.3376865581502
65524256.16847323,1137.8928670314558
65529741.28842326,1137.358918958491
65535226.47659738,1137.001884101304
65540711.82668735,1136.6636530545375
65546197.13378465,1136.5559175800781
65551682.49985285,1136.5117503095844
65557167.767528616,1136.4978204986962
65562652.874617025,1136.7142934547194
65568137.97644527,1136.6341393123298
65573623.28915633,1136.3986332774587
65579108.590213686,1136.292742690951
65584593.68768926,1136.2846167992777
65590078.75378066,1136.3128703996372
65595563.73356985,1136.3178574268975
65601048.657651745,1136.380023782104
65606533.7092317,1136.2919406521987
65612018.783452205,1135.7705393110334
65617503.60464964,1135.2436667553432
65622988.55740507,1134.8987672920618
65628473.65354867,1134.6256207771426
65633958.70344917,1134.5361522602466
65639443.770353794,1134.4371312661506
65644928.75607895,1134.490967143442
65650413.560656935,1134.675375000871
65655898.43463162,1134.500339387827
65661383.49410608,1134.217227766589
65666868.503640085,1134.0790838707535
65672353.29434317,1134.1235714237778
65677838.098923996,1134.1232956218562
65683322.789318465,1134.1055347228603
65688807.44889257,1134.1941987543692
65694292.33279263,1133.9585352264978
65699777.032691166,1133.385644188564
65705261.65043681,1132.9010785130768
65710746.389444776,1132.542460428852
65716231.22853026,1132.3284861936013
65721715.99822527,1132.202094780373
65727200.803321324,1132.1602186178468
65732685.49066911,1132.2555714892073
65738170.02212825,1132.3643645471657
65743654.68985118,1132.0754514854768
65749139.545553796,1131.9027023055137
65754624.238782324,1131.7078220725657
65760108.81855531,1131.7613650389685
65765593.34775559,1131.72259318202
65771077.819365874,1131.726558007088
65776562.262749486,1131.8181679811137
65782046.945127964,1131.434434320428
65787531.33717419,1130.9288618696946
65793015.74339185,1130.4971450220555
65798500.28188019,1130.112456772462
65803984.840348996,1129.9269949151758
65809469.40998246,1129.85514636986
65814953.94656533,1129.795796442914
65820438.32844174,1129.961267515389
65825922.61873649,1129.9643245660607
65831407.087164894,1129.69801819677
65836891.64905138,1129.4742821587133
65842376.05132967,1129.394840084405
65847860.34679775,1129.421694281731
65853344.603465766,1129.3872873261091
65858828.79692361,1129.389151656152
65864313.02106211,1129.3888820429347
65869797.40065992,1128.951260062311
65875281.469768435,1128.3394998409049
65880765.61637989,1127.9491418985472
65886249.935720034,1127.578638433355
65891734.20837138,1127.463808236591
65897218.51691538,1127.352040407632
65902702.74975851,1127.3277000897847
65908186.82103531,1127.5160437185182
65913670.88927619,1127.4102046074004
65919155.1504326,1127.084992109361
65924639.43890789,1126.9520521153809
65930123.50503904,1126.8748589626869
65935607.56219756,1126.8692287339782
65941091.513984054,1126.8231855555357
65946575.42590955,1126.851827030382
65952059.46646568,1126.7487392238418
65957543.52202867,1126.1749964147218
65963027.330711015,1125.6547272878706
65968511.25422956,1125.2579584304583
65973995.33463013,1124.9522250734105
65979479.333452284,1124.8128989508605
65984963.345542125,1124.7246129161558
65990447.29902241,1124.7418849738874
65995931.05590257,1124.8794392435932
66001414.89252712,1124.66853198108
66006898.91549411,1124.4245849031515
66012382.881142266,1124.2325621837113
66017866.66232888,1124.2731839534597
66023350.42743241,1124.2087126737056
66028834.10811675,1124.1711233463157
66034317.767924905,1124.2299427174262
66039801.63972312,1123.9625180363557
66045285.33024519,1123.376791153336
66050768.92052185,1122.8232737665571
66056252.64703556,1122.4045132420251
66061736.47127119,1122.1429415123002
66067220.2291918,1122.0284726062544
66072704.0302548,1121.9536560424683
66078187.689130835,1122.0175975601844
66083671.20119408,1122.0941489397671
66089154.86374009,1121.847289266789
66094638.68093062,1121.6200742903363
66100122.352332614,1121.4658864126518
66105605.89375049,1121.4618314129798
66111089.40277596,1121.4241028938484
66116572.850585595,1121.3794006119854
66122056.27955658,1121.4162644836092
66127539.95794252,1121.0263304110395
66133023.35389164,1120.412703366191
66138506.72707224,1119.9295052904927
66143990.25726485,1119.5133587852838
66149473.80763208,1119.3298007648455
66154957.35925964,1119.2204439849163
66160440.86283159,1119.1173872695927
66165924.23452667,1119.2457635952792
66171407.504960805,1119.2267280104465
66176890.95012028,1118.9179141531872
66182374.5170028,1118.7251061732695
66187857.911060765,1118.5717643743806
66193341.22346547,1118.6222231909776
66198824.46148872,1118.5375845412032
66204307.644656755,1118.494052910009
66209790.875649735,1118.4673717508026
66215274.28987732,1117.9719489788613
66220757.35000168,1117.3292939341186
66226240.52120927,1116.9186760932464
66231723.84655062,1116.5071047102942
66237207.12758532,1116.3375845172166
66242690.41820128,1116.212713574841
66248173.663998015,1116.1801451058677
66253656.72152723,1116.3132389198345
66259139.782066755,1116.1603898834087
66264623.04030359,1115.8551411371577
66270106.3694081,1115.616972717249
66275589.45847428,1115.5379966485577
66281072.52675198,1115.4919864996696
66286555.497703984,1115.4140657437658
66292038.44733597,1115.4018985329637
66297521.5102141,1115.260499362674
66303004.597207434,1114.655515897678
66308487.44886331,1114.0485920891335
66313970.38669857,1113.593098055792
66319453.48136552,1113.213760864326
66324936.498365715,1113.0614890195895
66330419.56515638,1112.9781536834023
66335902.523736745,1112.9422652509281
66341385.28102673,1113.0603984579263
66346868.13405313,1112.8198680065784
66352351.21417464,1112.5239802275657
66357834.222205706,1112.327616890897
66363317.03347596,1112.294655788786
66368799.82810415,1112.2606711424041
66374282.51174178,1112.1943661040539
66379765.164328694,1112.1873232306793
66385248.01050299,1111.918456574078
66390730.72650883,1111.284215620636
66396213.290398456,1110.6661645235522
66401695.995135106,1110.2062629735592
66407178.80704546,1109.9080623096747
66412661.560396165,1109.7815615046063
66418144.316615775,1109.6527216494337
66423626.95478502,1109.7159929952188
66429109.42129214,1109.7590824269184
66434592.05696164,1109.417783820572
66440074.85881748,1109.1802987197093
66445557.539432816,1108.9401924515864
66451040.06559627,1108.9338950444783
66456522.5564322,1108.8419281124588
66462004.94862004,1108.7539299809027
66467487.31863976,1108.7517144205601
66472969.94826274,1108.3179702819573
66478452.27053083,1107.59404345756
66483934.61165778,1107.0619363946553
66489417.09110601,1106.583376044903
66494899.59290418,1106.3186755445076
66500382.05596276,1106.155422522063
66505864.51965983,1106.0770866587666
66511346.822291724,1106.1611439806866
66516829.01650275,1106.0995831726952
66522311.407574706,1105.7637394663016
66527793.94343653,1105.5306611193464
66533276.27967744,1105.3439882650403
66538758.52564311,1105.3060892182414
66544240.68146602,1105.2024409751978
66549722.80131216,1105.1317120317708
66555204.938525125,1105.059106936581
66560687.2570606,1104.5324223508535
66566169.25007582,1103.8084035444376
66571651.320836045,1103.2518497286196
66577133.55516692,1102.78507551983
66582615.73363307,1102.566821927285
66588097.96518101,1102.4286674172724
66593580.1235378,1102.309352136486
66599062.09943525,1102.4180929964537
66604544.05076512,1102.2383535119184
66610026.233463846,1101.861629087161
66615508.43940319,1101.5789371122828
66620990.45698829,1101.4007453053391
66626472.42201467,1101.3727499387223
66631954.30743902,1101.2654074157492
66637436.14777995,1101.196315357327
66642918.08633938,1101.0244038964615
66648400.08886669,1100.3849865610352
66653881.80322199,1099.6286097005025
66659363.6560871,1099.1200459381482
66664845.665258735,1098.716551293188
66670327.59983151,1098.5258424834753
66675809.53798756,1098.3588251445312
66681291.41482392,1098.3082294686067
66686773.07814689,1098.3764704610999
66692254.82230922,1098.0897881262679
66697736.76838837,1097.728827803738
66703218.72657613,1097.4403463099538
66708700.44615867,1097.359566784689
66714182.17039902,1097.2437989921204
66719663.7856525,1097.1173052013332
66725145.38742712,1097.0844723236573
66730627.17200458,1096.8060908223886
66736108.81152398,1096.1180194462308
66741590.34331523,1095.4651554887423
66747071.98244539,1094.934117680104
66752553.73364384,1094.5759222015658
66758035.39311181,1094.3738830443265
66763517.09626037,1094.2161334662605
66768998.677441336,1094.2025137912913
66774480.06881113,1094.2099685971405
66779961.624500796,1093.8442353748856
66785443.391081594,1093.5469067264128
66790925.01400495,1093.2922896723303
66796406.488840126,1093.1967837666868
66801887.921759926,1093.0896973668862
66807369.27906365,1092.9611498904583
66812850.61104086,1092.9049488182607
66818332.18644417,1092.4719452447164
66823813.51151312,1091.7359369593796
66829294.7810256,1091.0989106203942
66834776.2050301,1090.5712264186811
66840257.667799644,1090.2937682021757
66845739.10338884,1090.1378315691813
66851220.497114785,1089.9688958530896
66856701.754503526,1090.0366121772186
66862182.89102568,1089.9494474812495
66867664.26047519,1089.4931797610254
66873145.75378394,1089.2186358710503
66878627.08961147,1088.9580836770035
66884108.30017473,1088.9192636090725
66889589.455216095,1088.7757001769328
66895070.54234956,1088.6318029173904
66900551.654248096,1088.5374996612943
66906032.985379696,1088.0012724340063
66911513.94231862,1087.193919858603
66916995.01125203,1086.6308391174034
66922476.22268346,1086.1226235347428
66927957.39436919,1085.8517700698567
66933438.56788435,1085.664047198735
66938919.704161055,1085.557054935421
66944400.63472614,1085.6092902477817
66949881.53938942,1085.4011493514495
66955362.68795086,1084.9899039547108
66960843.916949816,1084.6951959656012
66966324.92453285,1084.5209880444572
66971805.86631256,1084.4305337802325
66977286.7047075,1084.3089437996277
66982767.49676469,1084.2158806652828
66988248.369569935,1084.0130738534185
66993729.327240855,1083.3782021406298
66999210.00785431,1082.5799964691782
67004690.788765855,1082.009609727293
67010171.72988687,1081.5285541187648
67015652.58432567,1081.2938145826663
67021133.482865304,1081.159730237419
67026614.27470791,1081.0454824501703
67032094.85152339,1081.108296638562
67037575.51172115,1080.817594700921
67043056.415770836,1080.350801631227
67048537.31089333,1080.0630643565091
67054017.96417356,1079.8820558141977
67059498.61131108,1079.7809377056801
67064979.13794139,1079.6236497837917
67070459.62768853,1079.528911434311
67075940.280258775,1079.2362223103187
67081420.84936706,1078.4919129311074
67086901.23669351,1077.6884396444714
67092381.77566173,1077.1227978680854
67097862.43291137,1076.737942324693
67103342.99971358,1076.4840418643712
67108823.567154765,1076.3291247749478
67114304.04755093,1076.3035338571535
67119784.31071557,1076.285665655907
67125264.7453753,1075.8538802597823
67130745.40831813,1075.5095540161994
67136225.9531643,1075.1628383058405
67141706.3206689,1075.0591431131097
67147186.63772474,1074.8722988594147
67152666.85543256,1074.718644508568
67158147.06143014,1074.6488609453809
67163627.49254626,1074.1919672346132
67169107.66762653,1073.4353215565693
67174587.81062737,1072.7165786043786
67180068.0953915,1072.1235813642681
67185548.42632292,1071.7782470393952
67191028.69667426,1071.6034352667784
67196508.97273238,1071.4325203527071
67201989.08705796,1071.431622364286
67207469.0629338,1071.3237002030269
67212949.25458711,1070.8978810471988
67218429.61629422,1070.5147687476879
67223909.80709507,1070.2837428207347
67229389.85494305,1070.1724311207172
67234869.87838155,1070.0349231007087
67240349.81937493,1069.8584812435308
67245829.76102658,1069.731954503959
67251309.93451947,1069.203048516912
67256789.74790421,1068.3474159416708
67262269.64056642,1067.6764549098473
67267749.6975013,1067.110759781664
67273229.73066677,1066.8616884758044
67278709.75998439,1066.6349186436848
67284189.71591856,1066.4993447273669
67289669.50128327,1066.536702888471
67295149.2362282,1066.3282486685312
67300629.21595164,1065.8326936389274
67306109.3041829,1065.5562297156512
67311589.14387707,1065.3138890984144
67317068.93130709,1065.2480527613143
67322548.59499155,1065.0703640719005
67328028.2190715,1064.9228805936598
67333507.9126219,1064.7267016223695
67338987.7437617,1064.0312899792787
67344467.24944077,1063.2043013753241
67349946.88922517,1062.5410590510467
67355426.67149742,1062.0141799090688
67360906.34419121,1061.7312879742376
67366386.05686703,1061.5886858850185
67371865.68403198,1061.4542746365546
67377345.08367679,1061.4774672603996
67382824.55582969,1061.1768476946354
67388304.29055253,1060.7510177360496
67393784.0144242,1060.3995021654832
67399263.52671736,1060.2343655409804
67404742.95001289,1060.091179805119
67410222.28787203,1059.9344106678316
67415701.58159985,1059.802506666888
67421181.0157129,1059.4891327468613
67426660.43237236,1058.7495951542335
67432139.62487142,1057.8257593868154
67437618.97345862,1057.2116342421575
67443098.44898282,1056.7720454665114
67448577.83250575,1056.5247127780476
67454057.2267338,1056.31879418754
67459536.51524296,1056.2722087535703
67465015.573605,1056.2553579477092
67470494.80088595,1055.8267232229737
67475974.22239074,1055.3477558373024
67481453.60432945,1054.9896118347751
67486932.75624368,1054.8485924031065
67492411.89177527,1054.6709568755105
67497890.90238567,1054.4822175573063
67503369.88729256,1054.3796135397686
67508849.09493837,1053.946357186991
67514328.09224322,1053.0942209649452
67519807.0307368,1052.304920218219
67525286.11408076,1051.6776366220183
67530765.26671666,1051.2937074329736
67536244.31449674,1051.0352193602082
67541723.3870111,1050.873694569094
67547202.30553511,1050.8344221889915
67552681.0482822,1050.7198651074582
67558160.02042449,1050.2608483997985
67563639.1902904,1049.8324889679143
67569118.17490584,1049.545171163389
67574597.00824165,1049.4046466317814
67580075.80125679,1049.2327483025053
67585554.51575293,1049.0400737418345
67591033.21448392,1048.9084723788596
67596512.1459971,1048.3881964889583
67601990.79748476,1047.4677100555484
67607469.46120875,1046.7051043434462
67612948.29030888,1046.099508913397
67618427.10456912,1045.8091743963666
67623905.89119425,1045.5685940716517
67629384.62659575,1045.398533880387
67634863.18877813,1045.413285682408
67640341.64366613,1045.1634577365944
67645825.44396076,1029.9183667466286
67651309.20983116,1029.5176416306006
67656798.21704388,1015.1211828070564
67662286.59477179,1014.8903715040212
67667780.70996165,1001.4825970697286
67673273.83857092,1000.9844105926314
67678773.20050685,988.6179371459036
67684271.44342633,987.4144899001478
67689775.86305195,975.4521444010256
67695278.74147363,973.8710179538722
67700788.61800122,963.63407569019
67706297.04200298,963.5552272592744
67711805.4818071,963.4988670802309
67717313.8400539,963.565493242324
67722821.98308451,963.7682147288273
67728330.19763264,963.5932469156085
67733838.68603967,963.1869884079367
67739347.20146531,963.0175462830582
67744855.48869002,962.9447468820271
67750363.70286587,962.9607292278081
67755871.83057281,962.9556707471075
67761379.92731915,962.9650276445129
67766888.17843543,962.7895322716017
67772396.41265842,962.1584062342147
67777904.48148552,961.266744139027
67783412.69545022,960.7320642182008
67788921.0353926,960.4220290208232
67794429.25628828,960.3390328358696
67799937.52409391,960.3908726810247
67805445.65973093,960.4959696195183
67810953.57737431,960.6147957341398
67816461.70801836,960.279598800268
67821970.09098707,960.0167200146163
67827478.33470295,959.7883213454897
67832986.41682237,959.8174816907062
67838494.4503634,959.7653823771213
67844002.37696105,959.7253330401279
67849510.30438815,959.7794457171819
67855018.47860648,959.4593403299905
67860526.40427467,958.6530635186886
67866034.35380389,957.9480720101428
67871542.4610544,957.4349119898237
67877050.59628119,957.2501528816438
67882558.66867448,957.1823134530559
67888066.70582531,957.2077001441316
67893574.58705449,957.4259299032356
67899082.35110784,957.4120252699449
67904590.41495088,956.98959267632
67910098.59694014,956.821960908778
67915606.58782841,956.6367016845422
67921114.45400241,956.6994846234423
67926622.27094121,956.6938791797475
67932130.01860459,956.6622895710364
67937637.79464585,956.6336273011755
67943145.78213781,956.2104082504206
67948653.45273949,955.3401281584372
67954161.24221927,954.700969797827
67959669.20042212,954.2702492811923
67965177.06757589,954.184218943647
67970684.96577907,954.1954707887144
67976192.78117922,954.2297303037498
67981700.35940404,954.431232883861
67987207.99423665,954.2485756336974
67992715.93449375,953.9060541766517
67998223.88077761,953.6920455044238
68003731.60061792,953.6645174977905
68009239.23645744,953.6898102648163
68014746.77395217,953.6757720041002
68020254.30242577,953.6990163658131
68025761.96607754,953.5864921395481
68031269.63702023,952.9716759172888
68036777.12570037,952.1639489411411
68042284.75578019,951.609038565111
68047792.5215186,951.3004107041214
68053300.15009263,951.2068552899918
68058807.80480793,951.2674774701491
68064315.35895321,951.4033197231915
68069822.67185417,951.5298386631991
68075330.19429624,951.1937648700391
68080837.9185298,950.888713816312
68086345.58500105,950.7087503585824
68091853.02825004,950.7165624490455
68097360.45121945,950.7243127914905
68102867.74186137,950.682927905686
68108375.03139152,950.7251212473599
68113882.56472898,950.466743851098
68119389.91763103,949.6682378774715
68124897.22622953,948.904556593458
68130404.70468102,948.4005800710858
68135912.21739382,948.2215565317124
68141419.66762687,948.2104653178352
68146927.084117,948.2402216228684
68152434.33584565,948.4572345057136
68157941.45764668,948.4681159229895
68163448.86564139,948.1313827848578
68168956.4093967,947.854724874303
68174463.7663418,947.7777248517805
68179970.98721796,947.8057751357346
68185478.1501772,947.8039470691338
68190985.24940278,947.7953032890196
68196492.36377697,947.7977965276136
68201999.71278997,947.3800340424654
68207506.75977719,946.5452667897341
68213013.93195459,945.8539716121675
68218521.25133243,945.4206206259953
68224028.4851973,945.2883078377398
68229535.71545021,945.3100468993998
68235042.9041051,945.3811542845126
68240549.84706812,945.5905480862689
68246056.82634144,945.4399326752681
68251564.1140836,945.0656207901452
68257071.43572876,944.9494255477179
68262578.49027686,944.8965136320248
68268085.51572149,944.9703663656401
68273592.40475883,944.9436018810102
68279099.27801484,944.9639370607972
68284606.26685447,944.8989048793151
68290113.32566492,944.3545086014644
68295620.1517857,943.4642363983912
68301127.15394345,942.9184793964243
68306634.28237067,942.632773146914
68312141.28506592,942.5883266748604
68317648.30141014,942.6073497709533
68323155.21246687,942.764881321511
68328661.88963293,942.9288548775686
68334168.76032813,942.6237622426734
68339675.85523301,942.2571910729288
68345182.90694775,942.1303736975228
68350689.72810479,942.1064909718251
68356196.51747766,942.1940729551889
68361703.18667513,942.1836275406058
68367209.83890367,942.2262795803472
68372716.71512346,942.0250098876304
68378223.46640462,941.2855775673462
68383730.14061795,940.512536503586
68389236.98813066,940.0042137732748
68394743.87683645,939.8132573038174
68400250.6627522,939.8571706835038
68405757.46225467,939.944239452956
68411264.0870053,940.1441841899846
68416770.55476584,940.1896577417047
68422277.30680177,939.8582028794827
68427784.22139934,939.6117909692011
68433290.94917406,939.5187410726187
68438797.54906061,939.5791852056113
68444304.07753704,939.573359075182
68449810.53975324,939.5952004136884
68455317.0201521,939.6632766451919
68460823.74673113,939.3023058963511
68466330.19284268,938.4726079367726
68471836.752094,937.7759095245204
68477343.44824728,937.3547701084792
68482850.08349471,937.2767130579628
68488356.67266038,937.2938696618048
68493863.22535722,937.4560815350228
68499369.55152945,937.7023207184436
68504875.88026598,937.6013526528201
68510382.5012733,937.1893542841501
68515889.19541922,937.1483070948537
68521395.62892857,937.1034186386837
68526902.01588641,937.234167453294
68532408.27769081,937.2255646588633
68537914.51727879,937.2524559099015
68543420.84746066,937.2496862372973
68548927.34126584,936.7636318867727
68554433.55168581,935.8082064745347
68559939.9501616,935.2643861197425
68565446.47214137,934.9789570010855
68570952.85610151,934.9613151202777
68576459.2707171,935.0393735676153
68581965.56067663,935.2102917709547
68587471.61218876,935.4388549948679
68592977.84556371,935.2022459939426
68598484.34030448,934.8667257064423
68603990.75283618,934.7875473146676
68609496.9685538,934.7972946470301
68615003.13935821,934.9228786528538
68620509.18758292,934.9534094086416
68626015.21706635,935.0251421471307
68631521.45654593,934.862120971782
68637027.62565765,934.2405420002669
68642533.71222872,933.3535418956817
68648039.94317377,932.8536086154688
68653546.23744135,932.7010448692072
68659052.402025,932.7770743353439
68664558.57903264,932.9065815320041
68670064.60296215,933.1392014546987
68675570.4363974,933.2387804674763
68681076.54349048,932.8636465850229
68686582.87033662,932.687412710874
68692089.00926691,932.56639052496
68697595.016888,932.7119721609495
68703100.95072307,932.7453625313656
68708606.80863751,932.7974230580385
68714112.67154175,932.9068184251914
68719618.78950666,932.6519834636365
68725124.6407858,931.785917653404
68730630.60589992,931.1270586750843
68736136.70606333,930.7173400815001
68741642.76003502,930.6944943242141
68747148.74278331,930.780912318213
68752654.69597968,930.987944891348
68758160.42553647,931.2825379077794
68763666.12661585,931.2551959674421
68769172.12882626,930.8411389571017
68774678.19788961,930.8488196415313
68780184.05389939,930.807736931228
68785689.81601661,930.9913864279855
68791195.50284192,931.0576467695319
68796701.13679767,931.1138710123245
68802206.83953612,931.1754080912779
68807712.74695174,930.7869177942065
68813218.36368932,929.8506861133942
68818724.1444775,929.3051602482121
68824230.0647413,929.0318803636615
68829735.84392883,929.1178638623907
68835241.65419662,929.2801206863678
68840747.34741308,929.5134473663024
68846252.79427825,929.7926503824889
68851758.39798254,929.6192441501362
68857264.26186413,929.334168805883
68862770.05752577,929.2764194259548
68868275.67605758,929.3956067116143
68873781.2044616,929.5342047281767
68879286.63083777,929.6334791976105
68884792.04824947,929.7559411001039
68890297.64067242,929.6852715878179
68895803.22936773,929.1386947669303
68901308.68843047,928.2477549777843
68906814.30444825,927.7924109853102
68912320.00052668,927.6679505313963
68917825.52856548,927.7669542923927
68923331.09731522,928.0165548839767
68928836.51582426,928.3051807418594
68934341.71604973,928.4811116452286
68939847.18866554,928.1823221778245
68945352.87288226,927.9919653837464
68950858.39811099,927.9351266205857
68956363.77713509,928.165228921798
68961869.10503745,928.2701632210362
68967374.31164163,928.3520138754602
68972879.52783486,928.5148354228774
68978385.0080291,928.3830252056239
68983890.2593701,927.5754210496912
68989395.5948505,926.8922096306492
68994901.05707727,926.5167546942025
69000406.48802625,926.5505278986093
69005911.83932652,926.6809815257828
69011417.1468344,926.9460268497314
69016922.26303022,927.3241892329986
69022427.30333605,927.3810623308718
69027932.6570995,927.0245321479551
69033438.10366769,927.0980216428434
69038943.32835458,927.1292102925604
69044448.46060619,927.398228411356
69049953.52750319,927.5612403859466
69055458.519739,927.667803298836
69060963.5465006,927.8006437122945
69066468.80998108,927.5529603599243
69071973.80077402,926.6772366406583
69077478.92753778,926.1526715071179
69082984.20136087,925.9217553236567
69088489.34013371,926.087251724639
69093994.47826408,926.328156216151
69099499.5210427,926.5952727619393
69105004.31317258,926.964750853067
69110509.21685296,926.8725638784297
69116014.4108109,926.674882104107
69121519.56225401,926.7177461097269
69127024.52277988,926.8629312508601
69132529.40704785,927.1230539155624
69138034.18898366,927.3092919116957
69143538.93965228,927.5048789701514
69149043.82271482,927.5518021838341
69154548.7716428,927.1222942430261
69160053.5620772,926.318376500306
69165558.5021667,925.9076929467215
69171063.5325021,925.8412936085525
69176568.37869446,926.0290447853263
69182073.26932149,926.3605897932607
69187578.00691415,926.7233786363217
69193082.51991723,926.987670767397
69198587.28647576,926.766832276031
69204092.25636138,926.7876594438065
69209597.1149465,926.8450095052103
69215101.80149339,927.1188585111167
69220606.43791726,927.3143859792472
69226110.9661193,927.49337754981
69231615.49403138,927.7426471417509
69237120.25352742,927.7472197973173
69242624.85599107,927.0544306278155
69248129.49458155,926.3992260591872
69253634.27742435,926.1000491256433
69259139.04544139,926.2334466835568
69264643.71279477,926.4534737317197
69270148.35052726,926.8056212487513
69275652.80602476,927.2539516899369
69281157.1413628,927.4055480464745
69286661.7986844,927.130811874883
69292166.55771354,927.2765537329201
69297671.16162676,927.3981290026774
69303175.61747433,927.7288194834643
69308680.02169484,927.9771430335766
69314184.33912478,928.1544412889131
69319688.68524037,928.402704491341
69325193.2952336,928.2865638386145
69330697.64255385,927.5095071949484
69336202.10612458,927.0289813880249
69341706.72015043,926.8694433266669
69347211.20423496,927.1232441464833
69352715.67511867,927.4923690270127
69358220.06472042,927.8450519471172
69363724.20901111,928.3077320405705
69369228.42479889,928.344383983444
69374732.91380778,928.1418255716399
69380237.43177801,928.3167981131631
69385741.76725751,928.5352311553356
69391246.01256508,928.8238799657868
69396750.16378745,929.098814589094
69402254.28155428,929.3699587334471
69407758.49728954,929.5369694055863
69413262.86118469,929.2701140188396
69418767.01487818,928.4645541236955
69424271.33360991,928.1363867632335
69429775.74872494,928.1474345598428
69435279.97201996,928.4471444950659
69440784.22762181,928.913762205219
69446288.35575098,929.3900520212146
69451792.23045357,929.7624860073465
69457296.33738768,929.680541598934
69462800.67653532,929.7890454516283
69468304.90580915,930.0198030483907
69473808.98243318,930.3717389894965
69479312.99010105,930.6746220921368
69484816.8969294,930.9334923028671
69490320.80076928,931.2735894678253
69495824.91652079,931.4187619197619
69501328.94749883,930.922310815151
69506832.96759817,930.2857643682173
69512337.12016977,930.0626309406666
69517841.27876513,930.2937091772505
69523345.29701774,930.6203435157621
69528849.31188123,931.1082191709806
69534353.1580833,931.673195638794
69539856.84156303,931.9680305678028
69545360.84651804,931.8112289839019
69550864.96501797,932.0438197455805
69556368.95356572,932.2624850699539
69561872.79569106,932.7185605393952
69567376.56838349,933.0648018887455
69572880.23669226,933.3561395666648
69578383.92360865,933.6872633271671
69583887.89087872,933.7481303048185
69589391.61834729,933.0446407412917
69594895.4421162,932.6485716847599
69600399.41117074,932.5902586416091
69605903.27973296,932.9693052560052
69611407.07784605,933.4601570097377
69616910.8107607,933.9591477143587
69622414.31711882,934.5454758156804
69627917.84944353,934.7454238043159
69633421.66870463,934.6828142643549
69638925.5247541,934.965718587636
69644429.21629985,935.2998716047719
69649932.79355317,935.7230753969322
69655436.31021945,936.1149915323394
69660939.75891493,936.4607656949587
69666443.26831824,936.7946695284327
69671946.9646867,936.7480499706132
69677450.43329135,936.0340087660861
69682954.05860798,935.777553425921
69688457.79161292,935.8860971984981
69693961.34462938,936.3443065319418
69699464.92204027,936.9135850215308
69704968.36647364,937.5183463261476
69710471.5530256,938.0413495249909
69715974.94224109,938.1219219225961
69721478.58027725,938.3180036397692
69726982.1221968,938.69782425571
69732485.49040687,939.165153448965
69737988.79186557,939.614899011973
69743491.97008222,940.0044575125476
69748995.14768067,940.4361515771157
69754498.48957548,940.6990652825586
69760001.84619017,940.4369565062148
69765505.0993539,939.9168073498021
69771008.50140232,939.8049045427533
69776511.94310065,940.1269432913631
69782015.20626825,940.5902596750066
69787518.49331684,941.2306627074056
69793021.60976404,941.873948326673
69798524.53585073,942.3145926524624
69804027.75181565,942.3241662767458
69809531.13374943,942.673747308085
69815034.38246617,943.0054759717015
69820537.49431908,943.5499641293852
69826040.55083427,944.0223460943627
69831543.48314174,944.4223183522845
69837046.4149274,944.8894964888473
69842549.61946148,945.1194300676057
69848052.62389867,944.6294248742499
69853555.72333233,944.3089125589654
69859058.9383498,944.3577349420233
69864562.0814151,944.8455152933666
69870065.13324429,945.3781903318146
69875568.13487108,946.0311625178612
69881070.92193648,946.73403834499
69886573.68659654,947.0782856476561
69892076.72493976,947.1393911256894
69897579.86631714,947.6784881238011
69903082.81926185,948.1337849171862
69908585.66323197,948.7671480485861
69914088.43353795,949.2774440378587
69919591.12728485,949.7144313536893
69925093.85515793,950.1817184842187
69930596.82497105,950.3516665987277
69936099.54833825,949.7858354341552
69941602.42084464,949.678257820712
69947105.40992668,949.9050498825445
69952608.23404476,950.5109024635243
69958111.05361803,951.1569427826512
69963613.76182468,951.851411153228
69969116.22703223,952.5306100532785
69974618.84718543,952.7723567289642
69980121.72533892,953.0096446971654
69985624.56853254,953.6118131340913
69991127.23483261,954.127130647783
69996629.81642218,954.7285648733298
70002132.30063649,955.2711108279307
70007634.73957747,955.8004911711057
70013137.30198783,956.2195267012864
70018639.9745584,956.1828257947002
70024142.50638619,955.747138491616
70029645.18424602,955.7673532188751
70035147.91533767,956.1888709540993
70040650.45805618,956.8267640000417
70046153.03193185,957.5953903258705
70051655.43522541,958.3467948140483
70057157.6342092,958.9421287248052
70062660.11191662,959.1661957771557
70068162.79074414,959.6422230130642
70073665.34256999,960.1694215954102
70079167.76118204,960.7913516237552
70084670.09484142,961.393611849734
70090172.33486657,961.9346142786956
70095674.56882237,962.5271280482701
70101177.02653623,962.9274933517486
70106679.37092414,962.7553013756824
70112181.7330459,962.5151756160142
70117684.22993056,962.6861558457676
70123186.68200722,963.3023537388356
70128688.99950522,963.9592223837665
70134191.3150568,964.7562107990398
70139693.41937228,965.5633027450475
70145195.4458095,966.0563757787795
70150697.76671928,966.2355311079099
70156200.22575188,966.8789090144878
70161702.49575895,967.3897079194574
70167204.66478607,968.1411136192197
70172706.73455189,968.772449464702
70178208.71846856,969.3373802573226
70183710.73015366,969.9395308936462
70189213.00730175,970.2754572105197
70194715.05916202,969.9042454305431
70200217.26024915,969.9457057425864
70205719.5519403,970.2996624507903
70211221.708619,971.0351323718705
70216723.81763446,971.8200701927024
70222225.82760096,972.671840945007
70227727.60693721,973.4816166491316
70233229.49296245,973.9109793732093
70238731.61288433,974.2511749985783
70244233.7894685,975.0163492332949
70249735.76237363,975.6243634041207
70255237.66983229,976.4338477361163
70260739.46999484,977.0756456170884
70266241.22098243,977.7101748618072
70271743.05013078,978.3088821908333
70277245.05800445,978.4916007675909
70282746.8634837,978.1544744635675
70288248.86627544,978.3173837564614
70293750.92199233,978.8809187076968
70299252.80029333,979.6734543320661
70304754.68572947,980.5072908703925
70310256.42245685,981.3861402783634
70315757.93043987,982.1424758980587
70321259.69292496,982.534249583196
70326761.67150988,983.0080995668246
70332263.58153068,983.7619450784678
70337765.31089032,984.462620657979
70343266.96408936,985.2844423046563
70348768.5028718,985.9593806841382
70354270.00699984,986.6414257204342
70359771.69733907,987.2061050757283
70365273.38752489,987.2862438187296
70370774.99479923,987.1247420969476
70376276.76471533,987.4352247056365
70381778.52274898,988.1694655742658
70387280.12145588,989.0302215001092
70392781.72760184,989.9505806110569
70398283.11302496,990.8645151551764
70403784.39399834,991.5205366662979
70409285.96601781,991.9207663659586
70414787.69314152,992.6393946127655
70420289.24501592,993.3465877394067
70425790.69278812,994.1467321433729
70431292.03081428,994.9278823192677
70436793.29812309,995.6407693691076
70442294.54502538,996.3773287967123
70447796.04900783,996.9214028308484
70453297.37858047,996.8800072579032
70458798.79482177,996.9667164342646
70464300.31779554,997.4214322768006
70469801.72068651,998.2293849339292
70475303.06719814,999.1375160164075
70480804.3547088,1000.121062285359
70486305.38554735,1001.0390240290387
70491806.47100906,1001.6005545473914
70497307.83261956,1002.0995989122544
70502809.28594372,1002.9305043485739
70508310.51875022,1003.6690657417428
70513811.67602138,1004.5852296057858
70519312.69830145,1005.3549633751461
70524813.66634306,1006.1038261607797
70530314.68878494,1006.8333112299597
70535815.93820143,1007.2573648158237
70541316.9679283,1007.1750376342275
70546818.17581981,1007.4651973093477
70552319.44127263,1008.1273040767169
70557820.52124381,1009.0163121019115
70563321.57164162,1009.9796732695119
70568822.53253044,1010.9612036126266
70574323.24207577,1011.8328404469282
70579824.15767156,1012.3599811776148
70585325.28067593,1012.9591275541231
70590826.43263237,1013.8335549998058
70596327.34680703,1014.6544659034554
70601828.21957596,1015.5857870740995
70607328.96018364,1016.352500711255
70612829.65676244,1017.1591946512929
70618330.49228549,1017.9068598639656
70623831.40580782,1018.197457870991
70629332.19912745,1018.1839243353935
70634833.16845424,1018.6294780359226
70640334.13385026,1019.4829907619211
70645834.92351687,1020.3915709354378
70651335.69494113,1021.4142119950795
70656836.30517088,1022.474667310157
70662336.75582783,1023.2696498788875
70667837.50748439,1023.791627083276
70673338.41027461,1024.6152770278852
70678839.21728776,1025.5106327277226
70684339.81659521,1026.3836562976082
70689840.38057493,1027.3522450968785
70695340.81389868,1028.143866920387
70700841.21884233,1028.9675901569774
70706341.86957823,1029.6789528926988
70711842.44410543,1029.8028957078443
70717343.02002065,1030.011511664873
70722843.73076908,1030.5851172440302
70728344.3533503,1031.5387560395689
70733844.87698604,1032.5787390503351
70739345.34085861,1033.6044325643488
70744845.58625585,1034.661376268953
70750345.83117755,1035.3930097633538
70755846.36515583,1035.981948798192
70761346.98646784,1036.8581811531328
70766847.46785583,1037.693165947265
70772347.804402,1038.630617671931
70777848.06657967,1039.5768828267426
70783348.26476528,1040.4081065574333
70788848.45133309,1041.239174017453
70794348.90254992,1041.9402801482734
70799849.14994699,1042.0042761889652
70805349.53378426,1042.3574766783313
70810850.0013674,1043.0899342004557
70816350.28868255,1044.0746304344316
70821850.56207603,1045.153179594201
70827350.74440452,1046.2226047191077
70832850.67267978,1047.2111873152526
70838350.76110938,1047.8647570522671
70843851.10668314,1048.527180836758
70849351.46677212,1049.4419105425445
70854851.64539458,1050.3759889110195
70860351.70216058,1051.3980630379328
70865851.65240231,1052.3213448278138
70871351.56190383,1053.2083557444719
70876851.55056114,1054.0357320565015
70882351.69893813,1054.5894798884096
70887851.72361986,1054.719486658394
70893351.8702986,1055.2680415532407
70898852.04789919,1056.1570464983065
70904352.02580813,1057.1646799463383
70909852.00110662,1058.3429392883256
70915351.82673752,1059.4529870906358
70920851.45264688,1060.3636656535696
70926351.3501122,1060.9908162331121
70931851.43153584,1061.9104846792973
70937351.4393329,1062.8323521898524
70942851.2803227,1063.8687667863044
70948351.0212612,1064.8853144252444
70953850.66678865,1065.7871600682367
70959350.28103192,1066.7230850116325
70964850.07345828,1067.5612365834188
70970349.8657834,1067.9481799610942
70975849.64532542,1068.272799007994
70981349.5366638,1068.9247913740014
70986849.37251054,1069.9486644540477
70992349.04292081,1070.9927221772675
70997848.7017802,1072.1504080555478
71003348.16827601,1073.26555887493
71008847.55822603,1074.1038371527866
71014347.23793778,1074.6859097738648
71019847.08543083,1075.6732495424812
71025346.76481846,1076.5927306906335
71030846.29153658,1077.6975042089566
71036345.73777974,1078.7009238071173
71041845.07379645,1079.61714032182
71047344.39537372,1080.5565304077238
71052843.97939946,1081.3696556345226
71058343.41488537,1081.6519340894858
71063842.96217246,1082.1532667320112
71069342.57185885,1082.948272352188
71074842.04626663,1084.0454473298691
71080341.43314639,1085.1421320898924
71085840.74215353,1086.3433431309995
71091339.82075186,1087.4251769957875
71096839.00326297,1088.2110329471757
71102338.43571287,1088.9034687245658
71107837.92589612,1090.0408532346487
71113337.21329422,1090.9900425319247
71118836.39454968,1092.13166696353
71124335.48498033,1093.12819032174
71129834.49283405,1094.0527874693942
71135333.53767152,1094.9872440807335
71140832.830344,1095.7243797020446
71146331.93943857,1095.9727365146807
71151831.20394099,1096.6161369014512
71157330.49435593,1097.5751703314072
71162829.59004469,1098.6482017084359
71168328.67428692,1099.810544886681
71173827.6223905,1100.9744741673815
71179326.36467299,1101.9985595303806
71184825.34741943,1102.7364627092038
71190324.50606473,1103.5152308041274
71195823.6702823,1104.5846268977568
71201322.62682925,1105.5780483803176
71206821.51733412,1106.7218989977775
71212320.3000937,1107.700312425302
71217819.01787604,1108.6644913671416
71223317.87203489,1109.5851193323351
71228816.82878903,1110.192680914895
71234315.70427449,1110.4669079027867
71239814.7264251,1111.2062187204524
71245313.70594274,1112.2893484704823
71250812.5163805,1113.4180681900416
71256311.2920509,1114.6152856207054
71261809.89109828,1115.8024611627793
71267308.3731476,1116.7394937795345
71272807.15591644,1117.487284694797
71278306.06997766,1118.4206781977148
71283804.87705763,1119.521503913897
71289303.48960467,1120.6147017446376
71294802.04181254,1121.757298568541
71300300.48518926,1122.7269115489403
71305798.88815583,1123.697712773726
71311297.51996411,1124.6289313002985
71316796.11079979,1125.0716406197853
71322294.73243925,1125.559702802721
71327793.4458678,1126.3864380989876
71333292.03852212,1127.5226345806855
71338790.53590712,1128.729649190205
71344288.97224918,1129.9295295881082
71349787.1856467,1131.0737640370598
71355285.43282743,1131.9469774710492
71360783.96829145,1132.6691047887737
71366282.57560506,1133.720447130115
71371781.00922088,1134.7699950813578
71377279.31767677,1135.8618159114067
71382777.54779053,1136.9613749773378
71388275.70556158,1137.9508378349635
71393773.84348626,1138.9277259308255
71399272.25085057,1139.830219559232
71404770.52049777,1140.17830144443
71410268.90228802,1140.794215322398
71415767.33456177,1141.7500564264437
71421265.57520957,1142.8822833989595
71426763.77906613,1144.1256593377702
71432261.89818984,1145.3193257067385
71437759.7699868,1146.4018626767242
71443257.82356577,1147.2079948209157
71448756.11114427,1148.0554994383529
71454254.38975684,1149.1582694312046
71459752.48859219,1150.2457327890318
71465250.4752428,1151.4251310404277
71470748.3441755,1152.4761458767666
71476246.16531983,1153.4961252517583
71481744.05722354,1154.4609341575056
71487242.14084603,1155.2439171313279
71492740.13147078,1155.6369764110264
71498238.22768313,1156.3958809795033
71503736.31631169,1157.4601569188821
71509234.19708459,1158.6118399881254
71514732.07914501,1159.8957186381358
71520229.79909453,1161.1040999367692
71525727.34639286,1162.0994702682651
71531225.16203615,1162.8608080723056
71536723.15356028,1163.9226455262954
71542221.04405794,1165.0068663248262
71547718.7758617,1166.159144656834
71553216.40846822,1167.3025521464542
71558713.94928908,1168.3156017155848
71564211.44483152,1169.3443310546786
71569709.11689548,1170.3386390857606
71575206.82868853,1170.956833715277
71580704.55829246,1171.4781148114166
71586202.35224529,1172.3131917318156
71591700.06378633,1173.4736542868795
71597197.6118906,1174.6308694597665
71602695.1421332,1175.9028788118208
71608192.47492334,1177.0582539795562
71613689.7601229,1177.988513538453
71619187.30981979,1178.7430446312858
71624685.00054659,1179.84714335216
71630182.53015324,1180.8835576848205
71635679.92973375,1182.0711747843338
71641177.2319582,1183.1619303694258
71646674.43279067,1184.169842353689
71652171.61006482,1185.1857333978364
71657669.04706523,1186.1421880215398
71663166.41783856,1186.617317986998
71668663.87642506,1187.276197997056
71674161.368864,1188.2270125274615
71679658.70715399,1189.394410701333
71685155.94897665,1190.610725946841
71690653.133611,1191.8736244820584
71696150.08010887,1192.998457698543
71701647.14351507,1193.8616922790045
71707144.42839654,1194.6865467555629
71712641.80104764,1195.8639010415002
71718138.94205248,1196.950045926969
71723636.00017469,1198.1394775551541
71729132.94079858,1199.1923335744286
71734629.81199883,1200.1925153924903
71740126.71899326,1201.1946113022318
71745623.87751742,1202.0516330679238
71751120.91230454,1202.501129374784
71756618.08393274,1203.2665479872926
71762115.25593092,1204.3201548866584
71767612.21017289,1205.4986968557378
71773109.14154454,1206.7318687094976
71778605.95830615,1207.9661379835084
71784102.57293609,1209.0074586089734
71789599.4148761,1209.8121313651202
71795096.41552451,1210.7466815322582
71800593.41156344,1211.9194669123845
71806090.19831154,1213.025520687061
71811586.938056,1214.1874716457705
71817083.54580374,1215.2030153151793
71822580.10340466,1216.2208571878227
71828076.78581649,1217.2183000397047
71833573.61012845,1217.95041129009
71839070.3514164,1218.473841175975
71844567.2235731,1219.3198830922552
71850064.03795755,1220.4763218302896
71855560.66914928,1221.6233028190818
71861057.27416967,1222.896775484475
71866553.71527293,1224.0784056727136
71872050.038509,1225.0547897015977
71877546.6308926,1225.838072742348
71883043.33524004,1226.8963630024537
71888539.96425216,1228.0103429695737
71894036.40322877,1229.1452149293286
71899532.79710096,1230.2955757130974
71905029.05722144,1231.284420360478
71910525.27760184,1232.3004093614688
71916021.73292902,1233.282999351606
71921518.16511747,1233.841618255996
71927014.66958147,1234.4601987456658
71932511.22477913,1235.3827817202528
71938007.66220675,1236.576644445177
71943503.99104749,1237.7369622316696
71949000.24912545,1238.9557427899842
71954496.30661763,1240.1003814955438
71959992.3995614,1241.0045718886868
71965488.72426616,1241.8049214415396
71970985.14516823,1242.975038808849
71976481.38848534,1244.0878818894546
71981977.48761734,1245.2530028013732
71987473.52787891,1246.3480380222684
71992969.45683254,1247.318015576093
71998465.38594088,1248.3082407823822
72003961.5943814,1249.2654251281972
72009457.69489837,1249.728047652095
72014953.90102988,1250.5100171160416
72020450.1225546,1251.5128810236668
72025946.1716379,1252.6910015771207
72031442.16340378,1253.9059302156954
72036938.03936428,1255.100170108406
72042433.7152756,1256.1690970817913
72047929.55703597,1257.0308903163482
72053425.57818319,1257.8846691256401
72058921.62502429,1259.0694456039819
72064417.4791568,1260.11818471765
72069913.2669939,1261.2479343408238
72075408.9465117,1262.276581616537
72080904.56510454,1263.266653706235
72086400.2480349,1264.2466996782523
72091896.15470262,1265.0792443039775
72097391.95629928,1265.5388051385619
72102887.89571607,1266.3610111034761
72108383.79501371,1267.4523325365926
72113879.50797045,1268.6066953172524
72119375.19820434,1269.7922397781986
72124870.75307788,1270.9555016242598
72130366.14816372,1271.9409781791805
72135861.78992806,1272.7462648398941
72141357.58336161,1273.6728014153591
72146853.32792269,1274.8320958944942
72152348.87542415,1275.87850705385
72157844.36082347,1277.0347926882048
72163339.72860417,1278.0188552455304
72168835.04090722,1279.0027072878988
72174330.53530987,1279.9640573103427
72179826.11322863,1280.641997871807
72185321.6884836,1281.1866626240833
72190817.34161198,1282.0690215164605
72196312.90853052,1283.2169628003714
72201808.33179447,1284.3649038573656
72207303.71511471,1285.5652958514527
72212798.89889005,1286.689791347993
72218294.04542255,1287.6075316213414
72223789.46647768,1288.4013919883294
72229284.95378345,1289.5063174627883
72234780.34910412,1290.586618131522
72240275.56731114,1291.6634438623862
72245770.73094386,1292.7792171344927
72251265.78871341,1293.7305285431107
72256760.80844994,1294.679968431572
72262256.08877423,1295.6416188333899
72267751.32918496,1296.1736964042855
72273246.63269466,1296.8798504743013
72278741.97793956,1297.817240488741
72284237.17458402,1298.967953421316
72289732.28338479,1300.1411036068666
72295227.31089778,1301.2837584867539
72300722.14032832,1302.3424520420203
72306217.06332204,1303.2021108536221
72311712.18740158,1304.0338020259737
72317207.35763499,1305.1369470301024
72322702.40033916,1306.181386025173
72328197.28964359,1307.2968626547577
72333692.12361845,1308.3374692290247
72339186.86817794,1309.279296227723
72344681.6245933,1310.2117446286973
72350176.6378168,1311.1339827335378
72355671.55385688,1311.6079776852075
72361166.5679347,1312.3960700533485
72366661.58278802,1313.3988688643633
72372156.42013818,1314.5228086532547
72377651.22655398,1315.6692268601898
72383145.92239445,1316.8012965326247
72388640.41891377,1317.7765027703174
72394135.11741157,1318.5862914357258
72399629.98448066,1319.450760533616
72405124.8444894,1320.5810844872713
72410619.53071111,1321.595983675803
72416114.11883245,1322.6724700182212
72421608.62428844,1323.6693894588327
72427103.05742373,1324.6069202022516
72432597.58279139,1325.539697067894
72438092.29009072,1326.3076688573772
72443586.92562139,1326.8225878795224
72449081.66729178,1327.6510518832795
72454576.34664734,1328.7182451132774
72460070.85974734,1329.8125079648476
72465565.35894239,1330.9456107592723
72471059.6822263,1332.0189731447026
72476553.90838638,1332.9245211484624
72482048.39250946,1333.7044697179017
72487542.98130731,1334.7262730326993
72493037.4971565,1335.7835953246756
72498531.84030634,1336.797743979805
72504026.10746577,1337.881995248778
72509520.27126615,1338.8136467644395
72515014.38192096,1339.7305984423524
72520508.70568404,1340.645429418563
72526003.08279364,1341.2911795875448
72531497.44786008,1341.9055892455729
72536991.8771305,1342.7841470728745
72542486.19483505,1343.8719163703058
72547980.39570634,1344.9535291045947
72553474.55168101,1346.0591128102428
72558968.49890088,1347.0910197900268
72564462.46989392,1347.9354775486995
72569956.69495511,1348.7280025040532
72575450.97923483,1349.7523223752569
72580945.15628277,1350.756055610897
72586439.16177826,1351.790222855728
72591933.11452864,1352.792612342443
72597426.9792839,1353.6917533945493
72602920.83597767,1354.5806452177596
72608414.9548828,1355.4926776315506
72613908.9974789,1356.0082820297398
72619403.11662973,1356.719766717778
72624897.26543844,1357.638737235886
72630391.23939742,1358.7157462395128
72635885.16832204,1359.802041868994
72641378.99077234,1360.8671782030158
72646872.62920702,1361.8229599049687
72652366.4075188,1362.6215801954759
72657860.37493758,1363.4315691556194
72663354.36052664,1364.4812913293392
72668848.20459707,1365.4504640852956
72674341.90632603,1366.48106125447
72679835.55058421,1367.4620428283692
72685329.10847394,1368.3476160722514
72690822.6999558,1369.2168704864355
72696316.53426802,1370.0248744387657
72701810.28308286,1370.5255173657176
72707304.13441035,1371.2938741505284
72712797.95703645,1372.2713319180389
72718291.60774185,1373.3007936268427
72723785.2399279,1374.3727079710334
72729278.73250325,1375.3922514763522
72734772.06603876,1376.2822736754897
72740265.6280536,1377.0434695238225
72745759.34426703,1377.8587302100157
72751253.05143134,1378.8903973927775
72756746.56604232,1379.8369416401356
72762240.00353949,1380.8602033945424
72767733.34904198,1381.7642951505347
72773226.62778223,1382.6330506514919
72778720.03560862,1383.4921421487588
72784213.5882979,1384.2001492047177
72789707.09504929,1384.7457220993347
72795200.68178907,1385.5581751425514
72800694.19575782,1386.5728093210864
72806187.54937392,1387.572815917655
72811680.88447653,1388.6317871971642
72817174.03149027,1389.6212843654394
72822667.1206819,1390.4400511805432
72828160.46944751,1391.1705868028996
72833653.90505902,1392.116843976868
72839147.24608855,1393.1155408955988
72844640.40472355,1394.0678208720426
72850133.50795564,1395.0787688119588
72855626.50945376,1395.9319080896803
72861119.46131389,1396.7819906956104
72866612.64521632,1397.6305030949022
72872105.85344008,1398.1932926960324
72877599.0907073,1398.8279826984822
72883092.36748832,1399.6702496372784
72888585.51021416,1400.6876467398902
72894078.56481129,1401.6828314377226
72899571.54458886,1402.6920650288816
72905064.3454949,1403.605814677835
72910557.20938554,1404.3679774132913
72916050.28891766,1405.1158593930138
72921543.4358255,1406.100866601856
72927036.44585294,1407.0112306921305
72932529.29829338,1407.9834146966937
72938022.09877467,1408.927984325818
72943514.80715582,1409.752064617595
72949007.50417294,1410.5685990794623
72954500.46980035,1411.409855077826
72959993.33365242,1411.9153796091907
72965486.2933062,1412.6327569300074
72970979.24192718,1413.5093237177655
72976472.01913206,1414.49769195218
72981964.75257848,1415.485310214773
72987457.36868007,1416.4648927312057
72992949.81087056,1417.321882734404
72998442.42440861,1418.0429659572178
73003935.21585186,1418.7702680984294
73009428.05596057,1419.7322586217174
73014920.69303071,1420.6171893301544
73020413.23315085,1421.554757146911
73025905.69470495,1422.4196274894684
73031398.09817265,1423.2328667461472
73036890.56466617,1424.0382762475808
73042383.23136158,1424.7771803144274
73047875.84473254,1425.249726554927
73053368.55099243,1425.998141897589
73058861.19948357,1426.9217914694757
73064353.68127348,1427.852435330824
73069846.12994215,1428.8321434644731
73075338.44967075,1429.7531843164606
73080830.64419042,1430.542010110121
73086323.07714248,1431.2159781238638
73091815.63059978,1432.00477983769
73097308.16334678,1432.9372872907443
73102800.49926458,1433.8102273124491
73108292.77378719,1434.7661483690915
73113784.9278397,1435.5820893272144
73119277.03196059,1436.379594380249
73124769.2951027,1437.155382502201
73130261.65994374,1437.7803950682815
73135754.01499856,1438.3373464744575
73141246.42701165,1439.0965555846365
73146738.74421157,1440.0327339321275
73152230.91995205,1440.9458728797836
73157723.05420455,1441.8940939408776
73163215.01568931,1442.7844030721
73168706.9564759,1443.5175037261308
73174199.14521314,1444.1375086186092
73179691.43971974,1445.0216826280719
73185183.62388405,1445.877078622665
73190675.63530028,1446.7757022781814
73196167.60028695,1447.6651717276743
73201659.45101392,1448.431636674135
73207151.27624957,1449.1970369453616
73212643.33689712,1449.9757234998347
73218135.37450756,1450.504847221111
73223627.4891408,1451.137261011163
73229119.59847085,1451.9203552271506
73234611.56460154,1452.8342353143078
73240103.4524916,1453.7334450932683
73245595.25921665,1454.671041199431
73251086.87709048,1455.4830100889394
73256578.60090594,1456.163533593607
73262070.51981139,1456.8219747192786
73267562.49402523,1457.7403794770212
73273054.30693923,1458.563582670259
73278545.99941619,1459.4794102617484
73284037.61374114,1460.3175402329643
73289529.1404882,1461.0734204745502
73295020.68589611,1461.8039052768472
73300512.48445466,1462.531636000201
73306004.2214725,1463.0009535474737
73311496.05210252,1463.6755075401834
73316987.84449707,1464.5010174678046
73322479.45941022,1465.365194603496
73327971.021952,1466.264863672192
73333462.49408081,1467.1265840467995
73338953.79441833,1467.8737159044529
73344445.29871482,1468.514337094902
73349936.97087198,1469.219123748403
73355428.64622006,1470.0754129413717
73360920.12377071,1470.9061904113712
73366411.52170068,1471.7815212828425
73371902.81364805,1472.5468757193235
73377394.05440739,1473.2894462440056
73382885.3829932,1474.015849199926
73388376.872821,1474.681958449864
73393868.33581103,1475.1724882320896
73399359.8459413,1475.8588502054881
73404851.29892372,1476.7072951104713
73410342.5715902,1477.5343124256112
73415833.81206173,1478.4435832558129
73421324.91597506,1479.2744281176292
73426815.91755287,1479.9640154710078
73432307.15626875,1480.5370444472546
73437798.56285752,1481.2850604026573
73443289.87222256,1482.0913454278423
73448781.01148985,1482.8951206169581
73454272.08423826,1483.7237303192323
73459763.07024851,1484.4553026551584
73465254.01468417,1485.1791257739053
73470745.12210785,1485.8831361602317
73476236.31768915,1486.4409808552712
73481727.5289872,1486.9807841245051
73487218.75796473,1487.6681755648385
73492709.87015888,1488.5143293852157
73498200.84163299,1489.332572379189
73503691.78716178,1490.1879954617243
73509182.5583703,1490.9545553639098
73514673.34307745,1491.59297270528
73520164.34247124,1492.171775408549
73525655.46603364,1492.9603636908976
73531146.43429384,1493.7229238699806
73536637.27408905,1494.5473711574639
73542128.02018267,1495.3560292903278
73547618.68074803,1496.0597315181944
73553109.31162794,1496.7349165417952
73558600.17558914,1497.430617121055
73564091.02000514,1497.906351032533
73569581.94242102,1498.4621436914276
73575072.8562522,1499.1811103139416
73580563.60471146,1499.9857338479567
73586054.29321739,1500.7988205183785
73591544.922384,1501.6294774400144
73597035.34758909,1502.3439752060922
73602525.90771042,1502.9252339678544
73608016.68356046,1503.5270333157316
73613507.49518417,1504.2989608368923
73618998.14239444,1505.0625086745533
73624488.6810269,1505.838244570447
73629979.13748659,1506.5938658898274
73635469.53436635,1507.273479223858
73640959.9386154,1507.916753968916
73646450.57562168,1508.578424098101
73651941.18802813,1509.0058388881687
73657431.84773113,1509.6238059072764
73662922.46945578,1510.3643980492739
73668412.91338293,1511.1305383708184
73673903.32572424,1511.9611514599349
73679393.61099778,1512.7286845882065
73684883.74393256,1513.3893162918826
73690374.09838222,1513.9510227358123
73695864.6140861,1514.5954988265335
73701355.07471715,1515.355758343091
73706845.3848327,1516.1237537257184
73712335.57748178,1516.8985739059844
73717825.68404058,1517.6066305756403
73723315.74561147,1518.2612196813361
73728805.8948701,1518.8860285470057
73734296.21264912,1519.4714133302637
73739786.52245837,1519.8794258000712
73745276.87681082,1520.496400039055
73750767.15392168,1521.2543432700595
73756257.26103087,1522.010979004925
73761747.34673898,1522.7979747215768
73767237.27518281,1523.51755553114
73772727.14746065,1524.1216824520307
73778217.2700866,1524.645233110162
73783707.51612554,1525.308094852932
73789197.66676813,1526.0574594545958
73794687.63837591,1526.7901582176603
73800177.53845583,1527.551551084921
73805667.35858315,1528.2064458768014
73811157.1248082,1528.829982711243
73816647.07295999,1529.4647161099044
73822137.10638249,1529.9443479040501
73827627.13375413,1530.430758620801
73833117.18057539,1531.0597821088722
73838607.09705096,1531.814491024594
73844096.91588016,1532.559626892574
73849586.66894011,1533.3208845634413
73855076.24509694,1534.003934819495
73860565.86816315,1534.5673137627375
73866055.72927512,1535.0714635027264
73871545.64653495,1535.765839280672
73877035.44124773,1536.4489532227478
73882525.09112847,1537.171055711708
73888014.6900508,1537.8947321798985
73893504.20389892,1538.5037792858566
73898993.7000014,1539.098860273912
73904483.43590547,1539.7274334248104
73909973.14336793,1540.1339593707141
73915462.91375709,1540.6552430182082
73920952.67389351,1541.3025319235687
73926442.2654058,1542.043050178159
73931931.78849241,1542.7812794285728
73937421.22011416,1543.5006684561176
73942910.48958045,1544.1260816709062
73948399.9116184,1544.6526694288923
73953889.52565515,1545.1519546472375
73959379.15656091,1545.8932096685148
73964868.61589587,1546.5582788369825
73970357.96311672,1547.2830151115297
73975847.24545987,1547.9453029560768
73981336.44714609,1548.5441842361786
73986825.67102435,1549.1197650937356
73992315.11375865,1549.7029575242054
73997804.52613093,1550.0662578054676
74003294.01057379,1550.622169624911
74008783.44284211,1551.2973904343232
74014272.68851186,1551.9845501676673
74019761.89900339,1552.70617450486
74025250.9964666,1553.3902492071427
74030739.96453872,1553.9632576622355
74036229.1582061,1554.4385555008475
74041718.46971709,1554.9798667743512
74047207.79335171,1555.661661252704
74052696.92597742,1556.3249139711543
74058186.0069781,1557.0284864118219
74063674.97963883,1557.6309029048246
74069163.90011978,1558.2132038998807
74074652.93521336,1558.7709679819857
74080142.11862834,1559.2656370601214
74085631.29885033,1559.6731662591114
74091120.51458372,1560.2239080800887
74096609.63207155,1560.9022231988258
74102098.59486498,1561.5617844975552
74107587.52616012,1562.2631288343828
74113076.31186548,1562.8998013310716
74118565.04825065,1563.4286866759282
74124054.01713641,1563.8591805456872
74129543.11907904,1564.4607092357012
74135032.11419971,1565.0951183749492
74140520.95594694,1565.7644655734744
74146009.73693748,1566.422815789265
74151498.41449416,1566.9893911617032
74156987.0587375,1567.5560233763927
74162475.88933809,1568.102788125511
74167964.76834771,1568.5260249761532
74173453.6983036,1568.9598498241144
74178942.61364318,1569.5175207618574
74184431.3913742,1570.1858091173
74189920.0649161,1570.8317499371744
74195408.69214797,1571.5234107739045
74200897.13089265,1572.1108595470214
74206385.63684894,1572.5923185822585
74211874.37480909,1573.022541902475
74217363.17804001,1573.6496463773956
74222851.82080089,1574.265006041081
74228340.34047686,1574.9028517009774
74233828.79605769,1575.5364280249512
74239317.17674507,1576.0853547201405
74244805.53423001,1576.6020723052127
74250294.13586606,1577.1486774301177
74255782.73265018,1577.4980098141384
74261271.39035934,1577.9513686815508
74266760.00766896,1578.5359656488986
74272248.44639012,1579.1701413993494
74277736.83678761,1579.8254381259646
74283225.1573964,1580.455211705809
74288713.29657452,1580.9994055731406
74294201.5993454,1581.4454803259657
74299690.09829144,1581.9027076787233
74305178.58902824,1582.516714581231
74310666.92947663,1583.1377747221647
74316155.14136614,1583.788378549566
74321643.27367319,1584.385428861949
74327131.34009074,1584.9135030290004
74332619.43396977,1585.4052730652193
74338107.74992932,1585.9118874439635
74343596.04739633,1586.2173617465287
74349084.40703778,1586.7067343023155
74354572.70127627,1587.299063965596
74360060.82466099,1587.9101248369943
74365548.9344936,1588.5671872692117
74371036.8954509,1589.164617574052
74376524.7445544,1589.6650493882105
74382012.82547662,1590.0792229929602
74387501.04914416,1590.5512556555068
74392989.2098625,1591.1699012019467
74398477.22949868,1591.7460992442925
74403965.1610983,1592.3748644960672
74409453.01227582,1592.910122226665
74414940.80019887,1593.4093144185258
74420428.70925304,1593.8975606719694
74425916.76701581,1594.3228116419125
74431404.83360344,1594.6814671997768
74436892.92015396,1595.1730627495972
74442380.90034585,1595.7771321960768
74447868.73924495,1596.3746464422122
74453356.53078626,1597.0024042286755
74458844.17172273,1597.5664497444795
74464331.78135024,1598.028253192953
74469819.63046081,1598.4027915983092
74475307.56233905,1598.9358174120198
74480795.41747656,1599.526578679944
74486283.08550115,1600.1149624304464
74491770.7075749,1600.7276382640503
74497258.23468497,1601.2201380474287
74502745.71345016,1601.7005404800898
74508233.39983621,1602.1808902362563
74513721.12779105,1602.5151468007564
74519208.92380632,1602.9027375588626
74524696.7021516,1603.4005496124373
74530184.34140436,1604.0040101603654
74535671.8658902,1604.578769445083
74541159.3338107,1605.1788424335732
74546646.6346951,1605.6919984810647
74552134.02000172,1606.1124950670487
74557621.61963724,1606.4769008219307
74563109.27966733,1607.0479205750282
74568596.77796938,1607.6012304649626
74574084.15993923,1608.1863597336978
74579571.46068788,1608.7396199897219
74585058.68215805,1609.2109569833601
74590545.90605211,1609.662047274633
74596033.36445959,1610.1260622102745
74601520.82042792,1610.4238027053482
74607008.34622686,1610.8493941592585
74612495.81482476,1611.3666334284926
74617983.1177246,1611.9254915261693
74623470.35594064,1612.5063331088636
74628957.52789322,1613.067215755709
74634444.52315278,1613.5375616855283
74639931.69810723,1613.9171034195228
74645419.04855394,1614.326548970522
74650906.3784485,1614.873760048845
74656393.55253275,1615.4227823084602
74661880.62546165,1616.0019927687642
74667367.60661578,1616.5143375744735
74672854.53937033,1616.9762398577282
74678341.50820903,1617.4016823926663
74683828.69433066,1617.8350195473624
74689315.8698597,1618.113136060267
74694803.0783422,1618.536488002459
74700290.22932176,1619.060115527926
74705777.19825403,1619.596733935376
74711264.14430983,1620.1841801627156
74716750.95477892,1620.7123044035307
74722237.65594655,1621.1399218197628
74727724.58393644,1621.4848608981026
74733211.6633478,1621.9266113804301
74738698.65268254,1622.4677417608532
74744185.51633468,1622.9890815085155
74749672.2786248,1623.5328593431072
74755158.97118573,1624.008323074561
74760645.60820335,1624.4449315335673
74766132.36317334,1624.8666467317557
74771619.26025555,1625.239806295561
74777106.1686721,1625.5484567269748
74782593.08565299,1625.97549523355
74788079.8958025,1626.510772975949
74793566.56716514,1627.0420531406703
74799053.19086358,1627.599307262947
74804539.6562844,1628.0856663005802
74810026.11044036,1628.4835862937407
74815512.80257191,1628.816754266578
74820999.54632334,1629.2845702054863
74826486.209013,1629.8147848456722
74831972.70853876,1630.3319608874906
74837459.13739818,1630.871726150268
74842945.49514501,1631.3058671496944
74848431.80324088,1631.7125486529
74853918.31499851,1632.1315331805733
74859404.88000472,1632.4094926504094
74864891.50016983,1632.742468674096
74870378.10928658,1633.177866893294
74875864.57360668,1633.7134229566257
74881350.928307,1634.2219124969558
74886837.22648308,1634.741541085823
74892323.3636368,1635.1883969809637
74897809.59155992,1635.5497643983554
74903296.02560584,1635.8581349700762
74908782.51327147,1636.3635005616643
74914268.84604077,1636.8562340769606
74919755.05333659,1637.3816265879539
74925241.19267848,1637.8727331850018
74930727.24541052,1638.2748160678618
74936213.30128978,1638.6644192473261
74941699.592163,1639.0673637327561
74947185.87059975,1639.3158509591035
74952672.21232669,1639.6924813112787
74958158.50274488,1640.1446543726586
74963644.63210616,1640.6410694806764
74969130.69126184,1641.1525564017707
74974616.67712876,1641.6466521485368
74980102.49550723,1642.0537615486294
74985588.49461547,1642.3741627193829
74991074.65823822,1642.7193201799557
74996560.80851568,1643.2059592772125
75002046.80450545,1643.6845887286063
75007532.71249366,1644.1976484018078
75013018.52569246,1644.642935860018
75018504.29326494,1645.043054623817
75023990.10081631,1645.40761682986
75029476.12412722,1645.777887896648
75034962.13243805,1646.022899987882
75040448.1686769,1646.3900372348082
75045934.14408769,1646.852383120659
75051419.93283525,1647.325965067981
75056905.69338685,1647.8411755216791
75062391.3281622,1648.3030090306404
75067876.85738021,1648.6702238840242
75073362.60964991,1648.9555135213134
75078848.5136476,1649.3546096282726
75084334.33208871,1649.8181095398095
75089820.01906753,1650.2832282641446
75095305.60408704,1650.7597144336069
75100791.12395751,1651.1747947079418
75106276.58913474,1651.553775072925
75111762.17200735,1651.913660835285
75117247.89295319,1652.2333915753495
75122733.63100694,1652.4937287985504
75128219.37173502,1652.8635236252117
75133705.00458708,1653.3358174544778
75139190.49977842,1653.8032745898574
75144675.94831401,1654.2946468950279
75150161.2387229,1654.715656040061
75155646.52407832,1655.0573974074323
75161132.04428488,1655.3358148432992
75166617.61053391,1655.7461278006724
75172103.09684782,1656.213016718158
75177588.42638823,1656.6686943368024
75183073.68061383,1657.1451788853824
75188558.86796619,1657.5230289006
75194044.0065328,1657.8714825551442
75199529.34786153,1658.2292203516456
75205014.7442172,1658.4612904318356
75210500.19381808,1658.7471019068105
75215985.63040939,1659.1246139910863
75221470.92177999,1659.596097730372
75226956.10390238,1660.0438111588644
75232441.22998232,1660.4989076250172
75237926.19816776,1660.887189412924
75243411.25809404,1661.194936669601
75248896.51808703,1661.4510739983061
75254381.8319398,1661.8942176330138
75259866.99348599,1662.3308633746492
75265352.03146416,1662.7950907462086
75270836.99765065,1663.2255295380912
75276321.88177307,1663.57350216933
75281806.77155776,1663.9053875289665
75287291.89048423,1664.2492588530445
75292777.00738138,1664.4530362031724
75298262.18437457,1664.7797817062803
75303747.30671403,1665.173497516242
75309232.26701644,1665.6052178983623
75314717.1647881,1666.054037514663
75320201.99092434,1666.4847931151355
75325686.65175684,1666.836195059068
75331171.49179527,1667.1046325546156
75336656.4998624,1667.4001502505087
75342141.47982213,1667.831737116667
75347626.31219117,1668.2581293304238
75353111.05201203,1668.7111616045472
75358595.6949209,1669.1033144884036
75364080.29387856,1669.4492533954294
75369564.93082711,1669.757229731908
75375049.78348456,1670.071050856973
75380534.62727432,1670.2669942282882
75386019.49949098,1670.5816392471306
75391504.30940562,1670.9818332260284
75396988.94307831,1671.396130071564
75402473.55271478,1671.8509751391375
75407958.02924025,1672.2528963519192
75413442.40342036,1672.5693358219924
75418926.99970053,1672.8071902830143
75424411.74691778,1673.1304748526418
75429896.40001716,1673.5536524846527
75435380.93036124,1673.9591884709002
75440865.36016905,1674.384809226512
75446349.72174786,1674.7466704472808
75451834.02592187,1675.0680958079865
75457318.45338729,1675.3713062544562
75462803.02065751,1675.6393736399377
75468287.60833487,1675.8535579713348
75473772.19709282,1676.1739568251485
75479256.67502002,1676.5874639580888
75484741.01926592,1676.9952333075798
75490225.31555352,1677.4267873793328
75495709.46031182,1677.7965778903354
75501193.59205419,1678.0905849286469
75506677.95714943,1678.3060728717367
75512162.3744563,1678.6661039129142
75517646.72563766,1679.0722466797176
75523130.90089689,1679.4749615766639
75528615.02011335,1679.9016761097564
75534099.05709416,1680.223782636988
75539583.04510468,1680.524402552596
75545067.23961233,1680.8231770498128
75550551.48296927,1681.0158825319668
75556035.78876702,1681.2605667481437
75561520.07264003,1681.584571802855
75567004.21437521,1681.9941865680153
75572488.24558192,1682.3861948997103
75577972.2232779,1682.7919674058653
75583456.03988057,1683.1282451847435
75588939.9441355,1683.3867233472706
75594424.0446158,1683.5911356034458
75599908.21034516,1683.9751826803517
75605392.22003481,1684.360428939791
75610876.11231746,1684.7565586789524
75616359.92726263,1685.1331397633946
75621843.6720859,1685.441831386569
75627327.41567452,1685.7176328619723
75632811.38300231,1686.0109764655626
75638295.37491307,1686.1709103305484
75643779.41916223,1686.4412623931455
75649263.40295638,1686.7820823090308
75654747.21792509,1687.1536923274152
75660230.97708066,1687.5503785827511
75665714.67016755,1687.921290227493
75671198.1957424,1688.2240601326694
75676681.89548336,1688.4465762666962
75682165.7702165,1688.6850391758412
75687649.60958976,1689.065860789364
75693133.31720616,1689.4460190786988
75698616.90968072,1689.844563045352
75704100.40984192,1690.198735308333
75709583.85570496,1690.4962443374393
75715067.32969615,1690.7512991343665
75720551.02444851,1691.0164208572032
75726034.71180013,1691.1589944468076
75731518.44853993,1691.4283734863607
75737002.10826525,1691.775150028447
75742485.60614869,1692.1396893642504
75747969.08587854,1692.5293436780798
75753452.42622527,1692.8733702008626
75758935.66849148,1693.1483718848413
75764419.1341013,1693.3459984784263
75769902.73784846,1693.5820197971252
75775386.27617091,1693.965243130333
75780869.67638244,1694.3086606447932
75786352.99693148,1694.6924224396003
75791836.23931588,1695.0043352254743
75797319.41905703,1695.2799895335104
75802802.71852995,1695.531126128683
75808286.16023034,1695.7475649812366
75813769.63502176,1695.9176470750324
75819253.11325964,1696.1913792715177
75824736.47747375,1696.5514120973876
75830219.70908652,1696.897801221524
75835702.89476866,1697.2740937728618
75841185.93977425,1697.592130632794
75846668.959075,1697.840992736957
75852152.19968188,1697.9954329101329
75857635.54013918,1698.306036309441
75863118.79539797,1698.6339889885492
75868601.90195942,1698.9935244995959
75874084.94866286,1699.3528910804587
75879567.8968178,1699.6283881696231
75885050.81072402,1699.8958945021707
75890533.91441928,1700.135829470173
75896017.06486583,1700.315173336865
75901500.27962694,1700.50770100547
75906983.46344131,1700.7805568201536
75912466.50600266,1701.129682591712
75917949.44681905,1701.469958361883
75923432.34662238,1701.8284260296168
75928915.06973043,1702.1177194604522
75934397.86614916,1702.3281418104682
75939880.86945249,1702.4870949191363
75945363.94002506,1702.7984362066477
75950846.86959262,1703.1392980146725
75956329.67338164,1703.4745299170804
75961812.41752173,1703.8097893488516
75967295.09194432,1704.069741367623
75972777.74676248,1704.3000591133791
75978260.623043,1704.5579364105429
75983743.50950575,1704.6795233035996
75989226.43146093,1704.8855408060974
75994709.3342125,1705.1700153656402
76000192.05975166,1705.5007766511121
76005674.74104524,1705.84762100997
76011157.33721018,1706.1597555191395
76016639.78447707,1706.4210087747097
76022122.38936688,1706.6098587306706
76027605.16751453,1706.7808653495379
76033087.93826585,1707.1136713919173
76038570.5772988,1707.4233397114617
76044053.11820073,1707.7715259752317
76049535.57870868,1708.0749989913222
76055017.96830964,1708.3265131139883
76060500.37852696,1708.5431585478082
76065983.00822614,1708.7660539623967
76071465.61906041,1708.8770794886555
76076948.29135609,1709.101019716949
76082430.89286037,1709.4032406802694
76087913.31524418,1709.720269060885
76093395.70076828,1710.0513399660615
76098877.98598479,1710.3518543209304
76104360.15702595,1710.579882011492
76109842.53976019,1710.7260010016425
76115325.0502548,1710.9317960141334
76120807.54346932,1711.2544364424857
76126289.85819514,1711.567228480686
76131772.12686998,1711.8952640027837
76137254.28658335,1712.1526342825691
76142736.41042152,1712.393629279198
76148218.6411337,1712.5920425475963
76153701.02047336,1712.7795542951649
76159183.41999339,1712.9064953107318
76164665.82140177,1713.127366329768
76170148.1250405,1713.4368911859763
76175630.28056562,1713.7291966803737
76181112.40889376,1714.0557085180958
76186594.40037712,1714.3186798291042
76192076.36334048,1714.5257149513873
76197558.54679418,1714.6558159386911
76203040.8158382,1714.909610641249
76208523.00779608,1715.2135395325265
76214005.05105504,1715.5213855013462
76219487.00731078,1715.8359933875931
76224968.905392,1716.0812155076626
76230450.75482616,1716.2908838018866
76235932.7776536,1716.492201987891
76241414.87849736,1716.645526104688
76246896.99694976,1716.7900417446435
76252379.10077871,1717.0185806505829
76257861.06704296,1717.3241958489284
76263342.94876775,1717.6182070956106
76268824.76654045,1717.9195846106977
76274306.42477892,1718.1659182547753
76279788.14806151,1718.345207705105
76285270.0678096,1718.4607712000418
76290752.05261269,1718.735734344136
76296233.90645769,1719.035051182862
76301715.61739755,1719.3380399903144
76307197.28309885,1719.6362082253536
76312678.86060536,1719.8475975665065
76318160.42419338,1720.0388422372935
76323642.20716701,1720.238576230938
76329124.01603024,1720.3295100280657
76334605.86804438,1720.5130993242365
76340087.67448929,1720.7524910012805
76345569.32063152,1721.0385047262619
76351050.89204521,1721.3325586579379
76356532.38557874,1721.6193789396589
76362013.72560604,1721.8408616162562
76367495.21657334,1721.9815945243336
76372976.8544462,1722.1187255177144
76378458.54562838,1722.3969666152113
76383940.0599216,1722.6798729134148
76389421.48997737,1722.975640942901
76394902.82092044,1723.2336123832902
76400384.10936669,1723.4430063795337
76405865.41108027,1723.609261628306
76411346.94208059,1723.7913220012815
76416828.46807238,1723.8816690590331
76422310.02690904,1724.062935502291
76427791.51952921,1724.309061022862
76433272.83463855,1724.5805060094324
76438754.12464297,1724.8784897265487
76444235.29427415,1725.134993837404
76449716.34407829,1725.3291751204881
76455197.60575634,1725.449300989425
76460679.01017922,1725.5975158339797
76466160.35635799,1725.8846895807799
76471641.57216722,1726.152180305637
76477122.68419342,1726.4335198649326
76482603.72162089,1726.6751116626087
76488084.70624165,1726.8654459998136
76493565.77032728,1727.0260876320083
76499047.0171913,1727.1684444721182
76504528.24816702,1727.2482662646112
76510009.51849705,1727.4342692065704
76515490.68799396,1727.6973101395379
76520971.71402325,1727.9545966625835
76526452.6948975,1728.2373321909029
76531933.5444342,1728.472404115636
76537414.34014118,1728.643551327948
76542895.3593844,1728.7226971343907
76548376.47076736,1728.9224290659079
76553857.5291462,1729.1738165751915
76559338.42806172,1729.4447453375997
76564819.25655752,1729.7103293263501
76570300.00163312,1729.9104828238899
76575780.7061092,1730.0932397599518
76581261.5730042,1730.24276972107
76586742.52201249,1730.3626003828354
76592223.5224233,1730.4700231183713
76597704.49147809,1730.654294371515
76603185.32991132,1730.9205127041007
76608666.05351068,1731.1567917912203
76614146.74115287,1731.4252571246773
76619627.27344757,1731.6217231552143
76625107.84560657,1731.7631706452703
76630588.6148502,1731.8564448586542
76636069.46973497,1732.0727599880622
76641550.19434687,1732.3330560391853
76647030.78434613,1732.5799094652266
76652511.32095852,1732.8397898600138
76657991.77608952,1733.0250127029076
76663472.19192587,1733.1821755377332
76668952.81298356,1733.3445122250714
76674433.4739421,1733.409772903191
76679914.16741416,1733.5341644725718
76685394.84436183,1733.726105042889
76690875.35691562,1733.9804100026984
76696355.7997615,1734.232908565212
76701836.1620365,1734.467352139732
76707316.38307914,1734.6508342916813
76712796.7315166,1734.768754740286
76718277.24255754,1734.8543031011302
76723757.78287397,1735.085861219593
76729238.20733315,1735.3251467791313
76734718.48342112,1735.5802584662533
76740198.72072172,1735.8115800674364
76745678.88126872,1735.9715649460757
76751159.0558911,1736.1083783329245
76756639.46027261,1736.2535224300116
76762119.85054967,1736.304389156944
76767600.29698713,1736.4458696079791
76773080.68497361,1736.6555714220854
76778560.88382562,1736.8890936719115
76784041.0459794,1737.129259961744
76789521.11605059,1737.3495480786792
76795001.05733646,1737.5057250533807
76800481.19716781,1737.5874130448353
76805961.48079023,1737.7107322018821
76811441.72591017,1737.9558095710547
76816921.83028223,1738.1947456124049
76822401.83344388,1738.4341349217777
76827881.74732968,1738.6314233331175
76833361.627913,1738.7931666063557
76838841.57217021,1738.9086595908282
76844321.70919411,1739.0247084905147
76849801.846976,1739.0922758534432
76855281.98426275,1739.2362281911762
76860762.04146573,1739.4449659987345
76866241.93846895,1739.6628114243576
76871721.82891345,1739.9031291911263
76877201.5707618,1740.0925906289867
76882681.25018379,1740.2312490453799
76888161.15823397,1740.2946874415227
76893641.14275895,1740.4464987997126
76899121.0839622,1740.676210573969
76904600.85711007,1740.9155863339774
76910080.54278873,1741.1631099127712
76915560.1438795,1741.334875033216
76921039.68758655,1741.4724811406857
76926519.38527898,1741.5863210637424
76931999.19102517,1741.6643116522184
76937479.03354423,1741.7283290117668
76942958.86638652,1741.875156426229
76948438.5813668,1742.0990378657648
76953918.18235391,1742.2975666489083
76959397.73707661,1742.5232741950313
76964877.14343569,1742.697514484128
76970356.56113131,1742.813479057783
76975836.19753617,1742.8319734865984
76981315.90469736,1743.028537513707
76986795.5246976,1743.2142110836423
76992275.00649855,1743.4439001575643
76997754.42119116,1743.6581392901642
77003233.75317563,1743.8033313178078
77008713.05840515,1743.927669576368
77014192.5630433,1744.0450765284124
77019672.12095724,1744.0845641136104
77025151.71565664,1744.1712070557735
77030631.28287266,1744.3213120494636
77036110.69294035,1744.525108618552
77041590.0292754,1744.732335070602
77047069.31591049,1744.9376864905148
77052548.433903,1745.0881441628758
77058027.65650505,1745.169343583492
77063507.06939404,1745.2191042509676
77068986.51940258,1745.3948945612897
77074465.85406354,1745.6027556096437
77079945.04623471,1745.8042443816403
77085424.1969753,1746.007426921911
77090903.2808361,1746.1390335103517
77096382.34893902,1746.2368371794319
77101861.64116886,1746.367454772199
77107340.92833024,1746.3726067972702
77112820.23897284,1746.482382832991
77118299.51786251,1746.6411657395568
77123778.63285956,1746.8432463086144
77129257.70009212,1747.04623457637
77134736.66856606,1747.232677891089
77140215.49880095,1747.359168039638
77145694.50664975,1747.4111048042166
77151173.66503227,1747.4759734079673
77156652.81273003,1747.6836965309558
77162131.81194837,1747.868591647819
77167610.73851077,1748.082019503449
77173089.56708664,1748.241817980939
77178568.35463549,1748.3662272441834
77184047.19143859,1748.4505029652014
77189526.23010255,1748.5392511081395
77195005.25252244,1748.569851366238
77200484.29002142,1748.6748510844275
77205963.26164675,1748.845621992928
77211442.05769502,1749.0283523175456
77216920.82389066,1749.2364860830855
77222399.46761388,1749.4013856966567
77227878.01740843,1749.5005272296557
77233356.781445,1749.526294570135
77238835.69172308,1749.6358182456202
77244314.50511345,1749.8279211247818
77249793.19746764,1750.0179536789192
77255271.78441782,1750.2117760737688
77260750.30786672,1750.3532026865134
77266228.77485117,1750.4564129555984
77271707.37339619,1750.5333537220063
77277186.09884293,1750.5927268501575
77282664.85329951,1750.6180152019801
77288143.60131593,1750.729444203363
77293622.2348466,1750.912472364039
77299100.7438933,1751.0860634835703
77304579.20478792,1751.279837881592
77310057.51782355,1751.421705849924
77315535.81836547,1751.5068940745284
77321014.34221429,1751.503294601742
77326492.94420302,1751.6501643533934
77331971.47039434,1751.811325859226
77337449.8388196,1751.9974649751077
77342928.15157218,1752.189199602659
77348406.36451283,1752.2990413586608
77353884.54044908,1752.3945768703886
77359362.91594507,1752.4651473351473
77364841.33045517,1752.49043771488
77370319.80970006,1752.5387331436657
77375798.25472121,1752.649043155032
77381276.55801749,1752.8224315041841
77386754.76363383,1752.9905812323268
77392232.92633426,1753.1676554169667
77397710.91621996,1753.2881131578292
77403188.98053034,1753.3401346132339
77408667.24421896,1753.3443703893363
77414145.57538621,1753.4818077815669
77419623.77636026,1753.6595808862553
77425101.8450839,1753.823441407656
77430579.85801995,1753.9909557102603
77436057.80238646,1754.0878862981206
77441535.72919396,1754.1555935811614
77447013.87412062,1754.2455547614359
77452492.02349259,1754.2260052803583
77457970.20358449,1754.2938476746158
77463448.36536951,1754.410665160732
77468926.35711217,1754.5768911881564
77474404.29345909,1754.7519525066007
77479882.13399518,1754.8938814789635
77485359.84053026,1754.9931829652742
77490837.70175819,1755.0281009177702
77496315.70759645,1755.0455976665191
77501793.72087625,1755.220528888703
77507271.5944884,1755.3660468440742
77512749.37943514,1755.544115472591
77518227.06812266,1755.6719235349678
77523704.71707183,1755.7643280219581
77529182.38899797,1755.8166615906428
77534660.27593945,1755.8777814249843
77540138.14342447,1755.8727391143034
77545616.04913785,1755.9435789802585
77551093.88849817,1756.0762146355182
77556571.54769967,1756.2264095517082
77562049.17395525,1756.3985581552101
77567526.68601811,1756.5306341567166
77573004.08124374,1756.6045878080422
77578481.68953618,1756.609919928413
77583959.44285783,1756.666007364934
77589437.10838982,1756.8338030975308
77594914.6458824,1756.9969832933723
77600392.07755369,1757.1549478783925
77605869.42275593,1757.27216650898
77611346.730443,1757.351562390911
77616824.12561037,1757.3881101428788
77622301.69477119,1757.420367539437
77627779.26039532,1757.3976291533818
77633256.84810196,1757.4726254653146
77638734.33500457,1757.6167677626606
77644211.68229476,1757.7552227946944
77649688.9834108,1757.9154884472375
77655166.14958765,1758.0279918842668
77660643.26866351,1758.0847327418628
77666120.61068764,1758.0554712999067
77671598.03709994,1758.144075408843
77677075.4117026,1758.2793187290793
77682552.62540555,1758.432237344257
77688029.76961915,1758.5806310446205
77693506.82705572,1758.6656092837077
77698983.84545676,1758.732363472389
77704461.03170449,1758.7652439616425
77709938.28818855,1758.7807088222753
77715415.59505282,1758.783943771693
77720892.86881483,1758.8565294157058
77726370.0114289,1759.0025183319515
77731847.04202822,1759.1203981904484
77737324.03931929,1759.267868040745
77742800.87783688,1759.345746570675
77748277.75895664,1759.3758039185072
77753754.8366736,1759.3608941045206
77759231.99684058,1759.4601922300828
77764709.03050087,1759.6078080062728
77770185.92368525,1759.7362125631582
77775662.76928215,1759.878293492844
77781139.53281157,1759.9431782093245
77786616.2637694,1759.9873244596256
77792093.20162144,1760.0365425266643
77797570.17019789,1759.9990077366126
77803047.16533296,1760.0266998985694
77808524.14162959,1760.105427678505
77814000.9571272,1760.2431130064247
77819477.6982264,1760.3770939792394
77824954.35880247,1760.503065329296
77830430.87046182,1760.5711477443192
77835907.51041692,1760.57725120329
77841384.30262868,1760.5590434340766
77846861.14959198,1760.6903501953882
77852337.82949014,1760.8180216135584
77857814.39689964,1760.9713714549762
77863290.89159091,1761.081477947433
77868767.31003664,1761.1316093921816
77874243.75375967,1761.1563790372725
77879720.41657728,1761.1810539372748
77885197.07044356,1761.1385881132967
77890673.77282219,1761.1729126786345
77896150.41748846,1761.2630339895204
77901626.87830625,1761.3832599559153
77907103.31028423,1761.5182592327408
77912579.63121247,1761.623820709218
77918055.81709583,1761.6724236297478
77923532.19416484,1761.6461494020039
77929008.73178965,1761.6509856061273
77934485.22213362,1761.7828535683473
77939961.57964402,1761.89703150156
77945437.8353612,1762.0256513983047
77950914.01258056,1762.1127946096576
77956390.13384809,1762.1586194033428
77961866.31831014,1762.1722632221429
77967342.69570614,1762.1724265916293
77972819.05420111,1762.1189755614323
77978295.47102332,1762.1566902344846
77983771.78970242,1762.2585152754048
77989247.95464821,1762.3682716805906
77994724.09081562,1762.4787702532212
78000200.1048682,1762.5615473348012
78005676.04474859,1762.5873391367659
78011152.19782066,1762.5361258397882
78016628.4518479,1762.57421854622
78022104.67122023,1762.675959887879
78027580.73459178,1762.8037101241953
78033056.7092002,1762.914237258939
78038532.61044806,1762.978273208297
78044008.46068501,1763.0163780027451
78049484.44064188,1763.0207046689945
78054960.52433586,1763.013397890616
78060436.63809867,1762.9750492403095
78065912.7407293,1763.0108373540584
78071388.73213762,1763.1198985816936
78076864.5937208,1763.218188369528
78082340.41904674,1763.3360894021087
78087816.08241,1763.393868711552
78093291.759451,1763.4007721815722
78098767.66221777,1763.3509513128838
78104243.59464869,1763.422138835518
78109719.45307893,1763.5316761989284
78115195.15529169,1763.635478294325
78120670.78366105,1763.7546276066598
78126146.34560604,1763.7960310568765
78131621.86069311,1763.803904109196
78137097.58629914,1763.8106750455995
78142573.35665946,1763.7443762410865
78148049.170176,1763.735583778714
78153524.96328342,1763.7756715853827
78159000.6126869,1763.8802550817034
78164476.16100907,1763.9752587975681
78169951.65782893,1764.07614447705
78175426.98765227,1764.1205386057932
78180902.40462701,1764.1000702559638
78186378.00800571,1764.03444258139
78191853.68537362,1764.1171151877277
78197329.20780128,1764.2187173590537
78202804.61163808,1764.316155337618
78208279.9391118,1764.404693985171
78213755.20349582,1764.4328416184323
78219230.45471957,1764.4234520268333
78224705.92452312,1764.4411291411582
78230181.40677977,1764.3487649676006
78235656.91683833,1764.340399670546
78241132.40258434,1764.3895448758126
78246607.71224801,1764.4714396935515
78252082.98491146,1764.5708535975407
78257558.17025763,1764.634450101752
78263033.20925537,1764.6577268180515
78268508.40577738,1764.617812007869
78273983.77296267,1764.5645629410133
78279459.12808624,1764.6641870118349
78284934.35112298,1764.7370465839228
78290409.48124124,1764.841240320521
78295884.51911579,1764.8968406151034
78301359.50621974,1764.917334084368
78306834.52100347,1764.8992644535906
78312309.74464984,1764.888672769332
78317784.93871766,1764.8121718142531
78323260.18060322,1764.8142719623165
78328735.35458899,1764.8771863428851
78334210.34884115,1764.9546749123806
78339685.30847783,1765.0501470101337
78345160.15819356,1765.1075582559854
78350634.89127554,1765.1065421025191
78356109.83588928,1765.0381434177864
78361584.92702879,1765.0316451568924
78367059.9267218,1765.1256532796979
78372534.79540814,1765.2180806970823
78378009.56343217,1765.3016987377064
78383484.24028778,1765.3418784053565
78388958.88340351,1765.3508760135908
78394433.61921695,1765.3139072900863
78399908.52228846,1765.276891241062
78405383.43201925,1765.1919032171625
78410858.34640847,1765.1974572075837
78416333.16089569,1765.2694132912084
78421807.83665076,1765.3351980411344
78427282.46616177,1765.422193902414
78432756.96035367,1765.460669708301
78438231.40539056,1765.4448975822531
78443706.07144904,1765.343201097854
78449180.82627346,1765.3607617477924
78454655.52888516,1765.4218261776996
78460130.0729098,1765.5028871481209
78465604.54720192,1765.5764259385833
78471078.93463506,1765.5896741811089
78476553.28335075,1765.582926563939
78482027.80092359,1765.5461054991972
78487502.38078949,1765.4967524363553
78492977.00308824,1765.4276461657369
78498451.59810852,1765.429496272019
78503926.06242102,1765.5011214886003
78509400.41550845,1765.5503015064396
78514874.73563744,1765.6258876949148
78520348.89017081,1765.6288197538402
78525823.08973661,1765.5877002399936
78531297.49088594,1765.5050951220787
78536771.95126344,1765.536904904195
78542246.29321092,1765.6130597381261
78547720.49198923,1765.668195788233
78553194.64639726,1765.7375905532565
78558668.71375073,1765.7245979897612
78564142.7580625,1765.6975411675567
78569617.01052926,1765.6711964960773
78575091.2920006,1765.5649629523782
78580565.60266177,1765.533382085081
78586039.88197681,1765.5403371222733
78591514.00699191,1765.6041777522707
78596988.05124265,1765.6640947065723
78602462.02161373,1765.7203737989314
78607935.83110443,1765.7164398110222
78613409.76387446,1765.6470798611028
78618883.87264767,1765.564576525056
78624358.0309079,1765.6064656021933
78629832.01611121,1765.6703454869655
78635305.90159374,1765.7363586242318
78640779.6923509,1765.7754292927855
78646253.42210765,1765.7639018168531
78651727.1657577,1765.7112791216987
78657201.1194962,1765.6803501385546
78662675.0821094,1765.5543553207872
78668149.07118303,1765.513539029153
78673623.01706418,1765.528208748858
78679096.78428899,1765.5766837839965
78684570.5261757,1765.6360601240754
78690044.15409808,1765.6697817510026
78695517.64606242,1765.6480589966031
78700991.3175114,1765.5518411121486
78706465.13687927,1765.4637210420851
78711938.94954877,1765.5259703761421
78717412.61622952,1765.5549161398346
78722886.20817958,1765.6151376505711
78728359.71164499,1765.6232785456568
78733833.16584852,1765.6005995892974
78739306.6801283,1765.5400127414732
78744780.38204779,1765.4826675428276
78750254.05337092,1765.3826986505142
78755727.75125241,1765.3455148104767
78761201.37855221,1765.373783500399
78766674.82387215,1765.4098447044203
78772148.23777767,1765.4637601282882
78777621.53278393,1765.4778493787542
78783094.7354881,1765.4280547728981
78788568.15051867,1765.3064121842315
78794041.70717253,1765.2810357619358
78799515.16657539,1765.3240089228173
78804988.49484704,1765.3767124111637
78810461.72125623,1765.417744182786
78815934.88259603,1765.4114596250317
78821407.98827307,1765.3672530604154
78826881.2299693,1765.299970633133
78832354.58488712,1765.214715156795
78837827.96906485,1765.1017993085861
78843301.34641783,1765.07178436424
78848774.60832788,1765.1080560445935
78854247.74891447,1765.130464795663
78859720.84097667,1765.1758013354838
78865193.78622863,1765.167690512029
78870666.71261714,1765.106786936606
78876139.85758054,1764.9616733638422
78881613.09240286,1764.9605678178189
78887086.23755199,1764.9672347194057
78892559.25344555,1765.0104924663913
78898032.18652076,1765.034659158145
78903505.04099922,1765.0065942115527
78908977.86590585,1764.9575537079272
78914450.87323067,1764.8859014822087
78919923.91005008,1764.7901481380036
78925396.9980245,1764.6919284805597
78930870.05433613,1764.656963870749
78936342.97002089,1764.6836472823152
78941815.79063246,1764.7049908171716
78947288.56860182,1764.7293966396908
78952761.17692588,1764.702139721536
78958233.85572043,1764.6177035276187
78963706.72758287,1764.4751986977672
78969179.6666814,1764.4830577998516
78974652.47255924,1764.518882018901
78980125.1358039,1764.5480407364328
78985597.74961048,1764.5733020319026
78991070.27823435,1764.5188050397867
78996542.79559973,1764.445499650944
79002015.53441961,1764.381052553414
79007488.27891348,1764.2256046563657
79012961.06297334,1764.1585314420483
79018433.80571252,1764.1346692321667
79023906.38520588,1764.1417722062429
79029378.908252,1764.164502917044
79034851.36052409,1764.1759012486568
79040323.63887267,1764.1288881886019
79045796.0682647,1764.007567135417
79051268.66780162,1763.8908433519387
79056741.31224845,1763.8787221530465
79062213.79371093,1763.9067866247563
79067686.16919178,1763.9146945063717
79073158.4686352,1763.915906651703
79078630.71460389,1763.8646193582808
79084102.97451638,1763.7684397386688
79089575.45920193,1763.6914162751664
79095047.90968657,1763.5246853274157
79100520.42184924,1763.4539478631655
79105992.86793298,1763.4396637980265
79111465.13535516,1763.445887911105
79116937.37934174,1763.4545704655275
79122409.51753773,1763.4435351812504
79127881.53244144,1763.374504521164
79133353.74536437,1763.2339407374247
79138826.09380169,1763.1306950848627
79144298.41726749,1763.1535801599116
79149770.58541447,1763.1640793083006
79155242.673339,1763.180378311574
79160714.65803294,1763.1430242739498
79166186.61073706,1763.085695832402
79171658.64120044,1762.977253805412
79177130.84620272,1762.8752702406755
79182603.03660811,1762.7385021976272
79188075.22956148,1762.6681680986758
79193547.3431557,1762.6540189726622
79199019.29509088,1762.6468301056543
79204491.24261054,1762.6601664314726
79209963.03874505,1762.6213718205229
79215434.76995483,1762.5366351798302
79220906.72885628,1762.3818893337802
79226378.76779546,1762.3132980541661
79231850.7686681,1762.3175787623613
79237322.59617881,1762.3344487184595
79242794.14692996,1758.4149455912118
79248270.93782857,1757.9976728373597
79253747.46342552,1757.8576366472685
79259228.24019432,1753.1167763516646
79264709.9568579,1752.8753255550123
79270196.15489069,1748.2338805611407
79275682.84853558,1747.9964611077683
79281174.21265168,1743.6898400044097
79286665.61485223,1743.4035702104288
79292162.10412233,1739.3320388857173
79297658.25388178,1738.895780001073
79303159.85824801,1734.9867173918292
79308661.15964216,1734.2636075057446
79314168.25411421,1730.7547599168759
79319674.44524981,1730.014328336193
79325186.4761045,1726.8780963283461
79330697.83680058,1726.8918322777904
79336209.1169899,1726.8202909246795
79341720.38345274,1726.7367054309912
79347231.86295727,1726.6599722607896
79352743.36896412,1726.4983315467107
79358254.91238688,1726.3988140913468
79363766.44410367,1726.358035261162
79369277.82168919,1726.367392327643
79374789.14622265,1726.377185082212
79380300.40025318,1726.3624355380555
79385811.51760535,1726.2959321880885
79391322.7760453,1726.1606033343978
79396834.22931266,1726.0249845590988
79402345.72153705,1726.0003615448948
79407857.06143436,1726.009559283074
79413368.31972608,1726.011452665904
79418879.49291773,1725.978883004192
79424390.6300471,1725.909556608398
79429901.79935588,1725.798033218445
79435413.18373509,1725.7074410924447
79440924.5513832,1725.5398913032839
79446435.9627681,1725.4573113843173
79451947.31503743,1725.4389601372843
79457458.50041866,1725.4286731141078
79462969.65959051,1725.4334933334417
79468480.72163613,1725.4013493890923
79473991.68950284,1725.303052151423
79479502.87382793,1725.1369624097742
79485014.18970546,1725.019612472761
79490525.48483671,1725.0252009933356
79496036.63696806,1724.9993045883261
79501547.72282234,1725.0035963821874
79507058.73671429,1724.9467188536598
79512569.70312056,1724.85291028065
79518080.80914827,1724.7420365789371
79523592.03026931,1724.6071262644755
79529103.2841821,1724.447867241312
79534614.53790732,1724.369787035378
79540125.6898217,1724.361299697337
79545636.72291183,1724.3434848392458
79551147.72326954,1724.3431024232696
79556658.57516555,1724.274157325548
79562169.45228598,1724.149926103384
79567680.54495484,1723.9733664936548
79573191.73427291,1723.9264827697054
79578702.81852388,1723.8855934473959
79584213.79450719,1723.881631900163
79589724.7045307,1723.858217930793
79595235.54048352,1723.765804617952
79600746.36051497,1723.6581934278468
79606257.38938546,1723.5500889315294
79611768.45421785,1723.3643634397968
79617279.56787197,1723.2458902850942
79622790.64760906,1723.1765435548339
79628301.5869779,1723.1610320488735
79633812.45510995,1723.1422202464605
79639323.25423135,1723.115214640076
79644833.91328932,1723.0238575369876
79650344.70847997,1722.873411564828
79655855.66757229,1722.6990962715845
79661366.66917872,1722.6686732888973
79666877.55337104,1722.644318738566
79672388.31054938,1722.6135074591032
79677899.02253073,1722.5705818423503
79683409.68396135,1722.472009955496
79688920.3676647,1722.3341953635695
79694431.27121857,1722.219609085926
79699942.15603071,1722.0072331105453
79705453.09774803,1721.8969860996979
79710963.980899,1721.8422563359634
79716474.7045385,1721.8034500431077
79721985.41066815,1721.7924254943894
79727496.00404431,1721.7361394860052
79733006.49574342,1721.613993815903
79738517.20045708,1721.425526021347
79744028.05470154,1721.3168808504295
79749538.84070322,1721.2909950956848
79755049.47754806,1721.2586013086034
79760560.06772363,1721.2329227221667
79766070.56157048,1721.1374626389145
79771581.01831357,1721.0267714472318
79777091.60355663,1720.8887320097142
79782602.309229,1720.7278533232993
79788113.04720892,1720.5375520740913
79793623.79169622,1720.4310445550207
79799134.4362244,1720.3937340156128
79804644.96929212,1720.3441337118056
79810155.46045071,1720.3157405764657
79815665.81260328,1720.2301063059238
79821176.16919202,1720.084410677394
79826686.75492771,1719.875898288285
79832197.40334144,1719.8014534256893
79837707.98052722,1719.7625674832802
79843218.40822124,1719.7235458067414
79848728.76197349,1719.6776026363011
79854239.06405331,1719.5700386367973
79859749.34180433,1719.431369625487
79865259.82192865,1719.2994695062807
79870770.33344038,1719.0885366814969
79876280.88577552,1718.922046848189
79881791.43071322,1718.8226904844128
79887301.83046514,1718.7716002894842
79892812.16987431,1718.720249478013
79898322.46175279,1718.6706378020033
79903832.59401712,1718.5541771660655
79909342.85228048,1718.3713482528315
79914853.30243887,1718.1767050747696
79920363.80904447,1718.1169938690928
79925874.14533968,1718.067781432867
79931384.39162672,1718.033475676589
79936894.56649268,1717.9576307603784
79942404.67570151,1717.8203311565467
79947914.8169657,1717.6644778705383
79953425.183649,1717.5153519470116
79958935.52108681,1717.2716201318165
79964445.92998245,1717.1322280905201
79969956.28582165,1717.0549181860126
79975466.47524768,1716.988523876457
79980976.65064164,1716.9368367224586
79986486.72024414,1716.853856137112
79991996.68485014,1716.7095830605354
79997506.86101945,1716.498718350868
80003017.1805008,1716.322936858736
80008527.46572997,1716.2770679123184
80014037.62147632,1716.2045661344232
80019547.69039145,1716.1501699134049
80025057.68242387,1716.0409427367144
80030567.64529428,1715.9044427319975
80036077.72249447,1715.7274818700728
80041587.93601641,1715.5456697732693
80047098.16592813,1715.3221860406998
80052608.40559931,1715.1831106819347
80058118.55878298,1715.1161091006995
80063628.58418587,1715.0347853845367
80069138.58514783,1714.9774325571682
80074648.45943661,1714.8611585340843
80080158.32074532,1714.6893048811676
80085668.40223119,1714.4429246033442
80091178.59547938,1714.3352230470734
80096688.70233394,1714.241668586264
80102198.68005426,1714.1838171654333
80107708.60279647,1714.1138028076434
80113218.43879917,1713.9712158579187
80118728.2461569,1713.8043428697329
80124238.27103499,1713.64279394011
80129748.32406233,1713.3870834298123
80135258.42713173,1713.1945423192797
80140768.52812973,1713.0638843310207
80146278.49458228,1712.998425928672
80151788.37874416,1712.9172888958549
80157298.21015114,1712.8318519999034
80162807.89767286,1712.6893497534488
80168317.6975511,1712.48436252521
80173827.69885921,1712.2492961749176
80179337.74614239,1712.1499458221058
80184847.67145136,1712.072744563562
80190357.47689229,1711.9837262831613
80195867.23386092,1711.8897595614767
80201376.94062641,1711.738447536126
80206886.66122656,1711.5488349379912
80212396.59277995,1711.3780497083303
80217906.52293141,1711.104046368551
80223416.50628626,1710.9263612011573
80228926.44735804,1710.8159492468524
80234436.21689042,1710.722017373488
80239945.96463867,1710.650002448705
80245455.6123808,1710.5407650718803
80250965.1463767,1710.3670502629404
80256474.88757862,1710.1240825290595
80261984.77417263,1709.9282727423797
80267494.64509529,1709.8477652217507
80273004.36545075,1709.752032335726
80278514.0261926,1709.6762557442767
80284023.59468403,1709.526725527886
80289533.12216447,1709.3631323676225
80295042.76117238,1709.1725586561638
80300552.54547572,1708.957494188309
80306062.3085247,1708.6846610247665
80311572.12412272,1708.5178512364157
80317081.85401528,1708.4195947001992
80322591.45760573,1708.3187843394503
80328101.02397613,1708.2335740454043
80333610.46063831,1708.0955814812294
80339119.87432237,1707.896847730374
80344629.51977824,1707.63548481632
80350139.26294455,1707.4847165146018
80355648.92858873,1707.3831384925918
80361158.45410869,1707.2915053417944
80366667.90747131,1707.1938490872421
80372177.29844618,1707.0343232710957
80377686.65906328,1706.841703250801
80383196.20513068,1706.650704340503
80388705.7740339,1706.4010229319383
80394215.4048784,1706.1681206615954
80399725.0174824,1706.0030124999018
80405234.50223488,1705.902244231019
80410743.90333608,1705.7903363680368
80416253.26188757,1705.692103113531
80421762.45839608,1705.5229678986211
80427271.75351663,1705.2891141084579
80432781.25684798,1705.0133200209962
80438290.83036703,1704.9037475836583
80443800.25228035,1704.7920973712908
80449309.56948043,1704.6941481315755
80454818.81881048,1704.571155224702
80460328.00063364,1704.3758548447643
80465837.20270611,1704.1669481259314
80471346.62833329,1703.9723171576688
80476856.0180433,1703.6652495894346
80482365.4523227,1703.4618992869862
80487874.86729383,1703.31418111628
80493384.12512547,1703.2017803678152
80498893.35947028,1703.1017842886763
80504402.48614568,1702.9661078921663
80509911.4927575,1702.7712987443008
80515420.69218801,1702.5014183949625
80520930.05551529,1702.2589745631037
80526439.40318152,1702.1407015653278
80531948.62417129,1702.0158103856354
80537457.75317603,1701.9064599881362
80542966.80629946,1701.7438772045375
80548475.81941949,1701.5521337145453
80553984.92369744,1701.3176818358638
80559494.19468719,1701.0814356958113
80565003.45112821,1700.7962524921504
80570512.72878817,1700.5970746703622
80576021.94083294,1700.4679786828349
80581531.0028783,1700.3308886468415
80587040.04356271,1700.2239660449382
80592548.96019034,1700.0616070404342
80598057.82692078,1699.836080498096
80603566.9160566,1699.5279718976421
80609076.14291108,1699.3350812375447
80614585.30680804,1699.1904073625697
80620094.32241142,1699.0710363836833
80625603.2882563,1698.9430171557622
80631112.16811754,1698.7466790964218
80636621.0195121,1698.5295626407692
80642130.0657741,1698.2997092884693
80647639.15266716,1697.9970890172278
80653148.2984846,1697.7246995793412
80658657.44055599,1697.5294510626175
80664166.45805506,1697.4007957508768
80669675.40879038,1697.266985036935
80675184.30037673,1697.1338320770794
80680693.03614382,1696.9374396544151
80686201.85365832,1696.6808725552212
80691710.88889296,1696.3703587948694
80697219.9892803,1696.2113682246847
80702728.96663685,1696.0668796450386
80708237.83479317,1695.919272158049
80713746.6508203,1695.7720896755682
80719255.40979615,1695.5553015736282
80724764.16724059,1695.3118980737815
80730273.14869016,1695.0914211278466
80735782.1183885,1694.7444364602804
80741291.13801959,1694.4973851115926
80746800.12809119,1694.3195522395602
80752308.96781988,1694.1641335327704
80757817.76677786,1694.0277009968056
80763326.49613836,1693.8710847596424
80768835.08207442,1693.6447583459567
80774343.85383177,1693.3480445276596
80779852.792982,1693.0782119191313
80785361.73093754,1692.9267586687656
80790870.52590641,1692.7686979847733
80796379.243122,1692.639017221898
80801887.88122271,1692.4407448424859
80807396.47826135,1692.2164005558957
80812905.15697543,1691.9598301862036
80818413.99874303,1691.6927830919544
80823922.80726163,1691.3533489728673
80829431.68737295,1691.1191463605253
80834940.48879552,1690.9552677957395
80840449.14862347,1690.7906785338473
80845957.80657989,1690.6440477406804
80851466.32290798,1690.4501093105437
80856974.78718974,1690.1982532364873
80862483.4848761,1689.8759024706494
80867992.29938586,1689.642152246523
80873501.05681688,1689.484218328721
80879009.6503915,1689.333318850664
80884518.181127,1689.1798327177185
80890026.64206623,1688.9596362114944
80895535.07271506,1688.7104668272254
80901043.67632136,1688.452344291814
80906552.32708013,1688.1400296164188
80912061.00970441,1687.8247225609286
80917569.69335629,1687.589162182172
80923078.26156574,1687.427752326022
80928586.74058591,1687.2502516226837
80934095.18299378,1687.0908800720836
80939603.48320182,1686.8633316761827
80945111.835968,1686.57813752291
80950620.39129737,1686.2272444537773
80956129.05553298,1686.0489571442945
80961637.57023278,1685.8677102992256
80967145.98365954,1685.7098583417846
80972654.31691489,1685.5389408979609
80978162.5803085,1685.2836354087476
80983670.84574582,1685.0125764237912
80989179.33688706,1684.7533308432717
80994687.7993932,1684.3735179382286
81000196.3184813,1684.100079214038
81005704.81786838,1683.879946965788
81011213.17006542,1683.707655406994
81016721.4673429,1683.543288873697
81022229.68167283,1683.3461020798957
81027737.76255697,1683.0924848958234
81033246.00764227,1682.7734705457167
81038754.44046402,1682.4511818485364
81044262.87081335,1682.267169370561
81049771.17718773,1682.075717997626
81055279.37528233,1681.9123305440683
81060787.50573768,1681.6992609008716
81066295.57548085,1681.4435131253656
81071803.70850068,1681.1444852358502
81077312.02088389,1680.8528985337916
81082820.31050111,1680.4659464260144
81088328.64211784,1680.1915570921028
81093836.92320548,1679.9844442294855
81099345.05358699,1679.7841338837632
81104853.17495428,1679.6203754559117
81110361.16323149,1679.4029639138257
81115869.07802124,1679.1142277161655
81121377.21471913,1678.7456610811594
81126885.47326675,1678.50103601449
81132393.6975161,1678.2943063498578
81137901.75878073,1678.105423680046
81143409.77225496,1677.9140140306083
81148917.69361556,1677.662390158389
81154425.58301093,1677.386545969288
81159933.62666859,1677.0912911568362
81165441.72892456,1676.7278508371455
81170949.86942923,1676.3718643260745
81176458.02289961,1676.0996228296824
81181966.07564268,1675.906059972077
81187474.03494929,1675.6931788729455
81192981.94699685,1675.5002225516462
81198489.71585935,1675.2500675018903
81203997.52027012,1674.9362439662145
81209505.55395989,1674.571480335523
81215013.6424805,1674.334506063188
81220521.63414626,1674.1339176374647
81226029.48822883,1673.9209658777818
81231537.28701434,1673.7188385939994
81237045.02430871,1673.4329947719527
81242552.74010521,1673.1295967857093
81248060.67662495,1672.8382108705316
81253568.57915162,1672.4277410828245
81259076.53919382,1672.0927598250687
81264584.49542156,1671.829743629319
81270092.2994929,1671.6147140549824
81275600.07009482,1671.4084560160616
81281107.7767634,1671.1840334061874
81286615.32444103,1670.8994942138281
81292123.0295973,1670.5372380757403
81297630.93415755,1670.1724726670436
81303138.88436754,1669.9535265141958
81308646.65172845,1669.7311417276385
81314154.35803354,1669.524843808099
81319661.97083686,1669.2637744546507
81325169.54647045,1668.9718470419778
81330677.17777015,1668.6426946270437
81336184.98856173,1668.318307576883
81341692.75857191,1667.8944699686413
81347200.58516148,1667.5837035339073
81352708.36389773,1667.3447204004574
81358215.98677567,1667.1105269684244
81363723.59147823,1666.897773561083
81369231.08892916,1666.646841407208
81374738.49428715,1666.3301780692693
81380246.12413315,1665.9320274010786
81385753.8868748,1665.5971744131518
81391261.63191903,1665.3673866784486
81396769.23443359,1665.1138388248476
81402276.7647678,1664.9001666186257
81407784.22741777,1664.6146473053877
81413291.64979643,1664.2955329031777
81418799.21998687,1663.9601516512748
81424306.87094146,1663.5714488694218
81429814.53149684,1663.1676182737854
81435322.21280135,1662.8548639917944
81440829.80427812,1662.6165665441304
81446337.28345138,1662.3790549449702
81451844.7342133,1662.155663943819
81457352.03210913,1661.8671557029038
81462859.35071908,1661.5175452762332
81468366.89579515,1661.1133354107303
81473874.54010423,1660.835534410219
81479382.06597342,1660.5711256779448
81484889.48649144,1660.34100397585
81490396.83604127,1660.0822121466667
81495904.11453,1659.7667722688386
81501411.38712068,1659.4334598672817
81506918.87272154,1659.0939783333058
81512426.33403751,1658.6424202291792
81517933.86252664,1658.2711513310321
81523441.37331136,1657.9620736647253
81528948.74933645,1657.7152597594102
81534456.07306828,1657.4642066625456
81539963.32609713,1657.2212496931543
81545470.4254615,1656.9050734275233
81550977.66247663,1656.519967701305
81556485.08705847,1656.106407576
81561992.56249906,1655.8718520434272
81567499.86978042,1655.6047387142512
81573007.07780938,1655.3602759722617
81578514.23725276,1655.0854995471059
81584021.33906035,1654.744111739909
81589528.47663243,1654.381453776767
81595035.82652116,1654.0206611374042
81600543.11404933,1653.5273745891568
81606050.4738984,1653.1723135476036
81611557.79378363,1652.883276793342
81617064.96844389,1652.6090170707823
81622572.13282901,1652.3699102261648
81628079.17751783,1652.08207764814
81633586.11299534,1651.7349685446902
81639093.26851882,1651.309805230076
81644600.58126092,1650.9446872229003
81650107.84341262,1650.679251761433
81655614.97614197,1650.4087356005202
81661122.01112519,1650.1515126236238
81666628.96685018,1649.8235453474122
81672135.90595163,1649.4824793027722
81677642.98372756,1649.0994697621836
81683150.15071802,1648.6766887868662
81688657.33246088,1648.2127238660041
81694164.53197907,1647.8520469362377
81699671.6582612,1647.5736901459468
81705178.66031174,1647.2856710168323
81710685.65085974,1647.0213410972344
81716192.50088657,1646.7063589783043
81721699.33596982,1646.3248924463826
81727206.40308052,1645.8506243004879
81732713.60064338,1645.53448438951
81738220.69736776,1645.2260383641255
81743727.65628557,1644.9611323937174
81749234.56784238,1644.679079022967
81754741.38517275,1644.3229535531157
81760248.18720889,1643.9452069818599
81765755.21777165,1643.5673761268854
81771262.2422815,1643.0475263369697
81776769.31003965,1642.6201645151302
81782276.39209427,1642.2642295355724
81787783.34463835,1641.9891812818641
81793290.23763013,1641.6985875568416
81798797.06396301,1641.411640429496
81804303.7424654,1641.0593058877355
81809810.53407735,1640.6394936541756
81815317.54037568,1640.1818663625245
81820824.5926013,1639.8730623966944
81826331.52039434,1639.5689043993289
81831838.33265358,1639.2709426545139
81837345.09286311,1638.9685025457986
81842851.80178474,1638.5949741656966
81848358.52524333,1638.1952652279904
81853865.46317117,1637.800111336202
81859372.3554833,1637.2604195472045
81864879.31571965,1636.8408568729471
81870386.24879156,1636.5061037036417
81875893.03334412,1636.2050912801274
81881399.7865893,1635.9287916137182
81886906.44024102,1635.6069942296872
81892412.96646062,1635.2243926804902
81897919.70095302,1634.7602707910642
81903426.60166821,1634.3485252009896
81908933.49327005,1634.0389532754255
81914440.22342433,1633.7275512597648
81919946.88478398,1633.4387686227294
81925453.45130529,1633.0686888940297
81930959.99228673,1632.6923884382231
81936466.65533008,1632.2755213792232
81941973.42111652,1631.8175864836992
81947480.15737304,1631.2889326347802
81952986.96319678,1630.8830842923426
81958493.69810466,1630.569859937667
81964000.31025554,1630.251267474881
81969506.90161905,1629.9506793746593
81975013.35051627,1629.6082077672788
81980519.7601517,1629.1909979802579
81986026.40626553,1628.6746225813713
81991533.19265185,1628.3062475344216
81997039.8960181,1627.9797753257299
82002546.43829328,1627.6592919378354
82008052.92869225,1627.3484392371054
82013559.33981349,1626.9589559829724
82019065.72400936,1626.539605968268
82024572.3221975,1626.1193231865936
82030078.92563821,1625.5805079099346
82035585.55195946,1625.092101127235
82041092.20024338,1624.6869807481937
82046598.72922269,1624.3593640440863
82052105.18304594,1624.0441815975498
82057611.59672685,1623.7298636765545
82063117.84246902,1623.3432213061815
82068624.17148772,1622.8825322947757
82074130.7288796,1622.378128563093
82079637.35439128,1622.02333832721
82085143.85600054,1621.6619291187285
82090650.25948688,1621.3308409391425
82096156.58167359,1620.981767273692
82101662.85339779,1620.5656445763273
82107169.1449291,1620.1252816536523
82112675.66053724,1619.679797828481
82118182.12305042,1619.0864520023092
82123688.66297284,1618.6264022807181
82129195.17321098,1618.2415420405691
82134701.53867598,1617.9039525119535
82140207.87415282,1617.5721278804149
82145714.11690277,1617.2301568831824
82151220.2209398,1616.8134309206066
82156726.51143518,1616.3133686055107
82162232.97324309,1615.826672136889
82167739.46661071,1615.4781053222969
82173245.79166804,1615.1081583241473
82178752.04607369,1614.7700925955564
82184258.2340247,1614.37069512077
82189764.37903318,1613.9427370202675
82195270.624076,1613.4816885280973
82200777.00877284,1612.976485349733
82206283.35336292,1612.3687478818708
82211789.78001131,1611.913228719813
82217296.14419541,1611.5441336454749
82222802.3787677,1611.176825113308
82228308.613826,1610.8494548551741
82233814.6993267,1610.458711742203
82239320.72270432,1610.0089383780996
82244826.98639883,1609.4686251267926
82250333.38675085,1609.0515475021687
82255839.70852725,1608.6836135829253
82261345.877367,1608.3123454698102
82266851.98737814,1607.9570749890281
82272358.02638797,1607.5226510291018
82277864.05100848,1607.0711870409548
82283370.2640658,1606.597135349896
82288876.48376155,1606.0259287401311
82294382.73169541,1605.4669824071611
82299889.0041507,1605.005819100951
82305395.17058711,1604.6372980709536
82310901.24706067,1604.2644442020094
82316407.29637063,1603.9044719111416
82321913.18854752,1603.4868536686563
82327419.12925208,1602.993696538139
82332925.28056887,1602.4098363811545
82338431.55228366,1602.0337088961724
82343937.68431525,1601.627058960553
82349443.70749994,1601.2704158545723
82354949.63959467,1600.8827065559037
82360455.514311,1600.4189819185242
82365961.40478814,1599.93340286083
82371467.52641807,1599.4438263442485
82376973.56919613,1598.7860588931558
82382479.69098455,1598.2712703789884
82387985.810335,1597.8274996373145
82393491.78532805,1597.4523636751505
82398997.72338338,1597.079448649891
82404503.56671597,1596.6911473865503
82410009.26865937,1596.237274497716
82415515.13825451,1595.7067039043447
82421021.19545674,1595.1628428899182
82426527.23882349,1594.782795077373
82432033.16499865,1594.3702791639328
82437538.9855435,1593.982419995366
82443044.74610646,1593.556534717855
82448550.44740275,1593.0819553186038
82454056.23016377,1592.5706046194512
82459562.1751318,1592.018074945384
82465068.07102077,1591.3465877684998
82470574.02924857,1590.8294385268407
82476079.95421407,1590.4027007673967
82481585.73870467,1589.9919984828316
82487091.52174437,1589.6290665944773
82492597.16144007,1589.2023986441461
82498102.7123874,1588.7092871565796
82503608.48777235,1588.119255786428
82509114.41913305,1587.661416949477
82514620.27694933,1587.2362071111493
82520125.98626046,1586.8435744588776
82525631.63006045,1586.430794655163
82531137.1876994,1585.951781719338
82536642.73016179,1585.4622578105514
82542148.4421326,1584.9325017230703
82547654.1802897,1584.3056411415528
82553159.92954925,1583.6687946785655
82558665.7238388,1583.1515579513625
82564171.4348449,1582.7391026884952
82569677.0440493,1582.310734133172
82575182.63167456,1581.9093917432483
82580688.06096601,1581.4568019799367
82586193.50758052,1580.9263524230491
82591699.18838431,1580.2905357986021
82597204.97126819,1579.853179629954
82602710.6497719,1579.404019844463
82608216.17375648,1578.987221745263
82613721.66221167,1578.5658868715614
82619227.0738821,1578.0490950444455
82624732.48721442,1577.5201407258758
82630238.13249275,1576.983755103317
82635743.69990677,1576.258840187433
82641249.34350266,1575.6748275513303
82646755.00320435,1575.1663697854856
82652260.51628186,1574.7450214920732
82657766.00568578,1574.3283312911842
82663271.40731412,1573.8927778892016
82668776.65397926,1573.4003135972782
82674282.0431925,1572.821108013005
82679787.6297872,1572.2220385357216
82685293.23848966,1571.766849097752
82690798.7279345,1571.308709504587
82696304.11812614,1570.8570135262498
82701809.42583667,1570.3872678679245
82707314.70124488,1569.872085064108
82712820.03891765,1569.309907556833
82718325.56639586,1568.704816472891
82723831.0254338,1567.969432328392
82729336.54710795,1567.3868811266539
82734842.04957108,1566.899583161801
82740347.407602,1566.4505178944144
82745852.74438757,1566.0389076469066
82751357.97181319,1565.5760310550208
82756863.07545887,1565.0399229697039
82762368.39519955,1564.4027453628328
82767873.88470654,1563.8730193826964
82773379.32224095,1563.41141917337
82778884.59284656,1562.9556868075726
82784389.8171148,1562.5127460428773
82789894.94017787,1561.9742965003393
82795400.03542516,1561.440167054464
82800905.29918854,1560.873202873485
82806410.61533158,1560.1845772653294
82811915.92321664,1559.464654779718
82817421.29224119,1558.885882233706
82822926.59242184,1558.4223225301978
82828431.77820551,1557.9500872408962
82833936.94923767,1557.5113685704475
82839441.9514864,1557.0230036585583
82844946.94320722,1556.4488818133073
82850452.18022168,1555.7770213950955
82855957.51219605,1555.2858244653894
82861462.74985483,1554.7965587720369
82866967.83078627,1554.3229875735549
82872472.8653149,1553.8591252832466
82877977.82660158,1553.3042336498966
82883482.77084924,1552.7234922654507
82888987.95243955,1552.1334674416005
82894493.0998269,1551.357196991847
82899998.28182818,1550.6756676215389
82905503.50131808,1550.1020076478123
82911008.5872266,1549.6269487266238
82916513.64021559,1549.1649864739393
82922018.61857541,1548.6878785385793
82927523.43290973,1548.155440739063
82933028.3574283,1547.5229167424068
82938533.48781833,1546.8698365962196
82944038.67861325,1546.3659743434105
82949543.7282659,1545.8598820295388
82955048.67574258,1545.3618384650863
82960553.54171734,1544.8451233932503
82966058.37025788,1544.2757691793718
82971563.2471194,1543.6713318289949
82977068.32717001,1543.0251094084267
82982573.33535308,1542.1951069979534
82988078.44650975,1541.5456776742121
82993583.53832625,1541.0026702339628
82999088.46876456,1540.4967454901548
83004593.38480474,1540.0259529458738
83010098.2091369,1539.5250950358534
83015602.88554846,1538.9477145325723
83021107.76842973,1538.2658078547904
83026612.81553711,1537.6372434677369
83032117.86419447,1537.1501850762852
83037622.73594247,1536.6240654062306
83043127.55945483,1536.1315450474756
83048632.28226341,1535.548220091086
83054136.97751935,1534.9637325262772
83059641.81619543,1534.341468529099
83065146.74287175,1533.6067179044762
83070651.62897843,1532.784777404545
83076156.60908246,1532.134659658487
83081661.52522892,1531.6116738653423
83087166.32676107,1531.1038181774163
83092671.10691504,1530.6108763381826
83098175.73557769,1530.0794518358857
83103680.3213705,1529.4622751198553
83109185.15085356,1528.7248971336905
83114690.08866547,1528.1831389361041
83120194.94065575,1527.651478523618
83125699.65270163,1527.1189268300936
83131204.29643504,1526.600759435401
83136708.86708406,1525.9981428693584
83142213.41612299,1525.3712524221335
83147718.20066367,1524.7241951401513
83153222.94694364,1523.9027137234257
83158727.72541535,1523.1337456643107
83164232.54704425,1522.4942500905217
83169737.25283468,1521.964585017012
83175241.8779806,1521.4512808007942
83180746.47498657,1520.9446695877284
83186250.88190435,1520.3662843842205
83191755.37179832,1519.6877863974414
83197260.07531485,1518.959060981656
83202764.86208655,1518.4027220843523
83208269.52379915,1517.8409445992413
83213774.08035423,1517.3063528200369
83219278.54926813,1516.733500089526
83224782.96519741,1516.1046740120896
83230287.41803321,1515.4527793180355
83235792.09644316,1514.7547312903807
83241296.69293413,1513.8416578683505
83246801.38573302,1513.1209388544798
83252306.07045342,1512.50563460677
83257810.603455,1511.9659302843834
83263315.11580358,1511.4435206537896
83268819.52026853,1510.910031931836
83274323.77252133,1510.2968799586297
83279828.21981043,1509.5657253844017
83285332.82994504,1508.8538831511646
83290837.45754543,1508.326692455091
83296341.91366844,1507.7460500383327
83301846.31742737,1507.1847411646145
83307350.63499635,1506.5634941885621
83312854.91753222,1505.9204228280264
83318359.31615658,1505.2383505780238
83323863.85194263,1504.4442081546956
83329368.3190695,1503.5277822809876
83334872.89339656,1502.8075648617223
83340377.41921242,1502.221587232745
83345881.80628741,1501.6622115019202
83351386.19140697,1501.1326335807476
83356890.42282291,1500.548422802898
83362394.56964472,1499.8898965465912
83367898.95689265,1499.1095458959373
83373403.49667245,1498.4489427270646
83378907.94947128,1497.869727402851
83384412.26281436,1497.2884559535858
83389916.50858705,1496.7292005287914
83395420.66492464,1496.0663246364552
83400924.80822286,1495.3976795599904
83406429.16910937,1494.6854408557117
83411933.50450721,1493.8028985435276
83417437.87196845,1492.9239283656889
83422942.2871931,1492.2055866802577
83428446.60371986,1491.6238540572997
83433950.82507496,1491.0547130320474
83439455.02679102,1490.505214433878
83444959.04206224,1489.8845582898875
83450463.0952869,1489.1659425459447
83455967.3706233,1488.3372673296383
83461471.75405616,1487.7580861712777
83466975.97481531,1487.1209330605298
83472480.11536182,1486.5461378932227
83477984.16336393,1485.9252712875218
83483488.15020502,1485.2471422481308
83488992.15143716,1484.5449398714945
83494496.39111623,1483.7875851666624
83500000.5420033,1482.7739160091912
83505504.78200123,1481.9686939486628
83511009.03919351,1481.2746906987497
83516513.14697918,1480.6754182454329
83522017.2218661,1480.102936000406
83527521.20567413,1479.527552797647
83533025.0133268,1478.8746112340236
83538528.99127537,1478.105403966466
83544033.12015395,1477.3167278102435
83549537.27774523,1476.7316747993214
83555041.28264268,1476.0870450661196
83560545.19405113,1475.498757703383
83566049.03670748,1474.8332115033654
83571552.82563883,1474.1296594534265
83577056.71009734,1473.3949782659213
83582560.76377347,1472.5478658380102
83588064.71447478,1471.522835953271
83593568.78530604,1470.7130596004586
83599072.83089149,1470.0467455097041
83604576.72315861,1469.4368768876222
83610080.62270574,1468.8483578582277
83615584.37969817,1468.2259187530512
83621088.01807007,1467.5200393830441
83626591.8940111,1466.6799458813025
83632095.93989368,1465.9433948677383
83637599.88174526,1465.3161510366442
83643103.69752456,1464.6795574795938
83648607.42370844,1464.042140864194
83654111.07010922,1463.337650936861
83659614.70204264,1462.6179456609489
83665118.52015987,1461.8402619803032
83670622.35874683,1460.891095772262
83676126.20820566,1459.9018499740278
83681630.11462861,1459.103437465896
83687133.94364601,1458.468295512388
83692637.6574159,1457.8297304278137
83698141.36106166,1457.2402407689933
83703644.88407388,1456.5738511036702
83709148.40364993,1455.8071681735455
83714652.16672166,1454.921348902955
83720156.03461666,1454.2643562084122
83725659.76242816,1453.5513593215003
83731163.39814734,1452.9154072872727
83736666.96148951,1452.234272845938
83742170.43632068,1451.487646620576
83747673.91976441,1450.739321802098
83753177.659439,1449.930528381084
83758681.28346735,1448.857329523907
83764185.01615725,1447.9517778001102
83769688.76759335,1447.1718446332877
83775192.38046445,1446.5186120984263
83780695.94016778,1445.9014159114777
83786199.42301355,1445.2695963413623
83791702.72359344,1444.5767946986434
83797206.15648508,1443.7504440032174
83802709.77640334,1442.863902199606
83808213.4595287,1442.2270476797596
83813716.9590863,1441.5288749361903
83819220.36870566,1440.8837848224116
83824723.7112229,1440.1740784085828
83830226.99733709,1439.3988247665288
83835730.34433651,1438.6111903354806
83841233.89359143,1437.739899425417
83846737.33336502,1436.6000212126814
83852240.87439539,1435.717468213736
83857744.42109634,1434.970023320911
83863247.79984905,1434.3039672412274
83868751.18693039,1433.6593420397244
83874254.44593829,1433.001730467921
83879757.5530062,1432.2523690919727
83885260.88543695,1431.33808677378
83890764.39483483,1430.5148504476226
83896267.83234647,1429.8362464162053
83901771.12977627,1429.123369165074
83907274.3488722,1428.436995913005
83912777.48412858,1427.6807160228313
83918280.58892006,1426.9095945359466
83923783.85669383,1426.0677351356417
83929287.19942771,1425.0488986228572
83934790.53228946,1423.971199983767
83940293.92641163,1423.0835344694344
83945797.27265765,1422.359018767418
83951300.47820827,1421.6616422885788
83956803.67697844,1421.020484743641
83962306.70817941,1420.3084031659876
83967809.69912045,1419.499286563161
83973312.93340926,1418.532955322232
83978816.28599519,1417.7766084734042
83984319.53322573,1417.0145344610744
83989822.66922724,1416.3320798597917
83995325.7243838,1415.5913645970807
84000828.7022749,1414.7921771097615
84006331.6785556,1413.9912498520468
84011834.89560504,1413.1308202809785
84017338.00772916,1411.9777750639787
84022841.23786165,1410.9422383312906
84028344.50274855,1410.075178326329
84033847.64539933,1409.3725934712331
84039350.72736478,1408.6566348308415
84044853.74660835,1407.9777898743982
84050356.58183286,1407.234576901503
84055859.50192213,1406.3471117204938
84061362.64244573,1405.3577880737184
84066865.85651967,1404.6542294045514
84072368.89275499,1403.9132644463396
84077871.8269775,1403.2097934265694
84083374.69204502,1402.448329070859
84088877.48455073,1401.6112931731836
84094380.32818282,1400.7731841962213
84099883.39817846,1399.8377226515086
84105386.34899984,1398.5997599776351
84110889.40059327,1397.6226333320226
84116392.48915352,1396.7883018046275
84121895.4064483,1396.0649448025572
84127398.32159391,1395.3874914380929
84132901.11490135,1394.6564963763908
84138403.73841909,1393.8675869741573
84143906.5620077,1392.9165132059143
84149409.56602782,1391.970677917956
84154912.553245,1391.227267029145
84160415.3911342,1390.4460166413437
84165918.1621601,1389.7168581836931
84171420.82491605,1388.9057973572578
84176923.45080581,1388.0813420831225
84182426.21202861,1387.1850321488555
84187929.08776651,1386.1232377003976
84193431.90569831,1384.8932723360965
84198934.81911132,1383.9210033673778
84204437.70722373,1383.1195410717967
84209940.43248552,1382.3647541593218
84215443.16471808,1381.6773096748195
84220945.73301293,1380.9340946980642
84226448.20361245,1380.0745892520385
84231950.9330153,1379.0336602556995
84237453.82483877,1378.2158492651695
84242956.58608635,1377.413823770102
84248459.21737392,1376.673924162498
84253961.77177079,1375.880500029309
84259464.25642492,1375.0232173687173
84264966.72506122,1374.175662093898
84270469.42371571,1373.2652569087527
84275972.05378425,1372.0523702532903
84281474.76574963,1370.9067361408959
84286977.52297734,1369.944972035741
84292480.17509712,1369.1688506365874
84297982.74079107,1368.3889367861307
84303485.26407373,1367.6642269703204
84308987.60421559,1366.8898673310532
84314489.97238855,1365.9610436626322
84319992.5922406,1364.8736526034425
84325495.29315549,1364.0814873795819
84330997.84596403,1363.2278823387735
84336500.2933782,1362.4858863957984
84342002.65272862,1361.6636576321198
84347504.9355376,1360.7762840198225
84353007.25161304,1359.8893149641383
84358509.8191846,1358.901217385209
84364012.25470144,1357.5931255542773
84369514.78544527,1356.512108399973
84375017.35665771,1355.5915419335352
84380519.77187532,1354.816993115553
84386022.14768912,1354.0689215296034
84391524.42377438,1353.3016657424614
84397026.51257801,1352.4752966847211
84402528.77306804,1351.4867711971158
84408031.24051827,1350.4369273309285
84413533.69517072,1349.6210407283786
84419036.00206488,1348.7929276867376
84424538.210406,1347.9948342519142
84430040.35201186,1347.1400953735465
84435542.4379284,1346.2448708638462
84441044.62771592,1345.310127543712
84446546.96201023,1344.2152864261275
84452049.19499093,1342.86048857963
84457551.54918025,1341.8010123090003
84463053.8934094,1340.9146608110698
84468556.06535849,1340.093503856454
84474058.25947523,1339.345980003733
84479560.28766586,1338.5570037833213
84485062.18232724,1337.6628563054476
84490564.33890335,1336.5740425581425
84496066.67218544,1335.661736001604
84501568.86416778,1334.804328801941
84507070.93028036,1333.9975084713672
84512572.91093004,1333.1650462412242
84518074.79555625,1332.2541115480888
84523576.6723031,1331.3527680985649
84529078.75846104,1330.355170814603
84534580.81972688,1329.1008636545998
84540082.89571781,1327.8424595893891
84545585.04485506,1326.7885729291297
84551087.11923885,1325.9350596777426
84556589.0799673,1325.102757099238
84562091.01987077,1324.3191798666999
84567592.78304519,1323.4949238166314
84573094.5240315,1322.5231538458231
84578596.52580115,1321.3785200190307
84584098.66130674,1320.4845468302644
84589600.63278146,1319.5524730896043
84595102.49339138,1318.748146066367
84600604.28994639,1317.870081753881
84606105.98743127,1316.9270845708322
84611607.69948809,1315.987676870952
84617109.66977908,1314.95124570203
84622611.48402706,1313.5267903271822
84628113.43267706,1312.3384328801794
84633615.41822827,1311.315459036413
84639117.26434672,1310.4717761075785
84644619.05120878,1309.6443907919543
84650120.76545294,1308.8426994480787
84655622.2759376,1307.976768612425
84661123.92106964,1306.9361390572903
84666625.80312453,1305.78184964632
84672127.723673,1304.9451152466638
84677629.43867145,1304.032811902576
84683131.07616173,1303.2116541937457
84688632.63043001,1302.3082651349298
84694134.13078125,1301.3428789440761
84699635.69725756,1300.3608929730879
84705137.45986982,1299.22288862499
84710639.07790817,1297.7665251932367
84716140.81612629,1296.6055753525363
84721642.58314644,1295.6345384820602
84727144.18315104,1294.785567371549
84732645.78110892,1293.958408444454
84738147.24463013,1293.1211057624164
84743648.53905095,1292.2032960174802
84749150.07823168,1291.0607417588155
84754651.8063113,1289.9973415723075
84760153.4655624,1289.063939531826
84765654.96550521,1288.1552544889544
84771156.3856223,1287.298803527706
84776657.71754226,1286.3499254705907
84782159.00868446,1285.3941296460198
84787660.48002115,1284.3419154944472
84793161.98235384,1283.03816887692
84798663.46737434,1281.6175585647918
84804165.0360824,1280.4753535888703
84809666.57424471,1279.5371090508675
84815167.96367425,1278.6493505412345
84820669.36924633,1277.8276857627004
84826170.57879657,1276.964985143183
84831671.72308613,1275.9624511582692
84837173.14131406,1274.7727578143345
84842674.71223447,1273.7655563146582
84848176.1333397,1272.794724912127
84853677.42599927,1271.9293134093468
84859178.64575721,1270.99917414876
84864679.79027879,1270.014959703531
84870180.93122934,1269.0338792291277
84875682.3106947,1267.9472777720566
84881183.55101542,1266.4796989471063
84886684.89577655,1265.1685574376952
84892186.3079064,1264.0495785290934
84897687.6052232,1263.1402517933248
84903188.83222811,1262.239432638757
84908690.00462009,1261.396181122137
84914190.97549467,1260.5011416467958
84919692.00924613,1259.4049746768874
84925193.28315818,1258.1740719530517
84930694.66035442,1257.2516785138723
84936195.82619002,1256.2646446032281
84941696.91009656,1255.3992284656142
84947197.88799414,1254.4544523214354
84952698.80370532,1253.4370924586228
84958199.77438729,1252.410947307203
84963700.9685715,1251.2056264732578
84969201.98853958,1249.666457175965
84974703.1550765,1248.418048813387
84980204.35733847,1247.35589392969
84985705.39968702,1246.4646200290579
84991206.42055994,1245.5910255830645
84996707.32210036,1244.7211255140091
85002208.03111736,1243.7736620857427
85007708.94153793,1242.6133609263334
85013210.06028956,1241.4234085022222
85018711.16568021,1240.5135624109535
85024212.0723478,1239.533874108101
85029712.93191606,1238.6326401984243
85035213.69449651,1237.6270537278408
85040714.41594096,1236.6208162121848
85046215.27902609,1235.54275783149
85051716.20943984,1234.2036758984948
85057217.05932596,1232.622231359952
85062718.05254686,1231.392072842824
85068219.03650725,1230.3903899178276
85073719.87145804,1229.456542426402
85079220.7209544,1228.583815081443
85084721.38425443,1227.6895609953922
85090221.91863367,1226.6737532102825
85095722.73957387,1225.431556163418
85101223.72530633,1224.3521790631225
85106724.58891574,1223.3519162920738
85112225.30801813,1222.3943001998207
85117725.95801532,1221.4777139313437
85123226.5048978,1220.4481508369317
85128727.03567803,1219.4207304990314
85134227.79976155,1218.2818529549822
85139728.46630092,1216.7777550826481
85145229.15467629,1215.3301894542092
85150729.95000063,1214.110806348698
85156230.66758637,1213.1249061972712
85161731.28685826,1212.2205945545281
85167231.87793809,1211.3272914408706
85172732.25593242,1210.4048950061806
85178232.64095949,1209.292247962626
85183733.28328098,1208.0169571395845
85189234.07033503,1206.9929047272885
85194734.64350533,1205.9520900024677
85200235.13938516,1205.0238766305974
85205735.52748941,1204.018012890584
85211235.86664802,1202.9824807446903
85216736.22453326,1201.9362859951261
85222236.81839481,1200.7041182445312
85227737.21086173,1199.0599030039104
85233237.75163409,1197.6801576963862
85238738.35308191,1196.5083324324482
85244238.80482061,1195.5279774833775
85249739.23970747,1194.5907063286054
85255239.58908261,1193.710869501227
85260739.70308091,1192.7492647638985
85266239.97495152,1191.5410106194263
85271740.48451571,1190.3080225994531
85277241.02433066,1189.3626372642416
85282741.32809345,1188.3261219922056
85288241.58861859,1187.4138486598063
85293741.72452326,1186.3657912769431
85299241.82532632,1185.316226663503
85304742.0484925,1184.2115022541493
85310242.40943803,1182.8046674842144
85315742.61578847,1181.1615903250777
85321242.96466853,1179.8342132571688
85326743.34100126,1178.7658332368203
85332243.5489357,1177.7774879903643
85337743.75332053,1176.8454253268346
85343243.8311812,1175.9243233253121
85348743.72325414,1174.9057834410812
85354243.86642829,1173.6297331437424
85359744.18175747,1172.4529821439987
85365244.46754745,1171.4194599334505
85370744.54368082,1170.38670342954
85376244.5859711,1169.4293898407757
85381744.52397783,1168.3590166138003
85387244.42786857,1167.312721559401
85392744.54588513,1166.1564525271845
85398244.60963634,1164.5881271071266
85403744.65421088,1162.9531464840186
85409244.83202484,1161.643594724736
85414744.963118,1160.6281389145215
85420244.98943287,1159.6787855607581
85425744.98958583,1158.7453451319789
85431244.78426565,1157.8405137874604
85436744.5200082,1156.735544185128
85442244.55023558,1155.4337945408731
85447744.69799106,1154.388796451223
85453244.69636177,1153.3602556185035
85458744.53764382,1152.362543999824
85464244.32259159,1151.3843624239585
85469744.02941228,1150.3077545392352
85475243.7378104,1149.231607291326
85480743.70432717,1147.9825645944634
85486243.49790062,1146.2878654661547
85491743.3641082,1144.7787541310117
85497243.33931981,1143.5136752079684
85502743.18554117,1142.501351974437
85508242.99702697,1141.5930514761646
85513742.7376115,1140.644812383744
85519242.24892314,1139.7022920508023
85524741.8496427,1138.5019090132898
85530241.7128321,1137.2262395983857
85535741.62923287,1136.1653238447213
85541241.36709946,1135.089343514322
85546741.01620096,1134.083884303348
85552240.56124435,1133.0428926989093
85557740.07894686,1131.9865738592098
85563239.6592027,1130.868692936012
85568739.41723351,1129.4745150472395
85574238.98955894,1127.700044817758
85579738.72613935,1126.2499069956755
85585238.52000046,1125.0808976512867
85590738.13764891,1124.0505270168164
85596237.76763153,1123.1173922705511
85601737.29148369,1122.2075664134745
85607236.58567838,1121.207498695248
85612736.10057046,1119.8899411273187
85618235.83414255,1118.7133529380449
85623735.52267863,1117.6670068170988
85629235.00576496,1116.6679158952224
85634734.43750468,1115.6622798158023
85640233.74838823,1114.571887356662
85645733.05710912,1113.5193173823811
85651232.54424283,1112.3472513502556
85656732.03185043,1110.7532766226625
85662231.44700931,1109.0676142865188
85667730.99146563,1107.6715184838615
85673230.55246699,1106.61472477257
85678729.95753199,1105.6201419946024
85684229.33806652,1104.6929753959203
85689728.57146677,1103.7978723437932
85695227.66152999,1102.721475288003
85700727.0200184,1101.3581811471322
85706226.5277953,1100.2681346488419
85711725.92369515,1099.1608707559549
85717225.17010416,1098.1985988030206
85722724.38232973,1097.1817588184374
85728223.48283769,1096.0853677145142
85733722.5779757,1095.0263810249673
85739221.94529937,1093.7677103583928
85744721.13870569,1091.9673515677591
85750220.41186072,1090.3299300928034
85755719.80148448,1088.992841949968
85761219.11222678,1087.9848185706094
85766718.35659513,1087.0175051450328
85772217.54009566,1086.0825073534777
85777716.50095758,1085.2002366734287
85783215.47114,1084.0407684834322
85788714.74141107,1082.665026764586
85794214.05897708,1081.6451356535358
85799713.21527962,1080.5670370813978
85805212.26218392,1079.621827239875
85810711.22276956,1078.5972154197225
85816210.11454183,1077.5046181677712
85821709.05431508,1076.4031707938645
85827208.23902097,1075.0635748958034
85832707.18184529,1073.14545095104
85838206.27147594,1071.617939022448
85843705.47006483,1070.3620226290313
85849204.5056909,1069.3844307659194
85854703.54678902,1068.4807402903668
85860202.46451361,1067.5509997666823
85865701.15519546,1066.6186387505145
85871199.99967363,1065.3676702901614
85876699.08576168,1064.091745945877
85882198.14244819,1063.0055866249104
85887697.04738753,1061.9653193655208
85893195.85548908,1060.967063680373
85898694.58551215,1059.9236033953375
85904193.27077371,1058.8804444175676
85909692.0941525,1057.7424984588183
85915190.9902963,1056.248934904033
85920689.74164802,1054.3609721990751
85926188.6490059,1052.877459730416
85931687.6037246,1051.712483523493
85937186.39405367,1050.752423736065
85942685.20400363,1049.8688023143843
85948183.85071537,1048.9976442007646
85953682.29329285,1047.9864655270228
85959181.00057216,1046.653952819863
85964679.90800653,1045.5153305938538
85970178.66947405,1044.4566861716644
85975677.28955185,1043.5094541857961
85981175.82454741,1042.4962334491381
85986674.25595836,1041.437453171542
85992172.69377074,1040.4198721443636
85997671.3660677,1039.1908510286066
86003169.92981538,1037.444592085425
86008668.50533004,1035.684247628865
86014167.20229946,1034.268823281896
86019665.86819148,1033.1967009673829
86025164.40933134,1032.2272998585925
86030662.95749186,1031.3585875697354
86036161.29229046,1030.4906933691166
86041659.54570347,1029.3880169017689
86047158.08968194,1027.9999279373874
86052656.74800222,1026.9668143755455
86058155.2172523,1025.8745623372743
86063653.61340907,1024.940116891673
86069151.9058776,1023.8888471776993
86074650.12817155,1022.8356639946498
86080148.37149808,1021.81507998444
86085646.88739285,1020.4966886052198
86091145.13424186,1018.6102587758833
86096643.54128252,1016.9764766675166
86102142.04889363,1015.6517719668002
86107640.42043999,1014.6386918489025
86113138.75518268,1013.7111490527969
86118637.04327251,1012.8736743515674
86124135.0801471,1012.009154952372
86129633.19811821,1010.8091262683921
86135131.55948877,1009.4605456572663
86140629.97797707,1008.495299339013
86146128.16645658,1007.4819183906159
86151626.31148878,1006.5792990269874
86157124.3107426,1005.5336515429547
86162622.27600938,1004.5180497097531
86168120.34975642,1003.4592550547407
86173618.58831902,1001.9718651329304
86179116.60717973,1000.0133532951863
86184614.8041112,998.5297844520971
86190113.08221975,997.3366032218255
86195611.19488683,996.3842066453179
86201109.30326489,995.5012123905958
86206607.29546098,994.6973190825431
86212105.0454298,993.794990061323
86217603.02905382,992.5076919382847
86223101.19137737,991.2412446370563
86228599.31483603,990.2755019621973
86234097.232448,989.2730928955713
86239595.13850702,988.338807379979
86245092.9122165,987.296947616095
86250590.66774775,986.335364673866
86256088.62982835,985.2150448417112
86261586.55747785,983.5236568590972
86267084.38448285,981.6425889047024
86272582.40428784,980.1859504164354
86278080.42896308,979.1217702957897
86283578.31965303,978.2251457435666
86289076.21022457,977.330907107525
86294573.92308493,976.5655248634084
86300071.48047635,975.58272416018
86305569.32411383,974.1926044124061
86311067.31405397,973.034600558423
86316565.18099122,972.0380129361165
86322062.87765884,971.0801615291512
86327560.53229006,970.1748028377276
86333058.08774292,969.1758060566704
86338555.6378775,968.2057056351429
86344053.4701519,966.997875218854
86349551.09008078,965.1037907553934
86355048.79304105,963.3942836772201
86360546.62778004,962.023265453872
86366044.37382399,961.0621302255165
86371542.07355678,960.2502810586122
86377039.71571873,959.4385265631056
86382537.11504692,958.6852079572014
86388034.51333879,957.6047806260003
86393532.22200203,956.3263443834215
86399029.95620127,955.3190344087598
86404527.52692957,954.3563895450719
86410024.98643947,953.5172435991635
86415522.36588034,952.6026412482587
86421019.696219,951.6533240808408
86426517.07839201,950.6653693331435
86432014.67564663,949.3245700586267
86437512.03637362,947.3658867795352
86443009.53647766,945.7737704000514
86448507.1613989,944.5450009306721
86454004.61722174,943.6374396917828
86459502.08355671,942.87554709543
86464999.45705976,942.077771122672
86470496.56119022,941.3249268155548
86475993.81900203,940.1150973174562
86481491.34572236,938.8627200183714
86486988.85016671,937.8198132909315
86492486.1544161,936.9376532403028
86497983.38835943,936.0360641522186
86503480.52113876,935.135780800857
86508977.62358117,934.2542293072732
86514474.86591364,933.2367816704955
86519972.14119294,931.7094064687668
86525469.29348539,929.827569639257
86530966.59403382,928.3388884404532
86536463.9659132,927.2381866299997
86541961.15198198,926.3865171921839
86547458.3745565,925.6743560891434
86552955.43021528,925.0065428895775
86558452.26426345,924.1812608422683
86563949.37664811,922.8887916083024
86569446.69506292,921.8832911697874
86574943.84437338,920.9026228412854
86580440.84217942,920.1412674498532
86585937.77432613,919.2849943284173
86591434.5949691,918.3783723607396
86596931.42228399,917.5549899086009
86602428.50217447,916.4370342688126
86607925.41858739,914.7255211818801
86613422.34567334,912.9990395041497
86618919.40952583,911.6315747611084
86624416.45770204,910.6765449757345
86629913.38307422,909.8524330675259
86635410.2974093,909.166245994749
86640907.02027291,908.5439435598535
86646403.62940632,907.6294549885224
86651900.54762976,906.3111370069523
86657397.60245791,905.2901824964551
86662894.44462997,904.3230919497358
86668391.20343377,903.6317960791716
86673887.86133246,902.7597532963055
86679384.44479588,901.9113434189835
86684881.05575213,901.1055466488585
86690377.92619373,899.9167087782055
86695874.48805979,898.0374267054524
86701371.22860317,896.4743616181754
86706868.08422738,895.2271348335269
86712364.8099274,894.3609926349104
86717861.51174532,893.6209405322666
86723358.16115975,893.0180848520085
86728854.5573678,892.436292003285
86734351.01350935,891.428449396019
86739847.75589441,890.1225510460761
86745344.5440104,889.3147864960815
86750841.06754638,888.4797096982145
86756337.5627379,887.8097028639665
86761833.90669173,887.0075116768655
86767330.21919008,886.2415664104481
86772826.63777928,885.419945857522
86778323.20094983,884.0348319283412
86783819.51968724,882.1890407421506
86789316.02256334,880.7984625984121
86794812.62672056,879.7380195609014
86800309.07523756,878.9911821211668
86805805.51681742,878.3358406253324
86811301.85320461,877.8062700701258
86816797.92263,877.2051603186196
86822294.21862866,876.1039961749208
86827790.72538865,874.9783788638665
86833287.19648847,874.2273849408718
86838783.42765413,873.4709017911653
86844279.64399382,872.8246632995601
86849775.72662061,872.0396015811485
86855271.79432045,871.3675523760592
86860768.07515062,870.4824548466252
86866264.26303573,868.987547135079
86871760.35094059,867.2621444399282
86877256.62994255,865.9589710494033
86882752.94448717,865.1008030938904
86888249.12398534,864.4227497564577
86893745.3007129,863.7831952157838
86899241.31223232,863.3456273787049
86904737.1398325,862.6889353055525
86910233.26752914,861.4820451795408
86915729.53368786,860.5704477198329
86921225.67278363,859.7222358122926
86926721.64602694,859.0794732482614
86932217.59017055,858.4614723359323
86937713.42817146,857.7525178922283
86943209.25961056,857.1046828500032
86948705.36072953,856.1311639114851
86954201.21402426,854.378472128682
86959697.15042745,852.911089388921
86965193.22995625,851.7113541979033
86970689.24727091,850.9715014883534
86976185.2289384,850.4079649776697
86981681.13486579,849.8744364931574
86987176.82036515,849.5378498224161
86992672.46342018,848.781115213618
86998168.43907045,847.6951632196333
87003664.46424866,846.9054822882188
87009160.30602397,846.2089703484119
87014656.02516922,845.72688777745
87020151.6663159,845.1246139413186
87025647.24407268,844.4898629791132
87031142.88813984,843.8363978847057
87036638.74063763,842.7597807938332
87042134.31239711,840.9362259223763
87047630.01953797,839.5688727231643
87053125.87366049,838.5446532780804
87058621.5863341,837.9649454445674
87064117.30625036,837.4386568489997
87069612.92855255,837.0140322785089
87075108.29929753,836.6839636022219
87080603.79556376,835.8653152973131
87086099.59058525,834.8348965015161
87091595.33245455,834.13093196498
87097090.87800692,833.5194063569111
87102586.35144882,833.0084980818208
87108081.73613577,832.4625735663512
87113577.09300947,831.9518583927262
87119072.59318757,831.2910708322397
87124568.13089666,830.0469637830519
87130063.45410664,828.3698684640672
87135558.95831409,827.1370634280889
87141054.56335205,826.2938251059732
87146550.00540565,825.814323518308
87152045.49912761,825.4223650365122
87157540.8291461,825.1295413386879
87163035.92055808,824.7812383388299
87168531.28457557,823.8762309504968
87174026.84993361,823.0003629422113
87179522.3094525,822.3319929300235
87185017.5862155,821.8441075678675
87190512.78247496,821.4094336779935
87196007.8865744,820.941128593339
87201502.98051539,820.5178584623636
87206998.32460013,819.7358545885495
87212493.47753051,818.3391847770959
87217988.61860263,816.7875932066954
87223483.91712348,815.6977353464213
87228979.21650697,815.061881626697
87234474.42946598,814.6828419867929
87239969.64732403,814.3413779628595
87245464.64785509,814.1841988074825
87250959.51032276,813.7614044033346
87256454.6980893,812.8852500985238
87261950.03707618,812.2055862232135
87267445.17313127,811.7136326141285
87272940.1577406,811.3657014355585
87278435.07799521,811.0119881811763
87283929.93755609,810.614996034901
87289424.81243727,810.2477086263317
87294919.92797805,809.4001339143667
87300414.74474822,807.9523208501768
87305909.65774983,806.7190468694569
87311404.73626958,805.7633707533162
87316899.7143432,805.2738869186169
87322394.68376873,805.0482236137381
87327889.58448504,804.788453254127
87333384.2420198,804.7448454161363
87338878.91804749,804.2123999173778
87344373.88980955,803.4647115550134
87349868.92216115,802.9081414832895
87355363.70502898,802.5541533829305
87360858.4213276,802.2512199290213
87366353.02734011,801.9425852174152
87371847.61105506,801.6702640210553
87377342.27694246,801.2834263298384
87382837.07107706,800.3267427840585
87388331.57760252,798.9093956085364
87393826.25665824,797.7877706348684
87399321.08076052,797.051900651328
87404815.74220788,796.6748135234134
87410310.4476333,796.4825143068629
87415805.05460681,796.3755113893326
87421299.38212423,796.3523762291484
87426793.87662089,795.7079941317875
87432288.65287884,795.0105040334661
87437783.3476809,794.5351985592887
87443277.85690942,794.3073019215853
87448772.30352785,794.0557807569783
87454266.62603882,793.8211036118269
87459760.94591524,793.6829364041919
87465255.4687373,793.2308107867935
87470749.89007035,792.1386699787829
87476244.20944326,790.8073767825537
87481738.66294347,789.8947095839742
87487233.21049656,789.3789451913428
87492727.62579635,789.1206287422917
87498222.07066445,789.107079806718
87503716.35211737,789.169626691197
87509210.4089336,789.1141635604251
87514704.74636303,788.4659608514871
87520199.28303887,788.1288632438307
87525693.64496942,787.7805829726603
87531187.8639497,787.7306735839189
87536682.00457947,787.6274739754144
87542176.06100897,787.4924416563294
87547670.13305023,787.428142418531
87553164.47988132,786.8745958984061
87558658.52713695,785.7076946737461
87564152.65464891,784.6179012867951
87569646.92125435,783.8335846071839
87575141.16988216,783.5295869657721
87580635.348911,783.4675494060003
87586129.52256368,783.4294831967434
87591623.48183838,783.6508473381373
87597117.34288533,783.52302126829
87602611.50742292,782.9159822903529
87608105.83489247,782.6685562405921
87613599.90125212,782.4207822506205
87619093.89743747,782.4307722351514
87624587.78127111,782.3344115219263
87630081.63403223,782.3104093425936
87635575.53380828,782.3040424171761
87641069.64376283,781.6710880768132
87646563.4334531,780.5295481135629
87652057.34738946,779.6450442694063
87657551.43040164,779.0506692682613
87663045.39823096,778.891091360796
87668539.35853371,778.9536514506636
87674033.27037323,779.117085596316
87679526.91606303,779.4434301301258
87685020.62227048,779.1990534908069
87690514.6402884,778.8296695974693
87696008.65947074,778.6170641125458
87701502.44079795,778.5604199771822
87706996.18944363,778.628185089354
87712489.77603622,778.638639876347
87717983.35419662,778.7531308908785
87723477.08652698,778.6682663229144
87728970.85540217,777.8643230795484
87734464.39651379,776.7908675912422
87739958.10333896,776.0517406866384
87745451.94034348,775.6743367199524
87750945.624502,775.6564708488875
87756439.35576259,775.8353026947693
87761932.97938634,776.1465288086881
87767426.3314224,776.491371870613
87772919.89539999,776.1432808300749
87778413.69817276,775.970101082416
87783907.41647074,775.852818414839
87789400.92931294,776.0687631595871
87794894.38058047,776.1851659199351
87800387.72077082,776.3295559486882
87805881.07084613,776.5536062363169
87811374.66150843,776.4074993177034
87816868.04591602,775.5440956360223
87822361.39080864,774.7227587362623
87827854.8760496,774.1524984657176
87833348.43459392,774.0535345388251
87838841.87851864,774.1737790635116
87844335.3306168,774.4966195611637
87849828.61216454,774.9585918930643
87855321.70499301,775.2696927172501
87860815.07993028,774.9742486653436
87866308.63076103,775.0283072142795
87871801.98747633,775.0136518572667
87877295.20609301,775.391134858635
87882788.35389622,775.5805759297646
87888281.42308365,775.8055829261275
87893774.51350938,776.1262226255353
87899267.86998099,775.847384985178
87904760.89256701,775.024743748709
87910253.9842482,774.3475391211502
87915747.25732958,773.9625993130484
87921240.49050866,774.0610643976893
87926733.67815185,774.2997277811419
87932226.84495877,774.6735474581892
87937719.79262775,775.3084036685162
87943212.67802195,775.5173976078531
87948705.84956908,775.2536563956
87954199.12533878,775.3442280564213
87959692.14283933,775.530488925453
87965185.12127633,775.894927805773
87970677.96599099,776.1891706814407
87976170.7804068,776.5650820021115
87981663.67564484,776.9163718063044
87987156.7352083,776.5212596530855
87992649.4718187,775.7878221793362
87998142.36498529,775.3159755571883
88003635.41912708,775.1117308841342
88009128.34333873,775.3366311061131
88014621.31442754,775.729617834241
88020114.20380144,776.2909720442126
88025606.82114093,777.0142816776213
88031099.53975134,777.1018127534977
88036592.52256157,777.1150724901338
88042085.512437,777.3383524372052
88047578.23947854,777.7318763427311
88053070.94253927,778.1672828529158
88058563.50345911,778.6014543629976
88064056.04524289,779.119431480231
88069548.78552936,779.3361671830453
88075041.47065945,778.8576129781211
88080533.98462838,778.2432333948072
88086026.66132899,777.9251277736981
88091519.46967053,777.9902734023644
88097012.13731074,778.3224206005951
88102504.83513154,778.8793429627094
88107997.41455054,779.5642289392636
88113489.7453808,780.278496738139
88118982.28533274,780.3861417629744
88124475.06670822,780.6475791634941
88129967.71595618,780.9579025450244
88135460.1744684,781.5974234025165
88140952.59104307,782.0622114181194
88146444.88571325,782.5503019559892
88151937.19446991,783.1647269226737
88157429.77480336,783.3134676683065
88162922.09435856,782.8211944190143
88168414.42364787,782.4060232731284
88173906.89097819,782.229037879833
88179399.40769865,782.5012480957862
88184891.84108266,782.9714891290196
88190384.27679563,783.6406738615167
88195876.5395292,784.5087952783997
88201368.63677867,785.1521513111991
88206861.01163964,785.1816639882837
88212353.55335079,785.6056275546493
88217845.86561756,786.0005538038522
88223338.09214702,786.6222613663961
88228830.22338516,787.1688934898891
88234322.30192827,787.7782212307764
88239814.41295148,788.4548930637625
88245306.77222364,788.4487428639134
88250798.76379402,787.9956598496456
88256290.87153217,787.7524416258132
88261783.15545908,787.7442594347718
88267275.37425569,788.1884271794247
88272767.57969941,788.8443224740718
88278259.75701566,789.5476310152426
88283751.68913041,790.5300997359772
88289243.60251805,791.0644605343123
88294735.79182296,791.2064389198067
88300228.07061026,791.7070546725618
88305720.0575415,792.2697042232332
88311212.02549405,792.9910103965974
88316703.85501707,793.6430312775358
88322195.66402885,794.3986622504461
88327687.5861678,794.9889189281287
88333179.5926943,794.9058664462158
88338671.32031026,794.4639658064464
88344163.20270367,794.3945570348955
88349655.25026225,794.5847341771666
88355147.17006895,795.1332125861559
88360639.1313697,795.8661522228597
88366131.00915289,796.7360200866467
88371622.62090829,797.7815484341429
88377114.3581469,798.1809902829046
88382606.36464126,798.5488396132282
88388098.30658211,798.9903564393992
88393590.03500494,799.7910037626934
88399081.71643676,800.5182996788905
88404573.26370865,801.2658001157251
88410064.79306856,802.1276798136465
88415556.54727586,802.6208646893233
88421048.15899144,802.5004294863036
88426539.6695304,802.3074519447243
88432031.30579372,802.3423443690356
88437523.0657033,802.7448695935387
88443014.71883117,803.4802795131443
88448506.3984954,804.3576248540016
88453997.94382142,805.3865923177539
88459489.2594179,806.3898465875404
88464980.79668608,806.7849692373989
88470472.56161003,807.3960721335409
88475964.14939326,808.0311176998955
88481455.57998405,808.965547746719
88486946.94863299,809.7877480781376
88492438.217009,810.6242317624594
88497929.49130048,811.5519059552175
88503421.02628769,811.9053001169444
88508912.26551451,811.7743102358045
88514403.55361064,811.7498771488636
88519894.98271953,811.9224081476123
88525386.43492661,812.5065765908388
88530877.8347046,813.3352856394079
88536369.24022165,814.221963336224
88541860.44644324,815.3902693550299
88547351.5317249,816.3173266636597
88552842.88766812,816.758380358144
88558334.37408869,817.4800702459904
88563825.62529409,818.2254150051677
88569316.81951883,819.1566981620913
88574807.9091932,820.0162397087461
88580298.95486246,820.9379954084541
88585790.03675525,821.8685341662781
88591281.32943976,822.1333474321964
88596772.29360543,822.1007151700444
88602263.33978108,822.2121165720519
88607754.57843219,822.5366540379779
88613245.73671839,823.2715981497845
88618736.92022206,824.2325970607516
88624228.05718158,825.2059854823679
88629718.9472897,826.464277386037
88635209.8469047,827.2343912991544
88640701.01731299,827.7915062555646
88646192.21465129,828.4526569976546
88651683.20854342,829.3588634281361
88657174.1317446,830.2862095006708
88662664.9580208,831.2399135148619
88668155.75935608,832.2768950449964
88673646.69111925,833.0934301924453
88679137.63863091,833.2962470476948
88684628.35614097,833.2517021666674
88690119.20107105,833.4878209418325
88695610.21645111,833.9823744006612
88701101.1086916,834.8551401748798
88706592.07271849,835.8316998156602
88712082.91466461,836.9152978006117
88717573.5201921,838.2089113088955
88723064.25397867,838.8822209416253
88728555.25124568,839.5927698899172
88734046.1577928,840.3060347584666
88739536.88127613,841.357283444217
88745027.5493228,842.349620423835
88750518.11856242,843.3730584830255
88756008.65752852,844.4692640439898
88761499.42530957,845.1506526422218
88766990.03375533,845.2655566346762
88772480.55064145,845.3692087106733
88777971.20480926,845.7092524552274
88783461.95404905,846.3737163855731
88788952.62938815,847.3533884558999
88794443.33780766,848.3848764274297
88799933.89020991,849.645426738429
88805424.24649768,850.8732263843301
88810914.830995,851.5337485963964
88816405.62389924,852.2039147596196
88821896.25563543,853.1392307919668
88827386.72082222,854.2208996460901
88832877.13885285,855.2845110168741
88838367.4657115,856.3525570377391
88843857.78954314,857.4811902172978
88849348.35283484,858.0417595004294
88854838.62360322,858.2217007819664
88860328.90960129,858.479733527329
88865819.36667925,858.9386886587397
88871309.8295289,859.8323142329752
88876800.28751239,860.9098055252866
88882290.70375738,861.9943023793824
88887780.92073146,863.3815207887396
88893271.05071133,864.4861415487803
88898761.45639059,865.2230283822026
88904251.93284298,866.1190205344321
88909742.21476641,867.1600761532188
88915232.40335913,868.326506588907
88920722.51018576,869.4389677856673
88926212.55182098,870.5596392753205
88931702.64476758,871.624065744208
88937192.92382729,872.109697078572
88942682.88366891,872.2710710803303
88948172.92844279,872.6852769877601
88953663.15766938,873.2745775042928
88959153.30980727,874.2779134954203
88964643.51898904,875.3659915456624
88970133.62831335,876.519347019949
88975623.5342791,877.9865683580874
88981113.46387053,878.9846341156866
88986603.61838172,879.738209701007
88992093.79619005,880.6936097304653
88997583.77449921,881.7985497615152
89003073.70493864,882.9735055911652
89008563.55045429,884.1085288282036
89014053.35241663,885.3038986143972
89019543.30744575,886.2815752964416
89025033.25283647,886.7442167370529
89030522.95797913,887.0097321001053
89036012.79765281,887.5745146311218
89041502.79509936,888.3312336289046
89046992.70783363,889.4157618179494
89052482.65518782,890.5075574901566
89057972.48430459,891.8073793810834
89063462.1010263,893.237399731484
89068951.86092837,894.1394545058221
89074441.82834768,894.9181986025809
89079931.73724067,895.95645749048
89085421.4253612,897.1427423770066
89090911.13620467,898.3050699092712
89096400.71718444,899.4437937027421
89101890.26801811,900.7131615651986
89107380.0620277,901.5598600287915
89112869.65269803,901.8925191433127
89118359.1504043,902.306699190585
89123848.81742968,902.8839010844372
89129338.5660444,903.8109653354135
89134828.26433524,904.9010648834435
89140317.94822621,906.0503728438545
89145807.52307293,907.4722337349244
89151296.91257025,908.794564570373
89156786.51176716,909.6081143454221
89162276.26510374,910.5225264376475
89167765.88345239,911.5749074432697
89173255.3428691,912.859432754929
89178744.78287497,914.0438449407743
89184234.1263479,915.2350340839735
89189723.47154571,916.5045935405396
89195213.07631853,917.1890840384376
89200702.32589304,917.5399725619974
89206191.65768312,918.0639733738924
89211681.14479424,918.7337017484037
89217170.62838788,919.7859052394215
89222660.1106858,920.8768862808458
89228149.5466189,922.0796225668953
89233638.81254448,923.5908134217411
89239127.99512625,924.7864427891079
89244617.42093551,925.5234059981401
89250106.95521146,926.5632857162391
89255596.25971285,927.6388542976966
89261085.54631114,928.9441915714724
89266574.71163169,930.1387100220078
89272063.8234956,931.3933370768614
89277553.0008061,932.5982584357706
89283042.32580066,933.1746941835277
89288531.3025745,933.6447775104178
89294020.41830999,934.3191491779728
89299509.70046228,935.076624486419
89304998.90198109,936.147125925911
89310488.14481762,937.3543593096722
89315977.31950192,938.652904093502
89321466.26952444,940.1813734203304
89326955.26508997,941.2329726492435
89332444.47110528,942.1355446891537
89337933.71679842,943.2033439766717
89343422.71160573,944.4628371911206
89348911.70325425,945.7188507666069
89354400.5675627,946.9623411139073
89359889.39523427,948.2784256327177
89365378.4031501,949.3166563741884
89370867.32376277,949.848550240667
89376356.08504304,950.3818716063456
89381844.96355405,951.0754992639697
89387333.98624909,951.9655739835157
89392822.90802026,953.0500506957245
89398311.86443165,954.2758223131814
89403800.73502547,955.6318546256626
89409289.39268726,957.0977141019953
89414778.17936485,958.0518210985169
89420267.19892587,959.0774907037016
89425756.08503084,960.1937729221193
89431244.82457863,961.5495236052216
89436733.51793602,962.7603315106328
89442222.11732247,964.0072627184899
89447710.70588359,965.3662961391981
89453199.54186215,966.2390948864315
89458688.13541137,966.7592183844188
89464176.7030722,967.4017334821493
89469665.3881236,968.1158748545672
89475154.14025591,969.0974026448578
89480642.85065013,970.2804858530435
89486131.58017474,971.5044344231218
89491620.15990433,972.947039774861
89497108.59234063,974.3026256970912
89502597.21045476,975.2150077183055
89508086.03649394,976.2370662813983
89513574.64803262,977.3710430277853
89519063.17474197,978.6961950641562
89524551.64619797,979.9492492342396
89530040.05671252,981.2174950636947
89535528.47196382,982.5242790005947
89541017.12021668,983.2802493011377
89546505.44446133,983.8759808183377
89551993.80971323,984.5596910267957
89557482.34125495,985.3237279333576
89562970.84194472,986.4111104192907
89568459.3648142,987.6459776190446
89573947.84413452,988.8643702419222
89579436.14273353,990.3785249434908
89584924.39546433,991.6037193311479
89590412.88574375,992.5561067165162
89595901.40970328,993.6211256292022
89601389.74901688,994.8575873668657
89606878.0273486,996.1324921448686
89612366.24111399,997.4046881965523
89617854.41680443,998.7098757037343
89623342.6695636,999.8964825023861
89628831.0301792,1000.5997277594855
89634319.10223517,1001.1237011732512
89639807.27496792,1001.9039159605106
89645295.62336186,1002.7574191965468
89650783.89581153,1003.9254891093176
89656272.22628522,1005.1528351816037
89661760.45218584,1006.4153285174714
89667248.49694636,1007.9401345674357
89672736.58395143,1009.0576345713689
89678224.8819188,1010.000720426216
89683713.15691482,1011.0859858393267
89689201.23689274,1012.3478091950594
89694689.31008656,1013.6565964023736
89700177.2907372,1014.9066307490498
89705665.23470719,1016.2380836419354
89711153.3643094,1017.304782557012
89716641.41616517,1017.973226922447
89722129.2801137,1018.5642070688095
89727617.27467445,1019.3848133284697
89733105.4006266,1020.339494446452
89738593.46069969,1021.5212421459645
89744081.53723387,1022.6894741713483
89749569.52857873,1024.0632078500998
89755057.32879905,1025.5176724574571
89760545.24237956,1026.4884602682891
89766033.34647278,1027.4559951280694
89771521.37898518,1028.5924270726355
89777009.21339454,1029.8785967101085
89782497.07396491,1031.1319737566562
89787984.82767251,1032.3679116180622
89793472.55548885,1033.7270409279515
89798960.52417141,1034.6658848660581
89804448.2364488,1035.2456133831163
89809935.91966982,1036.039503899792
89815423.74603586,1036.8379398377951
89820911.63436195,1037.8955506491616
89826399.49606855,1039.0490194124095
89831887.31952699,1040.2582056368651
89837375.03302774,1041.7111434983062
89842862.6102035,1043.0391454588848
89848350.36872225,1043.9396592570963
89853838.25193949,1045.0312418297906
89859325.95493436,1046.1273977297863
89864813.58871193,1047.4464417845588
89870301.15536201,1048.6611374163833
89875788.66076532,1049.929537826606
89881276.18424179,1051.2399198436979
89886763.93173225,1052.0055193599028
89892251.3226052,1052.5984808372068
89897738.81539728,1053.398473505756
89903226.46306747,1054.2347078495022
89908714.0857666,1055.3254707555175
89914201.71160917,1056.4744650210675
89919689.3147293,1057.6999818342092
89925176.74198313,1059.1559437597632
89930664.12533209,1060.3556593155186
89936151.70070699,1061.2660351356267
89941639.36153993,1062.3664613426704
89947126.77040876,1063.5394201359895
89952614.17376053,1064.8234350077964
89958101.47139718,1066.0493376465424
89963588.73648801,1067.34588093149
89969076.09813954,1068.5388284526107
89974563.5307735,1069.2272798370075
89980050.71312171,1069.8386781126878
89985537.9946527,1070.6628370141243
89991025.43924876,1071.5473065336396
89996512.80190237,1072.6325162481903
90002000.22337739,1073.8286555063173
90007487.57528232,1075.0877923936723
90012974.72622795,1076.5416827555796
90018461.92748648,1077.5927525804377
90023949.3434226,1078.5673113599114
90029436.72253461,1079.5614934410858
90034923.91788115,1080.8232982049044
90040411.08138494,1082.0464075160721
90045898.16979861,1083.2919913562428
90051385.21402717,1084.618391404279
90056872.45020719,1085.6357534730705
90062359.55754296,1086.345893105727
90067846.54574451,1087.0545505183186
90073333.62874295,1087.8758167066126
90078820.83792906,1088.8224567342693
90084307.99244422,1089.97310327959
90089795.17260894,1091.1277548295686
90095282.24127162,1092.4532750921044
90100769.13765733,1093.8406715214796
90106256.15712322,1094.8216301808502
90111743.36965553,1095.8039429212758
90117230.44526553,1096.9165531736246
90122717.37275942,1098.1748569583024
90128204.27044047,1099.390244822986
90133691.08184879,1100.6112391309468
90139177.86102387,1101.92004627621
90144664.86629952,1102.807519106721
90150151.63843279,1103.4287736077827
90155638.36893566,1104.194944845744
90161125.25024267,1105.0109583944845
90166612.17917709,1106.038777236993
90172099.1123399,1107.2011870229812
90177586.00212133,1108.326167368246
90183072.76796551,1109.7072304656729
90188559.4238229,1110.9778968098756
90194046.26388454,1111.9185590695492
90199533.19787468,1112.9828994006143
90205019.96148998,1114.0848529618645
90210506.63255337,1115.3588037352629
90215993.25797886,1116.5648667069408
90221479.80019952,1117.772296526048
90226966.3619558,1119.0111166065842
90232453.14751981,1119.775667853218
90237939.60465981,1120.3725684099757
90243426.1308411,1121.1975519303035
90248912.80948521,1122.044798520259
90254399.47881009,1123.1140960124633
90259886.16286959,1124.1949116276649
90265372.79684113,1125.3672111735589
90270859.27794027,1126.7649977030774
90276345.72253779,1127.9173066900348
90281832.36763498,1128.7690836295842
90287319.06046166,1129.8532171874244
90292805.5279517,1130.9599488955957
90298291.9763193,1132.212575915998
90303778.32515953,1133.3875454784973
90309264.63291444,1134.6227337515513
90314751.04678053,1135.7592185461385
90320237.52190605,1136.4275308386088
90325723.75082247,1137.0743988366025
90331210.07830434,1137.9372021578124
90336696.55939391,1138.8239899695811
90342182.9786986,1139.886941463456
90347669.41946802,1140.9990867615581
90353155.79883836,1142.2197885136375
90358641.99468055,1143.5828549837465
90364128.24922179,1144.5907500431197
90369614.69096406,1145.5608042802814
90375101.10875292,1146.5320572625612
90380587.32236673,1147.7549792619793
90386073.5103065,1148.9162559950946
90391559.60135175,1150.0838459389365
90397045.66044854,1151.3399382104155
90402531.91977884,1152.3188139072918
90408018.02886859,1152.9751633690084
90413504.03785107,1153.731894418977
90418990.1432471,1154.5525526126046
90424476.37054929,1155.4772861303402
90429962.54530917,1156.56646502293
90435448.73959874,1157.6840428422454
90440934.82275292,1158.929155808621
90446420.74794082,1160.2141269908743
90451906.78978007,1161.1549408250348
90457393.02675207,1162.1528189489416
90462879.10188162,1163.1988164630066
90468365.0499814,1164.4340630409397
90473850.94488654,1165.571499539528
90479336.76280431,1166.727066821125
90484822.55777189,1167.9579305498658
90490308.56806888,1168.7787059653194
90495794.34639663,1169.4148240959746
90501280.09866112,1170.167324129919
90506765.98613307,1170.9711187292514
90512251.91909939,1171.9381574232507
90517737.85191698,1173.0269263867376
90523223.76413712,1174.0882983578076
90528709.54429738,1175.3665650872192
90534195.23035274,1176.5490835618193
90539681.0879251,1177.4679015144839
90545167.03378491,1178.477284970587
90550652.8109875,1179.5426718147123
90556138.48778416,1180.7292186705936
90561624.12715855,1181.8700688096153
90567109.69199781,1183.00275100676
90572595.27297628,1184.1636153758961
90578081.06125224,1184.888362507315
90583566.54504131,1185.5096066926044
90589052.07224151,1186.3150800874807
90594537.7487541,1187.1333466986853
90600023.42259698,1188.1517642550612
90605509.12060794,1189.1678136846679
90610994.75448242,1190.2495693400851
90616480.24761169,1191.5481806776065
90621965.71212669,1192.6208124586024
90627451.38021229,1193.4495130624853
90632937.0731698,1194.449266948288
90638422.56454293,1195.4973287758553
90643908.02173366,1196.6635032537254
90649393.38468884,1197.754137032263
90654878.7044156,1198.9030953872684
90660364.12864242,1199.960624292554
90665849.60828416,1200.6015443680874
90671334.84010483,1201.2323850295825
90676820.16894571,1202.072140370426
90682305.64819321,1202.9176228441945
90687791.0761739,1203.9207064551733
90693276.51780546,1204.944558014888
90698761.89631692,1206.074024324362
90704247.1103807,1207.3265063011559
90709732.381496,1208.268765044149
90715217.8210392,1209.186644086064
90720703.24586211,1210.108728352941
90726188.46117023,1211.2433474231664
90731673.65419951,1212.324205925634
90737158.74514544,1213.3974603041138
90742643.80304067,1214.5594599459605
90748129.05517155,1215.4697750113842
90753614.15665853,1216.0784967742397
90759099.15861702,1216.8118264817083
90764584.25382012,1217.5978708184775
90770069.469932,1218.4693831889058
90775554.63891217,1219.4736847266067
90781039.82177871,1220.5043019304203
90786524.90065296,1221.6501812111353
90792009.8331665,1222.822902084658
90797494.87404417,1223.6989213537183
90802980.1007248,1224.629294113296
90808465.16949186,1225.598868640888
90813950.11490795,1226.7461517219554
90819435.00632949,1227.7936862667482
90824919.82050113,1228.8565526802222
90830404.61165923,1229.9930568844998
90835889.60800456,1230.7472834263672
90841374.37404525,1231.3451292447032
90846859.11580287,1232.0627360948617
90852343.98641108,1232.8247107248094
90857828.90464585,1233.7214225421185
90863313.82586826,1234.7172361055118
90868798.7264766,1235.6921951952995
90874283.50156713,1236.8583171435303
90879768.19082457,1237.9355023330677
90885253.04123533,1238.7887047979946
90890737.9794866,1239.7196846126544
90896222.75126697,1240.6990709801894
90901707.42615165,1241.7912414273237
90907192.05579479,1242.8301390070458
90912676.61306323,1243.8669436109146
90918161.18466997,1244.9354182568688
90923645.95729035,1245.5983093518648
90929130.43064472,1246.1802353391279
90934614.94702424,1246.939561435449
90940099.60418586,1247.704405835509
90945584.26488681,1248.636321126611
90951068.9491253,1249.5621253178826
90956553.57370114,1250.5512417936013
90962038.06530845,1251.7279594823613
90967522.5280833,1252.7037306297989
90973007.18030214,1253.4630406648123
90978491.87065615,1254.384567846067
90983976.35646485,1255.346138392929
90989460.81074446,1256.4153604553217
90994945.16480441,1257.4064274816612
91000429.47132327,1258.454377767871
91005913.8757493,1259.4227132976753
91011398.33043097,1260.0021875959278
91016882.54615541,1260.5889931491015
91022366.85390447,1261.3717316904158
91027851.30622993,1262.1508988951673
91033335.70754892,1263.050864718915
91038820.12787408,1263.984755970656
91044304.49043198,1265.0072282348392
91049788.69350877,1266.1394888169843
91055272.94862536,1266.992975573505
91060757.3714753,1267.8305318594169
91066241.77273613,1268.654710426555
91071725.98053282,1269.6970281141978
91077210.15731144,1270.6730386070233
91082694.24056993,1271.6497529130656
91088178.2813738,1272.7131425957493
91093662.50111459,1273.5357346364667
91099146.57727611,1274.1051580209935
91104630.55564024,1274.7776304866543
91110114.61512865,1275.5074862293363
91115598.79068515,1276.2999880327034
91121082.92893174,1277.2076289703334
91126567.0845009,1278.1299486461994
91132051.13813676,1279.1665186992977
91137535.05299777,1280.227054846761
91143019.06601325,1281.0251605712679
91148503.25651006,1281.8426514377004
91153987.30638194,1282.7340052791249
91159471.22043821,1283.7535005345112
91164955.09756306,1284.7100337280383
91170438.89006303,1285.6699479088634
91175922.64880541,1286.7057974496524
91181406.60351646,1287.3969127488674
91186890.33681862,1287.9239397997248
91192374.0259315,1288.592829059473
91197857.8464126,1289.2966784226373
91203341.71923983,1290.1206113700596
91208825.60659899,1291.0190281590035
91214309.44898576,1291.8959684093127
91219793.18538716,1292.9526740020344
91225276.8365733,1293.9204910728613
91230760.64096195,1294.6819944779795
91236244.53451368,1295.524152991049
91241728.26694156,1296.3916453780873
91247211.91214086,1297.3827054900837
91252695.50073814,1298.3055922113526
91258179.01930138,1299.2418187662324
91263662.54810175,1300.2182009829357
91269146.2740917,1300.8060605223204
91274629.68966268,1301.3155673202605
91280113.17678565,1302.0154551691812
91285596.79164469,1302.7181809028773
91291080.41033521,1303.5451078205638
91296564.04203123,1304.36191772868
91302047.63805932,1305.264185213414
91307531.10303144,1306.3088576876687
91313014.53705716,1307.1836435280024
91318498.12781464,1307.8745940256933
91323981.7950028,1308.7076796820747
91329465.23689355,1309.5828118093523
91334948.66076678,1310.5411341926422
91340431.97616692,1311.4245362479003
91345915.24428318,1312.3732679422596
91351398.59688164,1313.2516313063898
91356881.9950907,1313.7684463189885
91362365.16461852,1314.2955793138258
91367848.42321044,1314.995720532576
91373331.82071395,1315.693131691594
91378815.16693802,1316.4830711226023
91384298.56249613,1317.3367739062558
91389781.88937716,1318.232056349108
91395265.06356266,1319.2471684331067
91400748.2756164,1320.0110767598171
91406231.66678305,1320.7475001658165
91411715.02324694,1321.4690358503074
91417198.22508077,1322.3929517721112
91422681.37986952,1323.2689221410515
91428164.45709082,1324.150349510235
91433647.489051,1325.1064875910477
91439130.67543368,1325.8457130067368
91444613.7550347,1326.3814982813697
91450096.70491825,1326.9516079156188
91455579.73287986,1327.6253021728699
91461062.87721124,1328.3348784979646
91466545.99775042,1329.1435378412632
91472029.13248226,1329.9437582257965
91477512.18226312,1330.8661853415183
91482995.10007754,1331.8188611370833
91488478.09762143,1332.525085879673
91493961.2682068,1333.21196962817
91499444.34130351,1334.0097835807221
91504927.24900666,1334.9044919580947
91510410.16759259,1335.761150007344
91515892.98418517,1336.6052287389202
91521375.76648763,1337.544548449158
91526858.74124633,1338.1849442799873
91532341.47618073,1338.6508247389809
91537824.18623967,1339.294909388628
91543307.02759752,1339.9253001574896
91548789.9274241,1340.6692367015014
91554272.8228232,1341.4378338548431
91559755.68016583,1342.2403181265609
91565238.45339835,1343.184666329871
91570721.13199629,1344.0435522267128
91576203.9396894,1344.688375692169
91581686.86445908,1345.4372268903699
91587169.62833442,1346.193832924054
91592652.32607336,1347.084891360443
91598134.95788051,1347.8918089014583
91603617.53660212,1348.724069477565
91609100.11176649,1349.6149523690035
91614582.86889292,1350.1277780455364
91620065.3275893,1350.6221572129052
91625547.84795955,1351.2421619581419
91631030.49341013,1351.8699003314664
91636513.12790518,1352.5955209751
91641995.77637349,1353.343107968404
91647478.40760994,1354.123819604683
91652960.90982845,1355.0409293524106
91658443.39221017,1355.810685166205
91663926.02748644,1356.4800056929957
91669408.72643602,1357.1876432020247
91674891.23058379,1358.0099685162213
91680373.68245173,1358.8387458669827
91685856.06521893,1359.6326608253319
91691338.40241557,1360.4774279906417
91696820.80242041,1361.268111974287
91702303.26269737,1361.7422156878852
91707785.4819823,1362.2039392099261
91713267.7729931,1362.8290122179412
91718750.21125364,1363.4492071808572
91724232.60651381,1364.1774553477608
91729715.04539673,1364.9272004584527
91735197.40277442,1365.704466700953
91740679.64153568,1366.6095918514957
91746161.9061669,1367.3128721130322
91751644.31500024,1367.9445336253623
91757126.71696755,1368.6298391824148
91762608.94659404,1369.4477967781452
91768091.15958236,1370.2676932103896
91773573.2960725,1371.0267572043244
91779055.38246024,1371.8608472807525
91784537.62629369,1372.5337181813293
91790019.79021357,1372.9559198763932
91795501.79023848,1373.4531891232211
91800983.89420643,1374.0671943203822
91806466.1111301,1374.7140357319217
91811948.29871842,1375.4023374639853
91817430.48177642,1376.1039357858417
91822912.611473,1376.913822633786
91828394.61673257,1377.7515657581698
91833876.69294679,1378.373550534355
91839358.94104499,1379.024906160097
91844841.09341013,1379.7279890084073
91850323.10138184,1380.5650719902192
91855805.08043969,1381.3061347355879
91861286.98517768,1382.0479148164243
91866768.86766444,1382.8869347040404
91872250.93787892,1383.4447716764967
91877732.7913641,1383.8540366282348
91883214.62008813,1384.426589619676
91888696.52719647,1384.9839806143846
91894178.4987733,1385.6123358769696
91899660.4564256,1386.2951315344005
91905142.41836676,1386.996489101259
91910624.2768502,1387.811844137729
91916106.05004959,1388.5702436532233
91921587.93658823,1389.1586797113223
91927069.98846143,1389.768262679954
91932551.86694793,1390.4643000637946
91938033.66467999,1391.2595481273243
91943515.40539253,1391.9895076830733
91948997.08205593,1392.7184418898369
91954478.74481103,1393.504728480894
91959960.5987565,1393.9529625973953
91965442.17438282,1394.3687558320207
91970923.77217335,1394.9056068263521
91976405.48400974,1395.452875478838
91981887.20769249,1396.107889962352
91987368.96556006,1396.7817201166288
91992850.65180148,1397.4590964198826
91998332.2322907,1398.284413227798
92003813.78363106,1398.9648288398912
92009295.49982391,1399.508668182946
92014777.25503981,1400.151905923161
92020258.82984851,1400.8262665115885
92025740.36245988,1401.5966959400173
92031221.8158494,1402.2893439486504
92036703.21063332,1403.021313005127
92042184.6492336,1403.73176124446
92047666.18415536,1404.1267153043077
92053147.43612099,1404.547804492051
92058628.77803256,1405.1178731281034
92064110.24418595,1405.6567345012245
92069591.68402725,1406.2760898991633
92075073.15474543,1406.9287215461086
92080554.56422952,1407.624212742638
92086035.83939226,1408.418668621308
92091517.14031266,1409.0190338498708
92096998.57945174,1409.582163935713
92102480.03620666,1410.1716617873335
92107961.30952823,1410.9101947315119
92113442.53861183,1411.601422668778
92118923.68663958,1412.2801578914489
92124404.77987382,1413.0219997307563
92129886.00527336,1413.6113052337014
92135367.15243599,1413.983572605147
92140848.16263911,1414.412037327596
92146329.23963638,1414.9348734576906
92151810.43393525,1415.4776500121627
92157291.58549213,1416.0839220696284
92162772.78230338,1416.7255000001132
92168253.88160463,1417.41518496954
92173734.8697516,1418.154794930714
92179215.92164172,1418.696193099165
92184697.15639395,1419.2302898225264
92190178.29965241,1419.8406964418436
92195659.29249744,1420.5478838032125
92201140.27786309,1421.2024016628543
92206621.17816766,1421.84744982677
92212102.03788507,1422.5815416095918
92217583.07261261,1423.0693773820421
92223063.92865016,1423.3926338160215
92228544.71187586,1423.8445053211346
92234025.61289433,1424.337588869709
92239506.5817497,1424.903102239391
92244987.54979299,1425.4796887317498
92250468.48755302,1426.0662205412673
92255949.36206199,1426.7797089203466
92261430.14481975,1427.4484132104715
92266911.02855621,1427.9445179091622
92272392.03720537,1428.4979902194068
92277872.92186868,1429.0866073824861
92283353.69814643,1429.8136448110306
92288834.43152377,1430.4337005383413
92294315.09964214,1431.0594448683762
92299795.75077479,1431.7686069359283
92305276.59282084,1432.1529040768703
92310757.14293401,1432.5032145663088
92316237.73410916,1432.9651818774896
92321718.43479697,1433.4414669484386
92327199.14800386,1434.0034947319264
92332679.87068535,1434.5670056295744
92338160.57378326,1435.1660812984312
92343641.16494855,1435.8690520896553
92349121.71656688,1436.4637698429071
92354602.39911646,1436.9520580514154
92360083.15984592,1437.4781538297793
92365563.74614184,1438.0894437792185
92371044.28391571,1438.7525150785432
92376524.76163545,1439.3604533035884
92382005.20834567,1439.9936646263998
92387485.68107712,1440.6185741874538
92392966.272368,1440.9431874375318
92398446.61484665,1441.2848563533016
92403926.99859385,1441.7567177456676
92409407.50890683,1442.219337257852
92414887.99648385,1442.7671795043268
92420368.52942462,1443.3290621378364
92425848.99097125,1443.906982914296
92431329.35231821,1444.6009466775695
92436809.72536151,1445.1365053662246
92442290.22600342,1445.6141495688505
92447770.77043815,1446.140890230505
92453251.13585252,1446.7720975154164
92458731.46988027,1447.4053113235848
92464211.7157259,1447.9826368091103
92469691.92232808,1448.6152372338615
92475172.24934193,1449.1523640952562
92480652.54622678,1449.450519615472
92486132.65226027,1449.8122633105554
92491612.83891311,1450.2925944668068
92497093.13872752,1450.7558751783154
92502573.40683141,1451.258247375476
92508053.6829198,1451.7950865103073
92513533.9035776,1452.3986121382998
92519014.00251451,1453.042945733029
92524494.16493878,1453.4941888881738
92529974.4812338,1453.9741709815028
92535454.74993795,1454.448490326876
92540934.87458509,1455.1050228282413
92546414.96686786,1455.6779776423302
92551894.97329642,1456.2388632742238
92557374.93967567,1456.8787721843291
92562855.0693835,1457.3029084010975
92568335.04965653,1457.5596840456178
92573814.94953306,1457.9483565025134
92579294.93256131,1458.3735918666694
92584774.99038061,1458.8383826172835
92590255.03648108,1459.3510741827504
92595735.08585179,1459.878796447742
92601215.0318216,1460.4888089138979
92606694.89146751,1461.0797325440428
92612174.84850956,1461.5179687892935
92617654.96040666,1461.936496916691
92623134.94106683,1462.443973415612
92628614.79087126,1463.0406627004024
92634094.63624147,1463.6011982084494
92639574.40533864,1464.1436875469126
92645054.1461409,1464.763384302511
92650534.06609651,1465.117084853319
92656013.72730522,1465.382722653254
92661493.38729489,1465.8005021223767
92666973.1484673,1466.2109585803319
92672452.94099495,1466.6913589679768
92677932.75165653,1467.1595743456198
92683412.5303721,1467.672180394963
92688892.21149941,1468.2901101686598
92694371.83601181,1468.8086487208495
92699851.58061238,1469.191669216653
92705331.42482688,1469.6650196069213
92710811.10431829,1470.15807692563
92716290.73806658,1470.749904556844
92721770.29349373,1471.2533800156327
92727249.81308912,1471.803046958301
92732729.34090735,1472.3781341346953
92738208.99454147,1472.6398734527338
92743688.37682344,1472.9601514078631
92749167.82410948,1473.3592814522808
92754647.38424797,1473.749922565252
92760126.91394582,1474.2108643145648
92765606.48432456,1474.6955066599194
92771086.0079987,1475.1963551295694
92776565.40904628,1475.7939012548618
92782044.81880213,1476.2450550292065
92787524.38133286,1476.6582177028013
92793003.97029753,1477.0666568545116
92798483.41091806,1477.6071166251725
92803962.80671856,1478.1480924982316
92809442.1459175,1478.6446564978987
92814921.43899472,1479.1874193441927
92820400.81979513,1479.6648473648197
92825880.20832783,1479.9182394555114
92831359.38110547,1480.1915809009145
92836838.6262088,1480.5967531549556
92842317.99354963,1480.9898957438331
92847797.33310845,1481.4551838313484
92853276.68060152,1481.9006972236098
92858755.96247526,1482.4156809250026
92864235.14475554,1482.975611965829
92869714.38149844,1483.3899862492217
92875193.72495702,1483.7909309672061
92880673.06437391,1484.2223876830842
92886152.21918501,1484.7730403699363
92891631.36349785,1485.286185834
92897110.4158891,1485.7605595796344
92902589.42226201,1486.3133265735476
92908068.58833851,1486.7033700950835
92913547.62904699,1486.8976292488585
92919026.55602458,1487.2438061042744
92924505.55555312,1487.6093592082482
92929984.6446252,1488.0050989158997
92935463.70278913,1488.4391540537445
92940942.77098864,1488.8983586015959
92946421.74999255,1489.4211777209657
92951900.63257934,1489.9333879568653
92957379.59686178,1490.2972705880502
92962858.72495583,1490.6996112434892
92968337.71986891,1491.13352350811
92973816.5882453,1491.673635846007
92979295.42266355,1492.158122245213
92984774.1818976,1492.6205631737791
92990252.9091208,1493.1579924163452
92995731.80615008,1493.447195653527
93001210.49881144,1493.637334472575
93006689.15344845,1493.9565881393746
93012167.9198101,1494.3043062260733
93017646.72724535,1494.707758385648
93023125.55814244,1495.1245185350367
93028604.33692081,1495.5476602748327
93034083.03986342,1496.0815417749766
93039561.6811938,1496.533589366582
93045040.44378513,1496.8722415117552
93050519.29361981,1497.273255589546
93055998.00132759,1497.687176968123
93061476.64344525,1498.201711154265
93066955.23073693,1498.6387800617636
93072433.76430532,1499.0945005104145
93077912.29639058,1499.5979241982748
93083390.98930115,1499.806630164779
93088869.38920173,1500.0208484759848
93094347.86159906,1500.3613950474876
93099826.43736681,1500.6968694627594
93105304.99601813,1501.0790966042464
93110783.57108234,1501.464089797287
93116262.12796313,1501.8844537939062
93121740.57143916,1502.3918778364023
93127219.00661911,1502.7833298988935
93132697.57206927,1503.1331101360229
93138176.19059609,1503.4909241822368
93143654.62199739,1503.958107233153
93149133.01482546,1504.4286444850748
93154611.34297891,1504.858078008751
93160089.63009052,1505.3225363422573
93165567.97497602,1505.750720621496
93171046.36490434,1505.9424772895693
93176524.5283203,1506.1439612302522
93182002.75875485,1506.4787698294222
93187481.1120099,1506.7989103706695
93192959.43532954,1507.1848831108614
93198437.78820741,1507.575540738878
93203916.0644035,1508.0005380116827
93209394.23994413,1508.492256671188
93214872.45317124,1508.8477883361124
93220350.78965525,1509.1642453262662
93225829.13394935,1509.5330906406948
93231307.29301697,1509.9952467723022
93236785.44375972,1510.453182051065
93242263.50768717,1510.8553642885508
93247741.52749093,1511.317179401419
93253219.69908106,1511.6543001411849
93258697.77846672,1511.79390214582
93264175.73364025,1512.034833548006
93269653.77168001,1512.3473821015014
93275131.89991416,1512.6763304603858
93280609.98384169,1513.016658505825
93286088.08465677,1513.3994002467423
93291566.1235099,1513.8353219896549
93297044.06089962,1514.2786265408095
93302522.06580903,1514.5809713921158
93308000.23829842,1514.9170314718438
93313478.30409786,1515.2780671010346
93318956.24426195,1515.7422236724815
93324434.15445858,1516.1414029703649
93329911.99243431,1516.526431891646
93335389.79152252,1516.9952677706451
93340867.76585521,1517.2382857983675
93346345.55766217,1517.3738948850546
93351823.29487433,1517.6214667218508
93357301.12164529,1517.9073109138142
93362778.99964583,1518.2311020544128
93368256.89772911,1518.569733525576
93373734.76352099,1518.9122729880341
93379212.54479109,1519.3604584523166
93384690.25558335,1519.756002406572
93390168.07108587,1520.0304339446204
93395645.98376662,1520.329486274077
93401123.78934294,1520.682796996992
93406601.48523642,1521.1427460205311
93412079.1529589,1521.5182771181803
93417556.75403649,1521.8962429092248
93423034.33929037,1522.3389446022964
93428512.10672866,1522.5054018267167
93433989.58521621,1522.6493369573018
93439467.11740917,1522.9133890850653
93444944.75206257,1523.181765966567
93450422.38743788,1523.5109235752584
93455900.03441733,1523.830611478561
93461377.6580753,1524.1819949750554
93466855.17950565,1524.6165421592423
93472332.67283824,1524.952623950203
93477810.28710446,1525.2166585643736
93483287.9841092,1525.5070547802798
93488765.50748074,1525.8775585791043
93494242.98503782,1526.2870171279626
93499720.40711239,1526.639813579428
93505197.80099252,1527.0261295294727
93510675.22607906,1527.406457845415
93516152.76043864,1527.530951162557
93521630.05901583,1527.6738998612072
93527107.39863127,1527.9452187504228
93532584.85081837,1528.2022067485998
93538062.27860375,1528.5206554380916
93543539.7467326,1528.841878974611
93549017.14002278,1529.1827071246037
93554494.44353268,1529.6058793599166
93559971.77008678,1529.9019640874535
93565449.21550758,1530.1667513085445
93570926.69930404,1530.4677835236098
93576404.00444114,1530.852048066678
93581881.28542413,1531.2396047774375
93587358.4777435,1531.578147076052
93592835.63135241,1531.9618831443704
93598312.89639881,1532.2672585107055
93603790.13006222,1532.3594233417316
93609267.19745164,1532.5315188372492
93614744.33596587,1532.801157790762
93620221.56938328,1533.0566927486057
93625698.76585127,1533.3290797510367
93631175.98979212,1533.6421613049538
93636653.13938206,1533.9950006905235
93642130.16920702,1534.3827387774454
93647607.25717945,1534.6179036399642
93653084.49967428,1534.8875793626114
93658561.66786374,1535.1448990593094
93664038.71792318,1535.5469368539866
93669515.73372886,1535.8867146476011
93674992.6768475,1536.2101924029798
93680469.57294346,1536.605906068597
93685946.62618513,1536.821749503433
93691423.53919746,1536.8894060695088
93696900.3601126,1537.07136696041
93702377.27927572,1537.302322253211
93707854.26437429,1537.5674317302219
93713331.23684365,1537.8488410767648
93718808.19880214,1538.132507392988
93724285.08952288,1538.5011058861603
93729761.89548647,1538.8438737194392
93735238.78711538,1539.0610806734958
93740715.8123495,1539.2864262209264
93746192.74436413,1539.5515231318657
93751669.55332778,1539.9379558053995
93757146.35278466,1540.249258033005
93762623.09013872,1540.5455526487629
93768099.81234163,1540.9409092889634
93773576.72193895,1541.0853200668207
93779053.37614629,1541.161062099326
93784530.06278887,1541.3778697381968
93790006.82038005,1541.5935686758628
93795483.59935607,1541.8496612750846
93800960.37689956,1542.1027497175005
93806437.15119873,1542.3879252451447
93811913.82657285,1542.74975101054
93817390.46217725,1543.0378701259233
93822867.21036138,1543.253906610549
93828344.05445956,1543.5137288014648
93833820.744887,1543.8135678488643
93839297.36444339,1544.1722823509392
93844773.92815702,1544.467299817435
93850250.43963423,1544.780309420331
93855726.96573412,1545.1203408758556
93861203.6409373,1545.204246321849
93866680.04920426,1545.2962828936147
93872156.49498248,1545.5160913401594
93877633.04106085,1545.7167974137062
93883109.58190696,1545.9771979109125
93888586.15220802,1546.226142665556
93894062.64600208,1546.5089930134598
93899539.03836215,1546.8719134866992
93905015.42906845,1547.1183766126082
93910491.94895329,1547.27913723163
93915968.53705354,1547.5231222585126
93921444.92898804,1547.8204441470239
93926921.30987307,1548.164080438073
93932397.59723283,1548.4399410418134
93937873.84190705,1548.7567334426403
93943350.16417468,1549.0318016101064
93948826.5079232,1549.0768245129714
93954302.64875153,1549.1652166231017
93959778.87014063,1549.372450989972
93965255.19584091,1549.5687840961646
93970731.47810622,1549.7964160590427
93976207.80678536,1550.0461992066546
93981684.06433867,1550.3276103067017
93987160.209642,1550.6607185313683
93992636.40297455,1550.863095813587
93998112.74808775,1551.0485091931062
94003589.05769014,1551.2445289583006
94009065.22941518,1551.553848132359
94014541.37074026,1551.8410262352656
94020017.4606047,1552.109709910742
94025493.5087202,1552.4320202755814
94030969.69904447,1552.63611227703
94036445.8108463,1552.6699378608782
94041921.76526375,1552.7908046719594
94047397.81483315,1552.9898015775084
94052873.9440173,1553.199880600892
94058350.04410362,1553.4266976105744
94063826.13751435,1553.6510529511563
94069302.18007103,1553.9462560691798
94074778.12915389,1554.2387165676769
94080254.15068398,1554.4154701262933
94085730.3189195,1554.6198609881035
94091206.40152399,1554.8453996436263
94096682.35600173,1555.1829904531087
94102158.27272499,1555.4480741675563
94107634.12183441,1555.6908441925625
94113109.94098192,1556.0220049766965
94118585.93878014,1556.1443475947794
94124061.73500842,1556.1729325714869
94129537.50347525,1556.3276730665075
94135013.33495212,1556.4931938736202
94140489.21012813,1556.6854848666449
94145965.09033789,1556.904726913937
94151440.95078853,1557.1344088092433
94156916.69996668,1557.4375254698778
94162392.38953924,1557.6879990116727
94167868.18641031,1557.8503322529207
94173344.09246877,1558.0047192606003
94178819.88214584,1558.2376047733962
94184295.56612924,1558.5417495514187
94189771.22116648,1558.7928086641036
94195246.80383559,1559.0384874311972
94200722.3736931,1559.3387668634618
94206198.1233631,1559.3864930177908
94211673.59030609,1559.4080272883928
94217149.11028998,1559.5602108842668
94222624.73180142,1559.715486880527
94228100.3476249,1559.9192375765178
94233575.97898471,1560.1075430673643
94239051.58048695,1560.3323405235358
94244527.07635713,1560.6322664538518
94250002.54822014,1560.8352687797703
94255478.145442,1560.9671893665568
94260953.84336215,1561.1337272049357
94266429.34864499,1561.3666199043066
94271904.82390782,1561.6420257253944
94277380.23515195,1561.8558370022279
94282855.61997367,1562.120876979885
94288331.04353666,1562.375142432184
94293806.56073293,1562.390086963203
94299281.85803367,1562.4258145026934
94304757.19451436,1562.5829138994588
94310232.63790534,1562.7277142362875
94315708.04799654,1562.9206214835986
94321183.50550944,1563.1160957745246
94326658.88704005,1563.3312147289125
94332134.17585579,1563.6153940006136
94337609.49501203,1563.7864278571676
94343084.9419017,1563.9405198028394
94348560.41359358,1564.1207849364823
94354035.71098903,1564.3750511697503
94359510.9822403,1564.6354195800416
94364986.16396187,1564.8484504561213
94370461.30778229,1565.1063963704516
94375936.56485732,1565.289926874227
94381411.79025234,1565.2753775471067
94386886.85084394,1565.3393433652923
94392361.98574384,1565.4966729642476
94397837.20952517,1565.6417718585064
94403312.39198333,1565.798408812404
94408787.60003462,1565.9926775624353
94414262.73201576,1566.2231885820463
94419737.74339917,1566.4776399203295
94425212.81949325,1566.5983491465008
94430688.05586357,1566.7530718504893
94436163.20724551,1566.903423120762
94441638.23939522,1567.1772131971686
94447113.23597781,1567.3953079102218
94452588.16153838,1567.5962514284433
94458063.03935227,1567.8673608953598
94463538.07499537,1567.9747214469355
94469012.96497186,1567.9398184211632
94474487.76889026,1568.011545770327
94479962.67112646,1568.1365835279503
94485437.63753663,1568.294633311634
94490912.58646412,1568.4582087223753
94496387.5174708,1568.6316687372255
94501862.38126738,1568.8742004401665
94507337.1627394,1569.0897454852275
94512812.03553309,1569.1973188526024
94518287.04301436,1569.3325509780811
94523761.94564754,1569.480825192721
94529236.73404247,1569.759527014468
94534711.49265574,1569.9530569278666
94540186.19115882,1570.133205222951
94545660.87836035,1570.4043553888575
94551135.75128594,1570.4424955367617
94556610.37986748,1570.42144705892
94562085.03350672,1570.512987092528
94567559.75764823,1570.6218343005498
94573034.49540947,1570.766335581585
94578509.24325736,1570.9255027740128
94583983.97276418,1571.094619210223
94589458.59868547,1571.335026095278
94594933.19235043,1571.5070010897387
94600407.91093026,1571.6245474221314
94605882.72029206,1571.77202328235
94611357.37339294,1571.9544936678872
94616831.9431874,1572.1942484694198
94622306.46126269,1572.372964266649
94627780.92266707,1572.5689690480601
94633255.39119431,1572.79484524495
94638730.01131374,1572.776702120009
94644204.35764675,1572.7418846092214
94649678.77981028,1572.8587242062147
94655153.29405239,1572.9661174385255
94660627.79534674,1573.1070304536033
94666102.3097533,1573.2355351260344
94671576.7811168,1573.4122044416622
94677051.13669075,1573.6464388711515
94682525.49402982,1573.7816258471762
94687999.97158572,1573.8718832442355
94693474.52906817,1573.992945549307
94698948.8806848,1574.2036276160052
94704423.19922933,1574.4152100737397
94709897.44813354,1574.579435393019
94715371.6573429,1574.787868060667
94720845.92906913,1574.9581238231567
94726320.23394331,1574.924473009817
94731794.31993279,1574.9124589853045
94737268.48723008,1575.0152236317656
94742742.76391394,1575.1110991266482
94748216.99905312,1575.2536314883907
94753691.26807638,1575.394417982197
94759165.45700002,1575.5723225566362
94764639.54267484,1575.7873599063569
94770113.68313955,1575.9014401156114
94775587.95452881,1575.990495861348
94781062.21658555,1576.124874686764
94786536.29141471,1576.334939301484
94792010.35443151,1576.5393357330724
94797484.32740493,1576.6909560181327
94802958.25773992,1576.9014950396388
94808432.33834887,1577.0024776071712
94813906.33225866,1576.9254115451715
94819380.20861134,1576.951545475524
94824854.16332948,1577.040245369019
94830328.19531778,1577.142791169796
94835802.17288254,1577.2588910234067
94841276.17781243,1577.4146069541725
94846750.09989679,1577.5977586444858
94852223.92170687,1577.7810618785902
94857697.82878464,1577.8664889708066
94863171.90013804,1577.9677878309205
94868645.87071191,1578.082726795818
94874119.70144413,1578.2937843153582
94879593.49873684,1578.4530186710695
94885067.227305,1578.5936207452678
94890540.91646369,1578.8142393892253
94896014.77694795,1578.8570215844984
94901487.47896422,1576.3466896993073
94906967.02021126,1574.1904316738833
94912445.70661886,1574.269817730411
94917925.50353087,1567.7237016931656
94923409.23209083,1567.7999285427222
94928892.69931568,1567.4961158227295
94934381.88088408,1562.3589674743553
94939870.10550086,1561.9419016746906
94945364.49101216,1557.1019510713763
94950857.8177198,1556.4381231975601
94956357.31867927,1552.1393743830895
94961855.30560353,1551.3773876196447
94967359.74902879,1547.6031375287218
94972863.12958838,1547.7880655678532
94978366.50454406,1548.0269818487022
94983870.05974673,1548.0298655388108
94989373.3610249,1548.00111922863
94994876.71112019,1548.093953260751
95000380.16450067,1548.194576347287
95005883.61651325,1548.3423976891995
95011387.09959342,1548.4992484821262
95016890.51549134,1548.6613680744938
95022393.83362283,1548.9042266863644
95027897.16588773,1549.0477518175512
95033400.65791453,1549.1594153295498
95038904.17222,1549.2928402856176
95044407.52729957,1549.4964697463386
95049910.82549088,1549.7108927399581
95055414.06060226,1549.8815613538627
95060917.25565633,1550.0868896113943
95066420.51948501,1550.259981156786
95071923.82781222,1550.2374560839617
95077426.93054654,1550.2224882550272
95082930.12313378,1550.3211711566294
95088433.42628706,1550.41734022417
95093936.68727483,1550.5507909606315
95099439.99331258,1550.6988966264103
95104943.23073183,1550.872406293902
95110446.35966305,1551.0878229786783
95115949.5601579,1551.1872336959239
95121452.93292268,1551.2931682643325
95126956.27292891,1551.3830663868653
95132459.46711463,1551.6015184823218
95137962.62477742,1551.7662149199157
95143465.70997036,1551.9291332582657
95148968.75895521,1552.1588542160785
95154471.96240175,1552.2514982042603
95159975.04768081,1552.1834070656512
95165478.05375998,1552.2356525449966
95170981.13546976,1552.319272896133
95176484.29509255,1552.4323746778894
95181987.42915414,1552.5560635874895
95187490.5585825,1552.7114067069604
95192993.60883133,1552.907683065771
95198496.58420373,1553.080542057674
95203999.67170122,1553.1605142828307
95209502.90516858,1553.269187181432
95215006.0304384,1553.3792057771732
95220509.03988816,1553.6013545318272
95226012.03205657,1553.7524263767534
95231514.96340656,1553.8944441992705
95237017.88573281,1554.1207919960673
95242520.99931218,1554.1362354880325
95248023.8567047,1554.0710563846578
95253526.75108746,1554.125591580651
95259029.74727441,1554.198839393668
95264532.76144865,1554.3132190539245
95270035.79859114,1554.4317754511871
95275538.79333042,1554.5655705416982
95281041.68730383,1554.776646453095
95286544.56262186,1554.9054205203279
95292047.59565735,1554.9628560942365
95297550.71399812,1555.0697875527903
95303053.65695354,1555.216893627098
95308556.5308628,1555.4223673053627
95314059.3453006,1555.5670252248738
95319562.12066726,1555.7268315917204
95325064.93142176,1555.8942776075055
95330567.8630365,1555.8437211132702
95336070.57504098,1555.7798203050233
95341573.34503996,1555.8531355998216
95347076.2272694,1555.9214086292177
95352579.07418829,1556.0298358493033
95358081.97171132,1556.1452013558057
95363584.80592406,1556.2816077945772
95369087.53478308,1556.4718071497878
95374590.3128467,1556.5559507059866
95380093.2548083,1556.640071983125
95385596.20047633,1556.7137848419998
95391098.99246341,1556.8826238214604
95396601.74631427,1557.0283707951546
95402104.44835147,1557.162436773546
95407607.10591505,1557.3546437534346
95413109.89233695,1557.4360109700895
95418612.61335818,1557.3632491909648
95424115.22946197,1557.3432949487005
95429617.93177544,1557.3992517387826
95435120.7160517,1557.4724363119585
95440623.45511128,1557.5714596819598
95446126.2229847,1557.704187005799
95451628.91144529,1557.8620098813742
95457131.50748385,1558.0172804728652
95462634.20863508,1558.085589356518
95468137.07366343,1558.168608976144
95473639.8548103,1558.256322608505
95479142.50332616,1558.4544584063851
95484645.10519508,1558.58323964617
95490147.64531465,1558.7009031228595
95495650.17024316,1558.89602745251
95501152.87792155,1558.9133426901196
95506655.35696001,1558.8267523640852
95512157.85060327,1558.868400080653
95517660.44637991,1558.909173484805
95523163.07292508,1559.0027609471063
95528665.68720204,1559.0844238534496
95534168.2813381,1559.2068618948126
95539670.7872377,1559.3845004059174
95545173.24795656,1559.498455936132
95550675.85649116,1559.5294772299962
95556178.58690073,1559.6113866349904
95561681.16043863,1559.7084736135962
95567183.65383402,1559.8764128655937
95572686.09342515,1559.9857467371323
95578188.48428187,1560.1135342599935
95583690.88779593,1560.2778554682732
95589193.44446754,1560.2119765747327
95594695.75745486,1560.1082041366592
95600198.1501969,1560.1543315793037
95605700.64032367,1560.194137427408
95611203.11533497,1560.2843303923642
95616705.62715985,1560.3803482453427
95622208.06275487,1560.4916577721485
95627710.38799514,1560.665701259175
95633212.74813825,1560.7405792695467
95638715.28302553,1560.7749855463996
95644217.84385574,1560.825980996949
95649720.25281672,1560.9527232224505
95655222.61278169,1561.0938201747772
95660724.90994976,1561.1919172428254
95666227.17072111,1561.342606974351
95671729.53029245,1561.4302308154538
95677231.89186454,1561.3539726061065
95682734.06673744,1561.2908705780037
95688236.33886297,1561.3285745396165
95693738.71110524,1561.3703637839337
95699241.03688803,1561.440850443661
95704743.41215317,1561.5330237818152
95710245.70682803,1561.6476209864127
95715747.89362736,1561.790329148882
95721250.16913588,1561.8237321455708
95726752.63448222,1561.8700978407326
95732255.01266466,1561.9262488522031
95737757.26705205,1562.0958257567906
95743259.4686896,1562.204118286804
95748761.59588677,1562.3002546960938
95754263.69294915,1562.4624421220578
95759765.96253194,1562.4763999965905
95765268.06282802,1562.3558848847288
95770770.13874097,1562.340301193225
95776272.29363793,1562.3655246685803
95781774.50084054,1562.4180949630336
95787276.68520008,1562.4836033269066
95792778.86883159,1562.5886984915894
95798280.95994817,1562.7233345288466
95803782.98976362,1562.8259469993986
95809285.15154187,1562.8415099699912
95814787.44428238,1562.9135479954662
95820289.59667422,1562.9741216177588
95825791.65802248,1563.1453710423305
95831293.64992002,1563.2269582359822
95836795.59967576,1563.3212173332104
95842297.5425268,1563.4794351148137
95847799.66103853,1563.4098051224319
95853301.52347474,1563.2866708942192
95858803.45054778,1563.2951035043507
95864305.48290697,1563.3169379937908
95869807.50565533,1563.37571649735
95875309.542397,1563.4320885207148
95880811.54631978,1563.5225835164874
95886313.43496357,1563.671490699204
95891815.3266386,1563.7336461857487
95897317.38440083,1563.7191632698014
95902819.50661728,1563.7743270196077
95908321.45088807,1563.8611602052868
95913823.3463809,1564.000916572997
95919325.16211644,1564.0777269171788
95924826.92874737,1564.1914498367707
95930328.7686565,1564.281602454885
95935830.6765861,1564.1889141256552
95941332.35041724,1564.0895149438625
95946834.11826527,1564.1098755690352
95952335.99543308,1564.1273437647437
95957837.83081575,1564.1893539083192
95963339.69474956,1564.2523409861383
95968841.48561336,1564.350854071517
95974343.1663665,1564.4734987160105
95979844.9252225,1564.5120096093274
95985346.8437797,1564.5165057959439
95990848.73140854,1564.5448863533668
95996350.47659591,1564.6597570981294
96001852.1837828,1564.7478506766533
96007353.83379176,1564.8241779505697
96012855.45083973,1564.963085008132
96018357.21088569,1564.9830363698536
96023858.88789202,1564.8555152098347
96029360.46280521,1564.7822948953506
96034862.12768155,1564.7903029256095
96040363.86280277,1564.814453760756
96045865.57894427,1564.8538491327577
96051367.30590376,1564.930076018266
96056868.93344475,1565.0371546016563
96062370.47630158,1565.1288816553524
96067872.15389161,1565.136741309411
96073373.99153775,1565.147907136231
96078875.70322467,1565.192823238687
96084377.29019783,1565.3320681654022
96089878.81640126,1565.4087167167418
96095380.28049417,1565.4807704755654
96100881.73987238,1565.6141232467187
96106383.3926444,1565.5479815053852
96111884.81487602,1565.4134702625588
96117386.27571055,1565.3716051466702
96122887.81780149,1565.3715876562333
96128389.36910099,1565.4060426003216
96133890.91765392,1565.4439618905672
96139392.45382819,1565.4996188409054
96144893.88602819,1565.6181524435183
96150395.2983722,1565.6715189847453
96155896.86101632,1565.6465031173811
96161398.54825695,1565.6671461219705
96166900.04908127,1565.7228372792847
96172401.48957288,1565.8352173007488
96177902.86024056,1565.8799738750045
96183404.2031183,1565.9681387359744
96188905.57577553,1566.077926491477
96194407.06785385,1565.954079316042
96199908.31934166,1565.8094562154383
96205409.68067127,1565.8056589762955
96210911.14641277,1565.8023797864282
96216412.5741108,1565.8328788779374
96221914.01621224,1565.8762756738781
96227415.40998782,1565.9570704467494
96232916.67922756,1566.0622347911471
96238418.01117757,1566.0874025857158
96243919.51307033,1566.0867146760638
96249421.02750038,1566.1096654112355
96254922.3497897,1566.1927220450973
96260423.64178313,1566.2888940059952
96265924.84094597,1566.3341381991465
96271426.00895101,1566.4418992883423
96276927.31083699,1566.4705732963798
96282428.58875145,1566.325677948221
96287929.6929021,1566.2253792939805
96293430.90082732,1566.2249825131682
96298932.20215613,1566.2317435901111
96304433.45820576,1566.2741836457012
96309934.71728899,1566.3135193300236
96315435.90044391,1566.4048033781928
96320936.98078732,1566.4887812311736
96326438.18295881,1566.489170994486
96331939.55141321,1566.4589678141438
96337440.85440767,1566.4611351354056
96342942.00355355,1566.5640422348436
96348443.11861692,1566.622771971385
96353944.16105875,1566.6714456020234
96359445.17390333,1566.7848355336598
96364946.37175234,1566.7446512661209
96370447.3803774,1566.5751320408915
96375948.3858769,1566.4837487456145
96381449.49377365,1566.463998064263
96386950.62884605,1566.4689706539448
96392451.77121936,1566.5028020450193
96397952.90097271,1566.5453923940956
96403453.91165127,1566.6428840594644
96408954.87480168,1566.689540700921
96414455.99988367,1566.670615714279
96419957.25341372,1566.6682284014664
96425458.3372802,1566.7098473106153
96430959.31933546,1566.8121772157863
96436460.24042985,1566.8572759656051
96441961.11503562,1566.9113088116258
96447461.99575265,1567.0156279814123
96452963.03480671,1566.9012563554704
96458463.84423435,1566.7485814530332
96463964.70344734,1566.7104815210919
96469465.66927662,1566.6836826722465
96474966.6002971,1566.6958441168188
96480467.55194476,1566.73618774662
96485968.46670978,1566.7852367480712
96491469.25182118,1566.8720384926528
96496970.07416566,1566.8821950407382
96502471.04607265,1566.8604656247717
96507972.09954028,1566.8437713032454
96513472.95693913,1566.9175764847243
96518973.76275015,1566.9921927311789
96524474.48840773,1567.0235492554464
96529975.17247978,1567.109460811273
96535475.94328551,1567.144903310903
96540976.74852757,1566.9854382565488
96546477.3684781,1566.84722722091
96551978.09309846,1566.8234910586616
96557478.91004002,1566.8064494933
96562979.66736484,1566.8062605580433
96568480.45508122,1566.8445216724763
96573981.17446192,1566.9129049909634
96579481.75743961,1566.9818903534588
96584982.45059949,1566.9583276016458
96590483.29709335,1566.9425828771236
96595984.10678104,1566.9468672263995
96601484.73424633,1567.0425014081432
96606985.33177519,1567.0928131728353
96612485.82830127,1567.120203748901
96617986.30254842,1567.2149794482623
96623486.94745196,1567.194422904552
96628987.44575354,1567.0190481620175
96634487.88962153,1566.9098063029317
96639988.43714096,1566.8775407963626
96645489.0420803,1566.8823780453533
96650989.61362676,1566.8886396374542
96656490.17107157,1566.9219129314322
96661990.64254011,1566.9982501308134
96667491.03321764,1567.0428207972473
96672991.57341291,1566.9974695980384
96678492.24368128,1566.958307668082
96683992.81957151,1566.9527371439951
96689493.26423116,1567.0333748460755
96694993.68337835,1567.0680163709344
96700494.04065475,1567.0985420540626
96705994.37771012,1567.1956731122234
96711494.9148211,1567.1018682468812
96716995.21263716,1566.8965286650018
96722495.55741702,1566.8343108268882
96727996.00047691,1566.7939300239614
96733496.44088906,1566.7916076630945
96738996.89815287,1566.8184791215124
96744497.29635096,1566.8420253744869
96749997.5765737,1566.9263296400134
96755497.86024031,1566.937042332742
96760998.32199155,1566.8781619580266
96766498.85652675,1566.868027556725
96771999.20468709,1566.9083626362562
96777499.46320838,1566.991126485044
96782999.65846308,1567.0218136758547
96788499.81759435,1567.0675744248495
96794000.02945787,1567.112921182913
96799500.34113453,1566.9693682326586
96805000.45007865,1566.7673159198284
96810500.63473263,1566.716975457671
96816000.92957675,1566.679437633069
96821501.16575997,1566.6802838469619
96827001.43892531,1566.6911804286374
96832501.65200262,1566.7237138894925
96838001.73227109,1566.7864283715658
96843501.88823514,1566.7601058751452
96849002.23746736,1566.7126458997834
96854502.56021494,1566.6767819379802
96860002.71300867,1566.7331856293642
96865502.82288486,1566.7699658260228
96871002.87361534,1566.7873198137734
96876502.8823796,1566.8735951303267
96882003.02411863,1566.8487421203358
96887503.10700828,1566.66248094432
96893003.09631962,1566.511640428058
96898503.17929307,1566.4535503015106
96904003.33485842,1566.4271902323617
96909503.43451355,1566.428992798242
96915003.5595041,1566.467411346921
96920503.57632034,1566.5173127281942
96926003.49021605,1566.5585298889857
96931503.5539298,1566.517370481504
96937003.77799779,1566.4940858449977
96942503.88250166,1566.4597700863
96948003.85147856,1566.5529174427656
96953503.76134062,1566.571243556531
96959003.61191036,1566.5939779175474
96964503.44284955,1566.6721923501007
96970003.47504652,1566.5793357645032
96975503.29591121,1566.3844928759204
96981003.15070754,1566.297791674394
96986503.09169145,1566.2359301208498
96992003.04783137,1566.228052862734
96997502.97493125,1566.2245742971616
97003002.88627857,1566.254930976543
97008502.67621833,1566.3167468481588
97014002.4324204,1566.327100257358
97019502.35528737,1566.2450500508585
97025002.4181887,1566.2001768075347
97030502.29491271,1566.1904537360622
97036002.08726053,1566.2636822230363
97041501.81638919,1566.2705953472864
97047001.49908952,1566.2947591744319
97052501.19675784,1566.3632200565285
97058001.0482581,1566.216794961349
97063500.66408442,1565.999379443284
97069000.38479772,1565.9263965552789
97074500.20126799,1565.8760326411407
97079999.98131195,1565.8652170196206
97085499.77558613,1565.8575291067755
97090999.51041806,1565.8891868653775
97096499.11108747,1565.9512223840704
97101998.75514507,1565.9331849781443
97107498.56981288,1565.8489362668686
97112998.43400688,1565.833434537134
97118498.07831344,1565.8605530633213
97123997.6806721,1565.9238851265727
97129497.18699953,1565.9249091687375
97134996.65101622,1565.9785618202402
97140496.21977302,1565.9789229263165
97145995.82330783,1565.7944740834482
97151495.24679992,1565.6066755564188
97156994.778756,1565.553665251477
97162494.39955671,1565.5145808933494
97167993.95719208,1565.5162802626141
97173493.50910604,1565.520654302815
97178992.98053408,1565.551827398977
97184492.3384665,1565.5915720778164
97189991.8153169,1565.5561576432135
97195491.46801934,1565.481677573388
97200991.04605636,1565.4701672263484
97206490.44298674,1565.5253990686974
97211989.8203649,1565.5463820108341
97217489.11606853,1565.5493400616829
97222988.3770954,1565.6165368262007
97228487.81833565,1565.5510542094576
97233987.11943075,1565.343462255053
97239486.39294274,1565.1758015411601
97244985.77074218,1565.1088819614506
97250485.18430243,1565.080660829692
97255984.57237294,1565.0751384360856
97261483.94097689,1565.068148194744
97266983.20480534,1565.1200908541755
97272482.39362183,1565.1341324964171
97277981.75647222,1565.0631279017587
97283481.2508183,1564.99484847726
97288980.59175108,1564.9813189392078
97294479.82397445,1565.0296868247472
97299978.99917346,1565.0390663201438
97305478.1101986,1565.0463420695899
97310977.20714879,1565.1075011892722
97316476.50219135,1564.9809851306784
97321975.58339928,1564.7530250742511
97327474.70588367,1564.6560772321602
97332973.92887849,1564.586521202416
97338473.12422755,1564.5603938989118
97343972.32546538,1564.5719127486364
97349471.47519292,1564.580711541169
97354970.48747739,1564.6301246678647
97360469.52206123,1564.6118225461944
97365968.73450932,1564.5518985278682
97371467.99287532,1564.499054956967
97376967.06576607,1564.5237921257055
97382466.07136756,1564.5623454641934
97387965.0060355,1564.5528248786227
97393463.9104565,1564.5817476428938
97398962.88426456,1564.599556175191
97404461.9487637,1564.4224544468666
97409960.80745722,1564.209083013283
97415459.76718228,1564.1208071702833
97420958.829342,1564.059511534475
97426457.82021378,1564.0305874999365
97431956.83767088,1564.0274662023132
97437455.79611547,1564.0475249001108
97442954.59998171,1564.0824426459465
97448453.50083907,1564.023467003597
97453952.5958399,1563.9489065560651
97459451.64055498,1563.888800591002
97464950.5243225,1563.9328237274506
97470449.36231206,1563.9386027893192
97475948.11691535,1563.9256036542233
97481446.83840752,1563.9853206614746
97486945.7150266,1563.9334495115602
97492444.52128403,1563.6936231338498
97497943.2654951,1563.5066078693944
97503442.10570183,1563.4227658719735
97508941.00998917,1563.3776438273771
97514439.84856045,1563.3524241466528
97519938.69471835,1563.365399121286
97525437.44091679,1563.396194788982
97530936.08250234,1563.4132365774049
97536434.88850677,1563.3359774169803
97541933.83105214,1563.2874060344361
97547432.64852625,1563.2374902282243
97552931.34104127,1563.312530246084
97558429.97588177,1563.3008007942656
97563928.55001183,1563.2984037375895
97569427.11265224,1563.3569600203941
97574925.8879803,1563.243851926474
97580424.43180549,1563.006167077134
97585923.01496147,1562.8818935748654
97591421.70389125,1562.7992069928541
97596920.39354302,1562.7773269364236
97602419.04717414,1562.7592951939955
97607917.67387931,1562.762986687343
97613416.18199079,1562.8066211511712
97618914.65751834,1562.7946168650092
97624413.31211449,1562.688478071326
97629912.07555102,1562.6213245445772
97635410.65415832,1562.5986888437756
97640909.14551948,1562.6555678994087
97646407.57140157,1562.645549029155
97651905.94459055,1562.647784238297
97657404.34853926,1562.6858371748935
97662902.9149928,1562.5216952492328
97668401.24370652,1562.2493715954952
97673899.69417495,1562.148005282085
97679398.23809214,1562.0721322448492
97684896.73396151,1562.0537789520015
97690395.2500418,1562.0388569981292
97695893.69208796,1562.0517763305086
97701391.98952797,1562.0921350883389
97706890.34258105,1562.0560659208911
97712388.88479187,1561.951081487311
97717887.43326654,1561.9273524421199
97723385.76291981,1561.9445482143417
97728884.05115251,1561.9815163680341
97734382.2519129,1561.9641910812893
97739880.41575141,1561.999902153805
97745378.69161995,1561.9809936069867
97750877.0085647,1561.770546581633
97756375.1581383,1561.5396601372802
97761873.42076378,1561.4600729025503
97767371.76690808,1561.4041095597424
97772870.03927141,1561.3964862072944
97778368.30876692,1561.3935408420034
97783866.48590961,1561.4086685649108
97789364.54255947,1561.4312919996544
97794862.72996758,1561.3759863367395
97800361.07943827,1561.2884052292593
97805859.3486625,1561.2575792127132
97811357.43694896,1561.293555873347
97816855.51332182,1561.2977663203708
97822353.50879773,1561.2841939196783
97827851.47226703,1561.3349039856457
97833349.62858295,1561.2467497136404
97838847.65591994,1561.010821624501
97844345.66078033,1560.808209133641
97849843.77158748,1560.7187553529134
97855341.90654604,1560.6769570735578
97860840.00875966,1560.6666966652865
97866338.08842133,1560.6486500855003
97871836.05531575,1560.6862427919707
97877333.94759828,1560.6833171469557
97882832.02228554,1560.590908591438
97888330.22276327,1560.511900853005
97893828.26090522,1560.486397931863
97899326.19094414,1560.5161800128192
97904824.07324384,1560.511507147865
97910321.88862422,1560.5030700816612
97915819.69862019,1560.5426214490633
97921317.71978226,1560.4059403998435
97926815.53264074,1560.1359516039834
97932313.40089796,1560.0088206943346
97937811.36817344,1559.9188359336001
97943309.29274333,1559.8861533382026
97948807.22137111,1559.8925659839415
97954305.0942873,1559.892390700177
97959802.81910263,1559.9273720393942
97965300.57232459,1559.8952867008627
97970798.51243447,1559.8122824724344
97976296.47776611,1559.7618661360145
97981794.26532882,1559.7782897174652
97987291.97173375,1559.8018823347752
97992789.6111675,1559.7835522363096
97998287.21594545,1559.7972583930402
98003784.89677581,1559.7945212448496
98009282.68644643,1559.6013107499111
98014780.27917401,1559.3481078520645
98020277.97138737,1559.2361062468526
98025775.76640408,1559.1614529734518
98031273.47279784,1559.1304335091927
98036771.20444788,1559.1291704040134
98042268.87016988,1559.1349654288176
98047766.37526283,1559.1583508722456
98053263.98366609,1559.0870785624418
98058761.78312422,1558.9960147823647
98064259.52501896,1558.9317005316489
98069757.11209767,1558.9620252845361
98075254.64864954,1558.955484721254
98080752.11198588,1558.932990793162
98086249.54759894,1558.978632108526
98091747.13456522,1558.9136133718896
98097244.6542908,1558.6669870558812
98102742.12349461,1558.4400859686743
98108239.68908997,1558.3357232938035
98113737.311397,1558.274990076031
98119234.86403386,1558.251599709566
98124732.43321584,1558.26509993926
98130229.8785867,1558.2882976146084
98135727.21341453,1558.2938347117504
98141224.71893337,1558.193443345439
98146722.36095302,1558.1503644459244
98152219.85697913,1558.0981295874767
98157717.2389831,1558.1614413309744
98163214.55634561,1558.1390034888452
98168711.82020143,1558.1293082505385
98174209.07106434,1558.1689691042925
98179706.54004398,1558.0284631670106
98185203.81669335,1557.7678338470032
98190701.136061,1557.6156640303006
98196198.54527947,1557.5137259594417
98201695.94792113,1557.4761693216608
98207193.30331777,1557.4616717072654
98212690.64257619,1557.4670135754382
98218187.83647105,1557.4927698163926
98223685.00826699,1557.4714599452982
98229182.35197629,1557.3571066078891
98234679.79893771,1557.2910157574718
98240177.0590484,1557.2547901704925
98245674.25213508,1557.3028715009284
98251171.3780054,1557.2773747025183
98256668.45953403,1557.2721496461697
98262165.57329968,1557.2963442835608
98267662.8571629,1557.1225097692718
98273159.91091482,1556.847738579837
98278657.06923345,1556.7184499985947
98284154.33113359,1556.631923809601
98289651.52216813,1556.5977297039956
98295148.71549682,1556.578011757729
98300645.85921545,1556.5889362011062
98306142.84531574,1556.611423726065
98311639.89065066,1556.5624439820197
98317137.11907178,1556.4398900226251
98322634.35742684,1556.3986772916237
98328131.38477223,1556.4121144082023
98333628.38368607,1556.4353209624003
98339125.28092715,1556.4083702956368
98344622.14555389,1556.429393344071
98350119.12864606,1556.403349929945
98355616.16560559,1556.161122994696
98361113.05206384,1555.9007523910423
98366610.05032094,1555.7996857959038
98372107.12491247,1555.7354604370123
98377604.10821155,1555.6990851402793
98383101.10189986,1555.7032492320943
98388598.01096967,1555.7256366054226
98394094.77284737,1555.7354234306656
98399591.68526357,1555.6592701842642
98405088.73997732,1555.57333214556
98410585.73778795,1555.5330090545292
98416082.54755497,1555.5772715757096
98421579.3279891,1555.5735359884218
98427076.02060127,1555.542548790245
98432572.70353232,1555.5817011164127
98438069.59301732,1555.4915657150505
98443566.36082992,1555.2290533311163
98449063.08763018,1555.0139063619863
98454559.92991823,1554.9096214460378
98460056.79785372,1554.871965562404
98465553.6054886,1554.8544044892587
98471050.38871048,1554.8450456159758
98476547.0670058,1554.873556245519
98482043.66383821,1554.8615486648073
98487540.43287174,1554.7446524270013
98493037.3134312,1554.6952282357463
98498534.06472401,1554.6460211014783
98504030.6936258,1554.6792916763065
98509527.29989886,1554.656386076301
98515023.84532697,1554.6319288918357
98520520.39541714,1554.664021577683
98526017.16567759,1554.5209287994471
98531513.71122535,1554.2003753180725
98537010.35429339,1554.0437018785476
98542507.0932741,1553.9408707260263
98548003.7846441,1553.9111505715964
98553500.47996071,1553.9019332977264
98558997.11386931,1553.8994364676382
98564493.59929666,1553.9337983232952
98569990.10043463,1553.8977868243323
98575486.78478761,1553.7688119591035
98580983.53577173,1553.731502817939
98586480.09488775,1553.6990734347507
98591976.59873226,1553.7369293720785
98597473.02976014,1553.718062711594
98602969.41037503,1553.7077341765469
98608465.85632944,1553.6910490408782
98613962.45335104,1553.4872388993872
98619458.83073848,1553.1775430989346
98624955.33113028,1553.0628061454229
98630451.92013277,1552.9780280334294
98635948.42253156,1552.9673103528169
98641444.92269903,1552.9726685704775
98646941.33982933,1552.973108660043
98652437.60534586,1552.9937051336844
98657933.97597519,1552.935032332853
98663430.51037705,1552.8243662585853
98668927.0188946,1552.7955799002573
98674423.34109376,1552.8074911139386
98679919.64928728,1552.829325227475
98685415.86362827,1552.7906010579832
98690912.05344439,1552.8059848523455
98696408.39878114,1552.7541620366676
98701904.72440834,1552.50505573458
98707400.93138584,1552.2461450403548
98712897.2502299,1552.139237613477
98718393.63070348,1552.0824440062645
98723889.93491833,1552.070885874655
98729386.23818421,1552.0556698942569
98734882.43965195,1552.0757371252132
98740378.52180536,1552.080153153015
98745874.7683008,1551.9687432646228
98751371.15091534,1551.889468103211
98756867.41758803,1551.8486083824923
98762363.55182612,1551.8745956505304
98767859.66095698,1551.8671969590275
98773355.69290166,1551.8441575593263
98778851.69679533,1551.874092257142
98784347.92364392,1551.7476902058554
98789843.98505619,1551.4524398406825
98795340.04511134,1551.2490518186594
98800836.22136669,1551.1430008597495
98806332.38303547,1551.1046316242828
98811828.52454536,1551.1026311697753
98817324.63386542,1551.0865403816777
98822820.59581527,1551.1160758609026
98828316.52407143,1551.0912689948636
98833812.63650182,1550.9826997009006
98839308.8211729,1550.9320891121918
98844804.85143188,1550.9143332363635
98850300.77825873,1550.9562735690663
98855796.64701119,1550.9404463113258
98861292.46515825,1550.9283313778383
98866788.31347664,1550.9332673160147
98872284.36069736,1550.76409941732
98877780.18721691,1550.454231379853
98883276.09652738,1550.3064907039518
98888772.10675132,1550.2030120974896
98894268.04486468,1550.1857884318379
98899764.00569955,1550.1882539775443
98905259.8871512,1550.182618414378
98910755.60567433,1550.2083813275897
98916251.39252298,1550.1564927927736
98921747.3716278,1550.065123458375
98927243.3344114,1550.026667112416
98932739.12064755,1550.0371376576009
98938234.86021277,1550.0552099565182
98943730.53360614,1550.0273521744302
98949226.18386127,1550.0337640030073
98954721.93809512,1550.0040971709693
98960217.76587136,1549.7790103282623
98965713.43709376,1549.4851849348631
98971209.21433555,1549.3596088294994
98976705.07300235,1549.2827354296433
98982200.83003879,1549.2663426016943
98987696.62363568,1549.2782387983036
98993192.30463195,1549.2806906024498
98998687.84880638,1549.297377934445
99004183.53122142,1549.227125610573
99009679.38223584,1549.1308204543616
99015175.16223787,1549.0744430938917
99020670.79804155,1549.0990121007858
99026166.39260975,1549.0892046632414
99031661.92816414,1549.0659476597395
99037157.43340008,1549.0965748654364
99042653.13246293,1548.9988861819368
99048148.75431252,1548.7215056766568
99053644.32314193,1548.4761613037292
99059140.00612321,1548.3614728892428
99064635.71041633,1548.3098422107355
99070131.34619527,1548.3038330663358
99075626.98848991,1548.3112324838432
99081122.48869188,1548.3310842936583
99086617.90418394,1548.3242090127646
99092113.50517684,1548.218107467934
99097609.24136548,1548.1533280269655
99103104.83480945,1548.1266881161857
99108600.30819713,1548.1521757433243
99114095.73330012,1548.1438422217625
99119591.09407298,1548.1266660823067
99125086.45230664,1548.1487945658832
99130582.0291896,1547.993567856499
99136077.41418554,1547.6951052820946
99141572.85372162,1547.515411813159
99147068.38930139,1547.4049577590565
99152563.87865663,1547.385533390946
99158059.35257961,1547.3972188296439
99163554.77807131,1547.4082881342815
99169050.04140493,1547.4312392510844
99174545.31637013,1547.3981222152534
99180040.76933743,1547.3054472816552
99185536.28142056,1547.2641718698023
99191031.63109483,1547.2636007043025
99196526.89807484,1547.2864560994476
99202022.1032341,1547.274400589915
99207517.27491213,1547.2691808406794
99213012.50176783,1547.246775896254
99218507.88566978,1547.064775586217
99224003.06358773,1546.7763212087934
99229498.33664095,1546.6391047266113
99234993.70377333,1546.5494385383065
99240488.96547832,1546.5306638063641
99245984.256646,1546.5480786478106
99251479.46638298,1546.5466485775892
99256974.51568317,1546.5732197681868
99262469.66418658,1546.5064696136862
99267964.98104392,1546.4052256012942
99273460.29618163,1546.3558493662579
99278955.44653311,1546.3829907969211
99284450.55392237,1546.383039264088
99289945.58142713,1546.365139411267
99295440.58681084,1546.3861617882023
99300935.72297388,1546.3295691594035
99306430.85433535,1546.0946633797964
99311925.87904881,1545.8178051838452
99317421.00657062,1545.696755890777
99322916.19435433,1545.6389575715825
99328411.28165029,1545.6205517830062
99333906.40344235,1545.6411011912423
99339401.40869084,1545.653000867456
99344896.28029491,1545.6634664251349
99350391.3131295,1545.5598099817162
99355886.5065899,1545.5073226658753
99361381.58398914,1545.4820243256402
99366876.52927561,1545.5224345941317
99372371.43096894,1545.5178248080265
99377866.25541548,1545.4975843525772
99383361.06510071,1545.531050715088
99388856.09488955,1545.4078927677574
99394350.98365203,1545.1188232403456
99399845.87338328,1544.9133423906615
99405340.85440847,1544.8068987674192
99410835.82825767,1544.768349488427
99416330.75234388,1544.7714159531724
99421825.66997634,1544.784627167259
99427320.4314149,1544.8100087793723
99432815.1438627,1544.797433486642
99438310.03794578,1544.6931661482158
99443805.07147478,1544.6604410850778
99449299.92465118,1544.640464013663
99454794.68700804,1544.6884416059588
99460289.3895105,1544.6825509103996
99465784.0474986,1544.6699380333248
99471278.72890265,1544.6795186939016
99476773.62603691,1544.5164872581133
99482268.28615028,1544.2237348535014
99487763.03368038,1544.066502892428
99493257.8830179,1543.9708546637626
99498752.65074441,1543.955721955933
99504247.41288476,1543.97255661707
99509742.1372186,1543.988056123055
99515236.68300167,1544.012814771565
99520731.28277254,1543.9729311382694
99526226.08189183,1543.8999673277617
99531720.90612692,1543.8627966513297
99537215.54152974,1543.8756611151225
99542710.1361837,1543.8960427921727
99548204.65130499,1543.8821307528667
99553699.15089932,1543.8940022215052
99559193.7298062,1543.8709741830655
99564688.41087732,1543.664544647927
99570182.91851516,1543.3535864257
99575677.53782596,1543.2333932326585
99581172.24234396,1543.1667582820426
99586666.83480254,1543.1516693880565
99592161.45851287,1543.1777991976196
99597655.99233675,1543.1986109018644
99603150.35685259,1543.223714821533
99608644.85985067,1543.1420906147853
99614139.55205904,1543.076638240061
99619634.19540177,1543.0213817488266
99625128.69509228,1543.0584737155282
99630623.13545215,1543.0610551796938
99636117.49728082,1543.0524362103788
99641611.83403921,1543.085607927492
99647106.35007328,1543.003742324022
99652600.79232267,1542.7531829788238
99658095.17615196,1542.5183678838005
99663589.66071725,1542.4073840967105
99669084.17596368,1542.3646565037232
99674578.61105342,1542.3755788380845
99680073.05134039,1542.408247651072
99685567.35627621,1542.443720835922
99691061.5532917,1542.4494106191623
99696555.92821476,1542.3491540985497
99702050.46008457,1542.3336926190848
99707544.84660754,1542.3070732794008
99713039.1285515,1542.377202626583
99718533.33108607,1542.3761183581448
99724027.47630824,1542.3668304409805
99729521.620011,1542.397551454295
99735015.98139103,1542.2632703018967
99740510.18093786,1541.9687307896022
99746004.42930421,1541.787564316572
99751498.76289864,1541.6866721410352
99756993.06315865,1541.668406980051
99762487.32298534,1541.6826666523139
99767981.5648098,1541.7100262604495
99773475.6407404,1541.743734247441
99778969.71122454,1541.7285192075128
99784463.97627184,1541.6353073118494
99789958.32265884,1541.6369785549853
99795452.50120972,1541.6279825313675
99800946.61112371,1541.6782940434377
99806440.64652781,1541.6719219074473
99811934.6459758,1541.68081742941
99817428.67824207,1541.6881921500153
99822922.89056392,1541.515171445512
99828416.87712269,1541.2419973633216
99833910.95676632,1541.1143298760433
99839405.13059685,1541.0377835960312
99844899.19917966,1541.03677589692
99850393.27466196,1541.076370257644
99855887.28970173,1541.097091559774
99861381.1265683,1541.1297949390512
99866875.05625795,1541.082179867192
99872369.16581658,1541.001304090586
99877863.30727558,1540.9683580436158
99883357.28680032,1540.9953886695516
99888851.21137895,1541.0196013068398
99894345.06620081,1541.0134987704387
99899838.89771603,1541.0375918420586
99905332.8435216,1540.9996692852083
99910826.83265562,1540.7858870682921
99916320.68797347,1540.5083116640528
99921814.65083621,1540.4005255608142
99927308.68309727,1540.3605222928702
99932802.59584786,1540.3548267730412
99938296.54713789,1540.3921691914534
99943790.39038722,1540.4217588085257
99949284.08167821,1540.4538922357822
99954777.93215613,1540.3716680950804
99960271.95812152,1540.3302821244997
99965765.91085324,1540.2870666562915
99971259.7323325,1540.3499232053528
99976753.49983513,1540.3716403312865
99982247.18349926,1540.3745160010217
99987740.84420548,1540.4114765258971
99993234.69987422,1540.31965758998
99998728.46045074,1540.0449734678484
100004222.19365074,1539.840073635552
100009716.02222186,1539.7451377727073
100015209.86005071,1539.7333036385155
100020703.6213318,1539.7518195907878
100026197.38271809,1539.807222401671
100031690.99300273,1539.8515924869307
100037184.52873664,1539.8614449787704
100042678.26044323,1539.7740267557076
100048172.1573611,1539.754713645562
100053665.87730499,1539.7579336323804
100059159.49096793,1539.8257050467835
100064653.04147643,1539.851372450213
100070146.52304664,1539.8592288274035
100075640.01100767,1539.8896514863766
100081133.7236021,1539.7564512633367
100086627.21798281,1539.4936694396338
100092120.77182046,1539.3365597455795
100097614.42121729,1539.26059632321
100103108.00933498,1539.280964019738
100108601.56881015,1539.3228051829883
100114095.09079862,1539.3642834228826
100119588.43700038,1539.4116328634475
100125081.81072216,1539.401711698388
100130575.3883422,1539.3269711856215
100136069.03333734,1539.3273694551606
100141562.4931439,1539.3559639078444
100147055.88141474,1539.4146514995136
100152549.18310578,1539.4303619771676
100158042.46134183,1539.4578244992285
100163535.79364674,1539.452187792878
100169029.28129312,1539.2950726042327
100174522.57908307,1539.0263202617982
100180015.96429117,1538.9226632950426
100185509.43774755,1538.8763456184
100191002.79283348,1538.8920419848976
100196496.18536568,1538.9452150539423
100201989.48462948,1538.9854144467117
100207482.61783054,1539.0373507371125
100212975.86931193,1538.9897278902536
100218469.3082459,1538.9439079177782
100223962.75096814,1538.9243954394121
100229456.03365979,1538.9810795192952
100234949.24854802,1539.0199319101087
100240442.38544051,1539.0425273100097
100245935.4949534,1539.088819692908
100251428.73796977,1539.0471211183647
100256921.97510472,1538.8604314679076
100262415.11263911,1538.6138005626897
100267908.3502076,1538.5263642123405
100273401.63485378,1538.516221134732
100278894.80708827,1538.5506591016322
100284388.01004152,1538.6146244601173
100289881.08410703,1538.6665842740313
100295374.03045134,1538.70697175809
100300867.15503131,1538.643301661173
100306360.46833208,1538.621844546701
100311853.67794077,1538.632838430821
100317346.7344573,1538.7083321733012
100322839.74475949,1538.7494689867253
100328332.6716647,1538.7670731592339
100333825.57862729,1538.8193538230148
100339318.69665422,1538.7369153107047
100344811.67932345,1538.485060355463
100350304.67423227,1538.3017235907307
100355797.76188678,1538.2370757043889
100361290.82601501,1538.2486549840921
100366783.83886687,1538.2936953256064
100372276.84056926,1538.3526021789805
100377769.67811707,1538.4196547017966
100383262.4751765,1538.4428565974197
100388755.48528971,1538.3702704607035
100394248.62837365,1538.362490893453
100399741.61882843,1538.3924178159505
100405234.48842159,1538.4766137114873
100410727.29432295,1538.5324061646336
100416220.0396357,1538.554447313671
100421712.79647659,1538.5870735566655
100427205.77210285,1538.4622128933415
100432698.53205235,1538.2077497552934
100438191.36972116,1538.09214998261
100443684.29773034,1538.0474688242566
100449177.13817488,1538.0881894805325
100454669.97401547,1538.1719040626112
100460162.7452199,1538.2319173299395
100465655.33256191,1538.3017965620472
100471147.99235956,1538.3022117075152
100476640.88005391,1538.2494158949078
100482133.77658679,1538.2798078836147
100487626.50067791,1538.3418931894105
100493119.14066522,1538.432749960894
100498611.70067118,1538.482129854776
100504104.22000454,1538.5268310217377
100509596.81633799,1538.52739665065
100515089.52304071,1538.3962160671508
100520582.03882349,1538.1311695873428
100526074.67537683,1538.0616660630135
100531567.38910499,1538.053537453798
100537059.97967733,1538.1093731589287
100542552.5941125,1538.1871740436025
100548045.09917563,1538.2536693576376
100553537.44934095,1538.3235658463823
100559029.95083234,1538.29944694286
100564522.64250259,1538.2700795686453
100570015.27869728,1538.2860582790358
100575507.76803379,1538.3640571474705
100581000.18388905,1538.4418657332058
100586492.53349948,1538.4853131304621
100591984.84840119,1538.5475067506245
100597477.32998537,1538.5177536162619
100602969.78464271,1538.3386754545804
100608462.1441432,1538.1318139754044
100613954.62176897,1538.0760342325204
100619447.11842537,1538.106002601663
100624939.53635511,1538.1652752217865
100630431.9479572,1538.2454988496754
100635924.22851574,1538.327634627932
100641416.4002311,1538.3839834519044
100646908.77082856,1538.3397089920613
100652401.31385891,1538.323037929154
100657893.75886431,1538.3591860303413
100663386.03595433,1538.454001639545
100668878.27909401,1538.537258826806
100674370.43686254,1538.579621753387
100679862.56860715,1538.6475876657921
100685354.91805209,1538.5991987115256
100690847.11213231,1538.3572656414312
100696339.33121379,1538.2115622181684
100701831.6522345,1538.1798375619096
100707323.9276032,1538.2467737031277
100712816.16857363,1538.3273193031878
100718308.36143328,1538.407020615382
100723800.39179549,1538.5087674250842
100729292.41205265,1538.5480167578567
100734784.66383807,1538.4926151664263
100740277.01380481,1538.549634324493
100745769.19046341,1538.601135366842
100751261.25229967,1538.712038220934
100756753.24835168,1538.7890792463563
100762245.17493942,1538.8398729244532
100767737.12679724,1538.8882748873775
100773229.28736119,1538.7936870529952
100778721.24456681,1538.5360397543527
100784213.30332042,1538.4647181889998
100789705.43698452,1538.4561787477573
100795197.47342703,1538.5344234515956
100800689.51769128,1538.62865418628
100806181.47122341,1538.7170188805621
100811673.25442049,1538.8193865014748
100817165.13396925,1538.8335693895467
100822657.23437059,1538.7753094884938
100828149.37203823,1538.8413685051141
100833641.30662705,1538.9173788559922
100839133.17505126,1539.0542377758372
100844624.94576788,1539.1186229480054
100850116.67478235,1539.1876607303736
100855608.5112599,1539.1994572018125
100861100.43395329,1539.080852514663
100866592.19339287,1538.8601387641029
100872084.07111174,1538.8318454989585
100877576.00344884,1538.8702657170536
100883067.81893793,1538.9691731006583
100888559.63009307,1539.0730214516586
100894051.32328801,1539.183542648698
100899542.87742397,1539.2730145465769
100905034.61666216,1539.2674396858429
100910526.51160406,1539.2715122463637
100916018.36091359,1539.3469208921194
100921510.0136876,1539.475595686209
100927001.63325289,1539.5959581799093
100932493.13224947,1539.65229069494
100937984.61512864,1539.7386964678972
100943476.2799737,1539.7413865791746
100948967.86333038,1539.5643512836427
100954459.41699995,1539.4150254836368
100959951.07341081,1539.3960893724054
100965442.735906,1539.4786959130104
100970934.30586374,1539.568932010271
100976425.84706838,1539.6857339331946
100981917.26100343,1539.804053859096
100987408.59057832,1539.8860678510707
100992900.13091049,1539.851202561913
100998391.80581969,1539.89305518608
101003883.37831712,1539.9451861844996
101009374.78351128,1540.101774284065
101014866.16804384,1540.2051771792806
101020357.45075348,1540.2629204689154
101025848.73322292,1540.3597290451694
101031340.2527345,1540.3255533049119
101036831.57172862,1540.1219171121468
101042322.96471879,1540.0398236364983
101047814.441352,1540.0511557591085
101053305.85741164,1540.144317087313
101058797.22528927,1540.2446336808994
101064288.55743547,1540.3587550777104
101069779.71586834,1540.4827535254026
101075270.89431669,1540.5445323652657
101080762.29647674,1540.4866946366637
101086253.81291392,1540.5691608822278
101091745.11908104,1540.641571835758
101097236.35684827,1540.804757813273
101102727.49452803,1540.8936933219047
101108218.57406235,1540.983295387055
101113709.69485143,1541.0672511160687
101119200.99993569,1540.996039317522
101124692.09864433,1540.7885643377863
101130183.32842694,1540.7575781270118
101135674.62598704,1540.79993404186
101141165.80015649,1540.8991913178595
101146656.96358187,1541.0352990257195
101152148.06006806,1541.1789056340242
101157638.96512,1541.2965254210014
101163129.99839753,1541.3249055162175
101168621.25371496,1541.333926446406
101174112.51532322,1541.4174908881205
101179603.5633947,1541.5343606441957
101185094.55895382,1541.6800458388288
101190585.44545148,1541.7761392363152
101196076.29366104,1541.8898745076517
101201567.26492928,1541.9272476401823
101207058.29264152,1541.8227227973161
101212549.2146251,1541.6537806121414
101218040.2439897,1541.6526687324667
101223531.3076449,1541.7403868624938
101229022.23913945,1541.8410216094662
101234513.17438014,1541.9889991302214
101240004.00446674,1542.1286885735574
101245494.68333736,1542.2408542335074
101250985.55882762,1542.2376931343074
101256476.64310537,1542.2861305206543
101261967.6310774,1542.366401476924
101267458.4456721,1542.5559603765412
101272949.18350229,1542.6995605113443
101278439.81720366,1542.8007968456345
101283930.42967841,1542.9166835448095
101289421.23841353,1542.9355414077493
101294911.95178168,1542.7957763926638
101300402.68584423,1542.6869358613849
101305893.49495235,1542.7113489552505
101311384.2854566,1542.8226764734359
101316874.98259744,1542.950361277793
101322365.67432438,1543.1278858343453
101327856.19571999,1543.2747750138537
101333346.6607135,1543.3778494302387
101338837.35887863,1543.3747510766204
101344328.20507224,1543.4699775151
101349818.86326878,1543.5832444822329
101355309.41201669,1543.7606440785437
101360799.87872319,1543.9118377430002
101366290.26392844,1544.0197971640164
101371780.63979894,1544.1363298124395
101377271.23768686,1544.1333017741042
101382761.66887346,1543.979830141205
101388252.16151121,1543.9455121373483
101393742.73246711,1543.9977850973378
101399233.21709198,1544.128280912626
101404723.66047107,1544.30237661071
101410214.0418922,1544.4611756925833
101415704.23830783,1544.6128797680103
101421194.4976911,1544.7029610603256
101426684.98230955,1544.7258202244036
101432175.50573727,1544.831677515745
101437665.8387699,1544.9974900860286
101443156.07303679,1545.1784452494105
101448646.21611497,1545.3233597670753
101454136.32351874,1545.4480374869868
101459626.48154186,1545.5352413916928
101465116.80059156,1545.5218873273052
101470606.9699578,1545.3285603577838
101476097.2416979,1545.3390274363508
101481587.57269342,1545.4270269839394
101487077.76480341,1545.5820988960434
101492567.96683921,1545.7498513452238
101498058.07048267,1545.9103310214932
101503548.00609462,1546.0590387413822
101509038.09387997,1546.1219003378574
101514528.40264262,1546.1597272554632
101520018.66852649,1546.293148103602
101525508.74489486,1546.4597236550132
101530998.75586993,1546.6469631709497
101536488.68884249,1546.7861486501142
101541978.57174188,1546.9295584802414
101547468.5808137,1547.0006513692224
101552958.64566752,1546.9585433397256
101558448.5941333,1546.829567106271
101563938.64437515,1546.8730547379787
101569428.71843067,1547.0026730209304
101574918.67160304,1547.1783424704042
101580408.61107141,1547.3652149129928
101585898.4194159,1547.5470444581965
101591388.10653594,1547.698915650154
101596878.01474148,1547.740654517336
101602368.08102943,1547.8018358100194
101607858.06563659,1547.9216151064138
101613347.86905347,1548.1193884705385
101618837.63579696,1548.3053783603368
101624327.30111091,1548.4347784330857
101629816.9420853,1548.584207668123
101635306.7925867,1548.654750925773
101640796.53580724,1548.549420263014
101646286.30132213,1548.479392757687
101651776.16394575,1548.54666780385
101657265.97941315,1548.7189245402885
101662755.72131166,1548.9014150493724
101668245.42247857,1549.0855652547864
101673734.96842298,1549.2764869433997
101679224.48475528,1549.41460860356
101684714.24409415,1549.4266434418464
101690204.09296519,1549.5831983681917
101695693.77643986,1549.726862519913
101701183.3421815,1549.9534968811613
101706672.84737308,1550.1308408986165
101712162.26300244,1550.2720665060122
101717651.67398804,1550.423993620271
101723141.31431937,1550.4698245844922
101728630.78655991,1550.317934717547
101734120.3650458,1550.333386584544
101739610.00460741,1550.4359745764104
101745099.53970265,1550.6176954473528
101750589.03794958,1550.8079301722626
101756078.47185174,1551.0167272601057
101761567.7262536,1551.210308656596
101767057.05497989,1551.329644496048
101772546.59190838,1551.330648326098
101778036.21515164,1551.4989225157783
101783525.61936015,1551.6664594177375
101789014.96793555,1551.9025664971377
101794504.20802753,1552.0646967149496
101799993.39488736,1552.2323004659345
101805482.64788562,1552.3635124688487
101810972.05466998,1552.377602106506
101816461.31361218,1552.262856449417
101821950.6900804,1552.3182330576742
101827440.1036877,1552.4572429446557
101832929.37762819,1552.6430584051927
101838418.64475662,1552.8585933204101
101843907.81927447,1553.0757015484685
101849396.81102923,1553.2605714264669
101854885.97710702,1553.33947370778
101860375.35942507,1553.421851918854
101865864.68488185,1553.5855315225022
101871353.81276926,1553.8177413253986
101876842.89389803,1554.0341577772726
101882331.84663485,1554.2026575098546
101887820.77290948,1554.397545319612
101893309.85451442,1554.4987178079086
101898798.95323417,1554.466034968513
101904288.01226749,1554.391545904327
101909777.1550595,1554.4702498471156
101915266.30325057,1554.6474021774966
101920755.32289034,1554.8422201415476
101926244.34771727,1555.099577429923
101931733.21026595,1555.313697672154
101937221.9634698,1555.4980275538474
101942710.95787813,1555.564551705745
101948200.10644849,1555.7181447393214
101953689.10727523,1555.888361668199
101959177.95913826,1556.1462417564646
101964666.74002056,1556.3672181945933
101970155.42925508,1556.549039477613
101975644.09155913,1556.7330304278719
101981132.97743882,1556.8270745318828
101986621.77382442,1556.766360495792
101992110.61707172,1556.7413539116774
101997599.51659432,1556.858249086848
102003088.35139292,1557.0538305901187
102008577.10481916,1557.2877907969614
102014065.84753239,1557.52811456529
102019554.39614338,1557.7498952735293
102025042.9395627,1557.9225514021596
102030531.7258524,1557.982810350824
102036020.607555,1558.148045149266
102041509.30994321,1558.3748859879827
102046997.87037916,1558.648295001904
102052486.35622324,1558.8801899081077
102057974.76436321,1559.0631895433237
102063463.17696099,1559.240115710963
102068951.82039241,1559.334415257992
102074440.3238282,1559.2261257397442
102079928.91710855,1559.2861488490128
102085417.56016336,1559.4323876937349
102090906.08349702,1559.6643193310163
102096394.59437971,1559.9303482802238
102101883.0033836,1560.1772465538354
102107371.22628072,1560.4086504069505
102112859.56198984,1560.5599152454245
102118348.12408967,1560.6404566396209
102123836.67801605,1560.8595464696984
102129325.06177907,1561.087093702497
102134813.34598899,1561.3674872185668
102140301.53884467,1561.5843931384236
102145789.66379488,1561.783761759618
102151277.87030557,1561.9491771553787
102156766.24549319,1562.018073228952
102162254.48067111,1561.9470998190131
102167742.81711252,1562.0529315890992
102173231.18467906,1562.2440287468687
102178719.40725607,1562.4945698756392
102184207.61098105,1562.7673718362685
102189695.7044081,1563.0268280714015
102195183.63225593,1563.250505697598
102200671.74902713,1563.380401929974
102206160.03467792,1563.497852098521
102211648.28206615,1563.754560147298
102217136.30013254,1564.0218952749951
102222624.28959276,1564.3099658772571
102228112.15773775,1564.5086237189162
102233599.9890543,1564.7207801429386
102239087.98594587,1564.876991297115
102244576.01604025,1564.8780114459578
102250064.01610656,1564.8474207980016
102255552.09018078,1564.9870065174819
102261040.15851586,1565.2246885621191
102266528.07488924,1565.4716758865707
102272015.98316818,1565.756602389716
102277503.74910322,1566.0144334965462
102282991.42075889,1566.235623193441
102288479.3343684,1566.3291259981772
102293967.37351122,1566.5391357591725
102299455.27057247,1566.7663253220294
102304943.02433765,1567.0800467413774
102310430.70551907,1567.3322163354862
102315918.2946359,1567.5456983653999
102321405.87979868,1567.768884510634
102326893.69506264,1567.9076600935634
102332381.40233387,1567.8900614288282
102337869.17457649,1567.9449497975545
102343356.99287662,1568.1062567555919
102348844.7435112,1568.3621263384912
102354332.39301611,1568.6344157554029
102359820.02345408,1568.9288088211397
102365307.45952374,1569.1851681254468
102370794.90996337,1569.3925587172207
102376282.59396265,1569.5083613474749
102381770.34470147,1569.7271542316444
102387257.90732343,1569.990762064327
102392745.36897863,1570.3054390666325
102398232.74121064,1570.5605102033292
102403720.05625051,1570.7831537883667
102409207.38335916,1570.99884650372
102414694.93949814,1571.1397662143656
102420182.35925123,1571.0951537614744
102425669.85610375,1571.1932039014755
102431157.41033168,1571.3881960675992
102436644.82237728,1571.6595781209905
102442132.21401365,1571.973133566855
102447619.52381691,1572.269380290395
102453106.6374351,1572.5250079178113
102458593.87753119,1572.7097786220327
102464081.33425082,1572.8646067287914
102469568.7627363,1573.1250534435069
102475056.02463706,1573.411583393026
102480543.18774514,1573.7229436142738
102486030.26276377,1573.977754487256
102491517.2835237,1574.215611446957
102497004.38475998,1574.4205918168745
102502491.65241256,1574.5413253802985
102507978.80185007,1574.5100381798534
102513466.03977549,1574.6552789029427
102518953.30517974,1574.8945559020121
102524440.4121241,1575.1916736406174
102529927.50895992,1575.514610770097
102535414.482614,1575.803915848846
102540901.30339952,1576.0649357566422
102546388.31785412,1576.239617410826
102551875.47648358,1576.4047056903973
102557362.57799974,1576.709702218186
102562849.49285303,1577.0088458045514
102568336.34977688,1577.3258856351365
102573823.11003885,1577.567494857126
102579309.8333924,1577.812661305938
102584796.72803569,1578.009197713515
102590283.66472289,1578.0647109191177
102595770.57054558,1578.0816454708724
102601257.54758702,1578.2642359789327
102606744.50259767,1578.5536604983567
102612231.30437246,1578.8527134890714
102617718.09892206,1579.168315216372
102623204.74724308,1579.4670506244333
102628691.31074984,1579.7231804545445
102634178.10958908,1579.8500768638228
102639665.01941027,1580.1031197631535
102645151.79898974,1580.3825138308882
102650638.43227379,1580.7317993019842
102656125.00784826,1581.0246313859805
102661611.48037998,1581.2678659256037
102667097.9477375,1581.5269768003038
102672584.65348545,1581.7146502219343
102678071.2578636,1581.7355318203147
102683557.91504988,1581.8419670203748
102689044.62452598,1582.0477056724917
102694531.25607333,1582.3520282619572
102700017.79032373,1582.6647488963508
102705504.28239547,1582.998959202579
102710990.59631096,1583.2883480135008
102716476.93600276,1583.5301455646238
102721963.4945768,1583.6791018647436
102727450.11669783,1583.9563315589207
102732936.55629838,1584.2548586261876
102738422.91008794,1584.6021973068798
102743909.17191724,1584.892414701527
102749395.37799843,1585.1510983034505
102754881.59959117,1585.4008681352684
102760368.05430357,1585.5866342654094
102765854.37604384,1585.5945504935025
102771340.77155466,1585.7346957311988
102776827.21884753,1585.975863589166
102782313.5148495,1586.2902325532705
102787799.78425191,1586.6406359050475
102793285.9786215,1586.9752303577945
102798771.97593494,1587.2616192290432
102804258.10404067,1587.480316739732
102809744.43838443,1587.6761580216087
102815230.73949201,1587.9848051380527
102820716.86433688,1588.3173577687367
102826202.90559274,1588.6596989431664
102831688.86504635,1588.9482874188957
102837174.774192,1589.2220861489036
102842660.76635867,1589.462166842708
102848146.9274147,1589.6255011837195
102853632.98336121,1589.630504579786
102859119.12175903,1589.8181244993652
102864605.27988365,1590.0997262174365
102870091.27549936,1590.435591334822
102875577.26458173,1590.7992324939194
102881063.12354757,1591.12248731303
102886548.83567202,1591.4160824336577
102892034.74533159,1591.6255970068512
102897520.78533861,1591.8396957627226
102903006.76826666,1592.1884580060535
102908492.57211961,1592.520911506052
102913978.31337966,1592.8717214759947
102919463.96081264,1593.1481088796056
102924949.5720701,1593.4259014425604
102930435.359463,1593.6580360911798
102935921.19668181,1593.7729865845777
102941406.99773367,1593.8370781424812
102946892.86586559,1594.058189233843
102952378.70370291,1594.386052598731
102957864.38780308,1594.7307743558908
102963350.06087762,1595.0826165856668
102968835.58760649,1595.4155763482675
102974321.03373517,1595.7022602632337
102979806.70672365,1595.8651331943925
102985292.48821649,1596.1648701339811
102990778.14166515,1596.4879874437179
102996263.65225817,1596.870180756318
103001749.09945165,1597.1947276038786
103007234.44885151,1597.473896900103
103012719.79492141,1597.7624436599751
103018205.37706104,1597.9841321055214
103023690.87346753,1598.0497966768091
103029176.42532022,1598.1986215580146
103034662.01888828,1598.4432335857475
103040147.5275082,1598.7819064343507
103045632.94076191,1599.1301447948163
103051118.31676142,1599.5020195280672
103056603.50905819,1599.8198608018936
103062088.73317756,1600.0924601393915
103067574.1743664,1600.2861268377967
103073059.6559843,1600.617349988754
103078544.9635759,1600.9594188900023
103084030.18448773,1601.3298274024132
103089515.31298958,1601.6562492525898
103095000.38722792,1601.9457830293259
103100485.477254,1602.221021937206
103105970.80697893,1602.4466792523706
103111456.01420243,1602.4942167716456
103116941.28718096,1602.6752691288677
103122426.60602519,1602.9518448854376
103127911.77521919,1603.303456398688
103133396.92360285,1603.6917880336032
103138881.98677783,1604.0529164241166
103144366.85340635,1604.3708131141784
103149851.8545071,1604.6223953016734
103155337.0654681,1604.844748013483
103160822.2329618,1605.1984196013545
103166307.2358351,1605.561618356896
103171792.15077241,1605.9349658668743
103177276.98223904,1606.2523040887859
103182761.7628309,1606.549158071522
103188246.6374733,1606.8170878313538
103193731.69188894,1607.0189022499496
103199216.63765024,1607.0588867345616
103204701.66501006,1607.2896230992346
103210186.70352736,1607.6064523832833
103215671.5822392,1607.9748039461333
103221156.44977961,1608.366120093364
103226641.18865693,1608.7241893248456
103232125.7798456,1609.043401548483
103237610.57301618,1609.273645986621
103243095.487763,1609.534586434524
103248580.36707245,1609.9192937371051
103254065.04064283,1610.2838085117437
103259549.67329355,1610.6701861779368
103265034.19173399,1610.9711492384367
103270518.67693946,1611.2774618648593
103276003.34147501,1611.5388047739993
103281488.06680231,1611.6893301913535
103286972.75532433,1611.7971256575247
103292457.50179632,1612.0508215955085
103297942.2143019,1612.396789769853
103303426.78129168,1612.775299071071
103308911.3327252,1613.1684125482427
103314395.73509622,1613.5258841884888
103319880.05678605,1613.8365434259813
103325364.5985859,1614.0354287216735
103330849.25155011,1614.3785978231012
103336333.76997444,1614.735315721598
103341818.15691113,1615.1398406653263
103347302.46153118,1615.4910697606656
103352786.68620747,1615.809123942598
103358270.89786176,1616.117434070944
103363755.3349371,1616.362226093336
103369239.72272374,1616.4727192426333
103374724.16713229,1616.6406469507538
103380208.63865447,1616.917171211722
103385693.01685879,1617.2755401256338
103391177.3091696,1617.657304479457
103396661.57501489,1618.0469511925637
103402145.64691566,1618.3879702538504
103407629.75099207,1618.6855342705433
103413114.07190548,1618.8963139006314
103418598.4314262,1619.268410345267
103424082.63499753,1619.6512691699802
103429566.72225416,1620.0363978593089
103435050.72712502,1620.4003955507426
103440534.66657697,1620.711876989395
103446018.62016092,1621.0040314545065
103451502.82384282,1621.2615091086693
103456986.91630165,1621.3324389975983
103462471.08075036,1621.5515827741888
103467955.27600802,1621.8575342965405
103473439.33257991,1622.241977997592
103478923.36915424,1622.6391637856216
103484407.31189714,1623.0163793069767
103489891.0697089,1623.367295440525
103495374.95540254,1623.645460493454
103500859.04948069,1623.8599659103627
103506343.11564787,1624.2574953260428
103511827.01674868,1624.619149222867
103517310.83692972,1625.0226386063794
103522794.55622083,1625.36362557063
103528278.22864509,1625.688002099918
103533761.98733461,1625.975938211428
103539245.93074404,1626.1968867962619
103544729.77571596,1626.2717844777776
103550213.71037346,1626.5378715908641
103555697.64177498,1626.8809942491507
103561181.4178571,1627.260329116588
103566665.18261974,1627.6700279939644
103572148.83005087,1628.0521709653942
103577632.31897384,1628.388267528042
103583116.00338325,1628.6267015163735
103588599.8486291,1628.9229067640913
103594083.63901982,1629.294239224045
103599567.26261902,1629.6906274682547
103605050.83360699,1630.0737829233194
103610534.2798505,1630.402349124091
103616017.70199682,1630.7386173926611
103621501.28798337,1631.0168856189684
103626984.92468734,1631.2129444589746
103632468.54201084,1631.3491322095213
103637952.20929739,1631.6289064266698
103643435.83769311,1631.9894613950744
103648919.33682388,1632.3878316891428
103654402.82980798,1632.797395037408
103659886.16014795,1633.169220511311
103665369.4056626,1633.497770241206
103670852.86692806,1633.726366949244
103676336.45236558,1634.0707323059369
103681819.91094778,1634.4559283666986
103687303.2281192,1634.8521270301262
103692786.47595285,1635.2355456945174
103698269.64692645,1635.5722601068323
103703752.78138644,1635.894836170663
103709236.13975957,1636.1768391596827
103714719.45341386,1636.3268034908765
103720202.79057887,1636.5020395011063
103725686.18861693,1636.8012831503347
103731169.48198849,1637.1893450833472
103736652.71013407,1637.5932396874334
103742135.88630787,1637.985738524983
103747618.89058621,1638.3479331480153
103753101.91450246,1638.6631057487418
103758585.14693284,1638.8809997249894
103764068.44914511,1639.275778434898
103769551.58710524,1639.644900651954
103775034.63519008,1640.039086306456
103780517.61787486,1640.41228401093
103786000.52288307,1640.7370591446738
103791483.43834825,1641.0520553334675
103796966.60734344,1641.331827136094
103802449.658211,1641.4349241974628
103807932.80247492,1641.683325530007
103813415.96195799,1642.011994935528
103818898.98022786,1642.4088726314512
103824381.9485403,1642.8086840116323
103829864.8617893,1643.2070107569928
103835347.58797453,1643.5577646381325
103840830.42667118,1643.8503280046068
103846313.43694316,1644.0923713365964
103851796.50597677,1644.495330852512
103857279.36536565,1644.879860534522
103862762.17419349,1645.2821423348435
103868244.87462385,1645.640433931842
103873727.5436426,1645.9821362814969
103879210.27498232,1646.282447059624
103884693.200726,1646.5448896873372
103890176.01388618,1646.6537051927444
103895658.90986808,1646.929159651096
103901141.82049619,1647.2858368560828
103906624.5597387,1647.6733918067275
103912107.31268755,1648.0969324174844
103917589.94779076,1648.4731618743479
103923072.43112005,1648.818076753202
103928555.09793808,1649.0847171518126
103934037.92510471,1649.379124175084
103939520.68548833,1649.783029127465
103945003.30918346,1650.1740406126257
103950485.85034701,1650.581648382222
103955968.31083664,1650.9325239068025
103961450.73132409,1651.2672786628934
103966933.28645685,1651.5649950296327
103972415.93955156,1651.801957492844
103977898.52075122,1651.9534843203026
103983381.17155184,1652.2601625983516
103988863.78550279,1652.6395922434665
103994346.26930822,1653.044036778891
103999828.73666324,1653.4516578244213
104005311.06609009,1653.8282009517982
104010793.30776148,1654.1643681808966
104016275.7593228,1654.4125995484958
104021758.31543382,1654.7625681199552
104027240.79638132,1655.1606053588155
104032723.10579652,1655.5672940468232
104038205.37452205,1655.9644789931895
104043687.54597361,1656.2971449291708
104049169.70010225,1656.6362923975353
104054652.06986636,1656.9284049795508
104060134.40441205,1657.1174427498165
104065616.7766198,1657.342402995932
104071099.15853965,1657.6592703657413
104076581.46247397,1658.0592519436264
104082063.6676461,1658.4563165384286
104087545.83048388,1658.8816808037336
104093027.82536058,1659.2449515395945
104098509.82894626,1659.5675113837792
104103992.037145,1659.8062662184218
104109474.33129935,1660.2043092434537
104114956.46410951,1660.5961660058485
104120438.49229746,1660.9946174479112
104125920.45291337,1661.3853708782729
104131402.35067979,1661.7176525670614
104136884.25788537,1662.0339785335364
104142366.41482505,1662.3258435223418
104147848.4799238,1662.4835982556435
104153330.58741473,1662.7407574833123
104158812.7231164,1663.0735344827456
104164294.72363248,1663.4732660755308
104169776.68188646,1663.898877345392
104175258.56422274,1664.2954379132625
104180740.26503065,1664.6559155952843
104186222.07537414,1664.9638333979199
104191704.08447798,1665.2150238734657
104197186.10738494,1665.6256849409885
104202667.97456554,1666.0215319811032
104208149.71675292,1666.4298055722877
104213631.4003394,1666.816288477896
104219113.02148753,1667.1486492771417
104224594.6906843,1667.4567407434386
104230076.57939976,1667.7383025508655
104235558.3457375,1667.8770372682518
104241040.20284253,1668.179969060638
104246522.04834835,1668.5387755254476
104252003.73676945,1668.932739045566
104257485.42188945,1669.3560029010587
104262966.98774154,1669.7523346992964
104268448.39551945,1670.0985731817977
104273929.98618864,1670.3786005079462
104279411.72428302,1670.6753292241413
104284893.4336151,1671.0975518864848
104290374.95799568,1671.495780811827
104295856.43619293,1671.9062196654972
104301337.78609917,1672.2586450345748
104306819.11532435,1672.6079976278525
104312300.56660919,1672.9077116048618
104317782.12556092,1673.1556460021704
104323263.63595839,1673.3307893834976
104328745.2077012,1673.6338948101122
104334226.7442556,1674.0147818025987
104339708.1243096,1674.4035296770694
104345189.51256172,1674.8256807167702
104350670.76063293,1675.1997389127912
104356151.91111504,1675.5365702725692
104361633.27506895,1675.7938125126343
104367114.76013741,1676.1283979509403
104372596.17266643,1676.5238490618049
104378077.41755351,1676.9164093228633
104383558.6112325,1677.3108783207228
104389039.7302032,1677.659540916946
104394520.8175354,1677.9968157144183
104400002.10163303,1678.2893136481925
104405483.39029115,1678.503598237635
104410964.68789335,1678.7047517625367
104416446.03200196,1679.027261741576
104421927.28558171,1679.4288017069953
104427408.45011629,1679.8296418458535
104432889.56892012,1680.2325149185633
104438370.53439677,1680.5963557584876
104443851.49390674,1680.9283593256864
104449332.66888718,1681.16613223528
104454813.90194151,1681.5427129592044
104460295.04486407,1681.9258259778771
104465776.02857211,1682.3398628148657
104471256.97807978,1682.7350131683272
104476737.83309697,1683.069562722352
104482218.69188374,1683.396002753271
104487699.78344645,1683.6957758477606
104493180.79276048,1683.8727710374435
104498661.84901327,1684.1370700549378
104504142.93215524,1684.4737972129421
104509623.88913843,1684.8746320219368
104515104.78463393,1685.271932238818
104520585.63284576,1685.668309909451
104526066.30421062,1686.0186786331872
104531547.06378163,1686.3215705020782
104537028.0095614,1686.5776044138286
104542509.02537681,1686.9676665426923
104547989.85404745,1687.371927917724
104553470.59032659,1687.7739951772614
104558951.24451204,1688.155575680531
104564431.85456079,1688.4940717684246
104569912.49717079,1688.7941266268622
104575393.34826748,1689.0967390958158
104580874.12241669,1689.267170140317
104586354.93708651,1689.560625538435
104591835.75781985,1689.91292011284
104597316.41564456,1690.3055394907608
104602797.07643661,1690.7174385026726
104608277.62433672,1691.093071314967
104613758.02665935,1691.4331035500165
104619238.60322785,1691.7208490891294
104624719.33305411,1692.007865277993
104630200.03342052,1692.4293235348896
104635680.56807017,1692.8180545083712
104641161.02474979,1693.226767452481
104646641.39300963,1693.5911089017804
104652121.72072305,1693.9209055419915
104657602.1539216,1694.2251392445808
104663082.73584604,1694.4814176005161
104668563.22771834,1694.672158823316
104674043.8014676,1694.9897932495237
104679524.32925808,1695.3673169660472
104685004.71115655,1695.7572452882769
104690485.08281438,1696.1602812073377
104695965.32913439,1696.5415546496733
104701445.46362007,1696.8734453242735
104706925.81939316,1697.1132690812046
104712406.29454863,1697.44769606221
104717886.71212786,1697.8352451409296
104723366.96887252,1698.2481368083786
104728847.1448436,1698.6449528891108
104734327.23952179,1698.9896981366062
104739807.31080888,1699.322417321655
104745287.56253754,1699.612506149248
104750767.84218338,1699.8453894384234
104756248.12292625,1700.0621364389306
104761728.42747082,1700.3838994596122
104767208.66009082,1700.7667563793639
104772688.78722315,1701.1523580222117
104778168.89812024,1701.5646919979793
104783648.83365647,1701.9182892834015
104789128.7505326,1702.2397181623714
104794608.90004066,1702.4838283451757
104800089.12339352,1702.8343935311245
104805569.25660132,1703.2208685243893
104811049.23784842,1703.6061851275845
104816529.16658664,1704.0077492604719
104822009.02172068,1704.341901287833
104827488.85127054,1704.6588679397526
104832968.90575744,1704.969919264903
104838448.90714665,1705.1588748617119
104843928.93614274,1705.4238938008275
104849408.98660229,1705.751067437871
104854888.92363179,1706.140942273681
104860368.79864222,1706.5296874428059
104865848.62032194,1706.9174120021335
104871328.26949899,1707.259930144443
104876807.98877092,1707.5639345298105
104882287.90011978,1707.7909719408012
104887767.89427875,1708.172752476016
104893247.72682865,1708.544971853694
104898727.45793715,1708.9533219138107
104904207.11735176,1709.32089800441
104909686.70725028,1709.6526981716788
104915166.32788944,1709.957467323643
104920646.15728688,1710.2628709216576
104926125.897815,1710.4460642950553
104931605.68395999,1710.7432982080088
104937085.47734949,1711.0880291476303
104942565.11133818,1711.4660368328791
104948044.71215323,1711.8762682948113
104953524.2321743,1712.2547089273958
104959003.58303781,1712.5848377996604
104964483.09116769,1712.861862589239
104969962.78751104,1713.1240545849168
104975442.46386537,1713.5108709408125
104980921.99749354,1713.8863066373483
104986401.44821833,1714.2728781799167
104991880.82616188,1714.6339241782932
104997360.17006259,1714.9534970556983
105002839.59540395,1715.2454769856242
105008319.19303915,1715.5259362929492
105013798.691865,1715.7153642601943
105019278.25006248,1716.0231237858568
105024757.78263761,1716.3827070736322
105030237.16170236,1716.7736461607303
105035716.52300249,1717.1715586084106
105041195.75821419,1717.5367031131623
105046674.87963282,1717.8598034370382
105052154.21063036,1718.1142533050804
105057633.66769826,1718.4107434817956
105063113.08404183,1718.810172293345
105068592.30559964,1719.1996626572638
105074071.49130055,1719.5962711112456
105079550.564437,1719.9285188717568
105085029.61236446,1720.253478105362
105090508.81874421,1720.5373868951885
105095988.07990602,1720.7881836867361
105101467.32455096,1721.0113878409602
105106946.58429188,1721.3266353008771
105112425.78134276,1721.6955986348994
105117904.85967664,1722.06744506585
105123383.91992648,1722.4682897987095
105128862.81623393,1722.8113667635496
105134341.6691133,1723.1237006233193
105139820.74705465,1723.3530038572703
105145299.92726064,1723.708101154469
105150778.9886917,1724.079405793434
105156257.92842755,1724.46705648367
105161736.77346885,1724.8522903580338
105167215.55961202,1725.1843722404178
105172694.30962817,1725.495754770385
105178173.27219246,1725.781522661704
105183652.21018827,1725.9971635965883
105189131.16199313,1726.2290852667466
105194610.1435601,1726.5476952611348
105200089.00581513,1726.928719943571
105205567.80374432,1727.3089509768588
105211046.55015938,1727.6842320563492
105216525.13084233,1728.0190510121863
105222003.75513747,1728.3142413984342
105227482.5827691,1728.5265637295704
105232961.50528367,1728.881874759345
105238440.27820309,1729.242267299304
105243918.93097143,1729.6292461124303
105249397.52786757,1729.985881717154
105254876.06627728,1730.3036317135375
105260354.6142718,1730.5977626118283
105265833.38458598,1730.8937016707223
105271312.06900889,1731.0688389754755
105276790.82646611,1731.3559306717432
105282269.5723437,1731.6837173199501
105287748.16422595,1732.0554081941586
105293226.71197428,1732.4342284867657
105298705.19297014,1732.800352308186
105304183.50751609,1733.115643424525
105309661.95278336,1733.3864680550619
105315140.57066417,1733.6559847554531
105320619.20883864,1734.0105515212972
105326097.68296224,1734.3982610455098
105331576.06564598,1734.767638009954
105337054.36707973,1735.124710918682
105342532.63352382,1735.4373834741587
105348010.93887007,1735.719255745306
105353489.43944617,1735.9997035695815
105358967.8389275,1736.1888045530911
105364446.29628152,1736.4871490995163
105369924.73185313,1736.8240869165384
105375403.01508786,1737.196559891258
105380881.27639382,1737.5753604759427
105386359.41915359,1737.9222241035145
105391837.43668921,1738.2304737551794
105397315.64733484,1738.484845030883
105402794.0049345,1738.7402264815973
105408272.32756716,1739.1370962238423
105413750.46685217,1739.5078945770765
105419228.56362487,1739.8958602339005
105424706.54437405,1740.2223595665964
105430184.49181725,1740.529078206649
105435662.56960936,1740.8042619869225
105441140.75320998,1741.0354257283948
105446618.90898086,1741.244843406692
105452097.10912265,1741.5428209849217
105457575.24686073,1741.896384173568
105463053.24547294,1742.249266441645
105468531.22726741,1742.6271851253186
105474009.06829874,1742.9541056120388
105479486.84455758,1743.252095847236
105484964.84603679,1743.4692535145443
105490442.96017143,1743.781704259636
105495920.98458888,1744.1327308385648
105501398.86970994,1744.4918258487469
105506876.68901102,1744.8656988990117
105512354.43265066,1745.1789514391917
105517832.14068395,1745.4828047325418
105523310.03761199,1745.7441459675877
105528787.95511763,1745.9678953205994
105534265.87935595,1746.179251743698
105539743.83115764,1746.4840438717915
105545221.67876017,1746.844576119726
105550699.43661281,1747.2007059496264
105556177.15767387,1747.5571662148716
105561654.72059576,1747.872772134328
105567132.30201632,1748.1616632132116
105572610.10200527,1748.3580360470155
105578087.95264985,1748.7014827574912
105583565.7081065,1749.0514060483754
105589043.31714672,1749.4250228341427
105594520.88514459,1749.7809489818155
105599998.36242223,1750.0856643763489
105605475.83740167,1750.3689078447194
105610953.52359585,1750.6494743257142
105616431.15039968,1750.8357951660128
105621908.82414636,1751.1034839042627
105627386.49496138,1751.4094378573175
105632864.02687238,1751.762635823544
105638341.50035577,1752.1192484458265
105643818.91422167,1752.4691274363695
105649296.16659358,1752.7681953945253
105654773.52178545,1753.027198643118
105660251.0592814,1753.2595641665387
105665728.6427103,1753.5949111538562
105671206.07440694,1753.959783102385
105676683.39158237,1754.3228143224017
105682160.6371601,1754.665652630471
105687637.83528104,1754.9641337460923
105693115.05765817,1755.2171344675105
105698592.49608772,1755.4957487204895
105704069.87005533,1755.6501149749477
105709547.29128589,1755.9311061110498
105715024.69364575,1756.2439497722346
105720501.94028655,1756.5943999711071
105725979.16445863,1756.947954463982
105731456.28958383,1757.2757373181096
105736933.27626741,1757.5649210726524
105742410.44438188,1757.8061325654094
105747887.77621135,1758.0288950819686
105753365.09362945,1758.3913169290417
105758842.23226666,1758.7433391911593
105764319.31337671,1759.1003095567492
105769796.28881583,1759.4240295401073
105775273.22535664,1759.709444169935
105780750.25365981,1759.9680875213703
105786227.43628606,1760.2023491177079
105791704.5811508,1760.3916407568113
105797181.76161002,1760.6709587670086
105802658.88673615,1761.001925662545
105808135.86074421,1761.3339258151016
105813612.82624772,1761.688295661909
105819089.6745268,1761.9970623061004
105824566.4201493,1762.2789536532403
105830043.36762342,1762.4907672568065
105835520.47418846,1762.7517556386774
105840997.49807811,1763.0897808523198
105846474.39573261,1763.43919655639
105851951.20695995,1763.7996588466372
105857427.94427367,1764.103453253196
105862904.6301604,1764.3913569997562
105868381.4751866,1764.6394735796002
105873858.36994536,1764.8701904376062
105879335.24387483,1765.0702430498873
105884812.15505077,1765.3557707684554
105890288.98096812,1765.6956386260242
105895765.68509279,1766.0282372656593
105901242.3641976,1766.3658763742362
105906718.89824203,1766.6654250649908
105912195.41495073,1766.9362672834602
105917672.1497959,1767.1126353961083
105923148.96442331,1767.4340918874057
105928625.68917337,1767.7627964235414
105934102.27321714,1768.117240078656
105939578.79890224,1768.4587936528983
105945055.23701389,1768.7354184774947
105950531.66773091,1769.0101466362762
105956008.30978951,1769.2457677142988
105961484.93023509,1769.4438530099717
105966961.60279879,1769.6773504898717
105972438.25830072,1769.9605821626565
105977914.78776559,1770.2899593970635
105983391.24673668,1770.6201158505694
105988867.65548538,1770.9480324222473
105994343.90620564,1771.2275695518722
105999820.23287162,1771.4776531394846
106005296.76332437,1771.6741865404347
106010773.34179379,1771.9820378117704
106016249.79598314,1772.314703029065
106021726.1143923,1772.6643789327495
106027202.37342542,1772.9928313669066
106032678.55988564,1773.2723520269371
106038154.75548203,1773.5124794103256
106043631.17913431,1773.769274884217
106049107.5393867,1773.918813414452
106054583.96291156,1774.1785396098476
106060060.36584152,1774.4662230033985
106065536.61806159,1774.7948194770092
106071012.84528832,1775.1202524397913
106076488.98064856,1775.4336411125971
106081964.97292629,1775.7054026229152
106087441.10567701,1775.9317109163924
106092917.38507771,1776.1222561814504
106098393.70646808,1776.4588178390402
106103869.855155,1776.7895649573588
106109345.93994145,1777.1244591226243
106114821.92161906,1777.440091284784
106120297.86197664,1777.710697389321
106125773.846201,1777.9515882035516
106131250.01198359,1778.1908299884483
106136726.11192113,1778.3657480959187
106142202.2481251,1778.6252875078758
106147678.35458274,1778.9221781001422
106153154.29880597,1779.2399504663902
106158630.23054694,1779.5728819815745
106164106.05500457,1779.8619319629652
106169581.76344176,1780.1232460848346
106175057.66568881,1780.3319624404542
106180533.71871011,1780.5406433453156
106186009.72134818,1780.8785002184186
106191485.57650346,1781.206764123912
106196961.35648394,1781.5376799215903
106202437.0593407,1781.8260255435416
106207912.71862659,1782.079145639514
106213388.50565028,1782.312747814958
106218864.40607326,1782.5123159836085
106224340.27908732,1782.6963615275304
106229816.18545093,1782.9619412305885
106235292.02230108,1783.2708788669895
106240767.71525791,1783.5755791218628
106246243.39206776,1783.8953572767316
106251718.93287548,1784.1724011202393
106257194.42658705,1784.4244488225318
106262670.1446977,1784.5907365694984
106268145.9703007,1784.8666689564193
106273621.69108425,1785.178717660925
106279097.28897119,1785.4990924293509
106284572.80814403,1785.825935210029
106290048.24586862,1786.0911537088925
106295523.65506653,1786.3487866648518
106300999.25158395,1786.562937252118
106306474.88466083,1786.7542429094722
106311950.52355109,1786.945880396828
106317426.16958635,1787.210469505779
106322901.70574716,1787.5159358966898
106328377.15315035,1787.822527817222
106333852.57220964,1788.1253647998037
106339327.82622066,1788.3891930634866
106344803.11243187,1788.6293369092507
106350278.61479802,1788.7830865439582
106355754.16518712,1789.0697803094256
106361229.62578164,1789.3773098224679
106366704.94255747,1789.7078789344387
106372180.2123939,1790.0171483023632
106377655.39179419,1790.2777583366644
106383130.56342454,1790.5109839114525
106388605.9443311,1790.7481458096424
106394081.27433738,1790.9065451961135
106399556.66009964,1791.1392001074532
106405032.02747363,1791.3996646371038
106410507.24796543,1791.7035003166918
106415982.41320089,1792.00661622347
106421457.51420516,1792.3049983904364
106426932.46077064,1792.5519075550678
106432407.51643322,1792.7623160671349
106437882.75170425,1792.9484348597564
106443358.02023828,1793.2352699790445
106448833.15126441,1793.5490999761157
106454308.16954178,1793.8610273479608
106459783.11348766,1794.1534224584632
106465258.01367553,1794.4052704223143
106470732.9357183,1794.6087318848215
106476208.07461701,1794.839844211501
106481683.15157276,1794.9705008587644
106487158.28468141,1795.2111970299586
106492633.38626792,1795.4752950810769
106498108.33415465,1795.773485101057
106503583.2484058,1796.073984594367
106509058.07145503,1796.348842899269
106514532.75797948,1796.588908103494
106520007.62640378,1796.7806189490627
106525482.65167737,1796.9507821854334
106530957.6716326,1797.2596307200515
106536432.515893,1797.5681961344544
106541907.29568155,1797.862292390422
106547381.98611821,1798.137850312578
106552856.63753095,1798.3757594166236
106558331.37043396,1798.584501887015
106563806.25486319,1798.78327321964
106569281.12161294,1798.939379535187
106574756.00424114,1799.1727866192352
106580230.83281353,1799.4498681260452
106585705.51141705,1799.7291817737391
106591180.17922087,1800.0314608470821
106596654.72726957,1800.2826415807751
106602129.1830022,1800.5146551578525
106607603.84289652,1800.6923274029282
106613078.6310107,1800.8937354126494
106618553.34775302,1801.200262450243
106624027.92748012,1801.4894942738
106629502.4399633,1801.7991505155655
106634976.8723109,1802.0471105470763
106640451.25902507,1802.2860552793418
106645925.79595505,1802.4845515029815
106651400.39668085,1802.678077489249
106656874.97498275,1802.849642304759
106662349.57924537,1803.0876320660918
106667824.09767137,1803.3693330224005
106673298.48434031,1803.6489165327546
106678772.84309036,1803.9403323711363
106684247.05415422,1804.1855362485344
106689721.25209741,1804.4049418757322
106695195.66451275,1804.5374254497021
106700670.16933225,1804.8071288553424
106706144.54545645,1805.0936816393655
106711618.81445752,1805.3953506605574
106717092.99222909,1805.6806639202887
106722567.10162608,1805.9151990036996
106728041.19529636,1806.137093947229
106733515.48609121,1806.3244621591418
106738989.79065526,1806.4853121726035
106744464.11057787,1806.6644859681062
106749938.4378925,1806.8984839177772
106755412.63696338,1807.1734960859312
106760886.7713925,1807.452279056386
106766360.8394829,1807.725887021132
106771834.75898123,1807.9570248414534
106777308.74156633,1808.1574545054032
106782782.92087193,1808.289670005412
106788257.16025625,1808.5422701325479
106793731.28621988,1808.8134615215456
106799205.29088739,1809.1113032958267
106804679.22960222,1809.37394873132
106810153.11395457,1809.6022057378307
106815627.00262329,1809.7979070957322
106821101.10533333,1810.0054847959943
106826575.14051338,1810.1398297061269
106832049.24987768,1810.351347879229
106837523.3251156,1810.5875399361637
106842997.23589985,1810.860256680034
106848471.10876793,1811.1300437465393
106853944.90719768,1811.3929473362252
106859418.55413249,1811.6052307874288
106864892.34018992,1811.780324388511
106870366.2990461,1811.9550428855255
106875840.2397483,1812.2186739230033
106881314.05592047,1812.5015952564413
106886787.75615892,1812.7758995020852
106892261.39291017,1813.0412409322723
106897734.98310843,1813.2528052373757
106903208.61270511,1813.4426747962207
106908682.43326312,1813.6356520241297
106914156.1982323,1813.7732056058626
106919629.9938408,1813.9929384216189
106925103.74243857,1814.2315496733947
106930577.34350866,1814.4960083753765
106936050.90893607,1814.7692366691224
106941524.37599668,1815.0136518060467
106946997.71165018,1815.2242678468465
106952471.24315986,1815.378890316027
106957944.91765243,1815.5392957063596
106963418.57293367,1815.8132496518203
106968892.0481323,1816.098150572334
106974365.47175011,1816.3678849164887
106979838.7832636,1816.60234356379
106985312.07483512,1816.8151423782333
106990785.4682978,1816.9901517611722
106996258.97599965,1817.166046193562
107001732.47683184,1817.3052789840654
107007205.98127772,1817.5128856989434
107012679.42384398,1817.7572962684603
107018152.72851346,1818.0157461845538
107023626.02235746,1818.2804645473561
107029099.17078316,1818.5035499367787
107034572.26442549,1818.705215222041
107040045.57693169,1818.822389838526
107045518.98890956,1819.0150588712781
107050992.33943081,1819.2768995539757
107056465.55557586,1819.532035369683
107061938.72651142,1819.8090768277495
107067411.8073912,1820.0154448924543
107072884.86766149,1820.2210578150298
107078358.10063703,1820.3863774976508
107083831.37790321,1820.542155384032
107089304.64712512,1820.7078493667987
107094777.92063832,1820.9183351606619
107100251.09923147,1821.1701780884841
107105724.15418062,1821.4192400055583
107111197.18233126,1821.6762539158753
107116670.04979679,1821.8877696663494
107122142.93565363,1822.0719825290819
107127616.02740656,1822.1796305719945
107133089.21652904,1822.412407366372
107138562.25466692,1822.675243746954
107144035.18564783,1822.9244281207975
107149508.04468961,1823.1855444630378
107154980.83892044,1823.395443881364
107160453.61671832,1823.5725950071069
107165926.60396497,1823.7534916337806
107171399.5691914,1823.8762718056705
107176872.57782213,1824.0570718454992
107182345.56198953,1824.2600158459084
107187818.40679105,1824.5044736856046
107193291.2061267,1824.7479186588052
107198763.92885278,1824.9870659551875
107204236.50683,1825.184324776453
107209709.17397743,1825.3513252701018
107215182.01719292,1825.4620552204017
107220654.91508587,1825.697668353586
107226127.68351227,1825.9355373827848
107231600.35948643,1826.202868631211
107237072.95192249,1826.4324364958034
107242545.49056564,1826.6356598022205
107248018.05161098,1826.7951328803376
107253490.8127409,1826.9765654441499
107258963.51416871,1827.1007913737676
107264436.25567316,1827.2880410008618
107269908.97014524,1827.4955958038145
107275381.5167809,1827.7319500804363
107280854.0542985,1827.97765535913
107286326.48689792,1828.1982912927208
107291798.77828288,1828.3865748992166
107297271.23430552,1828.534904969828
107302743.8487439,1828.6459224024723
107308216.46613732,1828.8979586657124
107313688.9249452,1829.1560392431288
107319161.3040077,1829.4065743977615
107324633.60052784,1829.637271158856
107330105.8477389,1829.8174614718064
107335578.16368231,1829.9753758359238
107341050.64946109,1830.1302668924166
107346523.1024623,1830.2436295047926
107351995.58478326,1830.432204341524
107357468.01334271,1830.6482333089684
107362940.29712811,1830.8702771568258
107368412.56112903,1831.1113753178934
107373884.72282916,1831.3160820554149
107379356.76679693,1831.4973514473138
107384829.0093577,1831.6110728309277
107390301.4104632,1831.7563110247368
107395773.75583068,1831.9838506534606
107401245.97308213,1832.2399630941175
107406718.09729403,1832.4675680842718
107412190.15968058,1832.677457411309
107417662.18398386,1832.852165834596
107423134.3253441,1833.0012573694858
107428606.57689294,1833.153601328271
107434078.79706371,1833.2723388278084
107439551.04777128,1833.4591124234507
107445023.21488892,1833.6794764925974
107450495.24356604,1833.8998918214031
107455967.2591288,1834.1229625775109
107461439.14031146,1834.313068842292
107466910.99002989,1834.484752701019
107472383.05581352,1834.5706035198602
107477855.219574,1834.7677865547264
107483327.27725214,1835.0043118152973
107488799.21219456,1835.24477457001
107494271.06940876,1835.4839846124937
107499742.84440598,1835.6649656859552
107505214.60101333,1835.8396703733956
107510686.54096892,1835.9696185004298
107516158.52732284,1836.093810473339
107521630.52361476,1836.2335143033251
107527102.50572921,1836.4183159286567
107532574.37491143,1836.6324374018789
107538046.15412806,1836.8520955701401
107543517.91028412,1837.0649586711436
107548989.49920969,1837.2414448331572
107554461.13136213,1837.4001577116073
107559932.97198674,1837.480476480034
107565404.86813001,1837.67235808268
107570876.67159243,1837.897235060956
107576348.33981206,1838.1433659294319
107581819.95076182,1838.367519698014
107587291.4773666,1838.5475319051634
107592762.99261437,1838.6977538745161
107598234.71729338,1838.8507095749305
107603706.39938922,1838.9492776587044
107609178.14065024,1839.1079510449426
107614649.85454375,1839.286135752248
107620121.4175213,1839.5033742461787
107625592.92970403,1839.718914997914
107631064.37175614,1839.9276904940646
107636535.66353536,1840.089669259279
107642007.07105123,1840.2218830457548
107647478.65572113,1840.3284407916367
107652950.24831758,1840.535517495938
107658421.72477162,1840.765861890744
107663893.07859032,1840.9900934940156
107669364.36664473,1841.2025381624835
107674835.6054641,1841.3712987366137
107680306.86305934,1841.4922953370733
107685778.34169747,1841.6411043048615
107691249.75552125,1841.7189843316462
107696721.24022934,1841.8831447917903
107702192.68107072,1842.0629058968555
107707663.97130592,1842.2712828841247
107713135.22206552,1842.4839077626802
107718606.39072084,1842.6736990191685
107724077.41777883,1842.8327906566333
107729548.61843614,1842.9404121169493
107735019.9767877,1843.0309238019536
107740491.33733067,1843.2449562135541
107745962.53911911,1843.47482969003
107751433.66286395,1843.6780030207549
107756904.71690573,1843.872102484201
107762375.73639295,1844.0282664199658
107767846.825352,1844.154884402093
107773318.06504385,1844.2886713773528
107778789.27355136,1844.3810919280745
107784260.49955283,1844.5412228273667
107789731.67684895,1844.7267462482437
107795202.71004558,1844.9264624856091
107800673.71613382,1845.1424440807314
107806144.59859166,1845.3089215755501
107811615.40096445,1845.4606457612806
107817086.41268712,1845.5623022341106
107822557.51232183,1845.681463234548
107828028.58979559,1845.8969075531368
107833499.48464541,1846.115968568703
107838970.32851811,1846.3383663368709
107844441.07847175,1846.5023084571876
107849911.8030117,1846.6602780047583
107855382.66699897,1846.769493434732
107860853.62120874,1846.8916065890314
107866324.56331396,1847.0036907470571
107871795.5010329,1847.1618388013417
107877266.34883825,1847.346560985859
107882737.07089469,1847.537306667902
107888207.78480901,1847.7390799595871
107893678.34087346,1847.8981946471597
107899148.87818368,1848.0404120705316
107904619.63024406,1848.0987861085555
107910090.4749466,1848.2503359802563
107915561.2316086,1848.4590874730527
107921031.85419422,1848.6530834598059
107926502.42976087,1848.8666921516615
107931972.92667629,1849.0178855542704
107937443.38403337,1849.16057727613
107942914.04015662,1849.271973650625
107948384.70774767,1849.3674098968274
107953855.37853312,1849.4948692067912
107959326.0561556,1849.6475608733786
107964796.62194586,1849.839966531019
107970267.0874882,1850.0250801447385
107975737.51661804,1850.2156066064142
107981207.78552377,1850.3603283452712
107986678.10929142,1850.4850210697198
107992148.62753858,1850.551102379496
107997619.19163536,1850.7183234322097
108003089.65271117,1850.9194310279363
108008559.98958935,1851.1347795177585
108014030.25034583,1851.3260420180527
108019500.45508882,1851.4766792051578
108024970.65149209,1851.5891930991538
108030441.06871687,1851.7120404307793
108035911.44541365,1851.7779543776182
108041381.88179691,1851.9108472071043
108046852.28622892,1852.060827402675
108052322.54315135,1852.2476499058116
108057792.77122924,1852.425826274459
108063262.91826074,1852.5982576093065
108068732.92277244,1852.736030023717
108074203.04737353,1852.8408364273237
108079673.33285208,1852.9004741933743
108085143.66472533,1853.0849103154228
108090613.84558214,1853.2646848027593
108096083.95703901,1853.4682519349053
108101553.97163716,1853.6337218191657
108107023.94967324,1853.777752555213
108112493.96201892,1853.8740214160498
108117964.1703073,1853.9944540732527
108123434.34501699,1854.0657122289026
108128904.54324883,1854.201416775925
108134374.70525056,1854.3535781240003
108139844.7120674,1854.5300369011713
108145314.69002227,1854.7126311558109
108150784.57844184,1854.8610167541692
108156254.34719394,1854.9915617605777
108161724.3005283,1855.079868827016
108167194.38510303,1855.1503316047547
108172664.46440254,1855.3476707162963
108178134.37397672,1855.5468979342643
108183604.21621794,1855.733484508274
108189073.96193501,1855.8959490026227
108194543.66870992,1856.0221618635123
108200013.46898663,1856.1158246918671
108205483.41547792,1856.211545743888
108210953.36356716,1856.280607648858
108216423.31900726,1856.4145087702166
108221893.2081894,1856.5768665055461
108227362.95414525,1856.7366619713605
108232832.68419462,1856.9178270152374
108238302.29954629,1857.0515205310883
108243771.83044432,1857.1754017042824
108249241.5617562,1857.2444647755813
108254711.4095226,1857.3421915123256
108260181.18379202,1857.5260438573296
108265650.83094189,1857.702635791876
108271120.42045152,1857.894730281756
108276589.92331102,1858.0311959713679
108282059.39006779,1858.1598829616648
108287529.00278684,1858.245124872698
108292998.69280536,1858.3388421946997
108298468.36267944,1858.4252262347286
108303938.04667793,1858.555346057919
108309407.63924213,1858.7185954900751
108314877.10149686,1858.8830391602469
108320346.54252596,1859.0554446768972
108325815.82959658,1859.1846169629387
108331285.10844845,1859.2970284430764
108336754.60093951,1859.330369733338
108342224.18605584,1859.4736327308228
108347693.63734202,1859.655746412543
108353162.98108917,1859.8325850280812
108358632.23729083,1860.007875408237
108364101.43581145,1860.1397239359098
108369570.60130483,1860.2484273046612
108375039.95955461,1860.3297341236237
108380509.34645861,1860.39670436549
108385978.72688283,1860.4880571779918
108391448.12633134,1860.6116964122064
108396917.40255055,1860.7769505434176
108402386.5968325,1860.9345725972412
108407855.73068193,1861.0915684323686
108413324.7234246,1861.2082489534387
108418793.77442354,1861.3042081857502
108424263.01021299,1861.3333717073376
108429732.3073371,1861.4745063014084
108435201.49505086,1861.6365453040023
108440670.58097741,1861.8219763892123
108446139.58548927,1861.9748555730832
108451608.54795435,1862.0959786678852
108457077.50991826,1862.1810331801182
108462546.68813445,1862.2748149048298
108468015.82829131,1862.325193672597
108473485.01104741,1862.4331319380544
108478954.16474752,1862.5552617007215
108484423.17005341,1862.71140175778
108489892.14602262,1862.8674252680717
108495361.02518885,1863.0101846601856
108500829.76629455,1863.1200640133186
108506298.63649066,1863.1981693257167
108511767.67507872,1863.232145042258
108517236.7200419,1863.3939722435045
108522705.637921,1863.5420075401166
108528174.46708229,1863.7184383507881
108533643.21483904,1863.8590714235008
108539111.91223632,1863.9724291226046
108544580.65001701,1864.0537188375708
108550049.58185478,1864.1363256314874
108555518.47929814,1864.183980101862
108560987.39951916,1864.2920399124284
108566456.28157483,1864.4163144832871
108571925.00829972,1864.558351611728
108577393.7138629,1864.711521548581
108582862.33182615,1864.8299308832338
108588330.8288976,1864.9325287896154
108593799.50990586,1864.9922325015964
108599268.32403812,1865.0392550068686
108604737.12355739,1865.2073076051333
108610205.76004836,1865.378244749608
108615674.32170807,1865.5398825260709
108621142.79216653,1865.6728245660124
108626611.2250654,1865.7683806254174
108632079.75933976,1865.8350183761502
108637548.43603523,1865.900601600447
108643017.10643917,1865.9477775575654
108648485.79454963,1866.0596247744893
108653954.40826367,1866.1939432142399
108659422.8854958,1866.3243149748387
108664891.3371959,1866.4740706545933
108670359.68097442,1866.581187394163
108675827.93857513,1866.677551060291
108681296.39527124,1866.712675833249
108686764.98008092,1866.78665611232
108692233.48116562,1866.942025119113
108697701.85869572,1867.0922315645366
108703170.17351049,1867.254621865523
108708638.40440454,1867.3664551897102
108714106.5923641,1867.4667768884678
108719574.9284973,1867.5242283156992
108725043.33974066,1867.5911604693472
108730511.72947125,1867.6491061791467
108735980.14067857,1867.7515360041086
108741448.4578402,1867.8871444824497
108746916.64696328,1868.0228695893259
108752384.81052968,1868.1635843152062
108757852.82511672,1868.2633562915057
108763320.83523038,1868.3482788021731
108768789.05533952,1868.354967637782
108774257.3650321,1868.4741414734956
108779725.53606562,1868.6275277488462
108785193.60236073,1868.7805944136012
108790661.57721308,1868.9249167527435
108796129.49301846,1869.0278906256397
108801597.38228999,1869.1090060140555
108807065.46331804,1869.1596209111794
108812533.57547805,1869.2022789206308
108818001.68419038,1869.2666595124965
108823469.8097172,1869.3626659368285
108828937.80526821,1869.4968230301868
108834405.72974801,1869.625624432413
108839873.59170748,1869.752906239703
108845341.3128144,1869.8410936834784
108850809.09384263,1869.9097006137602
108856277.05804454,1869.911455163287
108861745.08249292,1870.0243070613144
108867212.99739663,1870.1579344238994
108872680.81245308,1870.3140283443133
108878148.54553956,1870.4378766040652
108883616.23722675,1870.5307185958775
108889083.92968613,1870.5882567945218
108894551.83788106,1870.6537888641833
108900019.70798871,1870.679470764951
108905487.61955975,1870.7613102411817
108910955.50178966,1870.8553504064255
108916423.23581879,1870.9821398591646
108921890.94117072,1871.1085270505896
108927358.55031945,1871.221291398823
108932826.02184272,1871.3028964229077
108938293.62267643,1871.3539440823076
108943761.39023475,1871.3601669406157
108949229.16589053,1871.4926537583406
108954696.81217678,1871.6129187065735
108960164.37201689,1871.7603719941346
108965631.84954132,1871.8717647490548
108971099.27800804,1871.9572138371682
108976566.74722166,1872.010195361004
108982034.41032977,1872.0651018508331
108987502.03978236,1872.0875755050224
108992969.6908907,1872.168625132176
108998437.30450499,1872.2641685845097
109003904.76288107,1872.378632655017
109009372.19856107,1872.5022539218735
109014839.54583351,1872.5907461459458
109020306.7747329,1872.6651973793562
109025774.18766482,1872.6987867614464
109031241.73047781,1872.7172192725777
109036709.25948434,1872.8571061639623
109042176.62395793,1872.9991482392575
109047643.91876088,1873.130770247482
109053111.11716291,1873.2351468798192
109058578.27768628,1873.3046797655243
109064045.53812657,1873.341336355339
109069512.94248393,1873.3813651960834
109074980.34838064,1873.401535987517
109080447.76332769,1873.482996975743
109085915.10783154,1873.5876535189736
109091382.31225784,1873.688813228675
109096849.49830319,1873.8097663204405
109102316.57218406,1873.8858664901577
109107783.56196627,1873.9540367473624
109113250.75058544,1873.9669934441577
109118718.05830076,1874.0100614894293
109124185.28730296,1874.1367609934784
109129652.38905771,1874.2571024000035
109135119.43467698,1874.3898382274194
109140586.39200541,1874.4693125531833
109146053.31720139,1874.5413090682275
109151520.38988456,1874.5692851092397
109156987.54063469,1874.6099836983647
109162454.67314188,1874.6464174128078
109167921.81395216,1874.7213022867559
109173388.86348295,1874.8253204160367
109178855.78365028,1874.9312237142194
109184322.68331662,1875.0439167367153
109189789.42956175,1875.114548656151
109195256.16715756,1875.1720306284708
109200723.11740074,1875.1511223640484
109206190.16220121,1875.230140007928
109211657.08367786,1875.353973735643
109217123.88904342,1875.4679633154824
109222590.61942527,1875.586751725059
109228057.29204212,1875.6620386700047
109233523.9246006,1875.7145197309974
109238990.75412121,1875.7414120868593
109244457.60525528,1875.7569638375066
109249924.45043159,1875.79849126554
109255391.3136839,1875.8666748031494
109260858.05808558,1875.9733007242382
109266324.71287777,1876.0716098243768
109271791.31181581,1876.1695431906678
109277257.76949854,1876.226823917247
109282724.28542107,1876.2687643373474
109288190.99021782,1876.2528253105309
109293657.73683217,1876.3348455705277
109299124.37778743,1876.4494557590197
109304590.90316862,1876.5763178644454
109310057.34805265,1876.6782933400955
109315523.74338387,1876.743729140506
109320990.13306697,1876.77207154633
109326456.74408916,1876.8094618720297
109331923.3175479,1876.8015607015377
109337389.9444357,1876.8547649293023
109342856.53887427,1876.9203968839588
109348322.98581502,1877.0180074468924
109353789.40493289,1877.1068071718587
109359255.7465136,1877.1901358084403
109364721.94514571,1877.2416068469045
109370188.26481366,1877.2636279430162
109375654.74492599,1877.2447591094785
109381121.26847324,1877.3382818480459
109386587.63769215,1877.437238412483
109392053.93922652,1877.5503535419323
109397520.14310023,1877.6308886220238
109402986.31443325,1877.6912244178172
109408452.52000298,1877.701004551166
109413918.92536475,1877.7374502871724
109419385.29775259,1877.732808045769
109424851.69242223,1877.7887831781898
109430318.04753882,1877.8546707143082
109435784.2508715,1877.946214833699
109441250.41862203,1878.0400811935826
109446716.49833083,1878.104290884897
109452182.4541442,1878.1501188256202
109457648.5919251,1878.154664927211
109463114.86103791,1878.1387334926796
109468581.13022734,1878.2457907014632
109474047.23045178,1878.3591545858549
109479513.26208262,1878.4522118230655
109484979.2080375,1878.529146115222
109490445.1199837,1878.575306970366
109495911.11055715,1878.5862109158124
109501377.24246162,1878.6068028341892
109506843.35913748,1878.6002171963796
109512309.48724876,1878.6496176603034
109517775.56265607,1878.7191294152017
109523241.49505654,1878.7991089423645
109528707.40803368,1878.8946831926708
109534173.19613841,1878.9410617821707
109539638.90982948,1878.9807632084667
109545104.82940643,1878.975484610474
109550570.83569641,1878.9823045136086
109556036.8098021,1879.0863655640896
109561502.60286921,1879.1888547710216
109566968.34764346,1879.2922494460663
109572433.99741083,1879.343717842404
109577899.6236716,1879.3880830874098
109583365.39196715,1879.3835275218662
109588831.25114687,1879.3989465691238
109594297.0981988,1879.403902042392
109599762.94349538,1879.4514690552346
109605228.69683939,1879.5172526618974
109610694.33059038,1879.5917430145068
109616159.95810245,1879.6720167801195
109621625.43028672,1879.7138976021274
109627090.88451526,1879.746235283772
109632556.55089366,1879.6980520982866
109638022.29524057,1879.739581729108
109643487.95677611,1879.8318957220354
109648953.47829962,1879.919988355005
109654418.95747371,1880.013117523553
109659884.35165207,1880.0476287117847
109665349.72533858,1880.0821736457906
109670815.29107325,1880.071030344
109676280.87638128,1880.0702919867015
109681746.48091574,1880.0965804385478
109687212.0610543,1880.1393726385397
109692677.53237179,1880.209049977676
109698142.90500107,1880.2796267352805
109703608.25636883,1880.3487937468449
109709073.43635353,1880.3778694270463
109714538.66995497,1880.3960095043203
109720004.10827835,1880.3478268908118
109725469.5839828,1880.3974110214706
109730934.96682644,1880.4840517088965
109736400.21751776,1880.5828577569737
109741865.40641525,1880.663423235982
109747330.51288177,1880.7013609230705
109752795.60941415,1880.7097234726498
109758260.92045565,1880.7200887487331
109763726.18790664,1880.6904847510848
109769191.51554258,1880.715469982782
109774656.8146245,1880.7527722172183
109780121.96180503,1880.8226817220614
109785587.06192334,1880.8906961606256
109791052.09075978,1880.9497933550913
109796516.97012088,1880.9697822799765
109801981.96998006,1880.9678533249946
109807447.14236929,1880.9383926854798
109812912.30308957,1881.003557550483
109818377.35377434,1881.090140494548
109823842.27502704,1881.1721331463846
109829307.13991608,1881.245917607328
109834771.93980794,1881.2698571077729
109840236.76349229,1881.254126502483
109845701.8095115,1881.26162652887
109851166.78097557,1881.2175882868207
109856631.83070533,1881.2468461862327
109862096.83711001,1881.286463669087
109867561.68408093,1881.3466412015166
109873026.4953426,1881.4119235442242
109878491.22934805,1881.4525588966321
109883955.82139073,1881.4704401297436
109889420.5812948,1881.4488315913723
109894885.49317658,1881.4001466553573
109900350.39653865,1881.4666704614988
109905815.16282803,1881.5549266194007
109911279.8394507,1881.6176829196206
109916744.45757267,1881.6716116775065
109922209.03276286,1881.6849099566134
109927673.68397646,1881.6700760337858
109933138.50197671,1881.6616163484423
109938603.28551368,1881.6266113590727
109944068.09147146,1881.6553685454455
109949532.83708408,1881.6978925241906
109954997.4446903,1881.7466639198174
109960462.02838235,1881.8074574625637
109965926.50737573,1881.8356551596366
109971390.87677659,1881.8484649727104
109976855.44535004,1881.797955073776
109982320.16059922,1881.7775630656918
109987784.81918009,1881.832072388171
109993249.34811701,1881.9158654005644
109998713.78627244,1881.9687660735765
110004178.16216405,1882.0075402562377
110009642.50452164,1882.0139012105137
110015106.9674795,1881.9915558684722
110020571.54220507,1881.9824971408125
110026036.08664562,1881.9505260291444
110031500.6550311,1881.9716666275444
110036965.14116152,1882.016776328595
110042429.48575495,1882.063112427686
110047893.81816484,1882.1122426728637
110053358.0144456,1882.127189372039
110058822.17921133,1882.1321700151043
110064286.55614175,1882.057120205611
110069751.03230838,1882.0784053998605
110075215.3942238,1882.1420583996542
110080679.63843349,1882.205622722851
110086143.81008449,1882.2684333455138
110091607.9082725,1882.2853260850968
110097071.97282577,1882.2892496119784
110102536.21621463,1882.2547207342789
110108000.50212643,1882.224228493352
110113464.78384891,1882.2023818899393
110118929.08841509,1882.2158370865711
110124393.27926679,1882.263987714977
110129857.3624152,1882.3115991152545
110135321.40250199,1882.3477162789509
110140785.30325647,1882.3533595738468
110146249.23417978,1882.3484561426617
110151713.35542451,1882.2605460737273
110157177.55951037,1882.307462512025
110162641.6070624,1882.3614278354528
110168105.55605721,1882.4226674992608
110173569.41588357,1882.473395754762
110179033.22257693,1882.4842879032194
110184497.01496027,1882.4644380232728
110189961.02208424,1882.4456475640695
110195425.00518817,1882.3903625292528
110200889.03300862,1882.385532998578
110206353.03304392,1882.3916870750909
110211816.89026363,1882.4308224761623
110217280.70750348,1882.4668286272636
110222744.44932933,1882.4980535835768
110228208.0489693,1882.4937777324258
110233671.74104579,1882.4697526219547
110239135.60133111,1882.393444158007
110244599.50336745,1882.425159043472
110250063.27536574,1882.4771869126546
110255526.94595665,1882.534386961916
110260990.53698455,1882.5700668989614
110266454.08467737,1882.5744169721315
110271917.64618348,1882.5326967119518
110277381.4260503,1882.5154279873848
110282845.1550538,1882.4512441924544
110288308.91344672,1882.451070806726
110293772.64851692,1882.457059903759
110299236.22685264,1882.4926318894072
110304699.79769589,1882.524285717099
110310163.2616413,1882.5393495273502
110315626.59752148,1882.5303891398335
110321090.08102944,1882.4886675089292
110326553.71771199,1882.411878125003
110332017.36986095,1882.448840773259
110337480.8545636,1882.507635239713
110342944.26085971,1882.5443135871096
110348407.59074019,1882.5740500530376
110353870.87758636,1882.566486680319
110359334.21030036,1882.5271538143206
110364797.72149664,1882.498558451534
110370261.18963459,1882.4367879866877
110375724.67422341,1882.4331151589204
110381188.11653513,1882.44220334493
110386651.40903611,1882.4740168657222
110392114.66962458,1882.5096992219046
110397577.82434385,1882.5127416450537
110403040.86550255,1882.4968111176922
110408504.10204855,1882.4328540915035
110413967.46540235,1882.3738772319873
110419430.8043893,1882.4135718110344
110424893.97294714,1882.4680586320515
110430357.08202335,1882.5024923121505
110435820.08739771,1882.5096129958595
110441283.07359271,1882.498152090074
110446746.16023684,1882.445157385579
110452209.3598252,1882.4058235839789
110457672.55245489,1882.3422012409771
110463135.74575794,1882.331500213163
110468598.87679625,1882.3418423683179
110474061.88007122,1882.3648519185213
110479524.85807975,1882.3914140744969
110484987.70021187,1882.379977661287
110490450.48933728,1882.3587570249067
110495913.48978788,1882.2617824285949
110501376.58990516,1882.2417719037037
110506839.59743497,1882.2752369453892
110512302.48266281,1882.320894173284
110517765.29187961,1882.3611626730656
110523228.00861718,1882.3510557723257
110528690.69962679,1882.3315135164323
110534153.55441017,1882.2665065797332
110539616.47253843,1882.2155052633839
110545079.38644804,1882.1529036245422
110550542.31572182,1882.139968599604
110556005.14044015,1882.1540831615653
110561467.85925187,1882.1690168728067
110566930.55243485,1882.1772950911118
110572393.10713416,1882.1535856809235
110577855.66452965,1882.1224580996413
110583318.42451835,1882.006887719907
110588781.26225428,1882.0107994853006
110594243.9904013,1882.035541149492
110599706.58972335,1882.0752861196506
110605169.12712322,1882.0957169097057
110610631.584441,1882.0684867601547
110616094.03679796,1882.036434344035
110621556.69283384,1881.963000571007
110627019.36014697,1881.894165333942
110632482.05530435,1881.8425448184375
110637944.7445478,1881.8240614778215
110643407.29870124,1881.8340804495588
110648869.79642636,1881.845764525154
110654332.22491217,1881.851288492649
110659794.51098605,1881.8203631159936
110665256.86207578,1881.7732313711392
110670719.39421855,1881.6571853620922
110676181.98698243,1881.6487989351995
110681644.46316552,1881.66385705928
110687106.84071642,1881.6996534393759
110692569.14033209,1881.7018045904633
110698031.39587572,1881.6748835343906
110703493.65823196,1881.6169352009833
110708956.13444299,1881.5676006576311
110714418.56566238,1881.477571088515
110719881.03297812,1881.4453149490878
110725343.47456045,1881.4223500387445
110730805.76760392,1881.4284627497077
110736268.03624964,1881.43588306546
110741730.20863579,1881.427289658302
110747192.24191101,1881.3901247026818
110752654.40446481,1881.3269904662577
110758116.72718155,1881.2155989676555
110763579.07173555,1881.2245854263126
110769041.27205049,1881.228843404743
110774503.39584869,1881.256433772991
110779965.43177621,1881.2462546440925
110785427.42204589,1881.2135932282044
110790889.45701692,1881.1391057482529
110796351.68020894,1881.0870976125407
110801813.86504214,1880.9943421065136
110807276.07415937,1880.9597472574585
110812738.24723403,1880.9370973040523
110818200.26725893,1880.9381228824907
110823662.25597969,1880.9417706174254
110829124.15500201,1880.9144827806085
110834585.92982371,1880.8696698729025
110840047.88887884,1880.7884603705588
110845509.98178428,1880.6824076681582
110850972.06486166,1880.7025595350192
110856433.97293952,1880.725086503328
110861895.81887394,1880.729985356037
110867357.57249804,1880.7152121520369
110872819.29302232,1880.672966223416
110878281.09579918,1880.5951820500727
110883743.04029031,1880.5269819705031
110889204.95757504,1880.4302114569762
110894666.89195745,1880.3922031155482
110900128.77636257,1880.3722290971878
110905590.51708171,1880.3648228008772
110911052.23216146,1880.3711832469673
110916513.8243573,1880.3295959400398
110921975.33763158,1880.2793141169632
110927437.0578731,1880.1845026346623
110932898.8659398,1880.1003721091906
110938360.64554493,1880.1147424816781
110943822.23576917,1880.1294754742091
110949283.78538993,1880.1340062364595
110954745.22915481,1880.0994915497831
110960206.65015034,1880.0543287250582
110965668.21527456,1879.9614517855962
110971129.86735919,1879.8905652134197
110976591.21463321,1876.9597742892672
110982058.06806985,1876.4150805118934
110987524.5712037,1876.3696629366143
110992994.49153452,1872.771598118551
110998465.82101756,1872.7121071183483
111003940.84928733,1869.1392490307198
111009416.9684271,1869.0023058849968
111014897.46489166,1865.422185176437
111020378.82766719,1865.2461938435451
111025864.59072885,1861.906066318682
111031350.68461834,1861.7058207546293
111036841.53650041,1858.5020370871516
111042332.45129283,1858.1550549530223
111047828.44808255,1855.0537866223435
111053324.47495262,1854.5571827437986
111058825.90485094,1851.6128202710102
111064326.86975239,1850.9807320160194
111069833.52333573,1848.3120537435987
111075339.67580287,1848.3116085492995
111080845.76833548,1848.307224015457
111086351.80307046,1848.2951445029414
111091857.70825635,1848.2461853767086
111097363.69122702,1848.1752675462142
111102869.86842361,1848.0587329144096
111108376.08972389,1848.0367300176522
111113882.20646845,1848.0474772452515
111119388.2049615,1848.059009417926
111124894.14647107,1848.0506075632672
111130400.03348775,1848.0049316840461
111135905.94608556,1847.9185544921165
111141412.07630976,1847.8577475463428
111146918.15989155,1847.7507086353373
111152424.27994967,1847.7054779152095
111157930.38426211,1847.6733115244174
111163436.33661096,1847.6592941065128
111168942.27164167,1847.6550944404562
111174448.1274251,1847.6254909228746
111179953.8565568,1847.5650567743141
111185459.7576521,1847.4655112976368
111190965.83064772,1847.3512097814798
111196471.89935261,1847.3466015239692
111201977.82172514,1847.3551206027892
111207483.689831,1847.3462289733895
111212989.47852777,1847.3164030149937
111218495.24005246,1847.2592916411509
111224001.0987615,1847.169710601511
111229507.10191633,1847.0792944625437
111235013.10424656,1846.9711959223052
111240519.13444544,1846.9275897959462
111246025.1001007,1846.9046221698122
111251530.95218256,1846.884489110868
111257036.77411805,1846.871223618059
111262542.48519811,1846.8227895779194
111268048.14501208,1846.7562125233778
111273554.02131702,1846.6220751592482
111279059.99964847,1846.561476413261
111284565.90859972,1846.5504086051583
111290071.69335455,1846.5381968776069
111295577.43906215,1846.535152799314
111301083.11505078,1846.4770607436294
111306588.76971085,1846.4117043726926
111312094.61095655,1846.3142113729884
111317600.48472632,1846.213659004185
111323106.37158029,1846.1168625466432
111328612.2866228,1846.0651347365979
111334118.09675694,1846.0407790884478
111339623.83385105,1846.0154381400946
111345129.55450521,1845.9865560365677
111350635.11875044,1845.9183284741084
111356140.74197637,1845.8341109504488
111361646.57508451,1845.6971787191237
111367152.46773788,1845.6501607556736
111372658.25688434,1845.6440608941475
111378163.92049046,1845.6420761292982
111383669.52237195,1845.6123295395723
111389175.08264686,1845.5495057128037
111394680.65762457,1845.4558005777676
111400186.44465904,1845.3744193746948
111405692.1890244,1845.2469255399449
111411197.97988024,1845.178759140933
111416703.75993666,1845.1263699716208
111422209.39166196,1845.0988520050705
111427715.00078093,1845.0674582477156
111433220.54173978,1845.0237655304143
111438725.9607937,1844.9454460966726
111444231.53019941,1844.8370478765817
111449737.24454348,1844.7079269454648
111455242.99632677,1844.6847180611378
111460748.58507422,1844.6729190267938
111466254.11938645,1844.6540451912308
111471759.56283103,1844.613424286675
111477264.97042459,1844.5348328553494
111482770.45966017,1844.4315283997894
111488276.1169754,1844.3305862751545
111493781.74006236,1844.2012743948221
111499287.40078457,1844.1372627286228
111504793.01488915,1844.0931330107396
111510298.5012673,1844.057684019645
111515803.95961063,1844.0306000409719
111521309.31163955,1843.9614930351497
111526814.59744279,1843.875998890909
111532320.08532701,1843.751760198444
111537825.69583802,1843.6455624167452
111543331.24050876,1843.628510647485
111548836.65181586,1843.6033594011271
111554342.00674003,1843.5832032032479
111559847.29329984,1843.5128027468513
111565352.54699267,1843.4327570544588
111570857.96803442,1843.3162966282869
111576363.44350824,1843.2068288898897
111581868.92663354,1843.0824176323479
111587374.43223394,1843.0128598106667
111592879.8474432,1842.9696293551174
111598385.17841685,1842.924438904049
111603890.49738449,1842.8830301719236
111609395.66255714,1842.79881215156
111614900.86168985,1842.6986714918944
111620406.27062531,1842.535090661195
111625911.76691574,1842.4941070844725
111631417.11480708,1842.4581931864964
111636922.37317702,1842.4338814557736
111642427.55413951,1842.389706935262
111647932.68691902,1842.3088784886174
111653437.8251722,1842.2021722788402
111658943.17267054,1842.1017777875643
111664448.48457573,1841.9541782382648
111669953.84957977,1841.865282642266
111675459.20128013,1841.7918666313574
111680964.41876645,1841.7463241257014
111686469.60249259,1841.6963113737254
111691974.72889493,1841.6371574994414
111697479.72577225,1841.5415194796053
111702984.85185309,1841.4199070998789
111708490.14185582,1841.2611113920893
111713995.47842063,1841.2121451820174
111719500.68646137,1841.1659576383854
111725005.79965797,1841.1346972161732
111730510.85863833,1841.0761665760335
111736015.86678562,1840.9810900967082
111741520.93558681,1840.8609826343936
111747026.1936535,1840.744974785082
111752531.405158,1840.5956084293618
111758036.65884995,1840.5119053898907
111763541.87403369,1840.441862363048
111769046.9537619,1840.3912938824135
111774552.0152005,1840.3450575871207
111780056.97661607,1840.2619965130848
111785561.85147147,1840.1577960802404
111791066.92090102,1840.0141524405785
111796572.12746628,1839.8779289023664
111802077.28578468,1839.836518227558
111807582.32333261,1839.8008384369314
111813087.2877119,1839.7417754298503
111818592.18906967,1839.6610950185946
111824097.07219446,1839.5607785479642
111829602.08899844,1839.4283020635662
111835107.18835045,1839.3047863863853
111840612.28476402,1839.1552608707532
111846117.40462062,1839.0671030500043
111851622.45021147,1838.9991465504506
111857127.395939,1838.9331282560308
111862632.3317886,1838.8805980904435
111868137.12390578,1838.7810332401075
111873641.91796127,1838.6682445879617
111879146.93032357,1838.4876465861234
111884652.02856904,1838.4175674118858
111890156.99759942,1838.3648654879469
111895661.86554344,1838.3260997849193
111901166.66681969,1838.2683883985053
111906671.3994466,1838.1574263033299
111912176.13103497,1838.0439580147508
111917681.08337452,1837.9058994582347
111923186.00780602,1837.7455629139517
111928690.9878263,1837.6303249164948
111934195.9628072,1837.53544602171
111939700.8148629,1837.4680563581062
111945205.62669757,1837.3976953958888
111950710.38379505,1837.3209831890927
111956215.01119491,1837.2095249338015
111961719.74070679,1837.0761339370108
111967224.64896822,1836.8961997458323
111972729.61146036,1836.8211240660996
111978234.44818467,1836.759156196009
111983739.18626074,1836.7102354218298
111989243.87530816,1836.6413703955718
111994748.50322092,1836.5286688429803
112000253.17308244,1836.377419834628
112005758.05218577,1836.256511132643
112011262.88543417,1836.0617511877808
112016767.77126849,1835.9546637436044
112022272.63670643,1835.8625364871582
112027777.36356416,1835.7911832220914
112033282.07492578,1835.7223415323929
112038786.69983873,1835.6205556931682
112044291.2214308,1835.4978309587696
112049795.92988987,1835.3385391448971
112055300.79714724,1835.1747927110032
112060805.62528996,1835.1120310683027
112066310.31987613,1835.0579318824668
112071814.94988425,1834.9846692418116
112077319.51434301,1834.8912900278146
112082824.05681278,1834.774913239507
112088328.70761392,1834.626613505208
112093833.46665756,1834.4715322359373
112099338.22842136,1834.3036032560856
112104843.01367836,1834.188411767986
112110347.7422145,1834.106047263079
112115852.35147224,1834.0210391792918
112121356.9548922,1833.9491516608296
112126861.42533079,1833.831655087178
112132365.871834,1833.7024428364834
112137870.5401683,1833.5057117160306
112143375.30366416,1833.4034774385054
112148879.96854709,1833.3281781116816
112154384.51613988,1833.2670126544542
112159889.00099191,1833.1963102322522
112165393.4160299,1833.0719995579825
112170897.82320571,1832.9453096656566
112176402.43646953,1832.7833184897554
112181907.0383326,1832.6155521158241
112187411.6690754,1832.465909149808
112192916.3168421,1832.352192511382
112198420.8596733,1832.2747402109471
112203925.33539355,1832.1906945018002
112209429.75963952,1832.0990084344392
112214934.05156434,1831.9702561118424
112220438.4169355,1831.8239366028524
112225942.97033164,1831.6158425442352
112231447.60372038,1831.5116458747848
112236952.11740142,1831.437213419041
112242456.51728795,1831.368323908548
112247960.87044959,1831.2779006192075
112253465.16501084,1831.1497068361055
112258969.48728673,1830.988135639255
112264474.02981023,1830.8436793833382
112269978.5281011,1830.6288127928026
112275483.07562356,1830.4988017767937
112280987.61997966,1830.3843721760204
112286492.02060011,1830.2898577868582
112291996.41853341,1830.2087315635
112297500.72357313,1830.0993028465132
112303004.90394731,1829.958130567216
112308509.25473444,1829.7865542078005
112314013.77908285,1829.5927728600814
112319518.28015988,1829.5093621930782
112325022.64306086,1829.4310260326392
112330526.9485448,1829.3359077067616
112336031.19126028,1829.224747230443
112341535.41318256,1829.0888402036705
112347039.72840644,1828.9216136268221
112352544.18231884,1828.7525664256032
112358048.61286822,1828.5567284997962
112363553.07891105,1828.4216752693549
112369057.49947852,1828.318699179669
112374561.79762296,1828.2146174510049
112380066.08360036,1828.1210743595043
112385570.26936138,1827.9932249088642
112391074.3849973,1827.8472736245285
112396578.71378045,1827.633256033699
112402083.15875006,1827.4951850421062
112407587.52803348,1827.3962413976806
112413091.7774971,1827.319945398245
112418595.95644075,1827.233757675673
112424100.06428489,1827.0904703382198
112429604.16496897,1826.9446650572481
112435108.45945004,1826.7693315601557
112440612.7682278,1826.5835035561536
112446117.09422916,1826.4051731050918
112451621.43403147,1826.2720674423372
112457125.68507129,1826.1745832826812
112462629.84605919,1826.0729227326563
112468133.97605073,1825.9618765869047
112473637.9705502,1825.8139226083226
112479142.0109743,1825.6565791335884
112484646.27028811,1825.4330351718406
112490150.57151428,1825.308889831193
112495654.77707566,1825.217728232688
112501158.85549688,1825.131295547862
112506662.89696833,1825.0285539739587
112512166.86435118,1824.8818971666678
112517670.84675866,1824.7065320465895
112523175.0499472,1824.5441960156222
112528679.21038653,1824.3129711352012
112534183.4205854,1824.1587154656215
112539687.62638912,1824.0219622161048
112545191.70304286,1823.9113958244031
112550695.76130289,1823.8111864426562
112556199.73296574,1823.6880491978366
112561703.5750613,1823.527931360889
112567207.56336695,1823.3418294293676
112572711.71176201,1823.1555289127346
112578215.87028867,1823.0361316448077
112583719.88045473,1822.946274008403
112589223.81252539,1822.8401030405944
112594727.67341383,1822.715886651157
112600231.51052348,1822.561226057837
112605735.41414702,1822.375660236699
112611239.48722854,1822.193022852389
112616743.5056937,1821.971281286122
112622247.57588136,1821.8157498272758
112627751.61652057,1821.6870804769678
112633255.52202997,1821.5642643230624
112638759.4295029,1821.4545600767267
112644263.24020572,1821.3099218129955
112649766.95736249,1821.1448013012616
112655270.87706982,1820.9211560428205
112660774.94370693,1820.7356616459974
112666278.96375373,1820.6364918073743
112671782.80760808,1820.5366622934087
112677286.62513764,1820.4305509989676
112682790.34833595,1820.2740087331383
112688294.05655287,1820.1114954313668
112693797.9376515,1819.9131178480384
112699301.86211929,1819.7139113914473
112704805.79448515,1819.5020560449389
112710309.74717669,1819.3487382423873
112715813.62646602,1819.2290104327144
112721317.4085141,1819.1033900730622
112726821.16610625,1818.9793776633262
112732324.79570706,1818.815441137367
112737828.4379162,1818.6416140914725
112743332.29595876,1818.3939081391766
112748836.22142676,1818.2495501907895
112754340.07183853,1818.1282424917517
112759843.7960055,1818.0055495497106
112765347.47304074,1817.8882530443743
112770851.0991258,1817.7227929708333
112776354.71392056,1817.5366154820613
112781858.54647087,1817.3502539345257
112787362.3467697,1817.10031277979
112792866.1912295,1816.9187067687133
112798370.04019953,1816.7576480286361
112803873.77170897,1816.6267635952408
112809377.46862163,1816.5080627527855
112814881.09608494,1816.3687754201078
112820384.58266778,1816.1930656213938
112825888.19100767,1815.9964478278616
112831391.97513226,1815.7724395353416
112836895.7798219,1815.6327372832707
112842399.44690569,1815.5239304599609
112847903.01936907,1815.4072129604483
112853406.51921842,1815.2574835131904
112858909.9914204,1815.0862761945216
112864413.52630045,1814.8766723781073
112869917.23506619,1814.6830842717063
112875420.88165374,1814.432521536696
112880924.58961035,1814.2532177845303
112886428.28100924,1814.0986911203847
112891931.83341236,1813.9557117565603
112897435.39014895,1813.8254836262447
112902938.8554693,1813.668158996554
112908442.20587537,1813.4832584627432
112913945.74853466,1813.25239203243
112919449.45285608,1813.0321106995189
112924953.1133662,1812.906794552547
112930456.61860557,1812.7887510679968
112935960.08659105,1812.6633474716364
112941463.44840814,1812.492769920644
112946966.79359238,1812.307329210426
112952470.28956166,1812.0946176274547
112957973.88298498,1811.850517710875
112963477.45666891,1811.6090679379504
112968981.08007815,1811.4340434658823
112974484.64297815,1811.289486436013
112979988.09739272,1811.1412536660491
112985491.53542651,1810.9999484544278
112990994.85145363,1810.8175672569175
112996498.14992602,1810.6272173669017
113002001.66855115,1810.3695849972305
113007505.2652095,1810.1913860411187
113013008.78770483,1810.0479335124965
113018512.18044671,1809.915043787013
113024015.53401475,1809.7816300042678
113029518.82021941,1809.5948873603888
113035022.08294757,1809.39869255823
113040525.56884356,1809.1788681824605
113046029.03150988,1808.925075131652
113051532.53251252,1808.6879901832374
113057036.0542855,1808.5083101036435
113062539.46207933,1808.3600811128194
113068042.82708639,1808.2162095350157
113073546.1421616,1808.0594281960516
113079049.31520467,1807.8659713952745
113084552.57537444,1807.6569628357756
113090056.03068306,1807.401673526993
113095559.53183165,1807.2372706184005
113101062.88907206,1807.105168582613
113106566.13965194,1806.9698574174772
113112069.3316576,1806.8120806608595
113117572.4794181,1806.619159979199
113123075.66705899,1806.39237914506
113128579.05859232,1806.1839315769278
113134082.3897053,1805.898975290566
113139585.762344,1805.702059089444
113145089.13636751,1805.525897820371
113150592.36788006,1805.3652209425495
113156095.57847707,1805.2203050132084
113161598.71278973,1805.0491094723498
113167101.72001196,1804.8439384890683
113172604.89891876,1804.6015365539997
113178108.2593961,1804.3514993480708
113183611.58754829,1804.20289250192
113189114.76523288,1804.053094574634
113194617.90116127,1803.9036466154232
113200120.94662608,1803.7215596943934
113205623.97020958,1803.5204232983374
113211127.11065291,1803.2851829490523
113216630.38171782,1803.029112707135
113222133.62825115,1802.755304397271
113227636.92438631,1802.5564869188124
113233140.16792949,1802.387846141806
113238643.2967609,1802.2280718635027
113244146.40563658,1802.0704673254957
113249649.39572482,1801.8796891404133
113255152.33336692,1801.669744611367
113260655.48672609,1801.3996157845406
113266158.73929372,1801.1931719240827
113271661.92589667,1801.0238783108484
113277164.97305675,1800.873048313873
113282667.97729391,1800.7155992506741
113288170.92136812,1800.508386618655
113293673.85178968,1800.2942835512877
113299176.98429118,1800.0515452840357
113304680.11139931,1799.7824680578242
113310183.2669999,1799.5170487590935
113315686.45496945,1799.313498656708
113321189.54789007,1799.146424386661
113326692.57833368,1798.977365518356
113332195.58415063,1798.8060377657894
113337698.43445878,1798.5915750966792
113343201.33527562,1798.3663106722304
113348704.45739745,1798.0817462173611
113354207.64562522,1797.8896372443542
113359710.69948655,1797.7348130137386
113365213.63122632,1797.5767753146786
113370716.52218315,1797.4073254346392
113376219.35061611,1797.190588204351
113381722.2069936,1796.9500061619276
113387225.28174949,1796.7137289049156
113392728.30126247,1796.40204912827
113398231.36497115,1796.173836906464
113403734.43971653,1795.9691131286086
113409237.3833219,1795.790766015813
113414740.3022268,1795.6260978864896
113420243.14997286,1795.4398790478415
113425745.86144803,1795.2162697822325
113431248.71927251,1794.9660667238413
113436751.72387096,1794.698812433623
113442254.7736513,1794.517668488863
113447757.6455328,1794.354577306884
113453260.4672794,1794.185893613384
113458763.20211768,1793.9887350833897
113464265.91796942,1793.770422746866
113469768.7151855,1793.5139304209672
113475271.672762,1793.2479622546045
113480774.56939475,1792.937386212112
113486277.53586407,1792.7119612760653
113491780.47477497,1792.5166992787106
113497283.28465505,1792.3287136162633
113502786.09498765,1792.1529690567306
113508288.79952224,1791.9473140234772
113513791.41268392,1791.718640776178
113519294.23193201,1791.4338500983042
113524797.1735719,1791.1867973512822
113530300.0555761,1791.0300636085785
113535802.7675574,1790.8567555258123
113541305.44573864,1790.6869115302459
113546808.03948382,1790.461048685946
113552310.61742298,1790.2291639736177
113557813.38082516,1789.9637613818575
113563316.16637275,1789.675245137886
113568818.9645737,1789.3735462709558
113574321.80388959,1789.1475067133122
113579824.5722455,1788.9594132257384
113585327.25929809,1788.7680106991834
113590829.92198472,1788.5770450779366
113596332.45198402,1788.347799869583
113601834.99190065,1788.1090699546262
113607337.75271478,1787.8008492833526
113612840.57619712,1787.5846367754823
113618343.31150497,1787.3929780112387
113623845.93039294,1787.2095728209042
113629348.48287912,1787.0204708473832
113634850.99039969,1786.790076064775
113640353.49718508,1786.5348845480567
113645856.22645691,1786.2722311884024
113651358.91033545,1785.9338405532194
113656861.63560309,1785.67085246795
113662364.38244146,1785.4396665234108
113667867.01618664,1785.2440186046244
113673369.61042559,1785.0603583165855
113678872.14482261,1784.8548301371545
113684374.53010319,1784.613500770433
113689877.03747053,1784.3519736024127
113695379.71976918,1784.057642759237
113700882.43158284,1783.8513861380313
113706384.98372397,1783.6743582569857
113711887.458868,1783.4901910117173
113717389.85521905,1783.270869733748
113722892.2211612,1783.0299564476352
113728394.65885751,1782.7574210075297
113733897.26625219,1782.4826713039024
113739399.80997573,1782.14209647101
113744902.4166107,1781.886841365053
113750405.01578255,1781.6649014730401
113755907.47534198,1781.4540411793344
113761409.94730529,1781.26162871373
113766912.31671418,1781.040985971472
113772414.56873937,1780.7911808898473
113777917.01260525,1780.4931678308328
113783419.61223078,1780.2118479374578
113788922.15907632,1780.0205688627852
113794424.54710871,1779.8300446566209
113799926.89959934,1779.6409042550442
113805429.14367005,1779.3987997791394
113810931.37030677,1779.1483089126436
113816433.75956482,1778.863249214163
113821936.23729365,1778.5348539933548
113827438.68103236,1778.2061820030708
113832941.1875202,1777.9569891421258
113838443.64118809,1777.7445340808872
113843945.99427208,1777.5328364760921
113849448.32576256,1777.3262124544747
113854950.53610873,1777.0799503252329
113860452.7195709,1776.8242396863363
113865955.11767213,1776.5038435652555
113871457.59799452,1776.2556706128366
113876960.00147898,1776.040012808464
113882462.26706894,1775.8428179776351
113887964.49504012,1775.637534518158
113893466.65470201,1775.3826560818898
113898968.79698218,1775.1168406151696
113904471.16772266,1774.8256516257572
113909973.49527134,1774.478550272887
113915475.87534851,1774.1556418724592
113920978.28280993,1773.9018205086675
113926480.57965514,1773.6855796941659
113931982.83982342,1773.4749507910149
113937485.05548222,1773.2542670776063
113942987.11679673,1772.9963149908533
113948489.26087563,1772.7224808202325
113953991.6039099,1772.3951167661942
113959493.99054883,1772.1718484032347
113964996.21646532,1771.9725643165389
113970498.33886792,1771.7647656217016
113976000.40055828,1771.538931871271
113981502.4196799,1771.274181835322
113987004.48248586,1770.981423434108
113992506.7541512,1770.690440309574
113998008.95960921,1770.3092724410853
114003511.20250875,1770.0309216282287
114009013.46470001,1769.7844546296303
114014515.5879594,1769.5551698765476
114020017.68841377,1769.3464195053355
114025519.71560082,1769.1091560813607
114031021.60848485,1768.8387958551132
114036523.67044407,1768.5292220116169
114042025.90608245,1768.2191576037642
114047528.10200709,1767.9960058351662
114053030.16016176,1767.7728966340999
114058532.16848099,1767.5547361773517
114064034.0854583,1767.2984954752133
114069535.98291431,1767.031590966495
114075038.00647444,1766.7229247441587
114080540.14944771,1766.3822053444183
114086042.2594568,1766.0139083622562
114091544.43072999,1765.7341891006508
114097046.5623653,1765.4971850951374
114102548.57360844,1765.2680754954094
114108050.57521053,1765.0428475163742
114113552.45366128,1764.7895621914645
114119054.26994744,1764.5127431447454
114124556.3093983,1764.1676879379752
114130058.44781959,1763.8918958199054
114135560.51621978,1763.654674028119
114141062.43478756,1763.4467759347785
114146564.30111767,1763.212597142517
114152066.10177328,1762.9327860850274
114157567.89850917,1762.6476733652116
114163069.90791203,1762.3336167493221
114168571.89701718,1761.964307739067
114174073.91901985,1761.6122654709757
114179575.97819431,1761.330979977552
114185077.95170249,1761.0983177380265
114190579.86043707,1760.8651923838408
114196081.73141621,1760.6243488018636
114201583.45714895,1760.3455459252536
114207085.22046426,1760.0551602570404
114212587.20524514,1759.7029962701317
114218089.23887043,1759.43772722022
114223591.15977065,1759.2036520366664
114229092.96225165,1758.9709512685079
114234594.72235286,1758.732316143595
114240096.41186233,1758.4416512280682
114245598.12853582,1758.1318068888854
114251100.07906367,1757.8085407961535
114256601.9626714,1757.3930676653922
114262103.89763503,1757.0746153471816
114267605.8557956,1756.7939849686645
114273107.69081387,1756.548099338662
114278609.50425081,1756.3220517106547
114284111.24113055,1756.0642490451999
114289612.8305693,1755.7756054583178
114295114.56229681,1755.457104759126
114300616.46508102,1755.1242747308913
114306118.38164718,1754.871126036883
114311620.11971478,1754.6490028712853
114317121.7922385,1754.4054013269526
114322623.38018453,1754.1319470698563
114328124.9523165,1753.8441698109386
114333626.61520055,1753.512525137724
114339128.4370849,1753.165142322549
114344630.18275337,1752.7439992361262
114350132.0114538,1752.4304643863325
114355633.83464645,1752.1633150118473
114361135.5186958,1751.901920747977
114366637.2162396,1751.661688766301
114372138.80323301,1751.3861798534854
114377640.29003394,1751.0893248588075
114383141.97757532,1750.7216595324073
114388643.82649031,1750.4080723055056
114394145.6015306,1750.1623837557186
114399647.20633177,1749.923222540945
114405148.78850096,1749.6830765425127
114410650.26512092,1749.381667422917
114416151.72745599,1749.0817327988518
114421653.38424669,1748.7400921803
114427155.06311218,1748.3471192054826
114432656.76415963,1747.9566288263895
114438158.49218225,1747.6477825369989
114443660.16625395,1747.3918871259111
114449161.74691316,1747.1368194638435
114454663.29311658,1746.880390312192
114460164.70900184,1746.5864653410624
114465666.11973315,1746.2788821550128
114471167.73761195,1745.8976573331306
114476669.4337181,1745.6172707046444
114482171.03498314,1745.3502809388253
114487672.49115206,1745.1036907704909
114493173.9200537,1744.8419234176642
114498675.28255004,1744.53675452903
114504176.6387366,1744.2119068350294
114509678.2256691,1743.8709532748035
114515179.73675795,1743.4330767466774
114520681.30688353,1743.069175265598
114526182.9131471,1742.7589282705346
114531684.41297577,1742.4976012928003
114537185.87838218,1742.2443483612922
114542687.2792374,1741.974965340669
114548188.51669627,1741.6707576239082
114553689.86069654,1741.341312062665
114559191.39920528,1740.9625411688644
114564692.95801273,1740.694107207694
114570194.35545562,1740.4439948647357
114575695.65185782,1740.1819432247435
114581196.89114134,1739.9076048745665
114586698.09319915,1739.5896495214874
114592199.35235658,1739.240405684141
114597700.7994794,1738.879674232908
114603202.1896651,1738.4215205366452
114608703.62746781,1738.0806166550883
114614205.07824318,1737.781507142433
114619706.38683273,1737.5039352679833
114625207.70957425,1737.2500855915864
114630708.92359559,1736.9521582107348
114636210.02053101,1736.636976286559
114641711.29572858,1736.2674805582647
114647212.72908859,1735.9209193419015
114652714.10454267,1735.643781660759
114658215.34276581,1735.3785070740064
114663716.52163039,1735.1051101963592
114669217.62294555,1734.794231268476
114674718.7030166,1734.4839057860188
114680219.92816214,1734.1203814809442
114685721.22749388,1733.704937312495
114691222.5175165,1733.2621078325067
114696723.87274654,1732.9220541179604
114702225.1911449,1732.6369752552673
114707726.3886355,1732.349615747755
114713227.58238037,1732.081926121736
114718728.6475649,1731.7743956634056
114724229.66171828,1731.4473534018457
114729730.88637564,1731.0531010069217
114735232.2197084,1730.749201232726
114740733.43975033,1730.4652606542672
114746234.51369172,1730.2148754705036
114751735.53552403,1729.9284832088824
114757236.48051216,1729.598760312295
114762737.42979896,1729.263426611477
114768238.60523999,1728.8908973520283
114773739.72367804,1728.4339163724276
114779240.90545854,1728.0330021799066
114784742.1175972,1727.693382401243
114790243.236181,1727.4172680200907
114795744.30678785,1727.136066678567
114801245.31067684,1726.849083860004
114806746.1745748,1726.5284125963274
114812247.09945309,1726.1854271199668
114817748.22098497,1725.7638468397636
114823249.40900557,1725.4784929808616
114828750.43126713,1725.1874882885077
114834251.37063268,1724.904720661967
114839752.25095156,1724.60944083111
114845253.07040323,1724.269009624898
114850753.9271105,1723.9084654837116
114856255.01156358,1723.5224233255278
114861756.0130776,1723.0131298349195
114867257.10014868,1722.6374999037691
114872758.20282327,1722.3054082060653
114878259.17840731,1722.012346091979
114883760.15103425,1721.742279871033
114889261.03121579,1721.4340217052768
114894761.75845705,1721.104062213642
114900262.65037681,1720.7294619661036
114905763.7353083,1720.3304545224466
114911264.76846825,1720.0436887913659
114916765.65570356,1719.7538756186475
114922266.46741185,1719.470926398449
114927767.20651694,1719.1397616077588
114933267.92334089,1718.804168025337
114938768.76118287,1718.4188923563538
114944269.72313997,1718.0009071014679
114949770.62392862,1717.5079544443831
114955271.60169235,1717.1379390915158
114960772.56964944,1716.821290187849
114966273.39703627,1716.5178598938458
114971774.24123262,1716.2396954722076
114977274.95644958,1715.9133183591462
114982775.58355694,1715.5708624065496
114988276.41376914,1715.141943449389
114993777.40582597,1714.7980256701876
114999278.2879602,1714.4797340645973
115004779.04948242,1714.201464558873
115010279.74950671,1713.8925353332609
115015780.37265624,1713.5528965966803
115021280.97737178,1713.2015793441112
115026781.79063268,1712.8008625293571
115032282.60216798,1712.3187046861563
115037783.45051661,1711.8638511310535
115043284.33439083,1711.4980025594264
115048785.15441722,1711.186139370286
115054285.89471021,1710.8830428928757
115059786.60348324,1710.5918214848882
115065287.15802494,1710.2542915398126
115070787.7275278,1709.8948435325724
115076288.49101496,1709.4603845559998
115081789.34475014,1709.1546531887718
115087290.04906547,1708.8338022935804
115092790.63748482,1708.5629512211192
115098291.16699101,1708.2381258230553
115103791.62983954,1707.8756011819225
115109292.11862358,1707.5085433562933
115114792.84712164,1707.0984635311515
115120293.48080415,1706.5725783823084
115125794.19797988,1706.1471423801531
115131294.95019555,1705.7887864796303
115136795.58067234,1705.4830146507131
115142296.18517128,1705.1737604912591
115147796.72838409,1704.856671216374
115153297.11130714,1704.5090734841938
115158797.6150766,1704.1224644927584
115164298.30827925,1703.6675903583239
115169799.03941774,1703.3594730161874
115175299.59343657,1703.0448482866452
115180800.06929085,1702.7418770504191
115186300.48201083,1702.4147412004522
115191800.84244834,1702.0456216486996
115197301.28323168,1701.647237401209
115202801.9088096,1701.2099983954183
115208302.44972488,1700.6664103283383
115213803.08310896,1700.2694693042833
115219303.71475692,1699.9283319740057
115224804.20497127,1699.6151782662992
115230304.69096547,1699.3223639726586
115235805.05565204,1698.982647581998
115241305.31040515,1698.6245992550535
115246805.75926825,1698.2045351291213
115252306.34300467,1697.8110857962708
115257806.85712294,1697.4999006241674
115263307.22229002,1697.1883253125743
115268807.5236747,1696.8744017916606
115274307.76242626,1696.5119205143603
115279807.97400406,1696.1522966323862
115285308.35067242,1695.7341556759989
115290808.76381025,1695.2592381968207
115296309.1607224,1694.7469582990907
115301809.61852987,1694.354462692439
115307310.03707728,1694.0177231263942
115312810.3557581,1693.7010234307663
115318310.6658847,1693.3883205009954
115323810.82275401,1693.0415130713054
115329310.94091406,1692.6684895175508
115334811.27461655,1692.2122576136103
115340311.7222784,1691.8506202080125
115345812.03000864,1691.5187536334263
115351312.21315579,1691.213431459608
115356812.33472557,1690.8761132089335
115362312.39085385,1690.5096430414605
115367812.44693838,1690.1241688308764
115373312.73178624,1689.6888521682267
115378812.95054692,1689.1429521665057
115384313.2561361,1688.6815476439842
115389813.583825,1688.2902201417658
115395313.80975942,1687.9516145881325
115400813.98385991,1687.6280099774135
115406314.1152261,1687.305578863859
115411814.07611416,1686.9374885015304
115417314.12234879,1686.5420805584947
115422814.3644955,1686.0818223429017
115428314.64345543,1685.7517515082654
115433814.74323037,1685.4198528029501
115439314.78154889,1685.099495233473
115444814.73390119,1684.7450958356424
115450314.65116246,1684.361607331297
115455814.61780374,1683.959520341338
115461314.785523,1683.5079535694233
115466814.84425582,1682.9391351428258
115472315.00697044,1682.5011961312434
115477815.18786146,1682.1295977478608
115483315.23555887,1681.7940876617952
115488815.26274824,1681.464251186571
115494315.20868894,1681.120888716684
115499815.00938624,1680.7435534062247
115505314.97850323,1680.3070458615575
115510815.10920687,1679.8689901835553
115516315.21655966,1679.5350086253486
115521815.14643355,1679.2115159840796
115527315.01722124,1678.8942199343987
115532814.78147313,1678.5140934895894
115538314.51148993,1678.13343671274
115543814.39305553,1677.7005847029302
115549314.36835025,1677.1917381337166
115554814.30584358,1676.6319701504108
115560314.32177702,1676.2150929802676
115565814.31243193,1675.8581125356861
115571314.18137866,1675.5217151729971
115576814.03829171,1675.1997841263117
115582313.74945164,1674.8390767636133
115587813.39374813,1674.453849005185
115593313.26756965,1673.9929332786505
115598813.23999617,1673.5887533847697
115604313.11135307,1673.2438135957038
115609812.82446381,1672.9215331171786
115615312.51367715,1672.5695691876358
115620812.11455305,1672.1766178221897
115626311.70123248,1671.7847677809393
115631811.50789967,1671.3413904543077
115637311.2804364,1670.7791896145527
115642811.08909966,1670.2541789973716
115648310.96333183,1669.8333343113795
115653810.75267532,1669.4807811093608
115659310.47961956,1669.1473351151935
115664810.17185079,1668.799207395925
115670309.69636653,1668.424244840741
115675809.24774882,1668.0174442156099
115681309.02840227,1667.5326323633155
115686808.88654862,1667.137542686833
115692308.5900784,1666.7919543191226
115697808.17817932,1666.4505033914174
115703307.71208383,1666.096519981283
115708807.17578986,1665.6941698468816
115714306.66134042,1665.2762975948658
115719806.39145896,1664.8114340348761
115725306.01765269,1664.211832048894
115730805.72354758,1663.7313107301463
115736305.46579789,1663.321562355921
115741805.07403994,1662.968041258976
115747304.6651867,1662.6391107098586
115752804.17588748,1662.2842075312021
115758303.51963474,1661.8949813990903
115763803.00190291,1661.4542032812542
115769302.67794673,1660.9922914648869
115774802.34492432,1660.630712608388
115780301.8234512,1660.299014683292
115785801.24913894,1659.945331406373
115791300.57232213,1659.556360520376
115796799.86991149,1659.1634205797811
115802299.26840904,1658.7229261484847
115807798.80843256,1658.2188514744544
115813298.2804035,1657.6078767401582
115818797.8363063,1657.147004190265
115824297.40325205,1656.7635220901354
115829796.82622764,1656.3910691422911
115835296.25495267,1656.0587594913127
115840795.57398148,1655.68495818341
115846294.76669744,1655.2891636528507
115851794.1642353,1654.7967455105006
115857293.72275427,1654.3679519347652
115862793.20484602,1653.987421536207
115868292.51949917,1653.6531718749113
115873791.79820457,1653.3049436307203
115879290.95831937,1652.8894308244835
115884790.10142694,1652.4914814179006
115890289.44904876,1652.0273242331712
115895788.77871774,1651.4578843488025
115901288.14346586,1650.8913851362108
115906787.56350142,1650.4460293527495
115912286.9422642,1650.0778352362327
115917786.20189634,1649.7210102394022
115923285.44255434,1649.3704347665825
115928784.53920187,1648.9922265769949
115934283.60855691,1648.581164942967
115939782.90164821,1648.068111532656
115945282.29177707,1647.6804996362964
115950781.53149673,1647.301940864666
115956280.64224969,1646.9741075867373
115961779.71669842,1646.6012087142183
115967278.70002486,1646.1802367802138
115972777.68272933,1645.761085735621
115978276.90833576,1645.2921057727585
115983776.01945546,1644.6648705268938
115989275.19819954,1644.1553610833628
115994774.43665601,1643.7187936857651
116000273.56603232,1643.3563271850849
116005772.65568513,1642.9938236321482
116011271.6842121,1642.6363221132856
116016770.54548469,1642.2484495151966
116022269.49134855,1641.8085134697235
116027768.64829168,1641.2932687822317
116033267.82224591,1640.9105526927437
116038766.82675847,1640.5382692150347
116044265.75122052,1640.1891439439144
116049764.59608205,1639.8049297204159
116055263.38130523,1639.3831302680805
116060762.23103948,1638.9363082634768
116066261.28234178,1638.4261289287888
116071760.22719385,1637.7725455799086
116077259.2631331,1637.28452266558
116082758.32583503,1636.8622051555562
116088257.24721204,1636.4933827431094
116093756.18619217,1636.137674259863
116099255.00931643,1635.7561044657587
116104753.68581375,1635.354850551815
116110252.54848282,1634.8865362796305
116115751.56777745,1634.3953990854989
116121250.53506908,1634.014064062002
116126749.34060208,1633.6662088098838
116132248.07643798,1633.3014309623563
116137746.73395404,1632.8880886558236
116143245.35887021,1632.4787344510544
116148744.13741352,1632.0085648704473
116154242.96928124,1631.454766510611
116159741.75895613,1630.8338267306267
116165240.62817833,1630.3610551339134
116170739.48807712,1629.9650939528399
116176238.21340147,1629.5809000120933
116181736.94991176,1629.2358403027438
116187235.54076955,1628.8374412283483
116192734.05468485,1628.4211085242505
116198232.78832489,1627.9175988250065
116203731.6552086,1627.4709028143661
116209230.39597519,1627.0804103136627
116214729.00220895,1626.7336510770783
116220227.55011326,1626.356092896132
116225726.00040759,1625.9378870538567
116231224.43624699,1625.520144251462
116236723.09808195,1625.026685073876
116242221.69487256,1624.4015983417012
116247720.3543518,1623.831372806636
116253219.06552976,1623.3702036961483
116258717.6984693,1622.977153484514
116264216.25870602,1622.6052272654053
116269714.79295602,1622.247205872983
116275213.14997745,1621.851110766275
116280711.53722236,1621.4079339782543
116286210.14585762,1620.8737268434818
116291708.85759352,1620.47591754815
116297207.3558756,1620.0936146813665
116302705.76299681,1619.74820116714
116308204.0802849,1619.3496414879598
116313702.35565141,1618.922734179703
116319200.65905982,1618.4883930101444
116324699.1809296,1617.982630531279
116330197.56934105,1617.319620602282
116335696.06662326,1616.8019872070527
116341194.6050543,1616.3605634386734
116346693.00423205,1615.9746883311725
116352191.38302535,1615.6036002143383
116357689.69314465,1615.2322585639072
116363187.83253072,1614.8247433847082
116368686.1102629,1614.3495349083973
116374184.57089537,1613.8142692195565
116379683.07161844,1613.419119593562
116385181.36468254,1613.0309909286966
116390679.62621646,1612.6685471135702
116396177.77530481,1612.244847310834
116401675.88848895,1611.8303429315454
116407174.10979445,1611.3632676299762
116412672.45066404,1610.79460367078
116418170.72443353,1610.1411696853243
116423669.08769873,1609.6485065141594
116429167.45710522,1609.2316689658899
116434665.69550928,1608.8410584596304
116440163.91995433,1608.480848031554
116445662.02936351,1608.0969976916035
116451160.01048203,1607.680485220945
116456658.20556472,1607.166507275262
116462156.54538193,1606.6882892468789
116467654.82257342,1606.3023823343615
116473152.89612028,1605.9432860277398
116478650.94069478,1605.5840566894058
116484148.8801409,1605.1443872919472
116489646.79377466,1604.7165705976254
116495144.91229406,1604.2304615516607
116500643.00361368,1603.591843207857
116506141.119703,1602.9817201683209
116511639.30167669,1602.502029697667
116517137.4397782,1602.1137669672871
116522635.47122172,1601.7236307486721
116528133.48803598,1601.3432032289033
116533631.35237473,1600.9475734578753
116539129.19016376,1600.514566795342
116544627.2683105,1599.9648743434202
116550125.44318888,1599.5220948182478
116555623.48198456,1599.1176007707734
116561121.37698628,1598.7482840683638
116566619.24850598,1598.3604848466975
116572117.0377717,1597.9296139333176
116577614.81501536,1597.488489738764
116583112.82873492,1596.9846040276816
116588610.71601781,1596.3028527210718
116594108.66590938,1595.7417347788441
116599606.68888873,1595.2733554863985
116605104.60423921,1594.870162089538
116610602.49798764,1594.5024265179552
116616100.30637272,1594.1208909807808
116621597.94269432,1593.72203827019
116627095.6723371,1593.2585692211246
116632593.62660125,1592.7315759482315
116638091.59784903,1592.3048010143175
116643589.38905802,1591.9215972243192
116649087.08378299,1591.557785922714
116654584.6999241,1591.158118808932
116660082.26390512,1590.726727453624
116665579.89190808,1590.2603420609425
116671077.69319646,1589.711977303141
116676575.3870792,1589.0243978349185
116682073.15890506,1588.5056958653547
116687570.97174948,1588.0570957274035
116693068.6354391,1587.6613518069166
116698566.32406361,1587.2981329448367
116704063.8914993,1586.9036833416615
116709561.30586107,1586.4890408712545
116715058.90657865,1585.994165395675
116720556.7031895,1585.472672918936
116726054.43384019,1585.04808680957
116731551.99577533,1584.6815281326537
116737049.49853173,1584.296112694283
116742546.91839209,1583.8678322844648
116748044.30526066,1583.4524189399795
116753541.84638533,1582.9612989238535
116759039.41254076,1582.3594222795646
116764536.94037625,1581.7080553518936
116770034.54811607,1581.2024082043722
116775532.15447952,1580.7882080071424
116781029.62802672,1580.3790190016311
116786527.10842228,1580.0182184382506
116792024.45289902,1579.6165385791205
116797521.70428306,1579.1880587898715
116803019.17575523,1578.6558141310277
116808516.80938222,1578.1906204514812
116814014.30244783,1577.7619970716207
116819511.66125277,1577.4182658046134
116825008.9448219,1577.0331417663579
116830506.12929542,1576.6012886742046
116836003.30108273,1576.1756789719386
116841500.70196274,1575.6601308735824
116846997.99644698,1574.9962562323515
116852495.36408135,1574.3989273595857
116857992.78614406,1573.9141045107708
116863490.13957165,1573.5092941157923
116868987.41737841,1573.1192281922813
116874484.66711403,1572.7546735812698
116879981.74081965,1572.3581056768066
116885478.83785254,1571.9057402799344
116890976.16659953,1571.3504699335522
116896473.59562501,1570.946170188776
116901970.80651456,1570.5424362610272
116907467.939493,1570.1854322214585
116912964.96941265,1569.7742531805075
116918461.9569928,1569.3413016470167
116923958.97316334,1568.9049229290051
116929456.19143674,1568.3711464661
116934953.25528538,1567.667484083006
116940450.43270114,1567.1319907627899
116945947.66463576,1566.6735619640758
116951444.76474312,1566.272540484531
116956941.84482771,1565.8940829373971
116962438.85509071,1565.5177324476956
116967935.68915014,1565.1144639965776
116973432.65695953,1564.630780500684
116978929.81410478,1564.0769684536738
116984427.02553718,1563.6577145211604
116989924.01684308,1563.2617211116549
116995420.97825989,1562.8995071301053
117000917.82468976,1562.4692853898823
117006414.63240701,1562.0554512760893
117011911.55123694,1561.5836147640016
117017408.56639674,1560.9856444271868
117022905.48685554,1560.3094113885406
117028402.513781,1559.798248091318
117033899.56075394,1559.3652160734537
117039396.47921574,1558.9680516844342
117044893.38734129,1558.5926520633045
117050390.18244252,1558.216226573155
117055886.83905466,1557.8019158936834
117061383.70926684,1557.2789944572687
117066880.75064303,1556.7902522136933
117072377.71802846,1556.391811843863
117077874.47165973,1556.0339959011026
117083371.20435028,1555.6768522123575
117088867.82413968,1555.2380985993987
117094364.41717902,1554.8214038884425
117099861.22212058,1554.3222706649155
117105357.97394638,1553.6461718900216
117110854.74245504,1553.016309587684
117116351.58276406,1552.5215408204976
117121848.3969156,1552.1320957693022
117127345.10974629,1551.7313777402226
117132841.79862179,1551.354618385651
117138338.34124517,1550.966068907052
117143834.84426267,1550.5397293341057
117149331.59502412,1549.997618076353
117154828.4501537,1549.5564394920766
117160325.16413896,1549.1316203970841
117165821.73447715,1548.7813518145738
117171318.27585448,1548.3998420701669
117176814.72533348,1547.9688195145636
117182311.16723055,1547.5433413193907
117187807.84899054,1547.0345626645235
117193304.3565007,1546.3294369556384
117198800.93928441,1545.753778361442
117204297.60265402,1545.2784841388363
117209794.16980292,1544.8987483641504
117215290.70435561,1544.52458111438
117220787.17133754,1544.1437954897256
117226283.46251597,1543.7682187700973
117231779.82756321,1543.3158782285086
117237276.42961341,1542.7820501188057
117242773.07801029,1542.3525785169916
117248269.5271689,1541.9632726161105
117253765.88016227,1541.6140729318895
117259262.15187377,1541.2193537390558
117264758.3661196,1540.7996844105378
117270254.6481484,1540.3506393107305
117275751.09641463,1539.7887442838921
117281247.40971823,1539.0595669218435
117286743.81951746,1538.5373113130515
117292240.28043607,1538.0843001718017
117297736.60977037,1537.6989167690579
117303232.96475741,1537.3441832094495
117308729.19693671,1536.9695516529837
117314225.26776093,1536.5854213189778
117319721.51699047,1536.1043249734334
117325217.96953136,1535.6062853463075
117330714.36060187,1535.1999982484285
117336210.56788844,1534.8321086456035
117341706.71792394,1534.4757035648952
117347202.77834846,1534.0635301063785
117352698.80697255,1533.6659702300658
117358194.9931839,1533.1841514214232
117363691.19482137,1532.5801143354997
117369187.3154262,1531.9141252298996
117374683.5473833,1531.4112888741788
117380179.79013467,1530.9989156619733
117385675.9067257,1530.6230146267267
117391172.03652775,1530.2754312589354
117396668.01929605,1529.8985093964825
117402163.90833613,1529.4984312517747
117407660.01677473,1528.9948936978515
117413156.29947224,1528.5323928204116
117418652.44347098,1528.1360468894222
117424148.43613179,1527.7890496674975
117429644.38490756,1527.4216558900011
117435140.24549578,1527.019615051168
117440636.07979485,1526.6209453160227
117446132.13518523,1526.1189922045057
117451628.05520701,1525.4465169047367
117457124.04313698,1524.8347378831272
117462620.11367047,1524.3529439983581
117468116.12010291,1523.9616039858925
117473612.07853979,1523.5975207729637
117479108.01299883,1523.2523354643472
117484603.75414544,1522.8894028963773
117490099.50212471,1522.465921842953
117495595.49918684,1521.9490180512034
117501091.59869142,1521.527494194838
117506587.50284505,1521.1444014146255
117512083.3137036,1520.8031958964723
117517579.03896101,1520.4376152029952
117523074.69754817,1520.040881845583
117528570.37548451,1519.6302953939874
117534066.25903146,1519.0937958875522
117539561.97175196,1518.4043331526248
117545057.76876104,1517.8735751729284
117550553.6437394,1517.4258670600075
117556049.40360104,1517.0454929419466
117561545.14550665,1516.7178461179196
117567040.80930717,1516.3655013536998
117572536.2864777,1516.0038194778933
117578031.88667957,1515.5578595561813
117583527.70037998,1515.078099939494
117589023.52663924,1514.6732071915565
117594519.14085668,1514.3409695419198
117600014.70708303,1514.0001011059342
117605510.15735391,1513.6107834964512
117611005.58943246,1513.2389923013463
117616501.13331188,1512.7986617188637
117621996.75454311,1512.2259529397747
117627492.26544082,1511.5480817212951
117632987.8732425,1511.0451602436765
117638483.53471681,1510.6337746666275
117643979.05645803,1510.2547160237675
117649474.60721284,1509.9136156731993
117654970.0416993,1509.5749778808636
117660465.32083613,1509.2080134232806
117665960.79580604,1508.7143377210982
117671456.47800526,1508.2746143831862
117676952.0671124,1507.8596657764192
117682447.4982326,1507.5464613831066
117687942.8695298,1507.191818669885
117693438.13548513,1506.8079800263652
117698933.38096713,1506.4621261564773
117704428.83342732,1505.9850113949594
117709924.2000678,1505.3441146682765
117715419.57191364,1504.7230284751818
117720915.03465782,1504.2402972684085
117726410.48529162,1503.8640714252815
117731905.83755529,1503.5061605603823
117737401.18592387,1503.2016119289874
117742896.37546802,1502.868308105501
117748391.49682565,1502.4934068005314
117753886.8525128,1502.0132197205846
117759382.35657005,1501.6347562661444
117764877.69548368,1501.241946510527
117770372.90368919,1500.9619867916144
117775868.03021917,1500.6098386692563
117781363.08341387,1500.2346303726083
117786858.1500455,1499.8728042635717
117792353.45035379,1499.384116077157
117797848.54318857,1498.7008372556272
117803343.74726439,1498.171633184662
117808839.01622088,1497.722756134302
117814334.21042116,1497.373230950578
117819829.35793722,1497.0394128194584
117825324.46423808,1496.735425429962
117830819.38008507,1496.4135189772592
117836314.34871677,1496.0190570936147
117841809.5421534,1495.5262125817942
117847304.83342075,1495.1667020147356
117852799.90223032,1494.8081446840088
117858294.91013756,1494.5040560689595
117863789.82956092,1494.149575361083
117869284.70888522,1493.7905487756416
117874779.64607714,1493.4171372844612
117880274.74339738,1492.8766956112083
117885769.64702587,1492.20050654189
117891264.67852081,1491.710440365181
117896759.77786304,1491.313641048282
117902254.75415125,1490.978944721068
117907749.71677147,1490.6603275368204
117913244.60346119,1490.356203306524
117918739.31205036,1490.0362587428465
117924234.16605574,1489.6160011658665
117929729.2067275,1489.172718007914
117935224.25964676,1488.8053045680913
117940719.10161264,1488.4959720513439
117946213.91774903,1488.20675123067
117951708.6075566,1487.8541272118578
117957203.2607844,1487.5306908351272
117962698.07426351,1487.107421259695
117968192.8931161,1486.5152531524375
117973687.61944313,1485.8711199949755
117979182.46941528,1485.4157334881118
117984677.35339925,1485.0600028318404
117990172.12139194,1484.7321255818679
117995666.88265601,1484.4345968033301
118001161.52006787,1484.1611781341749
118006656.02627918,1483.8396484931889
118012150.75574629,1483.376280341527
118017645.62965432,1483.0088882805437
118023140.41212435,1482.6573862792018
118028635.01896507,1482.4005300617223
118034129.58662666,1482.095488954007
118039624.04268073,1481.7540185134767
118045118.48356365,1481.4412866253786
118050613.15433687,1481.009713810962
118056107.66411687,1480.358544938154
118061602.21474567,1479.812963140037
118067096.85882571,1479.375271008733
118072591.47418068,1479.0640423721416
118078086.02742657,1478.7668223675323
118083580.53014185,1478.4943314109323
118089074.88039985,1478.2243326313735
118094569.19989885,1477.893815345167
118100063.73329356,1477.442918743921
118105558.38021804,1477.1117315372935
118111052.87317696,1476.7713797207743
118116547.23474039,1476.5410535227104
118122041.5564241,1476.2356882877268
118127535.7953655,1475.9038235996936
118133030.06150801,1475.5921840916535
118138524.55522005,1475.1219691262472
118144018.81367536,1474.4583454469762
118149513.18922462,1473.9842995297936
118155007.64571662,1473.595148640779
118160502.01069434,1473.3005375471516
118165996.36033486,1473.0171933989855
118171490.64999698,1472.74621763833
118176984.74582916,1472.4894028855285
118182478.9214343,1472.1356207680067
118187973.31876668,1471.680139899052
118193467.77558896,1471.383725126863
118198962.01047768,1471.0775288175923
118204456.20465803,1470.8396855761512
118209950.29437858,1470.5395138030779
118215444.33168738,1470.2509101157184
118220938.46053855,1469.919281451408
118226432.71325777,1469.3874930639279
118231926.78041874,1468.7324448576776
118237420.99035332,1468.2964629045703
118242915.26544377,1467.9578109961603
118248409.42157605,1467.6766379666387
118253903.57831156,1467.416829837187
118259397.63153452,1467.183452610739
118264891.5181373,1466.925145868116
118270385.58318777,1466.5490331714839
118275879.82248284,1466.2089420887974
118281374.01886179,1465.9216390231431
118286868.02114916,1465.6743655535777
118292361.9820189,1465.4404123136474
118297855.82582468,1465.1415084890446
118303349.64547674,1464.8800792011682
118308843.66869695,1464.5055115067744
118314337.6310267,1463.9404403840647
118319831.52468334,1463.3668498894065
118325325.53634009,1462.968187628575
118330819.56191048,1462.6784025795487
118336313.50286369,1462.427198003617
118341807.42295691,1462.1855136043532
118347301.203659,1461.9776818032353
118352794.88526288,1461.712334367613
118358288.79822953,1461.3181604478905
118363782.84655501,1461.0020839719186
118369276.78405268,1460.719459502498
118374770.56015937,1460.5180848368618
118380264.30858772,1460.2619705176598
118385757.97407344,1459.9814632904522
118391251.63614081,1459.730654204295
118396745.53177144,1459.342474876059
118402239.22252154,1458.7137289824088
118407732.97511396,1458.240177178337
118413226.83675544,1457.8629039765403
118418720.63887136,1457.6213183036446
118424214.41356976,1457.3975385212086
118429708.1220106,1457.1681993683571
118435201.67203279,1456.9764008602776
118440695.23031877,1456.7018958508058
118446189.0015006,1456.315961423116
118451682.85002984,1456.0586597351044
118457176.52838475,1455.793827985584
118462670.11573607,1455.6172442281013
118468163.63922974,1455.3812646590866
118473657.09619412,1455.1339152799537
118479150.58847277,1454.8763880628242
118484644.27835198,1454.4212044221767
118490137.73967966,1453.7962768476639
118495631.33320673,1453.3715614550301
118501125.011231,1453.0482350721372
118506618.58402571,1452.8295875905637
118512112.16350472,1452.6197853862086
118517605.65402706,1452.4228761674947
118523098.95803566,1452.2467919278358
118528592.37620972,1451.9542498533124
118534086.01955709,1451.5730779178893
118539579.65003707,1451.349115340558
118545073.08430088,1451.1272442636787
118550566.47932959,1450.956080385505
118556059.7680242,1450.7234145157706
118561553.01371355,1450.5196155561207
118567046.38486499,1450.2348615609717
118572539.80140948,1449.7563859206052
118578033.07728937,1449.1708663965649
118583526.4775385,1448.812108525317
118589019.93713106,1448.5491637042453
118594513.28097282,1448.3522181700123
118600006.63343729,1448.1892415330096
118605499.85165581,1448.0311456916077
118610992.92161298,1447.8512101606264
118616486.1851776,1447.5444579261705
118621979.59105067,1447.272470538411
118627472.93735781,1447.0619694277382
118632966.08980587,1446.8998611239463
118638459.20860724,1446.7434861282309
118643952.23811422,1446.5252013155762
118649445.23562011,1446.3417830460396
118654938.46433167,1446.0310866870748
118660431.56892355,1445.488830066808
118665924.65397923,1445.0131173089785
118671417.84668513,1444.6854469760312
118676911.0338383,1444.485210121634
118682404.14800932,1444.3212521351313
118687897.23302154,1444.1489400081095
118693390.17903428,1444.01976997354
118698883.0498026,1443.825890805778
118704376.12760554,1443.5042901681954
118709869.34298646,1443.2713894737717
118715362.42043284,1443.0757606489608
118720855.3602705,1442.9551392179333
118726348.2700426,1442.7858746087195
118731841.09063752,1442.587885629019
118737333.91418289,1442.4223658656279
118742826.96246338,1442.0958858401684
118748319.78214003,1441.5251277961017
118753812.67707878,1441.1363405603481
118759305.6895103,1440.8396456366893
118764798.62635502,1440.678265732043
118770291.5512547,1440.5275642774993
118775784.4081107,1440.3906618529493
118781277.09704801,1440.2887181773613
118786769.81652458,1440.0777756554307
118792262.76394022,1439.7684821658197
118797755.75268081,1439.6093363526363
118803248.55560352,1439.439093478833
118808741.2955187,1439.3217706838577
118814233.94509284,1439.160706933209
118819726.54485583,1439.0114042790874
118825219.21349639,1438.8275610758865
118830712.03552176,1438.431953259311
118836204.63340923,1437.8773309543549
118841697.38011098,1437.549551846297
118847190.20066738,1437.3073920426054
118852682.91349739,1437.1719191802858
118858175.65018654,1437.047423443838
118863668.28001198,1436.9386457353564
118869160.73159572,1436.845292312649
118874653.31775495,1436.6124304766508
118880146.11126912,1436.3249691093622
118885638.8973483,1436.1732583258586
118891131.47666283,1436.0493415171484
118896624.02404818,1435.9696109543618
118902116.46178436,1435.818350863329
118907608.8664336,1435.7045247646174
118913101.44745682,1435.487238924167
118918593.99554928,1435.056202241156
118924086.45113437,1434.5678935704686
118929579.01872568,1434.2897147118858
118935071.63279958,1434.120781512574
118940564.15076178,1434.0146176698452
118946056.65775302,1433.9207972964352
118951549.02878174,1433.8571982369303
118957041.27510427,1433.761713062416
118962533.73438485,1433.5335134993204
118968026.30327429,1433.3564218180875
118973518.78871232,1433.2192707589056
118979011.101197,1433.1748886427786
118984503.38180907,1433.0860820375465
118989995.55999328,1432.9533895364934
118995487.7267209,1432.8653989523493
119000980.12927437,1432.6285443732932
119006472.35304604,1432.1377424093394
119011964.59034333,1431.7705675986829
119017456.95125154,1431.5165148762762
119022949.28284787,1431.4014670554127
119028441.56019989,1431.3315545354592
119033933.79670629,1431.2543294333364
119039425.8849252,1431.2257695723595
119044917.92934462,1431.119029263475
119050410.17507526,1430.8706836715844
119055902.53609924,1430.7241471272978
119061394.74613522,1430.6084976731117
119066886.8294703,1430.5734174406969
119072378.88705832,1430.4867962677072
119077870.86909927,1430.3808819834064
119083362.87051809,1430.313923204046
119088855.08728048,1430.0396347575047
119094347.04678766,1429.549842886912
119099839.11571494,1429.2798664162633
119105331.2854764,1429.077663725504
119110823.36539622,1429.0028517044366
119116315.45363514,1428.9381952147571
119121807.4704678,1428.9056165930933
119127299.29584238,1428.8938554354697
119132791.18317541,1428.757822872292
119138283.28192452,1428.52571599047
119143775.41323952,1428.4449279376472
119149267.34585945,1428.3628521705305
119154759.24637726,1428.3530970680977
119160251.04167731,1428.274390591382
119165742.78490011,1428.2295530207596
119171234.62926134,1428.125389595826
119176726.58360046,1427.7920173650737
119182218.31412873,1427.3426626055723
119187710.2075193,1427.1121248737418
119193202.17581636,1426.973063366506
119198694.03138661,1426.9166278269329
119204185.89604278,1426.8733511747978
119209677.67007469,1426.8766506921738
119215169.26694866,1426.875173627989
119220661.02212133,1426.7296725144838
119226152.93249764,1426.5804808600697
119231644.81957342,1426.5140474620255
119237136.50923385,1426.527955549096
119242628.16656594,1426.5184871074566
119248119.7107708,1426.4638238935943
119253611.22792883,1426.4575046121033
119259102.94737001,1426.3264087585624
119264594.57228245,1425.9516301641152
119270086.14658992,1425.5893207890226
119275577.83173205,1425.4039033886518
119281069.54625234,1425.3316430914324
119286561.19158557,1425.3028514450664
119292052.80971585,1425.299153177734
119297544.29987192,1425.3392010964174
119303035.67165568,1425.328256253037
119308527.26177444,1425.1521119811187
119314018.98757024,1425.0795848970633
119319510.59573649,1425.01761504749
119325002.05020568,1425.0746789248926
119330493.4754476,1425.0603835736583
119335984.81594102,1425.0244442802293
119341476.15450664,1425.0482619190725
119346967.73204495,1424.877449853904
119352459.09540576,1424.47397302273
119357950.49858601,1424.2360823033873
119363442.01026069,1424.0822612677264
119368933.48501888,1424.0663732476273
119374424.91122477,1424.074503994474
119379916.28556497,1424.0987531148453
119385407.50786747,1424.170545533675
119390898.71755907,1424.1486103124223
119396390.1178109,1423.9875161570728
119401881.6266368,1423.9816556426938
119407372.92455967,1423.9697484363733
119412864.15898491,1424.051432243333
119418355.30839868,1424.0434632530953
119423846.41577032,1424.0513641910616
119429337.56920664,1424.0718707123388
119434828.90604916,1423.8610515935259
119440319.97474518,1423.4789501888476
119445811.1937106,1423.291779814358
119451302.50373042,1423.1895274253463
119456793.70542285,1423.2047989189016
119462284.91567664,1423.23281141047
119467776.0658218,1423.2970791165728
119473267.02630854,1423.3792835589973
119478758.06838746,1423.3286712123993
119484249.3082834,1423.2009381626885
119489740.5847175,1423.194220312318
119495231.64088055,1423.2137710422107
119500722.696607,1423.284767836046
119506213.63319406,1423.2844776509328
119511704.53762917,1423.357730524427
119517195.57492313,1423.3465684500686
119522686.63866167,1423.0913477348684
119528177.53164385,1422.8008496741109
119533668.55736317,1422.6740713642948
119539159.65642232,1422.6362776643175
119544650.64795046,1422.6593405524109
119550141.6452224,1422.7439248222756
119555632.54249011,1422.844198720925
119561123.26273711,1422.9370777713957
119566614.1539521,1422.8599460840549
119572105.21179315,1422.7991288688597
119577596.21008006,1422.786675508482
119583087.03745604,1422.9138967616936
119588577.82793537,1422.9734464188887
119594068.50753798,1423.0165165584383
119599559.174591,1423.1187885559273
119605050.06147699,1423.0646948446843
119610540.78076467,1422.7622808774631
119616031.52540171,1422.5253791273205
119621522.36780462,1422.4245135950555
119627013.22242154,1422.4374521853322
119632504.00426956,1422.4847474144053
119637994.78759873,1422.5940722835571
119643485.43211894,1422.7243247290248
119648975.97617294,1422.8033214471193
119654466.72205403,1422.7117684654384
119659957.61592972,1422.757441519725
119665448.31809159,1422.8073944554812
119670938.92317891,1422.966332517105
119676429.46295401,1423.049293207855
119681919.9298236,1423.1272632011655
119687410.39626344,1423.2545149542361
119692901.09597702,1423.1479032077123
119698391.56005783,1422.8529407586523
119703882.09689046,1422.7308250482881
119709372.73078546,1422.6793175659925
119714863.31518878,1422.736690432904
119720353.8592265,1422.8415569826827
119725844.37624952,1422.9720718615845
119731334.70176986,1423.133451378336
119736825.04222573,1423.1934600749853
119742315.58438478,1423.144425809113
119747806.22449453,1423.1985349465067
119753296.64117694,1423.2981364822028
119758787.00193386,1423.465443372639
119764277.27051407,1423.556546841856
119769767.51312411,1423.6819018489173
119775257.820679,1423.7854549751937
119780748.27155082,1423.6608157890328
119786238.48187967,1423.4133080329145
119791728.80886367,1423.3440299390988
119797219.2348051,1423.3369249909304
119802709.54262857,1423.4312386083975
119808199.87443098,1423.5808971567312
119813690.13407156,1423.7356380679096
119819180.20347358,1423.90451647971
119824670.37979907,1423.9418881648298
119830160.75535387,1423.9901673330235
119835651.08855182,1424.0519805395402
119841141.24613427,1424.2218864606648
119846631.35836878,1424.3750482875307
119852121.3841271,1424.4952819080158
119857611.38844067,1424.6686065396625
119863101.54345894,1424.727875823731
119868591.6701943,1424.5655498517217
119874081.69233507,1424.3663216073423
119879571.81823468,1424.3327052358648
119885062.01124023,1424.3923005543884
119890552.0999074,1424.5194062461692
119896042.2053993,1424.6891750609618
119901532.20278509,1424.8700491380189
119907022.04933959,1425.0540430456308
119912512.0653972,1425.0812394820532
119918002.2615256,1425.122597216236
119923492.34445491,1425.1994378013992
119928982.29473664,1425.4069341302584
119934472.18889573,1425.5435406921513
119939962.01839991,1425.6927608949043
119945451.8301052,1425.8914394872563
119950941.84666833,1425.9302662097264
119956431.69140652,1425.7579441037724
119961921.5295458,1425.637416281376
119967411.476455,1425.6354593898338
119972901.42359665,1425.7381902931756
119978391.32318476,1425.9007123874853
119983881.22258915,1426.0825657506991
119989370.95739886,1426.3178416191329
119994860.6213612,1426.4846377783108
120000350.49319057,1426.4850458819187
120005840.48159833,1426.5703522684423
120011330.29936953,1426.7101333216074
120016820.01507927,1426.9238537896565
120022309.68698275,1427.1082889189715
120027799.29831296,1427.2868411886989
120033288.8997773,1427.4992131892736
120038778.7162542,1427.4728991683005
120044268.30649063,1427.2758523278767
120049757.95404151,1427.2269030323037
120055247.72356719,1427.270058972116
120060737.42594957,1427.4313548493715
120066227.13913067,1427.6289438709468
120071716.78641075,1427.8166367855129
120077206.26418366,1428.0813052925146
120082695.7669013,1428.2282538704208
120088185.48034264,1428.2953318284754
120093675.21675754,1428.4157717164835
120099164.7748766,1428.6105619497264
120104654.25740185,1428.8658714601033
120110143.66134116,1429.0597964035064
120115633.01720922,1429.2858285698724
120121122.45137109,1429.4675606478431
120126612.00360014,1429.429441695791
120132101.33012728,1429.2445727866466
120137590.78493686,1429.28387184696
120143080.33199047,1429.3685373358371
120148569.78642301,1429.5637732009386
120154059.28034233,1429.7818834281024
120159548.65975116,1430.0195309452001
120165037.87120742,1430.2955843111629
120170527.19882205,1430.4186541408274
120176016.7151277,1430.4830541314693
120181506.19522949,1430.6504035149658
120186995.48680158,1430.87627814829
120192484.75672643,1431.1360869571165
120197973.92378211,1431.3466841489003
120203463.06018813,1431.6046756628498
120208952.36646053,1431.7607049839105
120214441.62727627,1431.6703228897663
120219930.78340997,1431.5962575616043
120225420.04250054,1431.667682458069
120230909.35939565,1431.8196066506998
120236398.60126509,1432.043987436434
120241887.8280938,1432.2828045225826
120247376.94729105,1432.5750740656767
120252865.92934504,1432.8421670837358
120258355.09445842,1432.9709280964887
120263844.38917698,1433.108247168499
120269333.59643613,1433.312128967479
120274822.60830736,1433.6212072193587
120280311.60981794,1433.8701474686104
120285800.51477578,1434.0910457935045
120291289.4050565,1434.3811270670585
120296778.53181441,1434.490337473418
120302267.44738045,1434.3553691995412
120307756.38228643,1434.3685255668763
120313245.43135454,1434.4680822847113
120318734.47966456,1434.684173456971
120324223.46879952,1434.9232667423107
120329712.43348652,1435.187266583761
120335201.25658931,1435.5064006328348
120340690.02798577,1435.759033452682
120346179.00273237,1435.8524327089908
120351668.0783574,1436.0746624085555
120357156.95726125,1436.2825854270711
120362645.76646444,1436.6235066786526
120368134.50075328,1436.8663115914783
120373623.1841948,1437.1208272353788
120379111.88894385,1437.424091195979
120384600.81066139,1437.4652293746376
120390089.45841469,1437.3902213023084
120395578.21088034,1437.4815048050016
120401067.0692338,1437.616737786404
120406555.86529046,1437.849965024285
120412044.64705455,1438.107751536626
120417533.38736622,1438.4057511274186
120423021.95348309,1438.744542886161
120428510.56112088,1438.9700021609544
120433999.34712481,1439.1014760347653
120439488.18682645,1439.2929741952871
120444976.8204365,1439.5713625176013
120450465.41326119,1439.9012910265612
120455953.91741456,1440.1632239825176
120461442.39393808,1440.477472761786
120466930.96510121,1440.74796219121
120472419.59967346,1440.7746623197322
120477908.0238313,1440.743174519227
120483396.57107644,1440.876245494562
120488885.22332439,1441.0602839282492
120494373.76165867,1441.3113956510506
120499862.32211418,1441.6211490818355
120505350.79928382,1441.9360766584564
120510839.10674594,1442.2755688225222
120516327.54251797,1442.4740566367725
120521816.14892016,1442.690673094729
120527304.69429345,1442.9053137278572
120532793.05685368,1443.2474682249288
120538281.39456874,1443.538448870042
120543769.65213573,1443.8261361132243
120549257.88823977,1444.1828753498469
120554746.29351826,1444.4072887677985
120560234.61242892,1444.4044695504554
120565722.85508324,1444.44094478657
120571211.20526832,1444.5887580681415
120576699.60900803,1444.8143728505113
120582187.9313376,1445.0928807063794
120587676.27908745,1445.4173905672324
120593164.50446044,1445.7640145202126
120598652.60089052,1446.1022010956838
120604140.86128898,1446.2997637163658
120609629.31066388,1446.4972065155819
120615117.60827132,1446.7562264879136
120620605.77256605,1447.1180907351802
120626093.89960785,1447.42557606281
120631581.97021842,1447.7382115725977
120637070.02342647,1448.1152961980592
120642558.29594293,1448.2719183971055
120648046.35522933,1448.2740179535224
120653534.4427886,1448.357632366021
120659022.64266008,1448.5396419484305
120664510.82603504,1448.8112151971616
120669998.98645468,1449.1147067608456
120675487.12816367,1449.4327731193837
120680975.11743887,1449.8205764686554
120686463.063578,1450.1371852114275
120691951.21998557,1450.3223688806102
120697439.45352276,1450.5614720439812
120702927.52382335,1450.8632937869281
120708415.49348006,1451.2185863862437
120713903.41153587,1451.5457335584454
120719391.28258754,1451.8860818550086
120724879.15965196,1452.2493324744883
120730367.22676884,1452.3829605206547
120735855.04175054,1452.3705555566619
120741342.93761812,1452.5331101805123
120746830.95941196,1452.7385889775614
120752318.91369572,1453.0507980381963
120757806.8978162,1453.3998230792872
120763294.79000625,1453.750457884217
120768782.52075444,1454.1635097054004
120774270.3037415,1454.4571061613228
120779758.27517378,1454.6609523996292
120785246.27087782,1454.9145178928532
120790734.06526548,1455.2538399311893
120796221.81126016,1455.646810774147
120801709.4729526,1455.9870720532872
120807197.0838183,1456.3616972493253
120812684.80649541,1456.6802929421694
120818172.59253472,1456.778548232547
120823660.16857406,1456.776511436032
120829147.87827145,1456.9932479029214
120834635.68601179,1457.2520004315109
120840123.4171527,1457.569566902847
120845611.15951104,1457.9090301883055
120851098.81338291,1458.3021195094723
120856586.31109302,1458.7093573495915
120862073.93282156,1458.9895317079172
120867561.72623964,1459.2107089420529
120873049.46168984,1459.5301341288186
120878536.97876897,1459.935213715717
120884024.48266082,1460.31462602367
120889511.8801611,1460.6643674701413
120894999.24963453,1461.0861962319302
120900486.804159,1461.3667932403944
120905974.25557123,1461.405448057175
120911461.64240196,1461.5307575278819
120916949.13625821,1461.7648108550554
120922436.68505585,1462.0690304493924
120927924.17071667,1462.4067573233722
120933411.63721217,1462.7774114214849
120938899.00299598,1463.2079967770944
120944386.24070618,1463.597958945597
120949873.64756124,1463.8295362018905
120955361.22565004,1464.1266121066515
120960848.65911515,1464.422334934626
120966335.95662603,1464.870081540103
120971823.20430645,1465.2268559539236
120977310.37757494,1465.5960924686726
120982797.54436871,1466.0323632204156
120988284.94270474,1466.2475501578876
120993772.09590848,1466.3253557200305
120999259.29789415,1466.5149488753755
121004746.59362873,1466.766347114063
121010233.88118207,1467.0981869398272
121015721.14438602,1467.4530899811475
121021208.38557996,1467.8514257129953
121026695.46867631,1468.2914896623286
121032182.52054521,1468.6598124280972
121037669.77134672,1468.9133981119403
121043157.11806355,1469.2606227360147
121048644.23866291,1469.626237202294
121054131.30397138,1470.0659881531644
121059618.26702532,1470.4426922828716
121065105.18989782,1470.8508843822315
121070592.1422953,1471.2599452218033
121076079.25818297,1471.423044211258
121081566.13931197,1471.5080217572738
121087053.10962373,1471.7339316667237
121092540.19475321,1472.0079827460854
121098027.20917991,1472.3563319758746
121103514.24332407,1472.7642070749982
121109001.20225045,1473.1639003567777
121114488.00164527,1473.620130180383
121119974.86470267,1473.9681016160114
121125461.91540162,1474.2667211536404
121130948.97282988,1474.5756030849298
121136435.83211917,1475.002649517417
121141922.61951579,1475.4261775239434
121147409.3444684,1475.827309923716
121152896.03107792,1476.2573116941742
121158382.83107483,1476.6223916781207
121163869.66505069,1476.7836700579212
121169356.33492774,1476.8743621669357
121174843.08969116,1477.153781949812
121180329.94031245,1477.4597305930217
121185816.71827039,1477.8418155881911
121191303.53087977,1478.2375437636417
121196790.2300585,1478.6640985707986
121202276.78669678,1479.118911012968
121207763.46852669,1479.4534655351977
121213250.33710769,1479.741295575788
121218737.11496182,1480.1053193904593
121224223.701591,1480.5562090313458
121229710.26442918,1480.9846990847575
121235196.73365383,1481.3801852823708
121240683.17258719,1481.849424153793
121246169.79871508,1482.1718307615831
121251656.31631626,1482.2912801856278
121257142.74824739,1482.4773596131026
121262629.2942701,1482.7689037829384
121268115.89549345,1483.1205124629405
121273602.45244041,1483.5289307545002
121279088.97829872,1483.9339217346762
121284575.39769611,1484.407125561892
121290061.71518919,1484.8339678950372
121295548.20447317,1485.1324361758006
121301034.8251254,1485.4718768113887
121306521.32047437,1485.8430677726715
121312007.65468578,1486.3233902043348
121317493.96019675,1486.7349552292526
121322980.18332781,1487.1429092505016
121328466.40086578,1487.6199265446048
121333952.84383717,1487.8898344574093
121339439.0265626,1488.0256447449624
121344925.25948103,1488.28035056837
121350411.59304608,1488.5841074779096
121355897.92347567,1488.97054087323
121361384.23068987,1489.3631796397488
121366870.50105375,1489.7927730101094
121372356.6370443,1490.2724703254573
121377842.7418178,1490.6814458690117
121383329.02835706,1490.9774817347884
121388815.40393451,1491.3761707535227
121394301.56330727,1491.774465695885
121399787.67183249,1492.2704314187245
121405273.68045576,1492.6759670459514
121410759.64752096,1493.1153637667658
121416245.65044808,1493.5713029491644
121421731.81647113,1493.7705312098865
121427217.73234625,1493.9066234070237
121432703.75330554,1494.2000543793617
121438189.88313106,1494.5287746888494
121443675.94502042,1494.9118800241772
121449162.01967528,1495.33785543281
121454648.03599998,1495.7691047681917
121460133.89924262,1496.2534636367327
121465619.82619356,1496.6373612763305
121471105.92752072,1496.974420298781
121476592.0482569,1497.3230444108833
121482077.96512477,1497.7876770350263
121487563.82312126,1498.2360556210826
121493049.60848945,1498.6615269861213
121498535.3698267,1499.1284865468376
121504021.24412768,1499.534036683854
121509507.1226415,1499.7377426112491
121514992.85897349,1499.907579732779
121520478.6655892,1500.2270145383827
121525964.57086371,1500.5732464997175
121531450.40030622,1500.9750171260694
121536936.27009201,1501.4122565801574
121542422.03053229,1501.8643244807927
121547907.65047048,1502.3404345024303
121553393.39136137,1502.7003117560737
121558879.32754652,1503.031103028738
121564365.16634147,1503.4111446659954
121569850.83181827,1503.8893602328442
121575336.46373942,1504.3407576533996
121580822.0114653,1504.7624069175035
121586307.52635282,1505.2634021602394
121591793.22280811,1505.6109922366709
121597278.80022815,1505.7854837318166
121602764.2920061,1506.0165898941686
121608249.89569753,1506.3454201859513
121613735.55480488,1506.7242176016107
121619221.17427124,1507.1599860986341
121624706.77017638,1507.586323819097
121630192.25905675,1508.0765140377803
121635677.65978284,1508.5244626552021
121641163.22844803,1508.874483990326
121646648.93154317,1509.2259453760432
121652134.50104408,1509.6364463515727
121657619.90845278,1510.1330320109732
121663105.29189467,1510.5706135436812
121668590.59339651,1511.0048018164828
121674075.88460605,1511.5034610757812
121679561.3896903,1511.8043318837972
121685046.63267957,1511.9794024612404
121690531.92416106,1512.2732413780357
121696017.31930959,1512.6107789803327
121701502.71381584,1513.023038157695
121706988.09291074,1513.4365046965356
121712473.42977941,1513.879212064632
121717958.6436165,1514.3776656388866
121723443.82696202,1514.8067845067726
121728929.18438704,1515.133062334989
121734414.6286048,1515.5453047656526
121739899.86962105,1515.9639844074081
121745385.05500259,1516.4817965736352
121750870.14766593,1516.9050878096891
121756355.1973858,1517.3627102800324
121761840.28589292,1517.8377124154888
121767325.53080158,1518.0654702252884
121772810.52012995,1518.2393066670284
121778295.61572805,1518.568962398921
121783780.81653692,1518.9287201957368
121789265.95723538,1519.3304530313026
121794751.11041127,1519.7665557504167
121800236.21080509,1520.2127408383312
121805721.16604288,1520.7095428701566
121811206.18129878,1521.1120885247865
121816691.36939155,1521.4682055594865
121822176.58286825,1521.8394056300144
121827661.58993438,1522.3186414925271
121833146.542578,1522.7836792926666
121838631.4199655,1523.2224363398936
121844116.27403103,1523.7051610198425
121849601.23510993,1524.1316877019776
121855086.19397086,1524.3598351458036
121860571.01367532,1524.5732933558215
121866055.89878309,1524.9198100228039
121871540.88020012,1525.285840577433
121877025.7927787,1525.7035570306637
121882510.74733666,1526.1526807841105
121887995.59809059,1526.6169002091003
121893480.31394866,1527.1019204141242
121898965.14469568,1527.4779535223947
121904450.16885395,1527.8344498119739
121909935.10251074,1528.2268036097462
121915419.86752859,1528.7169478709227
121920904.59611832,1529.1834005234177
121926389.2391562,1529.616190775841
121931873.84434578,1530.1290613219567
121937358.62746368,1530.489542214749
121942843.286202,1530.693042913617
121948327.85877521,1530.9553486814407
121953812.53749855,1531.3102390709307
121959297.27460778,1531.7060670769904
121964781.97835568,1532.148434421043
121970266.65457891,1532.5824295851455
121975751.23114212,1533.0790630961046
121981235.72322252,1533.5327747124124
121986720.37314348,1533.8889917970353
121992205.1472021,1534.270075953761
121997689.79999885,1534.6890470299925
122003174.294277,1535.1998316596132
122008658.75895554,1535.6456048408002
122014143.13695478,1536.0880270452305
122019627.50498863,1536.5939988445587
122025112.07674818,1536.9108560698105
122030596.3868768,1537.1102878587535
122036080.7431897,1537.4322406434492
122041565.196367,1537.7887742019368
122047049.6560284,1538.2074579044122
122052534.10312976,1538.625613873018
122058018.51123498,1539.078151530221
122063502.79755707,1539.5780958326507
122068987.05593365,1540.011002538306
122074471.48175244,1540.3568075091175
122079956.007268,1540.7746056679994
122085440.32154389,1541.205975478772
122090924.58082406,1541.7275064387889
122096408.74646421,1542.1626872140948
122101892.8623473,1542.6287016310703
122107377.01754984,1543.1073507433982
122112861.31586562,1543.3477363748007
122118345.36464329,1543.557299881196
122123829.51085265,1543.8974575779412
122129313.75696376,1544.2697776250307
122134797.95067644,1544.6775292461632
122140282.16041303,1545.121689732379
122145766.31525664,1545.5697037292252
122151250.33310038,1546.0654124595696
122156734.40604952,1546.472695006187
122162218.66009618,1546.843381091142
122167702.93548061,1547.2209792622943
122173187.00835243,1547.703811380624
122178671.01895532,1548.1777697030088
122184154.95757322,1548.6215824066521
122189638.86365786,1549.1024680505507
122195122.8681483,1549.5330047359043
122200606.88599323,1549.7707051861398
122206090.75244369,1549.9951439586416
122211574.68466532,1550.3590546519363
122217058.70901583,1550.7336006792327
122222542.68163678,1551.1578318330628
122228026.69009294,1551.595324960835
122233510.60098249,1552.0596841270212
122238994.38602422,1552.5441654119913
122244478.27735786,1552.9288068686606
122249962.35159768,1553.296153567518
122255446.35371241,1553.7000940341977
122260930.1761331,1554.1896023840022
122266413.9650856,1554.6636659938004
122271897.65883969,1555.0954878309412
122277381.30923398,1555.6039969052324
122282865.13301165,1555.9683680442067
122288348.83367647,1556.1765642158052
122293832.44943565,1556.4594078642751
122299316.16046408,1556.8301291741905
122304799.93473566,1557.2337802366665
122310283.67708896,1557.6608309485798
122315767.38442741,1558.0933126709597
122321251.0068602,1558.5881664814503
122326734.53556363,1559.0369305088127
122332218.21276821,1559.3820581949049
122337702.02713686,1559.7805804662673
122343185.7188757,1560.1746520328354
122348669.27373691,1560.6913657914815
122354152.78621131,1561.1270704124643
122359636.21269667,1561.566170641684
122365119.62652229,1562.0678355290595
122370603.23391642,1562.3839517037006
122376086.58832471,1562.5946265101306
122381569.98567,1562.929925483007
122387053.46620737,1563.2923672668585
122392536.95751247,1563.6976837632321
122398020.44511491,1564.1076866108945
122403503.90663728,1564.55892094289
122408987.2383786,1565.0483032053548
122414470.54417577,1565.4718985355985
122419954.01832677,1565.8288784122794
122425437.59750697,1566.226670317229
122430920.97091007,1566.6620420295806
122436404.27349016,1567.157129380283
122441887.49157289,1567.5963015981652
122447370.65604141,1568.058485430879
122452853.84503058,1568.5261895973504
122458337.17033893,1568.788138991738
122463820.25812921,1569.0069035414367
122469303.41473284,1569.3417852341704
122474786.67414537,1569.7094826970488
122480269.88575198,1570.1159030222427
122485753.13686553,1570.5615030787374
122491236.31263497,1571.0001039651627
122496719.35997286,1571.4874850573863
122502202.45314418,1571.887514304517
122507685.7313732,1572.244131707501
122513169.03537378,1572.6184000922103
122518652.14634988,1573.0770515812158
122524135.19866577,1573.5514991275973
122529618.16699895,1573.9835435990772
122535101.0914177,1574.451468375939
122540584.10735777,1574.8788352567044
122546067.15485221,1575.111087258282
122551550.01674604,1575.3232174975847
122557032.97986174,1575.6922282009682
122562516.03186205,1576.0721574151912
122567999.04574907,1576.4718154870152
122573482.07245186,1576.8840335109362
122578965.02450332,1577.3487820523728
122584447.8563571,1577.8165333125708
122589930.78255005,1578.1922905525448
122595413.85686506,1578.5383213638802
122600896.91849859,1578.9327409550774
122606379.78628832,1579.4102592254258
122611862.62595809,1579.8707373017985
122617345.36170655,1580.2914802703963
122622828.05384234,1580.7887470000835
122628310.90722992,1581.1499314102778
122633793.62945548,1581.3547856133512
122639276.28147112,1581.6441941162693
122644759.02672832,1582.0124453633846
122650241.83303821,1582.4030790712513
122655724.60144724,1582.7929850695737
122661207.36865184,1583.2236240829718
122666690.04989342,1583.69294437865
122672172.62577438,1584.1318118412705
122677655.3329423,1584.4701618725567
122683138.22192775,1584.8369289766358
122688620.96767733,1585.2085687860433
122694103.61323142,1585.7045998513117
122699586.20377475,1586.122378225703
122705068.73299366,1586.5519644787971
122710551.23972282,1587.0491933599933
122716033.92005771,1587.3555252116166
122721516.37249476,1587.5660294001389
122726998.85252924,1587.8826859479384
122732481.42106885,1588.2404047242164
122737963.99968499,1588.6287777188206
122743446.58974797,1589.0235676348852
122748929.1558807,1589.440083488369
122754411.61002447,1589.9097800565653
122759894.03050807,1590.3184551858492
122765376.6124568,1590.6651396018217
122770859.30790609,1591.014798817112
122776341.84164414,1591.4251838138057
122781824.27365945,1591.889070876107
122787306.6720084,1592.3150639155658
122792789.00410897,1592.7479799196053
122798271.34332581,1593.213624728127
122803753.8319033,1593.4875970736134
122809236.0432396,1593.7026055450694
122814718.33448467,1594.0577084998245
122820200.7384304,1594.4115080156469
122825683.10936047,1594.8184345453963
122831165.5049307,1595.2221711047105
122836647.83121037,1595.651230556844
122842130.0450095,1596.121917115758
122847612.28606728,1596.5055974469014
122853094.69135931,1596.8267535923553
122858577.16715135,1597.1902879474678
122864059.44455558,1597.618077651931
122869541.68759193,1598.0788278685325
122875023.8453465,1598.482901746741
122880505.96689105,1598.9320941903306
122885988.16233279,1599.3608313379261
122891470.38146803,1599.583054158206
122896952.40702961,1599.8279663644469
122902434.53365296,1600.1861509561154
122907916.75591399,1600.5592446725495
122913398.91213314,1600.9355624701961
122918881.08829145,1601.3475949553435
122924363.20824793,1601.7766480281734
122929845.20872447,1602.2193723233036
122935327.30037327,1602.5687983919593
122940809.5479737,1602.9477061813825
122946291.76563452,1603.3030217876317
122951773.81803526,1603.7839006624854
122957255.81402169,1604.2083211867239
122962737.74343987,1604.6102676988949
122968219.63362862,1605.0851557370127
122973701.66398336,1605.4374497525023
122979183.58522202,1605.6625372108185
122984665.40405001,1605.9418686610686
122990147.30789807,1606.2939456682384
122995629.28345472,1606.6658727559245
123001111.22257498,1607.056005617848
123006593.16407019,1607.4586699067643
123012075.01771654,1607.8964224407755
123017556.78658086,1608.3138994442293
123023038.67502032,1608.668326209367
123028520.70401874,1609.0114858066527
123034002.63044886,1609.399688818058
123039484.41248257,1609.8716105073618
123044966.17052397,1610.292907274215
123050447.8631275,1610.688422239072
123055929.52624151,1611.1520541972286
123061411.3787223,1611.4551985054047
123066893.03221004,1611.6300596739623
123072374.67185421,1611.9402595846075
123077856.41235459,1612.2863738511815
123083338.17528178,1612.675322390651
123088819.92683911,1613.0480242936246
123094301.64690553,1613.4464917404932
123099783.28100586,1613.890735391725
123105264.87989545,1614.2801249036906
123110746.62792332,1614.6145883989643
123116228.49464501,1614.982646461735
123121710.19279651,1615.3634917398476
123127191.80595833,1615.8362816151016
123132673.34796983,1616.232586366593
123138154.84519355,1616.6366836234065
123143636.35695963,1617.0857919588411
123149118.02351546,1617.3336516142183
123154599.43825342,1617.546508407266
123160080.92461157,1617.8888664386004
123165562.4912094,1618.2262404372675
123171044.03144991,1618.5893085586242
123176525.58810908,1618.974615976024
123182007.11148526,1619.377915449923
123187488.5061548,1619.8140588451265
123192969.92364176,1620.1688983371396
123198451.50312324,1620.5024554523611
123203933.14569789,1620.8483363765872
123209414.60853162,1621.2756930047926
123214896.00140406,1621.7168844424689
123220377.3197265,1622.1092959513937
123225858.58922221,1622.5315547527657
123231339.92057945,1622.935829631717
123236821.30156903,1623.1508295919562
123242302.48623765,1623.3750416990654
123247783.74717914,1623.7200966747678
123253265.09648035,1624.0639173500442
123258746.40307623,1624.434094625162
123264227.74486412,1624.8250900718806
123269708.99130373,1625.2284738132437
123275190.13020697,1625.6563603869663
123280671.34568855,1625.9932979530965
123286152.71987756,1626.303358168512
123291634.0808863,1626.6555889551232
123297115.26417309,1627.0704503756258
123302596.42827776,1627.49906114651
123308077.50821431,1627.8760844840067
123313558.54332711,1628.312546778163
123319039.71334426,1628.6641294405947
123324520.7958208,1628.860954113398
123330001.76259913,1629.1237429125715
123335482.81399885,1629.4667995184805
123340963.93413739,1629.8172828152944
123346445.02369778,1630.1672574748764
123351926.11717938,1630.53881877484
123357407.14183468,1630.9567222931214
123362888.06480283,1631.3482986914255
123368369.10572165,1631.6574793572938
123373850.3057171,1631.9914951740973
123379331.40855397,1632.3281440379299
123384812.38398527,1632.7808229250293
123390293.3031353,1633.1507149192298
123395774.16309874,1633.535220423531
123401254.99011503,1633.9830107548216
123406735.98384644,1634.2654652590725
123412216.7812871,1634.4664131679738
123417697.57367705,1634.758151460885
123423178.44561659,1635.082972460893
123428659.34349343,1635.4305403052
123434140.2258808,1635.7968711030019
123439621.10278721,1636.1796287622412
123445101.87153707,1636.5942966856555
123450582.59681965,1636.9573839357788
123456063.46532983,1637.2703835665432
123461544.45400879,1637.5849748063256
123467025.30839884,1637.935977174803
123472506.06719793,1638.364291654264
123477986.78858526,1638.741213304208
123483467.45543632,1639.1152016265396
123488948.11512436,1639.5404339415886
123494428.9298331,1639.790746546958
123499909.49142225,1639.9776079461537
123505390.10555379,1640.2873992402265
123510870.8234462,1640.6094663007714
123516351.527764,1640.9753114552054
123521832.243894,1641.3205627482976
123527312.90639965,1641.69052312557
123532793.47624502,1642.0988277926278
123538274.05977863,1642.4439164977323
123543754.78290159,1642.7313566547023
123549235.56515023,1643.0914237632308
123554716.1702359,1643.4644009909605
123560196.73442681,1643.8950082777023
123565677.20995145,1644.24783176176
123571157.65065435,1644.6379258022334
123576638.14275068,1645.0342283774662
123582118.6977674,1645.2351567588053
123587599.0297296,1645.4572309078342
123593079.4415465,1645.7859125856653
123598559.94736198,1646.109367185193
123604040.40459898,1646.4450866733991
123609520.88592185,1646.808718546374
123615001.30671944,1647.1829216838278
123620481.61776277,1647.5722339067606
123625961.9940634,1647.8829774195722
123631442.51939012,1648.2141772224318
123636923.0258247,1648.528771883581
123642403.38058999,1648.945239670255
123647883.67761494,1649.3418301733539
123653363.90828975,1649.6908898016911
123658844.11042936,1650.0923341104656
123664324.43159348,1650.418964377161
123669804.7071544,1650.607127794015
123675284.86150865,1650.8180940267316
123680765.08505706,1651.1363325386997
123686245.38526356,1651.459016135807
123691725.65244551,1651.8009856491321
123697205.92620207,1652.1440764413699
123702686.12533085,1652.5239236808015
123708166.23986235,1652.8886763694427
123713646.46286519,1653.1949830860162
123719126.83562814,1653.5006277929228
123724607.13580616,1653.8280220655752
123730087.28006126,1654.2392330238497
123735567.39773412,1654.607976909363
123741047.43404633,1654.9536671383114
123746527.44332308,1655.360896949078
123752007.62805139,1655.6356966277413
123757487.63852091,1655.790169621478
123762967.6308747,1656.06105162889
123768447.69639607,1656.3716369200938
123773927.79855224,1656.697273650088
123779407.88355733,1657.0126786347344
123784887.94980761,1657.3631569277331
123790367.93359065,1657.7476451412083
123795847.85345206,1658.0854517573605
123801327.89075866,1658.3509521222352
123806808.08142895,1658.6714129469435
123812288.1277542,1658.990388208832
123817768.0869203,1659.4106559561515
123823247.9762881,1659.7605307340227
123828727.81104276,1660.104969832976
123834207.62801296,1660.5046061223504
123839687.60984422,1660.727765744714
123845167.35369396,1660.900943737957
123850647.14088155,1661.1824126569531
123856127.01414542,1661.4809009343294
123861606.87861669,1661.7999900466361
123867086.76567231,1662.1254194977453
123872566.61339264,1662.465351733129
123878046.34735043,1662.844727908979
123883526.08370155,1663.1581829941179
123889005.9735357,1663.4264114043099
123894485.92459168,1663.7166323865167
123899965.73358683,1664.048927072161
123905445.48125143,1664.4237684021116
123910925.18756823,1664.7650057237413
123916404.85075112,1665.1134960145969
123921884.54286358,1665.4844326163718
123927364.3525342,1665.6756767169456
123932843.90692006,1665.85122311739
123938323.54756877,1666.1558041848764
123943803.2744696,1666.4526442131194
123949282.9662389,1666.7610684538326
123954762.68474598,1667.0731980725361
123960242.35289668,1667.408703275181
123965721.92048205,1667.7705205570726
123971201.53557202,1668.058775370048
123976681.28528155,1668.3297620967505
123982161.07906161,1668.6191696007386
123987640.69565566,1668.977471690816
123993120.2839654,1669.3425434020899
123998599.80066404,1669.6478242838577
124004079.28756066,1670.023334761868
124009558.87807545,1670.3452335087309
124015038.42815626,1670.5132689097497
124020517.83946466,1670.73666546549
124025997.31872773,1671.0292266117253
124031476.87794298,1671.3223778704998
124036956.37603855,1671.6226590794327
124042435.9148706,1671.9548923481186
124047915.36998506,1672.2929635819141
124053394.72309491,1672.6320612574063
124058874.1718074,1672.8977013074937
124064353.78635138,1673.1729441094506
124069833.33209771,1673.4581844369923
124075312.7430894,1673.832271534261
124080792.12787805,1674.1732313922548
124086271.44247152,1674.4863653314728
124091750.7245813,1674.8572528437312
124097230.16216698,1675.1159727727934
124102709.4639146,1675.273482417622
124108188.69302401,1675.5092461564384
124113667.9978507,1675.7935629321835
124119147.35175769,1676.0940424530527
124124626.69078313,1676.4040634139285
124130105.99290405,1676.7096377751873
124135585.22433664,1677.0664328640628
124141064.38882776,1677.3708166043946
124146543.6777332,1677.626619281793
124152023.08094381,1677.914957358987
124157502.36747392,1678.2046167139167
124162981.53446214,1678.5924514042897
124168460.66396622,1678.901792975642
124173939.73547898,1679.2089153588088
124179418.7850633,1679.5845889822094
124184898.01135434,1679.7977298841745
124190377.00112128,1679.9451867485145
124195856.02029498,1680.2138497750038
124201335.10247906,1680.4868650166095
124206814.19307978,1680.7778730704665
124212293.28943177,1681.060846592641
124217772.3632018,1681.3768832084575
124223251.32576208,1681.7174312031657
124228730.2783438,1681.999175003937
124234209.36786963,1682.241568248682
124239688.55769295,1682.5204544811609
124245167.57880113,1682.8291761038388
124250646.52252024,1683.1736548582292
124256125.41532719,1683.4894996479375
124261604.26008554,1683.8000970172707
124267083.11444002,1684.142378085405
124272562.09872016,1684.3171733016866
124278040.84377556,1684.4650303612732
124283519.6517935,1684.7275841558987
124288998.56000042,1684.9932619168878
124294477.43467352,1685.2871146778818
124299956.3447975,1685.5796466660856
124305435.1831342,1685.8806080597763
124310913.92837894,1686.2144276579725
124316392.70653595,1686.4745941929946
124321871.62339324,1686.7105005823175
124327350.59733969,1686.967918417926
124332829.394125,1687.278912577705
124338308.16557392,1687.6197303223366
124343786.86976643,1687.8996239102742
124349265.53848669,1688.2272810410427
124354744.2868546,1688.5332846553579
124360223.04946582,1688.674029486772
124365701.62131551,1688.8502078434974
124371180.28590828,1689.1249093765095
124376659.03616881,1689.3969406815033
124382137.72170828,1689.6594308641836
124387616.43032871,1689.9544257965517
124393095.08457835,1690.2566855126904
124398573.63829964,1690.5623391115657
124404052.27660866,1690.7956782426993
124409531.05824828,1691.0774217726232
124415009.78594914,1691.3211880488086
124420488.37181532,1691.6715330034278
124425966.91730362,1691.979072143317
124431445.39708558,1692.260092453928
124436923.84612744,1692.5971976533735
124442402.42799738,1692.8438342555096
124447880.91019651,1692.986502186149
124453359.28810614,1693.190739712571
124458837.74265145,1693.4469929953175
124464316.25474422,1693.7113323578656
124469794.74618351,1693.9872948470745
124475273.22235277,1694.263899871648
124480751.62021522,1694.5777323433124
124486229.94639577,1694.8576282609242
124491708.38668704,1695.0999136999312
124497186.9501059,1695.341200125306
124502665.41635169,1695.618924721038
124508143.73680168,1695.9716179799932
124513622.03659731,1696.2614820485007
124519100.26152572,1696.5346140288343
124524578.46366428,1696.8670862297693
124530056.84751044,1697.0590880756718
124535535.02104841,1697.1621787202878
124541013.22054517,1697.39327368281
124546491.49408196,1697.63694302142
124551969.78348146,1697.9045224242288
124557448.06353073,1698.1555931165913
124562926.32120249,1698.445319186731
124568404.48230788,1698.7502771621807
124573882.61849408,1699.0059888478288
124579360.88627681,1699.22529917627
124584839.26199672,1699.4781391914457
124590317.47445181,1699.737623490495
124595795.61604089,1700.0621846852318
124601273.70816514,1700.3375208487664
124606751.75664368,1700.609580551466
124612229.80157979,1700.931551869829
124617707.99859019,1701.0819345598918
124623185.9690742,1701.2030476172406
124628663.98785909,1701.4263682894189
124634142.09089705,1701.6670806646453
124639620.16997904,1701.9282014795342
124645098.28823996,1702.1802084063743
124650576.34405877,1702.4444036624154
124656054.30619928,1702.7443603350698
124661532.29006222,1702.9859050750997
124667010.42223904,1703.1861331201528
124672488.57476117,1703.4385719068598
124677966.5793001,1703.7190320110517
124683444.53549398,1704.0336126765017
124688922.43032093,1704.285838285568
124694400.28453235,1704.5741319422582
124699878.19646531,1704.8621846682859
124705356.16564934,1704.9855837410105
124710833.92031728,1705.1246911164067
124716311.76619695,1705.3742006184093
124721789.69813348,1705.612017607748
124727267.57696134,1705.8525300665024
124732745.47510457,1706.1120742310336
124738223.31797983,1706.3822697789574
124743701.06161031,1706.6591360233401
124749178.87048425,1706.8689472348826
124754656.8085203,1707.1098708132595
124760134.73759031,1707.3239743697748
124765612.51971006,1707.6387440584224
124771090.25017278,1707.9263240168818
124776567.92360349,1708.1666094339325
124782045.57084878,1708.4661605657427
124787523.34293827,1708.6943071656713
124793001.06309928,1708.806279634724
124798478.67508444,1708.948856222689
124803956.3538523,1709.1808726795102
124809434.0979713,1709.4145006197095
124814911.80631925,1709.658807768425
124820389.51999918,1709.9013360421015
124825867.16008838,1710.174899809289
124831344.72722194,1710.427753811791
124836822.39963262,1710.6394954510763
124842300.21235518,1710.8484169237804
124847777.94502744,1711.083393817704
124853255.52819745,1711.3905372886331
124858733.09270939,1711.6533386648327
124864210.58040307,1711.89695835438
124869688.04255128,1712.195580787085
124875165.67306288,1712.3813213191966
124880643.1371574,1712.4586077716972
124886120.594465,1712.6510372261341
124891598.1182371,1712.8736808537797
124897075.66905698,1713.1051479234004
124902553.19975327,1713.32406024492
124908030.72269168,1713.574460872925
124913508.15507467,1713.8465606387501
124918985.53144647,1714.0776837371006
124924463.01632519,1714.2694378987899
124929940.65117201,1714.4817957279404
124935418.12644741,1714.7060911716596
124940895.52974486,1715.0115149663034
124946372.87875988,1715.2594607957685
124951850.18056343,1715.4986065496319
124957327.4614425,1715.794465368843
124962804.90804957,1715.9337618015538
124968282.12707146,1716.0318412666252
124973759.38205282,1716.2275755075684
124979236.72307636,1716.4402601261977
124984714.0518541,1716.6730756339239
124990191.39721015,1716.8946956615398
124995668.70007576,1717.131733846892
125001145.91091686,1717.3979566594824
125006623.12527831,1717.6097859687097
125012100.47527884,1717.7774230621421
125017577.8873938,1717.9993340562037
125023055.15159436,1718.2286215842437
125028532.36986884,1718.514826913969
125034009.5327266,1718.7444874532016
125039486.66502233,1718.9789469013074
125044963.83164826,1719.2532608517643
125050441.12123701,1719.3503184816464
125055918.17585115,1719.4522154605506
125061395.32369505,1719.6683033046609
125066872.5428782,1719.8771372611902
125072349.71442674,1720.0888767393672
125077826.90489218,1720.3096037080193
125083304.05383028,1720.5413101537433
125088781.10619606,1720.7892488566126
125094258.21274859,1720.977989476513
125099735.45088951,1721.1810788058892
125105212.7078832,1721.3711797187343
125110689.8036544,1721.6401138302203
125116166.85026354,1721.9065157599716
125121643.83033867,1722.1181236101966
125127120.77311759,1722.3800076718592
125132597.8192323,1722.6000098631343
125138074.866571,1722.6873589662125
125143551.7557869,1722.7981642867453
125149028.7106944,1723.0158810554476
125154505.7354719,1723.2163206664138
125159982.7262457,1723.4264893938907
125165459.73519388,1723.6453113850378
125170936.65341736,1723.8844853349033
125176413.48489797,1724.1174801586528
125181890.40496372,1724.2947954237607
125187367.44692685,1724.4609139493396
125192844.46338993,1724.6668241539564
125198321.31956977,1724.9368377592375
125203798.16283116,1725.1810006511419
125209274.91712148,1725.392112776271
125214751.63982111,1725.657498538955
125220228.5111771,1725.8336360942467
125225705.25570638,1725.8949206856068
125231181.95009895,1726.0500253197188
125236658.72049747,1726.245220554379
125242135.52990173,1726.4484693066042
125247612.30990466,1726.6425112972984
125253089.09469739,1726.8567290929711
125258565.79913402,1727.0951175388004
125264042.43096165,1727.3005292940345
125269519.17294295,1727.4669886934155
125274996.07521366,1727.6297482323878
125280472.84694839,1727.8258546611776
125285949.52062668,1728.0908066141378
125291426.16788138,1728.2948568686702
125296902.77208224,1728.507354674766
125302379.36055718,1728.7692415069935
125307856.11391924,1728.9057822968955
125313332.68848415,1728.9603262111868
125318809.25129466,1729.1235179957455
125324285.89265028,1729.3123967261918
125329762.5389007,1729.5184213430937
125335239.18795155,1729.7039332274605
125340715.80370897,1729.9068338260158
125346192.34341507,1730.1376540899455
125351668.87162039,1730.3220525477927
125357145.53255902,1730.4753939902755
125362622.27643776,1730.6736385556112
125368098.86213753,1730.8746472941036
125373575.38356045,1731.1421823636942
125379051.83958513,1731.3479397193196
125384528.25928321,1731.5483185593716
125390004.6902292,1731.8008279642925
125395481.27093135,1731.8871874707984
125400957.6187477,1731.9654722249038
125406434.02971415,1732.1517111366666
125411910.50542355,1732.3291633676404
125417386.94875994,1732.5165411266353
125422863.41176806,1732.7139793533418
125428339.82787414,1732.9243949995455
125433816.12276031,1733.14340805923
125439292.44870035,1733.302212407703
125444768.91241004,1733.4666145803435
125450245.42802867,1733.6286427590364
125455721.77833931,1733.860062187055
125461198.06529234,1734.1044812353389
125466674.29404527,1734.2958246317223
125472150.47170745,1734.518288069459
125477626.7144869,1734.7274048337054
125483103.00793499,1734.79537060336
125488579.10555978,1734.867047165558
125494055.29601021,1735.0570311802023
125499531.56065004,1735.234885118119
125505007.77604571,1735.4120758204315
125510484.01799591,1735.598230742586
125515960.19466895,1735.804555773561
125521436.27173992,1736.0115990135337
125526912.41518123,1736.1562848898898
125532388.68266028,1736.3114022430354
125537864.96878013,1736.4621056261574
125543341.08928496,1736.6907956821694
125548817.19355226,1736.9060220773301
125554293.23720224,1737.0698319994021
125559769.25163765,1737.310438589553
125565245.40342803,1737.4781111162565
125570721.47606795,1737.5287702515816
125576197.47273275,1737.632802955607
125581673.52539022,1737.8052070817785
125587149.6314961,1737.978795553598
125592625.69404112,1738.1471366583337
125598101.77784023,1738.325748578316
125603577.79136695,1738.5273448713763
125609053.73334403,1738.7077719264935
125614529.77828363,1738.85257937008
125620005.97225921,1738.9968750645887
125625482.07261464,1739.17254884261
125630958.03665243,1739.4159007882552
125636433.97467574,1739.610199052996
125641909.8418462,1739.7870719505656
125647385.69025008,1740.0167632938121
125652861.70658484,1740.1458910530748
125658337.55819923,1740.174734949139
125663813.38181752,1740.3161735453414
125669289.2769397,1740.4801803764565
125674765.19688393,1740.6557424273094
125680241.10555363,1740.8211361336043
125685716.97556753,1741.0038657656357
125691192.7655388,1741.2128739735076
125696668.50447536,1741.3742036829283
125702144.35622059,1741.4873322028131
125707620.33582951,1741.6571732399534
125713096.16918853,1741.8188810857312
125718571.92829078,1742.0658923586013
125724047.61961569,1742.2484513082109
125729523.26249212,1742.4213050407693
125734998.8896487,1742.650620643093
125740474.68253256,1742.728697642101
125745950.2529727,1742.7742970478598
125751425.8651059,1742.9134604464114
125756901.55355999,1743.0699863415161
125762377.22181126,1743.2382615175466
125767852.90871416,1743.3998804331547
125773328.55514713,1743.5743486557255
125778804.09970625,1743.771732627082
125784279.65566994,1743.9179730444719
125789755.35434867,1744.0268635843618
125795231.10550445,1744.1792161272494
125800706.71497802,1744.350023224694
125806182.27301869,1744.5605241118096
125811657.78408323,1744.7285919730143
125817133.26508828,1744.9004271699089
125822608.77647215,1745.1099017800075
125828084.41104694,1745.1566778452636
125833559.8128661,1745.2001959497154
125839035.29735771,1745.3649830038494
125844510.85810862,1745.5180073976624
125849986.36648916,1745.6691090969048
125855461.89459349,1745.826423164946
125860937.38007443,1745.9961769426818
125866412.77033721,1746.175816371557
125871888.21943498,1746.3023932531082
125877363.7950371,1746.444953641825
125882839.38869295,1746.5769417757542
125888314.82235731,1746.7844005151094
125893790.20669746,1746.9875972122486
125899265.52391349,1747.1356065770833
125904740.80333047,1747.3339938567844
125910216.18805477,1747.492121272141
125915691.57337737,1747.5281123110806
125921166.80473466,1747.585505672721
125926642.10224314,1747.746515576747
125932117.46399783,1747.890677870317
125937592.78719813,1748.0429216735179
125943068.13007493,1748.2032095927862
125948543.38002165,1748.3797083914233
125954018.54205424,1748.545785446921
125959493.79701596,1748.6647762067878
125964969.16762277,1748.7782107650933
125970444.5116627,1748.9256888317038
125975919.69421872,1749.1362025136252
125981394.86177875,1749.3165089253969
125986869.94163994,1749.466590544847
125992344.98877887,1749.6696060704778
125997820.1827634,1749.791117279784
126003295.25331837,1749.800774000446
126008770.28068034,1749.9006643123532
126014245.37754636,1750.0407429598797
126019720.50968787,1750.1878837612542
126025195.60762733,1750.3276703937538
126030670.70946291,1750.4828033459817
126036145.73037401,1750.6554928182031
126041620.68460482,1750.7978850161057
126047095.74978195,1750.914597373509
126052570.96508633,1751.0170602442906
126058046.05944267,1751.1627215410663
126063521.04450904,1751.3675030225404
126068996.00530013,1751.515672238239
126074470.91738023,1751.6648997464088
126079945.81501694,1751.8611374142888
126085420.88309796,1751.9480696256053
126090895.76754479,1751.942660615901
126096370.6555182,1752.051282616931
126101845.61707367,1752.1877897230183
126107320.58391611,1752.3409341950455
126112795.53780717,1752.4702935090866
126118270.46001963,1752.6198526863366
126123745.3035594,1752.7874850509625
126129220.1377997,1752.9123900312134
126134695.10782035,1753.0067201022653
126140170.16587193,1753.1522286538616
