Event_Midpoint_s,Duration_s
8470871.302995209,289.2929038893066
8481493.450587546,339.63788557376074
8502736.034616096,361.69864333743726
8764643.979298271,507.8544297744686
8769989.65552947,517.956955766456
8775334.974300057,527.8090935387702
8780679.689186784,538.7323166320084
8786023.772642558,549.5986726879637
8791367.441541158,559.5505000135734
8796710.736707114,569.4113549989991
8802053.565919233,577.7116223651263
8807396.319760194,585.0497398980299
8812739.003438503,593.0618748419369
8818081.402309418,602.33430574822
8823423.442660969,611.392214181579
8828764.991464896,619.7803828427056
8834106.181291804,628.4941624483617
8839446.97623402,636.1789016370578
8844787.376563337,643.3958460023496
8850127.526172446,651.5654318638827
8855467.850422245,659.6223365150536
8860808.072954077,666.6979734852744
8866147.571154516,675.1630759783816
8871486.393477827,684.0000880425227
8876824.727656687,691.6690625718174
8882162.663777687,699.6196721890699
8887500.097301133,706.6288216808016
8892837.31845039,712.5082080957679
8898174.48143348,719.0231361335764
8903511.26448662,726.6569347541342
8908847.67435425,734.1869790589558
8914183.666409992,740.9719932919728
8919519.13882998,748.2014555493463
8924854.200155674,754.6830074552021
8930188.850706792,760.8421694850267
8935523.154791044,767.3900089312463
8940857.50684271,774.6061412539059
8946191.840064669,780.3901912490004
8951525.450394971,787.5086343399471
8956858.340457158,794.9679576687183
8962190.631116299,801.5259926550864
8967522.445093421,808.3964432749483
8972853.734874649,814.6651597717046
8978184.676996425,819.8130699761767
8983515.553025307,825.3330877619451
8988846.093293095,831.5322625276555
8994176.163298298,838.1086139793495
8999505.797028126,844.2031646740957
9004834.858453406,850.54841284086
9010163.431828685,856.4634378263427
9015491.557094043,861.8551024379187
9020819.218216145,867.4229077806572
9026146.782996384,874.0330354078716
9031474.390877673,879.29401411363
9036801.322423378,885.4148817430408
9042127.443002334,891.9844094737718
9047452.863268968,898.2234975659662
9052777.705255508,904.3816947038756
9058102.04691994,910.292553407293
9063425.82955738,915.208221033108
9068749.47919229,920.1678079184996
9074072.811731664,925.5354827153849
9079395.536836497,931.9200429615755
9084717.753064588,937.7244299196443
9090039.268370667,943.2994170638053
9095360.3047843,949.0399479142711
9100680.753936594,954.2326915021437
9106000.617056675,959.3604166351965
9111320.21862005,965.3465565388308
9116639.858880997,970.4560865704316
9121958.808195211,975.9298699964766
9127276.907614535,981.9920877462645
9132594.12712488,987.9243924786206
9137910.7086914,993.7813032960343
9143226.619731104,999.6144111100643
9148541.85153649,1004.5050122291019
9153856.80649172,1009.2695120001663
9159171.320376389,1014.3508744307921
9164485.214369133,1020.1998913202121
9169798.58461828,1025.8068438558528
9175111.123147367,1031.4075082459588
9180422.91410306,1036.993867825028
9185734.103097312,1042.107076607211
9191044.566140981,1047.2198474134275
9196354.484968957,1052.946778026925
9201664.265925735,1058.2781078554474
9206973.505822279,1063.4994916937503
9212281.717461428,1069.4116258893775
9217586.349818513,1068.7235659683142
9222901.800824665,1062.8670363153353
9228213.34543919,1068.4859633488727
9233524.139984872,1073.506470024048
9238839.446691386,1044.813666112249
9244155.449901355,1049.4208121855381
9249474.976643505,1020.7041131213217
9254795.819101943,1026.0937433482009
9260119.342906073,996.2201025389481
9265445.011197085,1001.2658850438938
9270772.807065403,970.5717059061208
9276103.539200464,975.0354057260095
9281435.788578358,943.9172545749776
9286772.32713918,949.0355488513794
9292109.981970092,917.3873059516399
9297451.837219352,922.5879400131682
9302793.779179174,892.0104565212038
9308140.572313756,896.9648946918019
9313486.804691283,901.7625849658361
9318840.73763805,876.58508486657
9324192.496380767,880.190470413627
9329552.031637214,852.8682790856844
9334909.781956717,857.689318953919
9340274.592125691,829.8696822275472
9345637.873969287,834.6912423179191
9351000.808893207,839.8006075623884
9356363.520953992,844.4433278336414
9361725.983677682,848.7584346309413
9367088.266139977,853.1987183897288
9372450.729737263,858.372313221214
9377813.346147748,862.4653593470188
9383175.475585192,867.4956263504305
9388537.082702214,872.8074687010366
9393898.29621617,877.5115182903639
9399259.227255702,882.4741535502794
9404619.846681962,886.9699564079405
9409980.293145787,890.5686754618041
9415340.839258986,894.392696972419
9420701.297977297,898.7553651051926
9426061.38416505,903.639367865241
9431421.24130755,908.0176319846887
9436780.781332249,912.4737269141732
9442140.04409452,916.7451009816455
9447499.062906343,920.5264262725656
9452857.841522275,924.4258804810725
9458216.70741248,929.0399153092732
9463575.793364033,932.678936375486
9468934.42777794,937.1453675088655
9474292.558682933,941.9168839095578
9479650.209060356,946.294589925739
9485007.577483231,950.7089264088022
9490364.653122043,954.9826242229683
9495721.441495627,958.3097151785712
9501078.314628722,961.8204105475018
9506435.10208868,965.4931826774236
9511791.635755247,970.0066241293055
9517147.868117217,974.1287970569315
9522503.66127365,978.0820443351009
9527859.26387615,982.0324579019293
9533214.547804382,985.5685308253934
9538569.562685352,989.0170488243036
9543924.657136723,993.29646543374
9549279.940562492,996.6786222387825
9554634.841118015,1000.595463640756
9559989.198344067,1004.8869550472898
9565343.052900871,1009.063264925126
9570696.563476015,1013.0515984638819
9576049.779137032,1017.0006124071132
9581402.646975568,1020.186457670522
9586755.578887291,1023.3176660476456
9592108.413433867,1026.6162403752273
9597460.923383595,1030.6124259688759
9602813.179298213,1034.4620783964708
9608165.035035495,1038.2799067409314
9613516.616020443,1042.0419935583072
9618867.907960057,1045.3473880298636
9624218.844394637,1048.5716163649513
9629569.726026384,1052.35859329576
9634920.887337694,1055.583760792715
9640271.675628858,1059.0888598933052
9645621.953695737,1063.0255568688037
9650971.673654053,1066.8772666925306
9656321.066070117,1070.6375387336623
9661670.099259187,1074.3621893677546
9667018.784555156,1077.392630636819
9672367.449561883,1080.2629813486228
9677716.067079488,1083.3776374747836
9683064.3427041,1087.1501948491687
9688412.338525942,1090.8156058042664
9693759.886647342,1094.3231638540722
9699107.13075074,1097.7443954702594
9704454.057619208,1100.8523818224935
9709800.632044705,1103.8005031959997
9715147.099491568,1107.3046347854938
9720493.72609243,1110.4931981204415
9725840.140730403,1113.6500740976462
9731185.972693631,1117.2956206302815
9736531.21126515,1121.0717223509064
9741876.048983153,1124.4724229840117
9747220.52617937,1128.0618245182582
9752564.594045887,1131.136898026898
9757908.553706374,1133.7993084685722
9763252.466653194,1136.8226959450626
9768596.020139454,1140.3144397930457
9773939.256590936,1143.7112338738386
9779282.083536552,1147.0953796977105
9784624.5067729,1150.4876835175137
9789966.622919232,1153.5115726894087
9795308.35541572,1156.4329923405703
9800649.846406663,1159.6086018710237
9805991.47050228,1162.7152053945147
9811332.977021085,1165.5716265094318
9816673.871657502,1168.9815891413352
9822014.138369719,1172.6252813604742
9827353.961483259,1175.8630584536077
9832693.416484872,1179.3344539827237
9838032.392430732,1182.3827949899128
9843371.171550676,1184.9174645572386
9848709.877494138,1187.750832238154
9854048.283718165,1190.873082533487
9859386.325673517,1194.3061784367665
9864723.988830391,1197.4607696576008
9870061.16858799,1200.6291014869641
9875397.979643151,1203.52670292877
9880734.403424175,1206.3643343420924
9886070.473366799,1209.2869692598483
9891406.64973605,1212.4148195950754
9896742.724455984,1215.2117224885922
9902078.182767618,1218.432354771539
9907412.981108233,1221.9479392263859
9912747.236912938,1225.1521483772035
9918081.086488359,1228.50058851838
9923414.443992076,1231.5970907077708
9928747.454447506,1234.098852239843
9934080.363523964,1236.7780102105178
9939412.967151724,1239.7043857557194
9944745.15363933,1243.159410390637
9950076.950334642,1246.3226305376952
9955408.210106121,1249.4312725084378
9960739.040471787,1252.359185862255
9966069.435044961,1255.1490356738088
9971399.377237877,1257.9294347135408
9976729.289163025,1261.1318809064755
9982059.167431504,1263.7469695963055
9987388.377727207,1266.8824800020807
9992716.94671461,1270.2951736065597
9998044.847439982,1273.4441345815255
10003372.280951956,1276.720166386783
10008699.2098042,1279.8754098029688
10014025.62816756,1282.479895204842
10019351.916157404,1285.1843677373536
10024677.823118083,1288.0838709882014
10030003.311066719,1291.3504543070655
10035328.36725903,1294.4555148034262
10040652.770960359,1297.6303728978266
10045976.677761588,1300.6389903754348
10051300.097398883,1303.4068335273105
10056623.000461228,1306.1581280436226
10061945.679273413,1309.425984088869
10067268.344123725,1312.0776599075693
10072590.406338973,1315.1574910006698
10077911.714330366,1318.4957256453504
10083232.251564853,1321.8259496049866
10088552.208972061,1325.0845397588148
10093871.610643126,1328.3176015511563
10099190.363593284,1331.132194677648
10104508.842136864,1333.780173761434
10109826.945828293,1336.7233982174148
10115144.529908484,1340.1564576687983
10120461.555465205,1343.3737160956298
10125777.914960755,1346.4863086831283
10131093.680207657,1349.631894313611
10136408.849978449,1352.5770502399198
10141723.369995793,1355.4187688359616
10147037.51031174,1358.6065678676068
10152351.525420044,1361.7281693145114
10157664.940896085,1364.7115513166673
10162977.514276825,1368.111520734094
10168289.184816094,1371.6545946002357
10173600.163205596,1374.9559356225761
10178908.198508734,1372.8147302135803
10184226.174078532,1368.8664514943146
10189541.274997447,1371.4287920059323
10194855.993283082,1374.134344971842
10200175.484253088,1357.340933824149
10205495.193611661,1360.4221746185553
10210818.908175796,1342.8552125860028
10216143.415262707,1345.6922674604978
10221471.424921466,1327.5477361196995
10226801.047544846,1330.0155728762475
10232133.591271803,1311.685546702292
10237468.92622329,1314.3179396720732
10242806.83287121,1295.6503895392411
10248147.463506434,1298.3421285801412
10253489.70185227,1280.3004256538732
10258835.322849318,1282.8972268262255
10264182.361093216,1264.719492917898
10269533.306925308,1267.137025425684
10274884.067512715,1269.0534909797732
10280234.79633647,1271.1597463765552
10285585.374168584,1273.5065924851372
10290935.646413822,1276.2098513050016
10296285.566885037,1278.752143948702
10301635.087945823,1281.1933229854403
10306984.341615275,1283.4906394239922
10312333.256922128,1285.6701078234776
10317681.89216785,1287.823550205897
10323030.65025561,1290.2823226813086
10328379.407115705,1292.33043644514
10333727.68862989,1294.7879308403967
10339075.428252736,1297.4550895027899
10344422.69636258,1299.9691342574852
10349769.633555299,1302.4990633873003
10355116.197771702,1304.9175781936565
10360462.469909089,1306.8469917857542
10365808.705260681,1308.871626400081
10371154.773247274,1311.2430375972344
10376500.46785138,1313.943944919657
10381845.845121792,1316.312940566923
10387190.817336515,1318.6883296285266
10392535.43381216,1320.9990687673398
10397879.741542803,1323.1032450204102
10403223.714307461,1325.180865367372
10408567.663461618,1327.6897642464976
10413911.678319935,1329.6268345627466
10419255.220112529,1332.045453510231
10424598.205914862,1334.6556202107008
10429940.645841135,1337.1485678873296
10435282.71674527,1339.6434307959687
10440624.403800732,1342.0354791228867
10445965.684669718,1343.9933773713578
10451306.939435653,1345.9930976723933
10456647.922618892,1348.1931605747873
10461988.602810245,1350.6649182262654
10467328.983379347,1353.0227662404395
10472668.842873963,1355.4450968571439
10478008.32988565,1357.7084624917359
10483347.473032182,1359.7861803979686
10488686.234518735,1361.8236156650084
10494024.884828662,1364.2449193078728
10499363.626800839,1366.194444026733
10504701.903861659,1368.501373293414
10510039.616260745,1371.0159352324172
10515376.719472053,1373.461306222556
10520713.424205381,1375.8982490047185
10526049.715129085,1378.3022121266192
10531385.543341925,1380.329988636648
10536721.250787398,1382.253791395065
10542056.721185658,1384.4030645562937
10547391.839137826,1386.877877343178
10552726.634058036,1389.3042596160628
10558060.869473826,1391.650443409459
10563394.647408424,1393.9393320272727
10568728.065157617,1396.0434906535852
10574061.027433647,1398.1275587609982
10579393.794169152,1400.4565565804867
10584726.604676949,1402.5162764116185
10590059.012041032,1404.6785153401925
10595390.81049639,1407.1296967093108
10600721.940066183,1409.6723912791879
10606052.621935021,1411.9828865035008
10611382.855306938,1414.4318984758095
10616712.5218933,1416.54260685776
10622041.991939176,1418.441169793383
10627371.24065322,1420.5404861865175
10632700.075259168,1423.036651015652
10638028.532986468,1425.4453115659767
10643356.443820598,1427.7480162606282
10648683.802650956,1430.1228311310729
10654010.749506209,1432.272203584835
10659337.20878389,1434.4125745853776
10664663.321022924,1436.649850368976
10669989.378487587,1438.9025093975677
10675315.12740317,1440.9501905201948
10680640.201457046,1443.4032610102847
10685964.57258025,1446.0192910190108
10691288.360893829,1448.3767267936196
10696611.648251908,1450.9003940136158
10701934.331092024,1453.1801010865506
10707256.61222182,1455.1515588424973
10712578.664070698,1457.3079152195469
10717900.265386771,1459.805847651755
10723221.372349165,1462.3574723562144
10728541.897978395,1464.710555190289
10733861.807039987,1467.115331983375
10739181.16307071,1469.4614392750093
10744499.978798691,1471.666012336501
10749818.310149055,1473.9143981687548
10755136.48870037,1476.4202572484812
10760454.340663979,1478.5648377565904
10765771.466895163,1481.0679110908122
10771087.808981324,1483.7240545690272
10776403.430449106,1486.2690876701047
10781718.44756076,1488.840125400719
10787032.818726549,1491.3390535180386
10792346.586660782,1493.4936114549087
10797660.013314437,1495.7810663300024
10802972.956024967,1498.2128914703742
10808285.294436984,1501.008132083038
10813596.99251223,1503.6137197556582
10818907.837681811,1506.2472035990509
10824218.064087769,1508.7868055541528
10829527.651610097,1511.2457557522594
10834836.54071614,1513.6577073968178
10840145.044704808,1516.390452763907
10845453.277223414,1518.7473093769913
10850761.583570652,1505.2066111530169
10856074.173617404,1507.8557376929991
10861385.666639183,1510.0950670901373
10866703.598777395,1498.3363055280292
10872019.899819313,1500.5250066016367
10877342.023600528,1487.6380663134998
10882663.491782999,1489.4388443800192
10887990.466418294,1476.0937914599685
10893317.15228495,1478.3466264664983
10898648.763023539,1464.6660793886167
10903980.52926306,1466.7261227622616
10909316.60340042,1452.564705767018
10914653.583637942,1454.3542913248994
10919994.423716825,1439.680267754106
10925336.965036154,1441.6732795623725
10930683.318714244,1426.8098159715355
10936031.634367686,1428.6143774844977
10941382.783558143,1414.0016550909136
10946736.14990848,1416.0277348473974
10952089.169689467,1417.8589119600529
10957441.903926134,1419.7932766269857
10962794.238401167,1421.4309621357643
10968146.515562978,1422.8801555044772
10973498.697656453,1424.5420932244533
10978850.620876098,1426.517442476654
10984202.309697928,1428.4152980037022
10989553.577916384,1430.226713215059
10994904.470629064,1432.0419295269974
11000255.117634913,1433.6881588293961
11005605.412781693,1435.2806602160963
11010955.595019663,1437.0013961872828
11016305.912262429,1438.7105419512557
11021655.971674655,1440.3367222229838
11027005.551516753,1442.24784844818
11032354.603860961,1444.244474652291
11037703.299851,1446.066891903112
11043051.664133737,1447.9724935272773
11048399.625364406,1449.5836623277053
11053747.446199238,1450.9978133111174
11059095.206663698,1452.544930603309
11064442.67063813,1454.4785903331565
11069789.84041508,1456.3628379857391
11075136.64307541,1458.1281062812625
11080483.051374301,1459.9747958439932
11085829.130116269,1461.5913462224264
11091174.866110047,1463.1451091555084
11096520.397827767,1464.7918304271839
11101866.002520211,1466.5576668981325
11107211.426801912,1468.0676454354134
11112556.3533341,1469.9361992012593
11117900.73801961,1471.9270321887138
11123244.695677249,1473.692414337353
11128588.32100661,1475.5295169735527
11133931.516609957,1477.2029224703456
11139274.465022873,1478.6003171862305
11144617.340109527,1480.1522346071733
11149959.928544441,1481.9649961277682
11155302.215534136,1483.8712509020208
11160644.116699843,1485.6344962794228
11165985.548400484,1487.3980973068299
11171326.632674934,1489.0342067536699
11176667.378768865,1490.6143333268421
11182007.818506597,1492.2254606237204
11187348.275654953,1493.9754237768593
11192688.642045602,1495.5205223916923
11198028.455641234,1497.3270693216132
11203367.711941538,1499.3002697264876
11208706.47253784,1501.0918138194086
11214044.858914498,1502.9405446092062
11219382.806454925,1504.6596030930277
11224720.408244353,1506.0587656747584
11230057.903465936,1507.5814409835402
11235395.139037125,1509.2335751422365
11240732.043487124,1511.1887922948536
11246068.544362988,1513.008379698692
11251404.51431264,1514.7335997410469
11256740.114385396,1516.4220871176612
11262075.313647455,1518.000672462843
11267410.140599413,1519.5565451728805
11272744.914381891,1521.3776104781032
11278079.599553946,1522.9061375290805
11283413.73233158,1524.6668850216402
11288747.298176628,1526.599626898538
11294080.26325308,1528.3944334287594
11299412.850997273,1530.228184724375
11304744.947322322,1532.0485828127623
11310076.59475335,1533.5199791607638
11315408.108422616,1535.051905371505
11320739.335983157,1536.7078528555887
11326070.188939672,1538.6322140220952
11331400.620924087,1540.4268537952494
11336730.440756774,1542.2910263155518
11342059.801508628,1544.0432141251567
11347388.756187191,1545.6885402567177
11352717.241594011,1547.2665840094714
11358045.5392249,1549.1044151783835
11363373.771542536,1550.6838525439316
11368701.46922735,1552.4838011472036
11374028.550912274,1554.4109804901714
11379354.957955042,1556.2926556544378
11384680.911157472,1558.1513896146694
11390006.358278718,1560.0105505040374
11395331.242775612,1561.6092193973827
11400655.897670044,1563.1457871910222
11405980.24264984,1564.876976759783
11411304.111507481,1566.8213159323075
11416627.56553665,1568.703796985431
11421950.370569447,1570.5657442818049
11427272.629279057,1572.4762497960292
11432594.378511071,1574.1875762573786
11437915.611017203,1575.8586287928463
11443236.514360985,1577.7371624308282
11448557.281853378,1579.4728250826267
11453877.589607846,1581.2460918459071
11459197.189525438,1583.221297481708
11464516.048159532,1585.261900490563
11469834.719933469,1573.4933362621282
11475158.521506961,1575.2582659203326
11480481.543017948,1576.6075064310708
11485810.728273755,1565.453982005821
11491139.310432183,1566.8088729099827
11496473.455370108,1555.5756037144954
11501807.312152475,1557.1571407212136
11507146.179774076,1545.4000074308397
11512485.212693578,1546.9636648376575
11517828.881141052,1534.7837069517195
11523173.259974279,1536.0671533968411
11528522.023066593,1523.65628478304
11533872.347974377,1525.0939074883768
11539226.710966812,1512.4038741027412
11544582.516666014,1513.8943248036526
11549941.717875905,1501.4745915222734
11555302.800864749,1502.8387149225534
11560663.636597915,1504.312295406269
11566024.130507369,1505.5904821464233
11571384.474372717,1506.6191537708885
11576744.811521072,1507.7819221723857
11582105.002595736,1509.0901841204477
11587464.97906267,1510.585183446672
11592824.624813247,1512.0298546447898
11598183.90503806,1513.3836436528952
11603542.97082372,1514.651191304608
11608901.742557364,1515.8293842541916
11614260.341258442,1516.991456501165
11619619.066642342,1518.3737976442565
11624977.705301741,1519.4925325218671
11630335.960832018,1520.8940046858734
11635693.771064252,1522.3851312496054
11641051.203635085,1523.7606960995536
11646408.359787239,1525.1356285556167
11651765.209545046,1526.4124701376659
11657121.834791508,1527.4321834174505
11662478.468413275,1528.5593762302674
11667834.921838587,1529.881730510902
11673191.128502203,1531.3511540467525
11678547.044045622,1532.710477780266
11683902.564637827,1534.0416567011891
11689257.814493058,1535.2791678856397
11694612.796572007,1536.4481705033234
11699967.54396045,1537.5773400423782
11705322.377995564,1538.9359932828575
11710677.182906512,1540.074160138198
11716031.564376934,1541.4145568501312
11721385.494174724,1542.8649940609616
11726739.030287242,1544.220393249335
11732092.27554995,1545.5784788459334
11737445.203887278,1546.8671108685076
11742797.852307357,1547.8899479169702
11748150.469224432,1548.9872264368887
11753502.9495044,1550.2789512022296
11758855.12893458,1551.7578085410805
11764206.99198746,1553.0780908307397
11769558.452704655,1554.360020961095
11774909.631864889,1555.6513488038377
11780260.514377197,1556.7978537393433
11785611.128747756,1557.8928912853407
11790961.747975037,1559.270517148745
11796312.380230127,1560.353017801816
11801662.635131026,1561.676431579657
11807012.41345777,1563.1037582433498
11812361.69858772,1564.483398258688
11817710.704415968,1565.8231731500916
11823059.352507472,1567.1499733533544
11828407.647573834,1568.1861974483238
11833755.919757992,1569.2558335224946
11839104.011270082,1570.4418215658075
11844451.840792734,1571.8529627124205
11849799.376151452,1573.163293125779
11855146.437499514,1574.5244221765245
11860493.164367044,1575.787952835198
11865839.607524732,1576.9647104850847
11871185.708444862,1578.0549028485482
11876531.76213812,1579.3543672967262
11881877.854135597,1580.4494678960955
11887223.562900465,1581.702104452412
11892568.814714251,1583.0926922828532
11897913.561558759,1584.4305634392529
11903257.984966474,1585.7457837202978
11908602.053576317,1587.0293444721603
11913945.731846644,1588.1041308397412
11919289.31678482,1589.1057155836543
11924632.76197229,1590.2999091302281
11929975.900921125,1591.7450903206184
11935318.723269124,1593.0687987695485
11940661.06036319,1594.3524314632689
11946003.03184565,1595.6164801526158
11951344.68261097,1596.7941814077747
11956685.975707108,1597.88128251644
11962027.158455066,1599.1479646797832
11967368.361672558,1600.3028930549344
11972709.227523696,1601.504330565684
11978049.59543847,1602.8728336330391
11983389.42289055,1604.2617724801335
11988728.829972269,1605.5894756866148
11994067.895154495,1606.9075873016582
11999406.511421487,1608.054457084859
12004744.948063852,1609.0646663866596
12010083.263069652,1610.226344989468
12015421.226382967,1611.6350047594976
12020758.80598677,1613.0037594180774
12026095.918399783,1614.2790817689427
12031432.654270535,1615.6114964856997
12036768.982962579,1616.8026913868957
12042104.92361758,1617.9227627036257
12047440.644809334,1619.1537092331816
12052776.374693139,1620.3957364776252
12058111.812468078,1621.5730223429177
12063446.722028714,1622.9325510975928
12068781.050826292,1624.3575218806393
12074114.921336932,1625.6344051654266
12079448.419782585,1626.9913800501315
12084781.428457491,1628.2061244649929
12090114.157442404,1629.2320936825397
12095446.736700661,1630.4041626029107
12100778.984817944,1631.7747962075616
12106110.811013935,1633.174316975882
12111442.168632137,1634.4777432953304
12116773.043446044,1635.829230677367
12122103.479733039,1637.0801426522025
12127433.498608515,1638.260136961235
12132763.205548383,1639.4704884711634
12138092.84216023,1640.845905625289
12143422.253465654,1641.9449479521077
12148751.087744929,1643.3342816437416
12154079.31697569,1644.7829255582787
12159406.997583797,1646.127691166947
12164734.213888224,1647.5066343819426
12170060.946247578,1648.7844300446611
12175387.270634836,1649.884960737195
12180713.40551903,1651.0367833046841
12186039.214496488,1652.4328612550817
12191364.557971375,1653.8928058145357
12196689.39331448,1655.2664077381287
12202013.63594623,1656.6505301964612
12207337.431710664,1658.0206521573432
12212660.722427655,1659.2724758256466
12217983.576407963,1660.4773860083544
12223306.281360846,1661.9403362449186
12228628.782757208,1663.1592340960776
12233950.652336577,1664.5794918265037
12239271.871078689,1666.0852433218106
12244592.450800894,1667.510645433987
12249912.515661325,1668.9676648657864
12255231.991919538,1670.403093558675
12260550.939754376,1671.606510705836
12265871.725088973,1660.5109336621954
12271196.160447653,1661.7431178242045
12276519.682160188,1662.3372081297289
12281850.363520872,1654.367426951238
12287178.958896399,1655.006124404106
12292514.338524302,1646.458874543978
12297848.2696603,1647.0734123247285
12303188.588964006,1637.898670556411
12308528.14807112,1638.6871689291488
12313874.10238209,1629.150127016096
12319219.394632317,1629.9448919782662
12324570.266724933,1620.3321901266718
12329920.74986668,1621.2475723632172
12335276.632953653,1611.3062712981032
12340632.705276683,1612.301771536574
12345988.456675781,1613.1081130763464
12351344.178639691,1613.8492503782427
12356699.823718144,1614.7600853567192
12362055.212517885,1615.889390774469
12367410.37327449,1616.9259036919782
12372765.13596134,1617.9303871933407
12378119.590501484,1618.9096078795149
12383473.792650629,1619.7759293253202
12388827.723928459,1620.583637477149
12394181.638054682,1621.5933979057831
12399535.596290663,1622.4670759801797
12404889.298535604,1623.4172692037919
12410242.568373665,1624.4792529711906
12415595.376702175,1625.5613729968986
12420947.898180462,1626.5546823467755
12426300.12773543,1627.5679024977903
12431651.970964268,1628.4149163906416
12437003.756555552,1629.1461390521076
12442355.449275792,1629.964179000005
12447706.958892483,1631.026776574553
12453058.193199469,1632.1201090020024
12458408.997005746,1633.104877810432
12463759.490364602,1634.0759572048423
12469109.712626282,1634.9660153358066
12474459.611291552,1635.7838813126923
12479809.416010253,1636.6978909826457
12485159.33069343,1637.6231909238604
12490508.969220446,1638.5166851135034
12495858.195684435,1639.5456115104912
12501206.940043794,1640.6122464915381
12506555.334904695,1641.600828078169
12511903.43871029,1642.612329374885
12517251.165679315,1643.4752281404312
12522598.744335337,1644.1872144957474
12527946.262317581,1645.0384816106152
12533293.536962353,1646.067786364375
12538640.508619588,1647.0992344468054
12543987.100471104,1648.072906139699
12549333.337171992,1649.0993814531387
12554679.250482466,1649.9763357005656
12560024.862635085,1650.8190062367048
12565370.278967828,1651.697196610828
12570715.75601071,1652.6457364393054
12576061.053860646,1653.4852107976349
12581405.9189423,1654.5005083187298
12586750.297893532,1655.5777738379502
12592094.276535595,1656.529046332546
12597437.96224869,1657.5415975675708
12602781.244844379,1658.4369016811538
12608124.302787239,1659.1502598317538
12613467.2805629,1659.976803393759
12618810.010815796,1660.9249765560003
12624152.475313615,1661.9795871196065
12629494.564665753,1663.008820375033
12634836.18351521,1663.9978119856114
12640177.510092607,1664.8960016883473
12645518.492559658,1665.7553235310372
12650859.205850977,1666.5988007731135
12656199.940398209,1667.57880909518
12661540.597605346,1668.4056629893435
12666880.744295971,1669.4138288687122
12672220.38969168,1670.5119376948464
12677559.58798173,1671.4727513331943
12682898.439738536,1672.5169855531105
12688236.892504394,1673.4413370866573
12693575.025428873,1674.1830958071755
12698913.076399533,1674.9813793312123
12704250.902349688,1675.915842829288
12709588.398863498,1676.9901480138412
12714925.496319417,1678.024400451397
12720262.100589054,1679.0075425112757
12725598.39258206,1679.966973565488
12730934.286533391,1680.8355023078468
12736269.848707393,1681.651146886412
12741605.384121556,1682.7000942286704
12746940.845317408,1683.5344313768012
12752275.804690825,1684.536390817609
12757610.258226188,1685.6196240560294
12762944.198574044,1686.6217366143599
12768277.758425664,1687.6479205383132
12773610.874581803,1688.656625988231
12778943.599845063,1689.4444862408059
12784276.196552062,1690.2349492711069
12789608.605812684,1691.1422116816154
12794940.624175005,1692.2921763979439
12800272.232706122,1693.3297733769407
12805603.295389315,1694.3712127757067
12810933.962355576,1695.376428867693
12816264.248486465,1696.3187100174728
12821594.100691536,1697.169394744311
12826923.829215353,1698.1936256622405
12832253.483918741,1699.0908639139882
12837582.696935117,1700.062224360338
12842911.36396283,1701.1521777555763
12848239.429479485,1702.2174007148947
12853567.090733845,1703.2452105453858
12858894.29865312,1704.2857860522458
12864221.01937515,1705.1536199605412
12869547.542931681,1705.9858228776425
12874873.847797597,1706.9340111437052
12880199.713043464,1708.0611408531668
12885525.175187282,1709.136376555882
12890850.065264162,1710.2232542773424
12896174.45548517,1711.286054796614
12901498.4311339,1712.2651630808002
12906821.930284116,1713.2160510813562
12912145.159641357,1714.266004279958
12917470.426523311,1703.9695801599441
12922799.240792014,1704.9089348310886
12928127.079512015,1705.0469930767656
12933461.856816014,1697.6046713914086
12938794.81880723,1697.8375315209485
12944134.59183425,1689.887047418671
12949472.891512329,1690.1543879721498
12954817.819420304,1681.55655674454
12960161.979745807,1681.873605863049
12965512.361112548,1673.2534590349567
12970862.158140374,1673.8586064948797
12976217.662594208,1664.935020204309
12981572.878811533,1665.4849188169092
12986933.65213717,1656.2617087626904
12992294.558565544,1656.8575734218523
12997655.391914157,1657.5065350740156
13003016.368972322,1658.2236343684913
13008377.188655185,1658.8392793264627
13013737.664557002,1659.6060517785413
13019097.732636822,1660.4288115573313
13024457.493380645,1661.1407860017925
13029817.040930849,1661.9009432032535
13035176.273725579,1662.5429664177163
13040535.38080251,1663.0210990798591
13045894.491020804,1663.6249367679807
13051253.442741536,1664.384926068879
13056612.137740646,1665.1765284333283
13061970.536000255,1665.89620792944
13067328.62594263,1666.6455010125649
13072686.472441413,1667.2835525914147
13078044.080788504,1667.8897655199726
13083401.5443999,1668.4910783732248
13088759.126439035,1669.1938508922356
13094116.633920047,1669.8048695108196
13099473.769253902,1670.537968248777
13104830.477088422,1671.3574009556735
13110186.877624488,1672.052225419348
13115542.999693979,1672.8331912102658
13120898.835973157,1673.464573607877
13126254.494576085,1673.9517410594221
13131610.160264,1674.4927953357887
13136965.67548522,1675.251978214004
13142320.928434113,1676.0378014197968
13147675.860565783,1676.758820615964
13153030.465478508,1677.4832387768136
13158384.820211884,1678.1591422454794
13163738.910716781,1678.7458231985481
13169092.82587585,1679.3245694863374
13174446.80048517,1680.0802512430726
13179800.764664466,1680.599303133657
13185154.33917227,1681.3276985828084
13190507.50937113,1682.1421811090033
13195860.302734481,1682.8332944192753
13201212.836229779,1683.5852706114265
13206565.062133601,1684.236829169576
13211917.046565652,1684.7166575193157
13217269.03264472,1685.2434098688627
13222620.876342468,1685.8872013063099
13227972.48910419,1686.6753007675254
13233323.791074183,1687.4256582674452
13238674.700786764,1688.1243553532627
13244025.385884225,1688.807040846966
13249375.766875628,1689.394202066413
13254725.914399981,1689.921528707624
13260076.12227838,1690.6663130339361
13265426.336309003,1691.2110225797023
13270776.166010967,1691.9129507920957
13276125.593698591,1692.6818324064966
13281474.624157898,1693.3836144656457
13286823.371857015,1694.1017017897154
13292171.827812403,1694.7697318276876
13297519.978607303,1695.2782321302743
13302868.117661033,1695.767720632112
13308216.13216159,1696.4177813104943
13313563.829122702,1697.2315287764657
13318911.270060226,1697.9387716978679
13324258.341854148,1698.650758261767
13329605.079977123,1699.3349964896595
13334951.556697566,1699.9258417418937
13340297.753262974,1700.469696947511
13345643.946066642,1701.215642750347
13350990.14337786,1701.7617708258012
13356336.038685879,1702.446178026347
13361681.48459383,1703.2043882662451
13367026.44884767,1703.9590360040122
13372371.128550233,1704.6596395118709
13377715.485189103,1705.3819028350567
13383059.486092953,1705.909495683459
13388403.431368647,1706.416009973601
13393747.263471832,1707.019734528781
13399090.816099972,1707.8020760242962
13404434.078133315,1708.5259744439866
13409776.900477523,1709.2568263136288
13415119.398160316,1709.954598196416
13420461.623531282,1710.5911466826785
13425803.500515416,1711.1315416833595
13431145.30902742,1711.8106467322382
13436487.160965038,1712.4196242801966
13441828.715952022,1713.0589732180158
13447169.837537887,1713.8073343044794
13452510.457212007,1714.5662101151156
13457850.770275421,1715.257215061673
13463190.746310305,1715.981854727978
13468530.335408172,1716.547348270395
13473869.805146197,1717.0458217610535
13479209.169796165,1717.5725151622476
13484548.297225252,1718.3533987367023
13489887.08182708,1719.1738361365612
13495225.400274431,1719.888765709808
13500563.388089145,1720.5904426739683
13505901.045894569,1721.2353376586318
13511238.338976745,1721.8182766800962
13516575.484954186,1722.4674786167593
13521912.700467959,1723.121854690315
13527249.603609681,1723.76972453453
13532586.069034046,1724.5110010077537
13537922.009506857,1725.2937129472973
13543257.549606038,1726.0281694357293
13548592.755648898,1726.7677307060858
13553927.53391134,1727.3989628756262
13559262.11010855,1727.9032973826106
13564596.576657742,1728.4820982722147
13569930.787293073,1729.2395471725388
13575264.613104967,1730.0587266607372
13580597.993448978,1730.7887455644334
13585930.978765745,1731.5313881710913
13591263.586529426,1732.1966883047744
13596595.823014801,1732.8213144832873
13601927.818014214,1733.461736506427
13607259.825382657,1734.191020656683
13612591.600250311,1734.8126182896683
13617922.909493389,1735.5657663414186
13623253.668525526,1736.381540850561
13628583.98060161,1737.1087524433958
13633913.882155996,1737.9279906766617
13639243.3619406,1738.6074940644423
13644572.524729759,1739.1652814330096
13649901.561066033,1739.751340760905
13655230.328698007,1740.4931639125468
13660558.712808328,1741.3365134904504
13665886.626401661,1742.1748868708562
13671214.012463741,1742.9715407700287
13676541.048364285,1743.7054667883003
13681867.650556102,1744.3848967730237
13687193.890742585,1745.0203922304452
13692520.064881675,1745.847163513327
13697846.088611672,1746.4831927482317
13703171.579549072,1747.2807991158406
13708496.506472493,1748.139838634181
13713820.903566325,1748.9198822660492
13719144.866357667,1749.7611434353955
13724468.370650673,1750.5278764810369
13729791.418163393,1751.1533888764402
13735114.323451059,1751.8069520793642
13740436.911186865,1752.557422747965
13745759.109776752,1753.4488377587443
13751080.82029264,1754.3147370955244
13756401.959377028,1755.2079037167816
13761722.618742896,1756.025328533051
13767044.938048821,1746.3273932932802
13772370.774171155,1746.9315641012897
13777696.06884668,1746.886931876341
13783028.714398164,1739.370399530913
13788359.669343092,1739.424526922385
13793697.143850163,1731.6930658484798
13799033.177911103,1731.92515476751
13804375.542493848,1723.7937302669704
13809717.041180015,1724.0819247515228
13815064.464448003,1715.4962480640688
13820411.680986155,1715.625528732917
13825764.750190614,1706.8640710450345
13831117.763564968,1707.308767248895
13836476.156054165,1698.4744979026905
13841834.669079093,1698.8636166518345
13847198.296127714,1689.848298193952
13852562.544264901,1690.2562180680898
13857926.574305002,1690.574044877831
13863290.657344516,1691.0449517514514
13868654.838117912,1691.4122891543577
13874018.838083055,1691.8257396457607
13879382.49574137,1692.349103966797
13884745.779551072,1692.894120754797
13890108.841595497,1693.3658100801456
13895471.682176521,1693.8501185234227
13900834.246692365,1694.178140271471
13906196.810158307,1694.4452785105743
13911559.362445535,1694.8210444811955
13916921.713039642,1695.3554103268364
13922283.899484478,1695.8621931374055
13927645.753398668,1696.358263024003
13933007.353999939,1696.8222116198904
13938368.771633962,1697.2154658500233
13943729.949704565,1697.5315320473421
13949091.127867183,1697.9567701983585
13954452.461678853,1698.3633790888396
13959813.589627411,1698.7484357386306
13965174.39337129,1699.255793756141
13970534.816843197,1699.7827944219723
13975894.957936784,1700.2683222213764
13981254.904073529,1700.7408560581093
13986614.553771144,1701.1094982694058
13991974.154811071,1701.3576712668114
13997333.756067984,1701.7259730521384
14002693.182246914,1702.2279673383584
14008052.379578952,1702.7401003645525
14013411.278724441,1703.2052329862545
14018769.916035103,1703.704018150456
14024128.33110434,1704.0846500942052
14029486.516805025,1704.438230552806
14034844.62883318,1704.8372234146698
14040202.894159377,1705.218532401479
14045561.014279421,1705.584448760775
14050918.803510481,1706.0631871196463
14056276.197153348,1706.5900946830527
14061633.303531725,1707.0549726767854
14066990.195962192,1707.532217541278
14072346.786037857,1707.898979340194
14077703.287901366,1708.137550221503
14083059.801492063,1708.4661079707616
14088416.155395487,1708.9552223464614
14093772.255901586,1709.4672163151363
14099128.064437464,1709.92514725002
14104483.601115055,1710.4240504249024
14109838.883567588,1710.8022929660826
14115193.939677062,1711.1484339910292
14120548.87391892,1711.5047372580357
14125903.933075782,1711.9288245803018
14131258.897417147,1712.2571435058721
14136613.532667365,1712.7265393007451
14141967.778603023,1713.2550435712828
14147321.698323531,1713.690233119304
14152675.409420064,1714.1704022857173
14158028.802628947,1714.5597845297232
14163382.055966018,1714.797904615979
14168735.303167006,1715.1014089693153
14174088.456429293,1715.5362813121644
14179441.33830114,1716.0751379674502
14184793.901152926,1716.5970114155577
14190146.131363207,1717.0562988634733
14195498.156960154,1717.4743790882617
14200849.895881016,1717.8129022882856
14206201.484107124,1718.1244771309891
14211553.169453342,1718.6100598930573
14216904.808881694,1718.8893483495833
14222256.108627586,1719.3549320613608
14227607.001382222,1719.8700335822944
14232957.561337784,1720.3062349154027
14238307.84512926,1720.7924911951432
14243657.85483968,1721.1847717149496
14249007.642632555,1721.450317584572
14254357.445880892,1721.7299854722528
14259707.095618108,1722.1775208616614
14265056.51956216,1722.705860220648
14270405.649870526,1723.1835635900768
14275754.40685849,1723.6491629584336
14281102.913627796,1724.05562116102
14286451.17290499,1724.4109538176997
14291799.216732621,1724.735009132875
14297147.321427321,1725.2178086824247
14302495.445185393,1725.5178950972806
14307843.18358843,1725.9667090099188
14313190.538928665,1726.4981572780496
14318537.507234065,1726.9471525493464
14323884.207562651,1727.4354530130195
14329230.613761071,1727.8589481877275
14334576.725978598,1728.1340792884982
14339922.849468673,1728.4284105365127
14345268.825104792,1728.8115684933916
14350614.587925833,1729.3488952025994
14355960.038611285,1729.8474480839732
14361305.088046638,1730.3032026041585
14366649.89300229,1730.7462132382782
14371994.421187133,1731.1444978773466
14377338.669972803,1731.4392271746462
14382682.958679266,1731.9084820246132
14388027.235608885,1732.2485018326495
14393371.20830684,1732.644291849802
14398714.77189553,1733.1552935574073
14404057.901287526,1733.6367798579897
14409400.751753379,1734.1084879469047
14414743.281812798,1734.5701271414907
14420085.505711466,1734.8652834234115
14425427.67946274,1735.1326124072627
14430769.777116364,1735.4855384219359
14436111.576796116,1736.0773740915874
14441453.096990755,1736.5670610703949
14446794.218041617,1737.0451282907889
14452135.01621455,1737.5185901409889
14457475.522083564,1737.90028687243
14462815.736040512,1738.2200254346646
14468155.917089636,1738.7101872931225
14473496.10108502,1739.0751099827398
14478836.026855923,1739.4896598589735
14484175.504461221,1740.0003972962572
14489514.509028837,1740.5422216082982
14494853.194342153,1741.0087450337187
14500191.554162195,1741.500056631718
14505529.542313794,1741.8489488989846
14510867.428666608,1742.1346481083106
14516205.226735221,1742.5242821038187
14521542.726648442,1743.083022386091
14526879.940271406,1743.5998664013787
14532216.712690609,1744.101726945656
14537553.157354355,1744.6313850664715
14542889.257267177,1745.040227632747
14548225.045382349,1745.4155486086104
14553560.680131746,1745.8792953825618
14558896.347090224,1746.291733963593
14564231.775802415,1746.7007847824918
14569566.757456778,1747.2204124837046
14574901.244354619,1747.778653465929
14580235.30966964,1748.2801272126007
14585569.065049227,1748.8048421784308
14590902.398872932,1749.2465422246382
14596235.54791679,1749.5516218779355
14601568.594833702,1749.9524117318558
14606901.38425655,1750.49358571718
14612233.812768422,1751.0531689559884
14617565.815569796,1751.5737911076098
14622897.425693294,1752.1387673586294
14628228.670972178,1752.5910514555762
14633559.570303839,1753.0108832526705
14638890.223136902,1753.44053902578
14644220.901555868,1753.9653706349777
14649551.34313389,1754.367734610008
14654881.343358621,1754.9116782166154
14660210.816215878,1755.5123724351783
14665539.822192848,1756.041206864015
14670868.490526514,1756.6097883301597
14676196.714908857,1757.102812672134
14681524.626599083,1757.4606532558425
14686852.444556672,1757.8803484212885
14692179.95827375,1758.462374828527
14697507.11205705,1759.0699000238333
14702833.809231667,1759.6462644879905
14708160.046969391,1760.2246290109358
14713485.916785311,1760.7775942315088
14718811.362038707,1761.2478404271887
14724136.486353,1761.7016177040846
14729461.537801195,1762.3052977477523
14734786.464713693,1762.692651393299
14740110.876857324,1763.2765959234848
14745434.751672808,1763.9261421336016
14750758.095118662,1764.5002101767059
14756081.014349883,1765.119816773305
14761403.499992797,1765.6853755953957
14766725.552603118,1766.1317923901788
14772047.458204634,1766.591116734393
14777369.075218106,1767.1375089460355
14782690.296548512,1767.8266236772745
14788011.031169608,1768.490158811121
14793331.193058088,1769.1208183500858
14798650.951051261,1769.7486247335498
14803970.257595934,1770.338006028627
14809289.103352973,1770.8239195563503
14814607.808636226,1771.4714763155198
14819926.359645575,1772.0143711650198
14825244.413652737,1772.6290717614959
14830561.888540152,1773.3365480503678
14835878.697999343,1774.0461549752506
14841195.06391106,1774.712825276237
14846510.904077567,1775.4380605000651
14851826.200833296,1775.9915596862534
14857141.253759786,1776.5215178487763
14862456.017436331,1777.1432661138617
14867770.295993198,1777.904631810609
14873084.095998526,1778.6411937458997
14878397.261904188,1779.4168620286043
14883709.854418911,1780.1604968816937
14889021.945966683,1780.8208628436546
14894333.502176166,1781.4359298957695
14899644.756909193,1782.193480467811
14904959.138877358,1772.5137445156263
14910275.804173883,1773.0942136289111
14915594.574995482,1763.4672692688303
14920916.052483534,1764.1210112371
14926236.492894066,1763.6887673746226
14931564.3545721,1756.6560804260732
14936890.064755542,1756.2770225725214
14942223.005602302,1748.577637314086
14947554.530628799,1748.2571945970658
14952892.866076957,1740.402061876642
14958229.912902163,1740.4590110329975
14963573.226273175,1732.2331739696604
14968915.697369639,1732.283456059435
14974264.178691823,1723.6948498687266
14979612.19744322,1723.6600746385598
14984966.08894177,1714.8248209934216
14990320.245873256,1714.8901501960831
14995679.960805621,1705.8347246644869
15001039.807683349,1705.9953231915144
15006404.68165252,1696.9835128476343
15011770.060045982,1697.210292238708
15017135.274476795,1697.488713340889
15022500.214135274,1697.65846780295
15027865.092785662,1697.6893602076489
15033229.993309945,1697.774710175024
15038594.835075904,1698.055892828784
15043959.47015559,1698.3940508184621
15049323.832820952,1698.6380442485242
15054687.950132607,1698.893539488295
15060051.869526954,1699.0619731732606
15065415.587056533,1699.190223722549
15070779.240439713,1699.3206222943068
15076143.071765967,1699.5517050540432
15081506.831869265,1699.6479175286897
15086870.3159806,1699.9031043757657
15092233.446642408,1700.225823923442
15097596.283450585,1700.4570282402412
15102958.951189097,1700.7326296994172
15108321.348906495,1700.9187240414615
15113683.623502543,1700.94705145681
15119045.946033578,1701.0412373797606
15124408.182497717,1701.2131754515044
15129770.263258325,1701.5321057090662
15135132.07592617,1701.8430284780684
15140493.583468538,1702.08335787209
15145854.937850531,1702.282374130029
15151216.05433765,1702.4062033029002
15156577.055211833,1702.4967196805949
15161938.204376707,1702.756747475118
15167299.353627333,1702.8191536282432
15172660.21470169,1703.0641352480889
15178020.718796946,1703.3654293559216
15183380.929749167,1703.5955450549081
15188740.91619408,1703.8617826733157
15194100.681090591,1704.0421357431223
15199460.26222412,1704.0882202168618
15204819.91384049,1704.1528504341723
15210179.4420545,1704.3507032251537
15215538.810048565,1704.6669492327653
15220897.937818807,1704.9542853845226
15226256.738332799,1705.1959970194812
15231615.354224432,1705.3794576187606
15236973.75410962,1705.5110292826516
15242331.987681497,1705.5943005862734
15247690.351419264,1705.846552239807
15253048.75862674,1705.9180063502163
15258406.860023111,1706.1429053428205
15263764.621459221,1706.436327788424
15269122.060428644,1706.6699023746305
15274479.277504941,1706.9235666791044
15279836.269296547,1707.1275515852165
15285193.03637296,1707.1879135588388
15290549.845871743,1707.257595773828
15295906.578062616,1707.4717238165192
15301263.095331203,1707.7961032262233
15306619.350297173,1708.0490223523027
15311975.28869551,1708.2755623772898
15317331.023001742,1708.4929675365418
15322686.541783262,1708.621102408785
15328041.872268828,1708.711087144645
15333397.280258363,1708.96387767576
15338752.77245169,1709.0230157845297
15344107.96335015,1709.2273310417802
15349462.827959085,1709.5247897423835
15354817.300603412,1709.7670071460418
15360171.582641885,1710.0157917022968
15365525.584795613,1710.2646931457937
15370879.350975426,1710.3187062550458
15376233.136549858,1710.3535755634082
15381586.894164443,1710.4955378231402
15386940.427161252,1710.8552340536064
15392293.718953175,1711.1145705142405
15397646.645025803,1711.358867190579
15402999.36557807,1711.589567876209
15408351.85264979,1711.7566763562857
15413704.103165478,1711.8174322752054
15419056.418706542,1712.0657702395051
15424408.795584561,1712.1751699139077
15429760.95014348,1712.3457390729782
15435112.726106606,1712.6253608821676
15440464.097065164,1712.9286098545108
15445815.228843182,1713.1656861938684
15451166.110420119,1713.4244673071998
15456516.69031294,1713.5122513708563
15461867.268252986,1713.5619542772406
15467217.78705412,1713.706255783255
15472568.083836745,1713.9981631535634
15477918.18201642,1714.2626528898427
15483267.916168906,1714.5409834022564
15488617.372089898,1714.768044335518
15493966.62005091,1714.9259014722606
15499315.594187843,1715.008742818116
15504664.558443226,1715.2326529288123
15510013.624097658,1715.3597961962391
15515362.492475757,1715.527945672365
15520710.98844432,1715.799710908551
15526059.056950623,1716.1009890830956
15531406.87551185,1716.3358277595291
15536754.427901886,1716.6023530107095
15542101.667639326,1716.7235133504403
15547448.844463708,1716.7637065442482
15552796.004118754,1716.8238660587758
15558142.980387108,1717.1443528305244
15563489.676532105,1717.4891799903994
15568836.009778993,1717.7262880442881
15574182.094052315,1717.9723623951916
15579527.906105991,1718.1434908406964
15584873.439074067,1718.2535458349876
15590218.90816105,1718.4369083869012
15595564.500201844,1718.6306313502391
15600909.871666642,1718.7746823544257
15606254.88964187,1719.0427033578649
15611599.469509266,1719.3543745854577
15616943.707533212,1719.6143232849395
15622287.703943465,1719.8966482663373
15627631.352628026,1720.084667454191
15632974.875352161,1720.1262128650917
15638318.372962676,1720.2672874523814
15643661.670865977,1720.558786740976
15649004.68309269,1720.8645484265521
15654347.359960018,1721.1212595476259
15659689.714704456,1721.4261243921794
15665031.782727972,1721.6087238918353
15670373.581661629,1721.7630562104425
15675715.211975938,1721.9208594279005
15681056.941330798,1722.1654067333168
15686398.531417498,1722.2782282714952
15691739.75864552,1722.5544910182919
15697080.544586813,1722.898559021126
15702420.94495137,1723.154475359498
15707761.092484426,1723.458859487743
15713100.874648774,1723.6820104417657
15718440.442327762,1723.7428842677705
15723779.987071756,1723.8785280421544
15729119.331434669,1724.0893623325228
15734458.458809432,1724.425931977711
15739797.249149853,1724.7434782137025
15745135.620901618,1725.0362963780829
15750473.71255041,1725.2563742001591
15755811.52444686,1725.4391996872541
15761149.094520707,1725.6222192698403
15766486.69137339,1725.9130074175443
15771824.270514492,1726.0195116937414
15777161.40922335,1726.3074295380434
15782498.101193726,1726.689418819449
15787834.371813646,1726.9685736979295
15793170.328861315,1727.3229256457616
15798505.938428856,1727.5811198630424
15803841.237208923,1727.6880386575133
15809176.50286353,1727.823570299011
15814511.570766602,1728.0355267722234
15819846.388504809,1728.425504879595
15825180.844692294,1728.7773556765426
15830514.846078547,1729.07648690217
15835848.550005242,1729.3442195683667
15841181.934344478,1729.5499733872414
15846515.024308665,1729.7288869709557
15851848.092527397,1730.0699609689548
15857181.150392482,1730.2067539988996
15862513.788073234,1730.4951389586581
15867845.986309104,1730.8807778738187
15873177.67164329,1731.2176454789546
15878509.059806542,1731.5571240285678
15883840.054649556,1731.9246389403284
15889170.671244543,1732.083676915956
15894501.211351227,1732.2421732573835
15899831.564893954,1732.4824335548567
15905161.585422564,1732.886773609231
15910491.305160979,1733.22421516704
15915820.563243806,1733.6229636081812
15921149.429766534,1733.9725927534048
15926477.973049067,1734.2446200980878
15931806.130726896,1734.4424908820488
15937134.184104627,1734.7954020590146
15942462.225529386,1735.0235900690586
15947789.917726189,1735.332590212894
15953117.11234389,1735.7369124421302
15958443.745294552,1736.1660161998855
15963770.015600415,1736.539026606224
15969095.89136715,1736.9522701313826
15974421.30941794,1737.2050218171394
15979746.55893517,1737.393770044957
15985071.645244364,1737.694174100207
15990396.356998371,1738.1564519126132
15995720.718970729,1738.5821933588254
16001044.561338408,1739.0054817684163
16006367.97785893,1739.465175153332
16011690.985890115,1739.7923357382306
16017013.597583652,1740.0959715216045
16022335.969871677,1740.487812717795
16027658.302857637,1740.8445538597648
16032980.307531985,1741.1585957498678
16038301.780249652,1741.616134188262
16043622.653694216,1742.117487281306
16048943.013078675,1742.576211758141
16054262.971971817,1743.0643470068107
16059582.412150426,1743.4671587274152
16064901.557477938,1743.7214818219159
16070220.528585795,1744.0660391789513
16075539.129068272,1744.5817041677503
16080857.250065742,1745.146059293236
16086174.849791296,1745.6244705281647
16091491.949354593,1746.138478784345
16096808.57456311,1746.5737532979808
16102124.733928341,1746.9899511709084
16107440.525567494,1747.397331969099
16112756.232141584,1747.9076432434904
16118071.630256154,1748.280454251528
16123386.4519585,1748.8163016253213
16128700.60705515,1749.4592355498548
16134014.20428822,1749.981129791095
16139327.280980693,1750.6294004416422
16144639.795834815,1751.1646578144757
16149951.8274141,1751.553873341486
16155263.65017704,1752.004418409161
16160575.029340459,1752.5478207476149
16165885.944072874,1753.2399629164997
16171196.287934905,1753.9016454496198
16176505.95531305,1754.5494924794166
16181815.080187077,1755.160344233804
16187122.143896293,1752.5105670131666
16192438.162831668,1747.9547602434309
16197752.073665058,1748.534328601782
16203065.781524165,1748.866281230252
16208383.095875047,1738.466031604102
16213701.673980268,1738.9829127931355
16219023.260253707,1728.4596834921356
16224346.874959424,1728.8707569892135
16229673.113653013,1718.2496138801498
16235001.965180418,1718.393421167378
16240330.113712378,1717.2546893547312
16245666.22375744,1709.7713761933787
16251000.02137786,1709.186540037895
16256341.299253311,1701.3081611826954
16261680.51722801,1700.7115444668334
16267026.938741993,1692.4152187042555
16272371.772829302,1691.8659324723765
16277723.501974508,1683.039328720649
16283074.279073229,1682.6741709148
16288431.979205351,1673.5880988077072
16293788.749169687,1673.2060211924038
16299151.739337508,1664.0711242922625
16304514.063395219,1664.1833560726232
16309876.192409825,1664.2369888119413
16315238.11104217,1664.306718149147
16320599.774135215,1664.1841920675852
16325961.475933682,1664.0142162828565
16331323.162115796,1663.945665036866
16336684.69403259,1664.0751366147747
16342046.043150429,1664.1463114861258
16347407.059878575,1664.1908650399869
16352767.885642983,1664.2161434721233
16358128.529076416,1664.1748916097522
16363488.962948257,1664.0425030954627
16368849.4521118,1664.0569055810822
16374210.077489363,1663.9486406150018
16379570.538751757,1663.882613212069
16384930.67762803,1663.9617182201223
16390290.44755282,1664.0692983491172
16395649.996027825,1664.1145225995579
16401009.334906401,1664.1635179596976
16406368.408362286,1664.0616486056829
16411727.48223402,1663.8680168043086
16417086.555520704,1663.7947115150234
16422445.446405891,1663.8979635182427
16427804.189719582,1663.9818087226909
16433162.611769639,1664.0337166026727
16438520.778780023,1664.0696702739738
16443878.778880257,1664.014807828269
16449236.542259788,1663.920250055815
16454594.3031203,1663.896212486222
16459952.252334455,1663.8449280254945
16465310.012120932,1663.7630087903874
16470667.468549682,1663.8305037065295
16476024.542126354,1663.9380025428504
16481381.351136204,1663.9911393037455
16486737.951177904,1664.0615983970015
16492094.265166506,1663.9753732664021
16497450.538388686,1663.7774219734133
16502806.836386481,1663.6290669219954
16508162.992104605,1663.7474938251394
16513518.901002936,1663.8624544760135
16518874.522369802,1663.8865193563938
16524229.917976683,1663.9645982928173
16529585.076063253,1663.9067438815011
16534940.023554923,1663.8184925805522
16540294.901526326,1663.7755879705528
16545649.937387446,1663.7189612114712
16551004.875334445,1663.6083180574938
16556359.48515786,1663.6561817921609
16561713.709432032,1663.784749494451
16567067.65268231,1663.8045003070033
16572421.389741296,1663.8851578874999
16577774.822902113,1663.8261633471866
16583128.171154283,1663.62114110857
16588481.519000296,1663.462566123007
16593834.769330306,1663.54841424287
16599187.790382171,1663.6898316020374
16604540.518291784,1663.7183702867896
16609892.96139827,1663.7615389175191
16615245.179472275,1663.7083886004682
16620597.162760826,1663.6213514818917
16625949.04440274,1663.5361207523533
16631301.088346776,1663.5555672029984
16636653.050867459,1663.400964244006
16642004.696039375,1663.4482161408555
16647355.945065811,1663.5883318089363
16652706.857199991,1663.6224147700675
16658057.541851055,1663.6868489530482
16663407.95309683,1663.6749803747994
16668758.186807167,1663.4845681853071
16674108.460671231,1663.3709221939775
16679458.57210383,1663.3919486523873
16684808.505500916,1663.5096612581758
16690158.16874435,1663.5614821276197
16695507.493089912,1663.6115211325266
16700856.582090376,1663.5975977475678
16706205.45301137,1663.5225638330512
16711554.142074594,1663.447484450518
16716902.923378563,1663.497420575724
16722251.742924867,1663.3480468845437
16727600.180961462,1663.3938986624398
16732948.22682589,1663.5428028898916
16738295.91485022,1663.5905417789631
16743643.350146566,1663.706030920122
16748990.505720653,1663.7222448794312
16754337.424440106,1663.5514182851073
16759684.365436362,1663.4098766642414
16765031.196548413,1663.409822118403
16770377.783656342,1663.5716755608655
16775724.081313808,1663.654981551451
16781070.030377425,1663.6917408862546
16786415.76254832,1663.7311993813719
16791761.211089447,1663.6595354513765
16797106.429894254,1663.534643318051
16802451.74083003,1663.6155991557678
16807797.10427454,1663.4733731441042
16813142.108731512,1663.4927156311737
16818486.73217493,1663.6193759842906
16823830.95752421,1663.7079062349235
16829174.910820995,1663.79488071423
16834518.596731108,1663.854709130231
16839861.973268315,1663.7291084704823
16845205.362099886,1663.5635186257668
16850548.63600544,1663.5710292900803
16855891.62273093,1663.7556262169498
16861234.386647232,1663.8239571385402
16866576.784176644,1663.8851589694627
16871918.8889436,1663.9404330887207
16877260.724156674,1663.8989075995792
16882602.30942567,1663.792833701721
16887943.910308503,1663.9049653891489
16893285.535448883,1663.809005018583
16898626.895667803,1663.829652583926
16903967.81264635,1663.9650513299116
16909308.262249257,1664.1233448103594
16914648.431088027,1664.221678283672
16919988.304175362,1664.3417418363376
16925327.820636548,1664.2599999610636
16930667.297905076,1664.1274596779192
16936006.663609736,1664.1083031687165
16941345.757546216,1664.2649645241468
16946684.62578,1664.3875238300218
16952023.082663286,1664.5108961693768
16957361.206077352,1664.5841637608164
16962699.05438354,1664.5549795738164
16968036.60491719,1664.4783378750587
16973374.108562775,1664.580773973519
16978711.65977164,1664.5400414650292
16984048.973023485,1664.5477142718469
16989385.834616557,1664.689457058235
16994722.20501204,1664.8875427191585
17000058.241117336,1664.9662805179494
17005393.986326315,1665.122155047274
17010729.31383006,1665.1334478345927
17016064.547371905,1665.0012339139007
17021399.67405599,1664.974323281805
17026734.580038823,1665.1433001596565
17032069.18559748,1665.3103211356427
17037403.40169416,1665.4196895383668
17042737.25227573,1665.596871106545
17048070.7756561,1665.6208558879582
17053403.983358704,1665.6361371331304
17058737.01698721,1665.7065508029686
17064070.11805877,1665.7445902759678
17069403.01068963,1665.7242183598953
17074735.45466569,1665.8792831469364
17080067.390999403,1666.1277261608034
17085398.922526415,1666.2559089471647
17090730.141162828,1666.4644724847335
17096060.928701792,1666.546006758159
17101391.50429245,1666.4519847417735
17106721.98891895,1666.4802339287314
17112052.217863154,1666.6944780945787
17117382.081897143,1666.9377951804831
17122711.566311985,1667.0933112502228
17128040.619316828,1667.2877003267843
17133369.327950194,1667.3767828458654
17138697.68634103,1667.4419791236105
17144025.763028093,1667.5321628342763
17149353.854401708,1667.7136085788545
17154681.85396267,1667.688065605452
17160009.315109633,1667.8996578645467
17165336.26550618,1668.2214043272331
17170662.710431132,1668.4326607375879
17175988.778534513,1668.6826386408088
17181314.44452804,1668.8494090019808
17186639.741585113,1668.8428663979394
17191964.951501105,1668.861830287639
17197289.872659694,1669.0658960073588
17202614.45447379,1669.410554208697
17207938.62238219,1669.6604452364688
17213262.274698306,1669.9026937503768
17218585.5334176,1670.120906301057
17223908.40743502,1670.2483030255053
17229230.92207236,1670.3545707454703
17234553.355995983,1670.6605818255323
17239875.696479168,1670.6984481011523
17245197.523659274,1670.942618840187
17250518.804576032,1671.3006813151856
17255839.520280186,1671.6211103722133
17261159.79717109,1671.9520859385582
17266479.633525528,1672.2454660326312
17271798.991937436,1672.3642946774428
17277118.190773837,1672.4286555526674
17282437.142963104,1672.6824412168526
17287755.636173982,1673.1911645040234
17293073.686440848,1673.5491191289216
17298391.121909745,1673.9340537711487
17303708.10667371,1674.2711635985534
17309024.6547338,1674.559120051796
17314340.71279672,1674.7581705128846
17319656.575172987,1675.144483692782
17324972.335936688,1675.3575153788431
17330287.60407226,1675.6624113515861
17335602.260633253,1676.1266350060278
17340916.220627964,1676.60386281548
17346229.700424716,1677.0490506384265
17351542.66364191,1677.5359741991983
17356855.03048285,1677.8349726779163
17362167.110046107,1678.0551119186157
17367478.888799045,1678.4234450341316
17372790.15086623,1678.9982317668598
17378100.94603016,1679.5279424705102
17383411.079752743,1680.0403389464657
17388720.648840666,1680.6268029061098
17394029.636983424,1681.0497853835977
17399338.067147534,1681.429793339824
17404646.116699222,1681.949237502546
17409954.022047866,1682.461649906499
17415261.386777878,1682.9228487599505
17420568.05658558,1683.5552413448527
17425873.923192095,1684.28093917793
17431179.110105783,1684.9489556161316
17436481.871858943,1681.5802791251058
17441793.805329725,1677.0076278679667
17447103.29636763,1677.2543408261008
17452412.44137616,1677.543437091475
17457726.02691648,1665.4766445342584
17463040.28228298,1665.946158706373
17468358.18327739,1653.4946004664887
17473677.418006577,1653.8127352106035
17478999.772857703,1641.0815971243046
17484324.236564305,1641.162392484469
17489651.33853554,1628.2929389352958
17494981.580800135,1628.3952892919376
17500314.15314954,1615.3601948357793
17505649.86958607,1615.409710228175
17510984.628298353,1614.6256836333796
17516326.924984794,1605.0773971420733
17521667.127784874,1604.325507061615
17527014.650803164,1594.2168402663006
17532360.4461355,1593.2541889764495
17537713.607862245,1582.5200121525181
17543065.451190967,1581.820233579886
17548424.14757076,1571.016046115984
17553781.919329084,1570.9033633149893
17559139.369075198,1570.71830118482
17564496.642382972,1570.482443727973
17569853.690850247,1570.1608097387748
17575210.569558725,1569.779228852415
17580567.599421594,1569.6200147175764
17585924.682541244,1569.188920147312
17591281.46402437,1568.993827098435
17596637.88690379,1568.9180337747816
17601993.95610322,1568.7829720733362
17607349.820176966,1568.635203303686
17612705.443839982,1568.4558927628893
17618060.84207602,1568.0216358169587
17623416.289908763,1567.6145865417418
17628771.66079895,1567.4074687157536
17634126.819043104,1567.4003375729067
17639481.75636339,1567.226290061207
17644836.3835163,1567.026570644998
17650190.78302813,1566.809568126725
17655544.99229923,1566.4799113051986
17660899.008996945,1566.1216892740135
17666253.115399715,1565.972242276189
17671607.329576716,1565.5546419996929
17676961.218363427,1565.3424662257642
17682314.7557485,1565.27331673628
17687667.899579544,1565.1187841286774
17693020.838049132,1564.9926524652585
17698373.493465498,1564.8338961623476
17703725.91060253,1564.4188083118377
17709078.365031924,1563.9694375646368
17714430.776408486,1563.6780547678434
17719782.98112103,1563.6888921288664
17725134.958249375,1563.5491251937628
17730486.545734204,1563.3820396915364
17735837.94430248,1563.1895160402353
17741189.09725091,1562.907951996598
17746540.020473182,1562.5132494205689
17751891.010071006,1562.3814214437277
17757242.109279078,1562.001115217249
17762592.94922531,1561.7755313489076
17767943.385462232,1561.69733743258
17773293.396171656,1561.6386108795598
17778643.153734922,1561.515106775349
17783992.668725934,1561.3906094732558
17789341.86297985,1561.0312843653103
17794691.071057446,1560.5924950868357
17800040.199632563,1560.296886448744
17805389.123093333,1560.2150857756328
17810737.874164242,1560.1143985900449
17816086.253944855,1559.9942071460744
17821434.36255529,1559.8043845660018
17826782.24726875,1559.5038374967212
17832129.865880955,1559.1404303694833
17837477.472310092,1558.9817228316047
17842825.226236273,1558.6317905671922
17848172.75035238,1558.3842604299402
17853519.877882037,1558.2971088811958
17858866.550825655,1558.2464810808126
17864212.958074994,1558.1298898138193
17869559.104682673,1558.0245023379712
17874904.906725205,1557.698890885804
17880250.67468953,1557.2386878884483
17885596.426450048,1556.845453281234
17890941.96681515,1556.828714974854
17896287.25496399,1556.8158762133899
17901632.18470609,1556.6467528737671
17906976.82698781,1556.4900626666706
17912321.220721748,1556.223478024156
17917665.31950945,1555.9069881076223
17923009.34360556,1555.6676208690849
17928353.52387215,1555.4646390513944
17933697.50266624,1555.1479781216624
17939041.0812067,1555.066890746711
17944384.186976526,1555.077016642278
17949726.951600935,1554.9507155622557
17955069.455757726,1554.908165626291
17960411.609455593,1554.6777276697565
17965753.625492524,1554.2342415408498
17971095.62694169,1553.9428243217194
17976437.389159434,1553.8995637666899
17981778.89442092,1553.8489964009482
17987120.097293835,1553.7141979507487
17992460.952955607,1553.6481982748278
17997801.51510649,1553.4033909930952
18003141.781865448,1553.1006337880103
18008481.890498478,1552.8512187137683
18013822.13243562,1552.75256449807
18019162.242445443,1552.3711477129527
18024501.927867845,1552.3114042653604
18029841.132599823,1552.3800533555145
18035179.93944189,1552.2718058503972
18040518.467527475,1552.2247819829875
18045856.637045138,1552.0691867048365
18051194.56615458,1551.6606309330332
18056532.479624864,1551.3691567225353
18061870.174235262,1551.2785390770996
18067207.61535886,1551.3157835108718
18072544.72705982,1551.2077371664852
18077881.448712956,1551.1199591655484
18083217.85826149,1550.9981731475425
18088553.966589164,1550.7477129766335
18093889.82771899,1550.5154036030283
18099225.740677882,1550.5018450744997
18104561.615929455,1550.1613392920865
18109897.032911517,1550.103611040322
18115231.964166306,1550.2096340300373
18120566.42405958,1550.1936881600018
18125900.582804866,1550.1944177131334
18131234.36652518,1550.1400865087007
18136567.81398208,1549.7872516961588
18141901.22334479,1549.5059345498307
18147234.421192963,1549.4085189657226
18152567.335640047,1549.56806543453
18157899.919220608,1549.5292742000247
18163232.06124547,1549.4657151621643
18168563.85956148,1549.4046904662564
18173895.346673504,1549.211787072181
18179226.514563333,1548.9954151078034
18184557.63010001,1549.0442195598314
18189888.774348676,1548.759186182943
18195219.489547707,1548.767277460364
18200549.686913203,1548.88993271704
18205879.31640689,1549.0061761870509
18211208.60023551,1549.0718508880323
18216537.501693804,1549.103135452382
18221865.970594373,1548.892387487429
18227194.364769064,1548.613354991006
18232522.567727283,1548.5438309707988
18237850.398454417,1548.6893833159872
18243177.929639496,1548.7596679730236
18248504.963495553,1548.8319315493013
18253831.588104233,1548.8667869384171
18259157.838797927,1548.7509489520712
18264483.707585398,1548.5944190826438
18269809.457776703,1548.7109872283168
18275135.213043474,1548.5571829506707
18280460.582782477,1548.5411974197493
18285785.381865498,1548.7207651279555
18291109.583602335,1548.936690998898
18296433.35204475,1549.0844830424662
18301756.704400595,1549.230109943498
18307079.56577778,1549.1726315026137
18312402.23790716,1548.956777483639
18317724.734592777,1548.9494012913397
18323046.833779003,1549.2282950336494
18328368.51067333,1549.4742211876337
18333689.692174118,1549.5884681878038
18339010.43657672,1549.7434727823163
18344330.74146959,1549.7824907881861
18349650.575655255,1549.7826052938246
18354970.145681597,1549.8717574119353
18360289.733840417,1550.0134872340311
18365608.94760796,1550.030435353424
18370927.5535284,1550.3067095319827
18376245.485348918,1550.709762494083
18381562.89989415,1550.953874935165
18386879.841550846,1551.3064953265832
18392196.21164151,1551.4380551553331
18397512.249829695,1551.3648421061544
18402828.043359295,1551.4324664766968
18408143.470507298,1551.826549039785
18413458.42638399,1552.225528106421
18418772.861452766,1552.5117374043284
18424086.680500448,1552.864083361741
18429400.019266818,1553.079510714277
18434712.84926018,1553.2770037316684
18440025.221467234,1553.5399877871778
18445337.479025632,1553.9566767005745
18450649.488335904,1554.0275168326184
18455960.782246582,1554.497028911976
18461271.34026594,1555.0763333356003
18466581.23119737,1555.5586316733022
18471890.535604578,1556.0745747269827
18477199.233381167,1556.5312575204805
18482507.380968414,1556.7192699382733
18487815.233508952,1556.9897356246886
18493122.665638056,1557.5282664154588
18498427.523549676,1553.8330768731607
18503742.051971555,1548.19372986683
18509053.630761266,1548.5252250844178
18514364.692075245,1548.8383101908735
18519679.956513785,1533.2591267634618
18524996.046459172,1533.300369473932
18530316.048592944,1517.5405026097976
18535637.97260677,1517.3943272842985
18540962.727985702,1501.2275741078477
18546289.600476313,1501.3957534354163
18551618.661677565,1485.1026759431531
18556950.69155735,1485.0836831611057
18562284.532943796,1468.6836102971288
18567621.86226851,1468.188318068869
18572958.707822837,1466.734205136645
18578303.545103226,1454.2857622410354
18583646.164510358,1453.3576951236753
18588996.404064152,1440.3828846057436
18594344.53900841,1439.5279676647576
18599699.938384738,1425.8583273850347
18605054.002671566,1425.2818394996605
18610407.811660096,1424.594506153368
18615761.64774981,1424.181434485567
18621115.69781858,1423.4669270225772
18626469.47168506,1422.9435531493928
18631822.852618717,1422.6583434652769
18637175.810421158,1422.3697070347237
18642528.490639765,1422.0178765573448
18647880.93302667,1421.6404246760228
18653233.06442753,1420.9775700289524
18658585.215712026,1420.160849565497
18663937.302834556,1419.5685688440822
18669289.203747638,1419.3332684204702
18674640.932084836,1419.0260275718258
18679992.28551571,1418.597857668966
18685343.39660638,1418.14927692428
18690694.2580942,1417.520022894506
18696044.89090045,1416.8371327055306
18701395.497843366,1416.4446780332044
18706746.283999797,1415.7960341108455
18712096.86197,1415.2757567382914
18717447.008822784,1414.9807116680392
18722796.688029576,1414.7595632677808
18728146.10386091,1414.325837764232
18733495.250664942,1414.0265258740105
18738844.038840655,1413.405143035585
18744192.815648206,1412.5840751483322
18749541.554885026,1411.8852202329201
18754890.13033503,1411.6177545888097
18760238.51186811,1411.3398273020875
18765586.533266995,1410.9269185900437
18770934.211729497,1410.5483171364504
18776281.697405174,1409.9730430189454
18781628.877234545,1409.3467520892598
18786975.963104382,1408.8241058770254
18792323.250020135,1408.3842826126424
18797670.377137985,1407.7423583197578
18803017.068161078,1407.4511686604894
18808363.272118323,1407.2850891882233
18813709.14028073,1406.9207681469402
18819054.735838402,1406.6683104339497
18824399.990473486,1406.1336111062267
18829745.1236266,1405.3248051020892
18835090.27215511,1404.6752624064995
18840435.170877762,1404.4152562846984
18845779.829097025,1404.1758592510087
18851124.203871615,1403.794682383084
18856468.21871923,1403.4548563898022
18861811.967589427,1402.9106290899915
18867155.4110811,1402.2726785277275
18872498.694388647,1401.7174473673836
18877842.12636353,1401.3958874872667
18883185.48721103,1400.670219838965
18888528.392491642,1400.4047603445165
18893870.798416387,1400.3087660766641
18899212.80590277,1399.9623530696413
18904554.53792625,1399.676819201351
18909895.90640842,1399.2630856231858
18915237.05229879,1398.4732071230478
18920578.20931058,1397.8524753570455
18925919.157881953,1397.4953335691914
18931259.857505895,1397.3577396321093
18936600.250833377,1396.9715510266349
18941940.262239467,1396.6167154256439
18947279.962422915,1396.2014088193985
18952619.38657573,1395.6261238424613
18957958.545786135,1395.0924430509335
18963297.7841181,1394.8382044516563
18968637.05132046,1394.1995805852391
18973975.842806198,1393.909942586719
18979314.120763753,1393.8559820087576
18984651.931432165,1393.621230303429
18989989.434757836,1393.4262990914103
18995326.568536405,1393.1279087729897
19000663.384436194,1392.3933378319612
19006000.1828061,1391.7763401749473
19011336.793497775,1391.3334695963267
19016673.130866013,1391.340193525107
19022009.174525756,1391.07252960424
19027344.774541114,1390.745818297815
19032680.027861618,1390.3785082921468
19038014.99955112,1389.8611723816816
19043349.64008334,1389.3296686653473
19048684.268618032,1389.1356386466728
19054018.96760278,1388.5283931001422
19059353.19025491,1388.3088243991435
19064686.904417362,1388.278179094462
19070020.053319033,1388.1167613976306
19075352.8811596,1387.9856978662804
19080685.311522625,1387.834364094066
19086017.335276525,1387.2512715556036
19091349.32975505,1386.65526914911
19096681.086614035,1386.3063280370673
19102012.541570034,1386.2061313047934
19107343.72464062,1386.0175163784397
19112674.389177192,1385.903361658612
19118004.676592864,1385.6647959068184
19123334.638301358,1385.2452197904663
19128664.203714907,1384.7618605128782
19133993.621570397,1384.6364111280966
19139323.162353557,1384.155747631459
19144652.304975312,1383.9478334162304
19149980.877781436,1383.9581200086393
19155308.83373967,1384.0122941167604
19160636.37998803,1383.9553613837923
19165963.524538867,1383.921784339555
19171290.184609402,1383.5395405469922
19176616.700706813,1382.9707716241799
19181943.00970617,1382.6817106766512
19187268.970215857,1382.74529045387
19192594.622683827,1382.6866390104542
19197919.755285718,1382.5985972869119
19203244.421424303,1382.614935739157
19208568.69589069,1382.3154452682825
19213892.548505638,1381.969695326054
19219216.1409973,1381.8848349592788
19224539.753524084,1381.8045175449276
19229863.066056315,1381.513692826767
19235185.736169837,1381.6537788572068
19240507.742368747,1381.914850811556
19245829.203102186,1381.922858262175
19251150.231927793,1382.1003204016324
19256470.720642433,1381.989937665193
19261790.921531335,1381.5567435893863
19267110.96327565,1381.3420359661643
19272430.562843066,1381.578407707039
19277749.73199536,1381.8608361457466
19283068.41592955,1381.9211103595585
19288386.51407114,1382.036040132357
19293704.16240912,1381.96537107063
19299021.298333842,1381.8416844637206
19304338.041863497,1381.7767231785008
19309654.73276907,1381.9778347092342
19314971.155228496,1381.888330034969
19320286.895085532,1382.1701870610646
19325601.874035846,1382.6666916299314
19330916.246933717,1382.9482180464054
19336230.08180699,1383.365647808632
19341543.31590945,1383.605489546793
19346856.06241541,1383.3939261699384
19352168.59108048,1383.4218980346802
19357480.691218905,1383.5774279201016
19362792.27835613,1384.1827283357698
19368103.329734493,1384.581307241074
19373413.668522198,1384.9384519461041
19378723.423562728,1385.2643306056696
19384032.637727447,1385.4444115166675
19389341.274738017,1385.639674494243
19394649.653727118,1386.2452937717303
19399957.834973447,1386.4076458049535
19405265.25194731,1386.9475935040707
19410571.845908083,1387.7617946066448
19415877.621054202,1388.5152443958866
19421182.717552647,1389.2553302775927
19426490.21947375,1368.6076691528185
19431800.047999617,1368.6180748253305
19437111.87435875,1347.19066100137
19442427.11954245,1347.2315742873836
19447743.43020064,1326.2116526806308
19453063.87457991,1326.2893538192398
19458383.30009706,1325.7448693734514
19463710.324988402,1308.53653001377
19469035.093869887,1307.7550843939355
19474366.908275407,1288.9710018555124
19479697.19934075,1288.4868561248018
19485034.64869071,1268.5112256179962
19490370.853026643,1267.8925824428175
19495713.02239672,1247.4528380444922
19501054.25877507,1247.0462413577407
19506401.190927908,1225.5299257617357
19511747.91886705,1224.9842822072285
19517099.89376037,1202.1122681329548
19522452.404949818,1200.804932650706
19527810.05863853,1177.1323630731915
19533168.44989466,1176.5106085935136
19538531.477500286,1152.5282384506256
19543895.436724637,1151.5259715237926
19549259.221387975,1150.5641362994224
19554622.77826485,1149.284688643571
19559986.120995864,1147.8760824978992
19565349.449152622,1146.931126576712
19570713.01159004,1145.7473200096667
19576076.48880741,1144.6216230695982
19581439.508707676,1143.8938472704067
19586802.063498616,1143.2864396165414
19592164.370503467,1142.2669614974918
19597526.428747185,1141.5114394908087
19602888.183853276,1140.2037427170508
19608249.982925378,1138.6074318217193
19613611.78699003,1137.231910693778
19618973.408098176,1136.445792700637
19624334.887678046,1135.6799008726757
19629696.04023308,1134.7136205749887
19635056.892843023,1133.7270324708406
19640417.594969623,1132.4683084783
19645778.01910577,1131.0867231092109
19651138.389419843,1129.9762789216766
19656499.029207494,1129.0164917450975
19661859.59958039,1127.7502989511024
19667219.71576598,1127.022814483179
19672579.35170631,1126.450052741785
19677938.675977886,1125.4716914215983
19683297.758532163,1124.7214807667015
19688656.539969128,1123.5267747721791
19694015.292020787,1121.860580163929
19699374.07138046,1120.5502018385694
19704732.6487783,1119.7019146676155
19710091.061685756,1118.9336725232727
19715449.196327895,1117.9918299522474
19720806.982539453,1117.0053591616625
19726164.618354157,1115.7565604131428
19731521.979118578,1114.4109352733635
19736879.21493896,1113.2296383950645
19742236.708924003,1112.2898352249415
19747594.2248548,1110.9078170869313
19752951.26198316,1110.122222594291
19758307.798594102,1109.6067133097429
19763664.007451955,1108.6901623857298
19769019.930048525,1107.980870569077
19774375.567800645,1106.8144467472416
19779731.10322605,1105.134734370449
19785086.71631732,1103.7385475313456
19790442.097373743,1102.8213878699116
19795797.237688124,1102.1115006892205
19801152.16197267,1101.0637874940292
19806506.745199036,1100.1689161780278
19811861.073864494,1098.9551105267024
19817215.183768924,1097.590505180981
19822569.06136084,1096.3545237660423
19827923.14616924,1095.5153759946265
19833277.36723491,1094.213337500757
19838631.09611214,1093.4196491337716
19843984.32296739,1092.9434965243963
19849337.147527285,1092.082675433681
19854689.732334882,1091.3179195702348
19860041.987262107,1090.3088699103007
19865394.07946401,1088.5834926987584
19870746.22744089,1087.1542021871182
19876098.268122528,1085.989641265011
19881450.01486401,1085.4150639341224
19886801.48887672,1084.5622819395226
19892152.60929495,1083.583376484305
19897503.519695792,1082.5459094953562
19902854.13341988,1081.1869130069585
19908204.505599197,1079.7818518625952
19913555.032189846,1079.0652305804347
19918905.701999385,1077.622760230731
19924255.939979807,1076.8025732936917
19929605.663895134,1076.277643071137
19934954.91442327,1075.5127928449517
19940303.8849275,1074.738463205751
19945652.54841411,1073.8605755270978
19951000.967280883,1072.2343635918892
19956349.432230778,1070.7522711110748
19961697.780925814,1069.7355268245342
19967045.764837474,1069.2774660768266
19972393.54463391,1068.375053878321
19977740.939968634,1067.46074775768
19983088.03535197,1066.424451946596
19988434.889218703,1065.0947304333044
19993781.44054386,1063.740942196136
19999127.996252827,1063.0586020422988
20004474.840590645,1061.6827828996243
20009821.20464193,1060.965734042513
20015167.06656297,1060.5177713185599
20020512.38968237,1059.785704091794
20025857.409100596,1059.1124127510234
20031202.113849703,1058.3621573177702
20036546.493595425,1056.836532367023
20041890.92940379,1055.3741882293673
20047235.197552886,1054.1765400957129
20052579.203199714,1053.546180828855
20057922.964036662,1052.7985481994272
20063266.228066374,1052.002197972356
20068609.2427603,1051.0593701246294
20073951.979607474,1049.8631278084874
20079294.35826236,1048.4769364205806
20084636.675444067,1047.7333933751547
20089979.30764049,1046.52185840093
20095321.52857104,1045.598074682669
20100663.21264042,1045.1483832227357
20106004.326325856,1044.6065502063748
20111345.068296455,1043.9400896262455
20116685.488697365,1043.2703911099084
20122025.53865284,1041.948718483506
20127365.5638044,1040.4050142071985
20132705.459870767,1039.2215539004653
20138045.05818916,1038.8121624991118
20143384.359390374,1038.282476473195
20148723.19536765,1037.4214924976284
20154061.737729028,1036.6222099692063
20159399.946123123,1035.480574760727
20164737.780312177,1034.108219901541
20170075.47376248,1033.328966081615
20175413.37593375,1032.5959959962388
20180751.05055213,1031.5790601958565
20186088.117869977,1031.1958426427736
20191424.543248475,1030.9326339169315
20196760.586205035,1030.3098168274946
20202096.233436007,1029.8783966817682
20207431.476612672,1028.6899308912007
20212766.619263902,1027.1578424244535
20218101.694863107,1025.9498962984567
20223436.3984523,1025.5350663352294
20228770.758212466,1025.1631897947343
20234104.719200954,1024.4660780189975
20239438.27370871,1023.8569311854969
20244771.47652539,1022.8597405055002
20250104.25499405,1021.6319281059649
20255436.78337936,1020.7586296816341
20260769.496926658,1020.3202190687697
20266102.093816336,1019.2700153379619
20271434.020054232,1018.9661743524192
20276765.254807457,1018.9783971317345
20282096.01292985,1018.4743298337257
20287426.33255227,1018.2609219520584
20292756.214999672,1017.4445632872404
20298085.86432188,1016.001991399315
20303415.411305316,1014.8693262301454
20308744.624988783,1014.5356624866836
20314073.414585125,1014.482560266485
20319401.767039727,1013.9765934075156
20324729.65271343,1013.4055140355767
20330057.18661661,1012.7353559529643
20335384.27139143,1011.7926770636955
20340710.949557006,1010.9022322137029
20346037.69964978,1010.7245252001658
20351364.430449504,1010.005183833019
20356690.490675323,1009.8542833527408
20362015.809452027,1010.0036129823214
20367340.54198423,1009.8007147433923
20372664.791160088,1009.7662558669804
20377988.568534162,1009.4454306719292
20383311.96151939,1008.2115094200655
20388635.232625674,1007.3562412718068
20393958.14449391,1006.772276141666
20399280.558837526,1007.1403394086108
20404602.632162716,1007.0193974027293
20409924.092930768,1006.7576890946905
20415245.065053165,1006.3719420797879
20420565.602130044,1005.6904819389329
20425885.61045047,1005.0252530520529
20431205.469965294,1005.2034328233299
20436525.465476003,1004.6387136200474
20441844.711756412,1004.8779594520064
20447163.20870183,1005.4130329329755
20452480.908409663,1005.7166043660915
20457798.089810446,1005.9985914055792
20463116.81466057,970.1948635713995
20468439.043977063,969.1487526572348
20473762.459071063,931.3257191137465
20479090.38785291,930.3847108850835
20484418.45681395,892.6737358753105
20489751.726291038,891.9218682181099
20495084.331617307,890.6277390422304
20500424.57987559,857.8277638082477
20505762.625900164,855.7447091874695
20511107.89143333,819.1791368668237
20516451.61988792,817.9857600290295
20521802.78770765,778.6413811902376
20527152.661612302,777.0315358142776
20532508.654842142,735.2218751731161
20537863.53983688,733.8942073261485
20543224.439556547,687.7220836651138
20548584.904710684,685.7598678405349
20553951.069786552,633.9416006246654
20559317.508638415,629.8964685038923
20564683.982851177,626.3813568823855
20570050.250145294,624.1931970373198
20575416.31347483,621.9512635078659
20580782.026782665,619.1832534198857
20586147.573295183,616.5058177587266
20591512.89606966,613.074855081943
20596877.999724906,609.2082924026264
20602243.045289446,606.6519032697684
20607608.417669702,603.7660921427432
20612973.696134582,601.1150581301608
20618338.44210002,599.203545949622
20623702.671160903,597.3646726040356
20629066.660387192,594.4980308731679
20634430.36610191,592.0959574980757
20639793.80242624,588.3226814117994
20645157.3362402,583.8449317349791
20650520.849465653,580.1098843603783
20655884.19391249,577.4317446132359
20661247.407180373,575.038776818824
20666610.246625714,572.3455649913681
20671972.785685785,569.4945647590155
20677335.195852164,565.9723471637312
20682697.313829303,561.8998566309978
20688059.30972194,558.8114090747845
20693421.65481644,556.3194920160336
20698783.97196256,553.328417506882
20704145.75223078,551.3503784808698
20709506.98776445,549.5029997024892
20714867.928951893,546.5150395467733
20720228.587114036,543.9672667327034
20725588.97244329,540.1904197990085
20730949.38897563,535.1565283961891
20736309.828878395,531.2394679449976
20741670.098581314,528.1563527644723
20747030.194409896,525.6218064856857
20752389.93947108,522.7750674187578
20757749.341689173,519.6782347168408
20763108.603082318,516.0414866228832
20768467.58363178,511.82559715053833
20773826.388845578,508.29995422635307
20779185.515738595,505.74096802602014
20784544.710948966,502.48038147427224
20789903.317886487,500.28344373576346
20800619.078440953,495.34229964883104
20832761.563885443,472.99024558270366
20843474.14502502,466.5789462985513
20854185.669697125,457.8357178503593
20977307.277531534,376.2767758315326
20988006.976836663,364.9830086400674
20998706.524526432,354.3986486418705
21164413.300835565,198.3614916745736
26567998.26792704,156.06835245039997
26679810.682442352,442.18649428816593
26690448.296192504,458.9332842892567
26701083.36057228,476.6231956866918
26717031.889860604,506.0714900580417
26722346.79786346,515.1820455004986
26727661.230329644,524.895227110278
26732974.83749664,532.6212265994882
26738287.855653577,541.5488307702838
26743600.181979727,552.7884422909092
26748911.84818667,564.170993802189
26754222.77240788,573.5673861953946
26759532.38609863,580.1832409135044
26764851.5978977,542.5974204815875
26770166.335828353,549.1333919331578
26775490.38698158,503.8526044382536
26780810.541713495,510.99418165500146
26802127.76746033,414.0147287971727
26812801.543451473,347.10725483387
26823485.558238372,254.64965878204046
27010876.835022338,291.34941698683116
27021577.172946047,311.3891869340305
27032276.635840166,329.02187816866376
27064368.40964411,384.43950881949195
27075063.242515508,401.9964149502466
27149891.793554094,507.0658481909627
27155234.26539194,513.8644550596002
27160576.526116963,520.9811028331972
27171259.72672627,533.585129552077
27176600.768772814,542.2516780266011
27181941.40688288,550.4942613351197
27187281.72025425,556.9699290940205
27192621.79545679,562.3085234145935
27197961.540416494,567.7156585173284
27203300.980591606,572.9931120702026
27208640.366620228,578.3749128053132
27213979.175729636,583.809172327044
27219317.542218663,589.4051079129779
27224655.520004503,595.3450934116795
27229993.237291418,602.1284661078207
27235330.516996283,608.3932367550497
27240667.3879837,614.3810829264121
27246004.027872536,620.4884981050113
27251340.100488983,625.2654855551609
27256675.752121698,631.2010645807461
27262011.02109795,638.68951156502
27267345.88509148,646.0671277340693
27272680.28812106,651.9787656820818
27278014.4543616,657.2194481684357
27283348.22908442,662.0489825669792
27288681.6310417,666.904954155618
27294014.924627833,671.8229553258961
27299347.69113391,676.8405609984396
27304679.869312342,681.7235516581177
27310011.57823674,687.05123013839
27315343.035397608,693.2925567723973
27320674.014093645,699.0181655143036
27326004.564910322,704.5979939780632
27331334.746395428,710.1583066826253
27336664.41573003,715.0118499061739
27341993.584138308,719.9141422297301
27347322.328523424,726.5128249133757
27352650.589086823,733.3159399338946
27357978.29858305,739.0009291147142
27363305.69015981,743.9883487978311
27368632.650880083,748.5817301936065
27373959.107501045,753.2390063036833
27379285.412854478,758.0246725887971
27384611.20866543,762.7070850430355
27389936.321115542,767.6138366339871
27395260.89634998,772.7381821565555
27400585.08390379,778.5547104153079
27405908.771639414,784.2296414119519
27411231.953194957,789.4885389889639
27416554.63650728,794.8151165774138
27421876.81588419,799.7143802006692
27427198.324725844,803.8998994925355
27432519.33349,810.2628444877117
27437839.81650761,816.8271178598482
27443159.597061493,822.5630255383957
27448478.94210285,827.719503199495
27453797.193619248,789.6401447747093
27459121.679352254,794.0293415284507
27464445.829358887,798.3735201519097
27469776.777205966,761.9688675151365
27475105.988385294,766.4035381076985
27480441.241954546,726.6986049758982
27485775.835478645,732.0164301758306
27491116.033559382,690.0120091224692
27496456.00300099,695.0096291337381
27501801.011445284,648.7652142830564
27507146.538267337,653.9256734023606
27512496.4352771,601.8537806116511
27517847.397900105,607.8324986735311
27523198.045581363,614.8353230326464
27528548.285233833,620.91062656123
27533898.33967966,625.823201028114
27539248.162075467,629.8913802359684
27544597.685168583,634.1100514548375
27549947.03968966,638.314509622327
27555296.319014627,642.6763178736809
27560645.035693426,646.9263245604138
27565993.391447116,651.456845738886
27571341.442088358,656.5914667137977
27576689.313076735,661.9019988714288
27582036.785202205,666.8523512809261
27587383.939975116,671.5098674803551
27592730.91131789,676.5538129563301
27598077.353248462,680.143517390225
27603423.51419366,685.1681600774832
27608769.39072975,691.1694834654722
27614114.868262757,696.8651420904948
27619460.052931987,701.490723045414
27624804.995639887,705.4975630648912
27630149.586616684,709.2879765399341
27635493.96681303,713.2386843629642
27640838.28251178,717.2288527516569
27646182.056876794,721.2576569063326
27651525.376493905,725.3184453987785
27656868.3107265,729.9860471985703
27662211.095472608,735.0626754973218
27667553.463279694,739.6765051084358
27672895.494660057,744.0293035982257
27678237.27859091,748.7405157266815
27683578.530396253,752.153245305768
27688919.448652092,756.2639984793827
27694260.029781017,761.7555332547595
27699600.153175958,767.1860972645305
27704939.935126055,771.5777444497703
27710279.47949143,775.3193261889356
27715618.6652025,778.8758786072617
27720957.56341894,782.5987672490096
27726296.36936304,786.3834109501613
27731634.64059583,790.2206013861608
27736972.347494047,793.909681209157
27742309.805660054,798.0952369718284
27747646.98087787,802.9431488949922
27752983.66710925,807.2957441865385
27758320.02050309,811.481132113536
27763656.004645973,815.9055525302657
27768991.522965994,819.3879011480221
27774326.58925041,822.8926617767305
27779661.279349074,827.9261171879712
27784995.5550368,833.2325401377761
27790329.35324633,837.5012625005666
27795662.880800296,841.3248389387606
27800996.02720913,844.8213296417769
27806328.785228215,848.4120272614214
27811661.40775175,852.1491169061319
27816993.564050548,855.8781722176689
27822325.01693611,859.6000928385752
27827656.086082205,863.4705363705635
27832986.869033355,868.1523439920111
27838317.202005707,872.510972114565
27843647.07822397,876.5801076472735
27848976.531357143,880.7455481577063
27854305.478967875,884.5793808706806
27859633.848421063,887.721774535723
27864961.81830971,892.387448349137
27870289.358707167,897.5520016241203
27875616.27763231,901.843689836332
27880942.889171448,905.8252568987914
27886269.072726194,909.2111316481343
27891594.77253873,912.8231935357699
27896920.23068979,916.5159418459275
27902245.29110131,920.1638902754121
27907569.545539662,923.8426705429139
27912893.30780114,927.7705906357239
27918216.176535994,895.9389591769632
27923545.319420397,900.0876697331094
27928873.92442182,903.790232568428
27934209.19705599,873.7164392992527
27939543.192803238,877.4287404205986
27944883.14181781,843.8933609524063
27950222.349407718,848.032140736628
27955567.2820907,814.4298320307171
27960911.896836363,818.5907333581403
27966261.853901055,781.6418888740977
27971612.196358882,784.6252861698607
27976962.241465967,787.7002887955363
27982312.188337665,790.9035025518278
27987662.006019272,794.0542520187779
27993011.240323085,797.3033670238437
27998360.240467206,800.2763926159339
28003708.92384638,804.1348939442946
28009057.381800123,808.2536009236445
28014405.488951176,811.8261405472335
28019753.2715848,815.4218982879745
28025100.84132719,819.0691253411501
28030447.901442308,821.3847272047954
28035794.667252284,825.1207232297133
28041141.083409242,829.8175103443871
28046487.124586437,833.8877030381477
28051832.929364134,837.2866312963681
28057178.51810855,840.2403345683178
28062523.777248796,843.1757658652449
28067868.82715276,846.1959542731206
28073213.7822227,849.294469837405
28078558.135446552,852.2974391625612
28083902.147998575,855.4954152373241
28089245.805619452,859.147443565495
28094589.24449125,863.0555690319454
28099932.30489102,866.4471000283634
28105275.031109814,869.8106052237857
28110617.51429572,873.3616985820413
28115959.48082755,875.8024228259302
28121301.07614626,879.0465615676421
28126642.311103873,883.3578780178427
28131983.16881784,887.4069833929696
28137323.686322454,890.7457932883026
28142663.992721036,893.7010408184891
28148003.933116134,896.5423310046825
28153343.59280584,899.4718198631361
28158683.17976483,902.4844776585401
28164022.207262218,905.4528063758416
28169360.766977113,908.5082258043244
28174698.924796883,911.6443971486862
28180036.888674542,915.3982976728175
28185374.398164906,918.863980884651
28190711.56115446,922.0912554874717
28196048.391646575,925.5701234038273
28201384.716498137,928.171893974757
28206720.547063965,931.1245483432049
28212055.98773722,935.1859231014316
28217391.05274247,939.4010183774203
28222725.672129355,942.7275088001043
28228060.039330225,945.7490624969759
28233394.037462357,948.5201278620027
28238727.65985693,951.3421526515422
28244061.179628424,954.3477617184685
28249394.18808661,957.2400717805947
28254726.594544746,960.2675084784339
28260058.55702654,963.4819101825208
28265390.264974292,967.1398477048135
28270721.51391614,970.5139887033636
28276052.34556325,973.7155538964141
28281382.744546056,977.0675291177806
28286712.67024075,979.9161791898904
28292042.053782776,982.6078422228006
28297370.93849909,986.5709951265736
28302699.41198951,990.7097050093462
28308027.317445125,994.1516506423058
28313354.970875222,997.2654533637647
28318682.17584332,1000.0616294092714
28324008.916914217,1002.9181035794627
28329335.46830027,1006.000076837291
28334661.555809774,1008.9070996594628
28339986.921693336,1011.9677844377616
28345311.843830854,1015.1224778703872
28350636.309572786,1018.6760005062278
28355960.347341985,1022.2040199786859
28361283.864014525,1025.6218117780134
28366606.862183653,1028.9636550929204
28371929.40501207,1000.0023412068134
28377257.45004551,1002.2145122476686
28382584.923812695,1005.6398793501082
28387919.355619848,981.4809149506714
28393252.040600322,984.6489242782767
28398591.383112174,957.5804442116503
28403929.727070622,959.9106837954854
28409274.073340975,930.6792661162735
28414618.09325812,933.1923541965795
28419961.912659712,935.7118706359038
28425305.156095244,938.1669513895224
28430648.078084208,940.8291745808317
28435990.663467113,943.908357841835
28441333.022762984,947.0217750060776
28446674.977118753,949.835127852532
28452016.55002159,952.6662656905779
28457357.872983012,955.5845884002551
28462698.669007227,957.5441249843332
28468039.07759214,960.6795574989601
28473379.176665742,964.2783297272784
28478718.81108432,967.5510280757576
28484058.206648365,970.3263186502523
28489397.356046353,972.6937219784877
28494736.107655358,975.0024216810759
28500074.664385397,977.4873946211012
28505413.037432265,979.9839125073181
28510750.80826291,982.4872805484333
28516088.125097223,984.873246802357
28521425.146158725,987.7410883770367
28526761.90706379,990.8826810457527
28532098.22249312,993.6610752012177
28537434.150257587,996.4352435821337
28542769.763573863,999.383144085861
28548104.835031,1001.4180075365268
28553439.452000014,1004.2286341693662
28558773.675003223,1007.7235389367036
28564107.45455432,1011.1314489037268
28569440.886102237,1013.9021652096154
28574774.067208204,1016.2953212688699
28580106.823114485,1018.6230710695306
28585439.269490235,1021.0706132604743
28590771.571622305,1023.6331904720073
28596103.2572753,1026.139975892897
28601434.45528083,1028.677014767677
28606765.20781342,1031.3281229638683
28612095.68723105,1034.4914903692634
28617425.657216273,1037.4677465739683
28622755.188829724,1040.2680601522147
28628084.347292654,1043.2776608023532
28633412.920070793,1045.5401967375692
28638740.951752733,1048.0626988457532
28644068.513137314,1051.604706109471
28649395.64638929,1055.2199426244767
28654722.25696454,1058.1033517791307
28660048.57193507,1060.7779892883118
28665374.445552286,1063.1916552028893
28670699.761454977,1035.3488186375896
28676031.21242287,1037.7637197740949
28681361.98418827,1039.77406768339
28686699.54705698,1015.217507267171
28692035.60683461,1017.5573064306582
28697378.20436571,991.9099888441149
28702719.81807602,994.3963330533394
28708067.40141831,966.8285766704046
28713414.57830227,969.3344849816654
28718761.414802287,971.3460979484228
28724107.849471238,973.1793204241887
28729453.919443637,976.2586941244937
28734799.72281754,979.4987458675033
28740145.113041576,982.0012998264326
28745490.396499924,984.2302598296706
28750835.38099961,986.0670668284182
28756180.06662938,988.0059108578766
28761524.673682917,990.1808818489473
28766868.978877533,992.2870814271164
28772212.685490448,994.2430825703398
28777556.1642216,996.3189985283002
28782899.40296082,999.0885439728318
28788242.307355978,1001.6398463713026
28793584.848586038,1004.0090833074748
28798927.043041226,1006.4116440664911
28804268.910715546,1008.7051113937505
28809610.291309763,1010.2594349831465
28814951.39264273,1013.0568810439502
28820292.116755668,1016.3223705790394
28825632.403255597,1018.867481300668
28830972.51708671,1021.1159987303699
28836312.328175828,1022.9220667682112
28841651.812662896,1024.8718961009797
28846991.14447725,1026.9992000238801
28852330.224678192,1029.099809382105
28857668.667733375,1031.0940818639206
28863006.855398297,1033.1041767659833
28868344.723476194,1035.6815601613787
28873682.25221718,1038.2855561644658
28879019.34816355,1040.6693723451574
28884356.056202963,1043.015382073197
28889692.443910748,1045.4873641776303
28895028.275287583,1047.0144231060503
28900363.74130273,1049.587851633883
28905698.82240606,1052.8309472457565
28911033.40559813,1055.5495482788901
28916367.73940008,1057.8448911460705
28921701.78631061,1059.7174063108182
28927035.443886008,1061.726481984557
28932368.85947347,1063.8266000416752
28937702.06544141,1066.0054380830563
28943034.588394184,1068.0206099794646
28948366.778645173,1070.1083353470647
28953698.565058228,1072.5336973347496
28959029.996333428,1075.3632480446006
28964360.926460013,1077.8167864913041
28969691.456339817,1080.3007387449998
28975021.596815072,1082.9016686181435
28980351.151602272,1084.4682370701314
28985680.247129347,1086.9329731362625
28991008.51695217,1061.6172427434976
28996342.8755554,1064.3406185368092
29001676.83587745,1066.34336434263
29007017.499673735,1041.6383303436937
29012357.0915061,1043.207057497677
29017702.886449356,1017.0976576161479
29023048.362153035,1018.9359740130947
29028393.31439879,1020.7159449914309
29033737.930718698,1022.2957859147067
29039082.277988724,1024.2269113922935
29044426.41590483,1026.6979705213953
29049770.12220688,1028.7813750790335
29055113.513855793,1030.8826241040492
29060456.62307735,1033.0985371300567
29065799.30362191,1034.4881563772392
29071141.649717428,1036.3297782896975
29076483.60276079,1039.1480513620754
29081825.22908408,1041.7991724049364
29087166.507705417,1043.8539656856274
29092507.624733888,1045.6674538650802
29097848.444919944,1047.3081513342627
29103188.93125381,1049.0146718902552
29108529.365641028,1050.878133882557
29113869.305916194,1052.6238345242791
29119208.833233174,1054.3071707472768
29124547.94414368,1056.3025558453783
29129886.838981807,1058.7255886657176
29135225.33355409,1060.860024310136
29140563.472938873,1062.9565694579635
29145901.284823768,1065.1634355215624
29151238.667740017,1066.8519373774918
29156575.63314131,1068.4914161593929
29161912.162759844,1071.232318337477
29167248.328879435,1073.992809335089
29172584.082931787,1076.1415769339142
29177919.658210382,1078.003198260351
29183254.904378872,1079.626918427997
29188589.757636502,1081.3301676619933
29193924.506416444,1083.2295228327005
29199258.82184644,1085.0214841983864
29204592.61624955,1086.7100407738228
29209926.062222775,1088.6619038990736
29215259.16151632,1090.978677220985
29220591.835414268,1093.2407565902267
29225924.11836288,1095.44761437986
29231255.984242246,1097.6800405041645
29236587.47891628,1099.6853852320116
29241918.400928333,1101.198123573321
29247248.8261358,1103.7448988255173
29252578.88941433,1106.6157298171822
29257908.451951932,1108.9037688068004
29263237.79271061,1110.8915548036553
29268566.751277488,1112.669215280655
29273895.277787995,1114.448241259734
29279223.599659618,1116.4467964648402
29284551.526492383,1118.3799059769256
29289878.696963094,1092.2636386776176
29295211.82377873,1093.8915612505575
29300544.402937766,1095.8351360307404
29305883.82982375,1073.091058860298
29311221.861799538,1074.8821199430033
29316566.247794617,1050.445550690325
29321909.883726507,1052.3047671166453
29327253.029677935,1053.3237985758306
29332595.860160317,1055.4942360997563
29337938.37309519,1058.131874792179
29343280.4791062,1060.2568573498163
29348622.415302377,1061.958223715636
29353964.139161848,1063.3654457685168
29359305.511295363,1064.7737716871238
29364646.733833265,1066.3452108743172
29369987.753613383,1067.9461159117552
29375328.244530004,1069.4998204216386
29380668.315469943,1070.998533088629
29386008.120354388,1072.8234473828861
29391347.69584123,1074.9670394115115
29396686.830215875,1076.8458304869787
29402025.646257102,1078.6555146796927
29407364.14335892,1080.67973126553
29412702.136946436,1081.7787446405482
29418039.748786103,1083.7318849903868
29423377.057628345,1086.1750334221178
29428713.907806426,1088.4759998738516
29434050.511485185,1090.2651542587732
29439386.87063832,1091.7345488709645
29444722.847964212,1093.1452299666134
29450058.601565167,1094.721748172704
29455394.19702894,1096.3984112520516
29460729.23301516,1097.9904614991399
29466063.84480398,1099.518801038214
29471398.08352955,1101.2499332345435
29476732.06263792,1103.417332879535
29482065.556042876,1105.369892192155
29487398.678398687,1107.3097672600964
29492731.443748277,1109.4019468824406
29498063.726039328,1110.7081033346137
29503395.551970832,1112.511768453765
29508726.927377205,1114.928213388492
29514057.901135255,1117.4258682906436
29519388.507505685,1119.2913450509218
29524718.83510941,1120.9587518116782
29530048.784050424,1122.4176069297769
29535378.394239005,1124.0705897319922
29540707.83963505,1125.8408055637142
29546036.72252466,1127.5379203792827
29551365.108574577,1129.0662434090239
29556693.033977777,1130.78905324397
29562020.651884623,1133.0681590015004
29567347.815532856,1135.172540625198
29572674.519904867,1137.2352711038293
29578000.82404102,1139.3497110198432
29583326.599352244,1141.0009730058564
29588651.654919583,1115.4970403062346
29593982.60443656,1117.8263012259822
29599313.04593418,1120.0009752107974
29604650.175836083,1097.1670734031884
29609986.221515916,1098.5195680929858
29615328.549330793,1073.7579857578517
29620670.14272237,1074.9008115373924
29626017.79217751,1049.0561992960927
29631365.192323264,1050.3174296444781
29636712.183842883,1051.4223487313448
29642058.890183378,1052.7175746752991
29647405.373984378,1054.4598108575228
29652751.539999746,1056.1454484786789
29658097.383934375,1057.7319446436652
29663442.944551058,1059.406269427223
29668788.190560516,1060.818656841333
29674133.00856969,1061.661751283984
29679477.541044552,1063.4954685164528
29684821.7887646,1065.8197304965624
29690165.656775914,1067.4046694439471
29695509.406729504,1068.766653297671
29700852.906312343,1069.8075887625268
29706196.10666381,1070.9504930840235
29711539.19956226,1072.301796314863
29716882.020331256,1073.6224398516472
29722224.282213777,1074.6845358601172
29727566.353313304,1075.8261641067209
29732908.14860208,1077.6552396772381
29738249.60230357,1079.4755262378121
29743590.720256645,1081.0693608744853
29748931.49233368,1082.7047146550146
29754271.97079768,1084.3054897145205
29759611.969374392,1085.103794531167
29764951.651085116,1086.9927765489495
29770290.986064468,1089.3283117489705
29775629.888430364,1091.0875138966628
29780968.62879235,1092.5238378345173
29786307.11281265,1093.6002833457246
29791645.25925803,1094.7892180329193
29796983.22461864,1096.1524518650951
29802320.968036827,1097.5319535966835
29807658.10823049,1098.7071822857374
29812995.00929619,1099.8140256057616
29818331.571014818,1101.5295818533962
29823667.783700805,1103.4376869805512
29829003.578735,1105.1031080751536
29834339.031779528,1106.8118092796105
29839674.1523427,1108.572545966164
29845008.801099494,1109.3458555687148
29850343.038174655,1111.1241627816194
29855676.843242846,1113.4031406131917
29861010.223854456,1115.3897292522884
29866343.35412803,1116.9221046832545
29871676.225686964,1118.1295243328382
29877008.725279506,1119.4360219348944
29882340.94652357,1120.8260054800558
29887672.997695226,1122.3312888626917
29893004.396682963,1123.6518167992876
29898335.452046767,1124.9213874936108
29903666.072817992,1126.541687342199
29908996.38018216,1128.6225461152078
29914326.169838138,1130.4213677597202
29919655.56837547,1132.1998655999166
29924984.588466495,1134.1402542093147
29930313.07013442,1135.142471731405
29935641.10013738,1136.7762493837117
29940968.709873304,1139.122970345905
29946295.827709965,1141.3781441494443
29951622.569969248,1143.0738674669906
29956949.00972115,1144.5041486237415
29962275.06082004,1145.8255336938728
29967600.707978606,1147.3089648359949
29972926.160791755,1148.9295516781353
29978250.972102787,1150.4202463461486
29983575.265350122,1151.6907464388469
29988899.168684456,1153.4638191169347
29994222.654808946,1155.632271402815
29999545.60891112,1157.5803504315916
30004868.086327255,1159.5350507568612
30010190.128646076,1161.6117963915303
30015511.589683842,1163.128010454392
30020833.06720177,1136.8883778702063
30026159.676363833,1139.008705938583
30031485.63307286,1140.8317366904898
30036818.922041766,1119.627651750488
30042150.446006823,1120.68633033073
30047488.86508272,1097.4210930871739
30052825.930503387,1098.3178740191197
30058169.642390948,1073.908256051054
30063512.445577715,1074.97031326693
30068861.080647763,1048.8774105266411
30074209.395409394,1049.7956482699658
30079557.483144473,1051.290358404243
30084905.27873693,1052.7590685950663
30090252.76308463,1054.1091587187257
30095599.977723558,1055.5563340047665
30100946.872336667,1056.665138388391
30106293.375042368,1057.216164446113
30111639.571386438,1059.019623893394
30116985.473318662,1061.0243526527338
30122331.058379363,1062.3623545937376
30127676.5169584,1063.4065597602826
30133021.767617773,1064.2639475457654
30138366.709514488,1065.1726050074194
30143711.580918763,1066.295164837686
30149056.139752105,1067.3617614944537
30154400.24206155,1068.2731392843762
30159744.104268882,1069.1920052087064
30165087.622631438,1070.7387766345303
30170430.84132707,1072.2979929334986
30175773.77243624,1073.6734226545539
30181116.3643929,1075.0823931647176
30186458.687710363,1076.3240654824197
30191800.55784185,1076.8866740138626
30197142.081738602,1078.6313219456936
30202483.279741637,1080.6331087835042
30207824.095765367,1082.122011797626
30213164.761813663,1083.2753969563537
30218505.201471914,1084.1626233783672
30223845.269032758,1085.0874181237136
30229185.213827252,1086.204007650194
30234524.910730712,1087.3314620427493
30239864.083623957,1088.2861950503518
30245202.97537964,1089.1277098826217
30250541.494633548,1090.5757526615348
30255879.707823277,1092.2441278355077
30261217.540599514,1093.6793217047752
30266555.013846684,1095.112969532995
30271892.20415697,1096.624077273243
30277228.887688275,1097.2402682066754
30282565.16243317,1098.756908511666
30287901.131757967,1100.6570340839137
30293236.677955657,1102.3577705048624
30298572.008195575,1103.6568057321501
30303907.089433942,1104.6503373490941
30309241.777336966,1105.6094411194317
30314576.24795038,1106.7502000576617
30319910.52098416,1107.9861263794203
30325244.210792392,1109.0405367917347
30330577.47684022,1110.0601878764194
30335910.376855876,1111.469249603369
30341243.001309674,1113.1675313261087
30346575.190642897,1114.6691863234416
30351907.011016075,1116.1561832407147
30357238.47298657,1117.840806794746
30362569.438380525,1118.6185933370093
30367899.95441995,1120.0210212085738
30373230.01625329,1121.9867019771136
30378559.690586925,1123.9183337829882
30383889.024728656,1125.2831704855375
30389218.09082231,1126.4176006140542
30394546.76940755,1127.5122979843647
30399875.091514535,1128.7332821944285
30405203.246507373,1130.1240889594112
30410530.77992784,1131.3038761471444
30415857.877074502,1132.4900924060998
30421184.48165881,1133.8230987883394
30426510.74436516,1135.691777305868
30431836.550578102,1137.307780169213
30437161.90668988,1138.9658429675105
30442486.867782228,1140.6611474455008
30447811.283276293,1141.794349280468
30453135.16987831,1143.0975625472768
30458458.556654382,1145.1985783657565
30463781.46960868,1147.3180130519995
30469103.927223627,1148.9168965735523
30474426.639801744,1122.0809029394945
30479754.58367103,1123.0821183694457
30485081.882548504,1123.7056397990198
30490416.82828386,1101.5295924714258
30495749.72700098,1102.279071978308
30501089.4384977,1078.0610046644883
30506427.80733475,1078.917949155554
30511772.602649637,1054.0069140700298
30517116.531326976,1055.2617847426004
30522460.164190944,1056.4531383669068
30527803.51324066,1057.734075647183
30533146.52338854,1058.6464488996917
30538489.154536176,1059.1176009125152
30543831.43036693,1060.72727501976
30549173.389078528,1062.482962857378
30554515.009569492,1063.6531666405288
30559856.519256644,1064.561478015949
30565197.746769994,1065.2349187227583
30570538.645610288,1065.9225232632912
30575879.486631144,1066.9504355077004
30581219.9837686,1067.8451324477019
30586559.956217002,1068.733520188367
30591899.673798777,1069.5137125896708
30597239.072799597,1070.788278973513
30602578.12956722,1072.1750981450712
30607916.87745442,1073.4103379176415
30613255.271351203,1074.7082777222083
30618593.382390007,1075.8592415839657
30623930.998931628,1076.2822152005092
30629268.184720185,1077.7856880815739
30634605.111670483,1079.612288443247
30639941.61275635,1080.9320487256855
30645277.964677654,1081.9570356531099
30650614.045385942,1082.7097939561354
30655949.740874816,1083.4641165739251
30661285.305370685,1084.4808525782566
30666620.58307867,1085.4905510629033
30671955.301821012,1086.379174848703
30677289.694797706,1087.10460011783
30682623.68195442,1088.3853461435694
30687957.345791716,1089.9517592415139
30693290.615867663,1091.2876356774357
30698623.502522107,1092.6181812406833
30703956.073222373,1094.0287779506573
30709288.111336976,1094.5080924950125
30714619.687192965,1095.8525988997853
30719950.95819065,1097.7275292394054
30725281.75877418,1099.298997902631
30730612.321952797,1100.4895601779679
30735942.602485534,1101.3785298379485
30741272.46293184,1102.22244629283
30746602.070321653,1103.2685588834347
30751931.446508218,1104.4176727599481
30757260.19556274,1105.3650211477543
30762588.492098574,1106.3001827388466
30767916.368703306,1107.6407897695049
30773243.93403556,1109.2782269968168
30778571.037807707,1110.7062722082346
30783897.684925396,1083.3338785073659
30789230.201151654,1084.716476215312
30794562.096546747,1084.8664969540177
30799900.924169004,1060.3096348671893
30805238.217163727,1061.738167080358
30810582.047899004,1036.1299658224534
30815925.0018265,1036.8430561381274
30821274.196065854,1008.7567566958649
30826622.95873631,1009.1254235096998
30831971.523742907,1009.6141022206389
30837320.064434342,1010.3431367251005
30842668.14079562,1010.8678175155073
30848015.91343919,1011.2651962898618
30853363.414500043,1011.8412071897427
30858710.721766517,1013.0216017070202
30864057.678896144,1013.9149516305429
30869404.385311283,1014.8473973996211
30874750.866227057,1015.9763773995145
30880096.95068401,1016.2345951337879
30885442.698020168,1016.589614332917
30890788.168268085,1018.035485383954
30896133.303741522,1019.4288549121427
30901478.207111396,1020.2058775710293
30906822.98963862,1020.6735167050592
30912167.514695965,1020.9849742110559
30917511.78570486,1021.4974198918994
30922856.010604165,1022.2212744529133
30928199.79157552,1022.8494316891149
30933543.21670664,1023.1475167300457
30938886.401759326,1023.7923454371306
30944229.298948053,1025.0352528410317
30949571.857590158,1026.0963933404996
30954914.118509255,1027.0695883472604
30960256.09868203,1028.1727978653057
30965597.71092059,1028.7199735785143
30970938.946082342,1028.980479907519
30976279.84838678,1030.4491477600895
30981620.401451014,1032.029471165907
30986960.647236824,1032.9227227758238
30992300.751054715,1033.5300589617552
30997640.59840379,1033.923915048866
31002980.13058218,1034.4480224957485
31008319.582828313,1035.233228289884
31013658.648540724,1035.909298648858
31018997.265875433,1036.2719724202934
31024335.620267164,1036.9503983001107
31029673.60745677,1038.124375811898
31035011.242813665,1039.2646715547721
31040348.59240879,1040.3234278976781
31045685.59394929,1041.4164121602198
31051022.290377453,1042.208652652902
31056358.504135385,1042.4329385835117
31061694.254875325,1043.8651346606334
31067029.72252115,1045.529106145766
31072364.798392203,1046.6017806764544
31077699.727234673,1047.34992571543
31083034.39705672,1047.904025195501
31088368.677824404,1048.4623564329647
31093702.828337677,1049.2678024677507
31099036.638960354,1050.0866708571893
31104369.893485233,1050.6118154520584
31109702.847884264,1051.1994706272415
31115035.396765366,1052.4378620915681
31120367.581911102,1053.8034164407206
31125699.38984724,1054.9374851460748
31131030.824079324,1056.0989673256722
31136361.91266658,1057.228385063475
31141692.477778282,1057.4589770584723
31147022.630784184,1058.791252014918
31152352.40535479,1060.57037289673
31157681.710411638,1061.873519969669
31163010.78645386,1062.8206226717598
31168339.59402819,1063.4597222647424
31173667.95836004,1064.1376458750776
31178996.070180334,1064.9874946998211
31184323.92654186,1065.9995595168498
31189651.114033256,1066.6716355839153
31194977.935448788,1067.5998656690426
31200304.282888804,1068.8020532698774
31205630.25143898,1070.3146013516025
31210955.736532096,1071.6281647970222
31216280.83281763,1072.9166967386072
31221605.517522275,1074.4024763668135
31226930.63122178,1042.8323889367086
31232260.486852128,1043.7992801685114
31237589.633734718,1044.9447040466875
31242926.60799722,1021.3513010982156
31248261.336263433,1021.6838053704366
31253603.640566465,995.1752973633979
31258944.13653128,995.1777274107387
31264291.68017903,966.8637195570454
31269638.17694094,967.3883197048475
31274984.155659262,967.6373214856587
31280329.889132038,967.6656722590459
31285675.307682708,968.0490169781358
31291020.514009092,969.1504273001087
31296365.349218637,969.9258836475335
31301709.930216562,970.6843705847684
31307054.240022074,971.623493968769
31312398.186885055,971.5704996930592
31317741.756961238,972.0369696118024
31323084.970509622,973.3129415898065
31328427.9215388,974.6305636843313
31333770.622277558,975.1550176876035
31339113.20213265,975.5285047024844
31344455.489131454,975.6708956916909
31349797.536078636,975.94168672194
31355139.53230939,976.5188149731152
31360481.062406823,976.9544607461083
31365822.25121415,977.1083748637266
31371163.041141678,977.4763937545421
31376503.60339668,978.5553997168859
31381843.845276523,979.3778613171108
31387183.770300083,980.2127736503403
31392523.43796938,981.0953291292232
31397862.707228128,981.3876936015183
31403201.55430705,981.6334703609502
31408540.035207953,982.8947297371346
31413878.23032615,984.355041047573
31419216.074997414,985.0236411573214
31424553.803845886,985.5023400942849
31429891.211779013,985.6707678057453
31435228.314621385,985.9136323130327
31440565.354810927,986.5317094341237
31445901.984140728,987.0328299337291
31451238.156172622,987.1888472857336
31456573.97235187,987.5782684638332
31461909.474574428,988.6383824922881
31467244.627953522,989.6483668403822
31472579.431696936,990.5609692733599
31477913.906711787,991.5282872638314
31483247.996190537,992.20789408974
31488581.60134278,992.1853436920392
31493914.823330764,993.2566526792872
31499247.743929148,994.9025432609947
31504580.225427072,995.7064271475047
31509912.56933649,996.3213157043492
31515244.583574507,996.5430035988232
31520576.21904643,996.8567737643475
31525907.73214294,997.5720105024557
31531238.88007182,998.2266947335008
31536569.412173025,998.7792248736071
31541899.63800851,999.1528014415503
31547229.47029613,1000.1455632472655
31552558.947535463,1001.3625248055293
31557888.039117917,1002.4082453240527
31563216.7172775,1003.4558137590666
31568545.044762403,1004.5216844411245
31573872.808775444,1004.555007629235
31579200.082642905,1005.7816314078881
31584527.011232253,1007.498315233076
31589853.46317239,1008.7061355618214
31595179.674927995,1009.4958273217203
31600505.59592147,1010.0040249155609
31605831.06074002,1010.5317026215791
31611156.28922611,1011.3028746149539
31616481.20273927,1012.1734486771176
31621805.455955252,1012.8751978188848
31627129.219162345,1013.4137726927324
31632452.52845892,1014.4471346364808
31637775.511785526,1015.8494774454148
31643097.97220161,1017.0722827056206
31648420.030099805,1018.2029242864769
31653741.657482427,1019.6301507777107
31659064.328883413,984.3132600018267
31664391.055595882,985.2711949206237
31669718.21879978,950.857466846
31675050.27374347,952.0004431927678
31680381.795010086,951.885833160205
31685721.49257377,923.3597549659869
31691058.773195703,922.9907492035655
31696403.702776697,892.0982733552148
31701746.951672643,892.1640093506629
31707097.086906698,858.8399222259266
31712445.871855456,858.5747440418954
31717794.331289705,858.5370621331615
31723142.60517293,859.2473762289386
31728490.55502661,859.5953388156229
31733838.28539459,859.9313647754867
31739185.770565156,860.488639568865
31744532.912803598,859.9351425640161
31749879.696344204,860.0595228058191
31755226.167992875,861.000149450446
31760572.356748275,862.0196395872871
31765918.354273945,862.1157687166419
31771264.22819491,861.8829420425873
31776609.851502463,861.417210600925
31781955.269301917,861.2560883946838
31787300.677135326,861.384423491967
31792645.61142852,861.4199687618126
31797990.211781923,860.9133634550299
31803334.57933376,860.870831966352
31808678.704932123,861.5860080502175
31814022.515478846,862.1019797763671
31819366.064190794,862.4949434535238
31824709.377857544,863.1226939501846
31830052.30185509,862.8563872264144
31835394.856734443,862.413558414683
31840737.1155738,863.5068576592714
31846079.063964564,864.6763264264263
31851420.725800477,864.8879616821878
31856762.289369944,864.768326066928
31862103.62469745,864.3703500470542
31867444.684648402,864.2092733352218
31872785.71848039,864.3595890715187
31878126.309132356,864.4666279262276
31883466.49671252,864.0265075611321
31888806.43910093,863.918614393827
31894146.082769044,864.5889310400648
31899485.38333825,865.2174879709835
31904824.3823538,865.6721098816458
31910163.090734996,866.2645131595461
31915501.43824251,866.3824857049676
31920839.36808549,865.8104356165927
31926176.92438562,866.959239373216
31931514.146624714,868.2600345493083
31936851.03212496,868.6728839544886
31942187.801905416,868.6853800036524
31947524.31075757,868.4704237622075
31952860.470929004,868.3110979940775
31958196.581659593,868.5484802889828
31963532.318124305,868.7341509108896
31968867.549602266,868.5974084011564
31974202.50301747,868.3777445794935
31979537.042432927,869.2203569586451
31984871.275285706,870.0904198437856
31990205.20170061,870.626894036866
31995538.75836477,871.2210428619644
32000871.99704875,871.6709111366193
32006204.733455967,871.0785235938088
32011537.053943068,872.1575930450847
32016869.02393952,873.6737028971679
32022200.582787957,874.3868579629674
32027531.97615412,874.6011031298601
32032863.122561477,874.4060670763404
32038193.8759247,874.3589911735269
32043524.459704675,874.6173272487265
32048854.780606113,874.985079741085
32054184.42716141,874.9208160536831
32059513.824221067,874.6805850166065
32064842.81541245,875.4395134771144
32070171.444115847,876.5116972311228
32075499.652996626,877.2363841889705
32080827.50678304,878.0010086849534
32086154.994193517,878.9034729173745
32091481.975797452,878.3074226352275
32096808.491639055,879.2357829803373
32102134.54073579,880.9239716266306
32107460.11526493,882.0690800113234
32112785.448268816,882.5562428193016
32118110.50304241,882.5632995803749
32123435.15965414,882.7015824467455
32128759.520020593,883.0505757085693
32134083.679647036,883.6650954677165
32139407.10647403,884.0223727371481
32144730.016354457,842.1465580932926
32150058.83862489,842.3677952798159
32155387.243473858,843.2135856327211
32160722.94304627,806.3757262934398
32166056.793347117,806.5601161768029
32171397.54383294,766.2558509353612
32176736.85342434,765.183739771253
32182082.451666698,720.4509908221712
32187427.314909942,721.3580883797475
32192778.01431507,673.3447038468214
32198128.561899435,672.8026319509419
32203479.06091531,671.7195959506228
32208829.349674612,670.6112134673704
32214179.464681707,669.6084704985826
32219529.61155407,669.172204197791
32224879.258237254,668.3672766335868
32230228.65571555,667.3185432075516
32235577.705384124,666.6484949923084
32240926.65878975,666.9792519033681
32246275.344491925,666.7709020162346
32251623.799959544,666.4216379229438
32256972.042765316,666.3926389364448
32262319.916070994,665.1368387802308
32267667.41207272,664.3986815222697
32273014.590119608,665.2999691358896
32278361.541559078,666.1179838262484
32283708.213801347,665.6255982703078
32289054.846198507,664.8840572345466
32294401.25164857,663.7380638887348
32299747.436794333,662.7169940462267
32305093.67885753,662.2857992463091
32310439.48890988,661.6876238609378
32315784.898551445,660.7087706228426
32321130.044255346,659.7540924605742
32326475.062833805,659.9940902024473
32331819.78587401,659.9684196050164
32337164.231654897,659.6861577908066
32342508.42310921,659.6778955940393
32347852.269701354,658.8073611844131
32353195.69183686,657.4499902369373
32358538.75720935,658.2820934822603
32363881.588756666,659.3685420228378
32369224.06108255,659.0186273602058
32374566.50606262,658.3744807927792
32379908.724682335,657.122320418375
32385250.69666063,656.147953614206
32390592.668680683,655.6289302082616
32395934.263909064,655.1792295348382
32401275.361444436,653.8512613932925
32406616.276107818,652.9439570618601
32411956.86870582,653.4121002591347
32417297.221393943,653.623265724159
32422637.297683027,653.4452247051314
32427977.056504343,653.3161148769714
32433316.49288434,652.9460097803279
32438655.450455893,651.2266511966259
32443994.12214801,652.00142880895
32449332.433357272,653.3308000464203
32454670.359443046,653.2534750198788
32460008.20452171,652.7220334150666
32465345.82347986,651.54902109244
32470683.137227036,650.6365061625133
32476020.391771782,650.1560696020075
32481357.373363208,649.8120762044935
32486693.7294959,648.7372309065063
32492029.936814055,647.8415711328719
32497365.7892958,648.2312528490748
32502701.35517244,648.663689821981
32508036.553470343,648.5798385371177
32513371.43317496,648.427671745543
32518705.989906363,648.662062788846
32524040.010729916,646.8863901898837
32529373.665880222,647.3932856576432
32534706.938647553,648.9460321398533
32540039.762835525,649.3573214325288
32545372.452419903,648.985491448951
32550704.93454527,648.0121134293854
32556037.027529355,647.2088509338662
32561368.981125366,646.7254838971176
32566700.743655514,646.7042582555977
32572031.782022845,646.0134958958652
32577362.574139398,645.4273757086254
32582692.995685972,645.5476587267749
32588023.087988082,646.5616002413352
32593352.780916743,646.7323454177676
32598682.13588024,646.9739966372117
32604011.125031214,647.5784513490507
32609339.560746185,645.9686943766442
32614667.520862237,646.2797056335817
32619995.101911053,648.0805701842619
32625322.16100877,649.1464241770227
32630648.9815129,649.1591644090254
32635975.59945873,648.4553159048783
32641301.837183602,647.789078311484
32646627.800172936,647.427695736809
32651953.604620088,647.567034686758
32657278.69751093,647.4963098971482
32662603.320753094,646.7220264210571
32667927.618166115,646.6917024834718
32673251.613486245,647.98160328629
32678575.08896064,648.5260118797169
32683898.190450925,648.9966564353817
32689220.878739372,650.1332981742582
32694542.980010726,649.4183962001939
32699864.560652506,649.0624957850418
32705185.647973057,650.8665062462669
32710506.22899532,652.6756232529463
32715826.38378349,653.0653869013586
32721146.291549493,653.1308490414328
32726465.78889402,652.8383824050625
32731785.940479353,586.3396769228466
32737111.149080183,586.3332480634367
32742436.00372607,513.1206562164848
32747766.233466517,511.914389995537
32763767.14029235,426.65290414080096
32774451.48777629,335.42431803579143
32785146.39534551,193.5877371295656
39805421.05975982,468.942651229418
39816055.49632373,494.1913773068987
39821371.91139501,504.5143822602747
39826688.151933596,514.2645847441933
39832004.03255883,524.6776650522174
39842634.143498495,548.7691022493982
39847948.256201066,559.7167920706534
39853261.74102294,570.4056892304924
39858574.76673885,580.3143471070098
39863887.091187954,589.8857534073812
39869198.875201456,600.5307403710422
39874510.712191574,611.1998995881445
39879822.20815416,621.419458438008
39885132.63904162,632.5968086303333
39890442.070333645,643.8521276386277
39895750.81374667,653.6204172999446
39901058.83018789,664.0646041459313
39906366.17194248,673.2293468621409
39911673.09609819,681.1809931618011
39916979.65508711,690.1142345587269
39922282.07199039,684.0134134319919
39927596.4238139,680.667107270456
39932907.05340245,689.8415434025801
39938216.90549258,698.7593098051922
39943533.13980628,649.6642705333088
39948847.9210552,657.6516331613898
39954168.25939167,602.8432937789867
39959488.63108926,613.0874910430471
39964814.16326669,552.78404477734
39970139.86829088,563.5134203173493
39980799.68595198,508.9422140428869
40082480.2469995,202.0007727489643
40093194.55793362,238.79538880421106
40103908.13376121,276.405113027085
40146753.93435922,388.0981688672978
40157462.662568964,412.29011998542455
40168170.43050465,431.67032190415284
40210994.82073271,505.6415950804749
40216346.84008104,515.1398511661895
40221699.30374499,523.6368527758041
40227051.36944119,532.8850729082606
40232402.88210162,542.5173368540882
40237753.85698095,551.3670553203433
40243104.52916301,559.7139655412234
40248454.90821787,568.0105827456127
40253805.03051731,574.4931792185873
40259155.22219347,580.8140879707532
40264505.36113025,587.5665447603728
40269855.207956776,595.919791019693
40275204.797869764,603.842682324268
40280553.949921206,611.1804393072239
40285902.86398574,618.7274380744668
40291251.52632367,625.3582370241679
40296599.864753745,631.6001057148319
40301948.07769657,638.8804271782858
40307296.66526774,645.9198768889962
40312644.970470145,652.8999677133694
40317992.68583496,660.5909203018839
40323339.82322416,668.179495287021
40328686.59099155,674.9660475924118
40334033.071333006,681.8745232150031
40339379.223432556,687.6185081070055
40344725.39990543,692.700450176078
40350071.466394864,698.6028082149187
40355417.22818445,705.3297747961833
40360762.83445631,711.7649427356804
40366108.05247721,718.010529386745
40371452.88473091,724.4950089575908
40376797.47254819,730.0218447119023
40382141.757510774,735.32135512838
40387485.81795629,741.3534264409623
40392830.08912224,747.4367659614879
40398174.29486461,753.255051274793
40403517.84275779,759.8259648336749
40408860.776045054,766.5448392195258
40414203.37778632,772.2739346390891
40419545.595675915,778.456799113635
40424887.457293294,783.6316678127608
40430229.26774755,788.0507821701369
40435570.97022823,793.1124338208048
40440912.389669314,798.8897871503559
40446253.570558526,804.8560733048665
40451594.404309295,810.4567770014914
40456934.74141041,815.9878775760981
40462274.869632974,821.0640606341965
40467614.63624587,825.9505356484009
40472954.10801335,830.9966017544532
40478293.7281607,836.6506700940854
40483633.39754052,841.5462993150916
40488972.38631062,847.3019130041657
40494310.73868735,853.388264645585
40499648.657948844,858.6902663707624
40504986.17147291,864.3126787371407
40510323.31984782,869.192965057809
40515660.29903454,873.2215873903724
40520997.175149895,877.6734156239659
40526333.885841444,882.7234328421936
40531670.17374214,888.3519897118867
40537006.12106941,893.5820869075214
40542341.574491195,898.5106573010894
40547676.7322568,903.2313884362246
40553011.53677889,907.7052669192753
40558345.951462165,912.0720839427414
40563680.42022549,917.3363015406376
40569014.96353649,922.0126763662269
40574348.87804641,927.233007901109
40579682.106590346,932.7001990911671
40585014.81938388,937.7422662492927
40590347.098919295,942.8517026604669
40595678.98560414,947.6521450392161
40601010.563778326,951.4535582213852
40606342.05369397,955.63912217194
40611673.26871454,960.0789621837341
40617004.02806856,965.4336623083288
40622334.507814825,970.3192089402171
40627664.44714071,974.9338043591724
40632994.00196683,979.549090387235
40638323.16518327,983.7195751978068
40643651.84392416,987.7732883986295
40648980.43041352,992.737443203571
40654309.19701772,997.1236806810635
40659637.3255362,1001.8632317663878
40664964.76099917,1007.0052378061596
40670291.54434631,1011.7610773500633
40675617.88496909,1016.5456281016304
40680943.74758305,1021.2878750643016
40686269.179135725,1025.116364845086
40691594.49577091,1029.0445653533282
40696919.47866249,1033.3144846375897
40702244.052977055,1038.210273621636
40707568.268051535,1042.8534443105161
40712891.80783005,1047.4895925720552
40718214.87791398,1051.9383161261512
40723537.56566345,1056.0550659805917
40728859.70730062,1060.0455530146335
40734181.51826962,1064.7299332460693
40739503.465968564,1069.0487779196592
40744824.91184667,1073.6514364478921
40750145.57456617,1078.5482175017553
40755465.450593695,1083.4328095217102
40760784.824159436,1088.023528888623
40766103.65993487,1092.6856133192452
40771421.93256179,1096.6909923750954
40776739.95764691,1100.4477145697642
40782057.637819044,1104.7211452467993
40787374.74780116,1109.4782112279722
40792691.422433384,1114.0267942464982
40798007.47310559,1118.4195120463137
40803322.951549925,1122.916289679814
40808637.87410739,1127.0908683538
40813952.211445406,1131.0900754475751
40819266.087325744,1135.4629531450248
40824579.904296935,1140.2097448511638
40829893.317348205,1144.5226218591085
40835205.86178444,1149.3813028134073
40840514.5110616,1143.5366163770534
40845833.80361122,1142.3897958799112
40851150.38618557,1146.7510729355697
40856466.25564552,1150.421895203153
40861789.15305253,1128.4774730901495
40867110.645329036,1131.9433174338903
40872438.450635016,1109.5574992477314
40877765.34539377,1113.7961757527391
40883097.879115395,1089.915573367592
40888430.00826109,1093.6782978486008
40893767.25684972,1068.554550986371
40899104.89429933,1071.8977941540047
40904447.107322276,1045.7570242227605
40909790.7757463,1049.6714081149403
40915138.81119325,1022.9090167029118
40920488.214429975,1026.8574001374236
40925840.89688101,1000.1565816516313
40931195.616528675,1003.9554765241237
40936553.437988095,976.4505234807885
40941913.86263362,980.0258071536095
40947274.18186809,982.8469072589508
40952634.53844847,985.9694790585436
40957994.78762571,989.6817624443345
40963354.73996877,993.7765190374366
40968714.51732053,997.3122655189634
40974073.95836055,1000.8677005795619
40979433.15142574,1004.2983133791429
40984792.167803444,1007.4197165125333
40990150.92447093,1010.5593978201956
40995509.819201685,1014.3121381004089
41000868.95513475,1017.5645373305658
41006227.59477033,1021.2904987043037
41011585.742742464,1025.287060586447
41016943.50230038,1028.8946851614553
41022301.00043924,1032.5584894049657
41027658.24079013,1035.963184749298
41033015.30324191,1038.5990558127091
41038372.41043502,1041.4964991218126
41043729.425687626,1044.69379097956
41049086.13308828,1048.5082846597115
41054442.64845693,1051.9378907978066
41059798.814285636,1055.2037104493943
41065154.749792896,1058.5512939961013
41070510.45825741,1061.4533404470892
41075865.90672946,1064.3017378837599
41081221.405426614,1067.8163092126374
41086577.14333483,1070.7458085444805
41091932.45897268,1074.1237002857613
41097287.30563584,1077.8103490612846
41102641.70029395,1081.2728268946748
41107995.831084915,1084.612206480325
41113349.69551121,1087.8878708193276
41118703.29932424,1090.4364267573824
41124056.95695008,1093.1242356333162
41129410.47108745,1096.0395109567285
41134763.788289934,1099.5197218310968
41140116.8992461,1102.7777681900625
41145469.53542279,1106.002081078937
41150821.943540156,1109.044038669881
41156174.144220665,1111.864221773909
41161526.02847829,1114.5103041262983
41166877.91329315,1117.7495772896705
41172230.08147405,1120.6101880171927
41177581.852721274,1123.7347914788913
41182933.144352354,1127.1551109036548
41188283.958756834,1130.4243453050167
41193634.482193366,1133.5715407203932
41198984.71326375,1136.6232232443135
41204334.67153628,1139.1407231504431
41209684.64223124,1141.570179478952
41215034.52424985,1144.3968461373145
41220384.0777916,1147.7538155780583
41225733.45709589,1150.841345856378
41231082.43525016,1153.7549257750916
41236431.10760452,1156.7147836764839
41241779.52080839,1159.3328432700125
41247127.638934135,1161.8280352553124
41252475.668627016,1164.8966948797079
41257823.93012963,1167.6961229009514
41263171.90980671,1170.674805892171
41268519.351446494,1173.8891810491716
41273866.25189319,1177.0929611213594
41279212.867896624,1180.0573730167262
41284559.16319635,1183.0779242877056
41289905.12752495,1185.5715004249778
41295251.0525475,1187.8950756894478
41300596.87644953,1190.5932415260393
41305942.40691526,1193.6330547488378
41311287.72754742,1196.637629406987
41316632.61801633,1199.5222619199033
41321977.1431237,1202.3082914453041
41327321.43382298,1204.898750071201
41332665.33919213,1207.3802523379095
41338009.07100105,1210.1265175683488
41343353.052523494,1212.938808301087
41348696.8126391,1215.6311318109451
41354040.041958414,1218.6702444344746
41359382.71285676,1221.7617528228363
41364725.03501959,1224.5754356532054
41370067.026153214,1227.4753584587158
41375408.6378178,1229.9444991964137
41380750.155537456,1232.1304129355253
41386091.60059116,1234.4925317299205
41391432.81231648,1237.4301482525045
41396773.6779134,1240.4650076493847
41402114.15427753,1243.1807976985097
41407454.22813164,1245.870331615249
41412794.017652325,1248.4240782169527
41418133.43022068,1250.81392571323
41423472.59575393,1253.3075977494254
41428811.90476803,1256.2060884371754
41434151.084801674,1258.7081040979065
41439489.713922925,1261.6364883951642
41444827.76262112,1264.6659368203668
41450165.37318548,1267.3874424883224
41455502.64171195,1270.2048316307264
41460839.49752718,1272.7391511620785
41466176.13801136,1274.8512405890153
41471512.710863195,1277.2181975945289
41476849.02766682,1280.0027438284076
41482184.94969255,1282.9120273820363
41487520.53023697,1285.530678509924
41492855.612998284,1288.1922466805522
41498190.38075734,1290.7982879373894
41503524.753277026,1293.1570679885517
41508858.799860336,1295.498310016244
41514192.85704569,1298.3608466329656
41519526.8984918,1300.7334170585718
41524860.37016309,1303.5643403279728
41530193.24567742,1306.4916099080287
41535525.620962776,1309.1802620158317
41540857.560970396,1311.8990878578204
41546189.11823448,1314.4472908387302
41551520.32542283,1316.606976891792
41556851.42913056,1318.8948445980252
41562182.31317155,1321.5110920076688
41567512.764802486,1324.3929208547518
41572842.80216096,1327.0369345737329
41578172.287429884,1329.6454555724442
41583501.410474844,1332.2934547430568
41588830.12196993,1334.6554801668165
41594158.41344502,1336.945304614092
41599486.56328922,1339.7448209648257
41604814.754402526,1342.170052209021
41610142.368186206,1344.9141227178907
41615469.366112426,1347.7967220863145
41620795.76798175,1350.5212714809202
41626121.70251997,1353.208726676071
41631447.17921649,1355.8168528742212
41636772.200123414,1358.0341923667247
41642097.06513527,1360.2775248936985
41647421.698771745,1362.7745864872365
41652745.85949823,1365.7305030107875
41658069.5974656,1368.4181993376094
41663392.677239105,1371.042843055781
41668715.31483886,1373.7107183421322
41674037.52529855,1376.2021080862455
41679359.189814456,1378.516432513216
41684680.591870576,1381.2130261859372
41690002.01670676,1383.7533889177564
41695322.937243566,1386.4309898312622
41700643.16005771,1389.3096330307528
41705962.64090768,1392.1396101749383
41711281.643624045,1394.806188143401
41716600.081109546,1397.577908449312
41721917.9591243,1399.9480375853968
41727235.572351396,1402.2283103304244
41732552.90257266,1404.7756206129384
41737869.70662628,1407.5922580656672
41743186.0634532,1410.3613036497231
41748501.73684489,1413.1110974451196
41753816.76710732,1415.8606085832675
41759131.30749774,1418.4194873070703
41764445.27751999,1420.8978083037491
41769758.76697667,1423.6125417034357
41775072.13962453,1426.413467253606
41780385.091469355,1429.107771113199
41785698.58625719,1413.0737557476393
41791016.14886665,1415.9296818079351
41796332.76677478,1417.9813112295092
41801656.671810314,1405.1691787298068
41806978.50101256,1407.1199024752864
41812307.27870971,1392.8117215913169
41817634.921654895,1394.7020194532051
41822968.920752354,1380.1346411725776
41828302.068290845,1382.4584515672605
41833640.972410135,1367.1157363763118
41838979.5276073,1369.3221974488238
41844323.407948606,1353.3198544371721
41849667.55136979,1355.175305352133
41855016.63914892,1338.6151203447034
41860366.88276219,1340.8884870183365
41865721.892148115,1324.0254956961603
41871077.92448033,1326.2939967337325
41876437.91242392,1309.6026194232647
41881799.38918389,1311.6659021328937
41887160.647294484,1313.8118194815745
41892521.61429745,1315.756724234947
41897882.44671701,1317.2893962190533
41903243.33004975,1319.0783648452866
41908604.07791308,1321.0076619432052
41913964.613876864,1323.2370872510019
41919324.906862885,1325.3496410243479
41924684.80264272,1327.3474616703686
41930044.53620709,1329.2400550379293
41935404.01306471,1330.9967030263028
41940763.28029647,1332.6775598550787
41946122.675857075,1334.8079852919723
41951482.16036406,1336.5837774354507
41956841.242960215,1338.7103566010492
41962199.886118956,1340.921411991578
41967558.17501878,1342.9297128998494
41972916.19155197,1344.9451326706605
41978273.96737557,1346.8169673215245
41983631.527451664,1348.3375291718528
41988989.15146397,1349.9994854837296
41994346.62996025,1351.901585227641
41999703.88662299,1354.0351661549655
42005060.919571534,1356.0092241483806
42010417.554088734,1357.9454565688309
42015773.952457465,1359.7758172296474
42021130.1353777,1361.4743401473431
42026486.05714114,1363.1023976032025
42031842.04095798,1365.1358053589038
42037198.189030275,1366.8965235121168
42042553.905455366,1368.9001683616088
42047909.18131859,1371.0238294115716
42053264.07700168,1372.9756463919969
42058618.68881644,1374.9215077217705
42063973.04359003,1376.7651225780855
42069327.14127019,1378.2638274860503
42074681.26214673,1379.8459687284662
42080035.31452522,1381.6722108712913
42085389.09369188,1383.7512656435642
42090742.60307674,1385.6550792352175
42096095.70220564,1387.4839336993164
42101448.56355518,1389.3516312097695
42106801.180591784,1390.9901098156436
42112153.52337017,1392.5404543432387
42117505.84169227,1394.486498517384
42122858.32337234,1396.1534330973363
42128210.48176293,1398.0893146848146
42133562.16715367,1400.1371940010172
42138913.37245136,1402.1166211609743
42144264.32120316,1403.9735873671898
42149614.957786426,1405.860559165245
42154965.2911359,1407.3284399555635
42160315.63516903,1408.8220471152708
42165665.892321445,1410.479020789433
42171015.907703914,1412.4669990550558
42176365.676658124,1414.3333736788964
42181714.9829789,1416.1962318451128
42187064.01360937,1418.0100893127396
42192412.813379765,1419.6669355958543
42197761.2662039,1421.1626014965207
42203109.65986729,1422.9671543180898
42208458.226199575,1424.6588428995296
42213806.48511971,1426.4190115984566
42219154.28401467,1428.3694818389374
42224501.59370109,1430.2804329104727
42229848.6150018,1432.0418480573096
42235195.31117146,1433.8387272555449
42240541.680179134,1435.324353835026
42245888.00305907,1436.7063075914484
42251234.25992916,1438.3333886955327
42256580.24137759,1440.2651604315497
42261925.98774926,1442.0767796920054
42267271.30108132,1443.8449839935806
42272616.25033625,1445.6080970007663
42277960.952332094,1447.18304921878
42283305.32532192,1448.6692700410163
42288649.570186906,1450.4106258593172
42293993.90001954,1452.1395689165156
42299338.0215996,1453.830694884416
42304681.634292975,1455.7259679038723
42310024.72979235,1457.6595574337052
42315367.4424599,1459.3841709582007
42320709.84945768,1461.1867264834318
42326051.87133008,1462.762407526463
42331393.77612928,1464.0998209513248
42336735.5984647,1465.6893444612406
42342077.189312644,1467.4818810615257
42347418.485047184,1469.2879557953231
42352759.36530046,1471.0312076975686
42358099.83436287,1472.8198034444997
42363440.024139285,1474.4282114762425
42368779.87992179,1475.9573531961591
42374119.47492686,1477.5609608328928
42379459.152555585,1479.288977792287
42384798.69359586,1480.8918335323658
42390137.709707856,1482.7362339086924
42395476.19282279,1484.6339657613416
42400814.27408057,1486.3075681934238
42406152.019654155,1488.062623184509
42411489.33958674,1489.6455433329509
42416826.46930613,1490.9647417263182
42422163.50808162,1492.4273498035723
42427500.370335795,1494.1568243043484
42432836.88513951,1496.018214193529
42438172.96794178,1497.7193624269485
42443508.591154166,1499.442821062038
42448843.88865724,1501.069358399397
42454178.84941596,1502.621377694799
42459513.46460758,1504.1291696090066
42464848.0656685,1505.9200272493285
42470182.63154984,1507.5099822028262
42475516.621155344,1509.319432039685
42480850.05023098,1511.2485988313065
42486183.01360474,1512.9346521321604
42491515.585005835,1514.7377919255541
42496847.72506304,1516.3676027759682
42502179.55283752,1517.695103617541
42507511.275400706,1519.164505823843
42512842.77657213,1520.7269229531146
42518173.94921382,1522.5377475385794
42523504.729090706,1524.3322681200661
42528834.93660991,1526.087829600416
42534164.77433475,1527.7190935937806
42539494.23530161,1529.2831647642824
42544823.29091224,1530.7653641492686
42550152.24919713,1532.5959288341458
42555481.18249347,1534.1907184588615
42560809.54067734,1535.9946969352086
42566137.30352414,1537.8970196613648
42571464.50964011,1539.640562038961
42576791.29129844,1541.406638164683
42582117.61440534,1543.0945477480752
42587443.490517005,1544.510456396553
42592769.24215315,1545.9762923726746
42598094.75310296,1547.5891997962528
42603419.87371804,1549.441605302295
42608744.56961702,1551.229999100426
42614068.71125447,1553.0065533717352
42619392.34722018,1554.7554086167825
42624715.58993026,1556.3417442558944
42630038.340356536,1557.8863008857045
42635360.8590265,1559.7294478084214
42640683.32864079,1561.362264582753
42646005.32180204,1563.1705166770307
42651326.637527995,1565.0739703280683
42656647.27496272,1566.9827726888136
42661967.413691826,1568.7493195451839
42667287.04918556,1570.569786436106
42672606.126857705,1572.1287397523458
42677924.97371794,1573.6006989837892
42683243.54935118,1575.2484034996737
42688561.662560955,1577.1645007102952
42693879.3099667,1579.0144337110974
42699196.313346036,1580.8418834622394
42704512.741700225,1582.703376308496
42709828.69470561,1584.44334072189
42715144.08178367,1586.0957323016387
42720459.08189427,1587.886282741803
42725773.96617149,1589.753613853872
42731088.37058133,1591.5625093261485
42736404.71754482,1578.6803934719023
42741723.88202442,1580.5574205871792
42747041.928221315,1581.1170615997262
42752367.84227253,1572.385311109743
42757691.191860124,1572.9778977129129
42763022.22722457,1563.1057775050124
42768351.48941677,1563.788781845717
42773687.98403287,1553.5929852026968
42779022.96426883,1554.753800185645
42784364.513586804,1544.0456616183803
42789704.90347703,1545.1408584927512
42795051.62746233,1533.858696256768
42800397.707973845,1534.8355784900007
42805749.80809722,1523.0913733873808
42811102.08679612,1524.3595212987634
42816460.126155436,1512.3383968972569
42821818.17647727,1513.649019554075
42827181.34699745,1501.642139631375
42832544.98365355,1502.908286532165
42837908.411077164,1504.21140528499
42843271.55637187,1505.386418032906
42848634.59346766,1506.2977118625906
42853997.69549202,1507.3768469401787
42859360.69534056,1508.6505243733775
42864723.46625115,1510.0107613113755
42870085.97786669,1511.2684448789237
42875448.16579939,1512.568776088279
42880810.15259989,1513.7429896599713
42886171.93818607,1514.8451432083284
42891533.529038645,1515.89657603069
42896895.23012928,1517.190976867399
42902256.97083992,1518.2985546932202
42907618.33942938,1519.6206925357542
42912979.29730279,1521.0248342555271
42918339.95659473,1522.2480129901066
42923700.34990717,1523.5577310165013
42929060.48888265,1524.703608222301
42934420.47299154,1525.6093962286036
42939780.51066514,1526.60146376166
42945140.43613488,1527.858010414246
42950500.14746639,1529.1805950088342
42955859.617680185,1530.3949918050553
42961218.727105,1531.6460311723722
42966577.61635043,1532.7928987523749
42971936.305671655,1533.8622714088874
42977294.78133458,1534.8809699550247
42982653.330151014,1536.1410245964478
42988011.99556264,1537.2065110978829
42993370.24698868,1538.4811375099168
42998728.09301252,1539.8490759423557
43004085.59313179,1541.0343299480046
43009442.84364918,1542.2885203344313
43014799.8263131,1543.420096888675
43020156.60908218,1544.2935147582396
43025513.423761174,1545.2470015307088
43030870.19603267,1546.3612782610026
43036226.71453646,1547.654982779252
43041582.979012355,1548.859540983114
43046938.86552872,1550.0590548944679
43052294.53136795,1551.235925697532
43057649.96424972,1552.2730710750373
43063005.17240408,1553.2360256810791
43068360.39820161,1554.4876550575382
43073715.712803446,1555.499931361794
43079070.67111924,1556.7285057168297
43084425.232415006,1558.040589355337
43089779.401716754,1559.2207401547325
43095133.3250605,1560.3910581767939
43100486.97388722,1561.5065453667744
43105840.35686177,1562.3775726113818
43111193.77474475,1563.2833494876509
43116547.11767121,1564.2963223472389
43121900.28016335,1565.5509517923597
43127253.19970221,1566.75133906147
43132605.69753281,1567.9030279463943
43137957.96488975,1569.0321287564714
43143310.018151045,1570.0646130439522
43148661.779427245,1570.9812822253325
43154013.558166005,1572.1405457195192
43159365.42237622,1573.189274154907
43164716.97881652,1574.2963738322321
43170068.12431135,1575.5439741079415
43175418.853991434,1576.7337872032529
43180769.30691407,1577.8607146545598
43186119.47829302,1578.9692347797172
43191469.36141044,1579.8644840576947
43196819.23381794,1580.6947714574274
43202169.07067661,1581.6976118084938
43207518.64110784,1582.971255922078
43212867.961993515,1584.1417755711925
43218216.9102011,1585.2579271000727
43223565.557985686,1586.4023578829938
43228913.957874455,1587.382373938332
43234262.07032511,1588.2994297419405
43239610.12197009,1589.4219022068141
43244958.27605379,1590.468886726325
43250306.1654821,1591.5972985288054
43255653.61589012,1592.8062380186916
43261000.5957058,1594.0064067934702
43266347.31303683,1595.0846242672612
43271693.7290192,1596.220632562276
43277039.80611153,1597.1284495549905
43282385.834677614,1597.9427438159298
43287731.815125056,1598.8957445598494
43293077.57279382,1600.0369350707022
43298423.09090876,1601.1811487227744
43303768.21322648,1602.3306070295498
43309112.97490323,1603.449684104935
43314457.506293185,1604.456680812892
43319801.71134487,1605.380775369902
43325145.784405224,1606.4109038089682
43330489.99883229,1607.462688200649
43335833.96175045,1608.50229783172
43341177.49473229,1609.6701838245833
43346520.541016616,1610.8603597836327
43351863.26568597,1611.9503083146512
43357205.67412449,1613.0678085126365
43362547.73325317,1613.9994273853185
43367889.66414958,1614.7971781279484
43373231.54283977,1615.66910328428
43378573.26154732,1616.7885213404234
43383914.66435666,1618.0139237761553
43389255.64673843,1619.1473894357173
43394596.27909924,1620.2271347305123
43399936.62316442,1621.252470111881
43405276.635479905,1622.1725823030033
43410616.44450696,1623.151663080292
43415956.32401871,1624.2918990429807
43421296.04520535,1625.2854560395826
43426635.296016395,1626.4525914050841
43431974.04450628,1627.656751532181
43437312.411509424,1628.723277771833
43442650.46474065,1629.8295487172695
43447988.14323858,1630.8294952538008
43453325.59494295,1631.6210342445827
43458662.99829456,1632.5106679595142
43464000.22016234,1633.5662288710932
43469337.12289979,1634.7565032495368
43474673.636220366,1635.862205493984
43480009.73589692,1636.9801831257994
43485345.5032488,1638.021368680327
43490680.94971705,1638.980421349205
43496016.13095065,1639.9056813508384
43501351.30008649,1641.0941475341879
43506686.39308362,1641.9837238913774
43512021.013505794,1643.1483930727486
43517355.12796062,1644.3447223363557
43522688.777581215,1645.438853147516
43528022.078239076,1646.5430364928588
43533355.00647637,1647.5736785136419
43538687.62448175,1648.4173461938356
43544020.1580559,1649.2778670813766
43549352.50156217,1650.3812318979208
43554684.48374188,1651.5723504034718
43560016.10792165,1652.683321399244
43565347.22464606,1653.8235083896216
43570677.99099468,1654.9235257254804
43576008.40390158,1655.9248662015057
43581338.47306764,1656.8522915985745
43586668.44442047,1658.048172388991
43591998.3564777,1659.0099731199437
43597327.80303606,1660.1721166995999
43602656.712563254,1661.3770290501584
43607985.09422857,1662.502797347217
43613313.0985488,1663.619914763934
43618640.6978158,1664.7085019386539
43623967.89472087,1665.6079505591317
43629294.96140732,1666.4774161541218
43634621.83291933,1667.5121914559838
43639948.292891264,1668.8208958482721
43645274.36662469,1669.9830568289347
43650599.921884015,1671.0909326688106
43655925.06912602,1672.2488165451289
43661249.821489535,1673.3038174279575
43666574.1381397,1674.2606950569184
43671898.3000408,1675.396530520434
43677222.42223477,1676.4799533700573
43682546.09026903,1677.5802888531457
43687869.189122,1678.8098718917117
43693191.68517745,1680.0255398429604
43698513.74200591,1681.163218092062
43703835.35088739,1682.3274392379396
43709156.46119199,1683.324090852791
43714477.36437902,1684.2353656026
43719798.06738149,1685.250875178672
43725118.371710636,1686.505732486118
43730438.22993075,1687.7275426037922
43735757.53225139,1688.9590130406978
43741076.29931966,1690.1831204275793
43746394.65143928,1691.3038483066737
43751715.631532915,1680.090139732749
43757039.421370246,1681.1528879232505
43762365.75878261,1669.9536475160603
43767695.45780265,1670.9482545918484
43773024.095363334,1670.9450248538546
43778360.26186616,1663.2376371982864
43783694.31160787,1663.3206386705936
43789035.75177152,1655.047834055464
43794375.41747077,1655.2075957169968
43799722.30768982,1646.2036360040852
43805068.09894034,1646.4228943018916
43810420.75691158,1637.3410409532235
43815772.49546665,1637.9055635907448
43821130.576356135,1628.5673150652945
43826488.12369456,1629.3807974503165
43831845.474884175,1630.1333726194066
43837202.59090042,1630.8017604924225
43842559.59762676,1631.5033830647822
43847916.751016006,1632.3573947059654
43853273.825262755,1633.0728808961296
43858630.53705787,1633.9485333415714
43863986.85235825,1634.862926142795
43869342.879859045,1635.644873421491
43874698.69900925,1636.468846729838
43880054.24058157,1637.194942427073
43885409.654477894,1637.7231049193615
43890765.109426446,1638.3794456794894
43896120.46020049,1639.1619056169652
43901475.58579395,1640.0310832759992
43906830.43879628,1640.844570354489
43912184.983310424,1641.6832407999914
43917539.30192468,1642.4245419139654
43922893.4100185,1643.109523703683
43928247.33919518,1643.7628986704717
43933601.37485311,1644.587106470654
43938955.40554024,1645.2684165751293
43944309.06777911,1646.10248945427
43949662.32744643,1647.0172251578667
43955015.28245885,1647.7861683256103
43960367.98400642,1648.6416851917181
43965720.41443865,1649.3571678658714
43971072.68242468,1649.8975861579365
43976424.97158175,1650.4752922782197
43981777.18358795,1651.2591629147882
43987129.1339965,1652.1353415375027
43992480.8107241,1652.953020200683
43997832.143175684,1653.7608492848951
44003183.26756969,1654.533044401461
44008534.12826814,1655.201513779784
44013884.801238135,1655.7986761311445
44019235.536574595,1656.6623739589181
44024586.305149704,1657.2678754139672
44029936.72465768,1658.0859627144866
44035286.75394373,1658.9681034217044
44040636.407283284,1659.740957431623
44045985.834401965,1660.5263461175205
44051334.977769665,1661.2593047434657
44056683.88803317,1661.794728299804
44062032.823616184,1662.360450523563
44067381.65400041,1663.030037053345
44072730.30430268,1663.8790604036026
44078078.71550032,1664.7064118643166
44083426.70519883,1665.49420368177
44088774.483484074,1666.2424259028512
44094122.00392262,1666.9118304234491
44099469.28603065,1667.5096033394213
44104816.592805594,1668.3413296415872
44110163.9681512,1668.9878147151635
44115510.988704145,1669.784501147132
44120857.61122775,1670.637602129687
44126203.831093155,1671.4204017348725
44131549.80151684,1672.1908889968313
44136895.46480649,1672.9639027079147
44142240.86351888,1673.5256961926773
44147586.24766767,1674.061921036736
44152931.59070764,1674.7095102545336
44158276.66817279,1675.638588717559
44163621.47291218,1676.4357952509802
44168965.88948177,1677.1881544145517
44174310.04410153,1677.968953448406
44179653.941734076,1678.6522988042982
44184997.556561194,1679.2410919983386
44190341.1625715,1680.0013039558012
44195684.827416636,1680.7065762267994
44201028.21195844,1681.4182234248003
44206371.17268994,1682.2459874212846
44211713.69856847,1683.084715459519
44217055.93461062,1683.8272483208586
44222397.89654804,1684.589992290271
44227739.51679989,1685.1877964297696
44233081.097481936,1685.7138592400167
44238422.6121652,1686.3408996064313
44243763.868778385,1687.1607345220182
44249104.897769146,1687.9564621832885
44254445.54773045,1688.7476121400891
44259785.845543295,1689.5253573248433
44265125.896310516,1690.1880102505124
44270465.64738512,1690.8051951670707
44275805.32241184,1691.551202059668
44281145.03918554,1692.2877545105416
44286484.52772272,1692.9955670020822
44291823.56262583,1693.8168941581346
44297162.12697844,1694.672044187489
44302500.37473017,1695.4033832801001
44307838.32706973,1696.187797095934
44313175.90618756,1696.8651766424102
44318513.363084376,1697.3823919967676
44323850.738428175,1698.0489963751354
44329187.91037812,1698.8085571189572
44334524.8005473,1699.629200641572
44339861.29657902,1700.4276996360522
44345197.43865068,1701.2435567883167
44350533.26987521,1701.947368945257
44355868.79873415,1702.5978485235628
44361204.12116813,1703.3096085607015
44366539.49494255,1704.0401323524707
44371874.7115093,1704.7283053389922
44377209.467908114,1705.536619619037
44382543.73268756,1706.3948075213862
44387877.62246125,1707.1342081250975
44393211.20579227,1707.92978574477
44398544.40368024,1708.6321371449544
44403877.39409232,1709.166883129916
44409210.304558486,1709.8105754810013
44414543.03347844,1710.5594317891637
44419875.42170874,1711.4099537358236
44425207.424644984,1712.2145280219897
44430539.02735462,1713.0362150090916
44435870.28821861,1713.7797486996697
44441201.22773149,1714.4699746455558
44446531.88336552,1715.1405884881
44451862.551033534,1715.9659824165517
44457193.15551297,1716.606256215342
44462523.23875241,1717.4424906852694
44467852.833521016,1718.3527869903467
44473181.95533762,1719.1241510127295
44478510.75080731,1719.9446491783242
44483839.14233761,1720.7011809267128
44489167.21154806,1721.2941789509687
44494495.21373721,1721.9131282705116
44499822.94530365,1722.716754668505
44505150.34447613,1723.6072326076746
44510477.38756558,1724.443471143376
44515803.913580954,1725.294992187926
44521130.07661877,1726.0834226945146
44526455.88790645,1726.819218184748
44531781.35030534,1727.5054978827868
44537106.71872878,1728.4058507054647
44542432.02191525,1729.0723556413132
44547756.84650014,1729.9338136932518
44553081.14484652,1730.8387540641797
44558404.90117263,1731.6743072150377
44563728.268728696,1732.5216860707267
44569051.22598106,1733.3384374144796
44574373.76679012,1734.0135149202658
44579696.173247665,1734.6623179843243
44585018.34130686,1735.4505801338337
44590340.07664027,1736.4535541887183
44595661.420398034,1737.3389435966656
44600982.24995071,1738.1871263908727
44606302.65028016,1739.0813638288446
44611622.63822155,1739.892916282668
44616942.17656249,1740.6128760557635
44622261.558090776,1741.489430432842
44627580.866035394,1742.310534613257
44632899.72846522,1743.1300785655271
44638218.00891089,1744.077199695389
44643535.672263846,1745.0297201342996
44648852.87956618,1745.9129478439895
44654169.62255304,1746.8319067483321
44659485.850331165,1747.6091282748791
44664801.844964474,1748.323003995758
44670117.61721145,1749.1089065484211
44675432.93635052,1750.093232928738
44680747.81306629,1751.06319569244
44686062.11716605,1752.0484178917643
44691375.86818458,1753.032093872971
44696689.17546463,1753.926333307782
44702004.77598858,1743.6714907466942
44707323.46374342,1744.5060399112667
44712641.54401896,1744.1646838977397
44717967.400263384,1736.8464953028245
44723290.953600585,1736.8210739706553
44728621.60777953,1729.1298416555442
44733950.488251746,1729.209823966904
44739286.28910365,1721.0085897253432
44744620.76374866,1721.1496311071526
44749961.89461731,1712.3298949205848
44755302.43315943,1712.5130457049527
44760649.24965009,1703.6196012320656
44765995.65648865,1704.0485051282355
44771347.81023725,1694.9344436694334
44776699.85895825,1695.3526279823093
44782057.458633065,1685.9599629239544
44787415.37529971,1686.281608880719
44792778.63946883,1676.6773947050283
44798142.94467611,1677.1944108172293
44803507.210015506,1677.6138117956361
44808871.17424748,1678.1590183153344
44814234.79628184,1678.7563793486086
44819598.16703918,1679.2582340397776
44824961.36379613,1679.7875368603025
44830324.3230131,1680.2211665110312
44835687.18882461,1680.4933975447448
44841050.12217148,1680.8402897638612
44846413.002634674,1681.32967432216
44851775.684886694,1681.9124734244995
44857138.13981278,1682.434074946343
44862500.3384633,1682.9736938900053
44867862.341099225,1683.4279356516408
44873224.17240286,1683.8333806784976
44878585.876733124,1684.206803472153
44883947.73221369,1684.7231957696063
44889309.63881824,1685.126401482045
44894671.20942885,1685.6489111420772
44900032.42776252,1686.2510224380305
44905393.38234922,1686.7311860124285
44910754.12592355,1687.2885544905735
44916114.64828749,1687.7216768530318
44921475.042771384,1688.0095091863577
44926835.50188089,1688.3221588577785
44932195.89719567,1688.8422819765026
44937556.08602012,1689.4056274595305
44942916.048151,1689.917586778058
44948275.7242249,1690.4385687610832
44953635.21695578,1690.914995955662
44958994.51582977,1691.3085952145348
44964353.67320496,1691.6602066587807
44969712.92194781,1692.2079155716958
44975072.26500466,1692.5337815117803
44980431.29030286,1693.053667957318
44985789.97895403,1693.6384264780202
44991148.348796226,1694.119187507055
44996506.527945064,1694.6432021784383
45001864.47821912,1695.0869638390948
45007222.25386588,1695.3667439916242
45012580.08959812,1695.6646910322813
45017937.88321196,1696.103286084708
45023295.48850292,1696.6555116050502
45028652.870001696,1697.1701389989153
45034009.934682064,1697.6748685581915
45039366.82808589,1698.1615096764901
45044723.507431425,1698.5502407031079
45050080.019435294,1698.874841679395
45055436.60642349,1699.4061833683415
45060793.283039376,1699.7349433996128
45066149.67654534,1700.2313812146158
45071505.7452255,1700.7818056220779
45076861.47031392,1701.264040180921
45082216.99732706,1701.744085173355
45087572.304949924,1702.191358340026
45092927.38846119,1702.4891238891987
45098282.527125135,1702.7737814044176
45103637.60169826,1703.1735758094455
45108992.52961144,1703.7129828065304
45114347.24848026,1704.2319915601997
45119701.61454431,1704.752278641734
45125055.784731306,1705.213114153903
45130409.772720285,1705.621775029143
45135763.523108006,1705.9306506883559
45141117.34330178,1706.3885913595507
45146471.266114704,1706.782362760962
45151824.94614022,1707.1972506254137
45157178.284884006,1707.7255150052629
45162531.26469883,1708.2257877622098
45167884.02398968,1708.6940820518892
45173236.5581281,1709.1484581701748
45178588.85291162,1709.4550221048166
45183941.16225366,1709.7116872871522
45189293.48982426,1710.0604299185197
45194645.57373318,1710.6498584935173
45199997.46311745,1711.1600543064078
45205349.04649836,1711.63720038158
45210700.368458994,1712.1193597129807
45216051.49463259,1712.4948062183137
45221402.38630764,1712.8154229380102
45226753.28595932,1713.2662895669935
45232104.307481095,1713.6643741008181
45237455.1271826,1714.0992738007865
45242805.58331837,1714.6104390560213
45248155.638411075,1715.1277965006516
45253505.48513873,1715.5704352131838
45258855.096798874,1716.0512527399483
45264204.42674774,1716.3755490915348
45269553.74436362,1716.6356771251276
45274903.05931641,1716.9767432412486
45280252.17252672,1717.4880667737023
45285601.09462137,1717.9820983752372
45290949.68457675,1718.4773334214824
45296297.98939507,1718.9518171583672
45301646.11046692,1719.3557731761155
45306993.96553209,1719.6852038130835
45312341.77635419,1720.0889666023695
45317689.73693205,1720.5374437308596
45323037.51681486,1720.9097879524031
45328384.944249175,1721.4086742452937
45333731.96454862,1721.9329722569696
45339078.695995264,1722.413285834244
45344425.19541935,1722.8831276021306
45349771.40694659,1723.246719352642
45355117.52902093,1723.4937705757322
45360463.650997244,1723.809822602645
45365809.61511337,1724.314658928114
45371155.30676369,1724.8720859225366
45376500.66895044,1725.3522978387089
45381845.786217496,1725.8389660486316
45387190.63953746,1726.2486274624962
45392535.24951967,1726.5966832859963
45397879.7261792,1726.9784945521594
45403224.32798483,1727.3988779633942
45408568.832658246,1727.7749342107686
45413912.96953122,1728.2624267665522
45419256.69403167,1728.796084125062
45424600.10218169,1729.2332130664595
45429943.28553679,1729.713321678898
45435286.15496832,1730.1176791819973
45440628.881866045,1730.3646170169598
45445971.601742916,1730.7079680493434
45451314.20057603,1731.1541280925599
45456656.5215029,1731.6850860741076
45461998.53663576,1732.1641988928095
45467340.2311016,1732.6609572689954
45472681.66468095,1733.0815780777816
45478022.855253346,1733.4627003643232
45483363.84806828,1733.8129636634767
45488704.933961175,1734.2877813059717
45494046.0138871,1734.6366268918232
45499386.673934944,1735.121420312583
45504726.92120724,1735.6916342235988
45510066.81770853,1736.1265262192278
45515406.447482586,1736.6510027609788
45520745.75915707,1737.073047893536
45526084.851159975,1737.3397631064322
45531423.94138802,1737.6439010560603
45536762.87449103,1738.051541228088
45542101.612933464,1738.5641902521895
45547440.062305175,1739.107513898958
45552778.09279482,1739.6151912440448
45558115.888039626,1740.054254211194
45563453.393510126,1740.4456397837016
45568790.646447964,1740.7678706474346
45574127.942013316,1741.2971066108605
45579465.25329845,1741.6438934376083
45584802.17317209,1742.1350561055556
45590138.67270372,1742.6742998326717
45595474.77105282,1743.1473706658785
45600810.582385674,1743.6559187102516
45606146.09054711,1744.1076438785667
45611481.296168186,1744.4190949396766
45616816.489093564,1744.730013869976
45622151.526157,1745.1247027067222
45627486.33716911,1745.6687886726932
45632820.839047454,1746.2047493544571
45638154.8983129,1746.71129582818
45643488.6989626,1747.1983976328022
45648822.211367704,1747.6395882440956
45654155.39973163,1747.9777148192006
45659488.57736027,1748.4639228784426
45664821.76944924,1748.8837094103778
45670154.625712715,1749.3196271197244
45675487.05453073,1749.8650413607581
45680819.008241296,1750.3921508027197
45686150.68121277,1750.8771461893652
45691482.011213966,1751.4010567206403
45696812.9817244,1751.757551131544
45702143.87654654,1752.0705083940243
45707474.67641146,1752.4655409710197
45712805.17850908,1753.094182555602
45718135.35749533,1753.6321618092595
45723465.08623389,1754.1596142242229
45728794.48063952,1754.6973901558558
45734123.581839606,1755.1739209783234
45739452.310870655,1755.5607780214539
45744780.92234661,1756.0437524007177
45750109.57580233,1756.520925546773
45755437.94268783,1756.978099430318
45760765.84245758,1757.541954591231
45766093.220237665,1758.1394144971641
45771420.2546891,1758.6430013676597
45776746.936017595,1759.2088865256962
45782073.209373996,1759.6397172269167
45787399.32764662,1759.9810327014177
45792725.30086451,1760.360780337515
45798051.07028698,1760.9158036951696
45803376.48424043,1761.5524958170097
45808701.416699395,1762.140900610952
45814025.93748944,1762.7242794495644
45819350.11955965,1763.2292979370022
45824673.930904664,1763.7035587136675
45829997.487307936,1764.214389177584
45835321.054283515,1764.724974438298
45840644.39049665,1765.203779964555
45845967.230150044,1765.7884677378813
45851289.52321005,1766.4297505726506
45856611.36483765,1766.9897082221091
45861932.84545923,1767.592390427824
45867253.87009486,1768.136436475583
45872574.61337691,1768.5264351356723
45877895.231932215,1769.0143639687408
45883215.56944093,1769.5909191728133
45888535.46961002,1770.2688667035952
45893854.91438285,1770.8921801464119
45899173.89330036,1771.536254610811
45904492.45385855,1772.1260178774255
45909810.60913577,1772.6602350063786
45915128.42834655,1773.185966378069
45920446.14494985,1773.8816748038525
45925763.68838709,1774.324814045074
45931080.70533444,1774.9942020133124
45936397.12594003,1775.7013896312367
45941713.01784564,1776.3266952602944
45947028.446335874,1777.038427143078
45952343.3991516,1777.674563557126
45957657.927426085,1778.1837528614249
45962972.28123515,1778.700814040098
45968286.33324878,1779.3516648547145
45973599.91796652,1780.0994752493548
45978913.0030513,1780.8554548478478
45984225.469723076,1781.5876196672707
45989537.51068271,1782.2888289121984
45994849.04631948,1782.9359452957406
46000160.11254666,1783.5435470126301
46005470.97115587,1784.3383656790716
46010781.67392943,1784.9343821270827
46016094.99618684,1775.083508433316
46021410.72571816,1775.7944222021238
46026725.19167421,1775.2458012659763
46032047.51390527,1768.318535426021
46037367.476931415,1767.9482021485312
46042694.84685802,1760.3730800652968
46048020.569780245,1759.952194572378
46053353.59053562,1751.9913363569708
46058685.12002089,1751.9964594141222
46064023.4104819,1743.7564953258222
46069360.5988791,1743.786755321862
46074704.09814187,1735.2173208508623
46080047.022749916,1735.2068327259503
46085395.94107938,1726.215360055453
46090744.88842014,1726.3200394686573
46096099.868728735,1717.184571421047
46101455.033235244,1717.2969393332155
46106815.46556303,1708.1156393791146
46112176.2227589,1708.32944115114
46117542.14007323,1698.9613480737667
46122908.87424465,1699.2179069365775
46128275.3997602,1699.3277966723508
46133641.966323204,1699.3669646974888
46139008.58916497,1699.5058082596365
46144375.08261184,1699.8457433658432
46149741.418064445,1700.1254960486465
46155107.47910253,1700.3800795511606
46160473.33946521,1700.6266783753128
46165839.06108286,1700.7898410279354
46171204.6157205,1700.8913937058994
46176570.22132596,1701.1021392161067
46181935.97717164,1701.2871978706585
46187301.640176125,1701.4660990706486
46192666.993153,1701.745994284113
46198032.011742964,1702.0601576660147
46203396.85472799,1702.2799687566476
46208761.52401019,1702.538379637678
46214125.97053695,1702.6578121106818
46219490.428603165,1702.6856469037402
46224854.95072886,1702.7502056120227
46230219.38552126,1703.0400825178588
46235583.62893897,1703.373765957579
46240947.61196746,1703.6176187055603
46246311.42979577,1703.8730880830103
46251675.04943942,1704.0346006340824
46257038.51040939,1704.1406604731992
46262401.94901954,1704.323103955123
46267765.56742298,1704.4853980055595
46273129.13348573,1704.6425233935333
46278492.405895874,1704.900277630699
46283855.343281105,1705.2075825402953
46289218.05553885,1705.4162195206873
46294580.63156212,1705.6572083413987
46299942.95308841,1705.8067002919156
46305305.26786937,1705.808558589869
46310667.617048435,1705.8758786020717
46316029.93363973,1706.0947274028479
46321392.070939906,1706.4352273378004
46326753.945328906,1706.6835490814422
46332115.61704046,1706.914675684859
46337477.106443085,1707.082879671486
46342838.413163945,1707.1885156934336
46348199.669247314,1707.3203744995153
46353561.11082358,1707.5111648740478
46358922.51921971,1707.6350942247516
46364283.641549855,1707.883145555068
46369644.431270435,1708.180450706511
46375004.975267805,1708.3785166652178
46380365.369645126,1708.6213718222934
46385725.51825631,1708.774336094225
46391085.60622929,1708.7792856302874
46396445.73936372,1708.8466240030916
46401805.84740022,1709.071177267559
46407165.76399128,1709.381358982242
46412525.42670969,1709.607456617552
46417884.84937208,1709.8336607131005
46423244.09693604,1709.9939585570457
46428603.168160535,1710.1173144155043
46433962.15116548,1710.2159777765937
46439321.31892908,1710.4330172878992
46444680.46733714,1710.525671271014
46450039.346807025,1710.7575662120148
46455397.889040925,1711.047403080485
46460756.15178206,1711.2563015004482
46466114.25765313,1711.494240059046
46471472.126457885,1711.6624332146253
46476829.864523046,1711.6767233282296
46482187.68546235,1711.7492053754413
46487545.4072802,1711.9180900754534
46492903.0130508,1712.1880955012596
46498260.40923626,1712.4519721119295
46503617.47935774,1712.6835334611822
46508974.40192619,1712.8459068359027
46514331.13659236,1712.969370265779
46519687.72777114,1713.0467421881995
46525044.46992497,1713.2650401523085
46530401.302748635,1713.3379850311305
46535757.81095843,1713.5593706665366
46541113.98754952,1713.8482625099487
46546469.885245815,1714.0345351651954
46551825.57448536,1714.2851922499412
46557181.05145512,1714.4571217048165
46562536.36332397,1714.486764043429
46567891.745280996,1714.521272746091
46573247.06469062,1714.7249837371292
46578602.20842595,1715.0047904025544
46583957.13938624,1715.2387052091299
46589311.75575285,1715.4637884792662
46594666.18672762,1715.6474500436775
46600020.44127782,1715.7647909370921
46605374.53495945,1715.840381883799
46610728.73010018,1716.0819973551863
46616083.03368255,1716.132812875535
46621437.03563555,1716.3376782872856
46626790.728553504,1716.6190006962531
46632144.091946095,1716.828434438305
46637497.260282785,1717.0579217289894
46642850.21310485,1717.2392661695062
46648202.93892487,1717.2701805608508
46653555.741487764,1717.3022335572462
46658908.47622072,1717.41967928424
46664261.08086073,1717.6997243952833
46669613.46255358,1717.9502358736115
46674965.50985219,1718.157512856378
46680317.38940951,1718.3606375065558
46685669.05812576,1718.4996402741142
46691020.52351422,1718.5464275171748
46696372.085926466,1718.7769079477507
46701723.722493246,1718.8630971687546
46707075.15698755,1719.0123056577204
46712426.2372234,1719.2685232175636
46717776.96027555,1719.5300798798391
46723127.46101246,1719.7349887538885
46728477.74560758,1719.9322285656297
46733827.78308464,1719.9910306433353
46739177.849533774,1719.9896363933206
46744527.91306991,1720.1137667045298
46749877.737239495,1720.4123738547987
46755227.39285063,1720.6420063729383
46760576.75063726,1720.881343199986
46765925.85151495,1721.096291498341
46771274.77078865,1721.2185988102547
46776623.45365639,1721.2763917533252
46781972.159906104,1721.4586694197008
46787321.00170969,1721.5700633952233
46792669.64623928,1721.7222941036134
46798017.95378983,1721.9663007775216
46803365.869621076,1722.2161289049227
46808713.5827647,1722.408295068292
46814061.06278127,1722.6321346588716
46819408.27346102,1722.706237749765
46824755.47505882,1722.7175443911
46830102.67731105,1722.8200255379131
46835449.68137438,1723.0850960619523
46840796.497470714,1723.3210086283768
46846142.974819236,1723.5535280545407
46851489.18862589,1723.7635547806626
46856835.21853437,1723.9120989599417
46862180.993618645,1723.9818602934977
46867526.74155432,1724.1363551799707
46872872.64127139,1724.3071378544541
46878218.36803664,1724.4180854306019
46883563.758152395,1724.6600951017738
46888908.75259714,1724.9310623401484
46894253.451139614,1725.163914474874
46899597.93596149,1725.3861370070333
46904942.12558957,1725.5059470986964
46910286.239222914,1725.5103384628044
46915630.3605972,1725.5621868282317
46920974.33406685,1725.8297649351325
46926318.03027227,1726.1343567809338
46931661.408254534,1726.3582185281023
46937004.5473556,1726.6033048909017
46942347.42778172,1726.7588634239107
46947690.069452755,1726.8630685480512
46953032.59152069,1726.992148035841
46958375.25112784,1727.1526363352032
46963717.81502004,1727.2585156759274
46969060.030113734,1727.4917757489613
46974401.84370407,1727.7804643256072
46979743.336040646,1727.9753870125203
46985084.617839485,1728.218591960414
46990425.584475644,1728.3872639281162
46995766.41096445,1728.394671316507
47001107.24814288,1728.4991200031814
47006447.94448114,1728.7234649666514
47011788.36121039,1729.012824824612
47017128.48705323,1729.2363709124706
47022468.2954066,1729.4874727793037
47027807.849758685,1729.6568673533113
47033147.164686,1729.793446922727
47038486.29291196,1729.8942013374008
47043825.5188395,1730.123354169427
47049164.752938494,1730.2146705930083
47054503.56998405,1730.4530409517888
47059841.9919715,1730.788519950822
47065180.05311423,1730.9882706692524
47070517.861145005,1731.26678219215
47075855.35761722,1731.4600295757255
47081192.618478216,1731.498145693332
47086529.90500945,1731.5804530448452
47091867.01561316,1731.7524489402615
47097203.9277996,1732.0452762084715
47102540.55500163,1732.348657136379
47107876.77629822,1732.6041030564245
47113212.76062828,1732.8009165178507
47118548.468249716,1732.9509343540217
47123883.92684387,1733.0475663074008
47129219.444972955,1733.3259340819347
47134554.99863007,1733.421231501025
47139890.15550294,1733.6613353821162
47145224.91208165,1733.9796255408753
47150559.26270579,1734.2277194927285
47155893.330537535,1734.5105382188733
47161227.097945064,1734.7403835691866
47166560.546414055,1734.8265837142112
47171893.996142,1734.9109851067142
47177227.29447023,1735.0829295309684
47182560.37109645,1735.415904380579
47187893.133016266,1735.7167834435934
47193225.46611116,1736.0366254348442
47198557.50858536,1736.2885338203132
47203889.291514665,1736.4993206417353
47209220.74158472,1736.6124461704014
47214552.17277195,1736.8722457735882
47219883.66086634,1737.0145277028007
47225214.83873631,1737.2554482008318
47230545.57880091,1737.571582495116
47235875.818177715,1737.8998336516006
47241205.7729504,1738.1692910153702
47246535.3886718,1738.4893124932198
47251864.64068529,1738.6328648062683
47257193.817636736,1738.7296476922975
47262522.89097055,1738.9141344395325
47267851.682385005,1739.270034066961
47273180.17413369,1739.5845647451215
47278508.22179236,1739.9255157695034
47283835.90690309,1740.2250700754535
47289163.31592261,1740.4501584306947
47294490.36012593,1740.6094343374218
47299817.307496935,1740.911394436398
47305144.26840195,1741.1450287270213
47310470.97892718,1741.37743300587
47315797.203766644,1741.7209940340458
47321122.91324622,1742.1192056323139
47326448.25691782,1742.4112395408406
47331773.271024935,1742.7632680163854
47337097.8455017,1743.0260303590708
47342422.26695723,1743.1426751244448
47347746.56871139,1743.3785403673999
47353070.592918746,1743.738392100478
47358394.24205719,1744.1430851289786
47363717.46353922,1744.4809704662368
47369040.31851416,1744.874047735313
47374362.78846275,1745.1690352088938
47379684.89565575,1745.4191629025363
47385006.75142895,1745.6974777381993
47390328.627897985,1746.0105862205055
47395650.28172219,1746.2594025482424
47400971.45765214,1746.649645674776
47406292.08250435,1747.097539735058
47411612.23476981,1747.473671274586
47416932.03296016,1747.8860261394054
47422251.366806574,1748.2211134665824
47427570.41246572,1748.40523708927
47432889.32375114,1748.639082858698
47438207.99300545,1749.040227066093
47443526.22429324,1749.5409432624147
47448843.97683069,1749.9810951677937
47454161.256760634,1750.4147899882119
47459478.172226876,1750.8270901472033
47464794.62495574,1751.162171843499
47470110.716343485,1751.4611252179923
47475426.75113597,1751.919860237664
47480742.66605944,1752.2032161192194
47486057.9899065,1752.670344765844
47491372.736652836,1753.2200017583114
47496686.9288186,1753.673205229038
47502000.66813497,1754.2168981230022
47507313.93108224,1754.668927353785
47512626.73472936,1754.9792136333795
47517939.37833686,1755.3124282265617
47523251.67806381,1755.738410093841
47528563.59287598,1756.321098017437
47533874.99776153,1756.8622287083806
47539185.791475795,1757.3962931371643
47544496.13987201,1757.9390994566018
47549805.99407204,1758.396310390435
47555115.369385645,1758.8124905414488
47560424.54666618,1759.4504017492604
47565733.52758852,1759.8753557613284
47571042.00300386,1760.3954794598558
47576349.7922701,1761.0385597724276
47581658.48224874,1750.5783819798205
47586971.32448136,1751.03661614219
47592283.365834,1750.9921426700835
47597602.123679504,1741.751701182179
47602919.777552396,1741.5748315070257
47608243.93219706,1731.8936681368102
47613567.32936159,1732.1103147129093
47618896.523528025,1722.1688564701903
47624225.36159044,1722.2932055975061
47629559.52578601,1712.0275059271314
47634894.04789255,1712.0930390350316
47640233.41523475,1701.418446240492
47645573.840032384,1701.4819204195655
47650919.11338402,1690.674257302068
47656265.72932314,1690.6675465157202
47661616.32503044,1679.8613827250492
47666968.471730664,1679.9807685692608
47672324.384926304,1669.0319140080953
47677682.40231644,1669.074419814307
47683043.840694934,1657.9278256613695
47688407.91881322,1657.6872291194743
47693772.045686185,1657.5614925739762
47699136.04411257,1657.6304875693293
47704499.88298449,1657.6585468028725
47709863.49351521,1657.6643332634505
47715226.898026876,1657.704104361973
47720590.14498738,1657.6017366772687
47725953.22135398,1657.4821136970693
47731316.290578015,1657.4026222936286
47736679.58606946,1657.2727524282025
47742042.78018003,1657.1618593768005
47747405.70550002,1657.1766656568795
47752768.28736219,1657.2482457087892
47758130.666146696,1657.2319791270802
47763492.87483354,1657.26258116046
47768854.840996005,1657.1369923711375
47774216.81413546,1656.8881468727805
47779578.847347416,1656.6829183108007
47784940.82403302,1656.7237689095448
47790302.59338076,1656.8053321774728
47795664.117796354,1656.794906200143
47801025.4561636,1656.824690484546
47806386.60222504,1656.7311802694414
47811747.57981106,1656.5972210589962
47817108.51548234,1656.4932125945707
47822469.65293026,1656.401026522631
47827830.75366993,1656.2464356783867
47833191.56713273,1656.2492734531293
47838552.044971325,1656.3322099101947
47843912.28989878,1656.304570975858
47849272.37189439,1656.3328925693788
47854632.20902908,1656.2283543627188
47859991.99859929,1655.9721754733084
47865351.84900232,1655.767700200974
47870711.638478234,1655.7919176493754
47876071.239895485,1655.8757601808081
47881430.61430409,1655.8567258620014
47886789.75815293,1655.8583688394522
47892148.714666754,1655.7592035258067
47897507.48838225,1655.6069992916982
47902866.204470195,1655.462871475917
47908225.1331191,1655.4498908762964
47913584.024523534,1655.2544887782194
47918942.64123856,1655.260606033278
47924300.9162075,1655.3469041507576
47929658.91038721,1655.318938966975
47935016.752960265,1655.3522396950805
47940374.34731269,1655.281156694245
47945731.834898695,1655.0213669326906
47951089.39061704,1654.8314971292657
47956446.911361314,1654.733768722699
47961804.26657797,1654.8154016475967
47967161.375476636,1654.8755380851555
47972518.20125114,1654.8533068806537
47977874.897261135,1654.7999427214022
47983231.37056407,1654.6581053559803
47988587.73027948,1654.4662607062055
47993944.27031234,1654.4744194030993
47999300.84949753,1654.2692675731048
48004657.15140066,1654.2566543269431
48010013.1029245,1654.3199771042905
48015368.77987232,1654.3042414087788
48020724.24445497,1654.3159563672236
48026079.50573482,1654.2572628715359
48031434.59730352,1654.02541939156
48036789.77544752,1653.8033671386631
48042144.870513216,1653.7467161962022
48047499.823161125,1653.832544659886
48052854.570320785,1653.855331732199
48058208.99876676,1653.8382511716004
48063563.252567045,1653.764831954277
48068917.32452695,1653.6327352564579
48074271.23126822,1653.4492361428038
48079625.28838743,1653.4528674111257
48084979.450006284,1653.2596767602968
48090333.29969011,1653.2238230378616
48095686.824439086,1653.2874955791406
48101040.03177696,1653.2942042283603
48106393.03986846,1653.3135133652268
48111745.83690898,1653.2845005247873
48117098.41201257,1653.0573690279136
48122451.058627374,1652.8452294092817
48127803.64149433,1652.7351087776924
48133156.07310446,1652.8377319582248
48138508.28792828,1652.856542669183
48143860.18435303,1652.8241025663497
48149211.899033286,1652.801399270355
48154563.41280371,1652.6646072080337
48159914.74150678,1652.4770952011543
48165266.163417585,1652.5214981628446
48170617.71069337,1652.3031738665286
48175969.02917548,1652.2723174357957
48181319.98357094,1652.3305609972115
48186670.5478444,1652.3976500609206
48192020.92094006,1652.3983734075273
48197371.06619292,1652.4073711424312
48202720.94116996,1652.2160098546685
48208070.87584892,1651.9800218816745
48213420.74933222,1651.878400948624
48218770.4324322,1651.9424851058222
48224119.97089641,1651.9339230554485
48229469.1799515,1651.9789679930072
48234818.142710574,1651.958170276855
48240166.93532668,1651.860834713442
48245515.48925578,1651.6813587845836
48250864.0833707,1651.6458071490536
48256212.827305846,1651.4784963523093
48261561.35955232,1651.3774445905556
48266909.55614143,1651.4244805674607
48272257.36326361,1651.4713252272732
48277604.95070491,1651.4724922392352
48282952.31180766,1651.472870096059
48288299.39852258,1651.3123842826149
48293646.48505332,1651.0599167066246
48298993.561351806,1650.9483739780128
48304340.45190832,1651.0632399445622
48309687.13910292,1651.1005874971042
48315033.47290548,1651.091626861282
48320379.57148554,1651.0719495971912
48325725.470674686,1650.9822923660756
48331071.13101889,1650.8109708989455
48336416.787072636,1650.7653286652971
48341762.58416805,1650.6498935106936
48347108.23389516,1650.5306301472624
48352453.51015852,1650.5787072375363
48357798.38219094,1650.6808406059974
48363142.94923891,1650.6823872520206
48368487.32985906,1650.7173967298588
48373831.38818732,1650.6348821456293
48379175.386355594,1650.3839124467856
48384519.39572754,1650.2659276514194
48389863.20472573,1650.3388148808394
48395206.77430094,1650.4082355683397
48400550.04926806,1650.3934364633078
48405893.05762369,1650.4561196912962
48411235.81180659,1650.3689137606111
48416578.33640094,1650.2561423015507
48421920.75626512,1650.1839171714903
48427263.32625497,1650.1074403837647
48432605.78991452,1649.9641787341136
48437947.88942727,1649.9963987341648
48443289.575866185,1650.1173512317102
48448630.9512205,1650.108233853975
48453972.10368714,1650.1765621744041
48459312.92596211,1650.1115504067002
48464653.63017278,1649.8708637051839
48469994.32062359,1649.728338596186
48475334.887699805,1649.7920998551463
48480675.1964781,1649.8927596693088
48486015.21558479,1649.9042143350366
48491354.89723562,1649.9461209426674
48496694.34402801,1649.882990347945
48502033.542155586,1649.798255701577
48507372.56730298,1649.6839132304945
48512711.726113796,1649.692067283335
48518050.84861786,1649.5727493318814
48523389.57895961,1649.5999947581363
48528727.87042917,1649.7544888948044
48534065.82759682,1649.7734551361248
48539403.50117504,1649.8882955890558
48544740.86863438,1649.880112999269
48550078.01755062,1649.6604982444776
48555415.171039745,1649.5066946478564
48560752.18498411,1649.4603430955904
48566089.000808455,1649.5799184163834
48571425.50681089,1649.6968634347254
48576761.617298186,1649.7477290664094
48582097.50340884,1649.7536651614014
48587433.092429735,1649.6808062663206
48592768.43717954,1649.5481923247162
48598103.8669706,1649.6320512717552
48603439.31282903,1649.4871433748483
48608774.36762866,1649.529616233778
48614108.99924813,1649.6719475569062
48619443.22571064,1649.756473203798
48624777.1658467,1649.8631683179237
48630110.803887375,1649.917943702789
48635444.1195302,1649.7554849187327
48640777.43829508,1649.62057278937
48646110.59313161,1649.5860006700855
48651443.52635055,1649.7894071378623
48656776.1558347,1649.9011310841665
48662108.333002,1649.9756877375808
48667440.26514605,1650.0389727667502
48672771.89730578,1650.045210871878
48678103.217645526,1649.9354768772164
48683434.54991286,1650.0088261870924
48688765.93668825,1649.9295985631124
48694096.96652212,1649.9686047792543
48699427.57026606,1650.1355279878037
48704757.67150639,1650.2768990749619
48710087.49970684,1650.384605059553
48715416.9692116,1650.515050306755
48720746.0774196,1650.436059963579
48726075.1259736,1650.2994004493294
48731404.05819644,1650.2927794140828
48736732.714660905,1650.5464485485963
48742061.06486182,1650.6905937875783
48747388.94390645,1650.824618793706
48752716.49694816,1650.9341637429166
48758043.76442768,1650.980384325063
48763370.656795755,1650.930381284752
48768697.4537248,1651.0476908593093
48774024.31811042,1651.0483215831025
48779350.89384259,1651.1058367753176
48784676.98108532,1651.3011176613713
48790002.52981116,1651.5458781861764
48795327.72895968,1651.7047700353357
48800652.57651149,1651.90964667581
48805976.96611597,1651.9556745492403
48811301.230905384,1651.856959288197
48816625.354303874,1651.8704837516873
48821949.227303766,1652.0943155521957
48827272.76034408,1652.3203814351798
48832595.86001092,1652.4830782377692
48837918.55285963,1652.7315983213591
48843240.86842685,1652.8232243002956
48848562.8254035,1652.895763185235
48853884.54386869,1653.0204001728785
48859206.29948807,1653.1409949948224
48864527.817904435,1653.1898220728922
48869848.826772206,1653.4385424799448
48875169.27226741,1653.7810667866115
48880489.2429308,1653.9899983910977
48885808.861718625,1654.2888517440797
48891128.00628844,1654.4626929007964
48896446.856390305,1654.4382870226998
48901765.571957715,1654.503040717075
48907084.00417205,1654.8039795716304
48912402.0127817,1655.1752870162707
48917719.5787178,1655.430015537307
48923036.65189299,1655.7259606471923
48928353.32386151,1655.9962756413242
48933669.541739754,1656.149301277488
48938985.41360521,1656.2749172610816
48944301.25000941,1656.6223506964939
48949616.920333646,1656.7470957593866
48954931.99820875,1657.0791687864637
48960246.462971084,1657.5254932460866
48965560.37598993,1657.8629578236519
48970873.82248093,1658.300363092837
48976186.78616968,1658.6368027055225
48981499.29284103,1658.7596421763703
48986811.629868746,1658.93689061994
48992123.60849917,1659.2245247600008
48997435.19451639,1659.7528517440041
49002746.282935195,1660.1834518785931
49008056.74035793,1660.581200594021
49013366.72831052,1660.9884226058055
49018676.235634394,1661.2971482189987
49023985.26242141,1661.5831325105719
49029294.09752161,1662.1026673085155
49034602.795322254,1662.348089783448
49039913.4103207,1649.193031620796
49045227.09752528,1649.6302921924016
49050539.652581766,1649.079615349644
49055859.887739025,1639.1056307572467
49061177.859935775,1638.6528522145575
49066503.049471006,1627.6878262785942
49071826.799558744,1627.080816794196
49077157.554074466,1615.5467640605561
49082487.14400376,1615.4635491474783
49087823.11970627,1603.5629075274082
49093158.30301166,1603.3414124114909
49098499.37911545,1590.9365932348567
49103840.28807172,1590.6165951736375
49109186.70694609,1577.630127715416
49114533.68084299,1577.4290389886837
49119886.14116247,1564.1313933505187
49125239.33716292,1563.812423103837
49130597.17058551,1550.5082599703333
49135955.93087536,1550.3759196134433
49141319.141706765,1536.8030094537878
49146683.8027934,1536.5622318867584
49152048.22290765,1536.1240713764225
49157412.69291059,1535.5428648476484
49162777.18524982,1535.1325457267076
49168141.55611233,1534.937466118888
49173505.82527157,1534.7537752852036
49178869.80089097,1534.5018970217573
49184233.58730299,1534.2055124638414
49189597.2236641,1533.8235681394285
49194960.64580502,1533.3544177635395
49200324.11773223,1533.0103554199204
49205687.811843395,1532.665736054777
49211051.378547125,1532.2467493328975
49216414.63326389,1532.0503514242678
49221777.53590654,1531.914024322188
49227140.18460197,1531.651980943694
49232502.691705264,1531.4405957986016
49237864.93615812,1531.0428725414108
49243227.18554069,1530.4470932466004
49248589.50290881,1530.0340804107054
49253951.67506699,1529.8341805904372
49259313.71496728,1529.5976476770666
49264675.514755,1529.3051698820543
49270037.06355651,1529.0782898738157
49275398.46670982,1528.6672182695042
49280759.6677172,1528.229262700448
49286120.846007384,1527.8409517831408
49291482.26607979,1527.494346837495
49296843.6022473,1527.0339200359197
49302204.622100346,1526.811760985901
49307565.26878605,1526.680996275869
49312925.67138579,1526.4031745580069
49318285.90257679,1526.203097240159
49323645.88418616,1525.8116718083502
49329005.82310834,1525.2015714883285
49334365.83822572,1524.7539841434682
49339725.72108154,1524.5440948852863
49345085.45846367,1524.3268385778379
49350444.96759514,1524.036133429735
49355804.20384612,1523.7923253968224
49361163.28807137,1523.37508366413
49366522.18536751,1522.9368752529833
49371881.00934322,1522.5046394110145
49377240.03846214,1522.1539097166183
49382599.07238632,1521.61220279714
49387957.77805,1521.3606024254805
49393316.12997126,1521.2493110784374
49398674.21249763,1520.9424141891577
49404032.11484571,1520.7519707418583
49409389.75455903,1520.3577152012876
49414747.31660786,1519.7368426293308
49420104.9460848,1519.1849861057362
49425462.49504456,1518.9494817638463
49430819.884199485,1518.7875008480755
49436177.01913285,1518.4791298214952
49441533.91121652,1518.2144537367435
49446890.599018395,1517.8520951622952
49452247.1085921,1517.385864634549
49457603.5051265,1516.9567398726756
49462960.08816805,1516.6615089347463
49468316.74465063,1516.1037128877454
49473673.03977051,1515.8438697139065
49479028.98104956,1515.7364621109639
49484384.59780925,1515.4643994289493
49489740.036796436,1515.2221758543194
49495095.22395538,1514.8923477027552
49500450.26212714,1514.2514105760097
49505805.38381013,1513.725399485153
49511160.45167343,1513.309921157446
49516515.37073918,1513.1482507065
49521870.05632377,1512.925239646775
49527224.42894016,1512.6147759898583
49532578.64763072,1512.2752843214093
49537932.64286387,1511.8151762038717
49543286.47713074,1511.2891825725624
49548640.482752085,1511.0169718049983
49553994.563706346,1510.4371809460822
49559348.34190635,1510.138522636501
49564701.7615895,1509.9804656777787
49570054.82861818,1509.7366330051339
49575407.70365667,1509.4763175043286
49580760.343790814,1509.1809321463984
49586112.77156617,1508.5712608942572
49591465.27343952,1508.0181836787128
49596817.716415845,1507.6725636218264
49602169.967894025,1507.580429713416
49607522.01849477,1507.2856297509077
49612873.76301352,1506.9543940958038
49618225.289067574,1506.6049610713621
49623576.642352246,1506.128697093024
49628927.8067015,1505.6200516033766
49634279.07748645,1505.3515647522927
49639630.48192119,1504.795751000407
49644981.55998701,1504.4936899062195
49650332.28356016,1504.3344094868296
49655682.61981678,1504.0636780480436
49661032.76218476,1503.8226792584571
49666382.63002727,1503.5457958959353
49671732.27778793,1502.9564935384706
49677081.98597691,1502.35475157175
49682431.65866987,1501.914090519617
49687781.15732018,1501.8180712495453
49693130.441482574,1501.5652977547115
49698479.32746607,1501.2930294174098
49703828.041241765,1500.962852368681
49709176.52418478,1500.5359932064828
49714524.77990136,1499.9814685978029
49719873.11371215,1499.7231451456123
49725221.607271954,1499.188005436417
49730569.83909804,1498.8326674385444
49735917.67923672,1498.652853095637
49741265.10622198,1498.4860024340262
49746612.28021149,1498.2401689830538
49751959.23180024,1497.979470701774
49757305.874535546,1497.4581365509125
49762652.55689979,1496.8308836061642
49767999.176347576,1496.3982445952881
49773345.602072485,1496.2135245595675
49778691.88641893,1495.9999969911219
49784037.81054711,1495.7245261034104
49789383.47890443,1495.3948697307137
49794728.91957312,1494.916732782202
49800074.13213566,1494.3866764891548
49805419.34757135,1494.1067828959372
49810764.730925165,1493.6042001931621
49816109.90528789,1493.2292444541017
49821454.677937716,1493.0311527068252
49826799.002896614,1492.8878780756163
49832143.07661381,1492.5781115860395
49837486.905650966,1492.3656218654378
49842830.38334698,1491.892182947742
49848173.86245016,1491.239151071837
49853517.31572428,1490.7104428694938
49858860.61410736,1490.53994518101
49864203.723320305,1490.3610012530917
49869546.475767605,1490.0638528748564
49874888.90213492,1489.8171887516946
49880231.134847276,1489.38429790939
49885573.08072583,1488.9192932751675
49890914.93900135,1488.5349031536637
49896256.99158618,1488.178242141383
49901598.90267008,1487.6882490412918
49906940.40052324,1487.4846693947602
49912281.43650013,1487.3986935960659
49917622.1643288,1487.1333382951907
49922962.62821105,1486.9685708412253
49928302.759070456,1486.5506928369716
49933642.77895913,1485.905731352983
49938982.801598415,1485.3572271988162
49944322.639643036,1485.1995858883706
49949662.261289544,1485.0882329630238
49955001.56997897,1484.807354266399
49960340.52121663,1484.546405790038
49965679.23238277,1484.137138001829
49971017.65566359,1483.6782297519562
49976355.931047164,1483.244418912647
49981694.366467096,1482.993046365164
49987032.72209998,1482.416860742559
49992370.65657787,1482.2194799293713
49997708.11649741,1482.1327376402896
50003045.20829556,1481.8954981019965
50008381.9860458,1481.7269715461223
50013718.46829758,1481.4133467417212
50019054.73954083,1480.8031531945912
50024391.01173996,1480.2870546262786
50029727.171112485,1480.0309816037027
50035063.013608634,1479.9936611169246
50040398.50715778,1479.7879883934997
50045733.630518876,1479.5223642540823
50051068.50449134,1479.2628478114282
50056403.066145994,1478.8373509708726
50061737.38785239,1478.3744997493175
50067071.80814637,1478.1912643002152
50072406.22729563,1477.6439304898627
50077740.23117581,1477.4262021614331
50083073.76289374,1477.3700449480675
50088406.84212868,1477.2237804326091
50093739.61873598,1477.0632435230518
50099072.072809964,1476.8659584890993
50104404.215980954,1476.307098768043
50109736.33617826,1475.821978484962
50115068.326050684,1475.5133870316763
50120399.99776522,1475.5631002447535
50125731.37968751,1475.3945163006829
50131062.3346137,1475.1561579193296
50136392.98769097,1474.9620507939203
50141723.29490129,1474.5928113806663
50147053.31043788,1474.1414141963553
50152383.34496465,1474.0777074093996
50157713.41928677,1473.5981571465913
50163043.09381585,1473.3514191227946
50168372.27187374,1473.3443216252808
50173700.94073824,1473.234997687001
50179029.27692967,1473.1515286005717
50184357.237787,1473.0043052170818
50189684.8279765,1472.5505014054113
50195012.37169655,1472.031205282752
50200339.7633066,1471.7143324400847
50205666.86724916,1471.8117875337493
50210993.663723364,1471.7294433593197
50216319.93951466,1471.5581613516376
50221645.89657833,1471.4002895265157
50226971.513143316,1471.1371340878954
50232296.76105409,1470.7557649021483
50237621.883874446,1470.6249903666305
50242947.12282923,1470.2622990671725
50248271.98526694,1470.0581790378258
50253596.33758132,1470.0817696777856
50258920.094999745,1470.131115789376
50264243.47167528,1470.1054445925467
50269566.46107736,1470.1102542592632
50274888.974465355,1469.8087252542025
50280211.36556333,1469.3414642448163
50285533.6032496,1469.0069914901842
50290855.541208826,1469.0989469362091
50296177.16329245,1469.1314557416188
50301498.294257484,1469.065043194526
50306818.94273289,1469.1016855762603
50312139.23447865,1468.8957471936194
50317459.11652513,1468.689152280116
50322778.742962584,1468.6078997798488
50328098.396766625,1468.4992829349133
50333417.80557731,1468.2478837627236
50338736.6144395,1468.358200869371
50344054.79571466,1468.6217595486823
50349372.479844466,1468.6250667486843
50354689.75218822,1468.8166559008682
50360006.5077268,1468.7708112221233
50365322.95227851,1468.421150104869
50370639.26027618,1468.245361096416
50375955.17775208,1468.449913177959
50381270.69157206,1468.6990020161916
50386585.7164716,1468.7565892992081
50391900.201781675,1468.9038118241062
50397214.23209861,1468.9746904720485
50402527.788711004,1468.892570255251
50407842.98468667,1450.2113385221191
50413162.386626154,1450.245686166351
50418481.178899474,1449.091731482214
50423807.7538602,1434.846638835099
50429131.72485925,1434.2862098343853
50434463.05765669,1419.0136185186152
50439792.50912133,1418.4524174362364
50445128.94167986,1402.1828596407126
50450464.09577786,1401.13941894414
50455806.09406295,1383.7142819487299
50461147.46221943,1383.0452807778256
50466494.91571463,1365.4631625228872
50471842.02617715,1364.8583698151954
50477194.79633075,1346.3099793477231
50482547.687488854,1345.6133069341122
50487905.94787877,1326.242738698096
50493264.72371701,1325.2085317893104
50498628.91978904,1305.586575639204
50503994.352173135,1304.4376616691522
50509359.51475767,1303.6579523061996
50514724.32092206,1303.1363804393848
50520088.75961844,1302.498385086427
50525453.01927025,1301.8255270782283
50530817.06468892,1301.108605282303
50536180.91221113,1299.8835776012675
50541544.894866034,1298.7141045637359
50546908.85443342,1297.715662031881
50552272.7172559,1297.2257980962665
50557636.39719071,1296.5271003618773
50562999.7274591,1295.7241960207818
50568362.95358874,1294.906896883771
50573725.96211525,1293.890499420512
50579088.80304337,1292.750417607399
50584451.79276121,1292.1077301179378
50589815.0169242,1290.924845332699
50595177.98393549,1290.13786658306
50600540.571339965,1289.5886552472532
50605902.77667003,1288.970583076319
50611264.76858594,1288.2982674754687
50616626.57227519,1287.5385389952519
50621988.13192351,1286.3577878640408
50627349.8317247,1285.1402834891965
50632711.46876664,1284.1566907449933
50638072.98433859,1283.492898322623
50643434.378647,1282.7591115858463
50648795.4065506,1282.018550095605
50654156.29232514,1281.154908060878
50659516.99954067,1280.137715605766
50664877.49310517,1278.9758415553777
50670238.08898255,1278.226334364356
50675598.97713955,1277.0706488441554
50680959.61680262,1276.1755283522125
50686319.87739922,1275.5733484699838
50691679.73933373,1274.9688135770407
50697039.35870665,1274.2530223674448
50702398.792753935,1273.5160737213955
50707757.96393226,1272.359110814957
50713117.23340461,1271.0677700489664
50718476.480820246,1270.0067929962047
50723835.55321221,1269.3513405451267
50729194.514525674,1268.6817051938463
50734553.15862255,1267.9022046702305
50739911.613459826,1267.052654737438
50745269.882005826,1265.9575626716955
50750627.921684735,1264.7784391449172
50755985.965738185,1263.9490951460728
50761344.341017336,1262.80488091768
50766702.51881508,1261.8355702337199
50772060.33099949,1261.1890018530953
50777417.712393425,1260.5535418029604
50782774.84858186,1259.7994219678906
50788131.77836598,1259.0575360042562
50793488.45720902,1257.892437578784
50798845.17414112,1256.510751942742
50804201.94342496,1255.4696318557903
50809558.52112054,1254.8590959266085
50814914.93780085,1254.0582785002234
50820271.08104945,1253.180296777042
50825626.99537745,1252.4147608070066
50830982.715010665,1251.2802131546484
50836338.223502085,1250.0974071590072
50841693.69730013,1249.1977700422249
50847049.42104898,1248.1506137879637
50852405.092932306,1247.0539101391178
50857760.34258722,1246.375948778695
50863115.14943314,1245.8378002642817
50868469.70329007,1244.9330309366776
50873824.0428263,1244.243684921937
50879178.07355837,1243.1069545419173
50884532.1365375,1241.6655723839226
50889886.22896277,1240.3812500488116
50895240.18595036,1239.639744742897
50900593.981907986,1238.9945014814573
50905947.49196504,1238.1371636362576
50911300.73677751,1237.2503363083001
50916653.794756934,1236.1523819484653
50922006.58592686,1234.900391045312
50927359.30733094,1233.84778758597
50932712.31255563,1232.961620101095
50938065.30522566,1231.7035366797581
50943417.8732437,1230.9802063719828
50948769.972511195,1230.4654393360252
50954121.76500358,1229.612332656979
50959473.316260934,1228.9452982829248
50964824.59313172,1227.9000635186485
50970175.79041754,1226.4196608953448
50975527.08583846,1225.2230015922228
50980878.17167348,1224.4271112739125
50986229.06792642,1223.7212216624234
50991579.74025191,1222.877313428568
50996930.0735236,1222.0021726744367
51002280.217856556,1220.8718266256415
51007630.14347277,1219.6742598741453
51012979.87059012,1218.5286280787004
51018329.83552949,1217.6194302019612
51023679.873324126,1216.4255362419394
51029029.49943409,1215.6263813136984
51034378.65378105,1215.098144228536
51039727.45897147,1214.2663454834224
51045076.03316191,1213.5666890062998
51050424.301190354,1212.6069538503614
51055772.43307154,1211.064451207447
51061120.6310364,1209.7566547142833
51066468.76548132,1208.7002576599393
51071816.649604395,1208.1054703153375
51077164.25928829,1207.2623953139628
51082511.553139694,1206.3259002693005
51087858.65845959,1205.3321177400921
51093205.491489,1204.09400066368
51098552.115670696,1202.8114619484274
51103898.93843732,1202.0176279601574
51109245.883145295,1200.6258249511905
51114592.44047112,1199.7703833172911
51119938.529005356,1199.1810501983166
51125284.18541524,1198.4010866714073
51130629.588259935,1197.6209002523642
51135974.71146452,1196.7529372214933
51141319.61275996,1195.2643903762105
51146664.585875556,1193.8877485967055
51152009.49268781,1192.9077497953058
51157354.07557346,1192.3842771648317
51162698.4499617,1191.4653759967302
51168042.48310727,1190.5549090165207
51173386.24661875,1189.5394257510738
51178729.79370692,1188.2674084717087
51184073.074143626,1186.9751831594235
51189416.391079664,1186.2434650310233
51194759.96543607,1184.8265583603243
51200103.143500775,1184.036447938941
51205445.85498697,1183.475075923865
51210788.06767569,1182.745338577645
51216130.00161578,1182.007230538728
51221471.66929636,1181.1787075923721
51226813.01544206,1179.7568534011377
51232154.44732459,1178.3353010948124
51237495.74255945,1177.2197369948071
51242836.79727808,1176.48258175617
51248177.66345303,1175.642800825017
51253518.10318808,1174.8350458042355
51258858.28736624,1173.8510566833077
51264198.23607156,1172.6168210093617
51269537.865702555,1171.3000922334586
51274877.457778886,1170.4799915584606
51280217.36197432,1169.1338457076045
51285556.92932909,1168.1846020572227
51290896.0114613,1167.5731805527003
51296234.55494112,1166.9051184282653
51301572.78012981,1166.1397728675079
51306910.72240264,1165.4089807192668
51312248.30317808,1164.1133448915268
51317585.904390275,1162.6310688033195
51322923.41079141,1161.409858244109
51328260.657883935,1160.7464035021387
51333597.657708496,1160.05473763159
51338934.238165535,1159.1591909126628
51344270.50630083,1158.21020880342
51349606.544623874,1157.0279849791805
51354942.19502948,1155.725753250324
51360277.74083848,1154.8104980588228
51365613.587479174,1153.7509780746914
51370949.20962012,1152.6171932085344
51376284.29387769,1151.9876674817401
51381618.793474145,1151.5108022855968
51386952.96720271,1150.6188353812004
51392286.803478606,1149.9898307443148
51397620.23305812,1148.7650870276445
51402953.62388341,1147.2042787184646
51408286.9331838,1145.8446792180152
51413619.98773253,1145.1570405073019
51418952.79895656,1144.5785042853145
51424285.21457585,1143.7511696415552
51429617.20296669,1142.8426808142326
51434948.947587505,1141.7085913002647
51440280.3174454,1140.492770351261
51445611.47671705,1139.4809866055834
51450942.82721425,1138.602703922773
51456274.12593103,1137.3219784050848
51461604.82616331,1136.7027237023053
51466934.9188828,1136.3768057938398
51472264.574037954,1135.583411232966
51477593.84361941,1135.0697720000644
51482922.70885326,1134.0999086064394
51488251.402602695,1132.5370253154322
51493580.04799811,1131.3132226934686
51498908.49841985,1130.4025177023193
51504236.55510971,1129.9678006658246
51509564.277854055,1129.2678114629225
51514891.521411814,1128.4836445053759
51520218.41293472,1127.4984268150886
51525544.96925539,1126.3502167646384
51530871.16221528,1125.3112496565122
51536197.461155094,1124.706925853465
51541523.82166732,1123.5723542625515
51546849.56313697,1122.9988793718476
51552174.66080952,1122.8038920818244
51557499.19684659,1122.2410126972418
51562823.351477645,1121.8029681167864
51568147.055361465,1121.1653452027463
51573470.40801132,1119.7506622754593
51578793.72302861,1118.5650512953148
51584116.77611425,1117.8327083246563
51589439.388708755,1117.6793147051994
51594761.670980476,1117.042741766274
51600083.43712665,1116.4267365121398
51605404.777361095,1115.690943583334
51610725.73476798,1114.6229659997175
51616046.26855297,1113.5875013518921
51621366.69454167,1113.3644595626633
51626687.28003166,1112.2426715531537
51632007.30275008,1111.7951477011175
51637326.62414386,1111.6952825593335
51642645.29855583,1111.391032235473
51647963.45943767,1111.1199827987643
51653281.17675657,1110.6812025531099
51658598.41384968,1109.6064562394047
51663915.5316319,1108.4666248670612
51669232.39808436,1107.7343231309042
51674548.77878759,1107.8528374870173
51679864.75116202,1107.6274294429304
51685180.0544282,1107.156679435886
51690494.95550322,1106.757513299719
51695809.391915545,1106.0911926623673
51701123.28334797,1105.272803735681
51706436.88125954,1105.0924401527802
51711750.66410701,1104.4322588179639
51717063.91911035,1104.0967331560778
51722376.419626884,1104.2272115979683
51727688.09271689,1104.4259621757237
51732999.25684359,1104.250398689566
51738309.83450098,1104.4253310491981
51743622.601202406,1070.8139011538224
51748938.598506354,1069.587900795535
51754256.35587416,1035.0571150556045
51759577.91376919,1034.6245709031828
51764900.288600504,999.6324865267164
51770227.28782307,998.575357646396
51775553.58569565,997.167970835788
51780888.112755165,967.703270896573
51786220.07035814,965.5361535059689
51791559.85895105,933.8166301686067
51796898.14296051,932.0193685253926
51802243.95022822,897.3812743639455
51807587.95010895,895.9345314495527
51812938.44311865,859.653744826951
51818287.85315049,857.6372160184122
51823643.627700165,818.223406137377
51828998.79721725,815.6143639577735
51834360.210957915,771.4947255888528
51839721.78163664,768.351806209316
51845089.157602265,721.8317807727199
51850456.775330715,719.3462675963935
51855824.11936437,716.5447335856131
51861191.22044006,713.6368328150356
51866558.22185986,710.3898433009834
51871924.989409514,706.6632717636016
51877291.700983286,703.251582294155
51882658.7403596,700.6123070442582
51888025.884029634,696.8356584600543
51893392.58784043,694.4271761786536
51898758.85411442,692.3503972371757
51904124.81439119,689.3534956327362
51909490.619294785,686.6516866135156
51914856.14781473,683.264660981491
51920221.67049586,678.6336665996555
51925587.343991816,674.7617808131436
51930952.93130961,671.3825170558459
51936318.37355941,668.6427671215251
51941683.615136124,665.6643268338571
51947048.527805544,662.6152769153923
51952413.35438345,658.9736134810098
51957777.950587496,654.9993611995037
51963142.42088299,651.0172386619669
51968507.172324635,648.223857764754
51973872.07334928,644.2704847581188
51979236.54925114,641.5935501600034
51984600.575037666,639.1840354292252
51989964.28350297,635.933882420245
51995327.79235775,632.9459328627574
52000691.04290367,629.29641761986
52006054.229381524,624.1666321386156
52011417.5984899,619.7947104190091
52016780.87521071,615.8735979732928
52022143.99134038,612.8423728059809
52027506.945681706,609.5193683292919
52032869.519448966,606.1754727177001
52038232.0015501,602.2248826292528
52043594.24511653,597.8163702919117
52048956.30897509,593.1679725371697
52054318.60496582,590.2320867896938
52059681.16427643,585.8015807244683
52065043.30190465,582.8147988945157
52070404.96347817,580.1249723813665
52075766.27914841,576.4696529367427
52081127.36435819,573.0613827719849
52086488.21097628,569.0177102240862
52091848.95675323,563.3722885107021
52097209.869252495,558.2487804062043
52102570.75979819,554.1501988101606
52107931.43243144,550.7505057165924
52118652.09795928,543.0223544991245
52124012.06937874,538.6278579852064
52129371.883026,533.5821197331782
52134731.456646554,528.3282646905486
52140091.218916796,524.7515696273204
52145451.32176266,519.888049754974
52150811.00394519,516.0099100294437
52156170.2049193,512.9547869732701
52161529.045712486,509.08898523156734
52166887.62884967,505.04593050693484
52172245.98586038,500.5309806103347
52279383.55034132,394.59593291481747
52290093.517974794,382.61199315539204
52300802.48430149,369.6181126050234
52311510.797903545,356.0588435427087
59871697.927744545,209.606329414802
59882378.528546795,237.5764311001295
59925088.04340282,341.97214995610557
60015773.33833931,489.8958244455316
60026433.7611406,426.4528458918345
60037107.148214094,440.59995343720163
60181411.17907224,468.11985929250704
60192092.42318994,482.0854489044111
60202772.80281888,493.11904865437765
60213452.49505955,505.52902339605697
60218791.59897635,511.7024180628184
60229468.85835018,523.7075706748528
60234807.13441602,530.9214901689497
60240144.959121644,537.410482074237
60245482.50711677,543.5431352899827
60250819.74797577,550.4753727281744
60256156.45826886,554.721160230466
60261492.75420052,560.5087506207179
60266828.707083896,568.1257821800009
60272164.20292041,574.9197824526495
60277499.48314214,580.5480657383914
60282834.55095717,585.3642291520725
60288169.28083707,590.1438963022515
60293503.77656749,595.3379679795371
60298838.18247489,600.9347670577358
60304171.89638093,606.369284512158
60309505.23158839,611.328900276289
60314838.20615294,616.5940947068609
60320170.94285998,622.9623729606928
60325503.243539765,628.7359600325574
60330835.16970298,634.2312848756333
60336165.80824139,580.8393347884476
60341503.2416999,584.9006613078104
60346840.17304536,589.5299139351939
60352184.06990044,536.6128003584502
60357526.659027405,543.6196032794401
60368224.43751391,486.44169486986993
60400349.907099105,441.3059263391492
60411056.413340494,455.1271156723815
60421762.00728525,467.7645990222295
60453871.58625098,502.2498720006679
60459222.44716083,506.59923150719703
60464573.09342649,511.08740830038823
60469923.777259976,516.4781879821373
60475274.076184735,521.5991554034367
60480623.88357087,526.1335631058109
60485973.554251365,530.9065075344574
60491323.00976121,536.727115781492
60496672.19170826,542.1740554356402
60502021.105039604,547.4213883384526
60507369.75021626,552.7097893515818
60512718.08997652,557.5931041934923
60518065.97348215,561.1279668355728
60523413.54340484,566.9659442054698
60528760.829256564,573.5382695989788
60534107.78131725,578.3342721792634
60539454.71701821,582.6934610752867
60544801.41803099,586.3439939934008
60550147.88604112,590.2962563232177
60555494.316793896,594.8546462784468
60560840.44302154,599.476575528879
60566185.99763962,603.3588083295541
60571531.44396714,607.2705466172956
60576876.60726165,612.4553462805043
60582221.44926806,617.6388625915376
60587566.007750206,622.2990561593751
60592910.26647107,627.1797467243603
60598254.22286755,631.7596000688518
60603597.772180006,634.6796921015936
60608940.908995666,640.1679150271962
60614283.73106991,645.8409894879918
60619626.177147456,650.462759701958
60624968.54602562,654.4806098912644
60630310.741162844,657.9757457629344
60635652.549161285,661.5972008708954
60640994.31504842,665.6203255186788
60646335.81953814,669.9253734937024
60651676.72643447,673.5903542071433
60657017.362891614,677.4036148456428
60662357.71222865,681.8637964437396
60667697.78339018,686.680949474001
60673037.506587625,690.9894898887464
60678376.91237895,695.3200459302648
60683715.99456548,699.8819058661268
60689054.62084858,702.6124198808999
60694392.79024441,707.3519246006547
60699729.47754236,661.8420963461251
60705073.287195355,666.2988935415801
60710416.958208136,669.8159454445524
60715767.629626356,621.8570053286267
60721117.24005239,625.0820779242254
60726473.47585286,572.2987561697746
60731829.314829916,576.5163661113332
60737184.646442465,580.3110885578119
60742539.780668125,583.7387077199137
60747894.69392883,587.7548355321962
60753249.446902715,592.5480490316613
60758603.8748071,596.790440955569
60763958.098198675,600.8783835861286
60769312.11359271,605.5969319437045
60774665.72782822,607.9994761667831
60780019.05198608,611.7773475643852
60785372.11220211,617.2223954053793
60790724.870261565,621.661745094016
60796077.51739056,625.2319280952679
60801430.096964754,628.2641001360242
60806782.4612429,631.354644124337
60812134.65957718,634.642198891484
60817486.850893565,638.4651864697071
60822838.49734246,641.7492022472414
60828189.969282724,644.6193789833806
60833541.08458089,648.3990386145657
60838892.07677201,652.8808743680615
60844242.76331474,656.6310906336654
60849593.19034794,660.3756211263994
60854943.398439445,664.4704897018325
60860293.21805752,667.0096879100083
60865642.69225754,670.5286277337495
60870991.82039865,675.2960844880524
60876340.67736148,679.7205726559342
60881689.34453696,682.9930299310965
60887037.957535304,686.0202741906438
60892386.29258707,688.7153692910115
60897734.453186296,691.6382255928847
60903082.60286847,695.1472245855539
60908430.269911535,698.4697620267318
60913777.63008654,701.0966732010354
60919124.679649666,704.0986385126697
60924471.54743922,708.1285700778567
60929818.10805319,711.7680895771703
60935164.39340235,715.3285304281226
60940510.42526493,719.1991659433443
60945856.07041561,721.9368413396592
60951201.31391643,724.5528866821132
60956546.28727529,728.837900951012
60961890.92110467,733.1861419144498
60967235.31418597,736.2759552980101
60972579.603794485,739.0444124021233
60977923.671674766,741.6179171123094
60983267.489160344,744.3924692772489
60988611.29093207,747.68098625268
60993954.61665007,750.801719797751
60999297.554908074,753.2268980093492
61004640.242801696,755.898742270781
61009982.64280367,759.9023774445885
61015324.7248838,763.5306112419244
61020666.553539574,766.8828332659244
61026008.03329441,770.4488507236745
61031349.17520113,773.2821459728868
61036689.893620536,775.5907056211611
61042030.230483614,779.6158999386463
61047370.233039,783.8317486990202
61052709.92114924,786.8900122088896
61058049.495385155,789.6177427222326
61063388.85116045,792.0806456561957
61068727.847052984,794.6517830746709
61074066.778409116,797.7250278132221
61079405.31822108,800.7396089015181
61084743.3342305,803.1053159079654
61090081.114672914,805.4776038468124
61095418.533681795,809.0511801821258
61100755.62283816,812.6844843072254
61106092.3779692,815.9702322052846
61111428.772814095,819.3433652711929
61116764.834890105,822.4953651412588
61122100.45990329,824.5406483169928
61127435.62021792,828.2458704915334
61132770.437185496,832.1153806072238
61138104.86858657,835.2737586876851
61143439.15594426,838.0647573706129
61148773.18740258,840.5160248044112
61154106.79309298,843.0216616273834
61159440.27604932,845.9318961393974
61164773.455300026,849.0072552209598
61170105.98960326,851.4326421441506
61175438.247066855,854.1694794433935
61180770.043944135,857.450851117565
61186102.14023421,816.8464837105224
61191439.62678755,819.9182738428544
61196776.838045895,777.7984044485921
61202120.061721414,780.9180598084622
61207462.739483945,782.0090039744207
61212813.08792585,746.5014747960697
61218161.579331435,750.0913757572417
61223509.805507794,753.1204303527143
61228857.95380844,755.4289720293085
61234205.99745008,757.3769313203359
61239553.74471284,759.4086197365575
61244901.42447702,761.7371386506968
61250248.98563635,764.4320524801511
61255596.02605101,766.5349233147081
61260942.85451672,768.5709596136235
61266289.36463193,771.0467634808631
61271635.679286115,774.201650615109
61276981.70120481,776.9234646774272
61282327.49286327,779.6331830828603
61287673.05122586,782.7420541554264
61293018.20171385,784.2086848121726
61298362.98093951,786.5306934651554
61303707.529708825,789.9609631501748
61309051.711673975,792.8825221777088
61314395.775423914,795.1653056502778
61319739.692424186,797.0250391251631
61325083.34705206,798.8388226682196
61330426.848294765,801.0625701682849
61335770.27931246,803.6639971162072
61341113.14062826,805.9099012333025
61346455.74694418,807.5920102903056
61351798.09611287,809.899124426289
61357140.201637164,813.0795910791678
61362482.00068099,815.7921896905359
61367823.52180202,818.467463607913
61373164.76771764,821.4355528667136
61378505.61912895,823.1304665448699
61383846.07175865,825.0623103015317
61389186.22805683,828.347992982046
61394526.02443318,831.4268489537244
61399865.61947765,833.648269933326
61405205.06636659,835.6066229150883
61410544.2723615,837.435359353258
61415883.2106744,839.5177720938837
61421222.085580304,842.0733207382452
61426560.42581384,844.3195960460487
61431898.39537398,845.9114480371304
61437236.09038815,848.1048052188357
61442573.46501526,851.184896854173
61447910.50279612,853.8793745410021
61453247.30199287,856.5038357092487
61458583.76505816,859.3093006519048
61463919.87015082,861.1620662310218
61469255.55602972,862.9011425356844
61474590.76920622,866.1569226142809
61479925.67617718,869.2943770913726
61485260.26698603,871.5402742572079
61490594.706052005,873.5730109515725
61495928.914592765,875.4474279092678
61501262.76811613,877.4214147925029
61506596.5565658,879.8576728923568
61511929.8676352,882.198384940293
61517262.68196924,883.8860404980882
61522595.18652948,885.8824279712717
61527927.183816455,847.6506529791991
61533265.35407686,850.3042392283458
61538603.11893255,852.3894117041096
61543948.44032344,818.6702208367585
61549291.98759575,820.5177425710482
61554642.56122833,782.6304905143688
61559991.817752235,785.3989598591126
61565340.825349025,788.4385293863093
61570689.58337124,790.4260295108146
61576038.278052025,792.1769251221854
61581386.84847928,793.6508591595732
61586735.14519896,795.2009498212237
61592083.42321186,797.2710279222937
61597431.424283005,799.3466039355601
61602778.98106894,800.9620875287387
61608126.28058071,802.4285795738072
61613473.31851052,804.7347092935997
61618820.20526283,807.2332891521093
61624166.82828773,809.4982565274281
61629513.21966451,811.6343389845157
61634859.32186206,813.9566201404364
61640205.0185457,814.8462850141286
61645550.356828734,817.1559992600382
61650895.50773252,820.0977089859878
61656240.319974385,822.1794112741181
61661585.07118103,824.0000979838185
61666929.64801947,825.4263367468229
61672273.966971494,826.8627794785342
61677618.21868845,828.8078479608389
61682962.28734617,830.8648196625829
61688305.80016471,832.3988938040434
61693649.108103015,833.6817638575114
61698992.11716536,835.8187757668445
61704334.93057683,838.3942303155072
61709677.43703297,840.6328175906303
61715019.69410156,842.7625194286477
61720361.66399423,845.2071138482972
61725703.23022668,845.9814674723661
61731044.440260574,848.036353933162
61736385.37397375,850.8410654554009
61741725.951077916,853.0518270093478
61747066.41578603,854.8181149653373
61752406.690756485,856.2714175561423
61757746.700441286,857.7127124969869
61763086.547468856,859.5016451494448
61768426.25137287,861.6068824482974
61773765.36572161,863.1384819410822
61779104.24192316,864.4280415525673
61784442.73196611,866.4585643027168
61789781.01385308,869.1230514878116
61795118.98713711,871.1491871454243
61800456.68361033,873.2921057370845
61805794.05664472,875.626314554179
61811131.04880987,876.6273567924309
61816467.65152711,878.5114901795804
61821803.89733906,881.1605950778408
61827139.74707389,883.4827605770889
61832475.41251021,885.1995599721695
61837810.92635419,886.62847598846
61843146.13009482,888.0805576854693
61848481.090845115,889.7684120194206
61853815.95562738,891.9177933939955
61859150.20453953,893.5862618000133
61864484.11990026,894.8584474738093
61869817.69840251,896.7731526169244
61875150.960614,899.4541851341171
61880483.84734571,901.6308560506335
61885816.45171069,903.8323325227907
61891148.71594676,906.2252062166353
61896480.57785983,907.6454927947411
61901811.96121205,909.044779974288
61907142.93381265,911.477476009703
61912473.54386966,913.989610396439
61917803.87741859,915.7365272951332
61923134.03040935,917.3375330140361
61928463.87950629,918.8366288352508
61933793.366107844,920.495967307781
61939122.775356606,922.620977933431
61944451.6033379,924.4881738352374
61949780.008313954,925.8298414483689
61955107.984596655,927.5603831706476
61960435.62267664,930.2057631063867
61965762.89458843,932.5837990771824
61971091.539698794,893.509787825203
61976424.45069964,895.7016357147406
61981757.99644053,855.0195703846484
61987096.482309654,855.801776223348
61992435.00522397,814.8458665310869
61997779.17207409,817.1793560850808
62003122.88744683,818.0309061029725
62008474.92492365,783.4402586564258
62013824.87473956,783.9065244261732
62019182.545304134,746.1369826563623
62024538.76729681,747.5861628984958
62029894.71435818,748.9546745280991
62035250.307529405,749.5652700463883
62040605.77722255,750.324845922697
62045960.99250101,752.174175199483
62051316.000577025,754.0757065502553
62056670.84644471,755.6723968432564
62062025.47478403,757.4111784088436
62067379.891778246,758.8648906933677
62072733.999516495,759.1557328595966
62078087.71966539,760.9168140195353
62083441.323045135,763.175564048272
62088794.695746385,764.3975650490534
62094148.070010036,765.5022800595431
62099501.306487374,766.1079818847224
62104854.36691613,766.924631550727
62110207.421770096,768.3095566075622
62115560.29409167,769.7638616700629
62120912.67754659,770.4216835544876
62126265.03633627,771.1484354201206
62131617.09750997,772.8056998538877
62136968.97327034,774.696309193135
62142320.630388,776.257701773487
62147672.076085664,777.8291069680627
62153023.286391184,779.5091624366191
62158374.20153636,779.47655501453
62163724.75491052,781.0442348561846
62169075.04367773,783.2805610906926
62174425.12404196,784.6577335726265
62179775.17024645,785.66773692138
62185125.11962517,786.3927507814226
62190474.82505306,787.2124433895871
62195824.49546075,788.4615250043623
62201174.018049225,789.9355108911709
62206523.06512782,790.7507280962707
62211871.94633707,791.667430530766
62217220.486784734,793.1203766603915
62222568.855713494,794.9188431079074
62227917.01384422,796.4503088911035
62233264.97004847,797.9184027253632
62238612.67556169,799.7411401201746
62243960.07099878,799.8911611756714
62249307.10761023,801.2675656356059
62254653.857135065,803.2124970833131
62260000.38042584,804.7332591768893
62265346.83163769,805.7534497704642
62270693.16829013,806.5449033449718
62276039.23623201,807.1914798837622
62281385.2141519,808.3228777693616
62286731.09564448,809.808187788215
62292076.428921305,810.7669402350527
62297421.55636209,811.2460317659602
62302766.4835685,812.5343545051429
62308111.19677436,814.5207743821002
62313455.61971548,815.9140364927437
62318799.82388247,817.3872979793332
62324143.75277135,819.1973460822945
62329487.36982973,819.4746957871816
62334830.616211,820.4057761811854
62340173.560336925,822.3003487007518
62345516.181741126,823.9537839692125
62350858.70793968,824.9542069663355
62356201.13136364,825.6795364006032
62361543.32505918,826.4190940927081
62366885.34035063,827.4373624383618
62372227.302537106,828.9927943343753
62377568.71672843,829.9851333336559
62382909.87063796,830.5135871971863
62388250.75955151,831.706110442797
62393591.38664367,833.7482680971345
62398931.71427766,835.2262986139373
62404271.823108025,836.745385277063
62409611.651895195,838.4973494118957
62414951.15108938,839.1440188196361
62420290.24191944,839.8380053664396
62425628.97733808,841.587751630612
62430967.41378982,843.3661098458003
62436305.67247498,844.3633376236621
62441643.83099409,845.2475324859553
62446981.73418132,846.0150582031088
62452319.35715982,846.9065940807086
62457656.975317106,848.4650079622339
62462994.08869402,849.5738469333078
62468330.846294545,850.441011938161
62473667.28667915,851.6039494883162
62479003.42677062,853.42936932203
62484339.29371472,855.045233800759
62489674.90442189,856.5708044203375
62495010.20883659,858.2825825641776
62500345.15742709,859.2033471900454
62505679.6998696,859.6310733984042
62511013.75883467,861.6554718145378
62516347.53277319,863.6102149405378
62521681.01567046,864.7271408727516
62527014.39398033,865.7927227198534
62532347.5513789,866.6410536935546
62537680.33761409,867.5463368180276
62543013.06163714,869.0281113903997
62548345.35547857,870.3580175442846
62553677.13434499,870.9998953084094
62559008.63064203,872.043843838713
62564339.74929406,873.9023671691533
62569670.58503464,875.7439626761802
62575001.108451165,877.3108437767834
62580331.29409922,879.003825341787
62585661.103087045,880.4231121242183
62590990.49931905,880.6853511606536
62596319.362781726,882.5553843551738
62601647.876335666,884.57662152281
62606976.05643903,885.878359850587
62612304.099370055,887.028932125604
62617631.894994356,887.9419885554944
62622959.27292554,888.950096537521
62628286.500796825,890.4338011830478
62633613.400664605,892.0204915895647
62638939.60358653,892.9289389691262
62644265.630098954,893.9201378786078
62649591.16192986,895.7292986888881
62654917.20946245,854.2882460769964
62660248.426403955,855.7269940215594
62665579.508601084,812.6836556104778
62670916.435497865,814.1597607098563
62676252.818541564,813.4404335396948
62681597.05029062,776.0373453567734
62686939.13861077,777.7105978364305
62692288.74295679,736.8090164044258
62697636.90840989,737.220303119641
62702992.321848296,691.6623572110486
62708346.597179934,691.8156043391041
62713700.793375686,692.4484893287863
62719054.9070393,693.4880957008698
62724408.54582435,693.645022665477
62729762.09329998,693.7654421609167
62735115.30766144,694.5063671078026
62740468.36722624,695.9066384801233
62745821.2074048,696.8796088341323
62751173.901848905,697.8509431321932
62756526.3988854,699.2176801107391
62761878.597799495,698.7057180801789
62767230.38600076,699.1546029059701
62772581.99557235,700.645997576763
62777933.3506183,701.6403167627687
62783284.710674055,702.0060139889015
62788636.00238603,702.0126323921223
62793987.086980216,701.9408911277824
62799338.08645224,702.4302094375051
62804689.029994026,703.4897161991444
62810039.47640154,703.920003013691
62815389.74396386,703.7275619687593
62820739.85603665,704.200123220462
62826089.72429813,705.6999028065579
62831439.34081619,706.6038109373795
62836788.779265024,707.5866473907706
62842137.97851595,708.9423715342031
62847486.906079605,708.6133885155639
62852835.48728928,708.9589931537834
62858183.74352349,710.4211298037451
62863531.77597698,711.5683776323053
62868879.73907987,711.8797636255365
62874227.66239196,711.9572811781698
62879575.38168093,712.0738442369984
62884922.904388055,712.3670014521259
62890270.43003668,713.4778641714854
62895617.479109176,713.8303418709031
62900964.29220683,713.5923883605142
62906310.84964019,714.0583597389367
62911657.16740679,715.6125768435884
62917003.23236347,716.5584759590913
62922349.1198404,717.5709999352864
62927694.77155317,718.8268163774026
62933040.135417715,718.9231533676018
62938385.12246434,718.925338686096
62943729.767123684,720.0858023256532
62949074.210121855,721.5470592786514
62954418.48824414,721.8144758421065
62959762.740269184,722.2021517972594
62965106.78867954,722.1207530793855
62970450.62834105,722.2885975434106
62975794.446976796,723.3039606841161
62981137.869846806,723.9894689038038
62986480.87652398,723.8961103728502
62991823.68116162,724.173848785425
62997166.2907563,725.3477579051432
63002508.607828915,726.4019850425648
63007850.71095112,727.340712622789
63013192.55187307,728.5398574727476
63018534.08007249,729.0735722019749
63023875.25842309,728.6204267988239
63029216.020413436,729.7241214767571
63034556.56431902,731.2680471892527
63039896.887270465,731.5758940240114
63045237.161646485,732.0128102447261
63050577.22902581,731.8793233122141
63055917.06917789,732.0906495227125
63061256.842751294,733.0649711677692
63066596.27540626,733.923878508456
63071935.188517466,733.8718221271771
63077273.909871295,734.0464595296319
63082612.36040577,735.2549223289591
63087950.523743354,736.5357337270798
63093288.47383852,737.5472773631489
63098626.14675426,738.6918348839788
63103963.49629722,739.5934250058513
63109300.501664974,738.8050158977451
63114637.041524164,739.9492868750608
63119973.23132042,741.6263206904833
63125309.205480896,742.1712270682647
63130645.11598948,742.5622915564311
63135980.83288828,742.5505646181327
63141316.27638438,742.8076508835491
63146651.59994282,743.6962966782808
63151986.66284515,744.7124654349057
63157321.11180035,744.8502748885253
63162655.471368425,744.8883958166205
63167989.388987884,745.9914439943229
63173323.03164176,747.5237267272971
63178656.37058503,748.572446219644
63183989.41941984,749.668337755056
63189322.13382884,751.0319858280627
63194654.43870264,750.2885135786232
63199986.27100977,751.0954371478779
63205317.7805347,752.8770992278389
63210648.95010246,753.7249900798254
63215980.00480907,754.2999770956217
63221310.861211106,754.6316494885505
63226641.40474112,754.8915489559236
63231971.74483454,755.7183257182141
63237301.86505559,756.937953159385
63242631.32964615,757.3691624682397
63247960.5289446,757.3807209781671
63253289.347297445,758.4542544058297
63258617.85318078,760.2061742327705
63263945.96936763,761.2482432428692
63269273.792974085,762.4263350317415
63274601.20730693,764.0607095540846
63279928.23410773,763.7826159659635
63285254.70473914,764.2483441677987
63290580.75027954,765.7944854174325
63295906.409313574,767.2161350313519
63301231.91507425,767.8612712379083
63306557.21991523,768.3366770213819
63311882.17716498,768.7153080337455
63317206.85430297,769.4832485122937
63322531.33806241,770.9739597392986
63327855.17774354,771.9254276370423
63333178.54162869,772.2761612492063
63338501.50210999,772.9982506768735
63343824.12021003,774.9320471997089
63349146.36522577,776.3249788793164
63354468.28004842,777.7549310728878
63359789.76094584,779.4868992060759
63365110.78701817,779.9227554703687
63370431.2244109,780.3859639649473
63375751.11516316,781.9759709126481
63381070.63840715,783.8643472723625
63386389.82288179,784.6878005946901
63391708.83804633,785.6928398579639
63397027.42546866,786.3560529505414
63402345.58937188,787.2015918505958
63407666.440895654,733.8558394452734
63412990.16914864,734.7782271071442
63418315.42264512,676.2656339614745
63423644.678850606,676.5274001643152
63428974.70650058,614.6995545023258
63434309.60130942,615.6510511223892
63439644.79217514,547.8680388812004
63444985.561883636,548.6494884791398
63471722.47196971,381.7461646993334
63482441.12161016,273.66396473033694
63493171.814863995,57.517913579561196
72007279.3021919,339.6926071648612
72017956.50406593,365.9350921532377
72028631.89289287,396.92282329305397
72049977.25772277,447.22461680341576
72060648.84901015,469.60458836483167
72071319.26170768,491.7509783189703
72076653.84404436,502.95088050316133
72081988.06915395,512.4860226605706
72087321.92540485,521.7595625533413
72092655.56909797,531.6240679105344
72097989.41322823,541.0117734819911
72103323.26651686,548.2092671161286
72108656.55830553,557.9495349988865
72113989.238922,568.6862958446513
72119321.32029395,578.427737195578
72124653.04218653,588.5700787060414
72129984.30354325,597.6967497969666
72135315.18229932,604.9290674166302
72140646.15873112,612.5588432709249
72145976.8239684,620.914785303801
72151307.15410274,629.7877079057889
72156637.10510236,638.0116988238417
72161966.60394001,646.4024764994812
72167295.71895996,654.0264769615085
72172624.3653691,661.076450087148
72177952.6819531,668.3561072919392
72183281.16127367,676.4841139589107
72188609.65143085,681.9381213705378
72193937.61862367,689.4093246452421
72199264.93895605,697.7319485535622
72204591.5841474,705.7874576980707
72209917.8074368,713.6189240405406
72215243.56576839,721.3663079708494
72220568.76626773,727.6269966818287
72225894.0005209,733.7317034522907
72231218.97015059,740.465419623489
72236543.58903003,748.371733135954
72241867.76652509,755.036320015318
72247191.40909699,761.8841433058708
72252514.68438366,768.7029277709189
72257837.41470785,774.8507584600961
72263159.67763479,780.8930894306545
72268481.9748933,787.8584950442494
72273804.2479856,793.0699219540991
72279126.04778063,799.0551656571943
72284447.16414273,806.0808114501581
72289767.5547779,813.309494688445
72295087.41463967,820.3254376051038
72300406.78993322,827.3344471829919
72305725.47639588,833.1346110517792
72311044.04754415,838.5297775093204
72316362.33765373,844.1808269268358
72321680.32342102,851.223309826581
72326997.80244125,857.620522407884
72332312.86598408,859.9412709790914
72337639.24283947,842.5614218736
72342960.0496846,845.204258804334
72348291.6043153,824.2690727172803
72353618.38809486,828.1018629936951
72358956.06228913,803.5863169657632
72364289.2507573,807.1872507189033
72369632.18982677,781.2307741369959
72374970.80716744,786.7700088652208
72380318.80832416,758.2451640505924
72385663.63984646,764.7853455396053
72391008.01146266,770.2927227536668
72396352.35005167,774.8968109217391
72401696.68944755,779.9192005544792
72407040.91690466,785.9015110295416
72412384.87967598,791.8237993738585
72417728.39489913,797.3878532253265
72423071.65498903,802.8217053593594
72428414.61791752,807.8732361465129
72433757.21564369,812.6670788278016
72439099.73987989,817.9155393052584
72444442.54915084,822.5167313461068
72449785.17997237,826.7232781866938
72455127.39874496,832.061777045858
72460469.06564926,837.93567595997
72465810.33767292,843.4264726419624
72471151.30021746,849.0415103661203
72476491.84356478,854.0156927897834
72481832.2072105,858.0460112790947
72487172.66698632,862.4279967807006
72492512.94014922,867.7810284953525
72497852.88157308,872.98153377994
72503192.47876607,877.6868085059664
72508531.76627919,882.6728418760395
72513870.69695203,887.2231524707686
72519209.27950326,891.4622566008348
72524547.67458187,895.9304632991234
72529886.26943083,900.6487568847099
72535224.76479198,904.1221880030168
72540562.85058518,908.844811523541
72545900.38726622,914.0979132760299
72551237.43126355,919.0098760819055
72556574.16686392,924.0647439383733
72561910.4686942,928.6892897125069
72567246.45113008,932.3796318110569
72572582.51941693,936.2871776092269
72577918.3825576,940.8979698847622
72583253.92702915,945.7516682637115
72588589.13971615,950.0107216083788
72593923.9281486,954.4935453885612
72599258.36679451,958.6606111461863
72604592.4150227,962.5533707150772
72609926.19705209,966.5034446676016
72615260.159429,970.9991612557351
72620594.04062997,974.1086708298283
72625927.51342107,978.3275901033369
72631260.43065731,983.0675024099961
72636592.77974288,987.6272623049385
72641924.74738517,992.1290908165433
72647256.32749456,996.5164406340646
72652587.4221487,1000.1024753017082
72657918.56375515,1003.6245179692355
72663249.4770721,1007.5046778627608
72668580.16076782,1012.103118186561
72673910.44808973,1016.0700473013333
72679240.24210794,1020.2000527610801
72684569.7238419,1024.3341433092946
72689898.74563953,1028.0186709528277
72695227.40804648,1031.6353010969347
72700556.12835062,1035.890473865523
72705884.83001731,1038.9423433252655
72711213.11444539,1042.728839386479
72716540.83211859,1046.999185733921
72721867.94740014,1051.3276852340293
72727194.59246592,1055.5447488360169
72732520.84902737,1059.7254097415341
72737846.5461677,1063.289018036497
72743172.17378947,1066.5823217848042
72748497.65622912,1070.1441323632298
72753822.81464934,1074.4446123893576
72759147.51903495,1078.3874267618553
72764471.64058264,1082.2284481691386
72769795.41818401,1086.2047422298283
72775118.67065987,1089.8189668392517
72780441.47050823,1093.2952056129302
72785764.1945843,1097.3157214356133
72791086.9266637,1100.585769834658
72796409.24020155,1103.8772196928462
72801730.95469132,1107.8900621835633
72807051.9591858,1112.0902316756053
72812372.4787388,1116.0474239650425
72817692.50045498,1120.3042044307688
72823011.88271967,1123.927280961342
72828331.04973975,1127.098479161732
72833650.02138403,1130.516700394718
72838968.66835237,1134.4673842181085
72844286.8673784,1138.3217159656883
72849604.43246542,1142.254239586626
72854921.42266053,1146.165987242811
72860237.93173864,1149.6868546321352
72865553.89005941,1153.1895673538088
72870869.54699495,1157.0126018054514
72876185.17012455,1160.62566033775
72881500.46385306,1163.8430893641466
72886813.30204122,1163.9291346005461
72892136.77965891,1153.6975483705264
72897454.84223269,1154.44855789957
72902783.4544199,1142.1679090199395
72908107.13679019,1143.457434392449
72913441.00875533,1128.494180982043
72918770.92220639,1129.7691230245066
72924110.68511179,1113.9008145084001
72929446.59026642,1116.035879273867
72934791.73159789,1098.6346579651088
72940133.46264791,1100.9665838258238
72945484.03951074,1082.1321920674338
72950832.00546828,1084.9568693763172
72956179.82084553,1087.938635446623
72961527.83219185,1091.0480860640434
72966875.84325272,1093.438695291622
72972223.48062938,1096.5935287258717
72977570.68702534,1100.1258819703792
72982917.45154394,1103.3013221768938
72988263.99968717,1106.648503240157
72993610.16786262,1109.811734558074
72998956.07713354,1112.2346303033773
73004302.10189286,1114.8443001681298
73009648.06158587,1117.78869396247
73014993.8038007,1121.070115234241
73020339.20726871,1123.9549173889493
73025684.21931717,1127.0448504418491
73031028.9925489,1129.9357123074838
73036373.48621263,1132.6694366486245
73041717.74536178,1135.3371693227211
73047062.18714572,1138.3316614706591
73052406.63691482,1140.5167526978348
73057750.74304287,1143.320428296131
73063094.39660078,1146.53817967317
73068437.60368426,1149.6004151188217
73073780.4754873,1152.787854157843
73079123.04387559,1155.7352961625265
73084465.26969686,1158.1529089913518
73089807.56804603,1160.4858640784826
73095149.80574667,1163.201319775727
73100491.80189875,1166.3123049554063
73105833.43933149,1169.1652501478911
73111174.66188319,1172.0504587231512
73116515.67980999,1174.8187845808948
73121856.333464,1177.3414243860232
73127196.7123291,1179.7860053877232
73132537.20210956,1182.7255712850988
73137877.74628247,1184.8026153953729
73143217.97268015,1187.4379068123721
73148557.73646055,1190.3850970691692
73153897.00310358,1193.3367946320734
73159235.90808144,1196.2249926201562
73164574.50604865,1199.0825121602084
73169912.68399496,1201.4991579037269
73175250.8811372,1203.692222044829
73180589.0468167,1206.1656970987121
73185926.96137112,1209.0288052921924
73191264.51243128,1211.6891270521278
73196601.59914927,1214.4053532666098
73201938.4403258,1217.1977019034211
73207274.89998408,1219.6278376608311
73212611.05649285,1222.004420376594
73217947.18097255,1224.7705552163989
73223283.410084,1226.9054402110773
73228619.4185767,1229.273391571694
73233954.90220715,1232.0384911465908
73239289.83245306,1235.0302941038171
73244624.37083209,1237.7107859467524
73249958.60478127,1240.529917791497
73255292.33716516,1242.947687693794
73260625.99103124,1245.027305711972
73265959.63154966,1247.313364465915
73271292.96375011,1250.189929796199
73276625.9559781,1252.8023861391653
73281958.4964402,1255.3269582531502
73287290.68524475,1258.0318099771293
73292622.47185396,1260.3888208316725
73297953.9077176,1262.6984021178926
73303285.22179496,1265.2957268909076
73308616.61676703,1267.6492926532221
73313947.78668134,1269.7552477058402
73319278.43547729,1272.3962146398367
73324608.5210097,1275.2794219301472
73329938.12450042,1277.840007772618
73335267.35753125,1280.59424880786
73340596.08619149,1283.0466315681886
73345924.60357809,1285.0755118925863
73351253.10567698,1287.250992677592
73356581.33537649,1289.8664009031374
73361909.17225033,1292.4438705632278
73367236.52807628,1294.9477030595426
73372563.49833243,1297.5967768291534
73377890.02615173,1300.0120640018447
73383216.1484632,1302.2765170240318
73388541.9971729,1304.6932227496482
73393867.93233061,1307.2181512002282
73399193.64627337,1309.234347094321
73404518.86533615,1311.7252937529445
73409843.45076224,1314.5168158960764
73415167.4950056,1317.1610438911512
73420491.08515424,1319.8799605943937
73425814.19067393,1322.4059443600013
73431136.89342324,1324.4914220756007
73436459.53254695,1326.5992316837132
73441781.95099317,1328.968776663851
73447103.928435,1331.7625360638026
73452425.34922205,1334.2801102566332
73457746.23105828,1336.8451653671884
73463066.70290008,1339.3670771260647
73468386.69579104,1341.7480928043046
73473706.26024401,1344.1172102227413
73479025.81017154,1346.6925374466357
73484345.21899568,1348.7526990614567
73489664.06444483,1351.2002475090685
73494982.27510028,1353.9876329049723
73500299.80603145,1356.6411752691117
73505616.86692166,1359.4486078350412
73510933.35142593,1362.1385143183936
73516249.25303216,1364.3886763424985
73521565.05349658,1366.605614831043
73526880.48889008,1369.059877368425
73532195.48701972,1371.790257075524
73537509.96630687,1374.3479036393974
73542823.77174054,1377.0548861047876
73548137.0403642,1379.732348697718
73553449.74202123,1382.1654745884725
73558761.91718411,1384.6084595673974
73564073.87375812,1387.4020463279885
73569385.66917336,1389.5758695032857
73574694.85915998,1387.4223275352915
73580014.55517425,1381.2654893469123
73585330.63305975,1383.9084542773053
73590646.15708822,1386.5009485805397
73595965.8552737,1367.414175251252
73601286.60889082,1369.6008332427077
73606611.15826415,1349.5496375530377
73611937.96828614,1351.5190044256115
73617267.66252138,1331.89673389893
73622600.11418185,1334.138617462472
73627934.7007757,1314.1758529843335
73633272.7616754,1316.409331460774
73638612.54910704,1296.3555151045928
73643956.3458627,1298.2145257736533
73649299.71898954,1299.4163718532825
73654652.02650213,1284.7594805483357
73660001.83922958,1285.7284050566168
73665359.72445239,1270.6881244496717
73670715.2303992,1272.4697045144828
73676078.52971965,1256.7690077562577
73681439.99865107,1258.5424845971227
73686808.9569256,1242.1266893181862
73692176.72712635,1243.636476571072
73697544.63649772,1245.349554348876
73702912.46388975,1247.3714200166526
73708280.15716526,1249.3977645785235
73713647.57226998,1251.484638257416
73719014.7613741,1253.5380042492973
73724381.80527748,1255.3401132861386
73729748.6258573,1257.0748226990993
73735115.48157597,1258.9459649130047
73740482.58736204,1260.6938060621746
73745849.63351084,1262.216902311899
73751216.40248783,1264.2258467721535
73756582.81701925,1266.4239001427666
73761948.96839051,1268.3602620670988
73767314.94627595,1270.4493730223471
73772680.63359466,1272.2477612598325
73778046.30815668,1273.6701549481666
73783412.13584323,1275.2349484788626
73788777.87478474,1277.0891449908308
73794143.47923763,1279.0113201191325
73799508.81744483,1280.9625158184817
73804873.90590331,1282.938367715433
73810238.85420069,1284.6791738681097
73815603.56011839,1286.3303333811377
73820968.25322081,1288.048935841197
73826333.20652886,1289.7862841399306
73831698.13779795,1291.1644373712616
73837062.81434545,1293.0398390937974
73842427.12068067,1295.1181186400413
73847791.10072431,1297.0295159910368
73853154.93099934,1299.0011934391669
73858518.48844112,1300.8228565994175
73863881.95133182,1302.1797931564572
73869245.54186074,1303.6795654368489
73874609.11557786,1305.4070297036042
73879972.5402508,1307.3034864363565
73885335.67065059,1309.1246621421274
73890698.5451174,1310.9942059785328
73896061.26060997,1312.6504625924822
73901423.77319573,1314.2622738841658
73906786.20193075,1315.882404369634
73912148.90766612,1317.511888795256
73917511.60214329,1318.853924238579
73922874.03668435,1320.5558062067846
73928236.10453503,1322.517799607225
73933597.87219535,1324.3510574194136
73938959.42740528,1326.2279177779162
73944320.748172,1327.9498386939608
73949681.90534899,1329.2713451918785
73955043.22522758,1330.676452880042
73960404.50834,1332.300726760095
73965765.60067314,1334.1122318916237
73971126.43558905,1335.8138471452417
73976487.01949944,1337.6376633454163
73981847.40301351,1339.240333522337
73987207.59536654,1340.762415548774
73992567.65328597,1342.2813801028244
73997927.93865746,1343.910655760675
74003288.27855334,1345.1594245426998
74008648.34549621,1346.7715462273613
74014008.06771977,1348.6244825636504
74019367.45308095,1350.344172329249
74024726.63384749,1352.110475701617
74030085.56440608,1353.7806908107252
74035444.29144272,1355.0582589012413
74040803.1831387,1356.3264885676886
74046162.07760105,1357.763354140542
74051520.75895076,1359.536550218405
74056879.18481885,1361.1595321951606
74062237.36349909,1362.8718634064046
74067595.32197176,1364.4779760965826
74072953.0688693,1365.8974573589217
74078310.64251195,1367.3208334312817
74083668.42476778,1368.967144777043
74089026.33937745,1370.1084352595842
74094383.96403973,1371.6442501901656
74099741.24911688,1373.4298926397066
74105098.15049884,1375.083885792235
74110454.86471248,1376.8537700604836
74115811.30595891,1378.493618901538
74121167.50648718,1379.7584944900964
74126523.83647388,1380.9859867291275
74131880.17255747,1382.325738061127
74137236.34177203,1384.0318463195472
74142592.2623763,1385.669620909852
74147947.83743073,1387.2946802050676
74153303.26436003,1388.8176681128089
74158658.43011193,1390.1967907934404
74164013.4134278,1391.508185900894
74169368.55816889,1393.1389993420698
74174723.79684691,1394.1933027500554
74180078.84120326,1395.6383214114446
74185433.5351173,1397.2772359215087
74190787.82212026,1398.920245754029
74196141.87828498,1400.5169337930677
74201495.69121455,1402.125609270873
74206849.19876331,1403.4182191124207
74212202.81763795,1404.579318979846
74217556.41497639,1405.879768403638
74222909.88861686,1407.4784597214402
74228263.1366093,1409.0054719409572
74233616.00185847,1410.5910231153227
74238968.67151864,1412.0749233774795
74244321.11512157,1413.4297646997293
74249673.33258212,1414.72771779419
74255025.64870383,1416.2807528306582
74260378.13978557,1417.4034442641675
74265730.4140755,1418.7629945290446
74271082.33095427,1420.3194720239603
74276433.82416964,1421.9170612620655
74281785.05513567,1423.48330604101
74287136.04318976,1425.0502401429735
74292486.71585646,1426.349658894951
74297837.43187456,1427.4522793822357
74303188.1850985,1428.6757543620197
74308538.71670355,1430.2674693403812
74313889.02295154,1431.7535030790873
74319239.01697123,1433.1861747565538
74324588.78727713,1434.7135520884153
74329938.27313091,1435.996009741543
74335287.52703048,1437.2580879583732
74340636.82590987,1438.7417776768355
74345986.25579911,1439.9296694309362
74351335.55555905,1441.0822169512476
74356684.47606331,1442.5797100432621
74362032.9815917,1444.2251694623012
74367381.148326,1445.6930477606902
74372729.11607495,1447.2679201484837
74378076.69687106,1448.6041737152566
74383424.24863449,1449.6744220956446
74388771.86018753,1450.8392728218394
74394119.31213307,1452.2772755356136
74399466.518911,1453.7457502620325
74404813.40095054,1455.2413217107628
74410160.0004894,1456.7224558378707
74415506.35978808,1457.9899462195226
74420852.43562733,1459.2437261735956
74426198.45253982,1460.5846326434591
74431544.65332061,1461.8454633442234
74436890.74574383,1462.9549730159322
74442236.48383622,1464.3808918944144
74447581.77295533,1465.937103664409
74452926.72288038,1467.3373567936435
74458271.4279546,1468.8714005338645
74463615.7773685,1470.2197829154088
74468960.01320052,1471.2802302830116
74474304.32919057,1472.363519530849
74479648.50939684,1473.770645020405
74484992.37716548,1475.2343857740766
74490335.90782273,1476.6317727172752
74495679.17954054,1478.0388810723916
74501022.17065226,1479.3500625260783
74506364.86097926,1480.5533728677904
74511707.4208655,1481.8238178690472
74517050.15822011,1483.169814655217
74522392.7889978,1484.2009941894873
74527735.08728689,1485.539403286383
74533076.92909351,1487.0744905414476
74538418.37854129,1488.5242121344359
74543759.52303337,1490.0292146998418
74549100.35634261,1491.3959659137713
74554440.94127308,1492.475744456308
74559781.59621616,1493.5750733796397
74565122.13770315,1494.8621853787488
74570462.36187057,1496.3414022122665
74575802.24710304,1497.7486483952532
74581141.81969017,1499.1645758318443
74586481.09159067,1500.4885543375053
74591820.05273047,1501.6903210156463
74597158.79885824,1502.9212475051995
74602497.68123616,1504.2972849949
74607836.53560086,1505.3110071161063
74613175.04871568,1506.636341487699
74618513.09030524,1508.1330956493332
74623850.67264271,1509.5518424681934
74629187.9498399,1511.0148931345223
74634524.90573038,1512.4409190705878
74639861.51313527,1513.5533274791826
74645198.18459675,1514.6510335208964
74650534.68622245,1515.8649520310414
74655870.93761547,1517.3389970531066
74661206.88539942,1518.6839464053285
74666542.41055338,1520.1193430965807
74671877.60509169,1521.4800619389457
74677212.49659838,1522.7041668086722
74682547.11411197,1523.9149254842937
74687881.77454594,1525.3433888750753
74693216.4237036,1526.2672780060052
74698550.77459912,1527.5500993059793
74703884.67798723,1528.998113144025
74709218.05052923,1530.4543730216337
74714551.09556074,1531.8788011777954
74719883.78227776,1533.3250945821926
74725216.0488025,1534.5173733487877
74730548.31172931,1535.5870260319248
74735880.46924019,1536.7958521383507
74741212.33270472,1538.2530166675979
74746543.841525,1539.6184042244126
74751874.90137848,1541.076592443558
74757205.62455234,1542.4815965557316
74762536.00497428,1543.750781141358
74767866.03413917,1544.9728649292942
74773196.00163223,1546.3816220103392
74778525.99398826,1547.419167568274
74783855.72345701,1548.6483416914964
74789184.97007152,1550.0685882336584
74794513.65853481,1551.599102509444
74799841.92453068,1553.032105584783
74805169.87869875,1554.5126851767964
74810497.32320066,1555.804866021002
74815824.64326523,1556.8877174169124
74821151.89519498,1558.061209549766
74826478.81976332,1559.582258908327
74831805.34877144,1561.040438338955
74837131.41043548,1562.40834852872
74842457.12101933,1563.8627498060387
74847782.3950202,1565.1505674377297
74853107.28463112,1566.400909867217
74858432.01992884,1567.7974693404767
74863756.77369507,1569.0322093959153
74869081.25383332,1570.1457720340914
74874405.24525033,1571.5720712481761
74879728.65635353,1573.126646835249
74885051.54672916,1574.5667202311702
74890374.04613735,1576.1055484807614
74895696.03322618,1577.510221375657
74901017.75011003,1578.6674187123272
74906339.38269494,1579.8266416052008
74911660.73930006,1581.2952827798629
74916981.61222497,1582.8411691127508
74922301.98016407,1584.3137393055924
74927621.90188536,1585.7741424798176
74932941.39973378,1587.1767879777842
74938260.40808724,1588.5347713749234
74943579.1135257,1589.902012190324
74948897.80221547,1591.282698649789
74954216.25033364,1592.4714911294056
74959534.15334567,1593.907399482137
74964851.44495548,1595.5485001978277
74970168.15303162,1597.0498160149582
74975484.38561851,1598.6828431433087
74980800.06566542,1600.2278381574606
74986115.28876083,1601.5154767743156
74991430.39084777,1602.8245873678388
74996743.36104555,1600.3188980937648
75002066.31355508,1595.5417420210447
75007386.44265291,1597.0074910183253
75012706.05320916,1598.47060302283
75018030.0331541,1585.0584016637893
75023355.15314558,1586.2471000383466
75028684.08114436,1572.503410852567
75034015.24747628,1573.7758259105794
75039349.94634876,1559.7253249248133
75044687.0887554,1560.859469652397
75050026.84192996,1547.2197691059728
75055369.45506279,1548.4243318001556
75060714.40858589,1534.754390680154
75066062.87247595,1535.912314473347
75071410.5132289,1535.7640774547835
75076766.81537727,1525.854161783983
75082120.9625112,1525.9059444606069
75087483.25607194,1515.9536775659155
75092843.88793077,1517.0223281161116
75098204.19192727,1518.1165979180664
75103564.32930459,1519.096437039706
75108924.27313194,1520.010486220713
75114284.02577512,1520.8527615811465
75119643.95543528,1521.8783550730645
75125003.99468662,1522.5823250587812
75130363.84843576,1523.5060360155856
75135723.38678904,1524.5911065525163
75141082.55943435,1525.6771949658237
75146441.50583592,1526.7629051973877
75151800.24290933,1527.8405165416846
75157158.7127254,1528.689708414773
75162517.28540882,1529.4137336912333
75167875.89068958,1530.271882490257
75173234.3359801,1531.3497113545734
75178592.56553097,1532.3653287489199
75183950.4778014,1533.4488602241108
75189308.19263074,1534.4418074653877
75194665.71922787,1535.3393869337779
75200023.03820336,1536.1830929505645
75205380.46558008,1537.2008869713686
75210738.05063412,1537.9023756748702
75216095.46399124,1538.7832031731348
75221452.55486052,1539.8237264177012
75226809.25622916,1540.89786085856
75232165.72247157,1541.9566262804485
75237521.9672412,1543.0179593049224
75242877.9282759,1543.867427235868
75248233.9458419,1544.5592381867468
75253590.0289886,1545.33583382258
75258945.92618674,1546.4121992755754
75264301.61039102,1547.4293553739935
75269657.0155146,1548.4037627652106
75275012.21368621,1549.4289176581499
75280367.16456054,1550.2632583844015
75285721.91732977,1551.0863782276613
75291076.7293174,1552.0783400478301
75296431.68096907,1552.8044284077223
75301786.51938221,1553.6009906012118
75307141.01990657,1554.6008964107637
75312495.13340406,1555.7190674222418
75317848.96769977,1556.7043389327393
75323202.60902098,1557.7857097154933
75328555.90361013,1558.660840723089
75333909.20153195,1559.3451030760248
75339262.55507173,1560.0569844307274
75344615.82648243,1561.0515173413014
75349968.85146344,1562.0770067906526
75355321.53857894,1563.0784897688927
75360674.02339911,1564.0717032083999
75366026.2900082,1564.9396576271374
75371378.30619809,1565.7557199324483
75376730.31396927,1566.6460905038589
75382082.49476089,1567.4347862728018
75387434.57156318,1568.122914917716
75392786.35825352,1569.078972345018
75398137.76094846,1570.145454798087
75403488.83811119,1571.0950608409041
75408839.71265261,1572.1303684719007
75414190.26313339,1573.0246528203606
75419540.74142513,1573.696285122543
75424891.31326737,1574.373313968655
75430241.77165774,1575.2999008889378
75435592.00054756,1576.3114031219368
75440941.93457876,1577.2789637908425
75446291.61294906,1578.2950954323994
75451641.04026014,1579.1221011898833
75456990.23496905,1579.9466067433234
75462339.34329773,1580.8015791951334
75467688.62008259,1581.5863756766125
75473037.8617816,1582.2624248450406
75478386.77113771,1583.1693639636787
75483735.30479349,1584.2381339757774
75489083.5162027,1585.1481329725455
75494431.4950443,1586.1804930047956
75499779.15391906,1587.10532695622
75505126.66193093,1587.7770552143977
75510474.24125253,1588.472887803483
75515821.76795909,1589.3109730780445
75521169.08197458,1590.3410329489204
75526516.05240153,1591.3240953881163
75531862.70532079,1592.2510285693436
75537209.17130989,1593.1243163247327
75542555.3551506,1593.9342455866636
75547901.39869125,1594.7217493655444
75553247.61150663,1595.6177173759522
75558593.79020332,1596.2439773437145
75563939.67082015,1597.1116455899798
75569285.16039532,1598.1433112644377
75574630.27364342,1599.1036139522716
75579975.11489208,1600.112353281367
75585319.670218,1601.0399298830491
75590663.9727761,1601.7393613941617
75596008.38007425,1602.4046807225864
75601352.69242774,1603.1802147679432
75606696.77680467,1604.1860850835733
75612040.5558322,1605.1627098470956
75617384.02152136,1606.12773028309
75622727.23194292,1607.0392163451527
75628070.154522,1607.8231391618936
75633412.87605458,1608.603807301638
75638755.71043909,1609.5300285102394
75644098.55020745,1610.101651519974
75649441.12089743,1610.964690629831
75654783.3099405,1611.9627582998414
75660125.05252922,1612.9286309068293
75665466.55133627,1613.8824996925327
75670807.74845316,1614.8431658157554
75676148.61813284,1615.5888391793087
75681489.55817296,1616.27081968787
75686830.40931533,1617.074970522258
75692171.02636139,1618.0754380546527
75697511.36996624,1618.98415709682
75702851.35368328,1619.9474049545736
75708191.03815468,1620.8547482229467
75713530.46865182,1621.664309692503
75718869.63574053,1622.4467667870108
75724208.86514208,1623.3726365105936
75729548.11931658,1623.994507832506
75734887.12408923,1624.8081735953092
75740225.73919256,1625.784525725533
75745563.87904009,1626.7646376964383
75750901.72648107,1627.7444057249481
75756239.25122361,1628.7308733415955
75761576.40361263,1629.506302565948
75766913.56454407,1630.1684726084559
75772250.67460904,1630.8586841926613
75777587.58219616,1631.8435505031878
75782924.20286275,1632.8153838662008
75788260.41674529,1633.8033729901754
75793596.32937609,1634.7253965631223
75798931.95248826,1635.5672766672722
75804267.25902233,1636.3546788573087
75809602.54385911,1637.2383494841479
75814937.89882407,1637.9135067844713
75820272.99358287,1638.7366473713196
75825607.71043785,1639.676764387301
75830941.93495923,1640.7101684061493
75836275.81086369,1641.6592857346423
75841609.3875653,1642.690718871629
75846942.52403347,1643.5440793766695
75852275.56815052,1644.2301303692045
75857608.56713209,1644.950423579245
75862941.39956205,1645.8850856764923
75868273.88361427,1646.886876105298
75873605.95803778,1647.882994723962
75878937.70284602,1648.854646469947
75884269.11919573,1649.6853956060063
75889600.19950019,1650.5101757283317
75894931.14073783,1651.3959883604412
75900262.15534757,1652.190860829619
75905592.96100841,1652.949046032138
75910923.35841493,1653.881222892638
75916253.24961483,1654.9270526262167
75921582.71243216,1655.885192996866
75926911.86347389,1656.940688777013
75932240.56783645,1657.8691058606228
75937569.04810262,1658.5902582873375
75942897.49578209,1659.302535939611
75948225.77011344,1660.2085167328933
75953553.74970205,1661.2192728368545
75958881.2751263,1662.234798394929
75964208.38693911,1663.271456127009
75969535.15028612,1664.1644149406816
75974861.56791365,1665.0249324746244
75980187.74175988,1665.9074215556457
75985513.91219713,1666.8185664542393
75990839.96512012,1667.5060579936462
75996165.5597239,1668.4673725019793
76001490.66063637,1669.553615325838
76006815.24583372,1670.531882260439
76012139.4637702,1671.6179382876837
76017463.25544289,1672.6301866882684
76022786.66475855,1673.427133159468
76028110.05739695,1674.2230195301884
76033433.18608552,1675.1127645148538
76038755.97688256,1676.177151676665
76044078.33791365,1677.2492107952207
76049400.23270057,1678.3157201865702
76054721.73356804,1679.3217206907816
76060042.80344321,1680.2230620469913
76065363.53167434,1681.1187543109331
76070684.21631007,1682.1546451221
76076004.72033753,1682.8745155354386
76081324.842901,1683.8275661267642
76086644.41471007,1684.916446864499
76091963.41037336,1686.0016590348166
76097281.96905334,1687.1335119958621
76102600.06574953,1688.2328698933661
76107917.67356223,1689.128405302187
76113235.1524428,1689.9612382739372
76118552.45218468,1690.8606803685757
76123869.32195395,1692.0444616091643
76129185.72672434,1693.1796932971797
76134501.57914978,1694.3008114283352
76139816.9782036,1695.3663747508551
76145131.92887762,1696.3867564203492
76150446.4063146,1697.3537264909282
76155760.74894468,1698.4591428170165
76161074.92201564,1699.3509047177004
76166388.67166296,1700.3450511150058
76171701.8225363,1701.5097929192689
76177014.29208508,1702.7310317324232
76182326.24718234,1703.9109500652917
76187637.70613901,1705.1516548285235
76192948.5305512,1706.2350031533495
76198259.09970178,1707.1857917604264
76203569.41318811,1708.208361671362
76208879.28524432,1709.4606128908058
76214188.62011394,1710.7284860889115
76219497.31608476,1711.9185594168505
76224805.50759336,1713.1678122247183
76230113.10576311,1714.3287446172667
76235420.15694648,1715.4607413848953
76240726.87005807,1716.6699750923403
76246031.61163421,1713.8688441265072
76251346.04469979,1709.6281078690004
76256657.8651992,1710.7288332920032
76261968.99088529,1711.8732355317507
76267284.40527844,1700.6866519308924
76272600.85863319,1701.7845551791436
76277920.98005526,1690.3558502328635
76283242.96600606,1691.0766978173033
76288568.46153928,1679.327966818341
76293896.5413182,1680.1604335035897
76299227.3086544,1668.7090134688378
76304561.00085852,1669.578151171095
76309893.69863893,1669.2015886303125
76315234.67808804,1661.1663549312577
76320573.31272069,1660.8599119004841
76325919.99946046,1652.3237912083025
76331265.07823992,1652.1543801831217
76336617.97254553,1643.110585090646
76341969.16896424,1643.111685224961
76347327.58109033,1634.0761967999085
76352684.85943772,1634.7318305956221
76358041.92089806,1635.4667308130718
76363398.73974912,1636.0763291683568
76368755.41567717,1636.5056721395647
76374112.21937801,1636.9165014175658
76379468.98799872,1637.493522967614
76384825.56066899,1638.2201391931176
76390181.86991677,1638.911752430082
76395537.94173044,1639.5825952432238
76400893.80970697,1640.183256767204
76406249.46840906,1640.7037023515222
76411605.01430117,1641.2208675007344
76416960.71754569,1641.8270665026623
76422316.45790134,1642.2129877877642
76427671.94100924,1642.8176987570519
76433027.1017872,1643.541081028314
76438381.93205169,1644.172509652218
76443736.55676176,1644.878076103006
76449090.94077659,1645.5144343998186
76454445.12059583,1645.9539684251245
76459799.41729331,1646.3475194374269
76465153.70541883,1646.846717438727
76470507.84383005,1647.5788277611844
76475861.69532552,1648.2674169490538
76481215.26276265,1648.9135682105307
76486568.65453078,1649.5353693842187
76491921.81149995,1650.0601954043325
76497274.8263657,1650.5311486361948
76502627.97955514,1651.1500311923362
76507981.13145845,1651.5059195658343
76513334.11484592,1652.0595698905179
76518686.76977912,1652.7344661180966
76524039.06418373,1653.3931145334739
76529391.14046566,1654.0672601823383
76534742.98948903,1654.7167849777773
76540094.57538255,1655.1781769651157
76545446.26714763,1655.5823104507679
76550797.93637532,1656.1026937924273
76556149.41833784,1656.800474148147
76561500.67929037,1657.414342838178
76566851.646753,1658.073541705355
76572202.37211421,1658.6750608302482
76577552.90653564,1659.200663635653
76582903.23875782,1659.6837162656511
76588253.69152837,1660.289336674471
76593604.19793047,1660.6725428594875
76598954.50916341,1661.1986770782191
76604304.49850282,1661.8686207592984
76609654.0960894,1662.5301306138876
76615003.46907748,1663.2054867238608
76620352.58263777,1663.8662949549223
76625701.40310921,1664.3313230417054
76631050.28699307,1664.7074546501074
76636399.20809262,1665.1170690367392
76641747.9452658,1665.7920215685315
76647096.45103744,1666.4450849636628
76652444.64055078,1667.1128856336964
76657792.61751798,1667.7487350825966
76663140.33802935,1668.2835513764524
76668487.82029554,1668.7398591816905
76673835.38160375,1669.3322826612737
76679183.00448993,1669.7333413683077
76684530.48020099,1670.223316151597
76689877.62106653,1670.8540713600746
76695224.38826096,1671.5364253764194
76700570.85724808,1672.1751468687642
76705917.13386104,1672.8037045233564
76711263.06868184,1673.3204394914496
76716609.0004378,1673.691432991725
76721954.968769,1674.1305509525364
76727300.77876095,1674.780762669226
76732646.34702195,1675.4422624153708
76737991.59828503,1676.0511541725098
76743336.61100174,1676.6830627691368
76748681.36609349,1677.1745020552119
76754025.90364288,1677.6663655187783
76759370.42365518,1678.2402831308202
76764715.04835342,1678.6565878528936
76770059.52645475,1679.1383963183694
76775403.68288645,1679.7419367300254
76780747.43651873,1680.4351272720269
76786090.87207909,1681.0547291842222
76791434.0843809,1681.7438432801748
76796776.93704584,1682.2897331398935
76802119.71301776,1682.6736826949552
76807462.53361404,1683.0493729645598
76812805.25995667,1683.6243446332562
76818147.71591543,1684.3065703668312
76823489.83938457,1684.9529560843
76828831.70877077,1685.6083065084401
76834173.31478968,1686.1474140131188
76839514.64219758,1686.657199441573
76844855.874456,1687.177019563049
76850197.23755966,1687.6697686062637
76855538.46110158,1688.0855603941936
76860879.38883245,1688.6601385253396
76866219.90886094,1689.3433703418682
76871560.11842719,1689.9397677888307
76876900.04840426,1690.6323956839472
76882239.64439133,1691.1830684565384
76887579.07800475,1691.5801168962735
76892918.56004165,1691.9524824671469
76898257.95459616,1692.5213586479713
76903597.11976683,1693.2104251499024
76908935.91905497,1693.8652291146889
76914274.38847835,1694.4674617195974
76919612.63749707,1695.0312071555602
76924950.58584255,1695.5352434028619
76930288.39152673,1696.0234258482485
76935626.3013381,1696.601913618305
76940964.127631,1696.9644437344032
76946301.62896186,1697.5324190030747
76951638.73601767,1698.223699563226
76956975.45778905,1698.8439818355255
76962311.88300364,1699.529770690514
76967647.99299318,1700.1271007299893
76972983.82422638,1700.5589091811476
76978319.71602438,1700.9324820274933
76983655.49437667,1701.4304159154858
76988991.05465247,1702.1329016314214
76994326.26576047,1702.8085930711566
76999661.11821052,1703.4386964080331
77004995.70993002,1704.0466934523163
77010329.98910181,1704.5654428767225
77015664.05343308,1705.042053299989
77020998.1849062,1705.6494157582279
77026332.21010564,1706.0335205537751
77031665.9884838,1706.5707866166388
77036999.35134907,1707.2390962117245
77042332.2812931,1707.8882693124626
77047664.91070995,1708.573454539375
77052997.20869748,1709.2268851480633
77058329.16175707,1709.6966296060525
77063661.11113392,1710.1009263507208
77068993.009265,1710.6004530338842
77074324.60701218,1711.3330164869956
77079655.86029345,1711.9895877850106
77084986.73208278,1712.657134640709
77090317.31599124,1713.2881039502208
77095647.57173295,1713.8465834226142
77100977.52875407,1714.333209239301
77106307.51194273,1714.9618552475013
77111637.42598791,1715.3857026269568
77116967.09133513,1715.9257325014157
77122296.32545666,1716.5869440006463
77127625.07103221,1717.2837792986124
77132953.48359513,1717.9588667513449
77138281.55318375,1718.6657293808398
77143609.21173654,1719.2000990295653
77148936.79745556,1719.6307676639608
77154264.32193,1720.0791001688867
77159591.61542189,1720.8447363650787
77164918.51598708,1721.5743439509374
77170244.94644198,1722.2543177431453
77175571.0921899,1722.9257505108071
77180896.89652756,1723.5238980069585
77186222.34327875,1724.073980524853
77191547.70099628,1724.682231330315
77196873.0704577,1725.1709931041219
77202198.11489925,1725.722248657251
77207522.78503656,1726.3876710803916
77212846.92781918,1727.1089138173957
77218170.66396876,1727.8111432622472
77223494.05709787,1728.5681511103312
77228816.9749814,1729.2016001517354
77234139.70431381,1729.6848496111386
77239462.35680105,1730.1535499213817
77244784.79596274,1730.824448427233
77250106.84789121,1731.6089868522417
77255428.44932769,1732.3546983083602
77260749.6636675,1733.1065254851658
77266070.47254322,1733.7377887280363
77271390.9003109,1734.3678184808493
77276711.10871527,1735.0136136180654
77282031.28743114,1735.6014096404479
77287351.25094049,1736.1191337912617
77292670.73140176,1736.8283088030082
77297989.68887421,1737.6520914591767
77303308.13653786,1738.374762261965
77308626.20205489,1739.1909223218638
77313943.78994757,1739.9161283977317
77319261.00081961,1740.486989728462
77324578.14808233,1741.060314468073
77329894.98595215,1741.782044974724
77335211.43156886,1742.5971786292844
77340527.3994336,1743.413020867605
77345842.89181367,1744.19790019849
77351157.95481515,1744.9451239712198
77356472.56574719,1745.6208596829156
77361786.8505908,1746.3085645982758
77367101.05751546,1747.0930031145367
77372415.01355518,1747.6440128151578
77377728.46546398,1748.3952920698162
77383041.34683302,1749.2751951990676
77388353.63814335,1750.0916314594908
77393665.44180942,1750.9885331585383
77398976.74314755,1751.8426030064215
77404287.53989205,1752.5134371616668
77409598.18286976,1753.159865643465
77414908.53750834,1753.8577726491874
77420218.47212385,1754.8163464480076
77425529.02535057,1744.4591176874997
77430844.29891288,1745.186586450802
77436158.85359265,1745.516484415186
77441479.9699288,1736.050892072274
77446800.17790928,1736.3455292065787
77452126.7474548,1726.531527082355
77457453.2000987,1726.745841101287
77462785.23651044,1716.5261565975384
77468117.39971888,1717.034079333866
77473454.43576664,1706.703298836456
77478792.24911611,1707.1971747668945
77484134.64440644,1696.69210881973
77489478.23356283,1697.018382640856
77494826.315993,1686.1095300264965
77500176.3715247,1686.3587090192057
77505530.36449754,1675.6343146340791
77510886.49989633,1676.0853555349172
77516246.06884852,1665.3201204812053
77521608.13346322,1665.7053008735086
77526973.47590254,1654.776611578332
77532341.62235165,1655.0040508450456
77537709.91189107,1655.3246495821363
77543078.3060537,1655.4925640094534
77548446.59311098,1655.7088404296735
77553814.65131997,1656.0907197957686
77559182.41758111,1656.5096762524804
77564549.95704657,1656.8975402532374
77569917.36999133,1657.274758799057
77575284.51281162,1657.538385548559
77580651.72983992,1657.6731621685626
77586019.03631,1657.8512020464411
77591386.26912189,1658.2037265578176
77596753.33560894,1658.6219068741748
77602120.148181,1659.0270722647892
77607486.78283116,1659.3964119641644
77612853.26239827,1659.6676158007851
77618219.55870947,1659.8980443936027
77623585.9491012,1660.187008517614
77628952.4960274,1660.3749998616847
77634318.9151101,1660.5665868946935
77639685.13359076,1660.9242485140644
77645051.05095631,1661.334690693989
77650416.72615723,1661.7033241791378
77655782.26726413,1662.083985360256
77661147.53940105,1662.3520959441507
77666512.84005596,1662.4742541567998
77671878.25713924,1662.6280191230883
77677243.60417674,1662.9643567333737
77682608.77800977,1663.3669231882081
77687973.70291816,1663.757132413717
77693338.44269396,1664.1367053827398
77698703.01083234,1664.3919915063375
77704067.39418373,1664.6260386780457
77709431.8266188,1664.8995456785892
77714796.42061052,1665.0948335184469
77720160.92146948,1665.2583086270133
77725525.21952581,1665.5943740981875
77730889.21006496,1666.005161435501
77736252.94431837,1666.3399953478956
77741616.53487042,1666.731775206797
77746979.84934147,1667.0086709288873
77752343.15530454,1667.122147704013
77757706.58928885,1667.229805887887
77763069.98770921,1667.5264589052708
77768433.21452987,1667.9172480743234
77773796.1969713,1668.2980968213428
77779158.98097442,1668.690407760206
77784521.58006428,1668.9475572637361
77789883.98621944,1669.1870275290923
77795246.3935049,1669.4360480510168
77800608.97880009,1669.6586418105735
77805971.48716813,1669.8073040981546
77811333.7910506,1670.1231831648495
77816695.77886055,1670.521969277002
77822057.51517415,1670.8726397657924
77827419.07368334,1671.265112340965
77832780.40507999,1671.5413652814586
77838141.64179316,1671.6593783800615
77843503.0272224,1671.8163149339184
77848864.34220977,1672.1106085548936
77854225.492666,1672.4550822465867
77859586.3982391,1672.8331197398734
77864947.09656511,1673.2136512036209
77870307.59939551,1673.4732993712123
77875667.93664925,1673.7049346343797
77881028.22825356,1673.939809626872
77886388.67447764,1674.1545192279127
77891749.11387487,1674.280093367282
77897109.31523763,1674.5629492381013
77902469.21829216,1674.9627764725647
77907828.87596281,1675.27339178743
77913188.338609,1675.662347322816
77918547.56664325,1675.9348943660218
77923906.67016366,1676.0533758668398
77929265.91346331,1676.1467795749259
77934625.14826755,1676.3885654308344
77939984.21708535,1676.77560974586
77945343.02201943,1677.1407312948643
77950701.61493401,1677.4890513203202
77956060.0104874,1677.7675695624978
77961418.22174585,1677.9764973396022
77966776.35016318,1678.1858350643465
77972134.63335325,1678.448505518244
77977492.92966679,1678.545800231968
77982850.98602958,1678.8240633530222
77988208.75294846,1679.205663099558
77993566.22775508,1679.5025514211968
77998923.51506065,1679.871864256536
78004280.57431826,1680.168576423352
78009637.45184526,1680.297317383787
78014994.46490997,1680.3713424353793
78020351.49840507,1680.5499872204714
78025708.40263778,1680.9433670154817
78031065.02660221,1681.3051369387142
78036421.40332219,1681.6349427682424
78041777.60688877,1681.936277303101
78047133.60189798,1682.145996339376
78052489.4966292,1682.3284250747272
78057845.53706916,1682.621604649669
78063201.5642603,1682.6510116153702
78068557.43519469,1682.9069698777173
78073913.01275432,1683.258660019985
78079268.241484,1683.5866725938774
78084623.30525397,1683.9146933680581
78089978.13991722,1684.2408599248615
78095332.73826542,1684.3840561797845
78100687.46839276,1684.4866973274006
78106042.18071884,1684.662700751542
78111396.77643767,1685.0247373708505
78116751.16084659,1685.3483336996585
78122105.24591026,1685.7013186784548
78127459.1327464,1685.9642815723953
78132812.84487592,1686.1952071133437
78138166.3842742,1686.356225095972
78143520.07807396,1686.627906066192
78148873.79454604,1686.7292419842486
78154227.33259459,1686.9574070637134
78159580.57481453,1687.300679736935
78164933.46960333,1687.6305330810796
78170286.16293983,1687.9842809987872
78175638.62583356,1688.3178501417933
78180990.82835303,1688.481197899876
78186343.11616662,1688.5597048998036
78191695.46225752,1688.729331528449
78197047.6241131,1689.0719931751364
78202399.57442234,1689.3820675114912
78207751.23130235,1689.7426544109255
78213102.68168245,1690.0623345465922
78218453.9278166,1690.2947294313203
78223804.99080868,1690.4676282194807
78229156.14700253,1690.758908961191
78234507.33123207,1690.8303901689383
78239858.3871453,1691.0412940753997
78245209.14015667,1691.3623174539614
78250559.52145891,1691.6999701518691
78255909.69517909,1692.0185936467026
78261259.65174244,1692.3754660826946
78266609.29187357,1692.5647496177346
78271958.98261115,1692.6642455694682
78277308.71235794,1692.752213867074
78282658.3686346,1693.064529504205
78288007.76243968,1693.4287148314315
78293356.84087095,1693.7737040347977
78298705.72145273,1694.085940770352
78304054.39285217,1694.3115281757
78309402.83713591,1694.491791328252
78314751.34306991,1694.7261500184125
78320099.94836773,1694.8554259672262
78325448.36182156,1695.0097375262699
78330796.5416741,1695.3040029542026
78336144.36339864,1695.6367741902377
78341491.91695333,1695.9460787833052
78346839.2658639,1696.2741108955906
78352186.29951932,1696.496071050804
78357533.3112544,1696.5731643733552
78362880.4026081,1696.6549314395238
78368227.4009964,1696.992929631216
78373574.14298867,1697.3430174423215
78378920.58398478,1697.639370089175
78384266.8081427,1697.9911860230063
78389612.77285354,1698.1946095140079
78394958.53956209,1698.3998425204095
78400304.30719921,1698.6514548992225
78405650.15539855,1698.82095796388
78410995.87578471,1698.9636338025387
78416341.30587555,1699.245903830593
78421686.37324338,1699.62049564446
78427031.11691847,1699.9114678258888
78432375.66912735,1700.27238843728
78437719.88066392,1700.5247664126298
78443063.99723536,1700.6115102597294
78448408.17115611,1700.719807587744
78453752.27885433,1700.96754292752
78459096.19759895,1701.288638427713
78464439.77794951,1701.6457415805517
78469783.08336136,1701.9965993330466
78475126.16140887,1702.236237615928
78480469.01532231,1702.4511020870293
78485811.78206936,1702.6717294315602
78491154.64493595,1702.8569439366142
78496497.44259906,1702.9624495430648
78501839.94008216,1703.2236036138238
78507182.0893176,1703.603565942255
78512523.9234495,1703.8710391359282
78517865.5223517,1704.2398697144695
78523206.8093055,1704.509616999732
78528547.90198328,1704.622377526917
78533889.07635014,1704.7019674712571
78539230.20323451,1704.9102274150555
78544571.13618895,1705.3028547223096
78549911.71188165,1705.6558876938036
78555251.99840909,1705.9746293661158
78560592.05136083,1706.2609764655667
78565931.84201457,1706.4752415222722
78571271.4913512,1706.6827007514705
78576611.24170518,1706.946050985315
78581950.92507096,1707.0305735770232
78587290.31488481,1707.2812052803934
78592629.3504297,1707.6467962515665
78597968.02143578,1707.9518139716681
78603306.42846853,1708.317320652839
78608644.54909524,1708.6199727026087
78613982.40083511,1708.7665139181015
78619320.31120075,1708.8464869733712
78624658.19615869,1709.0640394589107
78629995.81466104,1709.465810561548
78635333.11909337,1709.8064576213508
78640670.09940465,1710.1569137449508
78646006.84616561,1710.4639385069852
78651343.29835913,1710.6994700345886
78656679.54741365,1710.8607462137131
78662015.89787039,1711.1696337044434
78667352.14580908,1711.2647589204084
78672688.18045908,1711.505617158594
78678023.84228796,1711.8539363735576
78683359.08713286,1712.1983389846037
78688694.06608956,1712.5652734833166
78694028.74182533,1712.9227449681896
78699363.08090162,1713.1113068180573
78704697.43924744,1713.2144217264797
78710031.78588821,1713.4032745815593
78715365.87047398,1713.7701617077416
78720699.66705605,1714.1096844623635
78726033.10142599,1714.502457483522
78731366.27435997,1714.8659634245973
78736699.1306459,1715.1352283406009
78742031.71918736,1715.3307437356123
78747364.34766531,1715.665090670658
78752696.92052688,1715.7987023850549
78758029.27267253,1715.9965606179337
78763361.26067635,1716.345386280604
78768692.82814477,1716.7147046048985
78774024.0438652,1717.0948913105751
78779354.9829601,1717.457161984755
78784685.52996787,1717.7080974459657
78790016.0191772,1717.8388890107976
78795346.50591733,1717.9704824831645
78800676.795278,1718.3993000122914
78806006.72541977,1718.8139241949727
78811336.23568486,1719.1605307095267
78816665.48578468,1719.549284877381
78821994.4133441,1719.8393297091525
78827323.02924253,1720.10137608674
78832651.59722705,1720.4125000099784
78837980.16060264,1720.62088781989
78843308.46739018,1720.809705336679
78848636.4345341,1721.162644081708
78853963.94110791,1721.574297548275
78859291.05459724,1721.9439045974323
78864617.88059838,1722.3640953862819
78869944.2737445,1722.6880907010077
78875270.50232232,1722.854804893375
78880596.72411221,1722.9905518080432
78885922.7808355,1723.3607320491994
78891248.48549835,1723.8339657927709
78896573.75588037,1724.2654726059802
78901898.66209932,1724.6500615025484
78907223.2653494,1724.9972555401905
78912547.51834218,1725.3056817784254
78917871.6121026,1725.627350925854
78923195.71133591,1725.910449046702
78928519.60435279,1726.1286404972946
78933843.09948103,1726.4870885349005
78939166.12940139,1726.9744927181948
78944488.73215027,1727.3463003820048
78949810.98730056,1727.8355392257167
78955132.81489235,1728.2316022674752
78960454.31857666,1728.470582127673
78965775.80402714,1728.6930521766087
78971097.10587327,1729.0072086200903
78976418.10194032,1729.499565758992
78981738.6308722,1729.9926998960057
78987058.73542196,1730.4809222685099
78992378.48244187,1730.9129473001203
78997697.85184452,1731.2746604427334
79003016.92443214,1731.6344833456735
79008335.97792393,1732.065202172255
79013654.83801696,1732.2814595145478
79018973.2940261,1732.6999038394886
79024291.26209734,1733.2120780141863
79029608.66131441,1733.706493765549
79034925.69664294,1734.208622696251
79040242.2959612,1734.713197856364
79045558.4425307,1735.0561775775338
79050874.50736332,1735.3226709541482
79056190.37724039,1735.738031171582
79061505.8424079,1736.3215960019756
79066820.84347165,1736.8470703245948
79072135.35239565,1737.41419819963
79077449.46253356,1737.9371372180417
79082763.11675337,1738.3945702221747
79088076.37329517,1738.7830909868037
79093389.55896857,1739.3356203570925
79098702.51343134,1739.6718301329508
79104015.06484103,1740.141324851703
79109327.06198345,1740.715809997187
79114638.42938958,1741.3151434593888
79119949.35370496,1741.9230105341312
79125259.77252285,1742.5501265383004
79130569.61852176,1743.0386231741184
79135879.27671686,1743.4552884854563
79141188.70773003,1743.8499937675258
79146497.75627212,1744.4736832983358
79151806.30901107,1745.1461816829367
79157115.35224392,1734.2989011839034
79162429.27546275,1734.7778624003793
79167742.48556933,1734.791800374079
79173062.23257367,1724.7492562985437
79178381.35623355,1724.8995834308996
79183706.75147483,1714.344029675951
79189031.91258003,1714.3943253948573
79194362.49205479,1703.6466366736545
79199693.22262654,1703.9401395239763
79205028.85122496,1692.930892978673
79210365.36266363,1693.1909066750518
79215706.28073835,1681.9154405414433
79221048.74187881,1681.8707377992525
79226395.63481773,1670.2704219926336
79231744.50392126,1670.4142020393774
79237097.10547245,1658.9815460336342
79242451.89466283,1659.1300046280273
79247810.07742019,1647.6548961726353
79253170.87398905,1647.6525505417592
79258534.81757173,1635.9663798668666
79263901.91676301,1635.9595836524393
79269269.19274707,1635.8488621990905
79274636.39479998,1635.7383001277076
79280003.40003857,1635.7605434605937
79285370.11175168,1635.8957761087786
79290736.61882344,1635.9644508068418
79296102.95098317,1636.0864692372734
79301469.05564477,1636.076068382095
79306835.10131545,1635.9091389057767
79312201.31783427,1635.7597586758181
79317567.50417602,1635.7900618586023
79322933.51794395,1635.874469348775
79328299.29144645,1635.9717153511147
79333664.89595309,1636.0879468851695
79339030.2999253,1636.0722518726454
79344395.56084424,1636.0232010275772
79349760.80931194,1636.003362851749
79355126.22248091,1635.9186242134226
79360491.6168234,1635.7677348022419
79365856.80522306,1635.7754011429593
79371221.71685778,1635.9045407563574
79376586.40149276,1635.9527080999974
79381950.92111446,1636.0648836041444
79387315.20762502,1636.0657117966741
79392679.39425777,1635.8979584654546
79398043.74224699,1635.709854312267
79403408.1158017,1635.6856127360088
79408772.323565,1635.7927488382638
79414136.27549449,1635.8779983394295
79419500.04600665,1635.979240265663
79424863.61983812,1635.9813860548427
79430227.03585003,1635.9244912374702
79435590.40026927,1635.8703013110228
79440953.9352877,1635.8295750191057
79446317.45276296,1635.6561259182502
79451680.76607457,1635.652786957807
79457043.81913103,1635.7634661083555
79462406.61036697,1635.8054268542458
79467769.23760808,1635.8990407119336
79473131.63695253,1635.9173361378203
79478493.88376114,1635.7518467241146
79483856.30397193,1635.5422425065
79489218.7648297,1635.4623759053648
79494581.08676355,1635.5634630045283
79499943.14508417,1635.6277557793283
79505305.00911632,1635.7214259979519
79510666.67523405,1635.741214220664
79516028.16949981,1635.670933420737
79521389.58354847,1635.5957101482775
79526751.17796601,1635.5969278553127
79532112.78958033,1635.3658045548434
79537474.18845534,1635.364336323318
79542835.32420154,1635.4860137117448
79548196.15360092,1635.5201170986395
79553556.85070823,1635.6451616592974
79558917.28961535,1635.686680722909
79564277.54462701,1635.529333713038
79569637.94836183,1635.325065016885
79574998.4100793,1635.2593737168113
79580358.70473172,1635.3700855820216
79585718.74883375,1635.4279048033952
79591078.55351524,1635.5146617449961
79596438.20753326,1635.5433078327283
79601797.64661756,1635.4798426589027
79607156.99272424,1635.3661943576774
79612516.51205765,1635.412709198152
79617876.00944874,1635.1323497265278
79623235.37701477,1635.105689825623
79628594.47960962,1635.1903690309698
79633953.2497159,1635.2404735794423
79639311.86905019,1635.309755104141
79644670.26637028,1635.3554852054988
79650028.41936614,1635.2148010602168
79655386.7156979,1635.016054766421
79660745.04150532,1634.8641144114597
79666103.29709624,1634.9451836399728
79671461.32462817,1635.0180500552406
79676819.05002934,1635.0999278864488
79682176.62723228,1635.1098780418001
79687533.99397404,1635.0540920649098
79692891.22330295,1634.9268602944624
79698248.61470413,1634.9540789522166
79703606.00845586,1634.703032048426
79708963.27441561,1634.6622629290453
79714320.27358016,1634.7162542238136
79719676.94467618,1634.759446307056
79725033.43723312,1634.8191802545346
79730389.72247306,1634.8646243879662
79735745.74441038,1634.750496841449
79741101.86663297,1634.538455908396
79746458.05433534,1634.3928974705964
79751814.1567068,1634.4411497263218
79757170.04458305,1634.4816272618261
79762525.62225184,1634.565702935098
79767881.0222212,1634.5932182627
79773236.2503546,1634.5203536080987
79778591.29487368,1634.4192165250306
79783946.47350428,1634.3932595733252
79789301.71237382,1634.1821141715407
79794656.79131567,1634.0861050292015
79800011.64579043,1634.1199672342523
79805366.16036618,1634.1679801544622
79810720.47907965,1634.2143006235613
79816074.59737854,1634.2795791171416
79821428.43167116,1634.1791056251925
79826782.3153852,1633.9591099519107
79832136.31154773,1633.7680172927587
79837490.1970359,1633.8797627060185
79842843.84086092,1633.9283903844473
79848197.19459884,1633.9297514270397
79853550.38162503,1633.9967841789132
79858903.33458015,1633.9151976387718
79864256.10752933,1633.8096705987239
79869608.9829875,1633.8081466357658
79874961.91149478,1633.6259502685843
79880314.7280855,1633.4997613444286
79885667.27935842,1633.5152656407568
79891019.48900405,1633.617950460549
79896371.45916802,1633.6354955836894
79901723.24249789,1633.7341247119944
79907074.70124713,1633.6598821154935
79912426.16088681,1633.4444206878047
79917777.73087631,1633.2318263168206
79923129.2498819,1633.2387068618305
79928480.53831504,1633.2665228052315
79933831.52932094,1633.3204307165322
79939182.30774602,1633.39804448688
79944532.89043039,1633.3465304317106
79949883.23921333,1633.2541867410596
79955233.61965884,1633.202462002171
79960584.10152228,1633.0725415566706
79965934.45491849,1632.888340434699
79971284.5978614,1632.880040972166
79976634.39447103,1632.9649923987201
79981983.9145974,1633.0211875853388
79987333.23244068,1633.1023871800526
79992682.27056558,1633.0556285244943
79998031.20162733,1632.8388000817235
80003380.26892689,1632.6577992026976
80008729.2537547,1632.6564598714106
80014078.01141404,1632.7051648428696
80019426.47469206,1632.7531580932348
80024774.7413442,1632.8250017885703
80030122.74169718,1632.7704913393968
80035470.55017388,1632.6566512563475
80040818.32120764,1632.6108304664774
80046166.19585052,1632.5042738476361
80051513.99501428,1632.2818237807949
80056861.54485977,1632.2673980566524
80062208.7668847,1632.3665197980017
80067555.66648783,1632.3662032235795
80072902.3853669,1632.4508450097246
80078248.80172224,1632.455764737757
80083595.0430638,1632.2508488118365
80088941.40729791,1632.0442127365297
80094287.76748505,1631.960508640431
80099633.94979456,1632.0450821615516
80104979.77845497,1632.077873856123
80110325.34394519,1632.1191441950793
80115670.70928365,1632.1046101558115
80121015.8620729,1632.0329186112929
80126360.8965752,1631.9455220453253
80131706.06040074,1631.890353455795
80137051.14737861,1631.6576459672685
80142395.99300106,1631.6117165717956
80147740.53095892,1631.6926065101434
80153084.73139305,1631.7076959395324
80158428.7002342,1631.8382992577258
80163772.38564816,1631.8545215092297
80169115.833845,1631.6836987529337
80174459.38598152,1631.450704214026
80179802.93855196,1631.40909589437
80185146.26278335,1631.5063390940736
80190489.27110443,1631.5432800053195
80195831.98460594,1631.6194150501674
80201174.50151226,1631.634073957723
80206516.73880625,1631.5584326327637
80211858.8283503,1631.4245169397218
80217201.05604002,1631.4460787444277
80222543.18594132,1631.1596929533973
80227885.13187395,1631.1083681520201
80233226.7465296,1631.1738643596511
80238567.98856542,1631.2107482526578
80243908.99362513,1631.292086358293
80249249.73599416,1631.33937764126
80254590.1647585,1631.2081247063459
80259930.67305575,1630.9977453379252
80265271.18596444,1630.9014424037903
80270611.52474684,1630.9648274279243
80275951.57303792,1630.983757726768
80281291.2605283,1631.0683646304515
80286630.72927904,1631.1211656911223
80291969.93439662,1631.0650060126604
80297308.94241971,1630.9582221999517
80302648.0325436,1630.99854229043
80307987.06695607,1630.7366053987103
80313325.91975789,1630.6835682838848
80318664.43956421,1630.7411303567671
80324002.5414225,1630.860147054004
80329340.37722795,1630.9297790456112
80334677.98341243,1631.0184704491278
80340015.18610722,1630.9385706686323
80345352.41645071,1630.748026943999
80350689.64791486,1630.6061933289188
80356026.70261829,1630.6794482959167
80361363.49567302,1630.7310245078677
80366699.9562996,1630.8032866136202
80372036.12806392,1630.8957604893521
80377372.02047168,1630.815976825654
80382707.66929097,1630.7430527969348
80388043.35950056,1630.7810741238575
80393379.0256301,1630.6053280994786
80398714.50918145,1630.5118817107941
80404049.65413015,1630.5588338315943
80409384.3799868,1630.702032509208
80414718.79669054,1630.7576323303808
80420052.95625915,1630.906164599425
80425386.69732644,1630.871508315515
80430720.3706401,1630.6900507987198
80436054.08285594,1630.5153297996653
80441387.6481791,1630.5524199488364
80446720.94425741,1630.6170806660045
80452053.87746933,1630.7234147618985
80457386.48952815,1630.8553587861284
80462718.81013373,1630.820444131757
80468050.86864196,1630.7955600924774
80473382.86903244,1630.821161881701
80478714.8901739,1630.6701885855853
80484046.74985258,1630.540418351127
80489378.26941985,1630.5856757524962
80494709.37662795,1630.7572638502404
80500040.09547678,1630.8232544945465
80505370.57117751,1630.973725048032
80510700.63699396,1631.045094426078
80516030.47538354,1630.901606170354
80521360.36318669,1630.79548470078
80526690.11514366,1630.8401132348274
80532019.55914187,1630.9587477508205
80537348.61050484,1631.0833746151313
80542677.34920305,1631.259620258764
80548005.73964469,1631.3081585138805
80553333.83774973,1631.29854742762
80558661.76167238,1631.3146965383905
80563989.727107,1631.3277211335546
80569317.50588375,1631.1797419145148
80574644.96028915,1631.2537648586958
80579971.98618789,1631.4376868168506
80585298.57506663,1631.5476748566537
80590624.87446828,1631.732739808694
80595950.78277011,1631.8622779231673
80601276.33007556,1631.7900045908423
80606601.92557688,1631.671940183017
80611927.34794629,1631.7750322949782
80617252.50144202,1631.9520327379466
80622577.23677927,1632.0513702292546
80627901.5902809,1632.2747000752458
80633225.61416674,1632.4251832129653
80638549.26417923,1632.4705844677599
80643872.6727062,1632.47414760048
80649196.11578822,1632.640445072122
80654519.33760604,1632.4593127027338
80659842.26162627,1632.5421697277818
80665164.74031949,1632.7545216146493
80670486.72696799,1632.938074661481
80675808.36102477,1633.189512735979
80681129.60718699,1633.391183345236
80686450.40716462,1633.4136322659674
80691771.17118035,1633.3583587783885
80697091.8288366,1633.3666903089356
80702412.19348861,1633.6001317935709
80707732.12908202,1633.8197841633705
80713051.56092307,1634.0814161884477
80718370.65866794,1634.2942172453654
80723689.34520765,1634.4295679871504
80729007.69066548,1634.5151997493906
80734326.01388071,1634.7005977770264
80739644.1729131,1634.6633291780454
80744961.97390813,1634.7822983182962
80750279.34312394,1635.0332389536195
80755596.1327211,1635.3421666712266
80760912.53194806,1635.6166228207908
80766228.51638167,1635.9778905304022
80771543.9314017,1636.148950652816
80776859.19448355,1636.1869860055815
80782174.33412546,1636.2440845460446
80787489.15326416,1636.5547987870414
80792803.54938526,1636.8577651499893
80798117.4341598,1637.2039295674083
80803430.84115563,1637.582583610877
80808743.78940992,1637.777712922492
80814056.32251574,1637.9911900941827
80819368.71257608,1638.3023506315863
80824680.91028808,1638.4608389236175
80829992.72666918,1638.5801902605513
80835304.05972221,1638.9182760021856
80840614.78343272,1639.365991335317
80845924.95772086,1639.8090414161597
80851234.66206312,1640.285567602539
80856543.78197023,1640.6197557918288
80861852.52775502,1640.7901199441546
80867161.123931,1640.9345993775582
80872469.45684287,1641.291726499959
80877777.69704795,1628.157362869645
80883091.36213748,1628.351082420452
80888404.35555334,1628.4667748672687
80893723.566905,1615.5438759799263
80899042.14216468,1615.4980418162822
80904366.51770017,1601.9880080613311
80909691.26676843,1601.8955272737062
80915021.21170734,1587.7333322595885
80920351.8027836,1587.6658442456455
80925686.86456403,1573.5279937563294
80931023.07375939,1573.4573688109053
80936363.39263298,1559.0508634866662
80941705.43824537,1558.9374230492845
80947051.10618757,1543.999226664232
80952399.4576952,1543.5712597113145
80957751.23728618,1528.5770632733283
80963105.87202245,1528.4274068871894
80968463.25939898,1513.514289534108
80973823.7553204,1513.2731981881977
80979186.85664997,1498.1344279955288
80984553.45689796,1497.6820837798887
80989920.00306204,1497.1897194005646
80995286.77181382,1496.7830998130523
81000653.50996712,1496.0347794069824
81006020.13740546,1495.6093560048591
81011386.51145455,1495.3625685930915
81016752.59005746,1495.0605228300005
81022118.52299741,1494.8126054643562
81027484.25666288,1494.4930605349196
81032849.75849083,1493.9324222803605
81038215.44853458,1493.3485152201079
81043581.16411167,1492.8254767408039
81048946.8414253,1492.5806832628991
81054312.26627551,1492.2814655051475
81059677.41944173,1491.9808400703155
81065042.4464073,1491.5743185610042
81070407.2821248,1491.1123977630875
81075772.02262768,1490.5983591126148
81081136.99633454,1490.1898363605708
81086501.95351341,1489.4353998688296
81091866.78746247,1488.9727073021336
81097231.37318982,1488.6972804943161
81102595.6673858,1488.3937438893133
81107959.78924134,1488.1314129864884
81113323.72993574,1487.8168213456074
81118687.40819019,1487.2678771038218
81124051.24924512,1486.6517534526943
81129415.12903139,1486.122059070603
81134778.98088354,1485.8970843328639
81140142.59064698,1485.5732364773362
81145505.90572251,1485.224668566321
81150869.08956386,1484.8259740964788
81156232.07350352,1484.3299862261324
81161594.94346632,1483.7973395412355
81166958.03248245,1483.3992776223513
81172321.12009259,1482.6192935529443
81177684.08737768,1482.119046689448
81183046.82747492,1481.8096466925376
81188409.26434849,1481.5192813580795
81193771.51694767,1481.2440706423283
81199133.59332019,1480.936740452798
81204495.3742009,1480.4071654281051
81209857.28511286,1479.7692867701214
81215219.26268382,1479.237403458158
81220581.18522835,1478.9302733650186
81225942.89330615,1478.563388937399
81231304.30669029,1478.2950848956755
81236665.54605708,1477.9150601276272
81242026.61629958,1477.4379936907442
81247387.52387659,1476.904151877405
81252748.62722106,1476.4938337217527
81258109.75433621,1475.7119468903923
81263470.76457945,1475.134162940221
81268831.57026461,1474.788823516274
81274192.05407019,1474.489857569557
81279552.34846176,1474.2025533562926
81284912.44652721,1473.8933983165377
81290272.25833496,1473.373353846531
81295632.15940325,1472.691845540031
81300992.13408452,1472.1544836161008
81306352.0224198,1471.8553269855786
81311711.73535177,1471.4678274807209
81317071.18088846,1471.1287830912272
81322430.41985808,1470.7753105284694
81327789.46824087,1470.2349109682693
81333148.35898358,1469.6981392180226
81338507.3872364,1469.3108596296065
81343866.47346683,1468.5135470303896
81349225.47453256,1467.9415257369646
81354584.24874072,1467.5576796433795
81359942.67270623,1467.2757619892875
81365300.9142009,1466.965316458727
81370658.9490165,1466.6871714213955
81376016.68609236,1466.190813873601
81381374.44965439,1465.4914636498788
81386732.31419003,1464.9164447449941
81392090.14472196,1464.653508473741
81397447.776468,1464.27377472065
81402805.10038418,1463.8926387023666
81408162.22348738,1463.5134595931763
81413519.13526455,1462.9710997938703
81418875.88638867,1462.4070130609384
81424232.75941397,1462.0082249897068
81429589.69757773,1461.2471206533573
81434946.5647037,1460.5952662083062
81440303.19077967,1460.1741240818458
81445659.48393746,1459.933242323984
81451015.54007174,1459.5979135725372
81456371.4100821,1459.3466851680462
81461726.92632979,1458.8799834525034
81467082.43183152,1458.1796440446885
81472438.05140959,1457.4556105975855
81477793.6785083,1457.1169556004568
81483149.09399353,1456.829369481657
81488504.19206257,1456.4316984869465
81493859.09147862,1456.0344924172648
81499213.78506234,1455.5355520109072
81504568.26418862,1454.965269069021
81509922.81990297,1454.4935751216483
81515277.51065937,1453.8914966593018
81520632.07542142,1453.0925484770596
81525986.44978192,1452.6595211151305
81531340.50672455,1452.3968832073585
81536694.23225422,1452.0635448846167
81542047.8198459,1451.7925788468822
81547401.07717846,1451.3932866358978
81552754.21217655,1450.68841538935
81558107.50656669,1450.0373919447998
81563460.73845845,1449.6872855165268
81568813.76964578,1449.3095607468158
81574166.5264779,1448.8894053777706
81579519.06277192,1448.5829135882261
81584871.36140715,1448.0655451930727
81590223.46460994,1447.5322446969144
81595575.54482278,1447.0100558847846
81600927.78752853,1446.3978003481247
81606279.924521,1445.524320799951
81611631.87584609,1445.027117363957
81616983.53526598,1444.770598046448
81622334.86481436,1444.414836821631
81627686.02825414,1444.1685912323655
81633036.85815002,1443.7588873314346
81638387.50413506,1443.0623586980828
81643738.28843705,1442.3168551311678
81649089.0711506,1441.9307224498395
81654439.68061996,1441.6401811914889
81659789.95915183,1441.189244472232
81665140.01374808,1440.808299261986
81670489.8458913,1440.365216842075
81675839.44421035,1439.796971001691
81681188.97601673,1439.2664739537422
81686538.6785393,1438.7404919574396
81691888.29790159,1437.7716594161393
81697237.75288568,1437.2474990972837
81702586.90359339,1436.9590001030383
81707935.68154855,1436.6088275422517
81713284.2685788,1436.3178767001075
81718632.59329666,1435.9477212163285
81723980.6136074,1435.2878735593256
81729328.7930637,1434.6031010657496
81734676.93515019,1434.0439332342235
81740024.95744106,1433.7664133795358
81745372.6875299,1433.324560335218
81750720.12022159,1432.9582478592395
81756067.31516072,1432.493837264625
81761414.29067059,1431.929124877389
81766761.12100643,1431.3743775267426
81772108.14598128,1430.894458425713
81777455.11069727,1429.9782239951003
81782801.87579155,1429.3872872774866
81788148.34616125,1429.0828353304055
81793494.44543242,1428.7679718664049
81798840.3174354,1428.5332220249877
81804185.93039663,1428.2058415825836
81809531.18221696,1427.578046809575
81814876.54128103,1426.8643499665357
81820221.9156586,1426.2360685434558
81825567.16378105,1426.0342546216805
81830912.09229073,1425.6237264623767
81836256.70054363,1425.193667020026
81841601.1143249,1424.7747376474913
81846945.22209121,1424.2296208417913
81852289.14864674,1423.631393607477
81857633.25655521,1423.2436688316827
81862977.29356891,1422.2885036690668
81868321.18696402,1421.6161810078252
81873664.7837103,1421.2452438448329
81879007.99018657,1420.9501170309045
81884350.92878212,1420.6786438434376
81889693.61120228,1420.3554004644957
81895035.91944599,1419.7936373634193
81900378.2716513,1419.0381709268097
81905720.63976265,1418.4497670959724
81911062.86241569,1418.189517455311
81916404.81811349,1417.7795419461897
81921746.42066152,1417.3485008631067
81927087.80449772,1416.9761099124003
81932428.88483913,1416.419593742565
81937769.74079739,1415.8251269382945
81943110.72193754,1415.4494032891962
81948451.69218892,1414.514450361877
81953792.52083702,1413.823155206744
81959133.04293327,1413.4081322001696
81964473.14392217,1413.1946076945221
81969812.95286468,1412.924367283745
81975152.50802284,1412.6970717108084
81980491.63776752,1412.2164263580344
81985830.71606292,1411.482870404852
81991169.81116223,1410.8648527139374
81996508.80145761,1410.5316872309018
82001847.56623133,1410.1866858960168
82007185.94365071,1409.8197804296274
82012524.01970448,1409.518997902085
82017861.81005546,1408.9579153873046
82023199.35162792,1408.4299085058692
82028536.90910788,1408.0067199903017
82033874.51050206,1407.1906106797933
82039211.97279024,1406.3794617713113
82044549.1329257,1405.9433646230866
82049885.89471537,1405.7487260747262
82055222.27854928,1405.3879864633614
82060558.4621487,1405.1888993296036
82065894.17790426,1404.8212769949803
82071229.73254451,1404.1076693051186
82076565.36672838,1403.4553995466529
82081900.85944428,1403.1560227431262
82087236.10227433,1402.7991337473188
82092570.98199998,1402.405748565898
82097905.55682054,1402.1456011852158
82103239.81282495,1401.6369301568723
82108573.78790782,1401.131355770188
82113907.67582926,1400.6579900859724
82119241.65215717,1400.02894848577
82124575.45579842,1399.0694815666025
82129908.98848207,1398.5991323556177
82135242.13797282,1398.4339478192533
82140574.84203528,1398.1221706486538
82145907.30805217,1398.0011211248623
82151239.34163897,1397.7051816027283
82156571.06517224,1397.0361900697526
82161902.87492092,1396.3898324357538
82167234.56866834,1395.8663997121891
82172566.04764076,1395.6650578232116
82177897.14292848,1395.3240078092767
82183227.84782974,1395.0384351059556
82188558.22149362,1394.5856195501224
82193888.29964676,1394.1118513474398
82199218.1703619,1393.6734716257154
82204548.1708581,1393.2188744425584
82209878.02384517,1392.3025153507763
82215207.56762879,1391.8136163552085
82220536.7212504,1391.6622297286171
82225865.3696419,1391.4518729600104
82231193.71547249,1391.2963196069736
82236521.68919298,1391.095716874033
82241849.2040221,1390.5517003945538
82247176.76601368,1389.9278947491907
82252504.19789784,1389.4502598870954
82257831.43598202,1389.4220003747826
82263158.26910523,1389.0994289392906
82268484.67268777,1388.7999803777975
82273810.7219768,1388.4874481165289
82279136.43496396,1388.0257724342737
82284461.86533204,1387.591850766974
82289787.3537055,1387.3202551901813
82295112.68549998,1386.3673509103617
82300437.77577561,1385.9248631157411
82305762.42746897,1385.7300115910818
82311086.53197907,1385.6667440722829
82316410.26078089,1385.6120869002996
82321733.62573873,1385.5084374170824
82327056.44541042,1385.1325936647263
82332379.22053072,1384.5390374729086
82337701.87500815,1384.126190835562
82343024.26972826,1384.098757800852
82348346.25893779,1383.898792290189
82353667.73895818,1383.6651777918175
82358988.89869738,1383.492919987073
82364309.6195938,1383.1676540843227
82369629.9708599,1382.7966849710378
82374950.3231733,1382.6566537215147
82380270.5420679,1381.8511421245248
82385590.45931473,1381.2700466064944
82390909.96437097,1381.0916027096523
82396228.89145589,1381.1191000530523
82401547.35774843,1381.1614506262806
82406865.40968983,1381.2229647791546
82412182.88740173,1381.0276738932641
82417500.13411301,1380.5561330181652
82422817.31605744,1380.0417780484497
82428134.24037157,1380.0930482209105
82433450.74161488,1380.112074811055
82438766.67715703,1380.0413488464117
82444082.13795887,1380.0190125872382
82449397.17850192,1379.8249466797208
82454711.7658988,1379.6511239808729
82460026.1777946,1379.5993765086632
82465340.48965372,1379.173980134484
82470654.49182938,1378.5717639169686
82475968.0234923,1378.4951821156992
82481280.95637998,1378.747185001699
82486593.2626672,1378.8432055890403
82491905.17095916,1379.1769603283901
82497216.44010009,1379.32093037632
82502527.23944353,1379.067292161299
82507837.97542684,1378.8611941156378
82513148.32597418,1379.056121489694
82518458.21737985,1379.2980202717858
82523767.50576182,1379.3372202443334
82529076.27214184,1379.5259088806822
82534384.51108426,1379.6638914768914
82539692.18508337,1379.6856937116265
82544999.46958534,1379.7358804858818
82550306.70006204,1379.7889617766355
82555614.5095351,1357.5951444886705
82560927.22285737,1357.3560361125478
82566239.10901567,1357.0896781067486
82571558.30534501,1338.4018046514561
82576875.6017038,1338.2502349317672
82582199.70234676,1318.264919453632
82587522.4080393,1317.5255928413383
82592851.81709783,1295.80604914474
82598180.82628661,1295.054078800465
82603515.67985588,1272.9880485940787
82608850.52415201,1272.3997400799285
82614190.48308991,1249.1051835962028
82619531.07843152,1248.28495230821
82624876.34393905,1223.9038309103685
82630222.8729712,1222.88606156356
82635574.10946095,1197.8913794479147
82640927.28974013,1196.107488355456
82646284.30291411,1170.0234346649897
82651643.49001579,1169.1358774213622
82657005.95074481,1142.8736284660322
82662370.99740757,1142.0545857880911
82667735.84131218,1141.0424423886902
82673100.35940644,1139.640773284555
82678465.06218052,1137.9678374323264
82683829.84223476,1136.4866278302748
82689194.50295213,1135.55208297076
82694558.91871822,1134.3720983818546
82699923.1061462,1133.2508168307163
82705287.10799144,1132.0616738206727
82710650.8891693,1130.617006925139
82716014.51349671,1129.2161244523966
82721378.38035186,1128.0214690200673
82726742.3462026,1125.879480950913
82732106.1692836,1124.3234692197084
82737469.79144014,1123.2416549219201
82742833.0393484,1122.2076936965839
82748196.07178469,1121.3056869115715
82753558.8936795,1120.312637346138
82758921.38270222,1118.9266937172513
82764283.99317953,1117.1630198937853
82769646.72854538,1115.5594122012574
82775009.37055303,1114.6317980235294
82780371.73389927,1113.427761200431
82785733.84117176,1112.1787344690972
82791095.80474904,1110.9974014154695
82796457.50024223,1109.502927216206
82801819.04180846,1108.0366234821902
82807180.79780233,1106.8933345599542
82812542.64653558,1104.7603294980083
82817904.41833837,1103.066553651663
82823265.93648289,1101.8714051178476
82828627.0631426,1100.8872453470212
82833987.9351178,1099.8869149608668
82839348.63174477,1098.9458342907997
82844708.95667002,1097.597551568902
82850069.35063143,1095.7849584282199
82855429.88238037,1094.0287061517954
82860790.39225872,1093.039448099261
82866150.59888586,1091.835293640946
82871510.5225032,1090.565454745432
82876870.29640462,1089.3694845308585
82882229.77845456,1087.817186211546
82887589.09205912,1086.3089565667326
82892948.57339299,1085.0978892458184
82898308.155313,1082.8648534638269
82903667.70695424,1080.9616534431602
82909026.9966616,1079.619510111071
82914385.91676058,1078.6939258970679
82919744.58051069,1077.5110979094536
82925103.03205304,1076.6007365895907
82930461.09321573,1075.2272441226846
82935819.1651332,1073.3542988417435
82941177.37578566,1071.4929209286922
82946535.58356252,1070.2385531801608
82951893.56569606,1069.0455009783595
82957251.19121629,1067.7702324623906
82962608.64777867,1066.419293460548
82967965.86172837,1064.8684309479295
82973322.84816861,1063.2318769873734
82978679.95638314,1061.8834808311155
82984037.21301076,1059.9136856251544
82989394.41519107,1057.7256443814206
82994751.38631488,1056.2982954853505
83000108.0014429,1055.327912929944
83005464.25894876,1054.1428938164652
83010820.34758204,1053.178088299986
83016176.07351024,1051.912677037084
83021531.69126025,1049.970047343528
83026887.50597206,1048.1683454289564
83032243.26280268,1046.7436126769014
83037598.80534041,1045.3676412947443
83042954.02337043,1044.078550873921
83048309.03636481,1042.8619052781892
83053663.80259244,1041.2682398357406
83059018.3355936,1039.6519857232645
83064372.89114961,1038.2425176663703
83069727.66046593,1036.3120601864978
83075082.36017174,1033.959220720213
83080436.84351958,1032.3690853855085
83085790.96929331,1031.3247407077888
83091144.73960479,1030.1209947767272
83096498.29019473,1029.0968029947308
83101851.51144136,1027.7907503599222
83107204.53224371,1025.798548719557
83112557.78418818,1023.7980462673945
83117910.9501151,1022.4543109365793
83123263.91601612,1021.115261567882
83128616.58984357,1019.4966287989851
83133969.0413997,1018.2053676434625
83139321.18807612,1016.5705358498991
83144673.09748611,1014.8272364325585
83150024.97722535,1013.2773988975794
83155377.10060759,1011.5234866057963
83160729.15937711,1008.8076458497383
83166081.02560937,1007.1292301591061
83171432.57284364,1006.0606029332298
83176783.67236505,1004.7427322851408
83182134.63774486,1003.7108898633238
83187485.20615235,1002.4686440429041
83192835.50205043,1000.4394742743048
83198186.01309536,998.3625447874997
83203536.52785352,996.5235480896827
83208886.88206437,995.2017889106446
83214236.89903016,993.7418480108266
83219586.6020216,992.3638711904559
83224936.10637903,990.6444713988823
83230285.32522376,988.8980961753211
83235634.40764584,987.1519882946999
83240983.75160713,985.4985431249715
83246333.037012,982.731540221854
83251682.15667595,980.8731913226079
83257030.94649084,979.603695837094
83262379.29437101,978.2066239732628
83267727.42675623,977.0821427949551
83273075.2452058,975.7984174220294
83278422.70950039,973.8534030441867
83283770.36804844,971.6467662476566
83289118.06011291,969.8842879396647
83294465.54895474,968.4662171987809
83299812.70663756,966.7184348811452
83305159.60038337,965.2855742029736
83310506.2137768,963.6990830125183
83315852.55012578,961.7605572053103
83321198.70090011,959.9289762851208
83326545.08179502,958.3121267916987
83331891.40648209,955.3277836208536
83337237.61685799,953.3152147983653
83342583.5034425,951.9192455727894
83347928.9130179,950.6725021002637
83353274.06564097,949.4282433500773
83358618.95956774,948.265387811097
83363963.37637883,946.3614486101515
83369307.92910787,944.1050649171422
83374652.52649145,941.9900476687233
83379997.03666784,940.5636702771508
83385341.16249096,938.8262970241278
83390684.93326083,937.427988262991
83396028.46694306,935.7723385198037
83401371.7160971,933.8262932665065
83406714.69425146,931.9114358054467
83412057.86508183,930.3184183016721
83417401.0268031,927.3871553386246
83422744.05106427,925.0990937992001
83428086.77032113,923.502272163475
83433429.01850551,922.1667486129429
83438770.9640888,920.7304221723678
83444112.63577102,919.5128267381966
83449453.8295169,917.6762062067527
83454795.05570897,915.2476364847192
83460136.40264268,912.9795504392762
83465477.66880624,911.6538814530591
83470818.47972675,909.9701268731003
83476158.89374827,908.2718414495203
83481499.15102024,906.5668466321545
83486839.0407094,904.6291406738883
83492178.635354,902.5451371296137
83497518.33897959,900.9053089336062
83502858.11142421,898.0975687619967
83508197.70610455,895.403157141885
83513537.05785586,893.6049706397976
83518875.94516782,892.3324627881516
83524214.45083652,891.0422832680047
83529552.67553748,889.7897404729222
83534890.43854596,888.0980809334455
83540228.0728453,885.580461976419
83545565.84509405,883.3459361424549
83550903.52749585,881.7417278261835
83556240.82190783,880.0597193345938
83561577.6828271,878.286668908931
83566914.32508439,876.586969491103
83572250.58388835,874.6037773338717
83577586.52057171,872.5085595575772
83582922.45821501,870.7386692640309
83588258.5396499,868.1651995209222
83593594.40147327,865.1443690533408
83598930.01416878,863.1684696390388
83604265.18292835,861.8665790727048
83609599.8798674,860.3972260798063
83614934.3267008,859.0959214795705
83620268.2963779,857.5896942934969
83625601.96181414,855.0878698995001
83630935.8125144,852.6539914188202
83636269.4596527,851.0308517354919
83641602.83725569,849.3305747697686
83646935.76114318,847.2909284635109
83652268.36482272,845.672111424059
83657600.60436776,843.7415532558185
83662932.47414708,841.6285865618565
83668264.2586425,839.7585536883521
83673596.20337978,837.541451193903
83678927.9315889,833.781107531133
83684259.43132444,831.6420492979782
83689590.51238257,830.2854167738254
83694921.05315778,828.7410007647031
83700251.2661231,827.508202444345
83705581.05243573,826.0632162493346
83710910.39317735,823.700106391201
83716239.86143109,821.1533096497797
83721569.26642908,819.1312156024916
83726898.38875535,817.5325070817623
83732226.97502236,815.6638795306051
83737555.13916568,814.089030568163
83742883.01577829,812.2890699733863
83748210.44525923,810.1807804659879
83753537.63231704,808.1456658119705
83758865.00751145,806.3933892455657
83764192.13067506,802.5657297902549
83769519.09236185,800.0593898277078
83774845.57899585,798.585989637806
83780171.50876765,797.341819140215
83785497.06003356,796.1702718393099
83790822.15874328,794.8681748360253
83796146.68180132,792.7241084084703
83801471.2610188,790.0711637885408
83806795.77327704,787.8652914049535
83812120.01070748,786.8627539843184
83817443.72345036,784.927571888632
83822766.90159044,783.321322911931
83828089.78195767,781.6189989210568
83833412.19570379,779.6879470419017
83838734.2228613,777.667896199925
83844056.37077652,776.0401555434648
83849378.31916533,772.3612619799326
83854700.01732092,769.7967439398979
83860021.2817591,768.2073594803901
83865341.90188171,767.0982575826049
83870662.1093362,765.8958730216291
83875981.85898782,765.0625170892099
83881300.92366089,763.3448616060193
83886619.8824051,760.8701303240191
83891938.75310546,758.3617116378697
83897257.42206968,757.080041282486
83902575.58296968,755.551658043573
83907893.13095023,754.1664024702159
83913210.21777079,752.9357395919635
83918526.77034944,750.9910547975983
83923842.91629869,749.2483181049612
83929159.02692735,748.0163905192296
83934475.0034081,744.7564682936497
83939790.65553565,741.7613113440752
83945105.85190703,740.1913139826282
83950420.43016304,739.5888805984835
83955734.32891637,738.7574063225748
83961047.84092744,738.1331657484197
83966360.60005473,737.1048254481033
83971672.97270076,734.8818170621616
83976985.28803574,732.728053825027
83982297.33886468,731.8630623291583
83987608.82386234,731.0310279943997
83992919.60179734,729.676171804719
83998229.89979719,728.7295644843953
84003539.61888972,727.472054654085
84008848.73059648,726.1860326114561
84014157.58142647,725.1929166143761
84019466.36442897,723.2755918695602
84024774.7435331,720.3363070672453
84030082.60067223,719.0046570814816
84035389.79660138,719.1074433773995
84040696.19009487,718.7242578420164
84046002.08155175,718.997944425296
84051307.1807396,718.9594957188265
84056610.97394949,658.8392125124063
84061921.67387404,656.6481389581904
84067232.022629,655.3686328028369
84072549.850637,594.2520183682211
84077865.45287378,592.0288179566684
84083187.71356072,518.9334849863617
84099162.50135726,421.13593090264703
91148498.89432831,468.39581870284223
91159153.85193986,488.3713483368366
91169807.12563679,510.1820978407022
91175133.18456455,520.7645248518752
91180458.82797946,530.9405442652269
91185784.3890582,538.344129011223
91191109.1181084,546.9370809988327
91196433.35334182,555.9294640518433
91201757.4783105,563.7893853263963
91207081.41410962,572.1858194418732
91212405.09002697,580.3516142872213
91217728.38979483,588.6793522339424
91223051.24289276,598.0964586619598
91228373.6142741,607.5907384860894
91233695.472611,614.826472218986
91239017.2084946,621.8500273011529
91244338.29767597,629.9633638205357
91249658.90966392,638.8309065563702
91254979.1246299,647.3027113545372
91260298.8636863,655.759576436313
91265618.07641622,664.4169898211701
91270937.11977558,670.7983320738215
91276255.36070012,677.5297078043884
91281573.05149569,684.8342907441274
91286890.4267063,691.7025748666395
91292207.61665553,698.6680874938442
91297524.45248257,706.0096111640473
91302840.79820813,712.9347713941852
91308156.70086505,720.6937062783803
91313472.03523527,729.0543234105398
91318786.77714205,735.905314336667
91324101.20799725,742.4689433785666
91329418.87272413,691.7647558402255
91334738.5305389,699.8220287929021
91340060.75544955,645.9780791060742
91345386.1104409,654.0321465336688
91350713.0276439,597.1337892879486
91356044.23241821,603.924986635056
91361376.21491307,541.0166826612251
91366712.8191868,548.6816520422476
91388078.27434184,504.593897402669
91393420.614892,512.8031393465649
91398762.65868522,522.6243267552829
91404104.34358637,530.5277816486283
91409445.8860356,536.8893997207588
91414787.16780119,543.9552350089219
91420128.01727185,552.5753674465404
91425468.65964444,560.4960355097561
91430809.0495484,568.6537302597435
91436149.07912856,576.899621937951
91441488.97365852,583.8981453564534
91446828.58698234,589.758684557065
91452167.57938875,596.0714467795658
91457506.41042696,602.8734034410772
91462845.2279627,608.7210916354448
91468183.92675985,615.436916060361
91473522.40119706,621.8250381461957
91478860.60046776,628.3281176723726
91484198.4971541,636.2492730584389
91489535.99193686,643.1067557923079
91494873.2345807,648.8854683929113
91500210.27192672,654.7075036871938
91505546.88638815,661.3071547442298
91510883.20571986,668.0498457955118
91516219.24295333,674.7905866862033
91521554.91581343,681.6196404871664
91526890.33469035,687.9555598117288
91532225.59754919,692.7103426812148
91537560.07940994,698.035393093745
91542894.3814581,703.7991638496619
91548228.59695475,708.8220139272772
91553562.69085158,714.5408397213623
91558896.53174527,719.935120372215
91564230.10366076,725.5453153126516
91569563.3528775,732.2244202793387
91574896.17178093,738.4606092020554
91580228.64945877,743.3849294563005
91585560.98873849,748.6475978814667
91590892.81791528,754.3080517902891
91596224.31823635,760.3734995232537
91601555.55710219,766.2875762082126
91606886.40975776,772.1406777833937
91612216.88926287,778.0047799640915
91617547.21637914,782.2946342207989
91622876.75209294,786.998278100466
91628205.99291614,792.0631106158694
91633535.08676317,796.687846316614
91638864.07616587,801.7357504273454
91644192.80836973,806.796015625725
91649521.21340042,811.7098123559624
91654849.29290506,817.4760264620452
91660176.9162391,823.2653845643003
91665504.08969197,827.8472320991482
91670831.10466088,832.5208428230883
91676157.63691565,837.6946301818293
91681483.71456975,843.1572018423752
91686809.51611783,848.4179373643365
91692134.94303055,853.7725945754082
91697459.90452112,859.3134350323692
91702784.74849917,863.4016281827829
91708108.82607192,867.596702548426
91713432.37178269,872.181021400388
91718755.72007374,876.5935617933105
91724078.91362031,881.0481797770244
91729401.84144409,885.7945103447979
91734724.35421361,890.5017565065982
91740046.50893249,895.5943257705246
91745368.18309109,901.169409231607
91750689.32116525,905.4771745490045
91756010.23870452,909.8898283798317
91761330.65585758,914.6769270877589
91766650.54930551,920.020446103295
91771970.03987512,924.9460372822134
91777289.10496722,929.9841571035415
91782609.12970334,893.8902541706045
91787933.92387077,897.9220702204086
91793258.90899542,859.9685780456898
91798588.99879234,864.2112161632838
91803918.60465758,867.9616228600246
91809256.78281827,837.8075760623542
91814592.70409144,841.7459699032636
91819936.49253696,809.2689831368134
91825278.42418125,813.7154288667255
91830627.6435572,779.8791986071876
91835975.46230207,784.2136084755574
91841330.25728653,746.2742756577738
91846684.3394938,750.7372208058673
91852044.72245519,711.4035790725738
91857404.75022303,716.474606827489
91862770.92695662,674.2727518354018
91868137.06873049,679.9813909309095
91873503.19041812,684.7768754902977
91878869.11551519,688.748261600214
91884234.5921897,693.1253296497489
91889600.00415127,697.8404087502395
91894965.51036178,701.9265119904039
91900330.94629464,706.5948154257712
91905696.34607626,711.0128661862523
91911061.5720567,715.7966984075929
91916426.58815901,721.4156213522895
91921791.32897784,726.2265951508675
91927156.05496,729.930511411911
91932520.70056254,734.2483753285665
91937884.97041027,739.2845565803073
91943249.08426534,744.1069933582994
91948613.04421043,748.9472013024437
91953976.77271187,753.9253706324098
91959340.42410116,758.2596115197205
91964703.96984091,761.626186361586
91970066.9148797,765.4516356213683
91975429.83382137,769.5660122880299
91980792.8078129,773.1260970229857
91986155.75342685,777.3020598856624
91991518.61918616,781.175732862661
91996881.33359836,785.3487857156192
92002243.82045321,790.301402804005
92007606.03981484,794.6838139047434
92012968.15456358,797.9504840018196
92018330.25284407,801.7932363531133
92023692.00673859,806.206245635771
92029053.5905084,810.5771136326221
92034414.98895013,814.8664387067515
92039776.18021531,819.2565439235805
92045137.21773082,823.2473799234862
92050498.22126712,826.1154734860456
92055858.59208864,829.656907143125
92061218.8856642,833.2823902417483
92066579.22680028,836.457910544205
92071939.55680583,840.1479945740145
92077299.75748894,843.6736867090881
92082659.81935897,847.3140012185036
92088019.67863187,851.76536882859
92093379.26235147,855.8438021142042
92098738.65374629,858.896152855683
92104098.0627739,862.4151010671392
92109457.13605434,866.2406695296386
92114816.01921934,870.182063533065
92120174.72139025,874.0451820610277
92125533.21493338,877.9585397989822
92130891.51040801,881.7445487842601
92136249.8195751,884.2946306796023
92141607.53541699,887.5025987703284
92146965.05774015,890.7950527420311
92152322.61176717,893.73827691728
92157680.14678062,897.0261934179536
92163037.61792,900.3747786492168
92168394.84353961,903.6983971220667
92173751.8986085,907.6433439637626
92179108.65474305,911.4362025216359
92184465.20485727,914.4416525149245
92189821.72440635,917.5265086439845
92195177.92143874,920.9326200189139
92200533.92797542,924.6139765622272
92205889.78866091,928.1556116339393
92211245.38440818,931.6883971657998
92216600.7584577,935.2894102120449
92221956.10677342,937.6989591521972
92227310.86270787,940.4139236887968
92232665.43731663,943.6150215041697
92238019.96360286,946.3262000823574
92243374.46033238,949.311769637791
92248728.88969928,952.2886267020297
92254083.12638813,955.4004064443108
92259437.13972725,958.9284989609293
92264790.87090401,962.5334362203319
92270144.3228346,965.2314022740518
92275497.83520555,968.083559286176
92280850.98799057,971.1783296188389
92286203.81852718,974.6196217282816
92291556.52724074,977.8489594546243
92296909.02088118,981.1152333259276
92302261.23708692,984.4967735966393
92307613.47392364,986.8770608577029
92312965.11241697,989.3733612808312
92318316.4744845,992.1205404489529
92323667.77422802,994.6978369837577
92329019.09342445,997.4142756794051
92334370.29949485,1000.2084108081231
92339721.28022304,1002.9647567490812
92345072.06247969,1006.138487001398
92350422.55181243,1009.5424541044642
92355772.73697017,1012.187068041716
92361122.87170897,1014.7090874545498
92366472.77641317,1017.5040181479656
92371822.34547718,1020.6894340906733
92377171.74334036,1023.7802336974121
92382520.89916931,1026.8084385123975
92387869.74936733,1030.0636178725558
92393218.57907434,1032.3349783846938
92398566.95943394,1034.5548680146055
92403914.93076892,1037.2589886881938
92409262.76806405,1039.7384088841964
92414610.61681186,1042.205945797586
92419958.33544579,1044.7801842241772
92425305.87616007,1047.43764187116
92430653.14536591,1050.3332752678698
92436000.14660323,1053.5800953323958
92441346.80704443,1056.001850376297
92446693.45966586,1058.3598850540595
92452039.82513763,1061.0282837557731
92457385.80918084,1064.0345396637874
92462731.5711986,1066.8489991830374
92468077.111991,1069.7010939032564
92473422.33782545,1072.6653948434214
92478767.47833389,1074.9649537343907
92484112.22906846,1077.132164009903
92489456.4453581,1079.6141994643338
92494800.5513571,1082.0616064646008
92500144.6160888,1084.2924247842102
92505488.56547233,1086.876691986067
92510832.29993582,1089.296051992252
92516175.77914825,1091.929418852276
92521518.96103685,1094.992480740111
92526861.7893066,1097.4617379148171
92532204.49568492,1099.6838299243714
92537546.95403849,1102.0704851569503
92542889.00723304,1104.8186733655489
92548230.84148508,1107.51177427627
92553572.41616033,1110.2713388104949
92558913.67147255,1113.03515297713
92564254.75912108,1115.5234581561917
92569595.53133953,1117.4321555072588
92574935.74190915,1119.5640138247863
92580275.76346903,1121.993125090558
92585615.72511202,1124.0790806658688
92590955.5291742,1126.4881035673604
92596295.10882027,1128.76974061781
92601634.42964484,1131.2369621032897
92606973.42288522,1134.1861299526968
92612312.04209079,1136.6664271872166
92617650.41512643,1138.752148468099
92622988.67303586,1140.9300552786797
92628326.43841839,1143.4901057614366
92633663.92911813,1146.1071713033125
92639001.1575457,1148.7369389046562
92644338.04410733,1151.33230505514
92649674.65555185,1153.8596383955487
92655011.05509329,1155.6455865237745
92660346.7811014,1157.7427225995716
92665682.24372187,1160.123588056158
92671017.60228312,1162.1305949477824
92676352.79884571,1164.3882104520999
92681687.76975565,1166.5696611921046
92687022.4184603,1168.869365794771
92692356.75064868,1171.635829970622
92697690.67711675,1174.1477512164925
92703024.28027004,1176.1558087769802
92708357.7950623,1178.233292420339
92713690.7704358,1180.5915413435077
92719027.0441461,1155.6476949570551
92724365.92853692,1158.1355914638602
92729707.50051658,1132.5159280093412
92735052.27581745,1134.984155166234
92740399.45518567,1108.0902259107347
92745750.054665,1109.9839970478388
92751100.48016985,1112.1730365879916
92756450.83757272,1114.0043326282198
92761801.1439293,1116.0486713174457
92767151.37260866,1118.0395339653223
92772501.39105634,1120.1982537818856
92777851.17211883,1122.6513127041092
92783200.66292588,1125.1099790987366
92788549.9117782,1126.8908373545764
92793899.19527866,1128.8561143191887
92799248.09956604,1130.9252518448998
92804596.68585494,1133.3689635981304
92809945.11959547,1135.6424927330918
92815293.32701391,1137.916094862404
92820641.25163634,1140.295875218719
92825989.1815197,1141.9106522278482
92831336.50770634,1143.7002821581275
92836683.56214908,1145.6198168237893
92842030.53197876,1147.4351318493614
92847377.50155637,1149.3250266669345
92852724.33097428,1151.221777937798
92858070.92860338,1153.167009719413
92863417.32487708,1155.4219276602644
92868763.42283131,1157.8219560397054
92874109.25287884,1159.6140524453274
92879455.04821579,1161.4389879847638
92884800.52922109,1163.3256854403169
92890145.65169315,1165.6065349090695
92895490.63885328,1167.829462662011
92900835.3600917,1170.0072276864512
92906179.78881836,1172.3595540712927
92911524.1695085,1173.9974829544194
92916868.05723612,1175.4834794544856
92922211.59650834,1177.4181377641862
92927554.97787516,1179.2283531186276
92932898.35175651,1180.998051574729
92938241.52553087,1182.867558802144
92943584.53060204,1184.7456476843902
92948927.28397693,1186.9035267213014
92954269.71785396,1189.2509647020267
92959611.80410771,1191.0413906931221
92964953.85851923,1192.6550459143373
92970295.64778902,1194.5122127253803
92975637.00195624,1196.6696141948864
92980978.17391601,1198.8220159310995
92986319.0616473,1200.9265614498986
92991659.63454019,1203.1439717208902
92997000.08894339,1204.8716054511965
93002340.16069001,1206.315356937579
93007679.7269206,1208.181270383163
93013019.10980482,1209.9487354837497
93018358.46241195,1211.5914558449226
93023697.64052097,1213.3833785187294
93029036.6090007,1215.1624404769436
93034375.30883798,1217.1626605250494
93039713.68934464,1219.4439968461365
93045051.69846402,1221.2320732743312
93050389.63403654,1222.764446316224
93055727.33137795,1224.510037174824
93061064.51723087,1226.6865293174758
93066401.4692362,1228.8042051172165
93071738.14917348,1230.8638272193384
93077074.49433699,1232.9681543521456
93082410.64575319,1234.7898604500247
93087746.50142537,1236.179443822054
93093081.77686699,1237.9452797911126
93098416.80600739,1239.7638796804224
93103751.7707938,1241.3619829092383
93109086.53231137,1243.1209665807426
93114421.11512418,1244.939050892248
93119755.3397064,1246.8388589003935
93125089.22463994,1249.0587028399789
93130422.71779202,1250.92643640635
93135756.00620554,1252.4215432719834
93141089.11824508,1254.025563398244
93146421.70500495,1256.0472526825783
93151753.9768912,1258.1600993431962
93157085.92809442,1260.1654353605254
93162417.52386945,1262.1860099294163
93167748.81157225,1264.167334527453
93173079.89442518,1265.5308365025658
93178410.32315929,1267.2130898400424
93183740.44397762,1269.0745579553773
93189070.40529118,1270.6576898967198
93194400.15739685,1272.4092955932529
93199729.6872089,1274.1529194654245
93205062.71622431,1251.7682474234339
93210398.00641589,1253.8417777054196
93215736.17697422,1231.1915294358907
93221077.36055136,1232.5315296378621
93226421.18027343,1209.2524664148405
93231768.38422015,1210.9322071582665
93237117.50945503,1187.852371427185
93242470.79387026,1189.618619539101
93247823.8723404,1191.4132460535354
93253176.73206295,1193.2369821946988
93258529.63956943,1194.3572344182996
93263881.97105804,1195.740317502883
93269234.11735529,1197.1812859139573
93274586.24129872,1198.5251133605266
93279938.36165382,1200.0053745222458
93285290.374316,1201.5031448284442
93290642.16270295,1202.976839065931
93295993.77539617,1204.8040080543853
93301345.11543667,1206.630345152896
93306696.2747954,1207.9188815447383
93312047.42938775,1209.1859953571661
93317398.29025257,1210.661064583319
93322748.88868187,1212.5122626571501
93328099.32070288,1214.2286689094833
93333449.52211942,1215.9129033625354
93338799.47501159,1217.726203619571
93344149.44270553,1218.8423767669938
93349498.89283739,1220.129473496786
93354848.12883121,1221.6417476547263
93360197.24242838,1222.9826672145375
93365546.36107744,1224.3922475480206
93370895.34770963,1225.786526043447
93376244.18601978,1227.296956352041
93381592.77051213,1228.9968922151634
93386941.08615933,1230.823323934279
93392289.14626639,1232.0463620517082
93397637.255199,1233.304002112216
93402985.00720637,1234.833652814316
93408332.4436732,1236.6398210689872
93413679.73398463,1238.2653599831094
93419026.79390936,1239.9076171678892
93424373.58745626,1241.6619204241513
93429720.36144891,1242.8719984789223
93435066.7184443,1244.0478116989282
93440412.70201473,1245.452344570773
93445758.60300381,1246.7646415566978
93451104.47682573,1248.0459015897677
93456450.23784977,1249.5215055722579
93461795.78383411,1250.9495543499165
93467141.1164818,1252.5273363141282
93472486.15530856,1254.3316137474199
93477830.9276819,1255.6705750554984
93483175.68674174,1256.845937012136
93488520.14396001,1258.1513631275445
93493864.23464714,1259.8357652464836
93499208.174041,1261.4665822439426
93504551.84908864,1263.0785587835219
93509895.23803933,1264.7800690413328
93515238.53242344,1266.0899056316512
93520581.47704427,1267.0947908579833
93525924.01424235,1268.4798715549896
93531266.39626859,1269.8510163146568
93536608.74866855,1271.0689880508294
93541950.94714564,1272.4901157593717
93547292.95321506,1273.8471033209123
93552634.74144772,1275.3635059277017
93557976.20449996,1277.1330185576326
93563317.36493407,1278.5029312784159
93568658.39002949,1279.6054361278825
93573999.25266059,1280.8295500289883
93579339.714884,1282.4615216113432
93584679.96410222,1284.1155025468565
93590019.94561617,1285.684777145494
93595359.63612713,1287.3051733491388
93600699.16125885,1288.7337222081153
93606038.44421598,1289.7112257216859
93611377.22533368,1290.8740366615027
93616715.79525276,1292.278396282643
93622054.33331686,1293.4472175036085
93627392.6742354,1294.8285690970065
93632730.86911575,1296.1418078388351
93638068.76566748,1297.5908532745584
93643406.3367582,1299.3189565441467
93648743.58026929,1300.725589093085
93654080.6608289,1301.7584108606275
93659417.61970551,1302.9281181007964
93664754.12065181,1304.4935872769227
93670090.33361343,1306.1455128747527
93675426.2735145,1307.6928109648247
93680761.90774466,1309.2641714326817
93686097.29089054,1310.8109428220178
93691432.52567253,1311.7968043556414
93696767.15748516,1312.9582238317728
93702101.55979411,1314.355978355019
93707435.84031647,1315.5234267859241
93712769.93946677,1316.855637984444
93718103.85327712,1318.1560301063923
93723437.4599983,1319.5843131980082
93728770.72955543,1321.2681228081892
93734103.63389815,1322.7876071821318
93739436.30310366,1323.8342480696435
93744768.87904678,1325.0567382504037
93750100.92728075,1326.486716659596
93755432.65727891,1328.202342599525
93760764.09313968,1329.754829606855
93766095.20082799,1331.289912720382
93771425.9524964,1332.9540712789722
93776756.6132886,1333.8856568433825
93782086.61876073,1335.0039404299494
93787416.32293545,1336.4082007645347
93792745.83328849,1337.6270764660699
93798075.19062912,1338.970106914517
93803404.29618697,1340.2900442675373
93808733.12910813,1341.7287814974547
93814061.58803615,1343.362565268696
93819389.63603319,1344.9753609569352
93824717.37074862,1346.0775658834575
93830044.94167498,1347.2138550336
93835372.03945296,1348.5642164363792
93840698.7361078,1350.245674508769
93846025.1330166,1351.84940247337
93851351.1524745,1353.3930902057205
93856680.81570838,1333.477886822546
93862012.8191839,1334.5445741392095
93867347.6774647,1313.5618834755637
93872685.2942048,1314.7895098699887
93878025.53816137,1293.8297778855315
93883369.42701432,1294.9236367618596
93888715.43641542,1273.8550527411924
93894065.49469177,1274.997892541184
93899417.19752462,1254.1058715710817
93904773.28955679,1255.533135900148
93910129.16830373,1256.4538155052453
93915485.15232094,1257.2465959633703
93920840.9011265,1258.3669374658648
93926196.31477182,1259.732385368068
93931551.59573902,1260.968965364032
93936906.70125362,1262.2161120931398
93942261.59980188,1263.569483678178
93947616.50121617,1264.489143086059
93952971.08940582,1265.2854303547642
93958325.33733647,1266.3143700238631
93963679.51679665,1267.321293861463
93969033.71004166,1268.2300020967305
93974387.81841625,1269.3335004069786
93979741.78371787,1270.378426204479
93985095.59533048,1271.5842586262143
93990449.1452414,1272.995445432005
93995802.49412206,1273.9998894069186
94001155.87238117,1274.7465614664552
94006509.04146226,1275.6716837105528
94011861.873857,1276.9716005458608
94017214.61226581,1278.2444408309432
94022567.13065195,1279.483467623222
94027919.429026,1280.7911434944917
94033271.6677205,1281.8104551854244
94038623.66799694,1282.4392753027994
94043975.26912706,1283.4231582735752
94049326.77213483,1284.4048450684204
94054678.32361276,1285.2763055175064
94060029.73886238,1286.2615343539078
94065381.08352941,1287.309876912872
94070732.19170855,1288.4442225862126
94076083.08503827,1289.8402138579925
94081433.73675199,1290.8196641975678
94086784.39064567,1291.6147498082232
94092134.88792129,1292.5348688047468
94097484.98900086,1293.7856259277733
94102834.94037148,1295.040798221249
94108184.71304499,1296.2329751188079
94113534.22969556,1297.4957821472585
94118883.67656787,1298.5878935804767
94124232.97541358,1299.2330684197807
94129581.725578,1300.0233708214328
94134930.43320778,1301.0060818915824
94140279.13766074,1301.8080541934826
94145627.74243014,1302.8199042099207
94150976.19407505,1303.77110882209
94156324.46630521,1304.827505499878
94161672.50503126,1306.2110658304919
94167020.27907148,1307.2553160800817
94172367.96388726,1308.029543567755
94177715.59685,1308.8540644000175
94183062.83189791,1309.9861489618545
94188409.86893933,1311.2731263119208
94193756.71114826,1312.4667377104322
94199103.30954698,1313.6702408597343
94204449.74520014,1314.8654787240625
94209796.1065226,1315.5144455087766
94215141.9321303,1316.2694700168686
94220487.63639426,1317.2719206312415
94225833.29156601,1318.0787082339568
94231178.82509436,1319.052541426376
94236524.25134942,1319.9960326841797
94241869.44277968,1321.0681582413874
94247214.37773487,1322.3715881168546
94252559.03537995,1323.497100838775
94257903.56697573,1324.197700171284
94263248.08115017,1325.1060529802394
94268592.14839648,1326.1881519211345
94273935.97439164,1327.4731009655106
94279279.60728139,1328.643086786231
94284623.00740218,1329.8000703807045
94289966.14651471,1331.0527157405882
94295309.31376408,1331.6494279073856
94300651.93886876,1332.4058177636568
94305994.30052902,1333.3121568996112
94311336.64043139,1334.1341495068966
94316678.88361065,1335.0585458579137
94322020.98806787,1336.026431522038
94327362.83073963,1337.0337179075404
94332704.44509113,1338.2782926692526
94338045.75694406,1339.4637613298078
94343386.89127192,1340.190430063806
94348727.9981341,1341.1066845219143
94354068.67821367,1342.0898652615563
94359409.05323109,1343.3453435887327
94364749.26383185,1344.5249711070726
94370089.21168287,1345.670614052351
94375428.86202262,1346.9489096631216
94380768.52813315,1347.6643081904488
94386107.66566932,1348.3999284904835
94391446.49577357,1349.2591195296993
94396785.22760577,1350.128655021179
94402123.89160967,1351.029298049506
94407462.35637315,1352.037865261005
94412800.58038384,1353.004563916851
94418138.58919263,1354.1853489832067
94423476.24780113,1355.430695974122
94428813.68606414,1356.2708870917704
94434151.04082088,1357.0722166782755
94439488.02965371,1358.032692723293
94444824.65119047,1359.2862328705726
94450161.1046042,1360.414848025948
94455497.24188128,1361.5843836693896
94460833.0942146,1362.823057089575
94466168.8890666,1363.6610668998974
94471504.18977791,1364.3117658826545
94476839.14226954,1365.1708733594612
94482173.93711886,1366.0996974322593
94487508.65471283,1366.9740175695222
94492843.15955783,1368.0039828369318
94498177.44000505,1369.0191876004096
94503511.45304683,1370.1595894426273
94508845.08320856,1371.4571935974168
94514178.4343166,1372.3651356349146
94519511.66992997,1373.077801826228
94524844.59025876,1374.0298895589071
94530177.07171325,1375.2994219328643
94535509.34105517,1376.4658113237035
94540841.30335599,1377.640794042923
94546172.93522447,1378.8645186985618
94551504.42187978,1379.8874899704665
94556835.58685398,1380.5557224556837
94562166.19264723,1381.332283357006
94567496.64069773,1382.3023342970291
94572826.98339857,1383.1564590344278
94578157.08004671,1384.2070478128892
94583486.93181366,1385.2546811517825
94588816.4749323,1386.3485599467238
94594145.65385723,1387.7096071975543
94599474.45657288,1388.6870676271578
94604803.09590885,1389.614235313532
94610131.43595384,1390.5844721144906
94615459.26695047,1391.7478011390385
94620786.8228498,1393.0173299489645
94626114.07411292,1394.2086830539508
94631440.94388139,1395.4571043002165
94636767.56521918,1396.6370718297594
94642093.96753283,1397.3133159021154
94647419.68030487,1398.1688944185505
94652745.1838073,1399.1784840325197
94658070.52703574,1400.0817722661848
94663395.59015092,1401.1627964806598
94668720.42640719,1402.2755273152864
94674044.86310786,1403.4260832301288
94679368.8966054,1404.7929598423784
94684692.49290822,1405.9205514661594
94690015.8433431,1406.774150194476
94695338.9776512,1407.8434511461428
94700661.51180138,1409.0515885913312
94705983.65825444,1410.4121005357983
94711305.46859914,1411.6782514662336
94716626.89076187,1412.9316380440937
94721947.90476097,1414.3075231613202
94727268.78028925,1415.031926972132
94732588.95161864,1415.8209771432498
94737908.71712817,1416.9353630011224
94743228.27655472,1417.9085543410538
94748547.56109379,1419.0357835769978
94753866.51764095,1420.165990923871
94759185.11984234,1421.3975747965205
94764503.25562386,1422.8108585045193
94769820.88576658,1424.1400934813228
94775138.13265543,1425.0552341334032
94780455.10114984,1426.0434743972128
94785776.97756895,1408.11990698589
94791099.43216471,1409.441867246504
94796426.35016744,1391.0828908300828
94801754.59984133,1392.2041087449613
94807086.60710058,1373.5446488919756
94812420.94371161,1374.2503766636473
94817758.22414361,1354.6099214093115
94823098.22869948,1355.3672251321736
94828441.03891797,1335.768806931266
94833787.3589719,1336.5054900235598
94839135.97235642,1316.8554181782206
94844488.47764196,1317.6325938986104
94849842.84715623,1298.11920611381
94855201.38866405,1299.1231407512878
94860559.77620582,1299.6775106515897
94865918.25728114,1300.125852848876
94871276.53311351,1300.8623655447375
94876634.48131523,1301.8528761406096
94881992.30820197,1302.696304704666
94887349.96235542,1303.5606512611246
94892707.42644991,1304.5177893291386
94898064.93974556,1305.0893908455769
94903422.13008313,1305.5244377237273
94908779.03647836,1306.1103897950402
94914135.88446417,1306.7261104367465
94919492.75419667,1307.304284772253
94924849.52570952,1308.0581130010462
94930206.16947769,1308.790745569363
94935562.65620437,1309.6482705934748
94940918.86709377,1310.6713460100161
94946274.9283582,1311.3073202611672
94951631.01641592,1311.7289801942002
94956986.91082865,1312.3316690321203
94962342.49890898,1313.3041062984005
94967698.00005734,1314.205578338565
94973053.27570724,1315.0754479018638
94978408.34951063,1316.0267195886454
94983763.41178948,1316.709665083332
94989118.23433077,1317.0033694496617
94994472.73872808,1317.5312798603195
94999827.1305168,1318.1227234553974
95005181.57608528,1318.6789759325698
95010535.89020877,1319.341112529812
95015890.11571048,1320.0944348411062
95021244.1277183,1320.8877022727552
95026597.91903847,1321.9146117663636
95031951.50928503,1322.5348489305634
95037305.14623393,1323.0776370778838
95042658.59227279,1323.7144312079838
95048011.68699211,1324.594457863709
95053364.66858219,1325.488037375117
95058717.46505223,1326.342582269458
95064070.03243911,1327.2562884430122
95069422.56229982,1328.0111261123313
95074774.9518213,1328.3508289714514
95080126.84973827,1328.7410846522416
95085478.72548948,1329.353356046226
95090830.62478691,1329.8568406312368
95096182.37665127,1330.5888406597883
95101534.02815482,1331.2151430400695
95106885.49408805,1331.994854424176
95112236.68457755,1333.0033422121571
95117587.66181503,1333.689892261321
95122938.61416188,1334.1098392431481
95128289.47195478,1334.6823395485278
95133639.98758408,1335.5465631458505
95138990.32978025,1336.4796743133586
95144340.45748594,1337.3024014223304
95149690.36758934,1338.1936868567095
95155040.15965268,1339.0161358079044
95160389.9176353,1339.348568406271
95165739.17788227,1339.829793330031
95171088.31809941,1340.4335714437073
95176437.44690603,1340.9543442922825
95181786.43344703,1341.6532421672523
95187135.34722379,1342.3856551498645
95192484.02357037,1343.1610528165925
95197832.44776459,1344.1577298063473
95203180.60105759,1344.89997827405
95208528.71637069,1345.396834397941
95213876.71382526,1346.0505757079848
95219224.34499967,1346.848311273573
95224571.79837587,1347.7370172337835
95229919.07049462,1348.572606328389
95235266.11159483,1349.4026576922397
95240612.96481551,1350.3166935035968
95245959.8309015,1350.6879243553858
95251306.14789346,1351.0869729065564
95256652.33222787,1351.6439682913592
95261998.46678506,1352.172410396066
95267344.53478916,1352.8879068858864
95272690.43172564,1353.6022682704877
95278036.1520047,1354.3064964516936
95283381.59834835,1355.2893369743297
95288726.74740146,1356.1105182983406
95294071.78404373,1356.5942372035436
95299416.79144679,1357.1073553394804
95304761.4176936,1357.8425666736985
95310105.82367161,1358.7992450995034
95315450.03351325,1359.653223351656
95320793.97978306,1360.4659258041065
95326137.6878633,1361.43486574647
95331481.4370339,1361.8218391873859
95336824.69364923,1362.1723410905447
95342167.73910472,1362.7840939776431
95347510.68558139,1363.3184279038355
95352853.55689862,1363.9908848993473
95358196.24976252,1364.7165240330564
95363538.77481937,1365.4828206153743
95368881.00721624,1366.4283459996968
95374222.91385233,1367.3288527860284
95379564.64591786,1367.8003111400014
95384906.37887037,1368.3340009184353
95390247.7693413,1369.0937860719448
95395588.84911302,1370.1014911886864
95400929.71780288,1370.9432195647757
95406270.32136585,1371.7747470642441
95411610.6509033,1372.7354065177287
95416951.0094889,1373.2460158375084
95422290.90394923,1373.5961280244346
95427630.49784201,1374.145074120411
95432969.95845781,1374.6900923862263
95438309.3736836,1375.3338705309054
95443648.62030794,1376.0345713496674
95448987.65034994,1376.8089894001955
95454326.37426755,1377.6614407819343
95459664.7645535,1378.6222587104892
95465002.95331383,1379.1674357904
95470341.08359611,1379.6933119003147
95475678.94083215,1380.4268569032852
95481016.3955312,1381.4040202927513
95486353.63662463,1382.2549560674515
95491690.59665461,1383.1227145291834
95497027.27468923,1384.0799042074873
95502363.9096427,1384.743875202169
95507700.18210377,1385.1066691584901
95513036.02335468,1385.562034832285
95518371.69929151,1386.1671674915447
95523707.33563913,1386.7838212460404
95529042.74447253,1387.5207479481664
95534377.94832386,1388.3137449524388
95539712.84002084,1389.1443253401142
95545047.38273709,1390.1816297861167
95550381.65350163,1390.822149895248
95555715.89723873,1391.3815694568855
95561049.83695954,1392.112938951265
95566383.31683284,1393.0625134920524
95571716.59226412,1394.0006184320496
95577049.55360307,1394.8591883779372
95582382.194619,1395.8412042467448
95587714.69198647,1396.6207119767996
95593046.9768761,1396.9349632088001
95598378.61599079,1397.5019151744623
95603710.12315273,1398.1339923924447
95609041.55516925,1398.7554634395874
95614372.72867766,1399.5110089502018
95619703.73698238,1400.3539465728732
95625034.41447794,1401.214377238784
95630364.70758042,1402.274578652856
95635694.6458731,1403.0371819624675
95641024.45906089,1403.5757145703171
95646354.02927914,1404.3359325259871
95651683.13584933,1405.2799032114735
95657011.95908362,1406.2833436760911
95662340.45181999,1407.17852782301
95667668.61146933,1408.1276724487088
95672996.49920802,1409.0779833598824
95678324.28948826,1409.4859070418179
95683651.39400968,1410.0476629115092
95688978.19549865,1410.7782473561895
95694304.89544533,1411.4301531342412
95699631.3205536,1412.2262970918257
95704957.53733681,1413.0494948034113
95710283.41057052,1413.9779960788896
95715608.8765255,1415.0717694314753
95720933.92324908,1415.9857054399056
95726258.73602046,1416.599671793804
95731583.43818434,1417.338638032623
95736907.55908471,1418.2342589088767
95742231.31387384,1419.3730489801792
95747554.72902074,1420.3840182682275
95752877.73143823,1421.3443865993904
95758200.36619133,1422.456246038933
95763522.90010656,1423.0097174656055
95768844.75124733,1423.4819149298396
95774166.25750908,1424.2579436358128
95779487.5287796,1424.9753226099388
95784808.57598442,1425.8699205721407
95790129.28727141,1426.8005507709738
95795449.64598033,1427.7255647187835
95800774.09877957,1409.7346558603476
95806100.01788625,1410.717408774444
95811429.53093119,1391.9972012163062
95816761.5551585,1392.5928463797654
95822096.44962947,1373.6573755069273
95827434.2498939,1374.5578948721404
95832774.54152657,1355.6767424823483
95838118.3536352,1356.406471262115
95843464.09584983,1337.5291572334718
95848814.21750902,1337.9078462930458
95854163.40444663,1337.0284713393792
95859521.1135033,1323.0747910900031
95864876.59967256,1322.6278500100602
95870240.56840383,1308.2046616656648
95875602.87180962,1308.6304041105045
95880965.09584872,1309.1777659165355
95886327.10347925,1309.8318648600773
95891688.86625421,1310.5933440628453
95897050.54775652,1310.9143154131852
95902412.29009728,1311.2305479167997
95907773.84039876,1311.721973447572
95913135.10461056,1312.486628144164
95918496.23764555,1313.078083310315
95923857.18539692,1313.7061843641802
95929217.95343786,1314.432912031938
95934578.80967781,1314.8283802113067
95939939.36413465,1314.9412198685231
95945299.65741745,1315.1339471001456
95950659.91224705,1315.4983407442196
95956020.22587302,1315.8686100564846
95961380.38082623,1316.3582403327116
95966740.48315983,1316.912937905024
95972100.39820568,1317.573340439012
95977460.02627732,1318.3670386329995
95982819.52059862,1318.7444881602146
95988179.06936137,1319.066233518828
95993538.50000702,1319.5400659417578
95998897.5979664,1320.2581932706107
96004256.5685159,1320.8877417180138
96009615.35312924,1321.5015571743434
96014973.9419911,1322.2148811740792
96020332.5704036,1322.6884123930795
96025691.00106053,1322.8038472460353
96031048.99143587,1323.0268823313643
96036406.97921295,1323.3755412609576
96041765.0184338,1323.6997483515393
96047122.92694901,1324.2258550064485
96052480.72254488,1324.7396423899947
96057838.36479865,1325.3363202475925
96063195.71411659,1326.1309381506637
96068552.91119532,1326.5675427006913
96073910.13049987,1326.8374490841477
96079267.24511841,1327.2673630831853
96084624.05449559,1327.9073793476746
96089980.73730554,1328.577067019566
96095337.17762373,1329.1571435251608
96100693.44596712,1329.853296642658
96106049.66585246,1330.3549090537933
96111405.81067051,1330.3771631968596
96116761.49784191,1330.657909650614
96122117.1201653,1330.9756027557958
96127472.79495312,1331.2994858031414
96132828.32306677,1331.7657117449103
96138183.79578544,1332.33000703597
96143539.06476165,1332.9068257146353
96148894.06387381,1333.7005871464428
96154248.85686758,1334.1786273735236
96159603.70032473,1334.513092278059
96164958.39728844,1334.9716085250066
96170312.7262059,1335.5639335087399
96175666.93298706,1336.2280014173334
96181020.94446768,1336.8363905390643
96186374.74345139,1337.4852135946903
96191728.45130019,1338.1077779942948
96197082.1498603,1338.1697886279794
96202435.32014328,1338.2526772012504
96207788.4272108,1338.5483115199036
96213141.5770951,1338.8358731075268
96218494.58544074,1339.3359490568596
96223847.50877725,1339.7934174389695
96229200.25072895,1340.3525657602775
96234552.70291337,1341.1192661085252
96239904.92200923,1341.6461789416148
96245257.13493456,1341.8808242749037
96250609.37594505,1342.2384002223828
96255961.23340762,1342.8220883746617
96261312.8720028,1343.5486715237812
96266664.3083547,1344.1410070202596
96272015.53250864,1344.7644603798437
96277366.60115887,1345.4425359181996
96282717.72586888,1345.5796698015756
96288068.30097121,1345.6784998648052
96293418.73031475,1345.9509230793224
96298769.2008177,1346.2382315887824
96304119.58378986,1346.6874273834674
96309469.83715451,1347.2131187537595
96314819.8737002,1347.6876493096997
96320169.67446472,1348.435083993404
96325519.1865972,1349.0164477815192
96330868.65411912,1349.3169334031759
96336218.10155691,1349.700614593301
96341567.20752636,1350.2539476356958
96346916.04427022,1350.913876429724
96352264.71774693,1351.497207117977
96357613.16270752,1352.095758936969
96362961.4184385,1352.810397935016
96368309.75184168,1353.0141692833847
96373657.54822008,1353.0371298108275
96379005.19659288,1353.346964474536
96384352.7988919,1353.6204988927825
96389700.32785842,1354.0892170488762
96395047.7130665,1354.6055318795898
96400394.9296089,1355.156650748421
96405741.8638182,1355.8861040245595
96411088.46702401,1356.5405325134295
96416434.96672514,1356.8720241094143
96421781.49033448,1357.2037770392967
96427127.69866484,1357.732307957675
96432473.61668804,1358.4890867094914
96437819.3056679,1359.1009392031078
96443164.73249461,1359.695448612209
96448509.91886619,1360.433694620614
96453855.18551847,1360.693115401568
96459199.9880034,1360.7984188582925
96464544.49567583,1361.057988854365
96469888.94037482,1361.3635822786243
96475233.34305634,1361.7925618275765
96480577.5878105,1362.3014050757547
96485921.63666934,1362.8541691238559
96491265.4041022,1363.4970161600793
96496608.82703938,1364.204571785554
96501952.13866523,1364.5329523497849
96507295.42595792,1364.9283258859828
96512638.41581732,1365.4195616975585
96517981.0577044,1366.1607117365231
96523323.46602057,1366.7521531514176
96528665.61866374,1367.359927287625
96534007.5218313,1368.0860881859617
96539349.46155953,1368.4620873236672
96544691.01390347,1368.5921311873271
96550032.15004788,1368.75735190627
96555373.21438864,1369.1257578696136
96560714.26353374,1369.523858376238
96566055.0824794,1370.0777775834222
96571395.74664189,1370.630542117032
96576736.12991147,1371.272915961475
96582076.12516655,1372.0463271865992
96587415.93718487,1372.4845450801854
96592755.69687131,1372.9200314842958
96598095.21429816,1373.394977271112
96603434.32893063,1374.0392857165348
96608773.23849547,1374.6761940523547
96614111.8547894,1375.3203805245348
96619450.19150163,1376.0405104540591
96624788.45254849,1376.6074175984224
96630126.45398755,1376.7101158976875
96635463.92968024,1376.8342271552785
96640801.29156415,1377.22098617814
96646138.63662966,1377.5885799365835
96651475.72722109,1378.162125038079
96656812.61753742,1378.6659879189046
96662149.26084861,1379.2827771482218
96667485.49827142,1380.1160587114891
96672821.47240734,1380.622337909628
96678157.4090489,1381.0285674708898
96683493.14087483,1381.565358577393
96688828.37538293,1382.1856037034752
96694163.38377163,1382.8886915018272
96699498.09766471,1383.564073634076
96704832.51078318,1384.2685058624095
96710166.74251728,1384.9574078715964
96715500.84596288,1385.0782625307256
96720834.29014069,1385.203188807554
96726167.5814386,1385.5931118374797
96731500.83375765,1385.9774386627064
96736833.84703827,1386.5560419462786
96742166.63732,1387.119666007356
96747499.17858094,1387.7504641093383
96752831.31802782,1388.6207097884749
96758163.10159038,1389.220235467648
96763494.79066238,1389.6448579293349
96768826.2903297,1390.1205520215258
96774157.34882714,1390.7592477623307
96779488.08264473,1391.5338546672308
96784818.50080831,1392.2394389200049
96790148.56222162,1392.9464586853107
96795478.37050803,1393.7284286199515
96800808.10066047,1394.0368022431198
96806137.10352665,1394.2476134654466
96811465.91826178,1394.660955396789
96816794.59742923,1395.095677490601
96822123.07207383,1395.710039678624
96827451.28773303,1396.3579844457615
96832779.15047695,1397.014615835465
96838106.64119853,1397.8877143129241
96843433.68275069,1398.6296186530333
96848760.55199473,1399.1442014735533
96854087.29406542,1399.7332847295245
96859413.57422045,1400.3748852789697
96864739.38911866,1401.2073838212355
96870064.9126913,1401.9542218632673
96875390.04560351,1402.7432879257776
96880714.80931525,1403.6306974132694
96886039.51654825,1404.0693869728439
96891363.54642066,1404.388326271105
96896687.15377991,1404.8265513806452
96902010.60368735,1405.3557055291806
96907333.84897359,1405.9919719932207
96912656.78452271,1406.7475209552686
96917979.37097576,1407.5089237947575
96923301.51903047,1408.3720107121633
96928623.15144987,1409.2641630359512
96933944.53099824,1409.7949102352604
96939265.7716966,1410.39636247349
96944586.54770574,1411.1296734010687
96949906.76546566,1412.0602124103814
96955226.61335102,1412.9599672102927
96960546.00646399,1413.8177736048135
96965864.91638348,1414.702772276004
96971190.03449182,1397.125690350562
96976514.77119917,1397.2947713991614
96981844.65967163,1378.7852312242067
96987175.17577952,1379.2021062247504
96992510.76021044,1360.3069781432732
96997847.41242015,1360.8002635170028
97003188.48841092,1341.5774171431099
97008531.20827764,1342.22478219008
97013877.57764187,1322.851235237923
97019226.26623236,1323.2036920844748
97024578.59984502,1303.0023369959508
97029933.69196936,1303.3501822453109
97035288.40347157,1303.9345351468332
97040642.97881207,1304.4696860272684
97045997.30886081,1304.9713255722124
97051351.45296822,1305.571787925857
97056705.60303864,1305.9797873697564
97062059.59733589,1305.9037326442412
97067413.11116575,1305.8851211420042
97072766.63794903,1306.0658847804132
97078120.22406434,1306.2616790337015
97083473.64893983,1306.6855900083558
97088826.93876487,1307.0797234712907
97094180.06860933,1307.560827927208
97099532.86028741,1308.2759836834464
97104885.4976576,1308.646752236763
97110238.18926533,1308.8883354236812
97115590.77128392,1309.2755009448888
97120942.93643071,1309.728719185086
97126294.9617356,1310.2505792439001
97131646.77197947,1310.7829000792399
97136998.38186985,1311.3394605157955
97142349.93223917,1311.847170097461
97147701.42913105,1311.7870688838282
97153052.43564504,1311.764340554999
97158403.34634335,1311.9516224120705
97163754.33327469,1312.1743465493432
97169105.14167649,1312.5872508664793
97174455.86858921,1313.0604922637453
97179806.36567992,1313.5351554885624
97185156.52562197,1314.2316232650303
97190506.4701051,1314.6824968918463
97195856.46920337,1314.8670710365038
97201206.4000408,1315.2616726568722
97206555.92050408,1315.7688184535834
97211905.20932364,1316.3238574732022
97217254.25864114,1316.812952908981
97222603.10632926,1317.3745279964326
97227951.82285824,1317.9433401829137
97233300.59155339,1318.033280885722
97238648.75490007,1318.005763013839
97243996.85380536,1318.159206373323
97249344.97176345,1318.3639812437953
97254692.95502271,1318.797497331776
97260040.79980214,1319.2569233511938
97265388.43697989,1319.6960730361027
97270735.76273942,1320.4039495444217
97276082.7923449,1320.904454191419
97281429.83808589,1321.1829343759935
97286776.80125609,1321.4238315553398
97292123.43489927,1321.8543452742963
97297469.80304912,1322.4561886982005
97302815.95831469,1322.9669269611122
97308161.86200815,1323.5248267277184
97313507.597046,1324.1492624941923
97318853.41052051,1324.2787966083047
97324198.6090301,1324.2129648115356
97329543.70972066,1324.434286401346
97334888.77390672,1324.6332863730502
97340233.72124346,1325.0600910070098
97345578.52451894,1325.5026159336576
97350923.1357512,1326.0398499880046
97356267.42023095,1326.7225757110355
97361611.35389745,1327.3216956591652
97366955.26381981,1327.6468865960792
97372299.15935431,1327.9388370882511
97377642.70800166,1328.3305461580524
97382985.92667425,1329.0251595671057
97388328.88830812,1329.5601061302912
97393671.57544449,1330.1064084084915
97399014.02985618,1330.8089282556896
97404356.57828236,1331.0207730326006
97409698.63331474,1331.0185103178824
97415040.39167279,1331.205958882483
97420382.11669931,1331.4429631693692
97425723.76722668,1331.8411039169177
97431065.22114664,1332.329389672654
97436406.46684332,1332.8693379476351
97441747.38428779,1333.5086399531765
97447087.92282154,1334.1685938904984
97452428.38713485,1334.424980433504
97457768.88016711,1334.7741304466606
97463109.01743558,1335.2546243301028
97468448.75537103,1335.9268591418488
97473788.2409335,1336.5150501146868
97479127.44519512,1337.0772956429557
97484466.39855179,1337.7985260478965
97489805.38923322,1338.132346972235
97495143.96837215,1338.1899333756546
97500482.10326809,1338.3292529293435
97505820.19094469,1338.629339319898
97511158.2415064,1339.002400473774
97516496.02951205,1339.553406553676
97521833.62394078,1340.0737689009698
97527170.89998303,1340.7144904172437
97532507.74691086,1341.4544533620376
97537844.44805282,1341.8446814134136
97543181.16876918,1342.239737005783
97548517.58428165,1342.7306324288124
97553853.48036899,1343.3801904141105
97559189.14295886,1344.0169270430338
97564524.49696617,1344.6550477333597
97569859.56815211,1345.3784663619385
97575194.58192757,1345.9248962897307
97580529.29715614,1346.012062151861
97585863.44307019,1346.0786580333136
97591197.51203327,1346.418703166599
97596531.54404123,1346.780825026568
97601865.30103698,1347.3176598341836
97607198.83224545,1347.961319218215
97612532.0664264,1348.6160098849034
97617864.85027237,1349.4580714671563
97623197.38479483,1349.9858634947652
97628529.90904514,1350.332495220069
97633862.2079584,1350.8226410041673
97639193.94743992,1351.487622329589
97644525.38814576,1352.2038462578412
97649856.50682107,1352.886190139363
97655187.31128201,1353.6044638010035
97660517.91948897,1354.2917849234168
97665848.37637165,1354.4693490489508
97671178.15123866,1354.610669007753
97676507.7604086,1355.0298106738333
97681837.31933938,1355.4497858463417
97687166.5842392,1356.0324584528094
97692495.6397163,1356.7451459759995
97697824.29752408,1357.4612446227352
97703152.4959604,1358.346856731304
97708480.33061603,1358.9935721059603
97713808.11733319,1359.4045595887192
97719135.70219475,1360.039557293497
97724462.72675917,1360.6851725213023
97729789.32829069,1361.502991245162
97735115.59803662,1362.2296854965214
97740441.52349532,1363.0334731695477
97745767.12936014,1363.8857305251615
97751092.6992299,1364.190881105856
97756417.49181175,1364.3645883411964
97761742.04403451,1364.828075819091
97767066.453268,1365.3058474229474
97772390.55984625,1365.9664778661383
97777714.38561302,1366.6622931779907
97783037.86237997,1367.4893567193258
97788360.84871013,1368.4322353736152
97793683.31963405,1369.2412412794038
97799011.29309423,1350.0281732174492
97804339.97627369,1350.4723617526247
97809673.17304662,1330.6857006789232
97815007.47563566,1331.4693632292922
97820345.85842897,1311.393040052485
97825686.03460781,1311.9821106569684
97831029.83582044,1291.654488884621
97836376.39325672,1291.861654528595
97841725.83640943,1270.409807477588
97847078.18216392,1270.5020707884644
97852433.48219748,1249.0134900352691
97857792.33010302,1249.2857055614047
97863151.04747413,1249.7035359593183
97868509.61975287,1250.141058049235
97873867.94810496,1250.7120658361223
97879225.94579948,1251.2849256709978
97884583.99149123,1251.4631071640058
97889942.10219261,1251.7445465542603
97895299.88446695,1252.0098659561475
97900657.39027381,1252.539139051299
97906014.79431173,1253.0189611165677
97911371.95374785,1253.5000999659599
97916728.92971952,1254.1060334351253
97922086.05574103,1254.3066982698665
97927442.76554804,1254.1432913769422
97932799.22947034,1254.1115527564618
97938155.72543745,1254.2420931379272
97943512.2555105,1254.5099509399356
97948868.5506121,1254.8766055718668
97954224.78966056,1255.3100618398398
97959580.7743623,1255.9209544133864
97964936.40311661,1256.5432274212712
97970292.01760103,1256.745491648054
97975647.75952521,1256.9925657543495
97981003.27469297,1257.3362261860175
97986358.40576477,1257.8380465305008
97991713.38226795,1258.3158645268518
97997068.1457101,1258.807827318489
98002422.73175249,1259.4120563709
98007777.41643889,1259.7068121900772
98013131.83016665,1259.6512084219326
98018485.83975317,1259.6281682597785
98023839.88464369,1259.7752723757135
98029193.96712796,1260.0027193514238
98034547.84251958,1260.4698231743014
98039901.57298532,1260.9037775906568
98045255.09343722,1261.4504134432632
98050608.22255397,1262.149357297391
98055961.30628818,1262.4671358933697
98061314.43605606,1262.6453198817794
98066667.42607088,1262.924864723323
98072020.03765653,1263.4497812573795
98077372.48652364,1263.998432828891
98082724.66715287,1264.5117679404898
98088076.68771254,1265.1031910582192
98093428.71235925,1265.522538165607
98098780.56529686,1265.4480182561263
98104132.02393545,1265.4078555167087
98109483.40618539,1265.5965318702135
98114834.85573928,1265.8530826544645
98120186.05718654,1266.2584007077544
98125537.20280662,1266.7881879559523
98130888.08122855,1267.359521606048
98136238.56375796,1268.0651901272342
98141588.93309611,1268.4587586860534
98146939.39739606,1268.6054379052448
98152289.75815958,1268.9246823207322
98157639.67066562,1269.466243842246
98162989.36805941,1270.04755957816
98168338.84829234,1270.5922738648997
98173688.12572208,1271.18930743118
98179037.33476524,1271.7194035285822
98184386.4781593,1271.7497736043615
98189735.05184329,1271.6176745888647
98195083.62268844,1271.8380190496118
98200432.2436103,1272.0391938180526
98205780.64241542,1272.458769361344
98211128.90596251,1272.9704214499732
98216476.96311975,1273.5016101411234
98221824.65242115,1274.274289399791
98227172.13299339,1274.7576267734635
98232519.69885159,1275.0179657923386
98237867.12005869,1275.2999847555873
98243214.12609996,1275.7335420503236
98248560.94609325,1276.4032506846554
98253907.5119684,1276.9997216685997
98259253.83800897,1277.6001801248058
98264600.03159417,1278.2267933225487
98269946.27224131,1278.2799492495167
98275291.89810222,1278.1905753880928
98280637.46962845,1278.4162775873506
98285983.05910851,1278.6265661400562
98291328.41458796,1279.0985043274052
98296673.64265065,1279.5855630063584
98302018.67875853,1280.2193155470422
98307363.31444904,1280.9942504035985
98312707.65381901,1281.5720271002751
98318052.0617849,1281.8156146944625
98323396.41174965,1282.1364401002718
98328740.3603244,1282.5457204805978
98334084.0150501,1283.3076918879585
98339427.39204434,1283.91441917142
98344770.54001443,1284.5323809641259
98350113.47444941,1285.2348688459238
98355456.51522566,1285.4337613547348
98360798.91818681,1285.4405156499047
98366141.16382122,1285.5859355656003
98371483.41223793,1285.8466602537553
98376825.5010372,1286.2941215430224
98382167.38581252,1286.8092596424121
98387509.05691293,1287.4556667378226
98392850.37864147,1288.2214755317787
98398191.32303196,1288.8922527707414
98403532.31463322,1289.1899909092099
98408873.27114213,1289.5753957017282
98414213.76685598,1290.0780725497355
98419553.9127163,1290.839319577994
98424893.83412851,1291.4505590009326
98430233.46754397,1292.0965616363812
98435572.85509513,1292.843686393821
98440912.32989371,1293.189912734454
98446251.25169565,1293.2282150731924
98451589.89474632,1293.389921831503
98456928.51143332,1293.685233930055
98462266.99906977,1294.144499368063
98467605.23670605,1294.81168261537
98472943.22904088,1295.48278061887
98478280.88423935,1296.2381982801899
98483618.0853295,1297.00588084195
98488955.25383228,1297.371206564816
98494292.45590827,1297.7383205156636
98499629.24644907,1298.2409550728235
98504965.57690893,1298.9814300404528
98510301.70108536,1299.6594823092394
98515637.48932317,1300.3614514819965
98520972.98814555,1301.148463552983
98526308.49998283,1301.6705675563226
98531643.60534312,1301.7989659720604
98536978.28429493,1301.9758111367435
98542312.8781932,1302.325137552194
98547647.38348894,1302.7963510067366
98552981.56320463,1303.4725831952787
98558315.48972782,1304.1621661101567
98563649.07808237,1304.934396744115
98568982.16573572,1305.8343166292002
98574315.12044416,1306.329143002326
98579648.04618862,1306.8510600967913
98584980.66628844,1307.3753644233664
98590312.75029115,1308.0664966521888
98595644.57120328,1308.8482269526337
98600976.0708216,1309.6307366038213
98606307.24308954,1310.4537226871246
98611638.32247798,1311.1373611332383
98616969.143065,1311.3835668027934
98622299.32201488,1311.5014276296245
98627629.4068217,1311.9285873230149
98632959.4099993,1312.408358922869
98638289.04410648,1313.1038070632728
98643618.43082781,1313.931321908492
98648947.45548289,1314.7593951617785
98654275.9597988,1315.7549366940332
98659604.19906344,1316.41564633302
98664932.43143585,1316.9078259770145
98670260.36523914,1317.4397284112874
98675587.72468783,1318.2361043611409
98680914.73346327,1319.1881883093422
98686241.34508733,1319.9999427625505
98691567.62935749,1320.8912445227825
98696893.66013657,1321.7743116597494
98702219.63172682,1322.169488919755
98707544.83842511,1322.3760566351193
98712869.83077878,1322.7794527364301
98718194.72611418,1323.3395554306244
98723519.23546147,1324.0865660034056
98728843.44411485,1324.9709754764692
98734167.25050831,1325.9248805091363
98739490.51446298,1327.0087959729383
98744813.35528602,1327.8871813611445
98750136.12491444,1328.3984847789714
98755458.68921898,1329.078092118676
98760780.6448182,1329.8545393562147
98766102.16893862,1330.9765556519833
98771423.24547097,1331.9718480823383
98776743.81925005,1332.785061138057
98782070.77052005,1314.1748521371617
98787397.45548749,1314.5856651853703
98792729.57356976,1294.3198728238476
98798061.83404824,1294.653846221271
98803399.54610075,1273.9130821356437
98808737.99240205,1274.5602352089475
98814081.16968927,1253.4835136475626
98819425.66524908,1254.2118941569643
98824774.27847606,1232.8332777928117
98830124.53408702,1233.534926639355
98835478.9181185,1211.0896484029672
98840835.83885138,1211.4111757238256
98846192.43589279,1211.9505186188208
98851548.74120119,1212.7367151081858
98856904.85888976,1213.3414823152705
98862260.76078863,1213.9770812236652
98867616.49206193,1214.7023135663126
98872972.37636706,1215.0416919763688
98878327.78407152,1215.0294795278728
98883683.02459565,1215.094686450938
98889038.30374669,1215.3279520458918
98894393.51302887,1215.7693563777134
98899748.51162812,1216.4514725442082
98905103.36007136,1217.116073465274
98910457.96426025,1217.9200373626886
98915812.15480657,1218.6698937387382
98921166.45344925,1219.0679104368246
98926520.81113432,1219.4133473813376
98931874.85578412,1219.8161330880039
98937228.57215577,1220.5245192472894
98942582.16090466,1221.263640623644
98947935.44422103,1221.930526072324
98953288.56628518,1222.712744376614
98958641.78030692,1223.1824474071639
98963994.63728878,1223.1360357281892
98969347.24003619,1223.2064641342008
98974699.83138251,1223.4320613607758
98980052.40526435,1223.8961322737566
98985404.73002902,1224.4937091988631
98990756.90819544,1225.1913210080259
98996108.82411924,1225.9820790362387
99001460.32453004,1226.7912972294944
99006811.85283767,1227.1479748552808
99012163.50931063,1227.422550781987
99017514.93596913,1227.9685152780844
99022865.91670255,1228.7272529467932
99028216.71899574,1229.4334351799362
99033567.28973095,1230.144688356691
99038917.65510257,1230.9327941499223
99044268.09524794,1231.5149756124638
99049618.27131876,1231.6471878458378
99054968.04503442,1231.5130377284322
99060317.84184161,1231.8051018778638
99065667.64716376,1232.2287318461
99071017.14579864,1232.90592121001
99076366.51334155,1233.5702978095344
99081715.63561288,1234.3770830352755
99087064.29567596,1235.261887804115
99092412.92186055,1235.7266334640804
99097761.61311325,1236.1510517260938
99103110.1278219,1236.6464291282034
99108458.23050332,1237.2936128173856
99113806.16338876,1238.0899304745858
99119153.78105633,1238.824365130909
99124501.19754538,1239.605243280837
99129848.5836557,1240.2813854745516
99135195.841882,1240.4692106578289
99140542.63040721,1240.445721927355
99145889.3922675,1240.7679634288131
99151236.16292132,1241.2222297622736
99156582.59072304,1241.882016923436
99161928.93615605,1242.6783833240127
99167274.98231626,1243.5206541017048
99172620.57420604,1244.438799920077
99177966.03123927,1245.016639593918
99183311.59059428,1245.3196178551086
99188656.98981328,1245.8326401922534
99194001.96734987,1246.5790782053982
99199346.69306986,1247.4669124467093
99204691.10764273,1248.21014796987
99210035.31291707,1249.0204224250697
99215379.37944782,1249.793130573864
99220723.481193,1250.115471221591
99226066.97717376,1250.1467720450219
99231410.4137695,1250.3800185607104
99236753.84844975,1250.8235616285315
99242097.01587772,1251.5202189242973
99247439.98457365,1252.372454986445
99252782.67452599,1253.1574912526671
99258124.93673395,1254.1384941349577
99263466.94321644,1254.8302275876524
99268809.0443557,1255.1648981799628
99274151.06411068,1255.8986553047332
99279492.57061219,1256.6330119484167
99284833.77061549,1257.4720927385254
99290174.74283224,1258.2770852631338
99295515.43262142,1259.1026469025132
99300855.91248201,1259.9769106087977
99306196.4866803,1260.436375598757
99311536.42412558,1260.456220851345
99316876.26686193,1260.6913439009995
99322216.07514487,1261.1431829755481
99327555.65760025,1261.9005622535446
99332894.95202863,1262.7630404844344
99338234.01561703,1263.5910508224501
99343572.65490407,1264.6288365170894
99348910.91603412,1265.4472180823009
99354249.24352284,1265.8310343764022
99359587.51772684,1266.5355587360043
99364925.30456282,1267.2627447123796
99370262.7144952,1268.1689363807648
99375599.91515066,1269.0520002358094
99380936.77769364,1269.9350065426247
99386273.38962132,1270.8974997747914
99391610.08285311,1271.4927718828312
99396946.13567922,1271.5271316003882
99402282.02576305,1271.7443224981296
99407617.8312657,1272.2300100079794
99412953.45639747,1272.9846971961033
99418288.71464488,1273.8636827253988
99423623.75286002,1274.801816553469
99428958.41684678,1275.8584371669683
99434292.55369435,1276.8298145775432
99439626.73303552,1277.4667986094569
99444960.80571027,1278.1310336700024
99450294.45827086,1278.8026806654389
99455627.67503549,1279.7754556337964
99460960.66861443,1280.7364060018112
99466293.24361505,1281.6896014973797
99471625.51384446,1282.6943951513724
99476957.80313355,1283.455831146122
99482289.5931243,1283.6996386933329
99487621.05691569,1283.8912403739364
99492952.39958993,1284.4403452482998
99498283.58681267,1285.2309411614929
99503614.36028089,1286.212188881347
99508944.871959,1287.2818667378644
99514274.98911819,1288.3514465514695
99519604.51255815,1289.4548186696738
99524933.94966933,1290.1671231466248
99530263.3034896,1290.8321535649302
99535592.31570609,1291.692957676742
99540920.80579717,1292.6467971551067
99546248.99310075,1293.6662902474166
99551576.77702433,1294.703383945301
99556904.2000829,1295.7876808892177
99562231.51577778,1296.7011697601804
99567558.53341143,1297.1682193520035
99572884.88220935,1297.4048620303454
99578211.17160504,1298.0046042044978
99583537.29805271,1298.767283428008
99588862.96669449,1299.8241458520433
99594188.3203399,1300.9583062792524
99599513.279112,1302.1103810188729
99604837.61979178,1303.3598546240128
99610161.69192167,1304.262111895727
99615485.75088735,1305.040528448149
99620809.40610754,1306.0418656607262
99626132.45270777,1307.1600656678584
99631455.14004116,1308.3593591053964
99636777.34109959,1309.460912915754
99642099.15917613,1310.6252077660713
99647420.67887731,1311.75407229777
99652742.07985726,1312.4169665577763
99658062.70609286,1312.782762729153
99663383.07390067,1313.454442035225
99668703.28933305,1314.3317056618698
99674022.9886298,1315.413596549018
99679342.33780906,1316.6492966039018
99684661.24141006,1317.9751037722597
99689979.4756232,1319.3851628630719
99695297.26689039,1320.5575489536484
99700614.90698181,1321.4406942621918
99705932.29384075,1322.4352216814916
99711249.00617853,1323.5695168316786
99716565.05803584,1324.6312814018013
99721888.23070823,1307.0964565202382
99727209.81570764,1308.0472949280565
99732538.07087551,1289.4388469697014
99737865.82790484,1290.0960039144043
99743199.3210996,1269.5657297994526
99748532.74236476,1269.9670344978242
99753871.91201684,1249.1108652028072
99759211.49651942,1250.033777723471
99764556.08325441,1228.952962117974
99769901.65580995,1229.9442268779226
99775251.65282762,1208.4119897776961
99780602.97480477,1209.332443725489
99785954.43553743,1209.824037717024
99791305.90480001,1210.5000306703573
99796657.06628707,1211.3002684910523
99802007.8994437,1212.3577852568346
99807358.4749933,1213.2918480756864
99812708.78312892,1214.192136342267
99818058.91380563,1215.1928933315153
99823409.1929461,1215.8656477679788
99828759.01852542,1216.0235751571133
99834108.6891177,1216.2360856087635
99839458.34427832,1216.7328887112094
99844807.87032034,1217.565572063196
99850157.1544218,1218.4987547302144
99855506.24514842,1219.557379573847
99860854.99213102,1220.6297130693936
99866203.3300435,1221.6533234553517
99871551.79848187,1222.2198002330583
99876900.28432722,1222.9853656290145
99882248.39669053,1223.8236017941324
99887596.13825923,1224.85905051285
99892943.70450793,1225.7923900905757
99898290.97531925,1226.7723103419735
99903638.01232503,1227.7882309090203
99908985.16872598,1228.5731537575614
99914331.93694468,1228.852951261627
99919678.4622161,1228.9657196045578
99925024.97624056,1229.515837660587
99930371.41310546,1230.3582643535265
99935717.5001974,1231.3715556514917
99941063.43740995,1232.4963629681347
99946409.05121931,1233.6249498126094
99951754.16227593,1234.72155016309
99957099.32839963,1235.4570071145945
99962444.4984897,1236.1995278093202
99967789.36732432,1237.0101753943684
99973133.86124113,1238.061336191485
99978478.16059256,1239.131691557122
99983822.07211803,1240.103826195781
99989165.76043025,1241.148698251763
99994509.44388886,1242.0172919728159
99999852.91815558,1242.3745560652765
100005196.00306153,1242.5487106412068
100010539.04918309,1243.09251555459
100015882.0483933,1243.9142990273037
100021224.64229289,1244.9273305235301
100026567.110052,1245.9892495498539
100031909.24469657,1247.154817846929
100037250.8534548,1248.2806650254631
100042592.41417766,1249.1136142404464
100047934.05509596,1249.6891349665239
100053275.46128808,1250.6187310685743
100058616.41083418,1251.6983484780014
100063957.09282732,1252.825420446515
100069297.40050147,1253.820181796858
100074637.48385397,1254.8990076354607
100079977.46087423,1255.8745640254479
100085317.38094872,1256.372044234521
100090656.75489019,1256.5858605654203
100095996.0736728,1257.1122898750302
100101335.3411592,1257.9200046667804
100106674.21902628,1259.009516662918
100112012.9119668,1260.1694721678289
100117351.27870223,1261.3595597116534
100122689.08938769,1262.5697641995926
100128026.72099572,1263.5058770725561
100133364.42409381,1264.180210244599
100138701.95876892,1265.2528567626478
100144038.97936751,1266.3172457004453
100149375.63225994,1267.4821114084111
100154711.95651469,1268.5540307692995
100160048.00093238,1269.6630282278552
100165383.84107058,1270.7672418739442
100170719.7052928,1271.4376439906787
100176054.93289763,1271.6288149429845
100181390.0403655,1272.2187088440678
100186725.10922617,1273.0096668891126
100192059.81078376,1274.0271056163751
100197394.27109541,1275.2409877066182
100202728.37195493,1276.4650105618168
100208061.98461981,1277.7592349150625
100213395.26531924,1278.8329494623977
100218728.57186298,1279.615677813244
100224061.7910917,1280.7007812467582
100229394.45475616,1281.7669833863379
100234726.69785246,1283.0508600465018
100240058.61257337,1284.1930294175181
100245390.17542903,1285.3423787178378
100250721.45064747,1286.531604155508
100256052.767162,1287.3581231126195
100261383.43981189,1287.6227376149359
100266713.9244706,1288.2197268319171
100272044.30448319,1289.029228494964
100277374.35925771,1290.1480771446686
100282704.08196864,1291.4088694217392
100288033.4882395,1292.7468865684546
100293362.3537545,1294.0813199334193
100298690.74309771,1295.2991186087402
100304019.13734642,1296.1023793306167
100309347.41681543,1297.1982377172728
100314675.22081123,1298.2956259082478
100320002.52435966,1299.6396845030415
100325329.42015766,1300.9160759205117
100330655.91444632,1302.1226329386686
100335982.0560254,1303.4535294962232
100341308.18447235,1304.4731066938302
100346633.77554995,1305.0078831182266
100351958.96913826,1305.5515483414579
100357283.99423829,1306.4504260278682
100362608.77686235,1307.66144742401
100367933.0283426,1308.9139160687182
100373257.00924212,1310.3098034176785
100378580.46562359,1311.7886550431908
100383903.28068277,1313.1722082552064
100389226.00957943,1314.2690210266155
100394548.60707252,1315.4839477015523
100399870.6859541,1316.6517649248449
100405192.21302105,1317.9948474123123
100410513.3679687,1319.4180499593986
100415833.94502556,1320.779177960265
100421154.11395377,1322.1788198393856
100426474.11107998,1323.4802881665041
100431793.70734446,1324.3052861424444
100437112.66399081,1324.8233284490568
100442431.43464275,1325.8424835542169
100447749.9495062,1327.0717085980066
100453067.87796478,1328.5482518374838
100458385.3799477,1330.0629510335236
100463702.40178902,1331.6168573600498
100469018.46424666,1332.8016763534129
100474342.03982112,1315.8486182890254
100479664.31843704,1316.726362420778
100484993.38365264,1298.8182853263363
100490321.15036376,1299.9902916601116
100495655.1749058,1281.2016264780382
100500988.73004012,1282.3673896654982
100506328.01759215,1262.7353689159736
100511667.63101175,1263.839008584927
100517012.74847186,1243.0467257310997
100522358.29876359,1243.3251853416425
100527708.90195158,1221.8816980811416
100533060.96649992,1222.7616751088706
100538412.73203169,1223.9379040243205
100543764.3138049,1225.2081688104286
100549115.69066827,1226.472333139791
100554466.58716244,1227.7953808054413
100559817.37260741,1228.8232644160526
100565168.29482578,1229.6802221367898
100570519.04945175,1230.713009585699
100575869.39770971,1231.7878555956036
100581219.52617423,1233.0037096402637
100586569.37305617,1234.1796965896008
100591918.95610076,1235.3075619221302
100597268.43243052,1236.464399830491
100602617.99086516,1237.2616121427839
100607967.02343537,1237.4631501609758
100613316.05667028,1238.1670733260105
100618665.06611867,1239.030110737598
100624013.7449787,1240.1684651475327
100629362.27192609,1241.417364412424
100634710.5439153,1242.772607234003
100640058.36113349,1244.101046269486
100645405.96227422,1245.2196832038142
100650753.68525745,1246.0833494094509
100656101.37738837,1247.1745966588533
100661448.62285297,1248.2451157251242
100666795.54952952,1249.5672762625989
100672142.20166343,1250.740306510577
100677488.60500884,1251.9086946339085
100682834.820055,1253.0854565064328
100688181.17081515,1253.968377542636
100693526.96493,1254.2671302710892
100698872.6845149,1254.8376325014717
100704218.39907941,1255.6812023474445
100709563.86767496,1256.8150918672027
100714909.09011202,1258.0676985983591
100720254.04944822,1259.3599035109035
100725598.61566177,1260.7001957339232
100730942.83626698,1261.883365245436
100736287.22865444,1262.7790019759202
100741631.56139003,1263.9293671985256
100746975.39357418,1265.006481305993
100752318.89727889,1266.2884115853426
100757662.16246435,1267.49683919712
100763005.09755751,1268.6864274533818
100768347.79695553,1269.9091270932095
100773690.62646918,1270.9065663054664
100779032.95828703,1271.3859387146924
100784375.0991109,1271.8996193223513
100789717.20382471,1272.7858944666193
100795059.13069946,1273.971646066293
100800400.64442354,1275.2396768374754
100805741.993542,1276.5502373470986
100811082.9454381,1277.9723525358527
100816423.43233989,1279.2145904353636
100821764.02025242,1280.1921831015084
100827104.59309097,1281.3387771269008
100832444.72934403,1282.40688903602
100837784.46539523,1283.6471471688187
100843123.98318087,1284.9406438527972
100848463.10540292,1286.1508007234343
100853801.98012745,1287.4020022691648
100859140.88386047,1288.4686104953107
100864479.43188207,1289.0806961282524
100869817.62563434,1289.5839566626746
100875155.78756474,1290.4948249711542
100880493.80644566,1291.6461750164062
100885831.36786254,1292.9266335897764
100891168.76216118,1294.2657787818835
100896505.76172113,1295.6947977730129
100901842.19539635,1297.0101704159779
100907178.66307673,1298.050866235672
100912515.09029584,1299.055602756956
100917851.21221657,1300.2185625063707
100923186.85575324,1301.4766940206384
100928522.20317823,1302.8313362076608
100933857.11385018,1304.1016816674735
100939191.7666484,1305.3870476992413
100944526.31813718,1306.604615390154
100949860.66642326,1307.4118637350532
100955194.5779382,1307.8716496935194
100960528.35137919,1308.8096339721042
100965862.00023423,1309.9964315676405
100971195.1563877,1311.3183797241827
100976528.0796291,1312.6984823968392
100981860.61115299,1314.1287459985726
100987192.54208824,1315.5461464691941
100992524.3811461,1316.7121884438213
100997856.20752145,1317.7221085931653
101003187.80102456,1318.9711082669992
101008518.81361178,1320.2180591640615
101013849.46175161,1321.6316956395833
101019179.70582184,1323.013322069095
101024509.5995533,1324.3407040165423
101029839.29256268,1325.6704521034535
101035168.89316998,1326.6868062502108
101040497.85384357,1327.1740007957492
101045826.74451339,1328.1507771108336
101051155.44678904,1329.308973597459
101056483.67352675,1330.7634976431107
101061811.56515709,1332.2073530042096
101067139.0970935,1333.6980069066633
101072465.99033341,1335.2086129036286
101077792.60457602,1336.5039484014676
101083119.24466304,1337.6127709926466
101088445.54135644,1338.9197339101333
101093771.28903098,1340.1928486592842
101099096.63508315,1341.6563047495138
101104421.55387715,1343.1313670543384
101109746.00679095,1344.548831450867
101115070.1419501,1345.9654534363328
101120394.2676851,1347.1974932607732
101125717.66375345,1347.9258957947702
101131040.84173118,1348.8417854454658
101136363.80640441,1350.0551123257717
101141686.33634523,1351.535351007939
101147008.39985545,1353.0403564026471
101152330.03718515,1354.6283192349779
101157651.07177006,1356.240058440003
101162971.62366138,1357.7358708077402
101168292.17471278,1358.9316526100456
101173612.4711399,1360.354022514031
101178932.0986679,1361.8658361267906
101184251.14829354,1363.533793123062
101189569.72197276,1365.0875334527123
101194887.77641116,1366.6270561757703
101200205.3823242,1368.2348597119149
101205522.89937711,1369.6291159047735
101210839.42465715,1369.7956761483144
101216163.97385381,1354.9591518854972
101221486.38170512,1355.6256148166735
101226816.39164244,1340.2270193548936
101232144.51625241,1341.319647797082
101237479.74825436,1325.1084993972765
101242813.6342642,1326.4430336215987
101248153.92841746,1309.2856498772055
101253493.93557104,1310.199280434184
101258840.39263175,1292.1405672289534
101264186.64152466,1293.3971532775429
101269532.43647157,1294.7262459332837
101274877.9895221,1296.081143895495
101280223.2278172,1297.367599069739
101285568.2459955,1298.7017344841295
101290913.29241928,1299.8960154973806
101296258.12158367,1300.675543063221
101301602.58847906,1301.308007942764
101306947.02634665,1302.2857385138877
101312291.3273165,1303.5165312861616
101317635.22322688,1304.8425006273155
101322978.93780513,1306.3663789125703
101328322.2739343,1307.8039201423535
101333665.14296408,1309.1763027310878
101339008.07590382,1310.242637141757
101344351.06718665,1311.4134973629034
101349693.72112508,1312.6787238658299
101355035.8712445,1313.9920839800704
101360377.79303505,1315.3485500932059
101365719.38644722,1316.710010245107
101371060.68444383,1318.0179076715174
101376401.94041935,1319.2716369704153
101381743.06648904,1320.2370693975345
101387083.71992862,1320.7181425388958
101392424.35489741,1321.7050012871669
101397764.87263595,1322.9028325486986
101403104.96336935,1324.262964574952
101408444.81006348,1325.755006083812
101413784.31445393,1327.212056296611
101419123.29812865,1328.6389194370915
101424462.24783386,1329.796791607274
101429801.25629842,1330.9076232063794
101435140.00028828,1332.153452919326
101440478.21251518,1333.4171428263671
101445816.13842124,1334.8786589919926
101451153.72298922,1336.268213996953
101456490.97501794,1337.5994300467437
101461828.06696692,1338.8990361363967
101467165.14407144,1340.0062513062253
101472501.6763001,1340.5800239509067
101477838.16435075,1341.5242983856838
101483174.48957957,1342.7079275803303
101488510.3883973,1344.157838471416
101493845.9768862,1345.6247196496847
101499181.26417409,1347.0911558774087
101504515.969792,1348.5616818300202
101509850.49638575,1349.81242363662
101515185.1004871,1350.8527164059233
101520519.41225696,1352.185791983903
101525853.22965172,1353.456379387518
101531186.72970499,1354.8856029687367
101536519.84389113,1356.3353090132316
101541852.56039655,1357.6800187688143
101547185.02804446,1359.0421819628102
101552517.5516032,1360.2498960961705
101557849.48466729,1360.957086241811
101563181.27676013,1361.8651581690053
101568512.88749845,1363.0590199057006
101573844.09853585,1364.5302920377453
101579174.8919562,1366.0104114978676
101584505.3657583,1367.5276385777584
101589835.26746595,1369.0592692122077
101595164.8188773,1370.4288192246122
101600494.44889279,1371.4662371251804
101605823.88486639,1372.9085900119685
101611152.72304387,1374.2527202791393
101616481.0989797,1375.7788434516228
101621809.14218408,1377.2493567569272
101627136.73694642,1378.6766780392757
101632463.98475796,1380.1092080756982
101637791.23833911,1381.4468994598492
101643117.9349792,1382.2908619922707
101648444.37291743,1383.1815878519458
101653770.59905665,1384.4143365654982
101659096.44753218,1385.9058809229539
101664421.79281051,1387.5282401104691
101669746.75632334,1389.1806194677974
101675071.18387473,1390.7675401143867
101680395.07023634,1392.2651821469601
101685718.93215418,1393.4343849293712
101691042.65051262,1394.7577473780123
101696365.8242464,1396.2895909830595
101701688.39663972,1397.9102526622708
101707010.53955974,1399.4585188086278
101712332.19291034,1400.983690391013
101717653.42082347,1402.5414213321003
101722974.51693197,1404.026428728055
101728295.23043753,1405.102987167546
101733615.45289119,1406.0330972712945
101738935.40636969,1407.344137757038
101744254.97977255,1408.9056722296993
101749573.91283943,1410.5312629974665
101754892.505323,1412.3096217365137
101760210.46588166,1414.0655430477939
101765527.73121957,1415.6969050335358
101770844.86148605,1417.1097948665304
101776161.23159635,1417.3759766340856
101781485.9507265,1404.8475846721299
101786807.87427089,1405.6605502073846
101792137.64606702,1392.2770519764674
101797465.201706,1393.2579501953942
101802800.18291368,1378.8122807137663
101808133.80591874,1379.8391214729395
101813474.61196421,1364.356356422848
101818814.22009012,1364.7225878393997
101824160.5965545,1348.534774674723
101829506.61326051,1349.7986365551797
101834852.17371304,1351.1873684004718
101840197.57020144,1352.6724477542784
101845542.61161262,1354.1693788391467
101850887.16276208,1355.5709367103032
101856231.71914722,1356.731725557213
101861576.30903244,1357.7525704285777
101866920.71107459,1359.0743457906628
101872264.68583123,1360.3809688234257
101877608.35762446,1361.8504389334462
101882951.69335094,1363.229671068964
101888294.75765121,1364.5537625068478
101893637.66859543,1365.8646063631418
101898980.66304088,1366.944775537257
101904323.18245333,1367.5715799222728
101909665.59577316,1368.5374292116562
101915007.90733738,1369.7558491902719
101920349.81278397,1371.1206465087973
101925691.45385009,1372.6456465098352
101931032.76401238,1374.1289337254445
101936373.57853994,1375.5569548446783
101941714.24685691,1376.7859069011165
101947055.01799381,1377.7394419374773
101952395.65147187,1379.2104063808158
101957735.74928036,1380.5769347623109
101963075.478591,1382.0169509894079
101968414.901534,1383.3860638372894
101973754.0337982,1384.718342609033
101979092.90875454,1386.0570986796545
101984431.88950309,1387.2393456402303
101989770.39565825,1387.9310745205669
101995108.7509097,1388.8271001385833
102000446.98150726,1390.0123804568318
102005784.82720686,1391.4144012369118
102011122.3062391,1392.910297789265
102016459.49205823,1394.4065381605692
102021796.17664509,1395.8906191197564
102027132.57862686,1397.203939073254
102032469.06429024,1398.18888454438
102037805.41474137,1399.5713648010037
102043141.234755,1400.9368274494532
102048476.65780924,1402.4122317183342
102053811.77070019,1403.802539774129
102059146.50782938,1405.1535336797854
102064480.94157086,1406.4957372696426
102069815.44434032,1407.776780879697
102075149.4774901,1408.6238556988028
102080483.30415647,1409.4694761040862
102085816.95941131,1410.651883762898
102091150.26454894,1412.0833468239828
102096483.13910031,1413.622016997214
102101815.69126631,1415.2003453025986
102107147.75405899,1416.6798144364307
102112479.37140505,1418.0667036061652
102117811.02968575,1419.1469761794503
102123142.56200886,1420.4589137765115
102128473.62731303,1421.8990442945405
102133804.19465764,1423.3992333610533
102139134.4116007,1424.8245191044984
102144464.202335,1426.2179565539473
102149793.63521829,1427.6131337922484
102155123.03120843,1428.9728701577353
102160452.12417048,1429.9852232622775
102165780.82957551,1430.783608520325
102171109.31765436,1431.9689510932292
102176437.49011669,1433.4298673555572
102181765.11612722,1434.9192808037806
102187092.42291343,1436.5726377924482
102192419.21912582,1438.127806515125
102197745.4573206,1439.5947389024802
102203071.63843134,1440.8146626461826
102208397.74451207,1442.1231287137152
102213723.32672791,1443.6731555053336
102219048.31690273,1445.2270100854198
102224372.8928165,1446.759557425807
102229697.00733523,1448.210935887639
102235020.70269495,1449.703955751077
102240343.85805228,1450.4641524661672
102245674.86560294,1437.1922437580558
102251003.90607658,1437.572558914093
102256340.29492381,1423.535558541731
102261675.48042195,1424.6055237739731
102267017.17541726,1410.2462886456565
102272358.18544045,1411.602934888685
102277705.38072899,1396.7659173122036
102283052.11156568,1398.104043697594
102288398.86999646,1399.2205982230969
102293745.67628926,1400.2628271843832
102299092.2432955,1401.65292381555
102304438.41343646,1403.0006520986701
102309784.30642362,1404.3939835614701
102315129.86181645,1405.6735696961173
102320475.1747461,1406.9524255521958
102325820.35424127,1408.2059257809233
102331165.62507975,1409.3127875178016
102336510.45407301,1409.9713340920448
102341855.23012848,1410.9521140335028
102347199.84667255,1412.1547520123022
102352544.07192186,1413.546957210106
102357888.03378017,1415.020723080216
102363231.70086351,1416.4172652703255
102368574.8775128,1417.795257505715
102373917.972306,1418.9568526514045
102379261.11452273,1419.992846705824
102384604.05133405,1421.3948895685053
102389946.54748788,1422.6831887437909
102395288.75438622,1424.0002551915388
102400630.66442668,1425.3551538412319
102405972.24165772,1426.6090372161882
102411313.62655663,1427.87533340971
102416655.10995364,1429.0561100433704
102421996.15695629,1429.7137590389289
102427337.10058884,1430.6586275111222
102432677.89101729,1431.825007322906
102438018.29204294,1433.2456293809098
102443358.36348301,1434.7037522006055
102448698.1652196,1436.1416644019419
102454037.44925356,1437.5477579127755
102459376.51856095,1438.7858169640147
102464715.62574908,1439.7874480449855
102470054.57369372,1441.1443189534427
102475393.10312532,1442.488340976527
102480731.24782407,1443.8189213714043
102486069.1012322,1445.1691318255648
102491406.59815855,1446.455049927566
102496743.83777799,1447.7561838357187
102502081.15672871,1448.9823445450277
102507418.06373194,1449.697491620632
102512754.78665286,1450.6013955855717
102518091.31904775,1451.749047348975
102523427.49572091,1453.1611624494124
102528763.2631216,1454.5350437449092
102534098.77755441,1456.030831221137
102539433.76775396,1457.4810197091508
102544768.3990383,1458.7656856101582
102550103.07071686,1459.8838397665525
102555437.55787677,1461.2568755997277
102560771.6406614,1462.5137923757857
102566105.303074,1463.88938281624
102571438.65710555,1465.3321090160582
102576771.55156071,1466.6378407847533
102582104.15889211,1467.9526368509191
102587436.74545738,1469.2225340464854
102592768.99711396,1470.0976169411215
102598100.96034966,1470.9089474144935
102603432.73085211,1472.0773638734397
102608764.17655861,1473.4919119522933
102614095.10341665,1474.9232107900439
102619425.77307968,1476.4796597430136
102624755.94432788,1477.9546279962597
102630085.59513585,1479.320672680881
102635415.23912118,1480.4538373374583
102640744.71315062,1481.7755858447945
102646073.76776247,1483.166003387612
102651402.3517384,1484.5794726003755
102656730.57367167,1486.0354223610534
102662058.28839271,1487.4183369137822
102667385.66519028,1488.7675942264586
102672712.87893702,1490.1020743889233
102678039.89757964,1491.1989516829324
102683366.43214378,1491.9644513428152
102688692.78372322,1493.1437060531434
102694018.81220104,1494.5326418349298
102699344.26617743,1496.041417924213
102704669.34355591,1497.5941981223891
102709993.95619263,1499.1209775889824
102715317.94396678,1500.5737448915497
102720641.80078551,1501.8320638095174
102725965.52473457,1503.1445344688555
102731288.8347117,1504.6945292691119
102736611.52638003,1506.1196535034196
102741933.80327106,1507.6098362272467
102747255.60767205,1509.0877933428421
102752576.94474266,1510.5157383046198
102757897.97883537,1511.9119806411538
102763218.91168419,1513.1798843407335
102768539.220479,1514.1178541997235
102773859.23996979,1515.341011256026
102779178.90445217,1516.7678359851116
102784497.95631373,1518.326385786701
102789816.56901327,1519.9936297947113
102795134.61310162,1521.6341410546088
102800451.9752363,1523.1933434274556
102805768.49331115,1523.5833428603237
102811093.50857691,1512.7353127544027
102816416.17449039,1513.4578304351398
102821746.43245126,1502.0118011545394
102827074.63612165,1502.9826198880694
102832410.08228233,1490.8799067179496
102837744.06880847,1491.78423444345
102843084.9937471,1479.0004423913397
102848425.33380051,1479.9048852490164
102853772.03342602,1466.0677959333773
102859118.46810058,1467.024777287332
102864464.7927993,1468.1535872720956
102869810.74612588,1469.4628185360077
102875156.44952585,1470.8614016195247
102880501.87666468,1472.2700732602518
102885846.85982323,1473.585821914242
102891191.65912166,1474.7642831706733
102896536.51309407,1475.7742982097325
102901881.27961831,1477.054700375795
102907225.66915525,1478.3155580700695
102912569.69339299,1479.6436294473215
102917913.44736543,1480.9224272617528
102923256.90893951,1482.141624941472
102928600.11538547,1483.3405118347264
102933943.42908101,1484.5008253714157
102939286.37466648,1485.3154140935933
102944629.14843407,1486.1785851447676
102949971.79709542,1487.2926757320454
102955314.12768716,1488.6074514164814
102960656.07849027,1489.9866708664445
102965997.80480842,1491.3630755964527
102971339.09086926,1492.6818457187226
102976680.05598155,1493.883728742479
102982021.1393926,1494.8906485537702
102987362.11585657,1496.200472554634
102992702.67002301,1497.4450436555874
102998042.84476918,1498.7160380037224
103003382.76696968,1500.0225781738186
103008722.30137004,1501.2519130976793
103014061.56973344,1502.4452438979104
103019400.86102591,1503.6130856891225
103024739.88229468,1504.4957846241277
103030078.64621483,1505.2921777344513
103035417.27010347,1506.3999670825103
103040755.60885999,1507.7079035204906
103046093.50129421,1509.0583296171799
103051431.17615369,1510.4658108742801
103056768.39114632,1511.7863821606074
103062105.18978897,1513.0134347377227
103067442.03613894,1514.038504950207
103072778.78277625,1515.2879238455798
103078115.16737339,1516.561323881732
103083451.13525432,1517.8206823352457
103088786.80548246,1519.1576046767914
103094122.03766766,1520.4125946778727
103099456.99244407,1521.6285503294507
103104791.84185442,1522.8421545424164
103110126.54209174,1523.8409163713707
103115460.87948124,1524.567259727828
103120795.04971941,1525.6706120172882
103126128.95181136,1526.9587335709766
103131462.34819044,1528.3018779379167
103136795.44837956,1529.6829417499375
103142128.14813603,1531.042185391762
103147460.31430905,1532.3175512347868
103152792.45705758,1533.430633975298
103158124.50396909,1534.5956866906151
103163456.2368026,1535.9531672125563
103168787.4643347,1537.1951148692256
103174118.32376412,1538.5447066550519
103179448.77584851,1539.8671266450035
103184778.86637862,1541.1190031317035
103190108.75900975,1542.3433186176858
103195438.57408105,1543.450927618785
103200767.8719825,1544.265459136739
103206096.99114798,1545.3751992716072
103211425.82621188,1546.6239284954377
103216754.15170906,1548.0030632126184
103222082.123502,1549.4159412279694
103227409.69624135,1550.8171303920549
103232736.66552211,1552.1497568264786
103238063.48514949,1553.3488046061912
103243390.20573059,1554.4908749706483
103248716.56689908,1555.9150952765197
103254042.40967438,1557.2065358937923
103259367.80712034,1558.547907369957
103264692.79266335,1559.9362931217643
103270017.33697106,1561.2462513623614
103275341.54255569,1562.5294125243724
103280665.44911635,1563.2595962922996
103285996.41568623,1551.5590128192416
103291326.10228632,1552.227097202863
103296662.66123982,1540.3112886784138
103301998.21792983,1541.3917363148328
103307340.08692242,1529.1892648763142
103312681.542513,1530.3364884998487
103318028.7377464,1517.6914697000766
103323376.14184177,1518.6750734601324
103328729.40763395,1505.5028772182059
103334083.40333934,1506.7681279514409
103339437.0473163,1507.900288510363
103344790.360063,1509.0796154400302
103350143.46987718,1510.2720130878356
103355496.33154768,1511.3756501465973
103360849.02188101,1512.463520113451
103366201.84971544,1513.5429623919383
103371554.3739138,1514.2290587912426
103376906.81850186,1515.1135418577712
103382259.13214196,1516.140699545228
103387611.14955936,1517.3723492905774
103392962.89781672,1518.572225681773
103398314.44424218,1519.8538772874263
103403665.56373586,1521.0329595926673
103409016.517852,1522.0978588163182
103414367.58484705,1522.9378120690567
103419718.6366585,1524.1058467744563
103425069.36377878,1525.28433877025
103430419.72039257,1526.4992932491657
103435769.82580937,1527.663013466997
103441119.68357415,1528.7559132847264
103446469.32022777,1529.8444954652384
103451819.05531155,1530.8975712246681
103457168.58281063,1531.710405591964
103462517.89557734,1532.5304653568194
103467867.12795493,1533.541972268449
103473216.08707957,1534.725806130437
103478564.71603829,1535.965118794857
103483913.14892516,1537.204563558468
103489261.20163912,1538.3843168547965
103494608.96629752,1539.4527187415003
103499956.86717181,1540.3773371780103
103505304.71828479,1541.5068417399432
103510652.24559307,1542.6244169118067
103515999.42537168,1543.7642432481307
103521346.37859917,1544.9421718846252
103526693.0018772,1546.0393673988124
103532039.40256886,1547.1029569946645
103537385.82809584,1548.134549458206
103542732.10729791,1549.005769901433
103548078.11647962,1549.7552202279683
103553424.0329718,1550.7657531471295
103558769.70734264,1551.9192850396519
103564114.97951302,1553.0821711125586
103569460.09184022,1554.311220033111
103574804.81748827,1555.509702988336
103580149.16663058,1556.579848879993
103585493.61302711,1557.5116283891243
103590838.01693219,1558.4744000438639
103596182.20486493,1559.60496858352
103601525.99606605,1560.7741986576987
103606869.46418406,1561.9975033055018
103612212.60397677,1563.0768305772453
103617555.51147652,1564.1696193650514
103622898.32946116,1565.208596123519
103628241.09354503,1566.1406805081647
103633583.55689968,1566.8918306584956
103638925.85674405,1567.8982175612389
103644267.9390546,1569.0491516263264
103649609.58284362,1570.207539284569
103654951.02122341,1571.489711845656
103660292.08083615,1572.6740450875607
103665632.69944234,1573.762288037077
103670973.34993646,1574.7347144298558
103676313.9975726,1575.6720652011645
103681654.41859405,1576.8447446175624
103686994.41126889,1577.995109483805
103692334.04136729,1579.1798419158351
103697673.34667784,1580.2912178502474
103703012.38507865,1581.3702232308815
103708351.26020057,1582.412019081089
103713690.14117086,1583.4073956486188
103719028.63461402,1584.155504584183
103724366.96626633,1585.1464046165188
103729705.06839117,1586.2458856337187
103735042.73374002,1587.4128136289846
103740380.13444051,1588.6583113297004
103745717.16070879,1589.8535230712769
103751053.71656524,1590.9684594377757
103756390.19859044,1591.9577647943922
103761726.69735952,1592.863008789558
103767062.96918097,1594.1303126693529
103772398.75089043,1595.2837508930097
103777734.13802335,1596.4637083194154
103783069.21650732,1597.630993800674
103788403.96934192,1598.7356788850718
103793738.44993511,1599.8060745591126
103799072.98175748,1600.858715798372
103804407.09067816,1601.6319784951345
103809741.00561473,1602.5606271279294
103815074.69723551,1603.6408716131368
103820407.94261234,1604.8368907259926
103825740.85026495,1606.0502123731685
103831073.38957933,1607.2854790496865
103836405.4263254,1608.433992518289
103841737.26122607,1609.4998561788466
103847069.10927679,1610.4233293169193
103852400.76414011,1611.613757400292
103857731.93164171,1612.729661664109
103863062.6663254,1613.9543436681708
103868393.04093039,1615.19494159509
103873723.04871659,1616.326507829993
103879052.70110153,1617.4418074081525
103884382.34974065,1618.5374331865241
103889711.5956638,1619.3998325806117
103895040.55982073,1620.3583828449496
103900369.27301171,1621.4419729061142
103905697.531657,1622.6637109979513
103911025.38647917,1623.930456843949
103916352.86252964,1625.2121418548695
103921679.78648843,1626.4122370308837
103927006.36145684,1627.5467909799006
103932332.90788741,1628.4831861301552
103937659.3176116,1629.6136420306077
103942985.24683298,1630.8559366576592
103948310.6273863,1632.1298128692563
103953635.5951856,1633.3787724422468
103958960.12587024,1634.573214352506
103964284.27847837,1635.7499472329082
103969608.29223275,1636.9015286816596
103974931.97741339,1637.8638942786024
103980255.27256483,1638.829492629858
103985578.25991538,1639.9766094041454
103990900.80702396,1641.2342663205907
103996222.79783233,1642.4965739253396
104001544.42053303,1643.8238294883638
104006865.49003991,1645.1291939181162
104012186.01536562,1646.3338968549178
104017506.464834,1647.4102844093372
104022826.65606198,1648.5398205861304
104028146.42348643,1649.798000092633
104033465.01404445,1649.8510698793757
104038791.81985226,1641.6949383493763
104044116.05352785,1641.9836777186724
104049448.16360964,1633.0567794594092
104054778.43084095,1633.4310815701363
104060116.38389783,1623.9054911555675
104065452.73867138,1624.097798187117
104070796.3475156,1614.149249116957
104076138.86550514,1614.853635628268
104081487.94710937,1604.6751701744047
104086836.53506914,1605.7875517350626
104092184.7976855,1606.8640265681688
104097532.66680875,1607.8393856949742
104102880.61572787,1608.702578755373
104108228.5736374,1609.5537753515173
104113576.377024,1610.6025200000106
104118923.80007893,1611.5882075248219
104124270.92903595,1612.6867202625072
104129617.77512547,1613.7147386214367
104134964.39031242,1614.689664535536
104140310.87154351,1615.6276174971322
104145657.39614418,1616.551436000252
104151003.61018522,1617.2331560385053
104156349.69970901,1618.145682169289
104161695.58490165,1619.1505070278813
104167041.06559676,1620.1925618670602
104172386.33809175,1621.3149475701953
104177731.28614643,1622.3805796193574
104183075.82189497,1623.3615439917353
104188420.34357487,1624.2279540939383
104193764.92469034,1625.0145743981698
104199109.33575395,1626.142787192166
104204453.30884886,1627.1804606172009
104209796.9511318,1628.224417658348
104215140.3493829,1629.2705904180366
104220483.46115145,1630.239691168231
104225826.36959247,1631.172915942531
104231169.36681712,1632.111862172087
104236512.01665665,1632.8095900656922
104241854.54047318,1633.6408603649595
104247196.87220608,1634.6046396447487
104252538.81916696,1635.6846219736633
104257880.47368231,1636.761363661994
104263221.84251806,1637.830172300328
104268562.76099093,1638.8266336186912
104273903.57195534,1639.7275815956555
104279244.44867107,1640.501106288227
104284585.18509595,1641.5885796964674
104289925.48898622,1642.5805819517286
104295265.4256611,1643.6102652455545
104300605.10147977,1644.7015432188268
104305944.45525654,1645.6629099115307
104311283.5564855,1646.6210197212185
104316622.70818079,1647.5819572999933
104321961.53806125,1648.319173535438
104327300.18446973,1649.148937886324
104332638.610564,1650.0937595283033
104337976.65645765,1651.1764187178414
104343314.33789547,1652.2262502186386
104348651.75153023,1653.3270234218146
104353988.70681141,1654.367076583771
104359325.41335116,1655.2987044665474
104364662.16400923,1656.1445558488147
104369998.74666792,1657.1693436638745
104375334.94249529,1658.149870184581
104380670.75143811,1659.2183529586493
104386006.26838431,1660.327840667816
104391341.37607452,1661.3134965687973
104396676.21332844,1662.2725721002657
104402011.01154166,1663.2468672123662
104407345.55312881,1664.0096710628907
104412679.86619256,1664.8033133271156
104418013.9371174,1665.7540868476815
104423347.63648003,1666.830582979179
104428680.89332993,1667.902521988829
104434013.86980024,1669.02742954476
104439346.3978811,1670.0819908694207
104444678.54537718,1671.0515542164055
104450010.73687704,1671.8808548857678
104455342.78862338,1672.8176577359425
104460674.45771022,1673.8501222947125
104466005.66755481,1674.948918472799
104471336.56364425,1676.068654852713
104476667.02165642,1677.120423000632
104481997.1413308,1678.1065111888809
104487327.11762108,1679.091288624412
104492656.91296527,1679.9881490146201
104497986.37142852,1680.6983296458518
104503315.59595253,1681.6775025864863
104508644.46361794,1682.7531308137673
104513972.79747666,1683.8540616131759
104519300.81812014,1684.9842254061534
104524628.3807915,1686.090762637752
104529955.4523571,1687.1146975725349
104535282.49392551,1687.9948973863193
104540609.37694018,1688.9909516652424
104545935.86902024,1690.1105277186757
104551261.85129529,1691.15936707891
104556587.43644123,1692.3172157510446
104561912.60172716,1693.4236763921854
104567237.35269913,1694.480214595087
104572561.83419967,1695.4731172930988
104577886.20798044,1696.4893944268047
104583210.10473031,1697.2969342437978
104588533.74418263,1698.3206311550439
104593856.98108901,1699.4032786978075
104599179.63843167,1700.542832158444
104604501.92900826,1701.7490564115205
104609823.72364813,1702.919734829715
104615144.93838459,1704.010775739313
104620465.98682836,1704.9983341481322
104625786.8897267,1705.8986382630326
104631106.8156107,1705.8654942787261
104636434.77657692,1698.554511852356
104641760.21738882,1698.6900081924246
104647093.53182559,1690.8164662342976
104652424.84404086,1691.0367720218603
104657763.69819386,1682.6149603178726
104663101.34153694,1682.933889829863
104668446.12239689,1673.9034839113249
104673789.847705,1674.2628659372479
104679140.47587349,1665.1824458567503
104684490.3890904,1666.1207609643436
104689840.0589026,1667.088227529228
104695189.47309604,1668.0438494520856
104700538.50202951,1668.9201484393925
104705887.47330858,1669.7049943332806
104711236.54619412,1670.3688026274701
104716585.5285333,1671.3287848562916
104721934.12170377,1672.228120430147
104727282.39728147,1673.1373912743884
104732630.4659424,1674.1051825464576
104737978.25270352,1674.9439360568485
104743325.83545434,1675.781835784339
104748673.50455455,1676.6279776473743
104754020.93536717,1677.2690952611056
104759368.23087038,1678.0105076973014
104764715.33616485,1678.8456061193242
104770062.10081816,1679.8035331203216
104775408.555414,1680.7335337636366
104780754.79399464,1681.7070090408727
104786100.61462438,1682.5891705965673
104791446.29254825,1683.3892180010478
104796792.0309276,1684.099573926951
104802137.6797838,1684.9631188901824
104807483.03025174,1685.8273309328813
104812828.03713973,1686.7850487603193
104818172.755696,1687.7344481055516
104823517.19761306,1688.5736721328255
104828861.41117646,1689.40836534058
104834205.65006095,1690.240185935604
104839549.70846502,1690.8937056251089
104844893.61769038,1691.6062301946772
104850237.3122976,1692.4200662685785
104855580.68320556,1693.3620910936638
104860923.73038195,1694.2787846031006
104866266.52137803,1695.2574581850479
104871608.90504451,1696.1350972407386
104876951.0411917,1696.9526463110756
104882293.25142853,1697.6144585193738
104887635.4055273,1698.445575986744
104892977.26627743,1699.3379649969766
104898318.71493481,1700.2865174102085
104903659.87030898,1701.210957330524
104909000.74280459,1702.0907425319056
104914341.34335674,1702.925549043694
104919681.89907219,1703.7524276459317
104925022.32624443,1704.4851424009933
104930362.52525555,1705.1561107147504
104935702.51211967,1705.9701931618633
104941042.1870557,1706.8878607438037
104946381.4700051,1707.816885544479
104951720.48458225,1708.790659085805
104957059.12101616,1709.6910401515995
104962397.41045047,1710.5286426255145
104967735.7433529,1711.2129176039227
104973074.0309146,1712.048515526748
104978411.96347764,1713.0093646301211
104983749.47454579,1713.91088886406
104989086.70391181,1714.8408647404458
104994423.61757475,1715.7444617535355
104999760.20297289,1716.5966006697925
105005096.66731125,1717.391784506035
105010433.08559878,1718.1737477167846
105015769.14958757,1718.799000339164
105021105.07176967,1719.6129863410276
105026440.68548512,1720.505340696234
105031775.83405666,1721.4436342910233
105037110.71375227,1722.4313262130927
105042445.20530275,1723.373895249788
105047779.25773364,1724.2270560234597
105053113.30256669,1724.9691356024107
105058447.2892297,1725.7282300865434
105063780.95811996,1726.6776418332774
105069114.20112777,1727.5873729731106
105074447.10366037,1728.5781143478823
105079779.65076911,1729.513884005956
105085111.8343241,1730.3933227543464
105090443.77643709,1731.2140822390409
105095775.70657967,1732.065999587874
105101107.24505316,1732.7180284708882
105106438.58540551,1733.5158341967606
105111769.61542268,1734.4104363624667
105117100.18035118,1735.3669382326525
105122430.38936092,1736.3714134615827
105127760.21696849,1737.3180694327707
105133089.5446914,1738.213063677137
105138418.7535608,1739.0207237263558
105143747.91800062,1739.7198034676567
105149076.81725802,1740.7236411641416
105154405.21055803,1741.6963278056226
105159733.17146453,1742.6397743014998
105165060.78556497,1743.6239842333687
105170388.01133803,1744.5164070195224
105175714.90409487,1745.401927214172
105181041.76140274,1746.2743332406585
105186368.25539148,1746.9658891325507
105191694.45832747,1747.811953240941
105197020.34021893,1748.7168942737687
105202345.70661971,1749.6985327609073
105207670.65302934,1750.7130813305303
105212995.2218653,1751.740318993822
105218319.22753796,1752.6926642322815
105223642.96717325,1753.588690641734
105228966.62006217,1754.3109052075051
105234290.02895145,1755.29100501407
105239612.95526075,1756.2956882724454
105244935.34621516,1757.3560191372183
105250256.71907048,1757.2457663342134
105255586.08345161,1750.2850979595235
105260913.28496736,1750.2728426441322
105266248.42487267,1742.8439791139624
105271581.88917997,1742.8378755915269
105276922.76012076,1734.9468613399665
105282262.34293358,1735.2028230021065
105287608.80620475,1727.2195444126564
105292954.49190348,1728.0414555619818
105298299.93979429,1728.9237923834578
105303644.997879,1729.7004741831465
105308989.8432593,1730.4280399590803
105314334.77157918,1731.0118205833692
105319679.63709353,1731.7751432458376
105325024.2373493,1732.5851833637453
105330368.45347306,1733.4369077777912
105335712.38975851,1734.2596354358861
105341056.07044333,1735.0423832387464
105346399.49264151,1735.7794589993614
105351742.90213236,1736.5124747283198
105357086.19940002,1737.169646703049
105362429.30511025,1737.7656316027885
105367772.21016653,1738.4969379411955
105373114.81109414,1739.3274761952991
105378457.04682148,1740.1623941260873
105383799.03372897,1741.0425936205734
105389140.66464154,1741.8391052280601
105394481.97630665,1742.5757001795837
105399823.3601389,1743.1763523126924
105405164.6917868,1743.94797893356
105410505.68099889,1744.8051661891611
105415846.29154086,1745.5899210850268
105421186.66816865,1746.4329762836007
105426526.71897225,1747.236984388932
105431866.49413584,1747.9804122540145
105437206.17311051,1748.6850174574713
105442545.81230737,1749.3852779768822
105447885.15073247,1749.9358300503902
105453224.37174533,1750.6575838518945
105458563.29550318,1751.4633860560637
105463901.77987228,1752.2983930619073
105469240.02243152,1753.1450738453273
105474577.9100507,1753.9760271993712
105479915.40146299,1754.7275021066653
105485252.91226117,1755.3712605480187
105490590.38036992,1756.0745334493076
105495927.53843766,1756.936697575576
105501264.29818282,1757.718300051426
105506600.76937515,1758.5905110990316
105511936.89699566,1759.4234581795195
105517272.71445794,1760.1954556523015
105522608.33030637,1760.917246387761
105527943.95342411,1761.6529500591837
105533279.23234954,1762.2107259181817
105538614.35920002,1762.9430336895396
105543949.18249436,1763.7338546172173
105549283.5267999,1764.5842718589536
105554617.59308515,1765.4558789302537
105559951.33647867,1766.2911473514419
105565284.59652175,1767.0698611513208
105570617.80398154,1767.7776314601724
105575950.92738248,1768.4384368610895
105581283.81381623,1769.2716125120287
105586616.2945795,1770.096513805282
105591948.4227323,1770.9501098075937
105597280.18129644,1771.822856208151
105602611.58421654,1772.571430159339
105607942.72532672,1773.325803303417
105613273.85901344,1774.0999037620334
105618604.67603768,1774.6823570293311
105623935.259705,1775.4220315024986
105629265.54349807,1776.2139409989131
105634595.3593804,1777.0895004359745
105639924.79324327,1777.983685422628
105645253.88500123,1778.8576182900754
105650582.46202381,1779.6737191592501
105655910.84657869,1780.421770628917
105661239.17199785,1781.0410310502293
105666567.28942706,1781.926512562299
105671894.94517794,1782.8190297232775
105677222.15677717,1783.6743451997481
105682549.02326521,1784.58158747178
105687875.47294849,1785.390508906135
105693201.57103315,1786.1654207157087
105698527.62599564,1786.9679409716457
105703853.32423003,1787.66259570258
105709178.76662558,1788.3673107019567
105714503.87740794,1789.1859260081537
105719828.50854115,1790.0994676513596
105725152.68601221,1791.010338979901
105730476.47638059,1791.964477840551
105735799.75031914,1792.8148497409147
105741122.66457136,1793.6303231136008
105746445.52168821,1794.3169744489205
105751768.1069451,1795.1866736713196
105757090.27027437,1796.107136759895
105762411.89032397,1797.049022204755
105767733.06260063,1797.9650666498544
105773053.81595206,1798.8530222253803
105778374.14779404,1799.7072413010687
105783694.30147967,1800.547132347789
105789014.16860336,1801.3247235036863
105794333.66887352,1802.0493627023534
105799652.78239596,1802.91476250794
105804971.40689716,1803.8715610122945
105810289.4639714,1804.817504426733
105815606.42780338,1804.4442085855005
105820931.46242602,1798.472361770684
105826253.9999037,1798.1681501443913
105831584.73918216,1791.5850825869202
105836913.66826074,1791.4081579354058
105842250.15941973,1784.6556217611815
105847584.94177864,1784.7774205871303
105852926.88581146,1777.7087530830631
105858267.57839142,1777.8836298009599
105863615.18592168,1770.4730601977067
105868962.30572075,1771.0698033993453
105874309.47004062,1771.6612606884785
105879656.3893687,1772.1835525729898
105885003.18417418,1772.814824646253
105890349.727952,1773.5227383066149
105895695.88298677,1774.2535122836216
105901041.85966998,1775.0183865452918
105906387.50518699,1775.7339134854901
105911732.80492064,1776.367346626158
105917078.15983507,1776.9110164300193
105922423.51105337,1777.4697398279945
105927768.63974324,1778.2331355652725
105933113.43299517,1778.9425139536233
105938457.95882648,1779.6882773517195
105943802.20318949,1780.3888585667082
105949146.1831524,1781.0424312688358
105954490.00577499,1781.6402694719584
105959833.89740662,1782.2591064830453
105965177.51170877,1782.7436101842825
105970521.01597108,1783.3622721456509
105975864.267914,1784.0334449270406
105981207.14508708,1784.7564536846212
105986549.76909032,1785.5051732235484
105991892.1170727,1786.200765134406
105997234.0714881,1786.8523208648926
106002576.02404363,1787.4270099840592
106007917.95593779,1787.9825099032332
106013259.70141628,1788.705023747172
106018601.09982675,1789.4056921461342
106023942.20355965,1790.1169069579787
106029283.01967788,1790.8568247532494
106034623.53729418,1791.4776772769962
106039963.86368182,1792.0941282090669
106045304.23806158,1792.7388465440151
106050644.37147215,1793.2085374996511
106055984.3419493,1793.8329927519185
106061324.07328956,1794.4941724455102
106066663.40831904,1795.2310031960064
106072002.44345394,1795.9803579453123
106077341.20352769,1796.7066411601618
106082679.52972388,1797.3701916956586
106088017.75829001,1797.979313633352
106093355.96793126,1798.481730045643
106098694.03199783,1799.192091638541
106104031.74936627,1799.9355966138128
106109369.11604418,1800.6600810165073
106114706.18152761,1801.4036639588162
106120042.91712871,1802.0429342564446
106125379.4065913,1802.686891796061
106130715.91133754,1803.3255180616552
106136052.19943254,1803.8312917762653
106141388.30990475,1804.4220710880825
106146724.14612423,1805.0761935334037
106152059.58644581,1805.8243036939634
106157394.69334413,1806.5284414751482
106162729.52762116,1807.295579383144
106168063.90634118,1807.9754191757459
106173398.0707921,1808.6163748300585
106178732.24816763,1809.1624511786858
106184066.22623573,1809.8758071848836
106189399.88554116,1810.5702314962182
106194733.14273523,1811.317411070839
106200066.0693341,1812.082378494725
106205398.64685215,1812.7705267940069
106210730.9298785,1813.422248549386
106216063.15810081,1814.0634788270174
106221395.1723342,1814.633108196108
106226726.97362952,1815.1953545996153
106232058.50230464,1815.8670099821718
106237389.64152831,1816.622547613551
106242720.35591641,1817.3469201339935
106248050.78908743,1818.1406620643565
106253380.78230022,1818.8570432087236
106258710.418915,1819.5295768270623
106264040.05015463,1820.1007622692555
106269369.48039919,1820.7922303775829
106274698.580656,1821.5300166711531
106280027.25418265,1822.2953447682382
106285355.56505115,1823.0933570619266
106290683.45370203,1823.803072853893
106296011.03653349,1824.5019947224066
106301338.44873089,1825.1584659824189
106306665.72955492,1825.7941983595585
106311992.66902572,1826.362702016568
106317319.35843582,1827.0583864569685
106322645.65868829,1827.8169447858093
106327971.4448239,1828.59737855073
106333296.90347138,1829.3785078586534
106338621.92337775,1830.1403811957982
106343946.47390407,1830.8496093033255
106349270.94624756,1831.4675165700105
106354595.26941802,1832.1520384690682
106359919.18912691,1832.9865017420425
106365242.61483909,1833.742158939693
106370565.66333756,1834.5534885154343
106375888.28785014,1835.3554600799553
106381210.49056429,1836.0967891277267
106386532.39813365,1836.7838683322234
106391854.21743746,1837.4891440702527
106397175.60015847,1838.0953146627774
106402496.69572382,1838.8117995880605
106407817.38648662,1839.5811470209553
106413136.92606778,1839.1692974943198
106418464.43839465,1833.42854450135
106423789.75027661,1833.19384561834
106429122.59182845,1826.9842875809964
106434453.93706836,1826.8032967081886
106439792.85803075,1820.1558964245162
106445130.53997916,1820.2650565314086
106450475.09367347,1813.5733247247576
106455818.62316556,1813.7378989388117
106461168.85881907,1806.831038797769
106466518.66910987,1807.3671761811827
106471868.32835533,1807.8818543434475
106477218.08827595,1808.4233259710686
106482567.65970035,1808.8051679838345
106487917.10477586,1809.319191078863
106493266.38818482,1809.8760527959203
106498615.33223447,1810.4973618368836
106503964.03775202,1811.1318406352807
106509312.51877128,1811.7396576505205
106514660.63758074,1812.2896907479555
106520008.71403979,1812.7867236088878
106525356.81916395,1813.2015607150802
106530704.83295088,1813.8061579220234
106536052.56068115,1814.4358218792174
106541399.99242434,1815.0474077955537
106546747.17960797,1815.6698474354757
106552094.1043308,1816.1950561647814
106557440.84533806,1816.7189835394538
106562787.65814893,1817.2408667608404
106568134.31475879,1817.6381305209238
106573480.83373185,1818.151538205847
106578827.15366276,1818.6916635870248
106584173.13293058,1819.3061642064201
106589518.87898378,1819.9002928389828
106594864.39018625,1820.5312663918007
106600209.52253936,1821.0636413912832
106605554.54150394,1821.5813350066521
106610899.63401969,1821.96925723005
106616244.64053029,1822.5674723891016
106621589.35978258,1823.1730133605793
106626933.72930488,1823.7932182674303
106632277.84437583,1824.3887244174377
106637621.7161405,1824.9490308215013
106642965.34829445,1825.460480942548
106648309.03613567,1825.968085135614
106653652.57463545,1826.4407472544635
106658995.9529146,1826.8960571261457
106664339.12996274,1827.4352636152441
106669681.99350682,1828.0500771774903
106675024.54992442,1828.6575461435068
106680366.86876237,1829.2951464877447
106685708.82042578,1829.8417592081125
106691050.55434291,1830.3660500783365
106696392.347291,1830.7709251710187
106701734.0367466,1831.34790291325
106707075.46949944,1831.9567734745417
106712416.55910046,1832.5822043727105
106717757.36563191,1833.1889577993227
106723097.88665049,1833.7558399332397
106728438.15261042,1834.2816795158042
106733778.39265527,1834.789109747117
106739118.53966679,1835.27283951058
106744458.48490624,1835.6961237001808
106749798.2499237,1836.233294532806
106755137.71530017,1836.828181349519
106760476.79018839,1837.4378273186871
106765815.64502285,1838.0489684051872
106771154.16058712,1838.6286737203488
106776492.35247648,1839.1583179702682
106781830.59204857,1839.6006590141187
106787168.75001389,1840.1393980244338
106792506.60808817,1840.780352047989
106797844.10063963,1841.3594043484463
106803181.31706169,1841.9853748048893
106808518.20858595,1842.5733794175517
106813854.83997117,1843.125726760141
106819191.34444763,1843.6306516154398
106824527.82329969,1844.1345631666654
106829864.00800605,1844.5607560034236
106835200.04357429,1845.1044948203032
106840535.78357239,1845.6893385381757
106845871.09333202,1846.3136340714318
106851206.16075459,1846.9324236308694
106856540.88973272,1847.5406094830928
106861875.21968956,1848.0906674675878
106867209.53078166,1848.5670100584848
106872543.77874468,1849.0710367490924
106877877.74788213,1849.74692794007
106883211.31977835,1850.3416075746134
106888544.57271034,1850.9696392631415
106893877.48392774,1851.602261149239
106899210.08401836,1852.1472707404548
106904542.48229419,1852.6836106171331
106909874.86003135,1853.2423308566435
106915206.9546357,1853.6491302517236
106920538.8475119,1854.2364117891916
106925870.42711063,1854.8273809118605
106931201.54688229,1855.465901111811
106936532.36219035,1856.127437671053
106941862.8440135,1856.75676377737
106947192.86392914,1857.3270056909118
106952522.78863344,1857.8617789984612
106957852.61729597,1858.325877003068
106963182.21906923,1858.9802814543048
106968511.40749322,1859.6317928074775
106973840.18802,1860.2525550388937
106979168.649995,1860.913322970957
106984496.7512178,1861.4879661623793
106989824.57904325,1862.0520999568262
106995152.38191733,1862.6260744993822
107000479.87783454,1863.0774693865937
107005807.11847176,1863.64355448754
107011134.0604331,1864.2396662546662
107016460.53522904,1864.9013071849713
107021786.63413955,1865.580735299021
107027112.37441668,1866.2394577336458
107032437.62685955,1866.8492993945547
107037762.63844764,1867.4302590769962
107043087.61057435,1867.934255935607
107048412.27214085,1868.6354110316242
107053736.05480017,1868.4198636991725
107059067.21698453,1862.480351945446
107064396.84646784,1862.4465510071573
107069733.53035773,1856.2026836787288
107075069.0895786,1856.1770549214373
107080411.72248381,1849.642128143067
107085753.6944926,1849.6804821900973
107091102.20402764,1842.952224819696
107096450.41353276,1843.1264388387667
107101804.69154504,1836.402851098796
107107159.03017703,1836.9119611484875
107112513.19694614,1837.4425017571607
107117867.05822982,1837.8959799635104
107123220.7723047,1838.317277207123
107128574.60494477,1838.6611711806872
107133928.35302687,1839.1482516349745
107139281.89075215,1839.6251947750866
107144635.16850434,1840.143779610593
107149988.22795919,1840.6766965788572
107155341.05331218,1841.1345827198047
107160693.69667475,1841.5664043164634
107166046.37521227,1841.968594595416
107171398.99825838,1842.3398833397507
107176751.50747697,1842.6871802420408
107182103.8769586,1843.127521051188
107187456.00024775,1843.633773746346
107192807.83777529,1844.1194763011008
107198159.51108183,1844.6509555183147
107203510.87870401,1845.100293599754
107208862.04715472,1845.524631057904
107214213.30604412,1845.8453820946647
107219564.58118194,1846.2979037601608
107224915.58078603,1846.8320540563213
107230266.26122048,1847.3052660031822
107235616.77402644,1847.8093813450807
107240967.04911038,1848.282487288552
107246317.12552737,1848.7076103608906
107251667.18435793,1849.0941204768073
107257017.25104752,1849.4866010439966
107262367.13386421,1849.819691269085
107267716.93037137,1850.2480556861237
107273066.48971255,1850.731697832336
107278415.71949013,1851.225268064746
107283764.78020957,1851.7223519023119
107289113.56714915,1852.184265303777
107294462.07587132,1852.6030751431651
107299810.6700597,1852.9445979966708
107305159.26068969,1853.3482313198315
107310507.64181776,1853.8786828678763
107315855.71904367,1854.3505930566419
107321203.56233913,1854.8575954487615
107326551.14526679,1855.3174167818242
107331898.54696321,1855.754044083147
107337245.85927565,1856.1416373379957
107342593.23120068,1856.5344817956432
107347940.39850104,1856.8820111222701
107353287.43138115,1857.3076000897959
107358634.24294285,1857.7781184441747
107363980.69357215,1858.2790326230888
107369326.97196417,1858.79002276305
107374672.96736477,1859.2699922722427
107380018.635526,1859.6898252877754
107385364.34483832,1860.0515212895477
107390710.05603297,1860.4022232874868
107396055.58722986,1860.933933228058
107401400.78369723,1861.4434096609932
107406745.69021852,1861.9201760096203
107412090.40061437,1862.4203428157102
107417434.86242747,1862.8448224546926
107422779.20111261,1863.2345608650255
107428123.60284951,1863.6583790173204
107433467.78236242,1863.9763259125148
107438811.83778434,1864.4014455332497
107444155.68774062,1864.852598238301
107449499.18803144,1865.3474585337044
107454842.46994331,1865.8594053916997
107460185.48058733,1866.3299818632493
107465528.14317659,1866.7545518359364
107470870.79367207,1867.1401675487114
107476213.44056347,1867.4723744325888
107481555.95844582,1867.9913210709194
107486898.1347236,1868.4947691154312
107492239.99729097,1868.9694773508468
107497581.63104029,1869.4762328926367
107502923.0020765,1869.900108374669
107508264.19852443,1870.3096566210877
107513605.45950885,1870.732544295805
107518946.50956951,1871.0454201058
107524287.4145758,1871.4763287338942
107529628.09844492,1871.9194170460314
107534968.41668662,1872.4229797405292
107540308.47202256,1872.9350983291615
107545648.27353238,1873.427971372522
107550987.69240421,1873.8703298278717
107556327.00992678,1874.2816219993704
107561666.32918021,1874.6236212663375
107567005.48754042,1875.113973664219
107572344.35402042,1875.5823166323312
107577682.90009344,1876.1068774463413
107583021.14815156,1876.627538020743
107588359.1307269,1877.0704506734378
107593696.88991386,1877.4944531449155
107599034.67497036,1877.9145196430552
107604372.26174378,1878.2712481509748
107609709.71235487,1878.6663021148815
107615046.91305344,1879.115097642441
107620383.7701536,1879.6218743235288
107625720.30184518,1880.1001275119577
107631056.60290731,1880.6191299391014
107636392.50299399,1881.0772258018335
107641728.19601661,1881.5131993164932
107647063.92002249,1881.863437539087
107652399.4786337,1882.3570747023086
107657734.74147357,1882.8462200027611
107663069.6468926,1883.369063192687
107668404.25227499,1883.9090740840777
107673738.54268573,1884.3802899166121
107679072.5710346,1884.8278502579242
107684406.55701438,1885.24171810721
107689740.38941395,1885.6374512201965
107695074.00687304,1886.0166181350664
107700407.39532432,1886.4787683528177
107705740.444119,1886.9960661828109
107711073.09730497,1887.4972154602133
107716405.51104881,1888.0402090407215
107721737.52104497,1888.5172408633389
107727069.2264852,1888.967192389593
107732400.92517604,1889.3425389686026
107737732.51884332,1889.760761830695
107743063.82784815,1890.2969273667022
107748394.74155164,1890.8336295556792
107753725.30628848,1891.3880965478709
107759055.51447053,1891.8752807627432
107764385.44675705,1892.3512304097744
107769715.23361251,1892.7761240150132
107775044.94044852,1893.214773148305
107780374.34982201,1893.6030086507997
107785703.53693071,1894.0810230303869
107791032.39115405,1894.5961961396038
107796360.7891217,1895.1328580065667
107801688.91959561,1895.676729091567
107807016.65364797,1896.1921757585174
107812343.97012343,1896.6703234513925
107817671.23536095,1897.0839168235852
107822998.38079849,1897.5269258775602
107828325.21599947,1898.1206826883647
107833651.60960987,1898.6526121241213
107838977.64468199,1899.2097358177887
107844303.30505352,1899.761703238877
107849628.6248118,1900.250730146233
107854953.70576468,1900.72209936141
107860278.71120572,1901.2141903345168
107865603.38863489,1901.5961029699633
107870927.81884547,1902.127589883124
107876251.88463995,1902.6523314357253
107881575.45353268,1903.223735947231
107886898.6813715,1903.813030920189
107892221.51745836,1904.3645081099044
107897543.86154088,1904.872107802003
107902866.06510118,1905.3521760616145
107908188.12584062,1905.7703258788172
107913509.91160019,1906.383899568555
107918831.21113643,1906.9773603869733
107924152.04390101,1907.5460216029646
107929472.51527336,1908.1515700575976
107934792.58840238,1908.698516607521
107940112.31514877,1909.2137182046883
107945431.9645546,1909.7301448009632
107950751.24441457,1910.1670862154006
107956070.20916091,1910.7140273001771
107961388.02195989,1909.6903515041088
107966713.97296403,1905.144107526505
107972038.16192617,1905.7035561743621
107977361.9881376,1906.2530186307567
107982684.79944931,1905.6729556006796
107988015.44695081,1900.3973086994258
107993344.61465366,1899.8625543991034
107998681.30861154,1894.3998449713067
108004016.5300888,1894.203970744214
108009358.74558309,1888.535727534051
108014699.92154853,1888.436399037718
108020047.89674334,1882.5440387830495
108025395.4166978,1882.8719138168801
108030743.03285751,1883.1939696941463
108036090.51795404,1883.5030804625087
108041437.86833832,1883.8203286633616
108046785.05021471,1884.18218710441
108052131.94665523,1884.597453588984
108057478.58761086,1885.0103991393012
108062825.03092289,1885.4348710261288
108068171.14808743,1885.7866867747343
108073517.11093834,1886.1277151555494
108078863.15707734,1886.3765816200362
108084209.11051904,1886.7775780580819
108089554.82058117,1887.1858074385348
108094900.24709411,1887.610552481558
108100245.44487838,1888.0381738271244
108105590.37964568,1888.4114114760202
108110935.11122651,1888.7510190638936
108116279.87160717,1889.0671059751724
108121624.54411674,1889.3769446004144
108126969.06813009,1889.6646228722009
108132313.43181749,1890.0295667974756
108137657.52494201,1890.4417931000175
108143001.29347657,1890.840979461511
108148344.90537007,1891.25885710207
108153688.18743405,1891.6294546925692
108159031.2359887,1891.970301052224
108164374.34877126,1892.246567413697
108169717.41531694,1892.5708359348357
108175060.27489027,1892.9913519424435
108180402.81636412,1893.416348024065
108185745.08576216,1893.8557562578812
108191087.08207768,1894.226071210496
108196428.87786585,1894.5904107099047
108201770.6091279,1894.8984992276228
108207112.33583605,1895.2231847522203
108212453.8596596,1895.525677191846
108217795.21230958,1895.8928987191614
108223136.30945835,1896.2962741402662
108228477.04660729,1896.7102430164377
108233817.60015416,1897.142737434565
108239157.8309141,1897.526903079453
108244497.75462244,1897.8764782750961
108249837.7163791,1898.1613675201804
108255177.63211368,1898.4602288883211
108260517.35536572,1898.9210736063842
108265856.74302116,1899.3510983185013
108271195.83685337,1899.777217072969
108276534.6486399,1900.1739177858185
108281873.236768,1900.5419773476826
108287211.69311336,1900.8574672232708
108292550.18360361,1901.1876994790582
108297888.44859016,1901.4764199376862
108303226.54502875,1901.838336881992
108308564.39814162,1902.2247587365628
108313901.88894725,1902.630862249518
108319239.15844797,1903.0698078417547
108324576.10686849,1903.4616135422707
108329912.71358168,1903.8220666654836
108335249.31740104,1904.1405928935337
108340585.88763133,1904.4095588020411
108345922.28871258,1904.8654684700603
108351258.3104925,1905.3131447656922
108356593.98748006,1905.7395830094024
108361929.40813771,1906.1739294197216
108367264.56888287,1906.5506062407696
108372599.52713282,1906.8938995626945
108377934.51900144,1907.247241561799
108383269.26582924,1907.525160516055
108388603.82319033,1907.903348343266
108393938.15463759,1908.2876594452646
108399272.0892193,1908.7058777554337
108404605.77149187,1909.1504768463237
108409939.1504032,1909.5665979458659
108415272.13901123,1909.9446933966015
108420605.0289232,1910.3037599424777
108425937.87118314,1910.58735843307
108431270.55570804,1911.0366829736115
108436602.87633058,1911.4944711507471
108441934.81209545,1911.934182230388
108447266.46540126,1912.377573912937
108452597.81417526,1912.78741609644
108457928.89559108,1913.1384636928892
108463260.0213913,1913.5024828567189
108468590.87371667,1913.8465694686522
108473921.51100855,1914.2184407219804
108479251.90190217,1914.6206105551912
108484581.89107183,1915.0677348843233
108489911.56584056,1915.520539739113
108495240.94698319,1915.9767928822191
108500569.88206516,1916.3651128942633
108505898.61884801,1916.7537579538425
108511227.33151741,1917.0340963117271
108516555.87218565,1917.476602708842
108521884.06691863,1917.944859499346
108527211.8409747,1918.4161605355966
108532539.27140388,1918.878525044659
108537866.3898709,1919.3061770945324
108543193.20766887,1919.711925819776
108548519.96729848,1920.0851072358926
108553846.51308025,1920.4469947374587
108559172.79808857,1920.8096302053568
108564498.80929187,1921.2329503410378
108569824.43245247,1921.7033970645982
108575149.64442311,1922.1608524904666
108580474.5629162,1922.6550555393192
108585799.02236162,1923.083374865389
108591123.15624444,1923.508597917789
108596447.22624639,1923.8443882866634
108601770.7106545,1923.35665097257
108607101.59057695,1918.107732071682
108612430.89824751,1917.8795317990007
108617767.24025263,1912.4037128481432
108623102.48046294,1912.227672532816
108628444.51210096,1906.5005755101288
108633786.03208235,1906.3533773793474
108639134.22548312,1900.4465472671975
108644482.13323835,1900.3776157530363
108649836.2608431,1894.4110462269273
108655190.509841,1894.7316011108808
108660544.47018994,1895.0598446702952
108665898.29852843,1895.4096165746446
108671251.86730836,1895.7039046166456
108676605.20687917,1895.9684401971303
108681958.64347436,1896.164630995028
108687312.10506126,1896.4114888500208
108692665.38422723,1896.7758812848306
108698018.37741931,1897.1031118425228
108703371.18631916,1897.4402373386174
108708723.79389931,1897.7627207076807
108714076.20715965,1898.0401182891985
108719428.57462351,1898.2645711713103
108724781.02130863,1898.5098342216038
108730133.28529747,1898.7087685309762
108735485.47328606,1898.9874988158253
108740837.47569263,1899.286098625233
108746189.17008889,1899.616963341554
108751540.7227941,1899.9436231654263
108756892.04411013,1900.247671801174
108762243.07944609,1900.5110263247911
108767594.19382359,1900.7411237181757
108772945.30132742,1900.9443165950522
108778296.3216359,1901.2655510158431
108783647.05124204,1901.6169000448538
108788997.51860683,1901.9602710743252
108794347.78632754,1902.2721069751406
108799697.89179611,1902.5506221698204
108805047.88435465,1902.7868897628678
108810397.97276747,1903.0367986256394
108815747.91547778,1903.21733272704
108821097.73371528,1903.4957803348034
108826447.40422878,1903.785451583868
108831796.75719492,1904.0962960715437
108837145.95968351,1904.426243667191
108842494.91082673,1904.729397295094
108847843.57406484,1904.9913841255454
108853192.26706737,1905.2227377279924
108858540.98920609,1905.4077141659263
108863889.61185074,1905.7624803694343
108869237.93324627,1906.0996402031058
108874585.98719363,1906.4082427675721
108879933.85883792,1906.7419327118325
108885281.52114776,1907.0097772466631
108890629.05861917,1907.2537022072343
108895976.69862995,1907.5110688246011
108901324.16249111,1907.6898866091408
108906671.52156934,1907.9660452969626
108912018.70999287,1908.2474529731362
108917365.58070755,1908.5739043084916
108922712.25130513,1908.9094135068117
108928058.7080946,1909.2217099995012
108933404.83807471,1909.4897043956232
108938750.93417418,1909.7407986995006
108944097.06223685,1909.9342482402262
108949443.07243885,1910.2470839321727
108954788.83106425,1910.5774029607396
108960134.29679462,1910.9315111887242
108965479.5128664,1911.2578889704664
108970824.53848863,1911.5406620733488
108976169.38737045,1911.79216412005
108981514.332225,1912.038651755442
108986859.11615387,1912.248318781465
108992203.78538673,1912.5164042371607
108997548.2656842,1912.798568632868
109002892.43813324,1913.128548839409
109008236.38435781,1913.4451196508523
109013580.129883,1913.769792225873
109018923.52053034,1914.0342361615656
109024266.81086177,1914.2962172902103
109029610.16070068,1914.4606299318098
109034953.42610598,1914.7769812197928
109040296.43838589,1915.1168679102034
109045639.13041253,1915.4565303550128
109050981.58113128,1915.7810022020958
109056323.81714316,1916.0725858100132
109061665.8498627,1916.334194602832
109067007.94179568,1916.5758244596925
109072349.90608107,1916.810411504791
109077691.7148995,1917.044874348904
109083033.34958287,1917.3277733253306
109088374.6959619,1917.6577157828374
109093715.75676654,1917.980135911217
109099056.61592251,1918.3259056032875
109104397.13502562,1918.6013470865764
109109737.45886306,1918.880337822115
109115077.84227754,1919.0579638481836
109120418.12699188,1919.358677691319
109125758.14111945,1919.7088496816084
109131097.82799365,1920.0232548046793
109136437.31423923,1920.3742217924198
109141776.5257646,1920.6868298556424
109147115.51831977,1920.9626197342648
109152454.48927827,1921.1926257321084
109157793.40096617,1921.4500469152354
109163132.10248646,1921.6719312037267
109168470.66441852,1921.9558618461813
109173808.95493278,1922.275044739731
109179146.90949403,1922.6001395950088
109184484.64344063,1922.9370970159332
109189822.07412581,1923.233695001957
109195159.21876936,1923.5192164672953
109200496.40126751,1923.7255051231207
109205833.52582301,1924.0065606195662
109211170.3778828,1924.3733516630577
109216506.87673199,1924.7009346040113
109221843.13577005,1925.0535764237738
109227179.11577232,1925.3939640035867
109232514.84089775,1925.6900584114578
109237850.46403442,1925.933156700788
109243186.08222815,1926.1981771870596
109248521.44036974,1926.4206883043303
109253856.64105602,1926.721517648859
109259191.58024216,1927.0348375008493
109264526.1339848,1927.3839139456188
109269860.46081167,1927.7340045264946
109275194.48374833,1928.0582920039922
109280528.13660535,1928.352106843322
109285861.80340374,1928.6162216109046
109291195.36342718,1928.8649898591532
109296528.69785973,1929.2151466093603
109301861.7013655,1929.5623508414244
109307194.41442262,1929.9299278160101
109312526.80568345,1930.3004745615046
109317858.91390121,1930.5953075906846
109323190.85343118,1930.8624236923038
109328522.8000485,1931.1591964836148
109333854.47026694,1931.3901494420156
109339185.95638411,1931.7094720742207
109344517.18029562,1932.0287336722704
109349847.99773209,1932.3953505112174
109355178.54610047,1932.7666967143068
109360508.78468901,1933.1049050865447
109365838.6119726,1933.4131432212448
109371168.3529079,1933.6991670816108
109376498.02968457,1933.9236203497328
109381827.50684285,1934.314985059056
109387156.61105666,1934.7040987425037
109392485.33536871,1935.0700169429829
109397813.76405199,1935.4515255879476
109403141.88089114,1935.7764368215692
109408469.74943876,1936.0674238537104
109413797.63177998,1936.3819301771891
109419125.20191331,1936.6363817628796
109424452.59794952,1936.9519664930494
109429779.71029289,1937.2882310579826
109435106.41245984,1937.6722387453526
109440432.76441492,1938.0502336595016
109445758.81680459,1938.4373813529307
109451084.43355884,1938.77026948241
109456409.84270126,1939.100240559043
109461735.22561063,1939.3425828712018
109467060.37132664,1939.7232389774579
109472385.13191107,1940.136713491298
109477709.47126965,1940.5452862048187
109483033.46884054,1940.9431419705027
109488357.1260906,1941.3085649534848
109493680.46842337,1941.6452676926929
109499003.76891941,1941.9637721112406
109504326.8136788,1942.2766940940644
109509649.5769072,1942.5950049774078
109514972.04499245,1942.9602095081245
109520294.0983005,1943.3702518224154
109525615.73811784,1943.7753016823083
109530936.34575717,1942.7919200015372
109536264.91276641,1938.34453614639
109541591.95499833,1938.6680183613094
109546918.96491116,1938.8860486037058
109552245.38750856,1938.24443135752
109557579.28736673,1933.3345595243024
109562911.5280878,1932.9199534255745
109568251.00775862,1927.774363523172
109573589.30123876,1927.4246642875185
109578934.56226744,1922.0682209385827
109584279.1922952,1921.7422820662182
109589630.71382403,1916.2010289773034
109594981.95041771,1916.370114882441
109600333.08155093,1916.5868547976797
109605683.99512343,1916.8249280261662
109611034.64423859,1917.072650506647
109616385.14207959,1917.3408982431602
109621735.38084312,1917.5565144103673
109627085.40047203,1917.7561114905834
109632435.5133243,1917.881186396054
109637785.6304573,1918.0834313511225
109643135.53294408,1918.3656959613727
109648485.14706932,1918.6105807952708
109653834.58940662,1918.8760839808258
109659183.8165918,1919.1237855044424
109664532.85732542,1919.332206248211
109669881.86714591,1919.489949932443
109675230.92814837,1919.6689296593943
109680579.80344869,1919.8048401033122
109685928.58859946,1920.018098367951
109691277.17949927,1920.248440647811
109696625.45533219,1920.5059233591646
109701973.59060127,1920.7632955104823
109707321.47499776,1920.9928852331932
109712669.07670996,1921.1895829150023
109718016.75465181,1921.3480092208547
109723364.42164879,1921.4818294003965
109728711.97759286,1921.7482192962543
109734059.2192955,1922.0338218094466
109739406.19707145,1922.299027664356
109744752.9769678,1922.5402979499652
109750099.58669658,1922.7548484324427
109755446.09281176,1922.9237188277286
109760792.67753406,1923.1047421795042
109766139.10470808,1923.2305125597459
109771485.39716992,1923.4462029058193
109776831.52838926,1923.6691207481201
109782177.33579639,1923.9111990999393
109787522.98864175,1924.1723767611888
109792868.38042207,1924.4051551427792
109798213.47698171,1924.6021033369047
109803558.60020769,1924.7728694108166
109808903.73807205,1924.8954678543007
109814248.75409093,1925.186532761068
109819593.45600246,1925.4587937793185
109824937.887242,1925.7026226976668
109830282.12981662,1925.9670833085086
109835626.16146637,1926.178130139885
109840970.06017132,1926.3592917900328
109846314.0523227,1926.5489905171335
109851657.85466921,1926.6735349346127
109857001.53571106,1926.8859465956405
109862345.0445098,1927.1045339897487
109867688.22593774,1927.3627900385072
109873031.2010459,1927.6339514632277
109878373.95074694,1927.8766385094116
109883716.36669211,1928.0841018032024
109889058.73733872,1928.2783734793788
109894401.12707064,1928.4059977611169
109899743.38001086,1928.663051275366
109905085.36691567,1928.905520387077
109910427.08832994,1929.1867691246591
109915768.56461425,1929.472919081053
109921109.80642156,1929.6827611527613
109926450.88175005,1929.8720821334223
109931792.03061616,1930.0741752616404
109937132.98897786,1930.216251778716
109942473.85068303,1930.4079922072751
109947814.51320833,1930.631184612167
109953154.86171353,1930.8916398738652
109958494.9544875,1931.1385936798451
109963834.85370338,1931.4037854920257
109969174.3982937,1931.6184288279153
109974513.8149977,1931.8301188333035
109979853.27539364,1931.9607323673304
109985192.6043893,1932.2183501398656
109990531.6628718,1932.4840278690272
109995870.41683765,1932.7681714309
110001208.92363979,1933.0590327937025
110006547.17203918,1933.2915733370842
110011885.21488415,1933.505733587556
110017223.29318187,1933.6940859413417
110022561.22122845,1933.8630786672477
110027898.99107462,1934.046345345898
110033236.57245909,1934.2763007983237
110038573.85075776,1934.550954288267
110043910.81851159,1934.8128694752193
110049247.5774753,1935.1007247900516
110054583.97508188,1935.3227090395626
110059920.16720878,1935.5521794551366
110065256.38286014,1935.6847094779637
110070592.54614817,1935.9012262281635
110075928.41787282,1936.2044126336768
110081263.93059535,1936.5160415945052
110086599.16210411,1936.8042565264825
110091934.12902425,1937.0506043550893
110097268.85549214,1937.2937462021362
110102603.53341578,1937.4703318153906
110107938.15396933,1937.668932608533
110113272.54815462,1937.8687066079294
110118606.73187864,1938.1179757357281
110123940.6260687,1938.389991215896
110129274.15388319,1938.674580306641
110134607.47342071,1938.9772836158488
110139940.43189438,1939.2259868141923
110145273.08072741,1939.4633749834256
110150605.74192621,1939.6317853678095
110155938.30621429,1939.8271066386415
110161270.62793419,1940.1512867728704
110166602.58905733,1940.461154706346
110171934.24757813,1940.762031313795
110177265.59226076,1941.0366101981938
110182596.69129914,1941.2892455262281
110187927.66043714,1941.4884328779765
110193258.60934295,1941.7006814672845
110198589.3020628,1941.891840901119
110203919.7674193,1942.1513485712078
110209249.97436784,1942.4240380715469
110214579.78081894,1942.7060315661345
110219909.35833657,1943.0257218834317
110225238.56889291,1943.3072695148646
110230567.39374274,1943.5603743307927
110235896.18606992,1943.7877603971594
110241224.8702628,1943.9771271161076
110246553.32829091,1944.2933542675005
110251881.39502119,1944.6161522129207
110257209.12954421,1944.9507439144295
110262536.51879522,1945.2684219893476
110267863.61711735,1945.5355989097357
110273190.49714677,1945.773728673925
110278517.37298416,1946.0202949685167
110283843.95552504,1946.2088013013986
110289170.32485552,1946.506722847114
110294496.38543338,1946.7901861053542
110299822.00093532,1947.1140228722197
110305147.32108791,1947.454953941196
110310472.30445643,1947.7690042948784
110315796.83298086,1948.046613739667
110321121.22669598,1948.3245074808524
110326445.52071969,1948.5310675625678
110331769.56193426,1948.8523841773706
110337092.70761143,1948.154054725476
110342423.40991193,1943.3493622216686
110347752.44140482,1942.8454615191927
110353088.78448027,1937.7424027983127
110358423.90639448,1937.2679266456448
110363766.3619581,1931.9814517653222
110369107.9181344,1931.5628967769394
110374456.35041964,1926.1275322499564
110379804.23276573,1925.8766197560578
110385158.50246252,1920.4053788101305
110390512.65904024,1920.5778624047164
110395866.67523801,1920.765715879152
110401220.39674859,1920.898630342889
110406574.06601709,1921.0290302456585
110411927.82971133,1921.0722166868186
110417281.53927812,1921.2538304178486
110422635.039211,1921.457730267137
110427988.27846926,1921.6608138962702
110433341.3286991,1921.8436746287382
110438694.21747167,1921.9943341934938
110444046.96028592,1922.1176223235766
110449399.82652113,1922.2312413399272
110454752.59054966,1922.3254764715746
110460105.26163562,1922.4339707955633
110465457.80513401,1922.580810795429
110470810.1011874,1922.7704580696172
110476162.18088685,1922.9559676841104
110481514.1040058,1923.1565711943178
110486865.74577776,1923.2908733311176
110492217.26331887,1923.427094342953
110497568.8899656,1923.4859829968111
110502920.45096983,1923.6630818849176
110508271.78532669,1923.847280238334
110513622.8803398,1924.0503713406074
110518973.77594857,1924.2651458938574
110524324.45412497,1924.404719147458
110529674.99279438,1924.5524674316116
110535025.58754076,1924.645957566769
110540376.1552877,1924.7382206214725
110545726.59682335,1924.862819693335
110551076.89295512,1925.0172554413878
110556426.96479468,1925.2012466970248
110561776.7678059,1925.389064054563
110567126.43484953,1925.5936936861385
110572475.81672637,1925.7390021691892
110577825.01273,1925.8772533908568
110583174.3048535,1925.938144952509
110588523.59230673,1926.0643487642876
110593872.6620607,1926.2698996541258
110599221.45530449,1926.4827694414796
110604570.04484656,1926.6825504145281
110609918.42602536,1926.8467355108846
110615266.63357413,1926.9913309587464
110620614.85246652,1927.082129737496
110625963.08602309,1927.1966187437738
110631311.13946372,1927.2771090987503
110636659.10510516,1927.4288117651397
110642006.85898168,1927.5894803430865
110647354.32158536,1927.7823547757814
110652701.64214006,1927.9729861082817
110658048.70794083,1928.1318543318116
110663395.52612102,1928.2732647501684
110668742.42434536,1928.3479855966352
110674089.31577873,1928.4694464273334
110679435.99874538,1928.691784645072
110684782.39232491,1928.8843827130372
110690128.59356873,1929.0860526135943
110695474.5446272,1929.268496652337
110700820.3255641,1929.4125259024004
110706166.04485859,1929.5282779004635
110711511.80069205,1929.6401586351797
110716857.41151495,1929.7071125643035
110722202.88870645,1929.8768483826589
110727548.17779617,1930.048961377217
110732893.13430505,1930.226688220539
110738237.94787988,1930.4369965327155
110743582.49834472,1930.610748531367
110748926.74414302,1930.753453333574
110754271.04348764,1930.868483665574
110759615.32105003,1930.9492348644844
110764959.45986585,1931.1539325792546
110770303.29270633,1931.36445479337
110775646.88354997,1931.5800278105971
110780990.23393214,1931.7752305985557
110786333.39254881,1931.928477704854
110791676.43074356,1932.0464292304507
110797019.5512204,1932.1705104667526
110802362.4784153,1932.2374996498818
110807705.27811903,1932.3957889435897
110813047.90211263,1932.557548557248
110818390.1888377,1932.7413971107994
110823732.29659055,1932.9560804521916
110829074.16457088,1933.1352550578395
110834415.70175533,1933.2821142964572
110839757.2286746,1933.42045163865
110845098.75522783,1933.4766739705406
110850440.15573706,1933.7019854047594
110855781.23941973,1933.9308753593962
110861122.02484332,1934.1360118145424
110866462.59949128,1934.3465945600194
110871802.92813161,1934.512322222006
110877143.09696785,1934.6288141254472
110882483.37047832,1934.7749958277964
110887823.39557664,1934.866198269459
110893163.32002567,1935.0081750543561
110898503.06278108,1935.1741680518167
110903842.47534913,1935.3805360424592
110909181.64746572,1935.58737275638
110914520.59161365,1935.7961759760126
110919859.19431122,1935.9493111858524
110925197.6978542,1936.1024240232855
110930536.25230101,1936.1789113356388
110935874.63461576,1936.3836871339597
110941212.70695679,1936.6056351463897
110946550.48699602,1936.8303981631107
110951888.03613125,1937.0507109063738
110957225.32215346,1937.2238712602596
110962562.40679577,1937.3681818952111
110967899.56311628,1937.5084659483828
110973236.52542828,1937.6178854097218
110978573.34243968,1937.755663275869
110983909.96096095,1937.9276689384553
110989246.25302395,1938.1442859660153
110994582.26099183,1938.3597421355344
110999918.04123668,1938.5897840856105
111005253.46273312,1938.756147490907
111010588.69007076,1938.9321881707483
111015923.9568014,1939.0248519098607
111021259.07360485,1939.231763169596
111026593.8785049,1939.4507081941867
111031928.36626802,1939.6727886862152
111037262.60669017,1939.9226080982764
111042596.53778383,1940.1141196879157
111047930.2551574,1940.2885338999733
111053263.96156682,1940.4184101532144
111058597.53868918,1940.5738895501245
111063930.90569453,1940.6992657648516
111069264.08965436,1940.8850035659889
111074596.9767612,1941.1052569502403
111079929.50246304,1941.3311967897928
111085261.79398873,1941.560175368711
111090593.74346791,1941.748426622341
111095925.40071681,1941.9413554528362
111101257.08189702,1942.0508197974502
111106588.65106198,1942.2446723611738
111111919.89376731,1942.5020571934729
111117250.76051852,1942.7397291761426
111122581.38220675,1942.9911665571133
111127911.69394127,1943.228044532476
111133241.72445795,1943.4308863974675
111138571.65947153,1943.579728319609
111143901.53549212,1943.7547828477454
111149231.12498587,1943.8748312044752
111154560.52551813,1944.0823157949853
111159889.63135767,1944.3062117436777
111165218.31822272,1944.5610635175228
111170546.75843158,1944.8222041775846
111175874.86408174,1945.04010896001
111181202.57046862,1945.2497212027786
111186530.2594641,1945.4129543521185
111191857.83954716,1945.5719215262122
111197185.11227214,1945.857409499637
111202511.98248808,1946.135987146016
111207838.52626163,1946.3961838035361
111213164.74461064,1946.659437865615
111218490.65980999,1946.8842834947263
111223816.38989125,1947.066948491568
111229142.09666815,1947.27440655182
111234467.47825679,1947.413324338541
111239792.62856127,1947.6380282520615
111245117.50018893,1947.8772048157698
111250441.92535912,1948.1468178530308
111255766.0485107,1948.4434399054303
111261089.81327751,1948.6992538963555
111266413.13140704,1948.9325826483603
111271736.32955962,1949.1629801962226
111277059.41298549,1949.303048390783
111282382.23991519,1949.6170286210845
111287703.95052855,1948.5991088857381
111293033.58703391,1944.1407343783758
111298361.74957977,1944.3948401996195
111303689.59644687,1944.6111238776055
111309016.74520326,1943.868595549432
111314351.70285481,1938.8084935952058
111319685.21716078,1938.1776518908518
111325026.00047737,1932.9494773292201
111330365.74537618,1932.5063387835114
111335712.27547413,1927.172567317503
111341058.08298828,1926.8651776871031
111346410.5044558,1921.4105908549145
111351762.5744132,1921.4826995330925
111357114.61348492,1921.5604617659963
111362466.7524244,1921.5561516485877
111367818.80038038,1921.6818173499948
111373170.6015851,1921.8327634703237
111378522.16444096,1921.9827559015996
111383873.55755356,1922.1229366222726
111389224.7514342,1922.217157745918
111394575.80985627,1922.2832736149808
111399926.99952915,1922.351479000517
111405278.04785089,1922.3693184371723
111410629.03370403,1922.432267147863
111415979.88363835,1922.5256987206449
111421330.46856123,1922.6627738314282
111426680.84308238,1922.7898323246452
111432031.0621961,1922.9364898629838
111437380.99295174,1923.0211111799526
111442730.8147091,1923.1091321946067
111448080.73338342,1923.1175918916201
111453430.57147636,1923.2258203242873
111458780.19037005,1923.3724451441726
111464129.55266652,1923.5368044705924
111469478.69625488,1923.6817900069877
111474827.6545431,1923.7857241536385
111480176.43546955,1923.8775908724638
111485525.30640636,1923.912027110019
111490874.11933471,1923.9604609580315
111496222.77261686,1924.0139295829647
111501571.32814184,1924.1118096186938
111506919.65161352,1924.2346618580632
111512267.72861734,1924.3765554682009
111517615.63389792,1924.5190656483076
111522963.25633858,1924.6115445325465
111528310.71380733,1924.706476087599
111533658.26911019,1924.7014193698033
111539005.81161052,1924.8157738983618
111544353.07575318,1924.9744507360053
111549700.04662469,1925.1246449031687
111555046.84929176,1925.2733301857022
111560393.43473907,1925.392719035654
111565739.83951466,1925.4868089722527
111571086.2787612,1925.5374553234517
111576432.68713593,1925.6007648136633
111581778.92402513,1925.6131996493805
111587125.06756453,1925.7178036462726
111592470.99776101,1925.8414483628717
111597816.61418186,1925.9842837578653
111603162.08993831,1926.123878388416
111608507.29178748,1926.231927563351
111613852.25147685,1926.3289221402827
111619197.29937364,1926.352264052141
111624542.31802097,1926.4294917857892
111629887.10726185,1926.5944735611233
111635231.61074468,1926.7501205401763
111640575.91317768,1926.9132186636577
111645919.9527413,1927.0323924872682
111651263.8212603,1927.1374295427577
111656607.63355441,1927.2013842857227
111661951.46999238,1927.2531571106788
111667295.14993916,1927.2804774664685
111672638.68163508,1927.3904006698936
111677982.02689335,1927.5188441628225
111683325.05154307,1927.6487968601339
111688667.91736718,1927.8184932933918
111694010.49741027,1927.9371084878387
111699352.77989888,1928.0354726745852
111704695.11527632,1928.0988356902526
111710037.43747291,1928.125944192378
111715379.59822962,1928.2999398701409
111720721.41395646,1928.4702724104473
111726062.98022449,1928.6367729766262
111731404.31062044,1928.7820995331294
111736745.4410252,1928.8959013960466
111742086.45784445,1928.9684703405267
111747427.54391995,1929.0486693016087
111752768.41550955,1929.0653631103892
111758109.15309083,1929.1703655327149
111763449.71054402,1929.2924385746487
111768789.92247614,1929.4359378980776
111774129.93828775,1929.6089967640573
111779469.70404571,1929.7416789398058
111784809.12821253,1929.8467625258677
111790148.54421614,1929.9438011542609
111795487.95826368,1929.9512211974807
111800827.21656258,1930.1371034477884
111806166.12996808,1930.3265319438956
111811504.74786209,1930.489213632415
111816843.14333068,1930.6624887043174
111822181.27686065,1930.781898371866
111827519.25581227,1930.858291914616
111832857.32069105,1930.9676503834407
111838195.11407562,1930.9991816826728
111843532.80468522,1931.0997989318355
111848870.30525321,1931.2250534665732
111854207.45865645,1931.391192593762
111859544.36942162,1931.5617767372835
111864881.03111792,1931.73132813501
111870217.3373968,1931.8450402903684
111875553.54240409,1931.9629615186418
111880889.78005292,1931.9981617363376
111886225.8296761,1932.1588263683905
111891561.54308154,1932.3452613339232
111896896.95242108,1932.5341304179574
111902232.11862855,1932.7136688792655
111907567.00741555,1932.8476866255119
111912901.68407018,1932.954671427194
111918236.43037437,1933.0622430442343
111923570.95494989,1933.1232130060953
111928905.32191192,1933.2235553563166
111934239.47435299,1933.3595548326668
111939573.27959765,1933.5385641988437
111944906.79489945,1933.7239602122215
111950240.0548041,1933.9180144454622
111955572.94216608,1934.0491310918183
111960905.62431659,1934.1931922101696
111966238.34957501,1934.242328716202
111971570.89917623,1934.4086468375888
111976903.10706641,1934.594068126338
111982234.9761785,1934.7787093274185
111987566.60606651,1934.9841611403112
111992897.91821562,1935.1576204897224
111998228.98073351,1935.291130877922
112003560.03838243,1935.387520344569
112008890.93826492,1935.4966605035702
112014221.59945725,1935.5779699644875
112019552.07257879,1935.7326701134716
112024882.22864242,1935.9148424977147
112030212.01691557,1936.1100516717156
112035541.551075,1936.317135070614
112040870.71143028,1936.4790615439724
112046199.56183799,1936.6469946235025
112051528.42471424,1936.7283486058075
112056857.15894778,1936.8880404341367
112062185.51694489,1937.1110350747017
112063154.07246248,4.953108144e-09
112067513.48105747,1937.3465174317414
112072841.16436726,1937.5745336960363
112078168.50255811,1937.7701101246432
112083495.5513642,1937.9481194675088
112088822.49039772,1938.070034206025
112094149.33207646,1938.2051725752026
112099475.86206752,1938.304943789486
112104802.18929732,1938.4892829418852
112110128.19545847,1938.6893592687154
112115453.7906811,1938.9185624391093
112120779.08424897,1939.1689654587012
112126103.61551985,1938.5874954253504
112131435.28626613,1933.2060121099012
112136765.99745718,1932.7006650918552
112142103.83083755,1927.028066372233
112147440.85285883,1926.7567274385358
112152784.3215158,1921.0969465036364
112158127.29704121,1920.868122298649
112163476.55062146,1915.0537523123317
112168825.71579209,1914.8415916698034
112174181.00744332,1908.867761202897
112179536.90716909,1908.8855744181321
112184892.6363404,1908.8302627756657
112190248.30042253,1908.8661138777786
112195603.83041766,1908.9213773319927
112200959.07740901,1909.0116102899322
112206314.1780607,1909.1122564106404
112211669.09143493,1909.171014056158
112217023.71661265,1909.198242760678
112222378.41932383,1909.2107127702757
112227733.17332882,1909.1449707416377
112233087.80615062,1909.2375022976962
112238442.18261845,1909.3434888589534
112243796.37426947,1909.4398634990675
112249150.36645421,1909.5246439282562
112254504.18930556,1909.5578654166043
112259857.93176769,1909.5702384039128
112265211.80946498,1909.5807514980727
112270565.52281483,1909.5230363188
112275919.15306696,1909.5606701069428
112281272.65933013,1909.6114145674183
112286625.88226622,1909.6893135930782
112291978.95892729,1909.790562408199
112297331.83261238,1909.8613475953966
112302684.43311341,1909.8906626752741
112308037.0365299,1909.9098752942589
112313389.7294971,1909.879505883842
112318742.27430366,1909.9759817134793
112324094.54502538,1910.0595216799256
112329446.62396985,1910.142663133338
112334798.54059276,1910.2507073204913
112340150.23973775,1910.2863682330008
112345501.83591583,1910.2965493034953
112350853.56545128,1910.3213527545347
112356205.10927333,1910.2518327178227
112361556.62232116,1910.269767778716
112366908.00193526,1910.3159372800653
112372259.10442857,1910.3986646362014
112377610.02868426,1910.4748040768932
112382960.78256902,1910.5617660600155
112388311.23283786,1910.5925453365771
112393661.64116707,1910.6293318995536
112399012.1276307,1910.5739789552854
112404362.54103835,1910.6381130291334
112409712.69985472,1910.7390921445162
112415062.59628682,1910.8509332425133
112420412.29648858,1910.934446384242
112425761.82235093,1910.982863795878
112431111.20092016,1911.0125080122407
112436460.7019504,1911.0371799687327
112441810.05633183,1910.9957023074796
112447159.32415648,1911.0066960785587
112452508.45188957,1911.0543817027028
112457857.31017207,1911.1395177321956
112463205.95948862,1911.235161095783
112468554.42021911,1911.3335507949369
112473902.58980599,1911.3701999571213
112479250.63631679,1911.4153863935053
112484598.80507502,1911.3649558017105
112489946.88044123,1911.4490663919646
112495294.67727445,1911.533328113971
112500642.22577962,1911.6216731304983
112505989.60335377,1911.7326967174831
112511336.73725666,1911.78887054304
112516683.72374426,1911.8241839072832
112522030.78960912,1911.8238580333323
112527377.74377806,1911.831595948373
112532724.58094358,1911.8185519045278
112538071.2858146,1911.87332852534
112543417.75895534,1911.9672841538463
112548763.94084199,1912.0606444088762
112554109.9853177,1912.1557637163562
112559455.72288626,1912.202274375425
112564801.26470333,1912.2536403743018
112570146.91680981,1912.2168340076114
112575492.50576067,1912.245681219992
112580837.85927038,1912.3441197916404
112586182.93829937,1912.4695826009117
112591527.79522683,1912.5779799564652
112596872.40731782,1912.6339628989435
112602216.85646898,1912.6905065205399
112607561.3267128,1912.6977421396318
112612905.76008411,1912.7215068312432
112618250.02202506,1912.694491021192
112623594.14207822,1912.7591463862839
112628938.04498333,1912.8466588472145
112634281.61929712,1912.941086163014
112639625.0528847,1913.0619493149356
112644968.17930587,1913.1294066170797
112650311.0484679,1913.1863712021895
112655654.00056064,1913.170011272812
112660996.96089306,1913.174514718925
112666339.6680911,1913.3156110244142
112671682.0136899,1913.4435717909168
112677024.14707202,1913.537048886067
112682366.05822551,1913.631095783698
112687707.75489715,1913.6977288462647
112693049.41235141,1913.710295939613
112698391.07931323,1913.7320724479707
112703732.53286798,1913.7161755347752
112709073.85885763,1913.7807451124793
112714414.9847492,1913.8674079191105
112719755.78168403,1913.9764089482087
112725096.38097166,1914.104191356202
112730436.70427969,1914.1767373699508
112735776.709362,1914.2342146920669
112741116.74883595,1914.264330982708
112746456.79748552,1914.2400022688419
112751796.62237759,1914.3825245689259
112757136.09012526,1914.5137970934293
112762475.31084883,1914.618944503458
112767814.29941443,1914.733083262975
112773153.05609293,1914.8041918578194
112778491.696207,1914.8463561621745
112783830.39684857,1914.8937703101456
112789168.85165471,1914.8699240595115
112794507.16803397,1914.9345533128792
112799845.28387757,1915.0230728396714
112805183.04355472,1915.1472047655611
112810520.57314834,1915.2796603126412
112815857.8530238,1915.3907276159837
112821194.75427228,1915.4648761862181
112826531.62867264,1915.5326317359775
112831868.47995442,1915.5434124535586
112837205.13946196,1915.6525810805385
112842541.46242242,1915.7724130873914
112847877.51833306,1915.914237498785
112853213.30994894,1916.0725020173495
112858548.82089509,1916.147184146719
112863884.16045308,1916.2094107766627
112869219.55703478,1916.2780251434326
112874554.67800933,1916.2420086352206
112879889.69092973,1916.3086311028376
112885224.49560927,1916.403092574141
112890558.94287789,1916.5360574846954
112895893.12305827,1916.6708333318736
112901227.05064939,1916.8137324748095
112906560.59056972,1916.9072695675427
112911893.98899531,1917.00697179928
112917227.41142079,1917.0219340572626
112922560.63345729,1917.1257742296414
112927893.48714943,1917.2704141397148
112933226.02528103,1917.4523490048093
112938558.29685162,1917.6130096906197
112943890.25853121,1917.7251516966053
112949221.97970845,1917.8187506989127
112954553.73234847,1917.895657621199
112959885.22209905,1917.9226191519153
112965216.55257028,1917.9907070098948
112970547.64432198,1918.108815155122
112975878.40185447,1918.2750395116584
112981208.79877272,1918.4310105860927
112986538.97321108,1918.5891845791043
112991868.72765231,1918.7062040911756
112997198.22567576,1918.828674638346
113002527.76291652,1918.8490412516803
113007857.11536303,1918.978169932513
113013186.09409235,1919.14615108066
113018514.69075352,1919.3259604605723
113023843.01270193,1919.5082414216586
113029170.995754,1919.6590256636023
113034498.69981627,1919.7878070828963
113039826.36613758,1919.8770349955023
113045153.83880709,1919.9634407050228
113050481.0465801,1919.9878241456993
113055808.04962681,1920.1354257182106
113061134.72922154,1920.2995190926767
113066460.98624411,1920.4771878722843
113071786.98824696,1920.6793202943554
113077112.57832639,1920.8318393503105
113082437.80394623,1920.9878646532143
113087763.01447946,1921.0526146153286
113093088.11273414,1921.1769449210394
113098412.81095412,1921.3788690122315
113103737.06716412,1921.5906765992422
113109060.52420047,1920.8079242903461
113114391.54917762,1915.5146103689847
113119720.93788353,1914.841754976772
113125057.83938302,1909.2173372588697
113130393.69045009,1908.622512883075
113135736.55370842,1902.7705930741736
113141078.6231779,1902.3210625950326
113146427.43886654,1896.4196334682229
113151775.59585635,1896.0952605661737
113157130.23332568,1890.1127530454419
113162484.75352257,1890.1187211788329
113167839.0079269,1890.1043011046845
113173193.36182247,1890.0667557553259
113178547.77136327,1889.9806047478714
113183902.00096604,1890.0281926527468
113189255.95752665,1890.0850624402194
113194609.75088207,1890.1469980648799
113199963.31732547,1890.1793139800193
113205316.72802722,1890.17443719253
113210670.08757617,1890.1392862684286
113216023.5469463,1890.1020155540034
113221376.82585344,1890.003152201625
113226730.03870334,1890.0058458177543
113232083.1002012,1890.0229101396953
113237435.86659512,1890.056663704363
113242788.49969983,1890.1124481089396
113248140.93395813,1890.1408150139946
113253493.06834014,1890.128419983914
113258845.25916253,1890.1100917508838
113264197.5341877,1889.9999475144268
113269549.67270584,1890.0671717659695
113274901.48628786,1890.1297936284666
113280253.0903721,1890.1779544953417
113285604.51588005,1890.2419417813362
113290955.7330733,1890.2352417843313
113296306.87362963,1890.2031048043445
113301658.1198249,1890.199562368216
113307009.15072462,1890.056908538722
113312360.15561666,1890.048324666775
113317711.03046547,1890.0588223864413
113323061.60910566,1890.1078813903177
113328412.02778469,1890.1498181322677
113333762.24972047,1890.1952378146684
113339112.16371335,1890.1922765855961
113344462.07274532,1890.184251604052
113349812.03916605,1890.089934072728
113355161.91815287,1890.1218206058493
113360511.50743173,1890.1726429206535
113365860.84999308,1890.2458868770088
113371209.9928468,1890.3044012402195
113376558.94050653,1890.3083715537314
113381907.75870812,1890.2981495981194
113387256.70052855,1890.2864519337265
113392605.4533443,1890.1803502144573
113397954.11260705,1890.1656284896787
113403302.64230335,1890.1835299796298
113408650.88292708,1890.2316465139668
113413998.93979082,1890.3006765494933
113419346.77617645,1890.3534215520817
113424694.30278029,1890.3476398623768
113430041.75841086,1890.3584694337605
113435389.30131279,1890.2598966102983
113440736.78116147,1890.2666417521073
113446083.9647276,1890.338778765006
113451430.85937034,1890.4284147014614
113456777.56460747,1890.485557843488
113462124.05159439,1890.5121916053256
113467470.3680478,1890.5033758324132
113472816.78494655,1890.4850010852615
113478163.00990221,1890.42102523919
113483509.15520993,1890.3610114251599
113488855.16085367,1890.3836230759646
113494200.92537792,1890.4518153208323
113499546.41048095,1890.5086965898881
113504891.7496112,1890.5661595637735
113510236.7608964,1890.580920857323
113515581.6036002,1890.5998253333032
113520926.57227515,1890.5240623498644
113526271.4311336,1890.5464711902264
113531616.01120229,1890.596334729445
113536960.31433304,1890.6799052457334
113542304.40411134,1890.7582122955023
113547648.23888662,1890.7873575451908
113552991.89788261,1890.8050323018817
113558335.61887054,1890.7854578092529
113563679.20741668,1890.750363434046
113569022.65614718,1890.6901693046914
113574365.94964567,1890.724999687808
113579709.0155179,1890.7987233344325
113585051.76522608,1890.8586469025186
113590394.35922165,1890.9543252122774
113595736.61068457,1890.980942903298
113601078.623628,1891.0108227321334
113606420.7403307,1890.9632164153531
113611762.79638408,1890.956005417814
113617104.58147515,1891.007461274026
113622446.05375406,1891.1183975355207
113627787.28726487,1891.216794927594
113633128.25133644,1891.2614089011604
113638469.01517837,1891.3065551515497
113643809.75571446,1891.2857397479709
113649150.45429365,1891.2586926327751
113654490.91611667,1891.2059708483407
113659831.25510453,1891.233739790841
113665171.38169678,1891.2996385941287
113670511.19286673,1891.3772475939672
113675850.8000812,1891.481378201185
113681190.10022898,1891.5219868025586
113686529.09451163,1891.558427296496
113691868.1294755,1891.539844625544
113697207.18186297,1891.4950958282204
113702545.9813574,1891.6122729156123
113707884.37835628,1891.7204358792628
113713222.51914155,1891.8192061503148
113718560.40254766,1891.8954264525019
113723898.05404629,1891.9535609329873
113729235.60764538,1891.958523547892
113734573.17545864,1891.970445044431
113739910.45540528,1891.9084020719033
113745247.60192624,1891.9442028742494
113750584.55458033,1892.0152832086674
113755921.14534205,1892.103376325783
113761257.51832503,1892.2107791745689
113766593.60274293,1892.2873429978038
113771929.31347267,1892.3330997416958
113777265.01039171,1892.3702051338532
113782600.72906697,1892.3204285998877
113787936.21233906,1892.4398011037017
113793271.27417226,1892.5564192612894
113798606.05272482,1892.6675006885414
113803940.57208738,1892.7937851363627
113809274.79079302,1892.8543375963784
113814608.84666952,1892.88523155083
113819942.93191066,1892.9360620144723
113825276.69670388,1892.8683488321642
113830610.31680916,1892.9229474340475
113835943.7407695,1893.0001969110076
113841276.78775766,1893.1119032861695
113846609.58133224,1893.2524051190915
113851942.07600121,1893.3703781828658
113857274.16913392,1893.4389200329333
113862606.14803883,1893.5184415849797
113867938.12960602,1893.508012569619
113873269.90665384,1893.603785248225
113878601.25279194,1893.751124465034
113883932.24403483,1893.908246637606
113889262.95136106,1894.0389724419817
113894593.35226543,1894.1306013046149
113899923.50855468,1894.2022769793414
113905253.6990279,1894.2666560913515
113910583.58739805,1894.2456353064715
113915913.27538921,1894.312847648422
113921242.73215275,1894.4181500569648
113926571.8147305,1894.553090114203
113931900.58121271,1894.71121859195
113937229.03804664,1894.8579159701742
113942557.07685733,1894.9576785862694
113947884.86876544,1895.0733614403746
113953212.68568693,1895.0741281541166
113958540.31870213,1895.2244451309966
113963867.48816052,1895.3877490851066
113969194.23016843,1895.5840672889485
113974520.67918435,1895.746411664762
113979846.79012711,1895.889573226024
113985172.58079194,1896.0149933719417
113990498.3456624,1896.0841576945013
113995823.83387244,1896.131616715355
114001149.06225209,1896.1833773780081
114006474.03236505,1896.3281522006587
114011798.64154941,1896.5020128127453
114017122.84746148,1896.6746152929877
114022446.76105045,1896.8969964195044
114027770.20048113,1897.03986091
114033093.27459827,1897.195249019202
114038416.3293112,1897.2731907144334
114043739.19944851,1897.3815975014213
114049061.6553859,1897.548387292864
114054383.65091598,1897.7951829776491
114059705.27227172,1898.0363879401723
114065026.47902933,1898.2081222365741
114070346.77923293,1897.2584250356515
114075675.10363883,1891.743778099747
114081001.70212094,1890.8535581532365
114086335.85848908,1884.9960862562166
114091668.57773137,1884.340684383088
114097008.56900035,1878.37211376588
114102347.27438974,1877.8523891992402
114107692.98783383,1871.71099773654
114113037.83223961,1871.281581330809
114118389.2454974,1864.9084415898387
114123740.64186803,1864.8400511773964
114129092.10381545,1864.7546941262153
114134443.36290722,1864.7908916497809
114139794.28257284,1864.8252854165466
114145145.00478934,1864.8696304906741
114150495.51132374,1864.8769674411396
114155845.84418665,1864.870173204526
114161196.1366739,1864.807842088811
114166546.48679693,1864.7479841871775
114171896.59433612,1864.6116813700442
114177246.63888142,1864.5784370316842
114182596.5538432,1864.5834391713083
114187946.17307109,1864.6089247859911
114193295.63681062,1864.6459541436916
114198644.86345865,1864.646492225648
114203993.78711626,1864.6181525173406
114209342.76140574,1864.5740787769043
114214691.8216564,1864.4708662594871
114220040.68731235,1864.5095916109137
114225389.20797592,1864.5322204192082
114230737.53085677,1864.5822642288401
114236085.62284972,1864.6206313767173
114241433.52169745,1864.5946240399314
114246781.33189729,1864.561880204874
114252129.20357563,1864.5200936701915
114257476.8689974,1864.3390449702133
114262824.43897122,1864.3296826835297
114268171.88165678,1864.3396285153501
114273518.99879622,1864.3631418803118
114278865.97793521,1864.4137513019432
114284212.71170075,1864.4414740486332
114289559.10290447,1864.4217363321009
114294905.49751249,1864.4149774724438
114300251.9248535,1864.2876848615338
114305598.26728083,1864.2962445124663
114310944.2686092,1864.3565321974343
114316289.98547733,1864.4228737264334
114321635.47346865,1864.4622443601475
114326980.75455968,1864.4548959896908
114332325.88860549,1864.4316453311974
114337671.13225237,1864.3972103173815
114343016.13305941,1864.2664659085842
114348361.01375051,1864.2424446420775
114353705.76074757,1864.2557204232965
114359050.2124325,1864.29392600155
114364394.4602524,1864.3650197608565
114369738.46876489,1864.40408898911
114375082.13195597,1864.393488436235
114380425.70731227,1864.4028700307745
114385769.35358018,1864.2932706355145
114391112.92899913,1864.3024057126856
114396456.1373793,1864.3611652787322
114401799.03016369,1864.4360497121452
114407141.71982186,1864.4963485098428
114412484.15609829,1864.5122950503553
114417826.41499957,1864.4980839917698
114423168.76699409,1864.4789192340293
114428510.8363907,1864.3801912158772
114433852.8319466,1864.3090069398143
114439194.65932247,1864.3274891122574
114444536.22339712,1864.398312358557
114449877.50303857,1864.4475618700583
114455218.59763847,1864.5060703858537
114460559.33976965,1864.5197055477024
114465899.88335118,1864.5423839446325
114471240.52652928,1864.470115694777
114476581.04338364,1864.494921643251
114481921.24495596,1864.5337274933152
114487261.11358365,1864.621650239312
114492600.75233345,1864.7012999788756
114497940.10379562,1864.7346502982796
114503279.24938394,1864.7545349995128
114508618.43898946,1864.7417922952081
114513957.41420887,1864.6814865601605
114519296.23490906,1864.604947190386
114524634.88424875,1864.6418443700861
114529973.29855756,1864.7241657391974
114535311.37819704,1864.7804386604737
114540649.255076,1864.869684260788
114545986.78154491,1864.9011592738839
114551324.02206193,1864.9393429737017
114556661.33540446,1864.9181463138982
114561998.57124874,1864.920644635039
114567335.50103043,1864.9651408713808
114572672.07200259,1865.072735047102
114578008.36768183,1865.1925806859606
114583344.35470998,1865.236923661998
114588680.11322065,1865.3047554330947
114594015.80907428,1865.296414454686
114599351.40440585,1865.2472282957212
114604686.74457648,1865.1781429308094
114610021.92870538,1865.2296843932331
114615356.88233219,1865.3178539877345
114620691.43721874,1865.3930871904593
114626025.79272015,1865.5096448194795
114631359.80855434,1865.5918775674252
114636693.44957903,1865.6478016018746
114642027.08833903,1865.6689282294071
114647360.69677417,1865.6727460454938
114652693.98845044,1865.7566613308836
114658026.86824733,1865.8698967827556
114663359.46971461,1866.0289742010418
114668691.713504,1866.1270878032747
114674023.68571472,1866.2054456878402
114679355.51354742,1866.2244671540877
114684687.29080795,1866.2400109281584
114690018.71589781,1866.179338390956
114695349.99793185,1866.2512704415508
114700681.04609515,1866.3505137012405
114706011.67554888,1866.466172917174
114711342.07151985,1866.5965586541304
114716672.1269518,1866.7183125403185
114722001.73157278,1866.7924773635136
114727331.27599765,1866.8762926937634
114732660.74148121,1866.8404135609248
114737990.0206418,1866.9364760154335
114743318.84755547,1867.0854673489305
114748647.31026769,1867.2731313387003
114753975.40575498,1867.4296072763668
114759303.1947434,1867.5149706861996
114764630.75652882,1867.6084221822682
114769958.28639129,1867.6710264624935
114775285.44207309,1867.5954645827196
114780612.40650707,1867.683615976452
114785939.13044713,1867.805552016177
114791265.43311766,1867.9612571638907
114796591.40814605,1868.1203690412663
114801917.06322186,1868.2812391531052
114807242.2361632,1868.4102793742293
114812567.20153137,1868.5488417148033
114817892.13104577,1868.586842894762
114823216.82376526,1868.7331932708992
114828540.99025203,1868.9078215275808
114833864.72976695,1869.1160353801533
114839188.13477261,1869.3269383973975
114844511.13933422,1869.4778344089518
114849833.8398814,1869.6107646572743
114855156.49860021,1869.7329022400781
114860478.7033908,1869.7571830803352
114865800.23182513,1868.8927499045035
114871129.3952782,1862.7924388756671
114876456.8783336,1862.21856273853
114881791.55986764,1855.8528608809233
114887125.02163428,1855.3914022798633
114892465.2846491,1848.7339277873573
114897804.74261656,1848.3322342418337
114903151.11097418,1841.3895325262845
114908497.16431417,1841.0781418857362
114913849.40292324,1834.075077714392
114919201.55582699,1834.107108952358
114924553.54205675,1834.126621906445
114929905.2933396,1834.1016115886348
114935256.89241348,1834.0629809757056
114940608.59074411,1833.9938459790487
114945960.11012383,1833.8507575742833
114951311.53975023,1833.7208634856445
114956662.85219061,1833.692870061405
114962013.98215845,1833.7207616585554
114967364.85708192,1833.7238628451732
114972715.58139077,1833.7704220286387
114978065.9957122,1833.7427199010117
114983416.18881862,1833.7159071113383
114988766.49786475,1833.6374202416887
114994116.78968936,1833.5793314854195
114999466.83709836,1833.5627394733935
115004816.56027435,1833.6297849778223
115010166.06775656,1833.656081227025
115015515.34592992,1833.6467735441113
115020864.44286184,1833.6277886650269
115026213.59758401,1833.5415468680785
115031562.65236792,1833.4460573969936
115036911.48039182,1833.299193802257
115042260.25530218,1833.2745614480505
115047608.85332789,1833.289272457929
115052957.14657454,1833.3281119528933
115058305.28931384,1833.3664712169316
115063653.16066384,1833.3627535336523
115069000.74057962,1833.349225387718
115074348.40241729,1833.2755764350245
115079696.09361094,1833.2466747312344
115085043.4854555,1833.2563635832933
115090390.55457437,1833.2897027504487
115095737.43867336,1833.3471830881676
115101084.04822846,1833.3556661759917
115106430.4532441,1833.3523606642254
115111776.84350982,1833.284647221521
115117123.19514187,1833.1970163039784
115122469.30016182,1833.036846389622
115127815.33651294,1833.0273606325159
115133161.21895795,1833.0519561579165
115138506.7590528,1833.0727012455532
115143852.17728648,1833.1290487955757
115149197.31160466,1833.1622428515388
115154542.1007534,1833.1527810926689
115159886.92973712,1833.1267363696975
115165231.78242503,1833.0801751462166
115170576.39771393,1833.10121107124
115175920.6539015,1833.1280255360086
115181264.68253644,1833.2146296881426
115186608.42819506,1833.2447942518138
115191951.96089272,1833.2586880974563
115197295.39981896,1833.2198233592896
115202638.87112993,1833.1484688596938
115207982.05128838,1833.010756229033
115213325.10466616,1832.9980138920737
115218668.01172854,1833.0226283137904
115224010.60298954,1833.0640848338053
115229352.99825834,1833.1625314983853
115234695.1213431,1833.2000841434253
115240036.8788805,1833.2101365200938
115245378.59067897,1833.2222309236902
115250720.35820723,1833.1283614406718
115256061.97842744,1833.1853595812988
115261403.15426421,1833.262726081747
115266744.05317846,1833.3459207912542
115272084.69902085,1833.4113198344025
115277425.08785978,1833.4279313033985
115282765.30725874,1833.426553207731
115288105.59736449,1833.3837203016783
115293445.55660799,1833.2427550645032
115298785.3992797,1833.231109724841
115304125.09062429,1833.2643535511513
115309464.46997276,1833.336196502656
115314803.60516757,1833.4323691195539
115320142.49415338,1833.5026151589047
115325480.98198012,1833.5313145257633
115330819.33809917,1833.573884846632
115336157.7356643,1833.4970033607394
115341496.01653057,1833.5737418594533
115346833.86086425,1833.6511124768022
115352171.36925471,1833.7449464419408
115357508.62910132,1833.8481032382376
115362845.58739519,1833.8865321651901
115368182.34525682,1833.911112812766
115373519.15409894,1833.9252768948766
115378855.59293258,1833.8050014114608
115384191.9376236,1833.771588749922
115389528.08613254,1833.8169232155626
115394863.93108141,1833.929810477146
115400199.47134359,1834.0216827566258
115405534.76571016,1834.1222917754471
115410869.66706811,1834.1832801322969
115416204.32089633,1834.248038631395
115421539.00667956,1834.230408031714
115426873.56487776,1834.301686151795
115432207.74295114,1834.3814392155368
115437541.5137077,1834.5193175440234
115442875.02642496,1834.6426637526015
115448208.19916701,1834.7297790701664
115453541.11199136,1834.7996518078364
115458874.03359643,1834.8296126536088
115464206.63893165,1834.7561135017531
115469539.04082495,1834.7018230962844
115474871.273886,1834.7764821480996
115480203.23147605,1834.8995574711325
115485534.83446108,1835.0205966882902
115490866.16023616,1835.1678722603292
115496197.10013679,1835.265063072948
115501527.67686276,1835.360881106358
115506858.23981191,1835.3935675172484
115512188.6912166,1835.498804386444
115517518.74020046,1835.5957439437868
115522848.39328633,1835.74399453958
115528177.75499897,1835.929673661264
115533506.71330138,1836.0636447217776
115538835.35182174,1836.182472626999
115544163.91951978,1836.2285558141798
115549492.2602701,1836.2535365364456
115554820.23811868,1836.2250715828886
115560148.04906443,1836.3428921438458
115565475.58112408,1836.4997766373288
115570802.67195183,1836.6753491078864
115576129.48663296,1836.8674494454972
115581455.88350397,1837.0119321842649
115586781.83375661,1837.1522274872414
115592107.7051495,1837.2394101484115
115597433.4803936,1837.3529047964041
115602758.89677897,1837.5427815274659
115608083.78602885,1837.7252354587954
115613408.29215457,1837.9406683274076
115618732.4214125,1838.1246364684796
115624056.19661821,1838.3027534145551
115629379.75469969,1838.4066943702835
115634703.17867504,1838.500191120827
115640026.1243126,1838.4814576801564
115645348.86141025,1838.6299982280223
115650671.30112213,1838.8186271329241
115655993.28074473,1839.0394702429571
115661314.49315715,1838.4871098472022
115666643.07272254,1831.846996909566
115671969.99071032,1831.3433732568528
115677304.15464753,1824.3526054287358
115682637.53439525,1823.8378411952274
115687977.70491156,1816.6126315062108
115693317.03310597,1816.3679576662507
115698662.68111874,1808.9499079346747
115704008.04738304,1808.7408904914514
115709359.45593445,1801.078340815499
115714711.1565577,1801.0355825535753
115720062.9773234,1800.9381968791238
115725414.49915788,1800.7362076483482
115730765.97056153,1800.6647038219237
115736117.3466993,1800.6497433133381
115741468.46191603,1800.6861831086203
115746819.38320099,1800.7313619088407
115752170.12458284,1800.76605164002
115757520.51152772,1800.7589136168044
115762870.81712438,1800.750477686131
115768221.22003575,1800.6496794645261
115773571.52047299,1800.7019221501484
115778921.43590944,1800.7156997092247
115784271.10661493,1800.7570179374602
115789620.56862375,1800.8122533495577
115794969.78827794,1800.7941373273652
115800318.85499285,1800.7868655112945
115805668.04334444,1800.7133034420772
115811016.93757059,1800.4961546284194
115816365.757429,1800.4491738411461
115821714.46420734,1800.4391317099376
115827062.8862365,1800.4702831205668
115832411.13953903,1800.5211441739757
115837759.1636551,1800.5972923020754
115843106.84903374,1800.6002841585434
115848454.38568902,1800.6123558311328
115853801.97953483,1800.527778725893
115859149.56833857,1800.5459455435744
115864496.79669848,1800.5836035175707
115869843.67153542,1800.6832170253235
115875190.34739278,1800.7296774642607
115880536.77823538,1800.748853044683
115885883.01349026,1800.7554924414294
115891229.34098254,1800.7141367616814
115896575.39137013,1800.5347496538523
115901921.32475372,1800.428610926429
115907267.16589582,1800.4276028091926
115912612.77905914,1800.477817680487
115917958.1367747,1800.539905032928
115923303.2851412,1800.6065103811125
115928648.12391609,1800.639535249629
115933992.71248017,1800.6594424649056
115939337.3634958,1800.6185639942282
115944682.002121,1800.6533453618356
115950026.29711063,1800.7021811887796
115955370.20960557,1800.796846890298
115960713.92519534,1800.8616583519681
115966057.36202139,1800.905045251313
115971400.57866904,1800.9351173781508
115976743.83633903,1800.9137656715238
115982086.88103583,1800.78043518309
115987429.74694885,1800.6495932761118
115992772.48482248,1800.6762305688596
115998115.02926531,1800.7616762861333
116003457.21882145,1800.813888544152
116008799.26995715,1800.9208916617586
116014140.96234623,1800.9950252754022
116019482.33767083,1801.0409485275118
116024823.75389086,1801.0219794267107
116030165.11135872,1801.0603471322893
116035506.20900296,1801.101861747393
116040846.93469742,1801.196854803046
116046187.3924108,1801.330443467777
116051527.54399385,1801.3927097617006
116056867.45526606,1801.4668411043185
116062207.32722445,1801.45471982774
116067547.05446738,1801.3827500140312
116072886.5107526,1801.2399759771483
116078225.85335009,1801.2790561724848
116083565.02003509,1801.372429961828
116088903.80957438,1801.4449103821457
116094242.43598422,1801.5886341876394
116099580.71176234,1801.6887852871141
116104918.60527536,1801.764621529132
116110256.48442268,1801.7938059261924
116115594.3185898,1801.839975767144
116120931.90290253,1801.9245604192733
116126269.07092787,1802.042583087203
116131605.94604404,1802.2094173967498
116136942.48724678,1802.3078627723046
116142278.75638235,1802.4049488233231
116147614.88687797,1802.4432734304619
116152950.98533767,1802.4036508685715
116158286.70423546,1802.3247681213106
116163622.27138759,1802.3725845010304
116168957.64744827,1802.4799333540122
116174292.64648525,1802.6078003885284
116179627.41784051,1802.7955826160487
116184961.8496705,1802.929741057282
116190295.84003024,1803.0265221647346
116195629.72993103,1803.1251201662512
116200963.62049691,1803.0952492541755
116206297.28510162,1803.25681947793
116211630.48667467,1803.4206606811929
116216963.34436059,1803.5989775592002
116222295.8503041,1803.7490023418363
116227628.0591388,1803.8661393217797
116232960.032496,1803.9667858980047
116238292.01786186,1803.9811450018092
116243623.56808722,1803.9132944940238
116248954.94543019,1803.9680048897476
116254286.12643632,1804.1015143075908
116259616.91179325,1804.2942978612728
116264947.40358004,1804.485088545312
116270277.56920885,1804.6821397614058
116275607.24142846,1804.8254618999845
116280936.69603328,1804.9722972252112
116286266.11312138,1804.9945695106355
116291595.38410051,1805.1567789782448
116296924.15604542,1805.354498378407
116302252.48705776,1805.6212499250953
116307580.48165508,1805.817902255157
116312908.1205385,1805.9847313285736
116318235.43674065,1806.157355913532
116323562.7349087,1806.2606316584859
116328889.59534875,1806.1862961352974
116334216.22090049,1806.295436244135
116339542.6139064,1806.4572997413948
116344868.60924558,1806.6854078943245
116350194.24004522,1806.9251311776657
116355519.53971191,1807.193168295851
116360844.33482502,1807.4072669741277
116366168.7644841,1807.6088976489268
116371493.09774669,1807.7280207491995
116376817.26542723,1807.896992734241
116382140.98478119,1808.1404246436696
116387464.20514812,1808.4479606773118
116392787.03696266,1808.7125571394904
116398109.42135642,1808.9452034863616
116403431.44087161,1809.1894234482224
116408753.35490377,1809.3637784182254
116414074.86454804,1809.4082928145106
116419396.03825386,1809.4852146976227
116424716.90926798,1809.7229136524727
116430037.42352223,1810.0284129796678
116435357.40821923,1810.3065955796228
116440677.07350293,1810.6371106096096
116445995.88080694,1810.2612938504988
116451321.69541083,1802.9484740990326
116456646.50337993,1802.6002169812775
116461978.2289308,1794.923032652467
116467309.08269589,1794.708563825849
116472646.15367086,1786.8026746083485
116477982.88648362,1786.730057590564
116483325.5165695,1778.5378561836478
116488668.24859525,1778.4522467893878
116494016.8073434,1770.0054150233636
116499366.04199535,1769.9134378181568
116504715.05709143,1769.7192533131742
116510064.00754753,1769.7353307024666
116515412.82187273,1769.8122595928262
116520761.29763375,1769.8844586929624
116526109.6448025,1770.02061985141
116531457.70640378,1770.1108413182471
116536805.40785827,1770.170840872986
116542153.13933957,1770.1705830352244
116547500.8631044,1770.1777583781866
116552848.39914395,1770.2325943492947
116558195.57931322,1770.3430412157825
116563542.51625024,1770.4823252948308
116568889.16530593,1770.5439068315259
116574235.59723589,1770.6195404197442
116579581.9494502,1770.6298203130239
116584928.30874915,1770.54895804338
116590274.3208817,1770.426570425365
116595620.26365486,1770.4311992539542
116600966.06455018,1770.498901771654
116606311.54819885,1770.6078004033986
116611656.84531489,1770.761372893906
116617001.86914088,1770.8674085776154
116622346.51815462,1770.9408894638507
116627691.10904524,1770.982579286861
116633035.78260487,1770.9637032583905
116638380.25170493,1771.1016565677066
116643724.292471,1771.204733761042
116649068.09579472,1771.3457589161449
116654411.62372525,1771.4586571204968
116659754.89444442,1771.540116404059
116665098.01401648,1771.5966717001618
116670441.17756523,1771.563360609518
116675783.93812594,1771.407286063139
116681126.6567938,1771.4179458736076
116686469.2288478,1771.487762232829
116691811.47228353,1771.635373503527
116697153.49032502,1771.7768486329892
116702495.2707124,1771.9321303232966
116707836.64255086,1772.0401466569897
116713177.87418033,1772.1215838226585
116718519.15226246,1772.1133555093165
116723860.26173675,1772.2738372862584
116729200.962832,1772.3864091055634
116734541.38200825,1772.5627865746358
116739881.51195772,1772.7247679077982
116745221.33116609,1772.810545534137
116750560.96094427,1772.9259112553518
116755900.62848653,1772.9622740908762
116761239.9189051,1772.788248393964
116766579.09209561,1772.8495998221488
116771918.10284115,1772.9382643140893
116777256.78326502,1773.1093988046616
116782595.19263391,1773.279713197936
116787933.36265618,1773.4702434845901
116793271.10070404,1773.621064592647
116798608.61146441,1773.7468765369822
116803946.12026243,1773.773242883561
116809283.53923728,1773.8663524999704
116814620.55584832,1774.0249174313574
116819957.21901564,1774.251484672984
116825293.5884824,1774.4386730650956
116830629.61362186,1774.563961788322
116835965.38929908,1774.723419838842
116841301.18093954,1774.7908119080382
116846636.62318425,1774.6906794365575
116851971.86699899,1774.7318298765858
116857306.92845383,1774.850932679046
116862641.69786118,1775.0616034132893
116867976.10591862,1775.2775179276812
116873310.26360226,1775.5048981815146
116878644.00003363,1775.7023211802664
116883977.38777003,1775.8638494603945
116889310.74769916,1775.923399058649
116894644.0346083,1776.0577395890784
116899976.9668899,1776.2124849518257
116905309.47348687,1776.4897367256822
116910641.6384357,1776.7340637326088
116915973.45142199,1776.91293104939
116921304.97108668,1777.1254182811024
116926636.42493661,1777.242111364477
116931967.5632895,1777.2520062749866
116937298.43270022,1777.2310838459894
116942629.08622223,1777.3971110173693
116947959.48473617,1777.6347220777593
116953289.4496029,1777.8467500258153
116958619.16010079,1778.134780141757
116963948.45019779,1778.382512732981
116969277.28429775,1778.611164689324
116974606.05003798,1778.7619723151447
116979934.68360272,1778.9349037158559
116985262.97968897,1779.1309212191052
116990590.80477807,1779.4421399336825
116995918.28359762,1779.7654243498664
117001245.32131737,1780.0198995632531
117006571.99803358,1780.270597327718
117011898.51270267,1780.4708636208652
117017224.78790882,1780.5787533289074
117022550.64562322,1780.5707849894259
117027876.28082754,1780.7947325265316
117033201.64656869,1781.0616862807678
117038526.50144814,1781.3670645171144
117043851.0624745,1781.6733982047833
117049175.20508277,1781.9983477002206
117054498.79348227,1782.2851250637434
117059822.21280998,1782.5173301937311
117065145.50327556,1782.7270888885862
117070468.41470791,1783.076418196219
117075790.78511211,1783.3731354405684
117081112.7667653,1783.7404224172813
117086434.16081184,1783.800573373759
117091761.5900647,1775.3580816811127
117097088.88069993,1775.402386243986
117102422.04296206,1766.547153977951
117107755.31621477,1766.373816009259
117113093.99116677,1757.3588613092415
117118433.57097231,1757.4254994167022
117123777.84517181,1748.3781047849334
117129123.43335195,1748.5130158165407
117134473.44537051,1739.3683240436621
117139825.01442008,1739.4626547008363
117145180.80130246,1730.152457453156
117150538.97598276,1730.1108918661437
117155897.04812501,1730.202320235281
117161254.7969747,1730.2641625330202
117166612.34546033,1730.4205847791893
117171969.66655725,1730.5334183246089
117177326.77440487,1730.6036292245647
117182683.74787718,1730.6758313673893
117188040.84105778,1730.6285570078674
117193397.62245032,1730.4309196188067
117198754.32824312,1730.409589782901
117204110.99652581,1730.4554627167738
117209467.42555372,1730.5439308687564
117214823.6715735,1730.695448725155
117220179.715419,1730.805889439659
117225535.45180832,1730.9095598936785
117230891.07070325,1730.9680485348506
117236246.80101709,1730.9139064845992
117241602.49083936,1731.0152294626828
117246957.82044695,1731.1098843164327
117252312.92203943,1731.244873910188
117257667.84114963,1731.3855461897217
117263022.5047321,1731.4484259376816
117268377.02915394,1731.5458109615336
117273731.66130131,1731.550345588605
117279085.9769674,1731.3716433895888
117284440.21534021,1731.3673452893024
117289794.37527962,1731.420326517677
117295148.30815002,1731.5572807285173
117300502.01856458,1731.7044883741785
117305855.56709349,1731.8751628673886
117311208.76799826,1732.0011415896806
117316561.78630178,1732.094232510119
117321914.89050522,1732.0518476260818
117327268.01991491,1732.1519152581088
117332620.78199627,1732.2709220488962
117337973.25347742,1732.4702151072843
117343325.53989908,1732.626233493733
117348677.56784368,1732.732944696142
117354029.39124994,1732.8701650167739
117359381.31136265,1732.8986608208734
117364732.94273442,1732.7726036435506
117370084.41934143,1732.7275757125421
117375435.83677271,1732.7990083037305
117380787.05661711,1732.9377666223108
117386138.00446658,1733.0941827511251
117391488.79130858,1733.2659754472159
117396839.28655036,1733.4103088347797
117402189.50083481,1733.5318565156565
117407539.79813105,1733.5883255150839
117412890.05328397,1733.670895501785
117418240.04667638,1733.7424280291054
117423589.7290821,1733.95124344423
117428939.19475584,1734.145860359166
117434288.38027847,1734.2669640240385
117439637.37858845,1734.4213166847737
117444986.40228248,1734.490771766256
117450335.18943945,1734.4096445373868
117455683.81549327,1734.3391615639803
117461032.32565287,1734.4241742333859
117466380.68104632,1734.5912074896116
117471728.74463086,1734.7403191172157
117477076.62799776,1734.9590677195597
117482424.19450977,1735.1252113640858
117487771.44142464,1735.2794390543868
117493118.73230179,1735.3193813057806
117498466.04396601,1735.394417548293
117503813.1247766,1735.54965129499
117509159.80148454,1735.7872303841023
117514506.24208316,1735.974186569453
117519852.42956287,1736.1421185325464
117525198.37816356,1736.3152765020016
117530544.3146846,1736.4320409215645
117535890.08714178,1736.4333613177296
117541235.5763868,1736.3651742758407
117546580.9557822,1736.4765512796746
117551926.18547274,1736.6484405472877
117557271.09161401,1736.8521113149018
117562615.78993651,1737.091253148318
117567960.19974501,1737.2871126188802
117573304.23317277,1737.4743067820696
117578648.26244505,1737.569498715244
117583992.29793231,1737.7152627001824
117589336.07124119,1737.8907062779479
117594679.45714685,1738.0733121692404
117600022.63599905,1738.3236084429102
117605365.49603201,1738.5242681021377
117610708.11645281,1738.7206525356607
117616050.64819823,1738.8784249048292
117621393.08149064,1738.9202434877773
117626735.12317568,1738.833930604112
117632077.11005493,1738.974012786873
117637418.94892666,1739.1572042006433
117642760.40704474,1739.391352165462
117648101.68600911,1739.6280780068748
117653442.65660805,1739.8758368618821
117658783.21142569,1740.0875497168463
117664123.68324956,1740.2427356466728
117669464.15057698,1740.3208944683563
117674804.45206963,1740.5329343816986
117680144.34852427,1740.7462299803756
117685483.95845114,1741.056228681638
117690823.24300484,1741.295429468356
117696162.26207848,1741.5290556744794
117701501.09750968,1741.7489148495395
117706839.91891645,1741.8599316503505
117712178.26572295,1741.8178013648967
117717516.51392984,1741.9826934599826
117722854.59168832,1742.181681987575
117728192.28957327,1742.4442230205207
117733529.76017265,1742.719502501638
117738866.93895435,1743.019627960999
117744203.67178832,1743.276761899357
117749540.22649907,1743.517773576639
117754876.76467264,1743.5958377052605
117760213.19568206,1743.846216816124
117765549.14447196,1744.1233767016388
117770884.74912132,1744.4805028468713
117776220.02474183,1744.767034012769
117781555.00783715,1745.0130822228923
117786889.70983756,1745.3152472121687
117792224.4389837,1745.4582884061324
117797558.69819866,1745.4432705957927
117802892.74488047,1745.6201340271957
117808226.63303976,1745.8570907631304
117813560.17363742,1746.161402287128
117818893.40332605,1746.4856194973618
117824226.347652,1746.8448378621495
117829558.82408233,1747.159882377152
117834891.00465733,1747.4506014456385
117840223.15177637,1747.583759245225
117845555.17452022,1747.8583918284496
117850886.72941828,1748.1532558514155
117856217.90961468,1748.5665781664243
117861548.73789917,1748.9334297981827
117866879.1799353,1749.226231976519
117872209.30814488,1749.5885813910413
117877539.40817907,1749.8160043546757
117882869.05828525,1749.9075840529583
117888198.4293162,1750.0939808251765
117893527.57651407,1750.36582797656
117898856.40333107,1750.724384261648
117904184.85914926,1751.071566447891
117909512.98944321,1751.492311865421
117914840.65004309,1751.866065253158
117920167.88920715,1752.2190339526915
117925495.03533685,1752.4750165898308
117930822.04810813,1752.7426109635385
117936148.67667906,1753.0918153786602
117941474.78238425,1753.5496302842128
117946800.53483872,1753.9757239379373
117952125.84852473,1754.3661532430554
117957450.80527693,1754.7784474459872
117962775.61353464,1755.1201341097826
117968100.03164469,1755.2826966299722
117973424.05794342,1755.482756925621
117978747.81338626,1755.8454335881672
117984071.25015388,1756.2543930377162
117989394.18767197,1756.6921605002135
117994716.79007085,1757.1688404040362
118000038.94374903,1757.635736667737
118005360.52877788,1758.080851663483
118010681.94320908,1758.4457924417275
118016003.15374604,1758.8403206123323
118021323.95420742,1759.254670469258
118026644.1862416,1759.719845827224
118031964.01803029,1760.2492762705547
118037283.36069435,1760.743412968283
118042602.2536298,1761.2346822311122
118047920.88408154,1761.6847329212555
118053239.20830682,1762.0386824736242
118058556.67704798,1761.8298491878993
118063880.81030774,1753.292317853712
118069204.34271689,1753.4225267968857
118074533.7697684,1744.5948939640884
118079863.09627979,1744.865155759792
118085197.93556139,1735.7760306635612
118090533.00678264,1736.0192836777928
118095873.36141744,1726.6334006365018
118101214.86968665,1726.7696105853522
118106561.17992923,1717.2434446665081
118111908.67616482,1717.4515694493462
118117260.56043027,1707.9369709645998
118122614.1891848,1708.1804925551337
118127967.57931162,1708.4059941483133
118133320.86207391,1708.619718304886
118138674.17757602,1708.7204660332154
118144027.07208064,1708.6450835016326
118149379.94796593,1708.8042696340297
118154732.7357897,1708.9789348326117
118160085.23404777,1709.23588586492
118165437.57410611,1709.4933902731698
118170789.72157693,1709.7763934327832
118176141.4830906,1710.0205941826785
118181493.13995963,1710.243811314055
118186844.86365359,1710.310043766778
118192196.53463493,1710.5558402057966
118197547.80207764,1710.8036285833311
118202898.80341816,1711.1194829643425
118208249.58079365,1711.3679505565133
118213600.15415868,1711.6079758944736
118218950.54137775,1711.8665982226012
118224301.03613123,1711.9861374335899
118229651.08868153,1711.9725204220006
118235001.0433499,1712.0821304207172
118240350.93094258,1712.284300320225
118245700.58250251,1712.561485544861
118251050.00916271,1712.8449653847588
118256399.21808179,1713.1251556314296
118261748.08108549,1713.4010450123624
118267096.75840774,1713.6437180389487
118272445.50532156,1713.753486584562
118277794.1828206,1714.0264348156222
118283142.49326725,1714.2563080906534
118288490.52568008,1714.5640695436452
118293838.34081155,1714.8723545185694
118299185.89018749,1715.114315267129
118304533.24965031,1715.4196717216364
118309880.69385985,1715.5916627120264
118315227.7221284,1715.620781494953
118320574.60961846,1715.7680472404268
118325921.37842369,1715.9901498711447
118331267.93091759,1716.3026755556127
118336614.2091824,1716.5866179128632
118341960.3007046,1716.9179558900169
118347306.02635542,1717.220992013533
118352651.48953049,1717.5027010751862
118357996.96708281,1717.681026585071
118363342.44698271,1717.8945365149132
118368687.59543796,1718.1774101811611
118374032.36757205,1718.5756536821486
118379376.88639654,1718.8765954853607
118384721.14153261,1719.1673413210588
118390065.1785876,1719.5010358090917
118395409.25959712,1719.7126848907487
118400753.0098801,1719.7720825794759
118406096.50242689,1719.924561146796
118411439.89082226,1720.167143074202
118416783.07737859,1720.4783313791686
118422125.97900353,1720.8281599345294
118427468.64874205,1721.188002542849
118432810.97724302,1721.5217937212574
118438152.95651838,1721.8400218066172
118443494.93935987,1722.0552686078308
118448836.91200446,1722.2918694680552
118454178.5620251,1722.614885054721
118459519.78938784,1723.0107029081084
118464860.7821648,1723.344511362891
118470201.47911656,1723.6774684810948
118475541.9223278,1724.0300426012911
118480882.34308408,1724.3188858790293
118486222.51078045,1724.4552453402553
118491562.31939012,1724.5966474249217
118496902.00684494,1724.8870873982462
118502241.5137588,1725.212505013368
118507580.6712729,1725.5944946915772
118512919.59682158,1725.9740101080997
118518258.19060528,1726.3485281279238
118523596.37343189,1726.7274977908232
118528934.49663264,1727.0095783713905
118534272.55505614,1727.3522796862012
118539610.31514905,1727.6763215294463
118544947.63234861,1728.0510635713235
118550284.70335956,1728.4606734664917
118555621.44712539,1728.8526762581057
118560957.88991441,1729.2412411473506
118566294.22924973,1729.5903248010904
118571630.3767515,1729.819330121758
118576966.07236618,1729.8811381440134
118582301.64850004,1730.2205633579995
118587637.06703709,1730.5767159127947
118592972.08397597,1730.9753133306035
118598306.85179128,1731.4033881291155
118603641.28683984,1731.8262456901164
118608975.26289245,1732.25328110842
118614309.09018345,1732.615595625974
118619642.84822571,1732.9484990988885
118624976.3604554,1733.3132973665524
118630309.37178014,1733.7073149911762
118635642.07607909,1734.2041938873285
118640974.45278393,1734.6500470035885
118646306.4753912,1735.0827518475937
118651638.28636453,1735.5118649247843
118656969.99829802,1735.8124251814631
118662301.14833775,1735.9405453888855
118667632.162387,1736.2974885092608
118672962.95265746,1736.6924555049795
118678293.35776436,1737.1910736510606
118683623.43542607,1737.6622185822616
118688953.18340543,1738.1380831067859
118694282.42021994,1738.6196465330233
118699611.3805811,1739.0614949385872
118704940.2808611,1739.4052617360594
118710268.88610122,1739.8851119995672
118715596.99332292,1740.3298875035966
118720924.73394196,1740.8622630077775
118726252.0920339,1741.365244352552
118731579.06568515,1741.8425574065282
118736905.72171402,1742.371931891303
118742232.33798237,1742.7501826501896
118747558.31670819,1742.9867327253864
118752884.0433298,1743.3528704187238
118758209.53362422,1743.8107282233668
118763534.6450076,1744.3496003981172
118768859.35767047,1744.8707108448002
118774183.68956755,1745.4200221667375
118779507.52126797,1745.964279814924
118784830.9442192,1746.505892845224
118790154.24868244,1746.9298666789125
118795477.30178414,1747.4727270824767
118800799.78272338,1748.0244752126482
118806121.7531634,1748.6681894516273
118811443.32131721,1749.233210764923
118816764.43068454,1749.800291937575
118822085.12949176,1750.421719340959
118827405.7216929,1750.9114285570913
118832725.76143113,1751.242188180989
118838045.33480811,1751.7015303607604
118843364.62643056,1752.2488501760631
118848683.52629276,1752.8639044420388
118854001.7961999,1753.243872391081
118859326.03364655,1744.4285672512738
118864649.96175863,1744.851747584289
118869979.25333843,1735.6937510982505
118875309.15537216,1736.0056554826447
118880644.31723103,1726.5397313067458
118885980.32882972,1726.9315489343526
118891320.73528905,1717.4241041208152
118896662.62036854,1717.8388127234166
118902008.63701338,1708.1557447648888
118907356.58738883,1708.5601158202203
118912708.58397779,1698.7548627129088
118918062.92701297,1698.8667747209324
118923416.95370851,1698.993271209227
118928770.95166022,1699.2756480679504
118934124.85556793,1699.5952937718978
118939478.48267432,1699.9629202673627
118944831.94404168,1700.3693414868026
118950185.1496748,1700.7365334428682
118955538.01842704,1701.1144020663774
118960890.89078757,1701.4035600655225
118966243.76004212,1701.7395096400758
118971596.41558123,1702.0511189399651
118976948.70480938,1702.4237236798033
118982300.81942858,1702.821871440918
118987652.66576654,1703.1873507881592
118993004.31958264,1703.571164650264
118998355.94926286,1703.9079409956028
119003707.44495443,1704.078827838798
119009058.62372659,1704.1614754067714
119014409.71361822,1704.483752491783
119019760.73410094,1704.8374808041317
119025111.44416918,1705.207202253199
119030462.02906571,1705.6362754880952
119035812.32726413,1706.0307461151767
119041162.2544168,1706.4222732749795
119046512.135113,1706.7592296074158
119051862.02331616,1707.0266890647858
119057211.76349473,1707.3771460704722
119062561.11370282,1707.8006115742942
119067910.20671377,1708.2319318793843
119073259.05438052,1708.6019357973307
119078607.68901537,1708.9997772633858
119083956.23484449,1709.3703844728907
119089304.7443284,1709.5912154196772
119094652.82411584,1709.6914697925117
119100000.83256423,1710.0236429668
119105348.76457685,1710.3710097067822
119110696.41543339,1710.7669726415425
119116043.88339354,1711.2097012366319
119121391.10048307,1711.619240541318
119126737.93834572,1712.0490803130685
119132084.65357135,1712.4306194357262
119137431.36962172,1712.7479598607222
119142777.89813882,1713.1486235097213
119148124.05093464,1713.5311363437017
119153469.96570934,1713.9979988895209
119158815.59515832,1714.4241926496602
119164160.96567944,1714.8326625878703
119169506.18828125,1715.2820609620132
119174851.43550396,1715.5385289362137
119180196.19888732,1715.6469386529075
119185540.89355795,1715.9888949250937
119190885.46461129,1716.3610002287808
119196229.73457712,1716.8133457933077
119201573.81221375,1717.249448246365
119206917.64808498,1717.7314004403663
119212261.07717721,1718.1803738766394
119217604.29205896,1718.6126119047174
119222947.51324525,1718.9477529122448
119228290.59263727,1719.3640835966512
119233633.27454725,1719.7618507416987
119238975.66476096,1720.2937853928752
119244317.7505144,1720.7427608322766
119249659.57336164,1721.1771735871644
119255001.17606169,1721.6608018837132
119260342.83061832,1721.9667645814452
119265683.98038179,1722.1361689547834
119271024.99629794,1722.46842660452
119276365.88648835,1722.864667602797
119281706.5136875,1723.3315250552541
119287046.90688173,1723.7964507216348
119292387.03363158,1724.304172464744
119297726.76862837,1724.7841425149459
119303066.20092691,1725.2572647397685
119308405.61141112,1725.586676420363
119313744.94416605,1726.034288274308
119319083.84960687,1726.5186874901233
119324422.36514087,1727.0788920568748
119329760.5990098,1727.5536151248104
119335098.5267336,1728.0231836030514
119340436.18036322,1728.5641479716942
119345773.8753251,1728.9452870194177
119351111.13853091,1729.1697858953332
119356448.08470397,1729.5114235609658
119361784.92253016,1729.95648947424
119367121.52432701,1730.4514920363597
119372457.7975619,1730.996643013117
119377793.80636315,1731.525345544656
119383129.4217088,1732.0548388799718
119388464.6471423,1732.5620606141215
119393799.80195451,1732.9854105975303
119399134.87224837,1733.4649648462062
119404469.52126095,1733.98760986754
119409803.70962992,1734.5501648184804
119415137.61158735,1735.0700150628663
119420471.17506264,1735.5774935691836
119425804.43897736,1736.1561315932372
119431137.65187982,1736.6230166144064
119436470.5299708,1736.9222083875693
119441802.9657792,1737.2411882968015
119447135.26588808,1737.7364923275675
119452467.36199059,1738.2674104720022
119457799.0617659,1738.8282541511019
119463130.4657456,1739.4399654108427
119468461.48106359,1740.0068655126142
119473792.0237438,1740.5880164437935
119479122.41656998,1741.105881620341
119484452.69397326,1741.6231888026666
119489782.58800155,1742.1892647095942
119495111.92476082,1742.8253799170088
119500440.92878824,1743.4197205038356
119505769.56171204,1744.0149960929261
119511097.8293774,1744.6354003994165
119516425.91176327,1745.2092075276164
119521753.74150302,1745.6053314144392
119527081.03703225,1745.9269315889826
119532408.11721598,1746.4803076961755
119537734.98640682,1747.0712866847273
119543061.42156442,1747.6878506658652
119548387.54357558,1748.3727113041439
119553713.22499032,1749.0035299568228
119559038.3577076,1749.6476163098546
119564363.24203159,1750.260510268326
119569687.96078673,1750.7953195453342
119575012.37004636,1751.4192433717692
119580336.16725168,1752.0904082927548
119585659.53281918,1752.799621104817
119590982.46625608,1753.443247760333
119596304.99469985,1754.137262843613
119601627.18900953,1754.8251426603135
119606949.22256778,1755.3109265034045
119612270.58714697,1755.6966815626718
119617591.67805086,1756.3092673571866
119622912.49896196,1756.9632492204007
119628232.81863883,1757.66907224691
119633552.77936962,1758.381876647831
119638872.28677139,1759.1419602692752
119644191.18909612,1759.8753034046767
119649509.5670456,1760.4026668053361
119654833.78795965,1751.532933501851
119660158.22577445,1752.04579058162
119665487.64261205,1742.943246550014
119670817.72961202,1743.5615549506545
119676152.42568229,1734.300547045435
119681488.381049,1734.818381678781
119686828.61000627,1725.4685735582382
119692170.93820286,1725.845403083797
119697516.8477379,1716.0706054784034
119702865.16023155,1716.4254457838301
119708217.08174486,1706.8407724828357
119713571.6994119,1707.3156768719489
119718926.14050567,1707.7908266511563
119724280.3827053,1708.2908245838685
119729634.28522453,1708.776340530546
119734987.96824534,1709.2338088242943
119740341.68036833,1709.559174451219
119745695.38345146,1710.009482562388
119751048.73211043,1710.4806334769619
119756401.77747634,1711.02201537848
119761754.6111061,1711.4839216637047
119767107.20960034,1711.9426316968882
119772459.60441643,1712.4701853428664
119777812.11951143,1712.8385730182076
119783164.2386751,1713.0321699581104
119788516.17820975,1713.3254748070513
119793868.07849948,1713.7526216902652
119799219.83637786,1714.2327849146548
119804571.3234309,1714.7293587193526
119809922.65964307,1715.2279038426814
119815273.69323888,1715.7549917828394
119820624.42365767,1716.2351165425248
119825975.1526454,1716.6552926615907
119831325.85646585,1717.1242500504047
119836676.21974024,1717.5651248572306
119842026.26705013,1718.1022161276596
119847376.1205582,1718.6238075112547
119852725.68625218,1719.0899984982568
119858075.05107129,1719.6497532091582
119863424.46191606,1720.0583022152027
119868773.56808887,1720.2669970069533
119874122.40512301,1720.5398220518464
119879471.19792567,1720.9845428117778
119884819.8808337,1721.4776213888813
119890168.27126318,1721.9788871595213
119895516.50760332,1722.5083589242354
119900864.41594358,1723.034881908689
119906211.9885648,1723.5407068698198
119911559.52686812,1723.9836110986842
119916907.04338886,1724.4759550019467
119922254.2479206,1724.976173320846
119927601.04203826,1725.5527233028129
119932947.63146485,1726.0703921960724
119938293.94728985,1726.5933661853132
119943640.01793526,1727.1438033249542
119948986.061916,1727.6242922097454
119954331.87787788,1727.9288060695142
119959677.34195554,1728.1640722078391
119965022.74218452,1728.6287463725569
119970368.03683308,1729.1244480262517
119975713.0346678,1729.6722684713357
119981057.81795233,1730.2106837545832
119986402.33519088,1730.7584965759356
119991746.44870703,1731.3051363308061
119997090.486635,1731.7976787743592
120002434.47857898,1732.2537359548007
120007778.24031562,1732.7726193909361
120013121.5605696,1733.3346538338071
120018464.65010655,1733.8927946080723
120023807.43697435,1734.439680067364
120029149.96793619,1735.0033941062259
120034492.40053174,1735.555272389312
120039834.6920642,1735.8808536427646
120045176.56006151,1736.120695759338
120050518.31868094,1736.5981609864325
120055859.9903704,1737.1311709589077
120061201.33556262,1737.6973334193322
120066542.46629481,1738.2711789729985
120071883.30623943,1738.8447165160082
120077223.71014914,1739.422120164077
120082563.96014105,1739.9591202230292
120087904.16102886,1740.4290964821237
120093244.18014863,1740.9453171979276
120098583.73830675,1741.5130543538532
120103923.0112208,1742.175866454711
120109261.9528114,1742.73296448837
120114600.59060274,1743.334074669607
120119939.03277439,1743.9377928749598
120125277.4155741,1744.332450026559
120130615.2949059,1744.6025100199424
120135953.03484347,1745.1171161876364
120141290.65652537,1745.6628911730868
120146627.93112001,1746.2392432159604
120151965.00383916,1746.8452312985355
120157301.74641816,1747.4717824569534
120162638.06338708,1748.084304611296
120167974.11352867,1748.660387888038
120173310.09544687,1749.198072555971
120178645.90635812,1749.7762102753852
120183981.22965953,1750.35900107347
120189316.19795403,1751.067991787189
120194650.81042762,1751.6608936164719
120199985.09698495,1752.280045405559
120205319.11282402,1752.9325265459386
120210653.09632531,1753.402662301358
120215986.5188824,1753.7049777923075
120221319.7635315,1754.218370660455
120226652.84745097,1754.7963490127756
120231985.62119386,1755.4316847553316
120237318.11708151,1756.081222137458
120242650.27993166,1756.7510410743641
120247981.9799579,1757.4030604732552
120253313.33487943,1758.0266217321002
120258644.5752137,1758.5378839583577
120263975.68026626,1759.1626036229363
120269306.30257088,1759.7984497240243
120274636.48639101,1760.5434264695466
120279966.28383934,1761.2109912527728
120285295.71854214,1761.842274852343
120290624.80725281,1762.5867317638006
120295953.84749974,1763.134857876024
120301282.37915564,1763.5434856812435
120306610.54508337,1764.0438018245397
120311938.50856888,1764.6875204715593
120317266.19930068,1765.3825193185185
120322593.48403251,1766.047874344991
120327920.46624859,1766.763720441765
120333246.97606435,1767.4908306121622
120338573.01147579,1768.1768787726041
120343898.86447257,1768.8075381758729
120349224.53472637,1769.5167865700635
120354549.71300073,1770.18808939072
120359874.3781487,1770.9492223934885
120365198.65979464,1771.7068511219063
120370522.4769364,1772.40572364884
120375845.88851377,1773.203673463912
120381169.11886618,1773.8948236984374
120386491.90072963,1774.3754777507436
120391814.22649266,1774.8962033018033
120397136.24301523,1775.6070418089223
120402457.98296024,1776.3739973385862
120407779.22067718,1777.1416563008154
120413100.09515291,1777.9121462643961
120418420.49220105,1778.7129524623945
120423740.28902312,1779.4898480499928
120429059.81110501,1780.2282562880905
120434379.09719709,1780.933418416745
120439697.93866262,1781.720000245379
120445016.05232365,1782.4084740828102
120450339.42408928,1773.9465519088249
120455663.22834751,1774.617721013657
120460991.74415354,1765.9332841551181
120466321.48954889,1766.5874718803402
120471655.62262821,1757.508060215345
120476991.21328741,1757.8406858151732
120482330.81937398,1748.8224905185411
120487672.75619212,1749.3898806729374
120493018.10378738,1740.4087286441604
120498366.12992392,1740.9888344185576
120503717.24824543,1731.998426903764
120509071.26036543,1732.5602678696775
120514425.17500395,1733.0673541416695
120519779.08224879,1733.550406094515
120525132.85331161,1734.0195461168637
120530486.2693066,1734.564690169125
120535839.48398903,1735.1909537943227
120541192.43539426,1735.723050105835
120546545.1491104,1736.2926477800743
120551897.7414466,1736.8711089734513
120557250.32366203,1737.239283405762
120562602.49897389,1737.487740749126
120567954.59544674,1737.9694111836616
120573306.65807396,1738.4851445894126
120578658.46593533,1739.0169573137841
120584010.14225706,1739.6009617842146
120589361.55224591,1740.1661908016463
120594712.63874361,1740.7405467016658
120600063.5561019,1741.2574698223332
120605414.47393703,1741.7487965910796
120610765.29803984,1742.2980856543468
120616115.71880212,1742.854741990935
120621465.86445187,1743.4658240405956
120626815.79002093,1744.0104532741232
120632165.4680423,1744.5881215329691
120637514.97808023,1745.1906234880505
120642864.52827336,1745.6281742221067
120648213.59763232,1745.8766162903617
120653562.59127852,1746.3432004879865
120658911.51443037,1746.8676829294357
120664260.220586,1747.4572806363778
120669608.72440837,1748.0544081302223
120674956.99124412,1748.6412013999188
120680304.90769126,1749.2405741285638
120685652.57785314,1749.7907345436365
120691000.220301,1750.2982371611854
120696347.79677315,1750.8320236901695
120701694.99526447,1751.3968850473434
120707041.89768043,1752.0512564366904
120712388.5285229,1752.6367703890317
120717734.90658665,1753.198230254876
120723081.05809757,1753.8530306330076
120728427.2632604,1754.304393851175
120733773.0196423,1754.6170728939346
120739118.59611596,1755.0752030601934
120744464.07239872,1755.6296875150888
120749809.34946795,1756.2259835765453
120755154.40977971,1756.8150007235522
120760499.23198807,1757.4360587639692
120765843.69981103,1758.0381135980094
120771187.88056315,1758.6127726327984
120776532.03359069,1759.099481548422
120781876.0967755,1759.6876127540068
120787219.79062776,1760.2616926135872
120792563.13765797,1760.9294927148826
120797906.21762018,1761.5291113831358
120803249.01410927,1762.1094208631796
120808591.5419478,1762.7796334356017
120813934.10000864,1763.284563782879
120819276.25205581,1763.6633475365516
120824618.12715119,1764.0725437992046
120829959.89162996,1764.6551154062083
120835301.49638033,1765.2787569181314
120840642.81124353,1765.9033893314886
120845983.89439858,1766.5498235887562
120851324.62349972,1767.1824428667805
120856664.98040248,1767.7845478894571
120862005.25210929,1768.3359870144461
120867345.42278811,1768.941200931822
120872685.2681688,1769.527342581826
120878024.70197749,1770.1804307737316
120883363.90198919,1770.8122963861592
120888702.77246575,1771.4350923484621
120894041.36037529,1772.1018447787537
120899379.871713,1772.701265459456
120904718.05237913,1773.107156009275
120910055.86080368,1773.5151277936632
120915393.54957055,1774.1062280283477
120920731.07981463,1774.7349647547703
120926068.26515146,1775.3941591997145
120931405.20727655,1776.0309792111093
120936741.82685307,1776.6999002881023
120942078.0126079,1777.3360521270642
120947414.0543083,1777.925696817364
120952750.01247352,1778.49642840639
120958085.66716231,1779.1404923203486
120963420.85208908,1779.8219648601143
120968755.76754501,1780.5027140808984
120974090.31575876,1781.1632278145103
120979424.5351166,1781.8528353831016
120984758.59006338,1782.5234948965015
120990092.4181271,1782.9564553671537
120995425.74284326,1783.3662278730055
121000758.92559755,1783.9764781330016
121006091.94048886,1784.6346878482607
121011424.59218103,1785.3236047994144
121016756.97586393,1786.0013461803678
121022089.02369153,1786.7026956075172
121027420.59404884,1787.3932581945667
121032751.93862905,1788.0316093156289
121038083.12938264,1788.6679603305456
121043414.0482531,1789.2901929836707
121048744.48207133,1789.9960167158924
121054074.56156375,1790.7358181569618
121059404.26795803,1791.4369324708832
121064733.58193667,1792.1437588932354
121070062.64599948,1792.8736641244823
121075391.53114122,1793.4296047992011
121080719.81571703,1793.8598138273055
121086047.90541434,1794.5388026671128
121091375.7741598,1795.2270368926777
121096703.26772726,1795.960467308847
121102030.44016466,1796.6973530037608
121107357.22632182,1797.416991020258
121112683.53603058,1798.1671727902599
121118009.48742037,1798.8516066407094
121123335.24790545,1799.5156262627515
121128660.78764501,1800.2437210978173
121133985.76992959,1800.993381306249
121139310.29133265,1801.804130936331
121144634.42899945,1802.548535739474
121149958.13222581,1803.3039617542788
121155281.45812216,1804.1190861613745
121160604.65856518,1804.7547796521903
121165927.16070026,1805.3029647149879
121171249.35115518,1805.9613194958076
121176571.26072834,1806.7314599108984
121181892.78550449,1807.5193744750761
121187213.93099202,1808.3282586747314
121192534.63322829,1809.1416270299035
121197854.81336454,1809.9480801774093
121203174.50681646,1810.7213869901266
121208493.97155026,1811.4293654438798
121213813.1356448,1812.2358121266293
121219131.74482152,1813.0382292110237
121224449.797442,1813.9461257374624
121229767.3091729,1814.671035441732
121235089.78653058,1806.7009828560304
121240412.94763787,1807.483706195501
121245740.87732787,1799.2535224645478
121251069.9447688,1799.702353243305
121256403.06112288,1791.2708005101542
121261738.17851096,1791.9049171177026
121267077.02663212,1783.60155691911
121272418.23071551,1784.2069130775687
121277762.72377658,1775.8963951769233
121283109.98418508,1776.5142903825422
121288460.046515,1768.1598225541113
121293813.53421393,1768.653469421052
121299167.05952582,1769.1839190328913
121304520.26673485,1769.7553870526244
121309873.12741576,1770.3941472366398
121315225.81712177,1770.9874981634498
121320578.24666388,1771.554424463981
121325930.45122729,1772.1812211336564
121331282.64765543,1772.7224102437192
121336634.59231742,1773.0874758408565
121341986.220532,1773.4689625047072
121347337.81580383,1774.0094869068423
121352689.3195195,1774.5797025198044
121358040.55922894,1775.1786605796528
121363391.6401495,1775.7554706635149
121368742.47216251,1776.3671266716726
121374092.96592744,1776.9345395405753
121379443.39361955,1777.452373876719
121384793.81592222,1777.9448582914138
121390144.01903442,1778.5197319427211
121395493.87055475,1779.1557480277131
121400843.5098004,1779.771336757898
121406192.85973123,1780.3419722760293
121411541.984708,1780.9694605648433
121416891.03955722,1781.5533797250125
121422239.93634096,1781.9225320129267
121427588.45978327,1782.3314678882653
121432936.88637829,1782.8749892601368
121438285.22212283,1783.4657604987563
121443633.27969871,1784.0685677576973
121448981.18745965,1784.6932700753694
121454328.81352523,1785.314696689719
121459676.07600473,1785.9038400711206
121465023.21231145,1786.4334252282745
121470370.34174502,1786.9605439037377
121475717.25174451,1787.557884352846
121481063.78218535,1788.1941022608316
121486410.06043778,1788.8076701442787
121491756.08813933,1789.3994278108776
121497101.86503707,1790.015184198598
121502447.51733327,1790.6199763139352
121507793.05979368,1791.0753995470195
121513138.13900666,1791.4527495128093
121518483.11705741,1792.0174773348097
121523827.99094872,1792.5998547761742
121529172.61351156,1793.2148958996588
121534517.02187277,1793.8406036433203
121539861.17498209,1794.4488805163521
121545204.95979679,1795.0762204218008
121550548.56582204,1795.634592959173
121555892.0952013,1796.1783244295034
121561235.48595318,1796.729847816186
121566578.47468056,1797.360122143828
121571921.19707851,1798.0345954980648
121577263.62904935,1798.6427016196249
121582605.77400112,1799.2560757435804
121587947.71922688,1799.9134591651716
121593289.61329477,1800.3998831750216
121598631.020921,1800.7474483140081
121603972.28894955,1801.325867762383
121609313.42592448,1801.9226123265148
121614654.29829223,1802.5546214080075
121619994.94637655,1803.197127407508
121625335.32687217,1803.8428002892883
121630675.3202093,1804.49074113791
121636015.048869,1805.0693447436033
121641354.6787075,1805.6071242566197
121646694.2094546,1806.1957926926823
121652033.33774924,1806.822312162554
121657372.13410924,1807.5411062940016
121662710.61347961,1808.1663537542659
121668048.80084382,1808.791438253695
121673386.71641222,1809.4877776626895
121678724.60805418,1810.0050746279135
121684061.96954049,1810.4095253094354
121689399.14445628,1810.9618184492053
121694736.14417793,1811.5807750761778
121700072.89385682,1812.242011463901
121705409.38920234,1812.8635159916705
121710745.60220672,1813.5319584323543
121716081.42546916,1814.1902890181752
121721416.91662502,1814.7977437343663
121726752.28769565,1815.346503137351
121732087.5304211,1815.9804609697942
121737422.38892497,1816.6090312940396
121742756.85429814,1817.3455344679242
121748091.00864719,1818.0215614018769
121753424.80715501,1818.667922253915
121758758.28433523,1819.396952153042
121764091.69786277,1819.9747149093032
121769424.61777835,1820.4197599153472
121774757.24463533,1820.9379394096902
121780089.66601269,1821.5865613764997
121785421.86304824,1822.2728693064
121790753.72343451,1822.9187468857137
121796085.31347974,1823.628265738435
121801416.4971743,1824.3245716709885
121806747.27019216,1824.9702546671954
121812077.85843384,1825.5673167385462
121817408.33130716,1826.1700239670606
121822738.4030517,1826.8278438427994
121828068.04297218,1827.586507224185
121833397.34295896,1828.324979407654
121838726.21628505,1828.9752746754489
121844054.73716585,1829.7349606267896
121849383.09982046,1830.3938277168024
121854711.09127055,1830.864320006328
121860038.61505742,1831.4434144905613
121865365.90045442,1832.1278883365203
121870692.94419473,1832.845978836387
121876019.57134783,1833.556114363804
121881345.9109693,1834.2736809165226
121886671.8327966,1835.0162302210658
121891997.25848292,1835.7163921256492
121897322.42022459,1836.3600926156287
121902647.39493537,1837.0189385580898
121907972.00448816,1837.752211194396
121913296.08596408,1838.523963325887
121918619.80377525,1839.305526892518
121923943.07082628,1840.033096092921
121929265.91706456,1840.8021863486124
121934588.47934335,1841.5742166561631
121939910.71105474,1842.1609533816206
121945232.35750327,1842.6780594655854
121950553.73050427,1843.440462213507
121955874.80251335,1844.1904128561562
121961195.43514392,1844.979841369004
121966515.67984863,1845.7615813815037
121971835.48453915,1846.5506956375434
121977154.72774546,1847.3456684621708
121982473.60144223,1848.0755977382387
121987792.18074855,1848.7885936351324
121993110.41231012,1849.566825127666
121998428.03216344,1850.394998179135
122003745.11055389,1851.1393609582526
122009067.0729604,1843.7915014398461
122014389.83751844,1844.483945850663
122019717.02690642,1837.0369425473693
122025045.85782857,1837.5810601779738
122030378.38018945,1829.743180440175
122035712.98647708,1830.3321322504398
122041051.25641857,1822.6765117091766
122046392.0262755,1823.285392341555
122051735.97289471,1815.6509816880055
122057082.86050206,1816.2388018656093
122062429.44651829,1816.844064817612
122067775.78938285,1817.3806964995692
122073122.10902844,1817.920104944953
122078468.2743405,1818.5036363724216
122083814.06439115,1819.0545193536316
122089159.59468056,1819.7149016676206
122094504.88862617,1820.2975745036165
122099849.90884067,1820.8820709067923
122105194.69195013,1821.5193404402967
122110539.48418596,1822.0186854240042
122115883.76977472,1822.3863839964858
122121227.9514698,1822.879455289569
122126571.99405634,1823.4492297112902
122131915.84103088,1824.0578674717583
122137259.45904219,1824.6243119367775
122142602.86197495,1825.2343850068578
122147945.94174719,1825.8511864908255
122153288.72711274,1826.405321589932
122158631.42545566,1826.9335802409469
122163974.02944946,1827.5053982148936
122169316.29075435,1828.0606428187227
122174658.24651489,1828.7420998867524
122179999.9506694,1829.361426580811
122185341.34023196,1829.9502664603317
122190682.46413076,1830.6133849161633
122196023.5678833,1831.1423973450974
122201364.22976618,1831.5362758410308
122206704.67132013,1832.0162688464857
122212044.95255761,1832.6016533372538
122217385.05426654,1833.2203662731945
122222724.88380545,1833.802763681139
122228064.49521199,1834.4446166564674
122233403.76445405,1835.0688873214217
122238742.69674174,1835.6436008771343
122244081.49974824,1836.1662377140397
122249420.24532598,1836.7191987743581
122254758.62993225,1837.3080599548844
122260096.65905936,1837.9974546023504
122265434.41288927,1838.6501479169951
122270771.82200806,1839.2215631418114
122276108.93550234,1839.9077200133588
122281445.9707002,1840.4827820586424
122286782.68927823,1840.8833189545014
122292119.0017504,1841.3915979612377
122297455.17319325,1841.9991955539756
122302791.15701446,1842.6226138380262
122308126.81921454,1843.2419399439882
122313462.26171735,1843.8985526372041
122318797.34740333,1844.5462760471587
122324132.03629501,1845.1492947340623
122329466.54318231,1845.6988247075471
122334800.9393809,1846.2689464872271
122340135.02276517,1846.8964145752875
122345468.68648466,1847.5983202312218
122350802.0479041,1848.27334894969
122356135.04522333,1848.8828175741642
122361467.72453529,1849.5596078009553
122366800.22355732,1850.1984071653067
122372132.48910497,1850.6642308154037
122377464.25737667,1851.1475104643011
122382795.81458473,1851.766391396274
122388127.19932175,1852.414041302669
122393458.23170325,1853.0415065273203
122398789.01379967,1853.7065113225194
122404119.41491152,1854.3843202374744
122409449.38352707,1855.031505286663
122414779.11299038,1855.6308511080663
122420108.673575,1856.1974747910729
122425438.00625962,1856.8614343840513
122430766.79893975,1857.5637350923666
122436095.23547542,1858.2786362030106
122441423.31120272,1858.9442767425037
122446751.02839653,1859.61790674432
122452078.44939622,1860.3339349750759
122457405.68604527,1860.8626661843105
122462732.3573993,1861.3269975278608
122468058.77083611,1861.9947146193524
122473384.94776158,1862.6701864067195
122478710.73388548,1863.3530992314015
122484036.2225453,1864.0587813827767
122489361.3254351,1864.7794432674573
122494685.94088377,1865.4871764284867
122500010.19909786,1866.1283185338605
122505334.22966403,1866.7518397975189
122510658.01260044,1867.4208084559173
122515981.27805516,1868.1272423566788
122521304.10194394,1868.9200106447117
122526626.50717735,1869.6291039212276
122531948.4898252,1870.3396283119664
122537270.08045746,1871.1134373316527
122542591.49532163,1871.7510500997203
122547912.22652818,1872.2613225469381
122553232.67011994,1872.9274379822966
122558552.7934013,1873.6493896406746
122563872.52586393,1874.4080987847508
122569191.84393878,1875.1328869163503
122574510.76047148,1875.8966220439743
122579829.16949321,1876.6743566390737
122585147.07677227,1877.385869773841
122590464.65527813,1878.0089075310725
122595786.91904955,1871.0250321315316
122601110.23961711,1871.672607067712
122606437.60254806,1864.6827281760925
122611766.71036324,1865.3217609990993
122617099.43348725,1858.1732266189535
122622434.43586108,1858.82979934016
122627772.91776213,1851.615808537963
122633114.01981802,1852.0120751622815
122638458.01674595,1844.7411801542676
122643805.35159986,1845.2891936619726
122649152.55844805,1845.8482101776333
122654499.50437531,1846.3980019104713
122659846.25785232,1846.9464104350807
122665192.7461843,1847.5154753238955
122670538.93298005,1848.0311639802633
122675885.0355475,1848.5055813725087
122681231.08305612,1849.0320413724817
122686576.85388781,1849.5504009158922
122691922.30746593,1850.1507358274187
122697267.5433615,1850.7384784093372
122702612.4944502,1851.2519300813005
122707957.20326364,1851.8611867783516
122713301.87413757,1852.3773072552635
122718646.27114953,1852.7485356504324
122723990.34104075,1853.2056995487821
122729334.28216298,1853.75529552421
122734678.08862697,1854.320824060055
122740021.60955134,1854.8729030436386
122745364.96912806,1855.4488850504706
122750708.02017559,1856.0268234473047
122756050.73327257,1856.5577887471964
122761393.32262367,1857.0374930724392
122766735.84278485,1857.5415228208221
122772078.11080267,1858.0916037441832
122777420.02218731,1858.7163480579186
122782761.68999629,1859.315223752071
122788103.05793452,1859.8488764422812
122793444.16558461,1860.4494572069739
122798785.15771973,1861.009879260045
122804125.96204509,1861.4121266561076
122809466.3486634,1861.8314862427478
122814806.59775108,1862.3757751895848
122820146.71187197,1862.9432997630176
122825486.55159907,1863.4989681116788
122830826.19104953,1864.089641727393
122836165.50177401,1864.6711901295794
122841504.46219973,1865.2286977609015
122846843.25824085,1865.7337153886263
122852181.95368147,1866.2261523093136
122857520.45754889,1866.8115661669744
122862858.50896609,1867.4335920523285
122868196.27559198,1868.032970417459
122873533.75402799,1868.5991927322425
122878870.95875518,1869.174412693113
122884207.96980825,1869.7855273846217
122889544.84978098,1870.2452669222673
122894881.23771381,1870.6391052227914
122900217.45440207,1871.1932472610151
122905553.51849039,1871.7687209886592
122910889.28242008,1872.3468408349233
122916224.81414902,1872.9437507070159
122921560.02798714,1873.532353122158
122926894.87999375,1874.1235463615762
122932229.48584348,1874.6513676650486
122937563.94893251,1875.1525803079007
122942898.23229003,1875.7507542919216
122948232.05509722,1876.3614225379245
122953565.56168254,1877.0092976002468
122958898.76399617,1877.5920895326806
122964231.63418473,1878.1876844316207
122969564.23593642,1878.8219926033514
122974896.76043685,1879.3162821944525
122980228.69539309,1879.7562425154142
122985560.43977831,1880.3175786821137
122990891.9831562,1880.9179239315024
122996223.2156634,1881.5212284968402
123001554.1888965,1882.1482116206055
123006884.82188252,1882.764679652367
123012215.06586227,1883.3839530765053
123017544.958956,1883.9488147977906
123022874.7034551,1884.5140070460163
123028204.20543885,1885.1130142105546
123033533.2535325,1885.7174897600376
123038861.92296533,1886.4118926677943
123044190.25836088,1887.0183857762029
123049518.23526213,1887.6278623149567
123054845.86746329,1888.3018151878732
123060173.40688202,1888.8626767145458
123065500.40146276,1889.3260286382647
123070827.07750382,1889.879849209289
123076153.5008298,1890.5089980389741
123081479.61871266,1891.1622902492038
123086805.38726549,1891.7995776059302
123092130.81105112,1892.4725261723665
123097455.79554857,1893.1212710958866
123102780.36149973,1893.7284480869198
123108104.69049525,1894.2929571527457
123113428.83476943,1894.9273189078883
123118752.47043908,1895.563662947807
123124075.65388666,1896.3037566119206
123129398.45202783,1896.9930523391156
123134720.80857188,1897.6145146120607
123140042.74668016,1898.349387544625
123145364.50100525,1898.9772775888787
123150685.80070318,1899.463315345605
123156006.60562953,1900.055129211256
123161327.1088305,1900.7426129578726
123166647.30221747,1901.4457828132902
123171967.02922039,1902.1313923583434
123177286.35086711,1902.733244536722
123182610.2805906,1896.2450864133325
123187935.24435923,1896.8054094668073
123193264.51537864,1890.1280583356188
123198595.64522009,1890.6617369232467
123203930.52730198,1883.9986270421846
123209267.51723064,1884.5941426084341
123214607.90177542,1877.9467396337132
123219950.94132042,1878.4539996815042
123225296.99518728,1871.8192109889847
123230646.29469304,1872.331328604864
123235995.44266781,1872.6663346276819
123241344.27003561,1873.0268813507998
123246692.97029513,1873.5259937178237
123252041.5972117,1874.0310781004732
123257389.96489199,1874.5159847839939
123262738.19829752,1875.0265891695024
123268086.17249665,1875.551258295843
123273433.84200682,1876.0370615057045
123278781.39735429,1876.4822946279996
123284128.90350693,1876.9069600135892
123289476.26201867,1877.4258023503771
123294823.21933839,1877.9743304064996
123300169.94974905,1878.502138185659
123305516.44412473,1878.9933030246234
123310862.7197144,1879.4978265546174
123316208.85976271,1880.0337300516123
123321554.91043437,1880.425527322417
123326900.5398779,1880.765798034518
123332246.05926321,1881.2549275148506
123337591.46816072,1881.7587332379685
123342936.63718814,1882.2720484049073
123348281.61603652,1882.7894400701061
123353626.33950783,1883.2970777890587
123358970.75843576,1883.803477862631
123364315.00444385,1884.256838658973
123369659.16623397,1884.686116985265
123375003.18600368,1885.191244624386
123380346.82854548,1885.7209056223564
123385690.22997862,1886.2796300361624
123391033.38391496,1886.7805050485695
123396376.28668882,1887.2779420602049
123401718.98950745,1887.8381462157504
123407061.64853662,1888.253897001583
123412403.84618546,1888.5615522232777
123417745.9367675,1889.061338358896
123423087.88103767,1889.5665822137566
123428429.58488601,1890.0958830009386
123433771.06644574,1890.5937133477103
123439112.31428392,1891.1150079427605
123444453.23618087,1891.642268185085
123449793.91780485,1892.1007959218857
123455134.50072779,1892.5705019391066
123460474.9667722,1893.0492329239905
123465815.06774528,1893.5638499392783
123471154.85817319,1894.1454077405556
123476494.38750139,1894.6505921478656
123481833.64585638,1895.1559808359646
123487172.66132493,1895.7219629142091
123492511.65112445,1896.172765630399
123497850.16612086,1896.5138401884653
123503188.50308484,1896.9866911684635
123508526.67646486,1897.5000306843317
123513864.61815825,1898.0360259476356
123519202.30955747,1898.541139302472
123524539.76331365,1899.0867905707341
123529876.8726978,1899.6238199131749
123535213.68140206,1900.1037789539519
123540550.36259292,1900.568446298891
123545886.90347008,1901.0696600257947
123551223.07994966,1901.5937014592091
123556558.90696746,1902.1954318315793
123561894.45886484,1902.7296652254477
123567229.69905974,1903.239308677553
123572564.63744569,1903.833263107097
123577899.52039015,1904.3074902964115
123583234.00261404,1904.6566403505676
123588568.18037263,1905.1432346849942
123593902.1696788,1905.6804135899863
123599235.94116533,1906.2425025153116
123604569.40373367,1906.7607924185518
123609902.62908724,1907.3371526096412
123615235.48222542,1907.8930718722554
123620567.96961118,1908.3953337150804
123625900.2782307,1908.878402565802
123631232.45997374,1909.406820075644
123636564.25458193,1909.932491806625
123641895.64502594,1910.5458627548924
123647226.73339143,1911.1159152222162
123652557.4743171,1911.634024061812
123657887.89339162,1912.228531387972
123663218.17520007,1912.763590367985
123668548.13153893,1913.1690897116496
123673877.66090268,1913.6270992433429
123679206.96859485,1914.1963344564972
123684536.0529314,1914.7732916274963
123689864.7582976,1915.3400690104959
123695193.19936712,1915.9247235752748
123700521.25639176,1916.5175699051072
123705848.87585519,1917.0522051480664
123711176.26560308,1917.5697196878489
123716503.4777538,1918.0744081646785
123721830.37861611,1918.6344169504073
123727156.76892562,1919.2364229936225
123732482.85379086,1919.8658539774908
123737808.53099006,1920.4332134300703
123743133.84041263,1921.02182105951
123748458.88217291,1921.64777218775
123753783.65691768,1922.0971531197447
123759107.92261235,1922.5175617674045
123764431.92687893,1923.1224449881554
123769755.67427199,1923.7247871584116
123775079.01101685,1924.3330697906993
123780402.03218774,1924.9463810828775
123785724.649436,1925.5633306122475
123791046.77721865,1926.1591379775361
123796368.58045876,1926.7162759894372
123801690.1225427,1927.2625105286886
123807011.32476966,1927.8528012628085
123812336.09887819,1921.643283000399
123817662.98067631,1922.249893235347
123822993.12065688,1915.967556871981
123828325.90361981,1916.4872539018543
123833661.6053742,1910.275333411972
123839000.6548887,1910.6787023329716
123844338.65063272,1909.8940432131565
123849684.55164672,1905.4198520953591
123855028.99801992,1904.9554662115868
123855981.47575307,1.385137696e-08
123860380.96561877,1900.3349905025957
123865731.6847395,1899.979444956387
123871089.71996987,1895.2162263862351
123876446.67132947,1894.976174041452
123881810.7418761,1890.048808626183
123887174.48834492,1890.4167187946748
123892538.21581005,1890.7927536436773
123897901.6780839,1891.2124216247944
123903264.92673957,1891.6938230098372
123908627.99696115,1892.0776103623168
123913990.89095126,1892.484066769562
123919353.6620519,1892.931101154161
123924716.50710462,1893.2657242261976
123930078.96100038,1893.5233107627068
123935441.36144873,1893.9035901760149
123940803.70292707,1894.3103164806084
123946165.90503854,1894.7274372278775
123951527.97210906,1895.135167129764
123956889.89201437,1895.5558889949211
123962251.58754717,1895.9764433918685
123967613.10516599,1896.3383615915127
123972974.60586676,1896.7119212524872
123978336.05935067,1897.1029709097543
123983697.23685676,1897.4940910005462
123989058.21478395,1897.9633244863792
123994419.03171337,1898.3674792452057
123999779.65704462,1898.758144159589
124005140.12489071,1899.209954044866
124010500.65573727,1899.5658010450586
124015860.84553973,1899.8260685198222
124021220.92000306,1900.1809055965068
124026580.92276743,1900.5856944726806
124031940.79398374,1901.003392953385
124037300.51562594,1901.4148538444085
124042660.07292973,1901.8377506599682
124048019.40243115,1902.2527428385602
124053378.52676734,1902.613438642521
124058737.62733854,1902.9757146411473
124064096.68514001,1903.3677584362763
124069455.48625253,1903.7439789418058
124074814.05867116,1904.2143508884283
124080172.4539794,1904.6273126875917
124085530.6443627,1904.9935957495613
124090888.66117664,1905.4513179035578
124096246.71948496,1905.8073273962368
124101604.49252705,1906.0412643346576
124106962.0953129,1906.4003841437655
124112319.62269896,1906.8029451938262
124117677.03637944,1907.2193701895144
124123034.2772464,1907.6056343725234
124128391.37535015,1908.0356012841594
124133748.24033007,1908.440770817996
124139104.88492809,1908.8035374223134
124144461.47752646,1909.1451995335633
124149818.0532423,1909.5632019623602
124155174.34003773,1909.961999114013
124160530.35439338,1910.4028648262042
124165886.22075298,1910.8078476811538
124171241.88086195,1911.1783820411056
124176597.35195537,1911.6183105298796
124181952.83639307,1911.9978872381805
124187308.07403485,1912.258248095155
124192663.07857116,1912.5635681983545
124198018.01245658,1912.9736382994117
124203372.85480817,1913.3912660500548
124208727.46761124,1913.7879472930622
124214081.95022216,1914.1970143286999
124219436.19828339,1914.6102226658277
124224790.18580665,1914.972368876075
124230144.11138944,1915.3142102784343
124235497.99742441,1915.6879340919077
124240851.65985653,1916.078067365937
124246205.03387503,1916.535088267675
124251558.22446251,1916.9545507289217
124256911.1892459,1917.3246655858238
124262263.95427674,1917.7560528813465
124267616.68529767,1918.1480930759715
124272969.24411845,1918.416783645166
124278321.48011431,1918.7110156210952
124283673.65637891,1919.1178154155086
124289025.72580956,1919.528371877453
124294377.59186889,1919.9398554668428
124299729.28816368,1920.3479044483822
124305080.75655784,1920.7578814567428
124310431.94245224,1921.1313323951317
124315783.03970598,1921.4838193603211
124321134.0666735,1921.8619270252823
124326484.89650074,1922.2507924097777
124331835.40125331,1922.6729925513926
124337185.73799653,1923.1076025030331
124342535.82051446,1923.4935480231095
124347885.68985996,1923.8976368636036
124353235.45349085,1924.332681426911
124358585.09354001,1924.609520808822
124363934.41127001,1924.8637553661158
124369283.62430695,1925.2733302364804
124374632.74573284,1925.6832052103327
124379981.62056565,1926.0793967076997
124385330.35972044,1926.4928543797246
124390678.85700154,1926.9175113271922
124396027.0461977,1927.3014297647526
124401375.10051775,1927.6565830611723
124406723.08569041,1928.0146733390077
124412070.90886804,1928.423654233694
124417418.35672778,1928.849837515034
124422765.59337483,1929.2992123027425
124428112.58945188,1929.6841504038448
124433459.36198044,1930.088818910569
124438805.9756103,1930.5310431163803
124444152.5330297,1930.8367621857433
124449498.68536866,1931.0928456448394
124454844.72028212,1931.4892130433457
124460190.64233828,1931.9052750258204
124465536.32407185,1932.319600960896
124470881.82613781,1932.7446728350164
124476227.07943892,1933.1502400359793
124481572.04168595,1933.5536687701485
124486916.8019583,1933.9099862735047
124492261.4930043,1934.3011714476593
124497605.99545604,1934.7175104123762
124502950.1119563,1935.1247719771561
124508293.98342188,1935.5742199935094
124513637.63074659,1935.9767757917816
124518981.01119256,1936.3722887420024
124524324.18744957,1936.8184387533659
124529667.32557581,1937.1733050145876
124535009.99555726,1937.418638839733
124540352.56088457,1937.8056049016839
124545694.98473018,1938.2215180328615
124551037.17551015,1938.6487085841852
124556379.14947084,1939.054001461391
124561720.8947466,1939.4797254013433
124567062.32316217,1939.8987198798823
124572403.49936396,1940.2641701876498
124577744.56551956,1940.6520179701815
124583085.47524853,1941.0613579194373
124588426.00097275,1941.462643933127
124593766.2523939,1941.9385481779875
124599106.25689903,1942.358759855536
124604445.9660164,1942.7562567922614
124609785.42852597,1943.2209145043491
124615124.85835016,1943.5936086246898
124620463.849774,1943.8528005513558
124625802.65049912,1944.2270211451569
124631141.28463078,1944.655598996621
124636479.70225424,1945.1064900841948
124641817.85675524,1945.5133079607351
124647155.78842376,1945.9596346519083
124652493.36894317,1946.3896021352218
124657830.63944662,1946.7647034151453
124663167.77449702,1947.1469545705038
124668504.7725912,1947.5537582568277
124673841.40126719,1947.9618150310525
124679177.6984218,1948.4607836539042
124684513.70309526,1948.9051520455632
124689849.38802148,1949.2998470102984
124695184.77238698,1949.783920003668
124700520.08751634,1950.1796264383574
124705855.04410526,1950.4661691144827
124711189.6799534,1950.8432444425982
124716524.11767922,1951.298786552641
124721858.34615678,1951.7623473823498
124727192.248206,1952.2001207581366
124732525.90852056,1952.6577679051686
124737859.2052109,1953.108576334286
124743192.13179344,1953.505532523094
124748524.88208398,1953.8977248597753
124753857.46856807,1954.319372004922
124759189.70476983,1954.7621639365082
124764521.52730393,1955.2615253043073
124769853.05502054,1955.7261329117193
124775184.23939787,1956.1461203364015
124780515.10460581,1956.629267139911
124785845.7971351,1957.0825942014042
124791176.20450003,1957.407125147693
124796506.19276094,1957.7539186477754
124801835.94547671,1958.2315442140482
124807165.49066158,1958.7079676670762
124812494.65391006,1959.1585646590502
124817823.57243659,1959.6260358107
124823152.1242107,1960.115569405397
124828480.24554376,1960.547761299341
124833808.12700331,1960.9700854206667
124839135.80892359,1961.4093882842383
124844463.17379716,1961.8807582863149
124849790.0420465,1962.372569882281
124855116.47178209,1962.6759669928701
124860448.27503686,1957.3868881014864
124865780.61457296,1957.6840757078962
124871118.07866986,1952.3586059202535
124876456.67808619,1952.5632830960435
124881799.80712037,1947.022489015938
124887144.49626134,1947.359954116625
124892493.63622534,1941.9409051292382
124897844.58078635,1942.2675024368432
124903199.65732814,1936.841299419245
124908556.90542664,1937.1947453282783
124913913.89938566,1937.5149134372255
124919270.79305808,1937.8032809031463
124924627.66080585,1938.0931971044577
124929984.43527918,1938.4439404061607
124935340.88517061,1938.805657980181
124940697.14554879,1939.1758673696193
124946053.2314514,1939.4945078331752
124951409.12072627,1939.8284416545291
124956764.90362985,1940.1906086065242
124962120.70121785,1940.4505758414211
124967476.09134981,1940.648293365982
124972831.45736985,1940.9747622160105
124978186.75270243,1941.3169515907023
124983541.87182389,1941.663921602443
124988896.8445268,1941.9926794978478
124994251.65603104,1942.3330277019522
124999606.22044024,1942.664958245369
125004960.64290026,1942.9485169955617
125010315.03189613,1943.2543653640844
125015669.3587668,1943.5682448159353
125021023.38497855,1943.9110590589962
125026377.18818593,1944.2937357890146
125031730.80161615,1944.607450706344
125037084.2286295,1944.9269855582197
125042437.5084602,1945.295090405641
125047790.82877906,1945.5687171771508
125053143.77469052,1945.7734770410334
125058496.6177198,1946.091592965065
125063849.38180673,1946.4390166087758
125069201.9645012,1946.78776673127
125074554.40766908,1947.134473664741
125079906.64148429,1947.4813984630587
125085258.62082316,1947.8088094444865
125090610.42331,1948.095718025218
125095962.18751356,1948.4007821044052
125101313.85385443,1948.7310085180357
125106665.21146898,1949.063862814828
125112016.34744905,1949.452925431645
125117367.29709822,1949.7799511672893
125122718.0315021,1950.0933086785979
125128068.58692479,1950.4666668072189
125133419.17856362,1950.76013643549
125138769.40454063,1950.9465886152218
125144119.51703031,1951.238624075096
125149469.51550771,1951.5950185498295
125154819.36851,1951.9595787664034
125160169.02316669,1952.2841374423137
125165518.52220131,1952.6353066047493
125170867.75401424,1952.9753960851071
125176216.75517891,1953.2617713300872
125181565.69716536,1953.5606621109466
125186914.57671599,1953.882266218274
125192263.15788007,1954.2031420526932
125197611.48870508,1954.6077577661563
125202959.60365972,1954.951759773498
125208307.48122883,1955.254602683192
125213655.13826928,1955.6432260935842
125219002.81211157,1955.9451483222024
125224350.1988572,1956.1406684562257
125229697.35073404,1956.4227519247968
125235044.41535202,1956.78146163046
125240391.33651988,1957.1366098185038
125245738.04446812,1957.4736683759088
125251084.57606876,1957.8365688660392
125256430.8386178,1958.1814564337053
125261776.8369938,1958.4772086341532
125267122.74914446,1958.776557705811
125272468.59296876,1959.1304182492636
125277814.12188478,1959.4658393409381
125283159.33480881,1959.84908721425
125288504.3675607,1960.198302084311
125293849.15635538,1960.5154140361492
125299193.71286897,1960.8877035271269
125304538.23134935,1961.2181092565197
125309882.5134929,1961.4413297864273
125315226.4968878,1961.6890873743241
125320570.38145383,1962.0547331906532
125325914.12724414,1962.418596053288
125331257.61584578,1962.772380167067
125336600.92459638,1963.1183973016978
125341943.98801182,1963.4754521671844
125347286.73664473,1963.782653986797
125352629.37760721,1964.094866489866
125357971.9124905,1964.4323315639645
125363314.19399174,1964.7663943348882
125368656.1281364,1965.1355711069864
125373997.86801347,1965.516753668699
125379339.32184269,1965.8425785659076
125384680.53159659,1966.1981484824282
125390021.61948113,1966.573701220953
125395362.53138386,1966.8091447207823
125400703.10588992,1967.0368390177991
125406043.54836994,1967.4116074410674
125411383.85170624,1967.783060079264
125416723.87032665,1968.1394848445195
125422063.71305361,1968.505448765998
125427403.28364325,1968.876613308204
125432742.50621645,1969.2021399224823
125438081.56993464,1969.5170805134176
125443420.51382902,1969.8426801476699
125448759.23918073,1970.1961127948566
125454097.58385132,1970.578530643335
125459435.68505287,1970.9818946605815
125464773.49148342,1971.3162737210848
125470111.04045323,1971.6713906590019
125475448.40406552,1972.0632386125158
125480785.66434237,1972.3269771729797
125486122.5014441,1972.5498644974252
125491459.17894018,1972.9302400230802
125496795.70530671,1973.3185206007033
125502131.93689004,1973.6883545388537
125507467.9705795,1974.057597728044
125512803.7127103,1974.4359501247789
125518139.08664015,1974.7804354274174
125523474.2516291,1975.0987277676627
125528809.28866018,1975.4210003394721
125534144.15557347,1975.7766578755184
125539478.61896424,1976.1642031446365
125544812.7593295,1976.587204832378
125550146.60489862,1976.937678889921
125555480.16369875,1977.2954811581255
125560813.47400226,1977.7029600619853
125566146.72002493,1978.0183746659388
125571479.48579273,1978.254240141044
125576812.05543394,1978.6206674238038
125582144.43929818,1979.0164577785986
125587476.53679198,1979.4156405798888
125592808.37106864,1979.7910916785327
125598139.91983731,1980.1899327361316
125603471.08803268,1980.5638063895567
125608801.96722023,1980.8978626000126
125614132.6819632,1981.2448358768274
125619463.19958833,1981.6371291032824
125624793.29001267,1982.0280090052288
125630123.02772474,1982.4825788510745
125635452.44029205,1982.8674554899173
125640781.51828001,1983.2344654526432
125646110.2764268,1983.6790601273105
125651438.93839055,1984.027957129797
125656767.1474486,1984.2765856543604
125662095.07904583,1984.6573812793504
125667422.75918828,1985.0814403017484
125672750.16909285,1985.52140068955
125678077.24174242,1985.9144410375845
125683404.02156815,1986.340713459346
125688730.39331666,1986.750866166669
125694056.38502844,1987.1069434089338
125699382.17053707,1987.4828380471347
125704707.63269946,1987.6758108385065
125710038.40594886,1982.7272247727326
125715369.67215107,1983.0065586826313
125720705.97218303,1977.9928845486993
125726043.29905991,1978.222389401219
125731385.26686549,1973.1974435585985
125736728.91979343,1973.448071534658
125742076.84774859,1968.2580146073572
125747426.62386873,1968.4626121587562
125752780.51296891,1963.4179705831316
125758136.72913195,1963.7216512635086
125763492.74543932,1964.0043495300602
125768848.6468746,1964.3020949130018
125774204.3288101,1964.5889577993494
125779559.77711713,1964.8253914053728
125784915.18283023,1965.061440150665
125790270.59963106,1965.3263955098942
125795625.7904285,1965.6199801441992
125800980.69461083,1965.9358077245154
125806335.43892473,1966.21518171854
125811689.99656607,1966.4693027337287
125817044.39149034,1966.7596324941496
125822398.775726,1967.0375567635017
125827753.00585583,1967.2218416207033
125833106.9662205,1967.4078911812073
125838460.87866348,1967.7151493895717
125843814.69612972,1968.0121054659498
125849168.31176601,1968.3020975299796
125854521.80672118,1968.5859828001182
125859875.1064187,1968.880568145136
125865228.14026925,1969.1261703441637
125870581.11122124,1969.3698400188384
125875934.03657885,1969.6361142759934
125881286.80637525,1969.9148967579447
125886639.27140507,1970.213843997206
125891991.5741945,1970.5227428262504
125897343.66144584,1970.7765956959738
125902695.57518615,1971.0617234975434
125908047.4162256,1971.3600718389912
125913399.17469817,1971.5343659521338
125918750.63425009,1971.7039532738188
125924102.02343817,1971.9974795422181
125929453.33977683,1972.2992124176296
125934804.43877603,1972.578694077315
125940155.42302084,1972.8756147168829
125945506.1779488,1973.1567490674265
125950856.68898097,1973.4095685642005
125956207.10272981,1973.6449175910948
125961557.46597332,1973.8983054885327
125966907.69076122,1974.1957195939824
125972257.5882091,1974.4997951041385
125977607.29337399,1974.8083682398737
125982956.80355959,1975.0706676615089
125988306.10927884,1975.344210862296
125993655.30205618,1975.6531659546295
125999004.46504648,1975.8662200144158
126004353.22935435,1976.0127772827122
126009701.95994438,1976.3068669882325
126015050.59661166,1976.6070904011622
126020399.02612056,1976.9064371613008
126025747.29032367,1977.182453643738
126031095.37207326,1977.4707123623318
126036443.17783555,1977.7374463998292
126041790.84523459,1977.9727160364205
126047138.46047792,1978.2313502371712
126052485.98335372,1978.501638020336
126057833.1793443,1978.7965555173025
126063180.14234318,1979.120941773984
126068526.89523132,1979.3842589097144
126073873.44583166,1979.6520266581015
126079219.83396555,1979.9665522817288
126084566.23382044,1980.19499493567
126089912.2463745,1980.353047309451
126095258.14974807,1980.6348158755575
126100603.95205313,1980.9413557837454
126105949.54399472,1981.2446971910226
126111294.9749531,1981.537191027022
126116640.18317723,1981.835434981698
126121985.1068072,1982.104611866092
126127329.85072127,1982.3437137469514
126132674.52946873,1982.597281335493
126138019.09760232,1982.8943301749457
