Event_Midpoint_s,Duration_s
9763090.11353398,310.71963742275824
9774076.056088015,332.00527071559117
9845480.757378196,436.0332682741414
9867450.774622038,464.5808817811012
9878435.212714123,476.8513575386197
9889419.997897891,488.83365189295137
9905897.544277279,506.68014603497977
9911389.662174134,513.0606682793299
9916881.721085751,519.6920387732921
9922373.62279032,525.4757138997977
9927865.546406247,530.0100555074946
9933357.691809116,534.6818919079268
9938849.965045521,540.4701739573975
9944342.136052947,546.1770812583259
9949834.147435714,551.8585576088849
9955326.071429586,557.3570421923207
9960817.90559754,562.2810372224644
9966309.66431116,567.008589544678
9971801.564512014,572.1541971649718
9977293.800793448,576.4809753680381
9982786.074889619,580.6219100774681
9988278.166340206,585.9261336483269
9993770.010040386,591.6132048938564
9999261.719178772,596.8703363627244
10004753.362022605,602.342400182155
10010244.799826568,606.8413852338181
10015736.396854743,610.6156388694815
10021228.203009842,614.75188173897
10026720.054061119,619.8409708365416
10032211.778212227,624.6179968613446
10037703.367592815,629.3729874708076
10043194.88124943,633.965680572579
10048686.292786425,638.0813173323522
10054177.645913327,642.0656766957504
10059669.249139432,646.5784125016593
10065161.108395018,649.7853740718665
10070652.917173443,653.6126338557865
10076144.544043422,658.3664970850826
10081635.90844095,663.1204127920612
10087127.188811364,667.871761411292
10092618.355649889,672.4006895682633
10098109.371951824,675.9729356689439
10103600.636884015,679.2759452638143
10109092.050419027,683.1021270822495
10114583.4233034,687.5514263615416
10120074.717992488,691.6801196008238
10125565.838749755,695.8733651909263
10131056.901726212,699.8210876215965
10136547.877742914,703.4032306853605
10142038.83233221,706.8739254165267
10147530.115964655,710.8146767153626
10153021.563902516,713.4952478684933
10158512.894889366,717.1716428852014
10164004.028270157,721.4931811251356
10169494.926434305,725.5807983305663
10174985.791204454,729.8433575955386
10180476.489532523,733.6694232654893
10185967.131368216,736.6514131905537
10191458.01790981,739.7156008782151
10196949.005602373,743.1481939543457
10202439.934425186,747.1088867149313
10207930.740040163,750.8442616226735
10213421.420217592,754.538782970242
10218912.056171525,757.9014781060807
10224402.600404084,761.0208842187194
10229893.216641916,764.3462896588228
10235384.169710664,767.4760586598534
10240875.203138916,769.9705569603843
10246366.07685468,773.4421905454911
10251856.720781762,777.402911475177
10257347.202153848,781.0664535853956
10262837.619274214,784.88666227771
10268327.849901529,788.1153063149543
10273818.150743084,790.6925721780262
10279308.658992568,793.5453429178962
10284799.211588934,796.8957330237254
10290289.717691489,800.4193435348247
10295780.059304927,803.6681870008838
10301270.358150024,807.0490564940342
10306760.566266594,809.9506095305609
10312250.672420552,812.7718806859195
10317740.971411316,815.9705097507717
10323231.565806769,818.4018830910934
10328722.140551943,820.9129093812741
10334212.573011182,824.191904234465
10339702.757267317,827.7891612472423
10345192.815624913,831.1600182645666
10350682.796634438,834.4594973518892
10356172.601069063,837.2405117561184
10361662.574090542,839.5805922069324
10367152.725011244,842.1337606598318
10372642.868690012,845.3450032115137
10378132.960082414,848.4505171246319
10383622.856892958,851.4627626026435
10389112.732770922,854.4740129895913
10394602.507558845,857.0643578671127
10400092.220736891,859.6174583062844
10405582.227480331,862.5613251071384
10411072.435845038,864.4746406015049
10416562.611916728,867.0400712805585
10422052.593192039,870.1637044158963
10427542.33782975,873.3315243845368
10433032.02451739,876.4347606462333
10438521.58176559,879.43943531318
10444011.024977708,881.7741809045186
10449500.693978243,883.9669380749749
10454990.457924426,886.4025995503331
10460480.22134253,889.4913531757995
10465969.8915585,892.1909204278369
10471459.430557488,895.025751478936
10476948.926558657,897.648320544018
10482438.311824875,900.0107873632428
10487927.709143046,902.4234041879016
10493417.436515378,904.9680441906803
10498907.267366756,906.7192852156536
10504397.018392457,909.2852947824822
10509886.556082305,912.309239469339
10515375.898944601,915.1127346782212
10520865.163491199,918.0655437109508
10526354.288091453,920.7215351336333
10531843.379349364,922.735104542207
10537332.705546807,924.7705365492169
10542822.069001729,927.2627539062735
10548311.434568731,930.0095112814761
10553800.652485304,932.5922708872033
10559289.782794502,935.178489575799
10564778.826635106,937.4636003048251
10570267.779336063,939.6885603465186
10575756.84919761,942.0025794506064
10581246.211436037,944.0781108710518
10586735.662673008,945.8557236885731
10592224.970605314,948.3343746952047
10597714.05422777,951.1936222907129
10603202.988589304,953.7286933975471
10608691.847135816,956.4155340160228
10614180.545273501,958.7316082942151
10619669.323660107,960.5422526851434
10625158.27689583,962.4742138370166
10630647.2990698,965.0382355496075
10636136.227176849,967.5756781348516
10641625.00967918,970.0335167004791
10647113.729235148,972.421036175014
10652602.32575613,974.4881361332882
10658090.87558764,976.5205395770563
10663579.615814632,978.7595644941309
10669068.646428803,980.4474221527971
10674557.673235998,982.3082737560857
10680046.531293368,984.7035935001247
10685535.15884991,987.2420314888507
10691023.674504753,989.7048753249596
10696512.10993334,992.1874147877594
10702000.381714605,994.150691120989
10707488.835880924,995.8292822708542
10712977.40322141,997.7379118600702
10718466.037821742,1000.165259262264
10723954.555238552,1002.4260908183222
10729442.945795447,1004.6822459327047
10734931.25521018,1006.8440212031771
10740419.497926455,1008.7566251291291
10745907.694080263,1010.6117170322191
10751396.181683848,1012.7731204179577
10756884.866800424,1014.2220234518
10762373.478034187,1016.1285090281235
10767861.91153096,1018.4681121140379
10773350.105230786,1020.8029567257622
10778838.235592175,1023.1761128854375
10784326.252416858,1025.391258096688
10789814.147584356,1027.0946124408822
10795302.265574235,1028.7062330068266
10800790.509871732,1030.6525418326742
10806278.691936828,1032.9552219231741
10811766.782843666,1035.1016822123115
10817254.738312688,1037.1792008142702
10822742.623287609,1039.1525534780399
10828230.442389637,1040.961610114406
10833718.271893838,1042.7341585945667
10839206.429588774,1044.6724292104
10844694.703034913,1045.953656405163
10850182.856153155,1047.882986112018
10855670.814342815,1050.1784061754727
10861158.5814,1052.312651343495
10866646.297642028,1054.5609155468246
10872133.857620085,1056.5013615676912
10877621.418327058,1057.996712329903
10883109.198252985,1059.5978195739576
10888597.013885567,1061.5215452298771
10894084.80160525,1063.6651184937518
10899572.445513539,1065.6079096346446
10905059.981175592,1067.6588233387583
10910547.449850855,1069.4115894375307
10916034.829824962,1071.0556284866775
10921522.340025838,1072.844870272415
10927010.145192778,1074.4459607050806
10932497.983298048,1075.7686069465653
10937985.68622486,1077.679409847255
10943473.167261815,1079.8472778725863
10948960.518134031,1081.8636527247168
10954447.809551783,1083.8957539014957
10959934.940487526,1085.6441681894164
10965422.162233733,1087.0143355158048
10970909.5440856,1088.5085286101894
10976396.964762473,1090.4680958103886
10981884.345030501,1092.4031262904614
10987371.534685584,1094.2689842533778
10992858.68393729,1096.1257510169198
10998345.737057827,1097.6955133028896
11003832.726378743,1099.2368928734302
11009319.929848775,1100.9825718437917
11014807.366327217,1102.2508839843385
11020294.795872668,1103.766227424595
11025782.068124527,1105.6260619566506
11031269.116787752,1107.647390577225
11036756.070277367,1109.555667678027
11042242.91324153,1111.4490065728837
11047729.629252398,1112.9596678653747
11053216.51788997,1114.2645312564575
11058703.513783759,1115.6854931237672
11064190.537855076,1117.6483930860663
11069677.467737366,1119.3734408765672
11075164.26843365,1121.1064927550383
11080651.0059375,1122.7695837400559
11086137.660506021,1124.2387187461316
11091624.294289777,1125.7002570333257
11097111.189075703,1127.3417669353978
11102598.268367052,1128.460231490207
11108085.281838357,1129.9788699753458
11113572.1268808,1131.8389635940362
11119058.749428986,1133.6529290267683
11124545.292239131,1135.5176554401653
11130031.740208607,1137.2342702660185
11135518.074403035,1138.5242364154576
11141004.625599377,1139.7550111884057
11146491.267907958,1141.2394363935982
11151977.906447781,1143.0432506394518
11157464.410796257,1144.7275253953896
11162950.811204704,1146.4006511775078
11168437.120914478,1147.9196628152076
11173923.36565834,1149.3482354508014
11179409.642630296,1150.736925960871
11184896.220062202,1152.249301314367
11190382.901240114,1153.253452755613
11195869.478112541,1154.7699090382227
11201355.871091442,1156.5855249318138
11206842.071597647,1158.2450292707076
11212328.238061529,1160.0081138268004
11217814.253934158,1161.5242655871123
11223300.27077173,1162.6777623134137
11228786.49184333,1163.910170357682
11234272.78315424,1165.449176257302
11239759.01120393,1167.156474041497
11245245.106279999,1168.6965836145962
11250731.082129996,1170.3040191774937
11256217.000191398,1171.6965252442542
11261702.844249763,1173.0030507073986
11267188.80267884,1174.4085736240759
11272675.05240146,1175.692988148902
11278161.334352488,1176.7563372904401
11283647.476496588,1178.2721194260039
11289133.403526496,1179.988222175256
11294619.218804969,1181.5840724243658
11300104.969360083,1183.2053995026085
11305590.563142326,1184.5743509423346
11311076.247919397,1185.6405745096179
11316562.101141868,1186.8413727761754
11322047.978126438,1188.377958502182
11327533.823876081,1189.9081178799252
11333019.474335669,1191.388631964613
11338505.07833153,1192.8827174880012
11343990.601682639,1194.1359249757086
11349476.054598544,1195.347480740481
11354961.723705292,1196.7495601851026
11360447.597978538,1197.7497364606022
11365933.465327207,1198.9534486905536
11371419.186267441,1200.446726246265
11376904.684654646,1202.0768580939634
11382390.101447765,1203.599496148703
11387875.406807125,1205.1090142247936
11393360.589360569,1206.3074316907823
11398845.941820297,1207.3365638349674
11404331.411600016,1208.4544266973535
11409816.916367471,1210.0277065545274
11415302.311025385,1211.4141566731498
11420787.563789044,1212.805242604284
11426272.764485575,1214.147625070138
11431757.878052747,1215.3178206601428
11437242.977191778,1216.4827921239223
11442728.324542064,1217.7998145687136
11448213.847694531,1218.6869002147155
11453699.304914625,1219.918897808321
11459184.599562885,1221.4275867658491
11464669.681444757,1222.8821656773705
11470154.681475766,1224.3931553478992
11475639.590961304,1225.7668114863068
11481124.391369535,1226.79085605488
11486609.406700285,1227.7655473038155
11492094.51071399,1228.9572923789663
11497579.614919405,1230.4092323338718
11503064.57836335,1231.7829131093558
11508549.431797175,1233.148177246664
11514034.197125044,1234.3769306222457
11519518.899471752,1235.5281492271904
11525003.627970727,1236.632540369515
11530488.648501633,1237.8567874194134
11535973.760441123,1238.6686508849898
11541458.77640128,1239.8994008991172
11546943.61622105,1241.372157143482
11552428.268939804,1242.722273433436
11557912.888877144,1244.143098749631
11563397.357110225,1245.3683492351493
11568881.831254609,1246.2827323827748
11574366.50850528,1247.2655858811206
11579851.26070914,1248.5057126776198
11585335.945379598,1249.9090202336401
11590820.484312123,1251.1652698471844
11596304.91304845,1252.4973114817337
11601789.277078697,1253.628054292374
11607273.564322041,1254.6728573756973
11612757.967225568,1255.8095917574597
11618242.650400236,1256.8383467774293
11623727.357546179,1257.6920482741566
11629211.939736687,1258.930223477353
11634696.311548693,1260.3423140792884
11640180.576462543,1261.630467347822
11645664.770953188,1262.9533672300863
11651148.817310696,1264.0554193022383
11656632.952567564,1264.9023314026883
11662117.25846693,1265.8636812201457
11667601.596016388,1267.138563249744
11673085.886085916,1268.379012022925
11678569.987512117,1269.6218525878937
11684054.033632852,1270.8586127495494
11689537.990336055,1271.8721933685192
11695021.886301614,1272.8539913385407
11700505.987482581,1273.9806046608278
11705990.28681402,1274.8047008711899
11711474.60109777,1275.7821625479287
11716958.75619939,1277.006502846639
11722442.70299979,1278.336806036673
11727926.557639495,1279.5686041453114
11733410.308189325,1280.8319906731329
11738893.93396447,1281.7948790104233
11744377.728917474,1282.609601508691
11749861.638859807,1283.5200109965435
11755345.60223888,1284.7984161592362
11760829.440981708,1285.950076326404
11766313.130844086,1287.0996352894858
11771796.767735913,1288.2090490831038
11777280.330815598,1289.1666516303153
11782763.872597732,1290.0927194751766
11788247.658810714,1291.1894436975629
11793731.624858387,1291.9121282415135
11799215.511940636,1292.9191218638525
11804699.242367981,1294.1495045992535
11810182.76082059,1295.343468010248
11815666.207611151,1296.5954500364555
11821149.55410336,1297.7221275511815
11826632.791615685,1298.5683757808285
11832116.24267632,1299.3597148368847
11837599.814532183,1300.354572667556
11843083.340560615,1301.5496653651712
11848566.749358388,1302.6987472646615
11854050.005693901,1303.814769347669
11859533.199832488,1304.8529117872333
11865016.329042068,1305.7837120227387
11870499.468230583,1306.6741167435978
11875982.899065714,1307.6855963757916
11881466.406745533,1308.3467543094034
11886949.82591369,1309.3646465623003
11892433.074966894,1310.5828637792201
11897916.144217229,1311.7137401324146
11903399.168092165,1312.8804087086066
11908882.035987569,1313.9099577222405
11914364.907686241,1314.6434924588702
11919847.993481258,1315.422561151761
11925331.130579984,1316.4259560724865
11930814.22855224,1317.5892079496446
11936297.15809624,1318.635715988429
11941780.012842221,1319.7366365987696
11947262.770055007,1320.6558675717229
11952745.442231076,1321.517036195735
11958228.231062371,1322.4286399169748
11963711.288151216,1323.2330379835998
11969194.385695737,1323.943784579938
11974677.377049772,1324.9646552380252
11980160.166512098,1326.156805692791
11985642.8281592,1327.2096005221401
11991125.412764002,1328.3115749491565
11996607.861025656,1329.2162133720835
12002090.390691048,1329.8916002971566
12007573.103295997,1330.6667266189252
12013055.861937925,1331.7300571024066
12018538.539872497,1332.7554930663996
12024021.053954007,1333.8082876145202
12029503.473383432,1334.824919262252
12034985.803761141,1335.680579171116
12040468.087036805,1336.4856056487129
12045950.541194212,1337.4022704237518
12051433.224375647,1338.0858436868991
12056915.924666308,1338.8236541432839
12062398.466200346,1339.8373209624597
12067880.787614075,1340.9230656167292
12073363.036329407,1341.940956949441
12078845.217693826,1342.9873417390565
12084327.240367081,1343.769567827846
12089809.431693543,1344.40116200541
12095291.779787598,1345.1854775429106
12100774.129525807,1346.1870886005404
12106256.375793656,1347.1827144526983
12111738.44151496,1348.1444498215276
12117220.455723615,1349.099806493871
12122702.389880037,1349.8865845422408
12128184.28998417,1350.6280967740668
12133666.439577032,1351.5347760080556
12139148.763972811,1352.0730732194272
12144631.023017792,1352.8901279234453
12150113.136328408,1353.8995735206006
12155595.061739866,1354.8995550332052
12161076.921899859,1355.910880286316
12166558.674995333,1356.843835121718
12172040.329115475,1357.537554758486
12177522.187731588,1358.1730238404505
12183004.127221651,1358.908198293878
12188486.091693403,1359.9188935128057
12193967.919962553,1360.8180137965196
12199449.611436712,1361.7811638658588
12204931.257865487,1362.6268291970782
12210412.803717066,1363.3684574059553
12215894.3756386,1364.1124733620368
12221376.21188343,1364.9233859258622
12226858.159961686,1365.455399459401
12232340.039205657,1366.2955793472506
12237821.738393832,1367.3055411315277
12243303.255684972,1368.2245647252737
12248784.728969432,1369.1909332670966
12254266.068110198,1370.0589269786326
12259747.374334095,1370.6441275186692
12265228.885278571,1371.2289127614893
12270710.515095247,1372.0602077081742
12276192.065651221,1372.9810061779556
12281673.488204498,1373.8634932576986
12287154.80675053,1374.745717916262
12292636.048748715,1375.5085604049766
12298117.233626334,1376.2276801201517
12303598.4854815,1376.954640303922
12309080.015201235,1377.6858805822962
12314561.580606002,1378.2427518561085
12320043.02448076,1379.0686373063065
12325524.27783925,1380.0366204024804
12331005.378790993,1380.9238656850266
12336486.440374194,1381.8580254160033
12341967.34356915,1382.6083480521224
12347448.316668486,1383.1424598326687
12352929.486396762,1383.753761966713
12358410.693156386,1384.5675440608006
12363891.848249175,1385.4214280467418
12369372.829267738,1386.252773525866
12374853.730982207,1387.105815946522
12380334.573427686,1387.7978576570886
12385815.337789128,1388.4422693882902
12391296.285886167,1389.2158899886294
12396777.422664873,1389.7688283607981
12402258.579803934,1390.3732716148686
12407739.61257855,1391.2031845906376
12413220.439166583,1392.1525759803867
12418701.16322061,1392.9894033057687
12424181.798346035,1393.8807676960296
12429662.300514419,1394.5312419246043
12435142.943429833,1395.0423384949293
12440623.734151097,1395.6280828635965
12446104.53384316,1396.5391843705672
12451585.237113463,1397.3393826364763
12457065.779160632,1398.196948269022
12462546.267438639,1398.9824180827543
12468026.65496959,1399.6291335243718
12473507.01045525,1400.2489593031846
12478987.575887665,1401.0001842517177
12484468.325319052,1401.459140625527
12489949.019955257,1402.128333609187
12495429.577592526,1402.974737864775
12500909.932380075,1403.8071723701519
12506390.20021227,1404.6574294821153
12511870.38567039,1405.440526544712
12517350.447678156,1405.9945638107663
12522830.714360299,1406.4767949378906
12528311.110694723,1407.1148214428845
12533791.474310903,1407.9470362627562
12539271.735292103,1408.744284306876
12544751.8178717,1409.5414141467666
12550231.854948018,1410.2715446141583
12555711.802937934,1410.8902859701614
12561191.742494002,1411.4610634646199
12566671.952055268,1412.1648750369095
12572152.304930085,1412.5424387168223
12577632.558278883,1413.213562534646
12583112.65186849,1414.0493929870781
12588592.564596577,1414.8330320858154
12594072.431037016,1415.635000104679
12599552.16318514,1416.3522079681861
12605031.860899447,1416.824004440904
12610511.78191805,1417.3100322120024
12615991.795988483,1417.9620667253862
12621471.748499824,1418.776100099964
12626951.540167797,1419.494471515643
12632431.24030549,1420.2759889612778
12637910.849201525,1420.9129384007315
12643390.377293762,1421.4971389212837
12648869.985158434,1422.0827030706298
12654349.841596743,1422.6592975787362
12659829.778077532,1423.0943494642802
12665309.618778436,1423.7645093328292
12670789.273545856,1424.5855966865022
12676268.760163592,1425.3086938010922
12681748.21292666,1426.0734774415794
12687227.530347737,1426.712648816912
12692706.877084048,1427.1339575936402
12698186.412210692,1427.5661324785417
12703666.03757152,1428.2658910583173
12709145.562979825,1428.9840906734212
12714624.945052817,1429.7157870263272
12720104.212441675,1430.4400635507102
12725583.412456073,1431.0298063917048
12731062.540325297,1431.5585167740833
12736541.811807409,1432.1633028171009
12742021.303506149,1432.6414841250983
12747500.836121213,1433.089321435746
12752980.238889378,1433.7732914608723
12758459.431111557,1434.5582572810408
12763938.53328213,1435.247498722743
12769417.567160713,1435.9656230369103
12774896.45401072,1436.5116354129202
12780375.462534506,1436.9045333064992
12785854.655751877,1437.362277158543
12791333.829580005,1438.0908968042793
12796812.943492653,1438.7722745179744
12802291.880106432,1439.4817753095065
12807770.758908542,1440.169478399677
12813249.550751135,1440.687817912792
12818728.285164626,1441.1800841614402
12824207.242350236,1441.8013909702888
12829686.368479304,1442.1521101618566
12835165.470985541,1442.6851621405415
12840644.435638411,1443.3739815652507
12846123.207838062,1444.0778015021888
12851601.89016857,1444.763184620384
12857080.496883541,1445.419664474693
12862558.977296636,1445.8799752873815
12868037.644175708,1446.2562386963473
12873516.436551744,1446.7434151536502
12878995.236853084,1447.4348240874274
12884473.910906201,1448.1089140763618
12889952.426438848,1448.7794943385916
12895430.872006744,1449.3780473040426
12900909.256786583,1449.8877499049383
12906387.621538676,1450.3345738951273
12911866.230147839,1450.9397923372294
12917344.999735044,1451.2202303703452
12922823.667930746,1451.7670910727627
12928302.186167473,1452.4591501156265
12933780.523792231,1453.1010829088996
12939258.80823715,1453.7999680960124
12944736.967556152,1454.3952397107143
12950215.059591558,1454.7878417495701
12955693.366241997,1455.162451743386
12961171.78795317,1455.6664084739941
12966650.143107502,1456.3500151578291
12972128.359780487,1456.94887090231
12977606.45535092,1457.595811814666
12983084.4824866,1458.1337655916213
12988562.439855486,1458.5953318490324
12994040.442786552,1459.0473248170583
12999518.705216326,1459.5405039896123
13004997.04735829,1459.8599571590898
13010475.306671746,1460.4130256904796
13015953.384720877,1461.1034841097244
13021431.29908061,1461.701303209485
13026909.160137149,1462.338409460218
13032386.895328302,1462.8880134115923
13037864.625967417,1463.214659875982
13043342.545501478,1463.537718905331
13048820.581522392,1464.0879717199678
13054298.524013797,1464.6998713005748
13059776.325015794,1465.30508327668
13065254.03989333,1465.8916148363892
13070731.671501081,1466.3686610888928
13076209.245375553,1466.8113947037014
13081686.915835667,1467.277253444309
13087164.822212864,1467.6859487796921
13092642.795210568,1468.024095535149
13098120.629018275,1468.5808005755048
13103598.263193714,1469.2302164289017
13109075.795288973,1469.7913329181288
13114553.258529117,1470.4128903949697
13120030.570801897,1470.8640082454276
13125507.974460104,1471.1549603849314
13130985.570974002,1471.5048992100633
13136463.180356473,1472.0593486464222
13141940.730122741,1472.6339567235902
13147418.102254262,1473.1983506199397
13152895.419331968,1473.7783639424897
13158372.658630667,1474.1955699607756
13163849.832087165,1474.584881878492
13169327.204628939,1475.0770617137366
13174804.734995224,1475.379657861497
13180282.283302994,1475.7834345331983
13185759.683287619,1476.3380424796442
13191236.888758209,1476.9556920766015
13196713.991045576,1477.509142290605
13202191.006344365,1478.092234199044
13207667.891754886,1478.4736129114035
13213144.941123614,1478.7465049881039
13218622.125777934,1479.0832432935276
13224099.359767728,1479.6460334416115
13229576.46111619,1480.1863069608517
13235053.400511065,1480.7349545400375
13240530.28852521,1481.231304222209
13246007.104154116,1481.6314146495752
13251483.893234286,1481.9803275816207
13256960.912971701,1482.468591560394
13262438.093524484,1482.6892649396395
13267915.203646332,1483.1134582955763
13273392.170561863,1483.671832876969
13278868.944987703,1484.210409163184
13284345.65753754,1484.7910316771042
13289822.255318942,1485.2917542687073
13295298.759044506,1485.6125129333648
13300775.4664759,1485.8777631538098
13306252.274610374,1486.2071849975464
13311729.081181696,1486.7762585208086
13317205.767686937,1487.26782531867
13322682.305505903,1487.8109220095503
13328158.797588805,1488.2615662105773
13333635.194229262,1488.62271092116
13339111.61346624,1488.973578462626
13344588.27886499,1489.3861024957816
13350065.046670552,1489.6086916191712
13355541.747430148,1490.0480730236889
13361018.273835715,1490.60918421641
13366494.625076663,1491.106784585053
13371970.92473877,1491.6335526987739
13377447.09756005,1492.0947863549623
13382923.237800011,1492.335904377586
13388399.581465557,1492.5668554588733
13393876.047683982,1492.9773853780446
13399352.42752786,1493.490122340705
13404828.675368857,1493.9846483037588
13410304.81313962,1494.4651989356526
13415780.886536466,1494.8574354237862
13421256.902495528,1495.2007285418458
13426732.981254682,1495.552167484049
13432209.325816609,1495.9000249797814
13437685.694481969,1496.127672084582
13443161.95263894,1496.566283377782
13448638.027020058,1497.112510957044
13454113.963613693,1497.6011138956
13459589.838363674,1498.1115846956188
13465065.560233634,1498.497591095307
13470541.344396494,1498.703183935698
13476017.332741944,1498.945554447547
13481493.357317494,1499.3659408158462
13486969.3329393,1499.8301957788467
13492445.135967977,1500.2900499978623
13497920.862017317,1500.7685518448898
13503396.519211251,1501.098047813388
13508872.111548187,1501.398103344457
13514347.860742617,1501.7674937877878
13519823.8059722,1502.0178615494992
13525299.784318218,1502.2953884047447
13530775.617611716,1502.7346942926376
13536251.256423518,1503.2411662992179
13541726.78884971,1503.6828257708398
13547202.25558071,1504.1773775759489
13552677.565259077,1504.4841318068202
13558153.003037244,1504.658207169277
13563628.616914496,1504.912051437284
13569104.246311119,1505.3409041076925
13574579.783874333,1505.7967178940346
13580055.176257107,1506.2222644464482
13585530.489820477,1506.6517241655163
13591005.739679461,1506.9716701116101
13596480.926220812,1507.225821364943
13601956.327212835,1507.607087051214
13607431.904137384,1507.7527660896035
13612907.443239247,1508.0718741403928
13618382.843776911,1508.5129465314378
13623858.053972796,1508.9595739573438
13629333.18419783,1509.4165274717961
13634808.221887274,1509.8273533471963
13640283.142167607,1510.0747487781368
13645758.245977996,1510.2420603136738
13651233.470303152,1510.4704249885303
13656708.720078208,1510.9237881720867
13662183.83140586,1511.3337225078988
13667658.806914577,1511.7775563784626
13673133.717810778,1512.1285615163247
13678608.555586161,1512.4132097070867
13684083.39404486,1512.6602591607207
13689558.450521102,1513.016609511268
13695033.659568682,1513.139650879008
13700508.776393404,1513.4593677179666
13705983.742962472,1513.9119150969923
13711458.51794665,1514.3101782869462
13716933.230099952,1514.771875453354
13722407.829636756,1515.1423424097084
13727882.361374719,1515.3207242035492
13733357.102417096,1515.4722739126362
13738831.976983607,1515.7495768060585
13744306.785196926,1516.1789353757251
13749781.459740752,1516.5594804440452
13755256.01523104,1516.9612201815098
13760730.50945951,1517.2812719478725
13766204.938208155,1517.5297190155884
13771679.410591263,1517.76965818211
13777154.131120462,1518.0467563614584
13782628.921635577,1518.173787365403
13788103.628953993,1518.5062313268381
13793578.158913398,1518.9540585421391
13799052.533533113,1519.3252537364542
13804526.847256806,1519.730531392373
13810001.035548067,1520.0591670000654
13815475.22162377,1520.1882380376483
13820949.599116052,1520.3017968124295
13826424.085717512,1520.6293851202174
13831898.486624643,1521.0109180071613
13837372.74268588,1521.3991544544072
13842846.912868971,1521.763894115236
13848321.00157509,1522.0304901276331
13853795.032683443,1522.263834722979
13859269.158383137,1522.5172335958162
13864743.507525932,1522.7217674466262
13870217.91680004,1522.8632527204882
13875692.195968105,1523.1964901376823
13881166.278330037,1523.6109219695813
13886640.259127526,1523.947253048504
13892114.171447206,1524.3399540633684
13897587.933677867,1524.5823851567202
13903061.78500916,1524.6809315840962
13908535.829700122,1524.8212310021172
13914009.900147533,1525.1637392894306
13919483.897472285,1525.5204134600363
13924957.723691266,1525.8840562821365
13930431.490445301,1526.2487717314086
13935905.167020919,1526.4592684816816
13941378.791135024,1526.6528070564896
13946852.599188054,1526.918268238147
13952326.568258448,1527.0389148798927
13957800.565250194,1527.2262022085392
13963274.4121886,1527.5591910680741
13968748.063961701,1527.9305045300841
13974221.625351606,1528.2644965571428
13979695.121248985,1528.628021728705
13985168.466084344,1528.8087103206954
13990641.976048768,1528.881888084227
13996115.647149602,1529.03928624422
14001589.333786737,1529.3798532878805
14007062.89782993,1529.7268558778237
14012536.284554483,1530.06618404678
14018009.615162916,1530.370072287765
14023482.874569625,1530.573654673701
14028956.100186905,1530.7218237693485
14034429.551072894,1530.9950304256888
14039903.152458018,1531.022673924393
14045376.708073787,1531.2440992484574
14050850.119560223,1531.5906716052896
14056323.34840755,1531.9162143156495
14061796.50636527,1532.2516904238144
14067269.565952571,1532.5426190473986
14072742.529638607,1532.6652453749896
14078215.691210596,1532.7371944203362
14083688.939577477,1532.8927976330203
14089162.213866234,1533.2357952955433
14094635.343625491,1533.5592211710596
14100108.341112593,1533.8954041323916
14105581.261500634,1534.1367755779875
14111054.116121173,1534.3254745822337
14116526.987429932,1534.4655811715297
14122000.088999456,1534.7052841236314
14127473.299429644,1534.7427041408082
14132946.42449568,1534.9572400231673
14138419.39509443,1535.2994151970067
14143892.183029613,1535.5861639219906
14149364.928674646,1535.9017108724915
14154837.547785886,1536.1501502107642
14160310.132307213,1536.2132215327488
14165782.931724157,1536.2788807623847
14171255.839715308,1536.4691045612979
14176728.683979718,1536.8097534358765
14182201.366200503,1537.0957217278635
14187673.952157099,1537.4159706532616
14193146.457093544,1537.6219851651144
14198618.87889822,1537.7681323525094
14204091.386825284,1537.9263916063705
14209564.115969043,1538.0657456365302
14215036.915157069,1538.1118886811978
14220509.628107732,1538.3373609901355
14225982.162835946,1538.6737464600578
14231454.53747059,1538.9318569028555
14236926.871682456,1539.2300751812868
14242399.077337787,1539.4224123675376
14247871.310226763,1539.4500709833385
14253343.724100087,1539.4829213865683
14258816.243846208,1539.7125920193364
14264288.675279198,1539.9835124153446
14269760.956473585,1540.262451864575
14275233.128600623,1540.5458640585255
14280705.235099513,1540.716800397749
14286177.263915658,1540.835187904851
14291649.429571165,1541.0120254923531
14297121.78653085,1541.0930268947902
14302594.175816212,1541.147396021426
14308066.454173239,1541.3815838370792
14313538.535706962,1541.7068096068067
14319010.511345329,1541.9460555297856
14324482.404934557,1542.2224989565393
14329954.166839015,1542.3573613643728
14335426.036886068,1542.3610684863957
14340898.071629968,1542.3954489047317
14346370.148274228,1542.6780255380743
14351842.117068024,1542.9303635946824
14357313.942635017,1543.1983910479064
14362785.679898111,1543.4463955579301
14368257.330443941,1543.5777143230302
14373728.932035895,1543.66752803942
14379200.723306816,1543.8359921517595
14384672.683011461,1543.843444899663
14390144.646345556,1543.9308664146583
14395616.464662505,1544.1718728286417
14401088.083796218,1544.4288364876875
14406559.615818748,1544.6835603043621
14412031.0699899,1544.9078240948709
14417502.390610885,1544.983990947665
14422973.892264994,1544.9714770887338
14428445.554628592,1545.019330951503
14433917.215967981,1545.262394035854
14439388.76065837,1545.488608935301
14444860.12844716,1545.7284429603587
14450331.458462995,1545.9173413721624
14455802.69661068,1546.0201286941292
14461273.920307258,1546.0906010033068
14466745.358505033,1546.249688434863
14472216.93356798,1546.2008872984557
14477688.466056732,1546.3330935506995
14483159.849703891,1546.590838098087
14488631.034151636,1546.802060411152
14494102.14296986,1547.064204127497
14499573.160478821,1547.2485753791075
14505044.079305312,1547.2689741104957
14510515.20448688,1547.2379387750143
14515986.45742813,1547.3457577209215
14521457.671108337,1547.578115213264
14526928.76830855,1547.8055640056612
14532399.710185736,1548.0188898147042
14537870.589386052,1548.175340085675
14543341.401902433,1548.2535279688877
14548812.225070985,1548.3037424043494
14554283.29456373,1548.4286388590863
14559754.426078921,1548.3783776720438
14565225.4830264,1548.515775641021
14570696.381410353,1548.7585770628666
14576167.113234174,1548.9544219112674
14581637.787201872,1549.1701794822748
14587108.328648193,1549.3285387692706
14592578.844787192,1549.2926807150643
14598049.5707111,1549.2317723886872
14603520.412450952,1549.3478798397148
14608991.181322835,1549.5473955690404
14614461.808783706,1549.7443992949934
14619932.337885648,1549.9223865194997
14625402.79043215,1550.0179060809637
14630873.192160765,1550.0792268245482
14636343.662792461,1550.136174923133
14641814.377093269,1550.2038610446173
14647285.117075978,1550.154465487126
14652755.746142393,1550.2904936501338
14658226.197083835,1550.521556715836
14663696.515132496,1550.7049393354346
14669166.769710403,1550.9091856325244
14674636.871931896,1551.003262933981
14680107.034106154,1550.934845984587
14685577.400745906,1550.8921362286856
14691047.81607833,1551.0162252160117
14696518.177846448,1551.1845471122142
14701988.367283106,1551.3534659472182
14707458.480126698,1551.5345297660833
14712928.520696409,1551.5795378327505
14718398.501834532,1551.5986117596096
14723868.634788139,1551.6726532897067
14729338.952963425,1551.6404825323473
14734809.30348426,1551.6246037930018
14740279.520104518,1551.761412260874
14745749.539514951,1551.9562177358619
14751219.46947343,1552.098347856019
14756689.33787175,1552.2776283387657
14762159.043343965,1552.30653866733
14767628.876322959,1552.2132140039014
14773098.899312804,1552.174441326665
14778568.915191403,1552.3141180578991
14784038.865745718,1552.475648510724
14789508.641193183,1552.6298949345464
14794978.366937736,1552.7855685435864
14800448.011729121,1552.8060331773847
14805917.602239052,1552.7952113859858
14811387.409064155,1552.882272959619
14816857.348029243,1552.7652327194205
14822327.272008749,1552.7924288932968
14827797.062601313,1552.9382460559066
14833266.666687159,1553.0908923199129
14838736.18485871,1553.2368987641235
14844205.624226093,1553.3593077672288
14849674.937547717,1553.328403001232
14855144.43522591,1553.2225202139994
14860614.076827072,1553.1987105087314
14866083.726707831,1553.3483105389569
14871553.254034953,1553.4968398438828
14877022.610514648,1553.6419409868518
14882491.912861746,1553.7451651940046
14887961.136718933,1553.757519733612
14893430.333836539,1553.7192711241742
14898899.783105398,1553.792497035667
14904369.336455455,1553.6102454787317
14909838.837612554,1553.645762958043
14915308.19519295,1553.8045930691196
14920777.383642044,1553.9142049499505
14926246.498302605,1554.0552377709985
14931715.517068341,1554.1414993787982
14937184.459234826,1554.0550686935858
14942653.607543916,1553.9261133022037
14948122.840812968,1553.915306357165
14953592.085809821,1554.0561544676593
14959061.175995434,1554.1763058574934
14964530.157770729,1554.3018994515726
14969999.048936352,1554.3494181281653
14975467.881259,1554.3458807265956
14980936.730082748,1554.3029635039247
14986405.818550913,1554.333405492749
14991874.964659167,1554.18801297196
14997344.032882985,1554.219979740329
15002812.948349776,1554.364819730635
15008281.6949361,1554.4640068720864
15013750.390713647,1554.5856618914947
15019218.944500634,1554.6379157280362
15024687.491242692,1554.50592966554
15030156.252305597,1554.3641448488531
15035625.092194919,1554.3818890747013
15041093.889688581,1554.5012765538988
15046562.517162757,1554.5982734246843
15052031.07251669,1554.6975167018775
15057499.529421521,1554.6942274332084
15062967.925042253,1554.6643500197965
15068436.411002798,1554.6259096894275
15073905.1170846,1554.5896213961378
15079373.870015927,1554.45245167474
15084842.5100728,1554.4827923528374
15090310.969956914,1554.6127212869312
15095779.286956988,1554.6884084829596
15101247.554912766,1554.804457751285
15106715.672675367,1554.7880047426793
15112183.850668006,1554.6216926464647
15117652.232079556,1554.4852764333057
15123120.66695933,1554.50202154912
15128589.04640208,1554.572086331781
15134057.258748831,1554.635030711496
15139525.38967183,1554.7169742878154
15144993.45480985,1554.6673697292017
15150461.452626003,1554.5893649523161
15155929.61177427,1554.5755205560702
15161397.943061473,1554.4396074087504
15166866.30117258,1554.3412097283483
15172334.525956342,1554.3810700735012
15177802.559827706,1554.4791243177551
15183270.495233163,1554.5282105682822
15188738.36565149,1554.621189876595
15194206.072402924,1554.5518059071526
15199673.90845392,1554.3599188971134
15205141.925149586,1554.2322047841194
15210609.95121592,1554.2650443262837
15216077.901120473,1554.332443440011
15221545.681398071,1554.3760429952026
15227013.409084994,1554.434407187068
15232481.06395665,1554.3644202748628
15237948.660612924,1554.2549338668348
15243416.476213511,1554.2530901608948
15248884.417039199,1554.031526176839
15254352.343885886,1553.9612107073692
15259820.138297934,1554.0084672005394
15265287.749871366,1554.0646919445185
15270755.278136112,1554.1162690714625
15276222.724791149,1554.1428920604792
15281690.044817507,1554.0176043930621
15287157.548186412,1553.8169542867477
15292625.191945879,1553.6946537441802
15298092.851800278,1553.7525589574375
15303560.385213664,1553.80462366883
15309027.750687446,1553.8535542155257
15314495.059833856,1553.860330249085
15319962.292453676,1553.7778913937832
15325429.499452991,1553.6436119156028
15330896.95993042,1553.6205223374798
15336364.520050842,1553.3387025009865
15341832.02736657,1553.2758299998648
15347299.392739683,1553.3377266471537
15352766.590698779,1553.3518288419632
15358233.715405136,1553.3978627304755
15363700.743496882,1553.3886997633504
15369167.693214664,1553.2088660897712
15374634.848400038,1552.9821024421813
15380102.089174513,1552.8825814930103
15385569.34422278,1552.925785518755
15391036.444448201,1552.9546545935812
15396503.4323341,1552.9813706587704
15401970.332184842,1552.9319014534246
15407437.175577609,1552.8327426792953
15412904.03405041,1552.6939913403794
15418371.133080604,1552.6288845559652
15423838.281523107,1552.3809167697495
15429305.355126193,1552.3162189174539
15434772.278868314,1552.3656094090252
15440239.034152377,1552.3702877307342
15445705.739274213,1552.3975198076973
15451172.300748633,1552.3580382462596
15456638.849435726,1552.1303250112373
15462105.613299929,1551.882458462374
15467572.473331459,1551.8098469802321
15473039.280313333,1551.821928057614
15478505.928902455,1551.8227139162686
15483972.497572826,1551.8171819680422
15489438.971569344,1551.7165599047908
15494905.392951032,1551.5917521534911
15500371.896822989,1551.4564944440426
15505838.629575016,1551.3298409731635
15511305.394129599,1551.085162254462
15516772.047566717,1551.022179087703
15522238.52460211,1551.057537061254
15527704.865252966,1551.0501927112996
15533171.149879258,1551.0648923867898
15538637.275763556,1550.9650455709948
15544103.46434591,1550.7043954931312
15549569.855657192,1550.4731228783567
15555036.300678778,1550.4039351563563
15560502.696984991,1550.3789106827812
15565968.916152094,1550.3530968507332
15571435.059830325,1550.3380716901902
15576901.131199127,1550.1897236766563
15582367.145548856,1550.0158948208136
15587833.315754952,1549.898528947156
15593299.661109133,1549.661750059889
15598766.039489564,1549.4479517021887
15604232.288967384,1549.3881266369926
15609698.339493692,1549.3932325126066
15615164.305315888,1549.3462570148795
15620630.205700882,1549.3282602012791
15626095.946356768,1549.1673480387597
15631561.812921546,1548.884584709717
15637027.869290356,1548.6482553925675
15642493.91885007,1548.6078709946546
15647959.907111574,1548.5694594584093
15653425.719122414,1548.5436094823585
15658891.474440217,1548.5059337521018
15664357.13744406,1548.3299581192384
15669822.760223975,1548.1362075612951
15675288.597716002,1548.0139761965668
15680754.565896202,1547.707943464216
15686220.537616748,1547.530006731065
15691686.363892205,1547.4824440460977
15697151.99939621,1547.4474770574386
15702617.543600285,1547.4063427614178
15708083.015512863,1547.3408202834319
15713548.348218473,1547.1204058148455
15719013.868150564,1546.821102728753
15724479.549263325,1546.6009483914856
15729945.229172051,1546.5638285879486
15735410.787734605,1546.5071691260437
15740876.1660692,1546.4501806719968
15746341.505439399,1546.3555834057597
15751806.74989846,1546.167943060463
15757271.98360334,1545.9502831400882
15762737.437557403,1545.8125847013062
15768203.010450434,1545.4595076318753
15773668.54705646,1545.2943826670896
15779133.938406354,1545.260680637039
15784599.13328917,1545.18188879571
15790064.25094342,1545.155668417657
15795529.278593186,1545.051033049124
15800994.200645583,1544.7828353001003
15806459.33008385,1544.4599952484182
15811924.59890308,1544.2586221351507
15817389.825063681,1544.2079262789728
15822854.938325142,1544.1266853036416
15828319.888697209,1544.0561056173208
15833784.789505007,1543.9230973605356
15839249.607314272,1543.7034956254329
15844714.451787842,1543.4621104178725
15850179.531833053,1543.2769791563933
15855644.680655079,1542.913681385233
15861109.770284815,1542.756795644844
15866574.700169262,1542.7084769098876
15872039.460971642,1542.6058626799206
15877504.172069162,1542.538364843041
15882968.74688924,1542.4089419977872
15888433.285173057,1542.0838827121022
15893898.02816939,1541.7368642800416
15899362.892670335,1541.560270075679
15904827.688965438,1541.4864694071198
15910292.341839926,1541.3792438619923
15915756.883277379,1541.2948701211435
15921221.362979306,1541.1128332298963
15926685.76678124,1540.8595072132339
15932150.259729713,1540.6411759147736
15937614.978284327,1540.3733653761244
15943079.723251605,1540.018219941953
15948544.39543001,1539.8563497437785
15954008.892673377,1539.8001256226119
15959473.245362705,1539.6618495207347
15964937.548148261,1539.5736519189074
15970401.716155894,1539.3830827466254
15975865.91326613,1539.0208239592316
15981330.295038579,1538.6527083092585
15986794.78939132,1538.4996112372178
15992259.182108624,1538.3840950010413
15997723.43243364,1538.2697890946265
16003187.57452914,1538.1539066078021
16008651.651856752,1537.9340315393895
16014115.652193952,1537.6593637614185
16019579.799446076,1537.4515307577647
16025044.119464213,1537.114956853477
16030508.464830542,1536.7676510831668
16035972.711407816,1536.6009854543536
16041436.76615722,1536.5353219401827
16046900.71801463,1536.389935446314
16052364.582408033,1536.2863674333903
16057828.303958552,1536.0307218822386
16063292.134489626,1535.6372853714881
16068756.135011667,1535.290400301356
16074220.197479991,1535.1545765433848
16079684.154444559,1535.0153109293062
16085147.965854585,1534.863816400937
16090611.685930299,1534.7125075180481
16096075.344872376,1534.456255464659
16101538.940818336,1534.1456884864904
16107002.73952902,1533.963211384213
16112466.6762569,1533.5333231535346
16117930.598380929,1533.227245182591
16123394.408815384,1533.059597967282
16128858.022797078,1532.9594980062564
16134321.5517354,1532.811705978862
16139784.979302647,1532.6711920820917
16145248.27721239,1532.3624334982821
16150711.73856538,1531.953556755982
16156175.343077388,1531.58723718507
16161639.008684898,1531.4531066468437
16167102.53760891,1531.2787320970306
16172565.910229506,1531.1108700577372
16178029.22272457,1530.900472868688
16183492.469859093,1530.6045170541977
16188955.695335172,1530.2623773863038
16194419.149097713,1530.0279766195788
16199882.726830844,1529.54644970088
16205346.256158717,1529.256849012023
16210809.648007724,1529.1022209384
16216272.862561835,1528.9322135579923
16221736.003155427,1528.7745759685947
16227199.04970874,1528.5734618411955
16232661.985872556,1528.2007581158905
16238125.123334354,1527.7730087222167
16243588.361286435,1527.4436693749515
16249051.624871034,1527.2905194055954
16254514.735927198,1527.1173899708333
16259977.712806873,1526.9530847733208
16265440.607942825,1526.706805674824
16270903.438646942,1526.401817694572
16276366.275077378,1526.0393670123433
16281829.362335172,1525.7686586833213
16287292.553774497,1525.2369747716607
16292755.663600987,1524.952814751529
16298218.622925391,1524.7957269104695
16303681.413543569,1524.59875374358
16309144.156585509,1524.4308942661619
16314606.758015553,1524.197756877897
16320069.31184767,1523.767257101886
16325532.089902272,1523.3091924349915
16330994.970551012,1523.017888998262
16336457.80924575,1522.83837865666
16341920.487607146,1522.601404393826
16347383.066103239,1522.3965244036165
16352845.552956771,1522.0968227781593
16358307.983982354,1521.7553031555576
16363770.4699403,1521.4001600754416
16369233.194093568,1521.0678780862222
16374695.95237764,1520.565900821161
16380158.630216401,1520.2830775276332
16385621.14030084,1520.1156461237097
16391083.502364198,1519.899200226948
16396545.805116745,1519.7099094752025
16402007.954360696,1519.4414156505086
16407470.114945441,1518.9648799627291
16412932.483714076,1518.465772243972
16418394.933872625,1518.2059359964405
16423857.314401751,1517.9691712851813
16429319.54231564,1517.7437025102743
16434781.68217056,1517.5037095283647
16440243.740877688,1517.1689693666556
16445705.743296701,1516.794591936411
16451167.855506323,1516.4541615817807
16456630.182367472,1516.0325676215841
16462092.525720915,1515.5359192464937
16467554.76899921,1515.2466176745227
16473016.819761192,1515.0628466594849
16478478.772133082,1514.8083701079265
16483940.64690251,1514.591397338212
16489402.372383073,1514.236994865931
16494864.178023975,1513.7309031770224
16500326.170998808,1513.2719737825228
16505788.22262436,1513.0301826959164
16511250.193158189,1512.7690891953139
16516711.994953873,1512.5340969656509
16522173.700622974,1512.2760579424894
16527635.332678137,1511.9036945977653
16533096.8990943,1511.4802296878086
16538558.647611015,1511.1593550447078
16544020.55883456,1510.6257875119259
16549482.472981961,1510.1433818403261
16554944.283711141,1509.8509218240256
16560405.887154995,1509.6538294687198
16565867.413368175,1509.3855928482553
16571328.837710682,1509.1409330906438
16576790.129723005,1508.7268920197216
16582251.564913813,1508.1986309191143
16587713.139836412,1507.7149693755891
16593174.767379515,1507.4937373684663
16598636.275951026,1507.2004777804655
16604097.64574456,1506.9370749485838
16609558.91901268,1506.6257659675707
16615020.118665654,1506.227185572334
16620481.27668254,1505.7663256285764
16625942.659621987,1505.4132139942378
16631404.177949654,1504.8118211610738
16636865.655597629,1504.3810353137671
16642327.009026527,1504.0935897691452
16647788.176375788,1503.8272860423988
16653249.264399065,1503.5741089388655
16658710.258002918,1503.274058277127
16664171.113087235,1502.8066055589022
16669632.153015794,1502.2534742545854
16675093.318698896,1501.765708745856
16680554.521047914,1501.5150125721048
16686015.581859494,1501.21754461904
16691476.49388433,1500.9252410239012
16696937.333592385,1500.5798023987206
16702398.107128724,1500.1485606298284
16707858.860054962,1499.6600355090982
16713319.878261572,1499.2928440327619
16718780.997183744,1498.6170956525916
16724242.044738939,1498.1911442202033
16729702.952789495,1497.9152103005447
16735163.694919506,1497.5997662237676
16740624.367994606,1497.3177476859942
16746084.934385514,1496.9725864325248
16751545.413388774,1496.434776998455
16757006.101433791,1495.8452580651467
16762466.876739083,1495.4089259495129
16767927.667795608,1495.1176801941415
16773388.295927366,1494.8062390772702
16778848.807113383,1494.4836399726619
16784309.23175419,1494.0715275183213
16789769.60102385,1493.6137379395368
16795229.991259743,1493.1172627429441
16800690.632449802,1492.6874847122112
16806151.30663169,1492.0190334468311
16811611.91876811,1491.5955894438841
16817072.382878203,1491.3156016900246
16822532.67098708,1490.9843321169392
16827992.912727658,1490.6895289498939
16833452.996629097,1490.3133514647961
16838913.05528042,1489.7163750021277
16844373.324837275,1489.0906772940145
16849833.705446046,1488.687408605297
16855294.012273073,1488.3457223760308
16860754.18379546,1487.9816234522666
16866214.23931228,1487.623587063951
16871674.22772212,1487.1689293790496
16877134.1558578,1486.6584980442121
16882594.168328837,1486.1784028786358
16888054.42319541,1485.646739650331
16893514.68108408,1484.987249799447
16898974.860769946,1484.567216711833
16904434.8640005,1484.2721669152836
16909894.727750007,1483.8924609066125
16915354.53514739,1483.5656468609882
16920814.19226441,1483.1263284158758
16926273.881796945,1482.4844907568313
16931733.763938982,1481.8305266918335
16937193.750834603,1481.4413902485744
16942653.635104343,1481.0602584827054
16948113.374599133,1480.6874729711237
16953572.980282728,1480.245991171995
16959032.759098873,1479.3092978626864
16964492.7643037,1478.3103014076046
16969953.227307312,1477.395911428444
16975414.169341035,1476.2916945788022
16980875.43795681,1475.1923326384403
16986336.913657613,1474.3072420166002
16991798.496079724,1473.5481148837614
16997260.277417734,1472.7114117835372
17002722.269557964,1471.9072390205893
17008184.414429314,1470.9311007042418
17013646.970483836,1469.7914009186766
17019109.995139934,1468.7209706943415
17024573.387111295,1467.8598213968326
17030036.98948512,1466.9969127183429
17035500.7375796,1466.1149731663465
17040964.704298776,1465.233031567901
17046428.91218007,1464.2376654415098
17051893.358176876,1463.1814310164953
17057358.321360502,1462.2759453182944
17062823.72456266,1461.0460025283655
17068289.423016015,1459.980201418185
17073755.31675239,1459.0805419431063
17079221.31483132,1458.263237290514
17084687.53218612,1457.3988827247692
17090153.946130548,1456.5422412651035
17095620.527823422,1455.4820692433095
17101087.58536732,1454.3055619025833
17106555.078747243,1453.189461378984
17112022.936501287,1452.357591912572
17117490.95875474,1451.4299898369331
17122959.14404459,1450.5041147998745
17128427.568102986,1449.5375485132352
17133896.228655346,1448.4699030075742
17139365.174814533,1447.3671441738447
17144834.673220206,1446.364163790639
17150304.59864604,1445.0632475275438
17155774.77765546,1443.982525725035
17161245.13064869,1443.0809396561378
17166715.609057687,1442.1777872877874
17172186.326257803,1441.2944764384877
17177657.24259775,1440.3442182310166
17183128.35174146,1439.1958500768287
17188599.97192927,1437.983532549288
17194071.999162838,1436.8312967201182
17199544.359254576,1435.9532378313083
17205016.86757312,1434.973374880689
17210489.571029,1434.0366052252396
17215962.512121577,1432.993842924931
17221435.6863959,1431.8856980393687
17226909.19864856,1430.7590459728603
17232383.261575636,1429.679468255229
17237857.711627092,1428.3538165699993
17243332.409187555,1427.2665189662482
17248807.260242853,1426.3646483724983
17254282.230975658,1425.38486379392
17259757.47726253,1424.4780940813575
17265232.885253493,1423.4592279908316
17270708.55925311,1422.2060551288616
17276184.744386666,1420.9396301949864
17281661.3398704,1419.903643665436
17287138.187067382,1418.9530302195467
17292615.21015669,1417.9271131987234
17298092.430992737,1416.9609312162593
17303569.8880238,1415.8493395650466
17309047.570270382,1414.6669437345104
17314525.67219416,1413.5270024499355
17320004.321552694,1412.2985231168705
17325483.29977466,1410.926919863865
17330962.514995594,1409.8435653301842
17336441.863976277,1408.9105129183392
17341921.384038504,1407.8877511160556
17347401.15597069,1406.9187412014828
17352881.07539691,1405.819337351058
17358361.351663608,1404.4849766995453
17363842.15106975,1403.1597838306766
17369323.313015558,1402.1180776012695
17374804.72772196,1401.098715751222
17380286.262959633,1400.0462037591885
17385768.0445934,1398.9761848711153
17391250.04904613,1397.7610865050663
17396732.31246085,1396.5150920339997
17402215.06456821,1395.3589061751777
17407698.311901838,1393.9407600946045
17413181.89931963,1392.6185697591732
17418665.674680505,1391.510059716364
17424149.56222128,1390.4985639609424
17429633.66980795,1389.4509496839564
17435118.010612234,1388.4396755835528
17440602.498054933,1387.2027678318002
17446087.432887547,1385.794054449237
17451572.819412023,1384.486477179561
17457058.58482381,1383.407203668868
17462544.54579193,1382.3035471561038
17468030.67614972,1381.1904785830131
17473517.03638455,1380.0435150470146
17479003.633958425,1378.7911681829246
17484490.506036088,1377.4745597442288
17489977.92553082,1376.2781813525337
17495465.802668914,1374.7474621420247
17500953.959036443,1373.4190429077137
17506442.309985597,1372.3197735532328
17511930.768979277,1371.254077310319
17517419.45931497,1370.1952205069988
17522908.375370037,1369.0788167282599
17528397.465162795,1367.7172645031997
17533887.069350973,1366.2605684494056
17539377.12732459,1364.9305262543003
17544867.470082995,1363.858411523571
17550358.01381994,1362.7045698570723
17555848.72369002,1361.5446393853756
17561339.67398022,1360.3193224381403
17566830.867242042,1358.9948516340887
17572322.380038854,1357.626439438585
17577814.48559377,1356.320126902343
17583307.003362533,1354.6804058457099
17588799.761651147,1353.3553576733398
17594292.6935681,1352.2405635281498
17599785.75327693,1351.0715796608958
17605279.089415886,1349.9806333098002
17610772.598283418,1348.7451849495694
17616266.381518476,1347.2550915304603
17621760.68123561,1345.7532092314514
17627255.380794477,1344.4964101941234
17632750.34958937,1343.334497853631
17638245.50839225,1342.0961225063295
17643740.864874594,1340.8997546222727
17649236.46901092,1339.5478149191736
17654732.322176877,1338.1402941519814
17660228.5891691,1336.7614640905408
17665725.42029588,1335.308940693395
17671222.595788818,1333.6620237538023
17676719.986535642,1332.3442849701617
17682217.515201963,1331.2045154241987
17687715.20900205,1329.989024608814
17693213.180077642,1328.824893066765
17698711.293387882,1327.4531295217428
17704209.79505377,1325.8505132247742
17709708.78625669,1324.3074518077253
17715208.175355587,1323.0515120454113
17720707.659142457,1322.3150826084338
17726206.984448534,1321.555568433941
17731706.241035506,1320.7634161575272
17737205.416245215,1319.8429843315148
17742704.54462851,1318.8662556719314
17748203.879775543,1318.013425491326
17753703.414968923,1316.8082481106012
17759202.977282733,1315.749072936046
17764702.415128063,1314.955511542252
17770201.657230724,1314.2374484111388
17775700.82309731,1313.5182645742764
17781199.92515768,1312.7870272669393
17786698.87289718,1311.8018572870892
17792198.007622834,1310.6517673874525
17797697.278900973,1309.6325383834687
17803196.610411227,1308.9171767847224
17808695.80780028,1308.0805714856697
17814194.89661521,1307.265831245447
17819693.92229101,1306.380479255947
17825192.87589362,1305.3831801712242
17830691.822822314,1304.3678180688128
17836191.045624413,1303.4432961878076
17841690.391860567,1302.1398321407528
17847189.71308187,1301.1308945744195
17852688.897898983,1300.3771194665737
17858187.884516686,1299.6008726024265
17863686.804738272,1298.8502760425654
17869185.640901238,1298.019041557499
17874684.385935117,1296.8895331494864
17880183.355024196,1295.698658243296
17885682.42678872,1294.7081130545207
17891181.495972324,1293.9446291153972
17896680.414667845,1293.0525274529866
17902179.256233405,1292.236608340873
17907678.021783084,1291.2467235201593
17913176.705898378,1290.1943856195462
17918675.48066775,1289.150078194559
17924174.524088446,1288.0587611700919
17929673.654366437,1286.6752040558915
17935172.723458033,1285.6940774326702
17940671.62839439,1284.9502639418447
17946170.375843316,1284.0826951998579
17951669.080904353,1283.3078482980413
17957167.63371078,1282.3786375051043
17962666.21127826,1281.1391477262298
17968165.018383324,1279.9085251848437
17973663.861625943,1279.0007170216538
17979162.68071908,1278.1310109893318
17984661.337499976,1277.2011273852918
17990159.93431339,1276.3271577739401
17995658.44618548,1275.234664804238
18001156.885267146,1274.105402777633
18006655.51591552,1273.0949782109667
18012154.36308655,1271.7615254917882
18017653.2371683,1270.4528467105658
18023152.030181166,1269.475925827731
18028650.626724005,1268.6779384065703
18034149.116450273,1267.8188940085338
18039647.547232017,1266.944042626536
18045145.83033297,1265.8599146058352
18050644.249186132,1264.5462696380582
18056142.837373067,1263.3173476918184
18061641.451176487,1262.391482360032
18067140.00788122,1261.4413773726637
18072638.39500349,1260.4763925419181
18078136.751917146,1259.4839326530666
18083635.031051762,1258.3201719877263
18089133.269727837,1257.121819869641
18094631.772113815,1256.0954082756255
18100130.43352737,1254.5605613268954
18105629.08013921,1253.3115011170175
18111127.622851674,1252.3559647809277
18116625.956360344,1251.4698967166041
18122124.230230846,1250.5949638516186
18127622.406640973,1249.659546418754
18133120.45278814,1248.4091072225704
18138618.717016418,1247.0354812859075
18144117.113153875,1245.7928544232204
18149615.495283823,1244.891945106268
18155113.7866359,1243.8615910128415
18160611.946614537,1242.8454066697536
18166110.0393606,1241.752338072568
18171608.065503743,1240.5396340258894
18177106.10943646,1239.2859781037964
18182604.466370083,1238.0943991129207
18188102.922439713,1236.4792480933804
18193601.32140108,1235.2618200926636
18199099.58359982,1234.3220749006252
18204597.655323427,1233.3127798900302
18210095.68794082,1232.4120916806378
18215593.594219085,1231.33193376505
18221091.46251593,1229.929224669877
18226589.546102602,1228.5026056603592
18232087.719093554,1227.3535872005637
18237585.86222147,1226.3356105767743
18243083.89029142,1225.2608033662252
18248581.808435217,1224.186336771831
18254079.66699435,1222.9369926986185
18259577.471837863,1221.6582272065166
18265075.3926029,1220.4103137179727
18270573.567824163,1219.0248192726144
18276071.816084467,1217.422060901919
18281569.960409842,1216.230338511181
18287067.923888136,1215.2737475740219
18292565.743277185,1214.1993042836773
18298063.52647597,1213.2290063226947
18303561.148735803,1211.9896109967028
18309058.854724217,1210.4631077018885
18314556.747948743,1208.9834943330152
18320054.7243177,1207.9116042014032
18325552.59191984,1206.824704970745
18331050.318204723,1205.7088491595885
18336547.983610835,1204.5426410860814
18342045.550412755,1203.2066335126103
18347543.07669272,1201.8266813809255
18353040.820158344,1200.5742299251342
18358538.778755374,1198.8582745894576
18364036.7627386,1197.3717021610414
18369534.61679243,1196.2031237762378
18375032.27412486,1195.1293051404277
18380529.830524527,1194.0590303032868
18386027.319052942,1192.9761899632379
18391524.642986972,1191.562936613249
18397022.169709105,1189.952691921632
18402519.821384486,1188.4629240289737
18408017.538878698,1187.3966707125132
18413515.118053414,1186.138654999527
18419012.591203194,1184.9567301066056
18424510.001825303,1183.6489299677191
18430007.32797066,1182.2191442038413
18435504.646453857,1180.7711895105629
18441002.256698694,1179.4368549834453
18446499.995660525,1177.5766041077877
18451997.71769819,1176.1158548109886
18457495.292376976,1174.98605180532
18462992.654866975,1173.8252444346606
18468489.959128488,1172.686664807291
18473987.159692287,1171.4673153619694
18479484.27209429,1169.8514188678237
18484981.62105048,1168.1587636382865
18490479.067379035,1166.7147762402772
18495976.498138025,1165.5404407766468
18501473.780022673,1164.1975648047119
18506970.990111355,1162.9663696265457
18512468.121748086,1161.509310573102
18517965.163038343,1159.9791408849073
18523462.298436668,1158.495115870558
18528959.721801426,1156.9025696718193
18534457.243208423,1154.952894500602
18539954.69107856,1153.5050470995902
18545451.96045707,1152.3663986706424
18550949.065727968,1151.0722529106774
18556446.11785694,1149.903289411507
18561943.016628917,1148.5325417637437
18567439.937075533,1146.7608563084352
18572937.096780393,1145.0036960664972
18578434.29528559,1143.6184958591386
18583931.46913417,1142.290676911
18589428.4701655,1140.912958991756
18594925.42036617,1139.5748426667685
18600422.274369407,1137.965173386679
18605919.05417501,1136.323721601253
18611416.04020133,1134.84507478462
18616913.255262576,1132.9363187292622
18622410.49670154,1131.0383825214203
18627907.653042573,1129.5837359981106
18633404.603851132,1128.3657255820635
18638901.42779222,1127.0450046310502
18644398.198266104,1125.7329420023439
18649894.803493414,1124.1476769127232
18655391.554541774,1122.2553624690047
18660888.486493647,1120.4328742637229
18666385.440856114,1119.0633548350502
18671882.31515213,1117.6146673756784
18677379.0224252,1116.1653999039315
18682875.707487658,1114.6693226690143
18688372.299742322,1112.9418220673242
18693868.85274391,1111.2061524359674
18699365.692881193,1109.6712718779609
18704862.69506076,1107.4382966357466
18710359.678810008,1105.610313638726
18715856.55860443,1104.1587410987343
18721353.21564346,1102.7782800364025
18726849.81806432,1101.4364997421335
18732346.302863706,1100.01131368951
18737842.655901324,1098.1823086715008
18743339.24121969,1096.1718918896793
18748835.95083698,1094.313998600569
18754332.654725224,1092.884533967104
18759829.259251125,1091.2646206716563
18765325.741196577,1089.7311442843918
18770822.17330837,1088.0771849703106
18776318.51489711,1086.2652155519102
18781814.872022368,1084.4300010095137
18787311.562924977,1082.6652034093968
18792808.343512114,1080.2593932677264
18798305.090401366,1078.4573659136036
18803801.67950144,1077.0047869745208
18809298.068497185,1075.4864609144634
18814794.438417885,1074.0667513133997
18820290.643519953,1072.4305219797475
18825786.808180004,1070.3556208924122
18831283.21323597,1068.2827461434788
18836779.71518488,1066.462256093433
18842276.179009717,1064.9074083851524
18847772.49412168,1063.264564945104
18853268.72714795,1061.6565781146533
18858764.893337794,1059.7977743671472
18864260.979799155,1057.8364470121587
18869757.192419175,1055.9933461413607
18875253.693971615,1053.8916095646423
18880750.24700213,1051.5152585181206
18886246.69684401,1049.6945753393484
18891742.9535925,1048.1960904062794
18897239.070995376,1046.5831668567073
18902735.128559772,1045.0502365873408
18908231.00618281,1043.171960604876
18913726.973351832,1040.891781279734
18919223.136131138,1038.7427598449292
18924719.38572458,1036.9789263490875
18930215.515226353,1035.2211486399717
18935711.518380713,1033.4296331488558
18941207.461209573,1031.6639364466682
18946703.30651238,1029.625672028926
18952199.08057301,1027.529656987123
18957695.10507005,1025.6681049760489
18963191.337970354,1023.1389367652646
18968687.583496854,1020.7753901955921
18974183.714740697,1018.9515950425666
18979679.623357337,1017.2671475042052
18985175.441663053,1015.5599859138965
18990671.20534426,1013.8214097027504
18996166.775149178,1011.6803764131619
19001662.54830047,1009.2366206015995
19007158.50961269,1006.9696663134619
19012654.488371037,1005.1305971172611
19018150.324639898,1003.220159252503
19023646.044290382,1001.2927705292014
19029141.688326508,999.2632474200656
19034637.254896756,997.0660811256585
19040132.809593614,994.8124570077488
19045628.67825915,992.7902489776773
19051124.674211483,989.934845121167
19056620.63994579,987.6597672422706
19062116.457829453,985.804506021882
19067612.05139337,983.9175350224746
19073107.594479986,982.1807562501672
19078603.00811866,980.2599890902866
19084098.31259221,977.7878752322507
19089593.870670807,975.1944640269423
19095089.560234237,973.0087081661793
19100585.202408243,971.0491660698021
19106080.725312356,968.9990260188038
19111576.134497885,966.9609418000286
19117071.459200785,964.6893615969425
19122566.72045483,962.345871347593
19128062.05732657,959.9966277393052
19133557.695086025,957.5646523928211
19139053.427001085,954.5926511864677
19144549.09107634,952.2598178347423
19150044.57294253,950.3532895234903
19155539.872080673,948.2709352542756
19161035.12952324,946.3278245161985
19166530.226632245,944.0912923003758
19172025.33736985,941.3190384603649
19177520.672913916,938.5627908582715
19183016.145204194,936.2770007763954
19188511.533893283,934.0591390848617
19194006.77558131,931.8401096588059
19199501.95061323,929.5754647292543
19204997.033465438,927.0463027119672
19210492.06645237,924.4781903823912
19215987.272512283,922.07535209568
19221482.73365817,919.1054378813159
19226978.263899524,916.1271020743534
19232473.6748559,913.7311205749886
19237968.885800567,911.6839504907467
19243463.954436705,909.4403976548725
19248958.963091314,907.3479335810073
19254453.772458453,904.7647922662836
19259948.730941094,901.7227448191416
19265443.9036448,898.8108136937185
19270939.14347176,896.4822483513649
19276434.259137623,894.0054162783231
19281929.255672053,891.6247403647192
19287424.18432073,889.1446814041317
19292918.99892575,886.3678430416376
19298413.786894158,883.555883463719
19303908.863914616,880.9593832448037
19309404.120237377,877.4614505182476
19314899.3859281,874.4329377914394
19320394.506152406,872.0221425921814
19325889.41142774,869.6748280442152
19331384.224366926,867.315657663054
19336878.951483116,864.9655793576487
19342373.51343606,861.9513459638152
19347868.309951168,858.6677044324229
19353363.24047271,855.6793614643491
19358858.212045055,853.1367973066422
19364353.05047278,850.4692428021697
19369847.76000685,847.9102392266734
19375342.403696667,845.0736128701602
19380836.966118667,842.0493563688897
19386331.565937083,838.9999626771491
19391826.472552985,836.0742473264347
19397321.483856786,832.1904275022672
19402816.45969416,829.1348073513075
19408311.279426124,826.6523211601523
19413805.875472352,823.9774480016517
19419300.418841675,821.5162877371008
19424794.821297202,818.7622736576004
19430289.153994326,815.2595666260437
19435783.741735063,811.6758088086181
19441278.40425734,808.6475494154305
19446773.07838502,805.866509059872
19452267.571239643,802.8841616442453
19457762.00893949,800.0153976493763
19463256.336233046,796.7789386074671
19468750.595191564,793.4591092013
19474244.97176115,790.2036656667055
19479739.644276895,786.5896380684255
19485234.364412867,782.5130473878271
19490729.018321775,779.2634723484714
19496223.484571498,776.5782646986588
19501717.7865975,773.5709959874557
19507212.036158312,770.75787959625
19512706.111838527,767.5244287741971
19518200.236273214,763.548653220229
19523694.576283053,759.6101709996134
19529189.05319538,756.4923790342073
19534683.431681458,753.2197038161909
19540177.63709434,750.025286766293
19545671.81868811,746.7356188913684
19551165.870607007,742.9886929375634
19556659.87280546,739.2527795393039
19562154.118199166,735.7681355026077
19567648.56241677,731.2672332358218
19573143.04329148,727.0581655340301
19578637.395381343,723.6301041044242
19584131.53573192,720.5065733961221
19589625.583438627,717.2194299955122
19595119.53398248,714.0761998764567
19600613.292176194,710.1675950688646
19606107.235242702,705.7221042819178
19611601.340632416,701.5341992364688
19617095.52670954,698.3143372879031
19622589.58865937,694.5575207108195
19628083.52600844,691.0031205672934
19633577.3985172,687.1423617741325
19639071.158850275,682.9288338151958
19644564.917219378,678.700573247987
19650059.01100486,674.7192672549355
19655553.204167392,669.2449537763
19661047.413608544,664.8308442690868
19666541.462950367,661.210615965743
19672035.30159669,657.5137989194427
19677529.067950916,653.8774950564448
19683022.729637492,650.0368410095527
19688516.240423743,645.2471251292665
19694010.011544127,640.2551069350495
19699503.896223698,635.7555377989138
19704997.846501153,631.8889884002851
19710491.613589335,627.5754270508611
19715985.28415898,623.442972998495
19721478.884368073,618.7800955678549
19726972.39153185,613.9459231482224
19732465.978389073,609.1581494112509
19737959.870545153,604.1888568513737
19743453.839772608,597.9673694462073
19748947.762229897,593.0577324088022
19754441.514051985,589.0716354852955
19759935.078700546,584.6514672940207
19765428.569870483,580.4642869308166
19770921.90221633,575.8616565208424
19776415.207697134,570.0074046020084
19781908.760652326,564.0986038461501
19787402.466267165,559.3010600958987
19792896.097671457,554.4354386365259
19798389.586975347,549.2565196325884
19803883.017262388,544.2126567033404
19809376.332339417,538.4840662475956
19814869.567902952,532.7102542656329
19820362.990401648,527.1223379401531
19825856.6683026,520.3308661760141
19831350.387390696,513.2369932154884
19836844.027329963,507.53828035910624
19842337.46900142,502.6613431821911
19853323.984853983,492.0483341042259
19864310.144031808,478.7665869045868
19886283.518321294,453.56732211899896
19897269.664315637,439.703520160902
20001637.786520965,267.0668613237202
40485606.14662961,119.36097881396626
40589852.105014905,352.2567530484841
40600824.50399179,366.5303237129977
40672146.35132468,453.82093159406895
40683118.03442022,465.9738612007418
40705062.37550821,488.83672239822124
40716034.07263291,500.05829480730876
40721519.775967844,505.2881598122392
40727005.626116514,510.66276167500484
40732491.75860369,514.9592436583341
40737977.886576,518.1575124223208
40743464.04369382,523.0114230346405
40748950.0409619,529.0423918406899
40754435.82198588,534.7313008120123
40759921.54949399,540.6062504671223
40765407.08383801,546.0227270792511
40770892.60058232,550.1799256549439
40776378.343541235,554.2092325417548
40781864.22987811,559.4942147814246
40787350.0010705,564.5572904678861
40792835.608406134,569.6386022512653
40798321.17030113,574.4924477795457
40803806.582709886,578.8285892137822
40814777.56693169,587.8500198032775
40820263.36035577,590.9430379107241
40825749.21932686,594.0156672180515
40831235.01272061,598.3962845998069
40836720.603229694,603.5359693358978
40842206.040463716,608.4746527443422
40847691.43461055,613.5881046669008
40853176.58272126,617.9195043262627
40858661.85799074,621.4194695203832
40864147.314105876,625.1617314734525
40869632.85986891,629.8363441030606
40875118.24494076,634.1493834218816
40880603.512911536,638.4809882901591
40886088.69123896,642.6912035297543
40891573.77497448,646.5365597915156
40897058.81267846,650.3123781504995
40902544.19587353,654.3491134862243
40908029.662808254,656.7157522988684
40913515.16208963,659.7805254660866
40919000.58441312,663.8775534045542
40924485.76881306,668.2685887529352
40929970.89058785,672.7883944872121
40935455.898799345,677.0694587863787
40940940.70382215,680.7091812621147
40946425.73313348,683.8555727216718
40951910.88549207,687.3148913551584
40957396.081447646,691.5382152756522
40962881.13996602,695.3131347769724
40968366.03134427,699.227865960444
40973850.87794981,702.8552499340431
40979335.616077006,706.2439056472447
40984820.37988505,709.6808239448433
40990305.497203864,713.0974541108563
40995790.61940751,715.0103014714746
41001275.78276314,718.1658807657391
41006760.83683381,722.0684058310853
41012245.67652633,725.9548122334437
41017730.47281201,729.9644531573126
41023215.08731231,733.8227890945863
41028699.58663426,736.8475314966063
41034184.35923791,739.7088580614017
41039669.231001824,742.9951431342557
41045154.10400126,746.7390077236553
41050638.780442975,750.146278487754
41056123.39296622,753.6126168882195
41061607.88616478,756.7397867103867
41067092.31452964,759.8352623767378
41072576.87277054,763.0017947280519
41078061.697575025,765.618738870915
41083546.542491615,767.6966939862377
41089031.383436725,770.6824333796569
41094516.082718626,774.3883455021622
41100000.57926285,777.8683983179872
41105485.009851076,781.5842023539356
41110969.26124859,784.91621348023
41116453.4954936,787.5200936545158
41121937.95500811,790.1463053950829
41127422.577604964,793.4590227297856
41132907.07907643,796.6696055073253
41138391.425400965,799.8967025400225
41143875.68093274,803.0306675970437
41149359.82018638,805.880776680668
41154843.91126892,808.7241645004431
41160328.22255927,811.692559346378
41165812.71319266,813.8135404394319
41171297.22358616,815.8816449190595
41176781.688625336,818.7880311549582
41182265.97107178,822.1693369877667
41187750.12018827,825.4673091858741
41193234.214963004,828.7978449400464
41198718.05569258,831.6940219681794
41204202.030135475,834.0332207088125
41209686.20831856,836.5830620084974
41215170.4833339,839.7051523571306
41220654.60373025,842.6926446927333
41226138.556876056,845.6062900139345
41231622.45101322,848.5377214719022
41237106.24300376,851.1306282736332
41242589.97414264,853.6945685901974
41248074.02596825,856.466766634067
41253558.16218868,858.0446011326678
41259042.320301436,860.2620781665005
41264526.41171177,863.1196120339703
41270010.28855423,866.2083623212035
41275494.09942807,869.2793125315941
41280977.78169962,872.2757875693198
41286461.284041695,874.7707349281814
41291945.000697255,876.9490464171705
41297428.8604422,879.4074183875493
41302912.78885996,882.3788653789798
41308396.537351675,884.9711377045583
41313880.15955144,887.8240075144322
41319363.701251015,890.4083276048423
41324847.12657219,892.8067479826386
41330330.582834356,895.2243854049307
41335814.36152858,897.6277043305624
41341298.151625425,899.1175977824118
41346781.99734462,901.3984785697851
41352265.71798781,904.2180094191435
41357749.22056304,906.9683573481502
41363232.67062171,909.8325369635731
41368715.98641763,912.598889556313
41374199.1623503,914.7609137443537
41379682.60773458,916.7509187997043
41385166.19700096,919.2063745698981
41390649.77554967,921.8668276373058
41396133.166907094,924.421601312876
41401616.44224126,926.9940157246328
41407099.62387427,929.3322364783994
41412582.74229244,931.5916521562376
41418065.95160706,933.8833809167216
41423549.43550694,935.9110635454213
41429032.952855006,937.3725163086008
41434516.4347026,939.5966795613931
41439999.77753098,942.2713172401311
41445482.93579859,944.8194986825549
41450966.06026521,947.594025539672
41456448.97734853,950.0458073561276
41461931.8820411,951.9750934966419
41467415.046038754,953.9608423222548
41472898.33737361,956.3047691450872
41478381.53801723,958.7339182146579
41483864.56401062,961.0487933142097
41489347.50197618,963.5005309097146
41494830.35202103,965.6342786421677
41500313.119817644,967.7191802687944
41505796.086768694,969.9592765098295
41511279.24129946,971.5735933481494
41516762.4074144,973.1911306964728
41522245.5315175,975.3959393706782
41527728.48291758,977.9346024680428
41533211.29684856,980.383535154895
41538694.04193941,982.8631095316214
41544176.579302974,985.0762420688018
41549659.21691964,986.8468956056868
41555142.07163681,988.6262550316101
41560625.02677239,990.9760381216884
41566107.865318544,993.1855551679616
41571590.51004293,995.4599573183359
41577073.12822706,997.6889954308094
41582555.60579768,999.6503850011454
41588038.04524343,1001.6340829384494
41593520.75082459,1003.7479702455971
41599003.55260063,1005.0477333081049
41604486.41617634,1006.7985859693017
41609969.18226073,1008.9919508042163
41615451.7373001,1011.3287600784893
41620934.18618422,1013.6676409442413
41626416.55266332,1016.0278610547975
41631898.71710332,1017.9412275082797
41637381.090126276,1019.5696939882823
41642863.66135185,1021.4081335258288
41648346.25719577,1023.6383326699738
41653828.69084001,1025.6752236335078
41659310.993877284,1027.787814617148
41664793.224652335,1029.8221318913
41670275.383451544,1031.7169262543434
41675757.52601565,1033.5687905518234
41681239.97393557,1035.5270880630057
41686722.468056135,1036.7245280728944
41692204.97797465,1038.4310585206003
41697687.36889521,1040.6098391431099
41703169.53071591,1042.7752412311763
41708651.652694024,1045.0391543388923
41714133.639057614,1047.1506671157313
41719615.49310084,1048.8516981618263
41725097.58809315,1050.4481885345576
41730579.842745475,1052.224141121114
41736062.0541295,1054.3858421603036
41741544.12226382,1056.325394587348
41747026.06633581,1058.406751208469
41752507.94314605,1060.2648686465966
41757989.71324919,1062.0401343385995
41763471.57051672,1063.858188850239
41768953.675564714,1065.5132923567326
41774435.82151648,1066.6642666259645
41779917.96898947,1068.4388239070715
41785399.97087397,1070.6056944474894
41790881.77098256,1072.619681500251
41796363.51687649,1074.7468003119195
41801845.09267169,1076.7087189396846
41807326.64306003,1078.223832215833
41812808.45043452,1079.7063696042555
41818290.33532609,1081.5802568450415
41823772.18750026,1083.510732554939
41829253.846984684,1085.4203413580037
41834735.45881689,1087.370887769785
41840216.93785745,1089.0480849564897
41845698.35933443,1090.740204607123
41851179.95442735,1092.4893954308072
41856661.73381017,1093.8482070986872
41862143.54675039,1095.1434059390833
41867625.30031934,1096.8898857131958
41873106.87237405,1098.907744208189
41878588.29481672,1100.8351467410548
41884069.66661117,1102.8292276464233
41889550.84036333,1104.5690708913792
41895032.1059504,1105.9525281212327
41900513.59700867,1107.4372029859128
41905995.165218785,1109.2539152252448
41911476.61846554,1111.0992959750827
41916957.89744297,1112.9358862924887
41922439.10117259,1114.733079966727
41927920.22222783,1116.339885678663
41933401.29490051,1117.8869709923777
41938882.613081895,1119.6158375655434
41944364.06074274,1120.707564528577
41949845.51849668,1122.041936586858
41955326.89829251,1123.7824044667962
41960808.065080486,1125.691793348618
41966289.16159389,1127.596250643593
41971770.14461514,1129.4608667496623
41977250.94483788,1131.0454122094618
41982731.93123103,1132.3744805207314
41988213.10483049,1133.766250304109
41993694.30701654,1135.6204519451276
41999175.3553056,1137.307193106497
42004656.27475837,1139.0882692206742
42010137.14254636,1140.773124191439
42015617.8935736,1142.258544544071
42021098.64704761,1143.7607288225324
42026579.67999875,1145.3241227822814
42032060.793655574,1146.292622636006
42037541.9299444,1147.709061824587
42043022.93537348,1149.4756178674327
42048503.74262292,1151.2348289346667
42053984.465975575,1153.068363660752
42059465.07764351,1154.8400380822752
42064945.53725028,1156.2210841125716
42070426.24948225,1157.4492252542095
42075907.111245066,1158.8970109630463
42081387.980630964,1160.6091321211095
42086868.66488143,1162.2516877098565
42092349.247116,1163.8852019926749
42097829.73425867,1165.4032629780338
42103310.15267432,1166.8543347251643
42108790.62184404,1168.2828921834903
42114271.36870552,1169.6947219807716
42119752.167678535,1170.6295270429705
42125232.93205543,1172.049981428385
42130713.55080004,1173.7690961274116
42136193.9707458,1175.407017839662
42141674.3639555,1177.185363007769
42147154.57054412,1178.787521413847
42152634.7350145,1180.0276593600545
42158115.160928115,1181.2308371683819
42163595.683059536,1182.6621750596387
42169076.145267345,1184.284755596297
42174556.461832985,1185.7911942543462
42180036.69269704,1187.3923698515755
42185516.843901426,1188.796116995755
42190996.90434843,1190.1505558977308
42196477.117973894,1191.5907693043891
42201957.537718736,1192.722852401202
42207437.97763015,1193.709023427041
42212918.392940074,1195.128212614326
42218398.63303264,1196.8308050772987
42223878.71615402,1198.4180378906772
42229358.728607446,1200.0817457601734
42234838.56652873,1201.55395207278
42240318.45392029,1202.6840665124873
42245798.556082815,1203.8014322197591
42251278.75815494,1205.2748862371805
42256758.85916583,1206.7481653883483
42262238.80820996,1208.298187662961
42267718.68779609,1209.756064255077
42273198.47197647,1211.068106275959
42278678.21248554,1212.347593998183
42284158.170797,1213.7622575086946
42289638.26511408,1214.7247997844734
42295118.40408691,1215.8031488958657
42300598.44057751,1217.2264055185192
42306078.26473892,1218.8160220334553
42311557.97975498,1220.3752176647129
42317037.623924255,1221.9579025853268
42322517.075242944,1223.2432099881114
42327996.687480025,1224.2941125782672
42333476.48453512,1225.5021861653197
42338956.31312814,1226.9771822511993
42344436.04976733,1228.416298729736
42349915.616431594,1229.8337870361895
42355395.1486948,1231.2392437438536
42360874.58126785,1232.471863896391
42366353.97858801,1233.7000597585647
42371833.661954,1235.0469391194508
42377313.425565384,1235.8413239286824
42382793.18923851,1236.976832511582
42388272.84952547,1238.4111942668687
42393752.310709335,1239.905971899916
42399231.682768546,1241.4351385942962
42404710.94409125,1242.9100599516416
42410190.05135509,1244.0699973074206
42415669.393716685,1245.1037068947135
42421148.842757344,1246.2392048930878
42426628.322734594,1247.7490487635282
42432107.62865264,1249.1000384978022
42437586.83019048,1250.5313062351331
42443065.94961989,1251.7831686543939
42448544.97469863,1252.969707201276
42454024.045664325,1254.1463026857577
42459503.38036117,1255.300491943329
42464982.781655475,1256.0672132523684
42470462.16324447,1257.2248034946017
42475941.40786551,1258.6593513394682
42481420.43140488,1260.0428757134082
42486899.417480454,1261.533255327238
42492378.24882352,1262.8854014251692
42497857.0074745,1263.91712475607
42503336.014976375,1264.8682795844102
42508815.14940265,1266.085234530156
42514294.20383244,1267.4629558165886
42519773.12695827,1268.7329346684578
42525251.95589264,1270.0640271674215
42530730.71197739,1271.2425416952512
42536209.38294843,1272.3712427572975
42541688.165532514,1273.537661847612
42547167.20433135,1274.5177034038
42552646.26539673,1275.268516961188
42558125.28613518,1276.4359111156487
42563604.132302925,1277.8361361191448
42569082.82073994,1279.1806936678165
42574561.473451115,1280.5477880401595
42580039.942013554,1281.7878483677064
42585518.43980978,1282.7258872864113
42590997.16122145,1283.6361564071203
42596475.95306045,1284.8611594936879
42601954.689817026,1286.1284910516206
42607433.26843687,1287.420935720751
42612911.78247342,1288.6799873572743
42618390.185898,1289.7758607801543
42623868.52170979,1290.8484052783028
42629347.057585046,1292.0076668937656
42634825.756604046,1292.8114893653699
42640304.51786975,1293.6686748006523
42645783.18196958,1294.8349667956963
42651261.64551658,1296.1749992490943
42656739.99019948,1297.4711865657405
42662218.27614694,1298.809822395177
42667696.37285894,1299.895297074232
42673174.600086816,1300.7615191381385
42678653.00049044,1301.7058833693816
42684131.46991934,1302.9544379887532
42689609.813335836,1304.1679659394956
42695088.0327416,1305.3788415847287
42700566.164476074,1306.560470006269
42706044.229593374,1307.6050730314264
42711522.24331284,1308.5947100493177
42717000.5269731,1309.7250234952874
42722478.907655634,1310.3838532741966
42727957.28200479,1311.29096042108
42733435.56877584,1312.4744285867653
42738913.647195935,1313.7426579476485
42744391.637433544,1315.0248953112443
42749869.53944985,1316.2382024588676
42755347.28463555,1317.2291383041204
42760825.233741924,1318.073404189653
42766303.302675456,1318.9818093787017
42771781.42048955,1320.2423363504424
42777259.38204832,1321.3929977661678
42782737.23484177,1322.5823725872547
42788215.00332633,1323.6557335417422
42793692.67751337,1324.6341740032385
42799170.387493946,1325.6042626774715
42804648.365036674,1326.5976849570648
42810126.424656205,1327.1930938710557
42815604.48081454,1328.1538076803283
42821082.40134872,1329.3576211570332
42826560.12278797,1330.5016888250434
42832037.782916114,1331.7465827941892
42837515.33554077,1332.8792298539074
42842992.77048771,1333.7503024290008
42848470.44190865,1334.5287472054201
42853948.24895988,1335.5226573426114
42859425.98607176,1336.7216496038127
42864903.60411721,1337.8266667911876
42870381.1190845,1338.963150933193
42875858.5355851,1339.9711476670423
42881335.87887963,1340.9181350057834
42886813.29676478,1341.864825110155
42892290.98343653,1342.728970304993
42897768.69056731,1343.3155986257054
42903246.38215686,1344.2692690163267
42908723.91380055,1345.4655121790697
42914201.271438114,1346.592933434159
42919678.58996481,1347.7506879827822
42925155.74825509,1348.8020737782817
42930632.89705111,1349.5900861866462
42936110.27466943,1350.3418721004778
42941587.72487061,1351.3310799987769
42947065.13644538,1352.4515078797726
42952542.3705248,1353.5030756705353
42958019.56769981,1354.5882495479996
42963496.643672615,1355.4940971663402
42968973.66663723,1356.3974209731196
42974450.85786368,1357.3535753842261
42979928.2230893,1358.075396983997
42985405.63496295,1358.7319024954595
42990882.96642961,1359.6935310488204
42996360.11203168,1360.8437822415715
43001837.12922874,1361.9109730033565
43007314.094539784,1363.0518189983727
43012790.88247938,1363.9824371807729
43018267.7603036,1364.7047750905656
43023744.83627365,1365.4915297850725
43029221.94147404,1366.538571025021
43034698.97508068,1367.5822837056035
43040175.849954344,1368.6020545557842
43045652.64981266,1369.6280388380574
43051129.375563644,1370.5012673245071
43056606.04730455,1371.3176214296363
43062082.971261784,1372.2594590641984
43067560.01654135,1372.8317758098735
43073037.06743401,1373.5439116449722
43078514.0326895,1374.5156557994992
43083990.801419556,1375.6017830586406
43089467.49931129,1376.65738276945
43094944.09799491,1377.697210175747
43100420.53064957,1378.5518926006223
43105897.14006294,1379.2432646326592
43111373.87651842,1379.992523580587
43116850.67764691,1381.063590691289
43122327.34090867,1382.067858419985
43127803.86646156,1383.0822709238957
43133280.324220814,1384.0100908492766
43138756.68264796,1384.8342642337575
43144233.04343053,1385.6336027631567
43149709.66273048,1386.503722871586
43155186.382394746,1386.988640859755
43160663.08672732,1387.7433103283265
43166139.68586094,1388.7331785246195
43171616.07409993,1389.7168434790406
43177092.42202239,1390.774376194453
43182568.66490837,1391.73859694029
43188044.766929105,1392.489967791995
43193521.08689661,1393.1301003060794
43198997.54021833,1393.9275766697265
43204473.97910126,1394.898208413353
43209950.31057614,1395.8397000598852
43215426.49751026,1396.786217690916
43220902.638919756,1397.6617320215566
43226378.69706929,1398.4508045299433
43231854.80126228,1399.2370424124522
43237331.17462288,1400.00594192385
43242807.564759694,1400.4794206993865
43248283.952848926,1401.2564837070177
43253760.1963449,1402.2565608438672
43259236.25325015,1403.218810882079
43264712.274264835,1404.2072454956117
43270188.15829153,1405.117694882079
43275663.986593254,1405.7812367678757
43281140.034354426,1406.389110856869
43286616.19757039,1407.249771039001
43292092.291143715,1408.2127410818214
43297568.245028265,1409.1347276626357
43303044.10749966,1410.0440845761407
43308519.86665858,1410.8210278694814
43313995.58447659,1411.582873112047
43319471.426213205,1412.3418274215996
43324947.4907266,1412.985400169729
43330423.595697165,1413.53277782674
43335899.6220449,1414.320256444071
43341375.491234116,1415.2748828648107
43346851.215141304,1416.1826627807018
43352326.91080894,1417.1463512695245
43357802.42058167,1417.9549294820533
43363277.97855826,1418.5652181553473
43368753.756596625,1419.1955538551542
43374229.55846796,1420.0860679520788
43379705.31370167,1420.994029268214
43385180.91715956,1421.871634703463
43390656.43696714,1422.7634277930786
43396131.86484038,1423.4916115832461
43401607.22997581,1424.1904299277362
43407082.81542754,1424.9620543401422
43412558.52786427,1425.4612304662796
43418034.2912762,1426.0301607173096
43423509.96843145,1426.8387473980224
43428985.461717024,1427.7699185493784
43434460.85006291,1428.6362547935664
43439936.18570785,1429.5467719371873
43445411.34890545,1430.2779685859944
43450886.63476833,1430.842885152213
43456362.07920756,1431.4223497272208
43461837.596081965,1432.3247857304113
43467312.988852024,1433.1466745847495
43472788.27210768,1433.9961104017884
43478263.463628784,1434.7990325771427
43483738.59068393,1435.5088273117613
43489213.68516403,1436.1761412402404
43494689.032017894,1436.9442668668157
43500164.469737664,1437.341884927184
43505639.89594796,1437.9527448019167
43511115.2402636,1438.7748677848822
43516590.381627,1439.6422076258677
43522065.459738344,1440.545450930093
43527540.44467877,1441.3673360121386
43533015.2881787,1442.0230556385843
43538490.32523132,1442.5730469248238
43543965.46904017,1443.194258081767
43549440.657517664,1444.0783001422722
43554915.70757652,1444.8768536760542
43560390.638458505,1445.7204219357916
43565865.48900012,1446.460995096164
43571340.2548416,1447.1145309863853
43576815.06076651,1447.7591078717392
43582290.12202108,1448.429929006563
43587765.24889133,1448.8060270191204
43593240.37464877,1449.4680828231376
43598715.3679917,1450.305773645574
43604190.17299337,1451.0975682424391
43609664.92918412,1451.9546422390713
43615139.57288433,1452.7436843555267
43620614.115234174,1453.3134560198719
43626088.87638277,1453.823666725273
43631563.77019937,1454.5005185034406
43637038.608421355,1455.362765958034
43642513.320089325,1456.133216664585
43647987.926885754,1456.9102193292767
43653462.44714106,1457.604379841563
43658936.898584805,1458.238617694633
43664411.43051371,1458.8677514118772
43669886.210555315,1459.4400296880497
43675361.008078516,1459.8233490441341
43680835.78802598,1460.475025339532
43686310.41687442,1461.3168785517485
43691784.88453911,1462.0968418242587
43697259.29802453,1462.9055684771192
43702733.57780657,1463.6193312722312
43708207.84397942,1464.1343266729725
43713682.319187835,1464.6155875017582
43719156.86745677,1465.319012358962
43724631.387818046,1466.103316781208
43730105.728866346,1466.8623300453735
43735580.02157914,1467.61571124575
43741054.20306032,1468.2372413691025
43746528.346145704,1468.8461766704477
43752002.64721897,1469.4798286375353
43757477.114745565,1469.9710102225677
43762951.604174316,1470.3903365123444
43768426.022786364,1471.0533726021865
43773900.271205075,1471.8661622933432
43779374.39674479,1472.6160533497402
43784848.47640669,1473.4147993806519
43790322.37658217,1474.0460377947018
43795796.36578196,1474.5147401286547
43801270.55395335,1475.0255917936584
43806744.76622369,1475.768525641753
43812218.915444784,1476.4983966414366
43817692.90580856,1477.2092211647675
43823166.84829006,1477.9283553798057
43828640.68820822,1478.5088147467616
43834114.482749395,1479.0651957835057
43839588.52768364,1479.6890970170266
43845062.672316246,1480.044203366801
43850536.856134914,1480.5271570423292
43856010.950004,1481.2022052322907
43861484.86374435,1481.9615703029378
43866958.69033288,1482.6821669305032
43872432.44500271,1483.413683813193
43877906.03970858,1483.9795094859187
43883379.79271112,1484.4090520786788
43888853.67793645,1484.918641482944
43894327.62385615,1485.6392950284242
43899801.46429416,1486.3422692043287
43905275.157892935,1487.0226305413257
43910748.79119792,1487.6647631266844
43916222.35109856,1488.231114730656
43921695.896189936,1488.7554089145863
43927169.69773643,1489.368857400362
43932643.57191112,1489.6614766287607
43938117.42928336,1490.176073707469
43943591.19717065,1490.8584626546012
43949064.77740222,1491.5711691723677
43954538.30171406,1492.3123576760686
43960011.70112397,1492.9928328515596
43965484.988812,1493.4884113710243
43970958.48891429,1493.9227612692373
43976432.06772587,1494.4437623613214
43981905.66291785,1495.191470594043
43987379.1261481,1495.8348766500544
43992852.46992821,1496.5408548158578
43998325.74138278,1497.1261823637246
44003798.93365179,1497.6619559799929
44009272.18603149,1498.1722732887577
44014745.68880629,1498.6937537664958
44020219.219354495,1499.014078687433
44025692.719210185,1499.5375630616004
44031166.095243536,1500.2272285536378
44036639.289697416,1500.902245526871
44042112.4462507,1501.6191687811552
44047585.46694517,1502.24732618393
44053058.420703016,1502.684029079186
44058531.58731024,1503.0831551932793
44064004.87322356,1503.6352033826424
44069478.108142614,1504.3270230632083
44074951.20199661,1504.936818367908
44080424.203521155,1505.5804227078806
44085897.1412426,1506.119091631654
44091370.00693835,1506.6185843572118
44096842.99235452,1507.141345641275
44102316.179236375,1507.567802858126
44107789.377885036,1507.8940842831094
44113262.5589629,1508.4271473452018
44118735.575988345,1509.1242372994943
44124208.45468985,1509.7634710070417
44129681.26727785,1510.431214735576
44135153.94534937,1510.9944846971161
44140626.639680654,1511.3844713896856
44146099.52778826,1511.7440649300977
44151572.50462903,1512.3672591420539
44157045.42025902,1512.9785387293205
44162518.21612723,1513.5817829031898
44167990.91754199,1514.1774195283233
44173463.55763808,1514.6673014833445
44178936.15363034,1515.1352292374809
44184408.93791145,1515.646011529825
44189881.86467687,1516.0047503996204
44195354.803991206,1516.351463257885
44200827.6684833,1516.8972596933393
44206300.360040955,1517.5554909460996
44211772.95688667,1518.1805803350449
44217245.4896722,1518.8165315759245
44222717.85265182,1519.3250790913403
44228190.31858319,1519.6841963930153
44233662.97253878,1520.0385011702642
44239135.662381195,1520.668216296132
44244608.27355525,1521.2447588120265
44250080.72882659,1521.8332434208394
44255553.14280508,1522.413831737269
44261025.45608843,1522.8698398936563
44266497.73973535,1523.3186179439676
44271970.262646064,1523.8178895766662
44277442.868727624,1524.0887228033262
44282915.50068749,1524.5031405970426
44288388.02647544,1525.062619185445
44293860.3633915,1525.6567249483624
44299332.64219621,1526.2846008998736
44304804.8390213,1526.868493332317
44310276.8775,1527.3072255663133
44315749.08353068,1527.6344804384844
44321221.424357444,1528.0506812692229
44326693.792369254,1528.6379519582301
44332166.06942579,1529.2036034335572
44337638.19428186,1529.7661087132255
44343110.27572648,1530.2953211074528
44348582.28235475,1530.7282075879452
44354054.29801357,1531.1446858910829
44359526.56438694,1531.6070207823695
44364998.879988536,1531.8234470864872
44370471.19730874,1532.2680304941025
44375943.39972232,1532.8390671765255
44381415.425531104,1533.4022342128446
44386887.39423543,1534.008745512031
44392359.24340702,1534.5623486309503
44397830.98882807,1534.9363249595522
44403302.95782236,1535.2374219001235
44408775.02482093,1535.6732072852296
44414247.10437343,1536.2462274419577
44419719.03971912,1536.7901860630686
44425190.87170635,1537.3273805463543
44430662.619205214,1537.799073714958
44436134.32202354,1538.2168656675938
44441606.08870703,1538.6108580033365
44447078.10662624,1539.0053077159373
44452550.14698481,1539.2212330022842
44458022.1563821,1539.6453920655345
44463494.02925428,1540.2093105241854
44468965.75400536,1540.7496158523145
44474437.44826779,1541.3136952113978
44479909.001894295,1541.8021294741113
44485380.51954407,1542.1264274946134
44490852.24914201,1542.4200983711082
44496324.058281675,1542.8844863718589
44501795.83969254,1543.4352368439384
44507267.45391134,1543.9647670562972
44512738.999294944,1544.4974697964503
44518210.45083183,1544.9050799539204
44523681.85365716,1545.3058090773827
44529153.39633322,1545.7075433604664
44534625.120761104,1546.030039235586
44540096.88195165,1546.3058901693805
44545568.567039825,1546.7378015166516
44551040.103896156,1547.292782754745
44556511.51217317,1547.791738257637
44561982.88783683,1548.3506759761729
44567454.0949783,1548.7748071254964
44572925.355666354,1549.0632064267022
44578396.82218569,1549.372452115442
44583868.32434525,1549.8896799701618
44589339.76300473,1550.4165775766269
44594811.05048266,1550.903344005131
44600282.263622716,1551.4198060142571
44605753.38891314,1551.8055932486116
44611224.46545115,1552.1603034835164
44616695.75465302,1552.5665432768442
44622167.16072643,1552.7890033544331
44627638.600984834,1553.0732222868075
44633109.964532256,1553.5201536247796
44638581.15758425,1554.0498513604139
44644052.24728554,1554.5392664953945
44649523.30021615,1555.0491696103577
44654994.184987195,1555.4243098099196
44660465.19183384,1555.6787008816732
44665936.35355964,1555.965766374229
44671407.58737781,1556.470383322959
44676878.68574477,1556.9565925610502
44682349.67475467,1557.4368436605764
44687820.57741005,1557.8953380018136
44693291.427050106,1558.2702872493235
44698762.24460811,1558.5989527999636
44704233.31257982,1559.0097990073666
44709704.44172532,1559.1647056744137
44715175.56401011,1559.4815875355207
44720646.611609414,1559.9393990903425
44726117.475131445,1560.4365177381833
44731588.27825644,1560.9495550109186
44737058.98086051,1561.4101532637164
44742529.55332828,1561.7364239625026
44748000.314961605,1561.977561492584
44753471.18565032,1562.2892838411676
44758942.09572487,1562.7969263128061
44764412.87383063,1563.2489029930653
44769883.53973055,1563.7144906975445
44775354.11610329,1564.1189297319659
44780824.642033406,1564.4758291700496
44786295.18135198,1564.780311163051
44791765.96534144,1565.1551425215162
44797236.81654096,1565.2919871441889
44802707.6484874,1565.6126171583376
44808178.36951035,1566.075807591052
44813648.89692801,1566.524555325789
44819119.40985344,1567.0158400005503
44824589.7965551,1567.4306627498665
44830060.10104365,1567.7026701835628
44835530.60806752,1567.9269112496634
44841001.22411025,1568.2389555928453
44846471.84320365,1568.7346305224419
44851942.315492645,1569.1493585463866
44857412.701241575,1569.5825880993345
44862883.01430489,1569.935156354625
44868353.275559984,1570.2546291533295
44873823.6247753,1570.5633123612254
44879294.19277667,1570.854943973362
44884764.7793645,1571.0286299223853
44890235.330068395,1571.3646448565505
44895705.74950941,1571.8312587035637
44901176.00991621,1572.2589163904092
44906646.2287288,1572.7419959732804
44912116.3041038,1573.1194048326554
44917586.35757305,1573.3524115643424
44923056.61976279,1573.5712418736634
44928526.982867576,1573.9217087991046
44933997.27360009,1574.3727607035942
44939467.43414207,1574.7810244956534
44944937.49191958,1575.205544672145
44950407.48946587,1575.542836531811
44955877.42601238,1575.8337124530467
44961347.506728366,1576.1594640455073
44966817.7594343,1576.3749685414282
44972288.035469644,1576.540279669506
44977758.25979936,1576.885080217204
44983228.326608695,1577.3461889014309
44988698.279705614,1577.7466484127744
44994168.188644916,1578.1947491865717
44999637.9347894,1578.5251360887994
45005107.73487754,1578.7243769892157
45010577.712878466,1578.9229706168967
45016047.76962898,1579.3429384048047
45021517.7345378,1579.7462016844197
45026987.57289778,1580.143621044167
45032457.32992708,1580.5371040125428
45037927.02573639,1580.8366964377608
45043396.67857619,1581.093665846292
45048866.54411825,1581.4221351427316
45054336.523265466,1581.5592801771684
45059806.49897587,1581.7649450973765
45065276.41301256,1582.1180880037628
45070746.15955722,1582.54575596403
45076215.828849226,1582.9508362744377
45081685.42397929,1583.3530189604849
45087154.85891126,1583.646229143017
45092624.42888825,1583.8222098852643
45098094.17234788,1583.9930252667361
45103563.94905456,1584.410793428982
45109033.62468313,1584.7772969440286
45114503.16872007,1585.1803313879695
45119972.63906134,1585.5290203777772
45125442.03848649,1585.8045608062396
45130911.43431627,1586.0419994456358
45136381.07607964,1586.3475393334181
45141850.78778825,1586.4275717489836
45147320.49923946,1586.654225882929
45152790.12846687,1587.0190699900766
45158259.567358546,1587.3988741952653
45163728.96933687,1587.806852039528
45169198.278743215,1588.1558234314384
45174667.4595131,1588.3885219675542
45180136.82664056,1588.5484947376083
45185606.31033894,1588.7675213007662
45191075.80525519,1589.1866271238082
45196545.179940574,1589.538803478678
45202014.4399466,1589.9323646799403
45207483.61500538,1590.248144450868
45212952.718772,1590.4962538409804
45218421.866058946,1590.7240517423274
45223891.25663718,1590.9748902981814
45229360.69910468,1591.049933622757
45234830.14589513,1591.3054549321398
45240299.466074005,1591.6778098844736
45245768.608085185,1592.020223777439
45251237.71767239,1592.4051369412252
45256706.72132414,1592.734000803865
45262175.63702343,1592.9147186244354
45267644.76018743,1593.055860037437
45273114.00082925,1593.3088355387797
45278583.20857483,1593.7026598916138
45284052.27655482,1594.0359648855137
45289521.24175072,1594.376759128858
45294990.145275354,1594.6537180363503
45300458.98247841,1594.884722678335
45305927.912434205,1595.1073155473587
45311397.05358643,1595.3092659471858
45316866.21264927,1595.3923666672351
45322335.35208318,1595.6455145951825
45327804.35401639,1596.0265009570285
45333273.20123013,1596.3585319540298
45338741.9972056,1596.7402190734756
45344210.66525624,1597.021885247861
45349679.313653365,1597.168858929667
45355148.160019025,1597.294329095227
45360617.11274244,1597.6052633468826
45366085.97495136,1597.9517416391795
45371554.704796284,1598.2994224976126
45377023.33060616,1598.6277744919807
45382491.88192913,1598.8763550606975
45387960.390738815,1599.0834176701856
45393429.04484939,1599.3116638428767
45398897.871669725,1599.4482276267795
45404366.70761255,1599.5429370333422
45409835.49251856,1599.8001189573806
45415304.1214793,1600.1637917299856
45420772.64189056,1600.48004826863
45426241.11379606,1600.830349847849
45431709.42311771,1601.0742347515047
45437177.790850125,1601.1918397073503
45442646.33528071,1601.2952171183765
45448114.95906759,1601.615954562178
45453583.492452204,1601.9190625431509
45459051.89726808,1602.229476181677
45464520.229145296,1602.525548922656
45469988.49288222,1602.73530503152
45475456.72486846,1602.9116484617794
45480925.16089104,1603.1503393123
45486393.71682306,1603.219324748557
45491862.25914383,1603.346644942059
45497330.73899988,1603.609877561747
45502799.04649453,1603.9412463927376
45508267.277844176,1604.264407766325
45513735.43779471,1604.5732639540906
45519203.432764955,1604.7752160723974
45524671.57112757,1604.8708179474893
45530139.88899866,1604.9748058920748
45535608.220751055,1605.295670633479
45541076.46631418,1605.590538138013
45546544.56203574,1605.901730893985
45552012.59137346,1606.162343381761
45557480.550373584,1606.3479094876407
45562948.513602175,1606.500813952707
45568416.723236166,1606.7135700061567
45573885.00099864,1606.7217712562324
45579353.283434466,1606.8699454667267
45584821.478499,1607.1460852859682
45590289.48542668,1607.4308688981241
45595757.45884333,1607.7452696603132
45601225.34285795,1608.005503946947
45606693.09667114,1608.1541644801791
45612161.03665373,1608.232583648742
45617629.10089209,1608.3691507762337
45623097.16197411,1608.6966732645155
45628565.10962922,1608.9621766673392
45634032.93837819,1609.269209429693
45639500.68755432,1609.5014728982733
45644968.365047015,1609.664529163283
45650436.08688589,1609.8105578724835
45655904.05344778,1609.9756937041413
45661372.06324123,1609.98004704778
45666840.079704024,1610.154643082616
45672307.97157246,1610.438197382919
45677775.6886582,1610.6935293169784
45683243.37254137,1610.9878582137007
45688710.95176805,1611.228151654939
45694178.444723725,1611.3290332652346
45699646.145231515,1611.3913347232183
45705113.96052411,1611.5642481860891
45710581.74064826,1611.867474083634
45716049.38077703,1612.1183380500363
45721516.91727868,1612.3742270269834
45726984.39317139,1612.5677014234147
45732451.80417689,1612.717011421645
45737919.31068957,1612.857048092108
45743387.024909064,1612.9806279097909
45748854.756440476,1612.9910626977583
45754322.467832625,1613.1618976912102
45759790.04409355,1613.4536131455588
45765257.46697958,1613.6990718396369
45770724.84012115,1613.9930847618762
45776192.085557856,1614.1902763606897
45781659.311205685,1614.2609932345924
45787126.73619569,1614.3106871665673
45792594.2657868,1614.528929938689
45798061.70353528,1614.7917423739955
45803529.013672024,1615.0504578619186
45808996.215613574,1615.2969820486362
45814463.34811817,1615.465375744041
45819930.43481712,1615.5914698294182
45825397.6686018,1615.7408387025994
45830865.07311135,1615.798485699698
45836332.489355884,1615.8196672404094
45841799.858484514,1615.9933524239734
45847267.07280619,1616.2700958956855
45852734.17861418,1616.499852390745
45858201.23815432,1616.7645057108853
45863668.13676973,1616.9259878353791
45869135.091096595,1616.9685902407432
45874602.219554625,1617.001478785022
45880069.42887976,1617.2396576379829
45885536.541738756,1617.4687499669672
45891003.52890954,1617.6958996457404
45896470.439867884,1617.9156862092836
45901937.28907256,1618.0486671499054
45907404.10099881,1618.144561477262
45912871.12296038,1618.3043175181724
45918338.25812232,1618.2919037355014
45923805.3834132,1618.3456406056846
45929272.45169052,1618.52610930708
45934739.354576245,1618.775520596436
45940206.18298237,1619.0045062296692
45945672.938895255,1619.2300770939855
45951139.538596906,1619.358638443801
45956606.27134144,1619.3805180879683
45962073.17277654,1619.3894649506522
45967540.10571589,1619.634322057713
45973006.9328575,1619.8327192404545
45978473.636093326,1620.0658058314557
45983940.26281173,1620.2479438033854
45989406.82358043,1620.3639303609648
45994873.379863426,1620.4400144556182
46000340.18517756,1620.57862814822
46005807.05098775,1620.5184906133645
46011273.91950585,1620.5843577164574
46016740.7124766,1620.7772159972517
46022207.31868892,1620.9930904087635
46027673.885219365,1621.228639064912
46033140.35484132,1621.4090662017882
46038606.70140658,1621.483840234908
46044073.23473034,1621.49081998645
46049539.87841951,1621.5480419624769
46055006.53956663,1621.7987186943335
46060473.07305707,1621.986560626194
46065939.50247818,1622.2071961591544
46071405.83896954,1622.357598739185
46076872.1157434,1622.4623893611413
46082338.42392195,1622.5228198617237
46087804.97352044,1622.6258892486364
46093271.5851443,1622.5547513646593
46098738.19033604,1622.6328664421503
46104204.680502266,1622.8313749606034
46109670.98352444,1623.010887875445
46115137.27203625,1623.23186315862
46120603.4426006,1623.3861597743585
46126069.530997455,1623.4184248147524
46131535.82266016,1623.4069828745742
46137002.217555635,1623.477232332621
46142468.6080061,1623.7008081129484
46147934.851201124,1623.8652988359167
46153401.005867474,1624.0434577961637
46158867.09347441,1624.1500779080852
46164333.13011009,1624.2235740904962
46169799.26194056,1624.2818978076582
46175265.606240615,1624.3351831831078
46180731.97289613,1624.2859086391018
46186198.298018806,1624.375628028365
46191664.49954562,1624.5733758475376
46197130.55042275,1624.7399766039819
46202596.5645143,1624.9572171322557
46208062.434808046,1625.079746167193
46213528.28420059,1625.0821361631674
46218994.34445332,1625.0637040766806
46224460.47707736,1625.1507907393009
46229926.573598675,1625.3461477780634
46235392.51791249,1625.495240678546
46240858.387501575,1625.6760675600772
46246324.195285305,1625.7629239260114
46251789.93432871,1625.8131928352273
46257255.827851556,1625.8955301329224
46262721.884940095,1625.881073112613
46268187.95283347,1625.8473452086248
46273653.97902522,1625.9383537383003
46279119.855268404,1626.1363597153365
46284585.61425474,1626.2779898218873
46290051.34031387,1626.4664148929246
46295516.90514155,1626.5458967843786
46300982.52285957,1626.5186409904031
46306448.33010073,1626.5031471408215
46311914.19030597,1626.6615033344553
46317379.965133026,1626.8406735444469
46322845.59528864,1626.9825604755576
46328311.15671676,1627.1496937986017
46333776.63798165,1627.2048667131808
46339242.07666479,1627.228946825367
46344707.73355627,1627.2996533971602
46350173.498782486,1627.2107926685217
46355639.28763576,1627.190422806368
46361105.01393286,1627.2914813117595
46366570.57698674,1627.4609720220742
46372036.04006381,1627.602489091614
46377501.46903984,1627.7552829976444
46382966.73308731,1627.796853544301
46388432.12075733,1627.740056293818
46393897.66247243,1627.7086687409128
46399363.27175197,1627.8519595939795
46404828.74373555,1628.0070319484794
46410294.10175913,1628.1433422566859
46415759.380834974,1628.2687270014699
46421224.60828923,1628.3132520179577
46426689.81064105,1628.3163103193865
46432155.267119974,1628.3825817724676
46437620.77082406,1628.2543407896108
46443086.28025828,1628.2549405159205
46448551.71557109,1628.3665175968977
46454016.97358298,1628.512616683118
46459482.17462377,1628.6719919341883
46464947.28368666,1628.7984989424574
46470412.2516972,1628.805541048066
46475877.39771176,1628.7268287389325
46481342.671996534,1628.7175003297848
46486807.963865,1628.8588625342895
46492273.139784746,1628.9767505453387
46497738.19264526,1629.0930484964676
46503203.1765982,1629.1755709292333
46508668.11396424,1629.2029425009646
46514133.058308296,1629.1882009626097
46519598.26353276,1629.2298754330811
46525063.48409701,1629.0810502544423
46530528.70450243,1629.1000818084428
46535993.82626306,1629.2172438610132
46541458.775541924,1629.3385361015876
46546923.6796271,1629.4849942774729
46552388.457782656,1629.5845615315932
46557853.14698136,1629.5501601397318
46563318.05675147,1629.4585119274934
46568783.04918428,1629.4679837124859
46574248.042965546,1629.6136899282128
46579712.88695893,1629.7237862262093
46585177.63395544,1629.8268947336776
46590642.30370598,1629.8709905355806
46596106.93626923,1629.8711181186109
46601571.64668093,1629.844354081774
46607036.592664726,1629.8305717251092
46612501.56071393,1629.6725812037566
46617966.504998095,1629.6814794191523
46623431.3245802,1629.8035488593614
46628896.00097244,1629.9001568745944
46634360.64455702,1630.012791684639
46639825.16293861,1630.0670599274192
46645289.643483885,1629.9969791854194
46650754.33005415,1629.8858069688474
46656219.09778635,1629.9355532948723
46661683.82813463,1630.0425538473366
46667148.4118114,1630.1560606429446
46672612.89916752,1630.2538889692612
46678077.30481187,1630.2744910755323
46683541.66464576,1630.2615925279279
46689006.155216075,1630.2344579706398
46694470.84544632,1630.1673448569302
46699935.57404106,1630.0227014125412
46705400.23825254,1630.0361430995297
46710864.75005344,1630.1455202902257
46716329.1552403,1630.2242664903567
46721793.52254723,1630.3274594122488
46727257.735207185,1630.3433256694798
46732721.98486273,1630.2468047693087
46738186.43264092,1630.1238566131778
46743650.942283034,1630.199401254553
46749115.37389412,1630.280005525103
46754579.670988485,1630.3459884598574
46760043.901098214,1630.4143607429949
46765508.05202694,1630.3896280271656
46770972.171769395,1630.3515665370417
46776436.48661428,1630.339348597236
46781900.92887241,1630.2143259356887
46787365.37594601,1630.1048475890263
46792829.76299361,1630.1194023290357
46798293.98472139,1630.2169639438175
46803758.118588395,1630.2999651933128
46809222.19387425,1630.382906928233
46814686.10473082,1630.3723746268447
46820150.12014429,1630.2505703373697
46825614.30644055,1630.109518157181
46831078.5468053,1630.1969859368317
46836542.67764163,1630.247407838145
46842006.68148618,1630.3181390264629
46847470.63040058,1630.3634296628602
46852934.4891972,1630.3215191533402
46858398.33431599,1630.2662184840335
46863862.408598654,1630.252726235266
46869326.555716716,1630.0904120473656
46874790.7146361,1629.9988103563262
46880254.790108316,1630.0279537382944
46885718.682662636,1630.087837462973
46891182.530585535,1630.170686384016
46896646.297198765,1630.2119648894654
46902109.91700156,1630.1535185039284
46907573.70302775,1630.0177390781755
46913037.61623017,1629.9301045752293
46918501.54485562,1630.022011434986
46923965.36288508,1630.0667270515985
46929429.05339784,1630.1392254994587
46934892.66216948,1630.149311268075
46940356.203218974,1630.099802084461
46945819.76210293,1630.0135092323249
46951283.56990437,1629.9686493359704
46956747.43095998,1629.749920242347
46962211.294527225,1629.6628460803704
46967675.062007725,1629.6990135638823
46973138.63811021,1629.7428563562282
46978602.1975199,1629.8117719363531
46984065.63547554,1629.8243061634278
46989528.97288961,1629.7242369653027
46994992.515129596,1629.5770127030992
47000456.15545845,1629.4862441620144
47005919.77431141,1629.5796160185484
47011383.268103026,1629.5934252680615
47016846.64990228,1629.6582953788281
47022309.96343708,1629.6327431482132
47027773.209494025,1629.5624470628445
47033236.53026106,1629.4654940417158
47038700.08381676,1629.386757976231
47044163.66378997,1629.169446449192
47049627.213186406,1629.0951739583481
47055090.65552356,1629.1335482783613
47060553.93221731,1629.1612335234954
47066017.17693271,1629.2245969013857
47071480.28997133,1629.2150137589394
47076943.33767546,1629.0794977634346
47082406.592861235,1628.9056756662908
47087869.93006402,1628.835873059298
47093333.25177572,1628.884178875666
47098796.41784325,1628.888460345008
47104259.51452134,1628.9176651447924
47109722.53094235,1628.853746045776
47115185.50052498,1628.7653949281669
47120648.59016009,1628.661946457315
47126111.865267985,1628.541574895289
47131575.18124002,1628.3334813565677
47137038.43109525,1628.2599262953238
47142501.54718757,1628.2874691368206
47147964.53469775,1628.294496884605
47153427.49362354,1628.3401999371224
47158890.28997197,1628.2902374636478
47164353.096413836,1628.125357753517
47169816.11489085,1627.9436999889197
47175279.20839941,1627.872638904437
47180742.2363681,1627.901926147921
47186205.10894834,1627.8912006466712
47191667.93016449,1627.9155348717723
47197130.65883659,1627.818886754059
47202593.34675332,1627.7093255630894
47208056.2228536,1627.6162135072327
47213519.237143084,1627.4145912930178
47218982.27453726,1627.2052043819738
47224445.26513531,1627.1364532487278
47229908.099176615,1627.1696231976475
47235370.82238284,1627.163941955624
47240833.50955433,1627.1863561049884
47246296.0236384,1627.095932834302
47251758.62647835,1626.901269951846
47257221.41882877,1626.7194154650022
47262684.24128028,1626.7111368638941
47268146.98008749,1626.714748982781
47273609.5657669,1626.6973558895886
47279072.10925842,1626.6894245367691
47284534.554306895,1626.5691528081693
47289996.97538033,1626.4440111349397
47295459.61951743,1626.3437489360645
47300922.354829624,1626.1026350430848
47306385.12050854,1625.9189457560565
47311847.80827558,1625.8609271867692
47317310.31512972,1625.8612071127309
47322772.731253944,1625.860533710016
47328235.101324365,1625.8482227237814
47333697.29756162,1625.7201034014122
47339159.648743175,1625.4986469439268
47344622.16750498,1625.3243087622936
47350084.6841358,1625.308279628505
47355547.12008495,1625.2835794957343
47361009.40480223,1625.25579989157
47366471.644652024,1625.1935660603942
47371933.815131664,1625.055447944234
47377395.9977649,1624.8931306287845
47382858.436107054,1624.7773140933966
47388320.93250011,1624.4667864980927
47393783.44605615,1624.3011002615474
47399245.866382,1624.2551707593966
47404708.09966934,1624.2151152483893
47410170.300197266,1624.2125974960052
47415632.41347736,1624.1560376264515
47421094.388853125,1623.9933618874059
47426556.552751824,1623.7565571426328
47432018.847143106,1623.5809110862074
47437481.12097743,1623.5807090821693
47442943.28807461,1623.5268340074217
47448405.33309529,1623.5159298371427
47453867.30603676,1623.4304631669172
47459329.203677826,1623.2822059673833
47464791.15035326,1623.1122231089837
47470253.341967665,1622.9540165927167
47475715.57878669,1622.6383520427971
47481177.82715369,1622.4843752940633
47486639.95587623,1622.4463380447532
47492101.90382495,1622.3804189472562
47497563.82744924,1622.3638644342657
47503025.63945854,1622.28363531203
47508487.36007782,1622.0790984523087
47513949.28865467,1621.8258183204882
47519411.322824895,1621.6702495626407
47524873.32613237,1621.6579124002658
47530335.18602942,1621.5849938558736
47535796.95925672,1621.5241452122007
47541258.66199279,1621.3939508137173
47546720.30817083,1621.2274363353183
47552182.055401154,1621.0487827682039
47557644.01768507,1620.851343130663
47563106.00042786,1620.5498213313376
47568567.94840691,1620.3915396501693
47574029.77570363,1620.3469054856555
47579491.44889425,1620.278353872633
47584953.088270806,1620.2591161049709
47590414.57973015,1620.1458408606638
47595876.0451463,1619.9118225342695
47601337.7265985,1619.6493318055948
47606799.476536036,1619.4952755821835
47612261.18959044,1619.4513993665016
47617722.73839704,1619.3668861168508
47623184.232579134,1619.3099890177764
47628645.644687094,1619.145629379972
47634106.997529864,1618.9597621083244
47639568.50986321,1618.788368055534
47645030.1759445,1618.5331021119734
47650491.86836053,1618.2571159778306
47655953.51410057,1618.0966213317597
47661415.015770964,1618.049163564524
47666876.3915643,1617.9555438931927
47672337.73606716,1617.9134672177247
47677798.91359355,1617.753721253549
47683260.1416288,1617.489204792948
47688721.571610905,1617.2312161619436
47694183.029950194,1617.15010060246
47699644.409137174,1617.0864832299796
47705105.64344758,1616.9901299389078
47710566.81662009,1616.9124101310256
47716027.89257307,1616.7177401669037
47721488.93161679,1616.5131207572972
47726950.18330296,1616.3367150636607
47732411.542167,1616.0113472246735
47737872.93484084,1615.7328197347072
47743334.26304169,1615.580467323578
47748795.41833956,1615.5120279573457
47754256.47737535,1615.4293916861493
47759717.494938314,1615.3526194076276
47765178.33077293,1615.166005272257
47770639.28823292,1614.8682598303662
47776100.43778947,1614.5860786398225
47781561.58792591,1614.5035868823268
47787022.64930381,1614.4066987623974
47792483.552625366,1614.2999663467483
47797944.41845005,1614.1973983428463
47803405.18684723,1613.9771957703138
47808865.9341555,1613.7505447245362
47814326.941292666,1613.5601991923672
47819787.99827833,1613.1915346591793
47825249.095557466,1612.93374427568
47830710.100143805,1612.7947772424682
47836170.91983203,1612.6865806569044
47841631.68917561,1612.612630093257
47847092.380130604,1612.4960876595565
47852552.91055177,1612.2709630638815
47858013.60693392,1611.957111712777
47863474.434538245,1611.695445754537
47868935.27154054,1611.6169765910395
47874396.00519646,1611.4981886542942
47879856.606491305,1611.4040336534533
47885317.13538122,1611.2440187377065
47890777.59042183,1611.0182889543491
47896238.072168194,1610.7627978590908
47901698.80544184,1610.53903201423
47907159.58794522,1610.1256953399945
47912620.38112245,1609.8632130680853
47918081.07471793,1609.7334423245047
47923541.57159789,1609.6026785382674
47929002.05284506,1609.5135442917601
47934462.41420564,1609.3556925038788
47939922.66594231,1609.0865872634117
47945383.12666529,1608.7624059469656
47950843.68666888,1608.4971071234736
47956304.22520161,1608.4214244891793
47961764.636199415,1608.2634831817172
47967224.935168706,1608.1612589683086
47972685.164910495,1607.960163815858
47978145.32561543,1607.7151462122392
47983605.565065466,1607.4460026102038
47989066.046005175,1607.1859983590423
47994526.54774013,1606.7726917289935
47999987.02729691,1606.5143590107534
48005447.39968529,1606.3816854304478
48010907.597388215,1606.2456201669359
48016367.76782023,1606.1457035526664
48021827.800400846,1605.9731116338648
48027287.76074588,1605.6641973793394
48032747.932199925,1605.3058336816111
48038208.18168107,1605.066718615062
48043668.411639795,1604.9554394440584
48049128.4835044,1604.796332465816
48054588.49028646,1604.6508137611017
48060048.406010255,1604.4112255953446
48065508.28265535,1604.14877422946
48070968.27680725,1603.8681151277215
48076428.47306559,1603.5593087201112
48081888.69693618,1603.145910542407
48087348.86238045,1602.8905532812626
48092808.891887285,1602.749037953923
48098268.79615966,1602.589028135061
48103728.67193739,1602.4501992073142
48109188.38838252,1602.2371891654723
48114648.107342444,1601.8951949482923
48120108.04254974,1601.5140180337933
48125568.03356776,1601.285537465622
48131027.98963676,1601.1288768984216
48136487.762874365,1600.9605925629594
48141947.49997795,1600.8004493843998
48147407.13334723,1600.5251807862846
48152866.73435335,1600.2425891032474
48158326.51594488,1599.9735675624956
48163786.444052644,1599.5894983661947
48169246.38541003,1599.1736515737462
48174706.282684036,1598.91935132475
48180166.01913588,1598.785620676883
48185625.64411823,1598.6167857621008
48191085.22096103,1598.4784010950045
48196544.623612106,1598.2262323181426
48202004.095944494,1597.8519901259615
48207463.75017625,1597.4522262976948
48212923.458800584,1597.2765759891959
48218383.07479699,1597.0773529301482
48223842.56523996,1596.8884373327687
48229301.98844782,1596.683752660147
48234761.33414543,1596.3860927594196
48240220.65463452,1596.0712452361304
48245680.19485796,1595.804396902872
48251139.83501634,1595.3583651519102
48256599.47589086,1594.965573073111
48262059.059217535,1594.7174015346325
48267518.46536118,1594.5564182926878
48272977.80338496,1594.3768232828627
48278437.059344865,1594.2003938462092
48283896.149204515,1593.9131592282608
48289355.375573695,1593.5124066749186
48294814.7733864,1593.088254321475
48300274.1948607,1592.9256408950898
48305733.499899134,1592.6936250937615
48311192.69390921,1592.506249803372
48316651.81737694,1592.2690616425843
48322110.86207885,1591.9619916933189
48327569.90178077,1591.6189533545353
48333029.2062624,1591.3331044968888
48338488.56343119,1590.8071165913661
48343947.9281047,1590.4235773671794
48349407.22766044,1590.1910258503922
48354866.336347446,1589.998116096537
48360325.389007986,1589.834166004572
48365784.34615905,1589.6145991325725
48371243.1591284,1589.2784674489951
48376702.162556954,1588.845081387441
48382161.27951667,1588.47478071775
48387620.41893407,1588.293079969037
48393079.420712076,1588.0636966505856
48398538.31303997,1587.8406629503008
48403997.122086324,1587.5632373263359
48409455.883950755,1587.2431250496084
48414914.65984031,1586.873610242897
48420373.70111213,1586.5618451885084
48425832.757627465,1586.0066407836948
48431291.813406765,1585.656363634358
48436750.77672832,1585.4295606751652
48442209.56388771,1585.2055384064856
48447668.29634562,1585.0278356939477
48453126.902691334,1584.7894581117955
48458585.40107463,1584.4048644602801
48464044.13083117,1583.9436665986927
48469502.936527036,1583.603269825183
48474961.74913723,1583.3765217874898
48480420.40685647,1583.137490564658
48485878.9553092,1582.8505801258293
48491337.647752404,1582.1653673879357
48496796.598682955,1581.4306552526625
48502255.93131488,1580.672051750917
48507715.81617159,1579.9044048788323
48513176.01006385,1578.9541612924413
48518636.508360595,1578.203803877128
48524097.188131675,1577.6028798786647
48529557.999628626,1576.9834027122965
48535019.08123582,1576.3849641278136
48540480.33620502,1575.7230690884717
48545941.84015824,1574.9083405564024
48551403.86364194,1574.0358681927607
48556866.29124089,1573.3537322319992
48562328.94855857,1572.7364623636531
48567791.7784158,1572.0999414967805
48573254.815211035,1571.4511222936499
48578718.08468178,1570.732700597949
48584181.5995904,1569.9637990596846
48589645.55736035,1569.2093100862073
48595110.0137609,1568.3482847455064
48600574.778001666,1567.412980709291
48606039.84229109,1566.6603837896305
48611505.055906676,1566.0509978743596
48616970.43820645,1565.4067430534697
48622436.06928477,1564.7786294950236
48627901.862387724,1564.0616473848552
48633367.97907922,1563.2038129114655
48638834.596377574,1562.2983410382242
48644301.58858479,1561.6188709040605
48649768.81399253,1560.942369540885
48655236.22861349,1560.2763299132014
48660703.8663824,1559.5860430777948
48666171.741140224,1558.8025078567805
48671639.880269386,1557.9995530708898
48677108.53637949,1557.2368532517617
48682577.61960457,1556.296517673526
48688047.03334772,1555.3702058308213
48693516.697568566,1554.614911321758
48698986.49590245,1553.9771957731903
48704456.515884854,1553.3119931977537
48709926.77203974,1552.6629691363923
48715397.16449487,1551.8950964091416
48720867.96501594,1550.994876148969
48726339.251326874,1550.0667277623158
48731810.88903632,1549.4013431772885
48737282.72892726,1548.6786135048483
48742754.75862563,1547.9912359914167
48748227.03217895,1547.2674195149964
48753699.525212124,1546.4471381630226
48759172.31178563,1545.6176589315592
48764645.652179554,1544.831217216194
48770119.344091065,1543.8250153436406
48775593.39008815,1542.9306694976656
48781067.65585627,1542.1903366379424
48786542.04240419,1541.4896969923282
48792016.672301196,1540.8310297790613
48797491.540987216,1540.127196765486
48802966.54558648,1539.2955447734291
48808442.02969026,1538.3475079936115
48813917.96081732,1537.4467158037955
48819394.21328009,1536.754836177152
48824870.66735425,1536.0423210303466
48830347.29621359,1535.32512845187
48835824.18750804,1534.5558028519042
48841301.314615674,1533.7057309578142
48846778.77300517,1532.838406241132
48852256.799497515,1531.99602892935
48857735.15692109,1530.9032750609895
48863213.83724153,1530.0375256752855
48868692.728863165,1529.307977041594
48874171.758549005,1528.571894250713
48879651.03408861,1527.8978566347732
48885130.49956239,1527.1519998735846
48890610.16756299,1526.2469855168179
48896090.3762713,1525.2690798090996
48901570.97085766,1524.39141860016
48907051.88480906,1523.6849150574133
48912532.94873391,1522.9122810537815
48918014.25967714,1522.1709148680038
48923495.784622654,1521.3172913280844
48928977.57802189,1520.4454082388745
48934459.77689966,1519.5530517502316
48939942.515919186,1518.624432036325
48945425.57955717,1517.5403499296956
48950908.93142287,1516.6505832105163
48956392.47153771,1515.9100864188329
48961876.15263062,1515.1517347962033
48967360.11525999,1514.4463294101597
48972844.23486616,1513.6394435883853
48978328.64142123,1512.6635574468467
48983813.57182275,1511.6393331904385
48989298.932087116,1510.8128034330107
48994784.488402,1510.052445619783
49000270.23799809,1509.2723337561183
49005756.208521366,1508.480315115225
49011242.404747404,1507.5952049627103
49016728.87813366,1506.6787376078069
49022215.83454823,1505.778368996205
49027703.260319635,1504.7302826776197
49033191.02517255,1503.6488778854343
49038679.049510084,1502.763638140972
49044167.219340496,1502.0177323817877
49049655.59317356,1501.2357685895254
49055144.22288143,1500.4888893247316
49060632.997620866,1499.601461400904
49066122.17062937,1498.56685336007
49071611.851762705,1497.5487303062787
49077101.87140541,1496.7294930157532
49082592.11917189,1495.9303946028328
49088082.539205715,1495.1167965193545
49093573.20172329,1494.3000476585382
49099064.10475159,1493.3666935267868
49104555.2860234,1492.3856151435423
49110047.03723557,1491.4882214011413
49115539.171668425,1490.310936798996
49121031.63839468,1489.2636623282967
49126524.35775057,1488.3921541088782
49132017.20328747,1487.5842526311294
49137510.30325852,1486.809229444027
49143003.63948846,1485.982970197253
49148497.11980188,1485.0234011599996
49153991.08733859,1483.938995798129
49159485.51662095,1482.8869523146518
49164980.27581824,1482.0711560947088
49170475.23061295,1481.235150962763
49175970.376753114,1480.3877600330143
49181465.78942312,1479.4887336924196
49186961.45212961,1478.5126666989595
49192457.441753775,1477.5104843414983
49197954.00922212,1476.5455312713566
49203450.916181065,1475.2923510081614
49208948.127720356,1474.2700995959406
49214445.566276476,1473.4189309558035
49219943.13437579,1472.5633634490923
49225440.9804076,1471.771702641031
49230939.0231058,1470.8753449549274
49236437.28436353,1469.8178436582598
49241936.074779406,1468.6769721444905
49247435.30935659,1467.6983345039384
49252934.668955654,1467.2484215558165
49258433.91173923,1466.786601390551
49263933.069849856,1466.3427062997232
49269432.14371636,1465.7882403756403
49274931.16595637,1465.1990945098019
49280430.30634419,1464.5890392107126
49285929.67069811,1463.912271047011
49291429.05545003,1463.0906747708248
49296928.41133136,1462.4932550965646
49302427.64531942,1462.0463545863988
49307926.73288754,1461.5836608700877
49313425.807367876,1461.1686408754204
49318924.70902169,1460.639471984665
49324423.63695526,1459.9266638560296
49329922.77969517,1459.1707444319645
49335422.02952073,1458.6764565052447
49340921.18191941,1458.1740429775475
49346420.216276556,1457.7051692504665
49351919.189279914,1457.188655373426
49357418.08974635,1456.5769173274286
49362916.95588297,1455.9436659748503
49368416.03783272,1455.3634618907347
49373915.22701782,1454.5405070680945
49379414.47041954,1453.7744185426543
49384913.65174294,1453.1986333480845
49390412.662150756,1452.7430043311915
49395911.5886741,1452.2489421246378
49401410.463436194,1451.7902273357302
49406909.18026749,1451.1645635285818
49412408.03355142,1450.3960392516522
49417907.05535424,1449.645013701038
49423406.15050981,1449.1425815234772
49428905.12854997,1448.5838176372813
49434404.003286384,1448.08973130627
49439902.821218796,1447.5237302352557
49445401.55732255,1446.8597809136959
49450900.31001933,1446.191078145177
49456399.33338586,1445.555425142004
49461898.41823021,1444.6236644644362
49467397.528574504,1443.9035438429844
49472896.54932373,1443.362488789402
49478395.399061695,1442.8431084061015
49483894.18891301,1442.3748726088036
49489392.886064574,1441.8550875468204
49494891.450654574,1441.153118719986
49500390.243632175,1440.3474491368179
49505889.14806961,1439.6241010162455
49511388.0822736,1439.1374747241387
49516886.84711895,1438.576806105298
49522385.52517018,1438.0636797566062
49527884.1408744,1437.429639317282
49533382.69058269,1436.7397265322136
49538881.33225565,1436.0492198447391
49544380.20962752,1435.327650694018
49549879.094591215,1434.3482005089747
49555378.004727736,1433.6423423943456
49560876.79667503,1433.12402131473
49566375.41840216,1432.5673510373008
49571874.025062,1432.0567821882746
49577372.49020083,1431.4662505474105
49582870.9281582,1430.6791065410562
49588369.61340863,1429.8299412534852
49593868.3788864,1429.1558054959637
49599367.1030423,1428.6004632652875
49604865.68136127,1427.9917080884281
49610364.21622679,1427.4281985780917
49615862.67764936,1426.7277429162668
49621361.08155809,1426.0027978459007
49626859.66756823,1425.3163864174344
49632358.41439985,1424.424341811043
49637857.18723631,1423.4763532996055
49643355.94301023,1422.7841229808614
49648854.53943697,1422.2453969446358
49654353.034262285,1421.68587361323
49659851.468459524,1421.1504704699387
49665349.74195811,1420.4747239746475
49670848.10549062,1419.6179083515856
49676346.68497049,1418.7624311456218
49681845.31225558,1418.1294134318664
49687343.8570943,1417.532510920487
49692842.258658476,1416.9335641721564
49698340.601230554,1416.3202105212022
49703838.87470404,1415.582477433906
49709337.12237836,1414.795396279663
49714835.63600339,1414.104402444194
49720334.2175511,1413.0695956762022
49725832.82781464,1412.1992791459797
49731331.38548106,1411.5324151913362
49736829.75680084,1410.9341984498215
49742328.07296021,1410.3827291352036
49747826.31945734,1409.7842068746622
49753324.391756065,1409.0156231441058
49758822.65483199,1408.100687477661
49764321.09608646,1407.22479166065
49769819.55389027,1406.609044418099
49775317.88383336,1405.96649055231
49780816.11503029,1405.3152344967855
49786314.29074416,1404.6097034078616
49791812.419345945,1403.8402789905756
49797310.56899912,1403.0370746887997
49802808.98442299,1402.256991031645
49808307.443002276,1401.1564952934607
49813805.9061934,1400.305751856185
49819304.28079796,1399.6753406802306
49824802.47586489,1399.015639007873
49830300.639865376,1398.4409608795463
49835798.69919848,1397.7741844696968
49841296.65736788,1396.901809184841
49846794.863963485,1395.9274545213918
49852293.19741735,1395.1659489323786
49857791.46673041,1394.5073738558121
49863289.61747833,1393.8455352682524
49868787.68538757,1393.2079855599163
49874285.6640061,1392.4288968068229
49879783.597996324,1391.623159781716
49885281.6599699,1390.7998528537432
49890779.92628631,1389.8747597822137
49896278.219453156,1388.809825858077
49901776.48690231,1387.9887516523427
49907274.63456579,1387.3513188260858
49912772.61811108,1386.679730780664
49918270.57526611,1386.0777700872509
49923768.36261803,1385.3408474000746
49929266.18007501,1384.3876780661656
49934764.22150353,1383.371428079352
49940262.35738811,1382.6730124075611
49945760.41600341,1381.9465462889825
49951258.333283216,1381.2657503392188
49956756.20855194,1380.542635998101
49962253.98962153,1379.7035901652005
49967751.73723549,1378.8429015747997
49973249.705845445,1378.0463089697114
49978747.77004147,1376.9273633275402
49984245.89829815,1375.913970517777
49989743.971052796,1375.1155531617915
49995241.872739784,1374.4501377819656
50000739.69406936,1373.7447777763
50006237.44803832,1373.0746831940503
50011735.04369947,1372.2289949000988
50017232.78074746,1371.2091130844808
50022730.69261008,1370.1864959603706
50028228.67227365,1369.4680658426753
50033726.541453645,1368.6761941661491
50039224.28426203,1367.9643886753397
50044721.98426912,1367.1736995546871
50050219.59557691,1366.2654907067522
50055717.21986621,1365.3593905580938
50061215.124807574,1364.4906911603473
50066713.061212264,1363.267662821249
50072211.03658498,1362.2910781302428
50077708.9245277,1361.5225816354864
50083206.63812493,1360.7921622376498
50088704.291649304,1360.104398741373
50094201.83823755,1359.3682992014374
50099699.25236508,1358.416636821137
50105196.90456236,1357.3574327443255
50110694.683276325,1356.374965045306
50116192.47555252,1355.6761830848825
50121690.09492294,1354.8715019502856
50127187.62536018,1354.1297597155467
50132685.09619945,1353.2561486642896
50138182.497445315,1352.3164911857793
50143679.990229875,1351.3861986053907
50149177.72648464,1350.3863454176103
50154675.461640276,1349.087724642575
50160173.222705916,1348.1257460850925
50165670.866136014,1347.3809384252834
50171168.345500655,1346.5772454022888
50176665.803806774,1345.8492485320637
50182163.11128301,1345.0178633683777
50187660.3902375,1343.962156819766
50193157.930697754,1342.8445864428577
50198655.55722232,1341.9142282293371
50204153.1396675,1341.1015873923743
50209650.57288055,1340.2391918232247
50215147.95456488,1339.4399217281527
50220645.262844145,1338.4770973724899
50226142.51116131,1337.494041564114
50231639.95334477,1336.5580647093198
50237137.53728413,1335.3609704354672
50242635.155713685,1334.087342260591
50248132.75856923,1333.1317830073463
50253630.20539334,1332.3461437283754
50259127.544883475,1331.553310933229
50264624.82759418,1330.7716703147757
50270121.93539684,1329.8477807571292
50275619.138196774,1328.7009120953253
50281116.56933833,1327.5546888342676
50286614.07177996,1326.6520976244854
50292111.47387002,1325.7940814508784
50297608.722187884,1324.9430651603943
50303105.915736385,1324.071994271346
50308603.03486238,1323.0614905212365
50314100.1286301,1322.0027713222628
50319597.495253175,1321.047881814461
50325094.92407597,1319.6539355277084
50330592.38108028,1318.4748963891952
50336089.79145189,1317.5400454967773
50341587.0113454,1316.6892254911868
50347084.17678743,1315.904075757172
50352581.26358162,1315.061508330897
50358078.169214904,1314.0085113543325
50363575.27184262,1312.788278059675
50369072.57421908,1311.6290257890441
50374569.88753678,1310.749415000382
50380067.06342857,1309.8035962714807
50385564.13945704,1308.891645029695
50391061.15928027,1307.9156753370467
50396558.13031401,1306.8578212200302
50402055.12088865,1305.771331072393
50407552.386629395,1304.696388553028
50413049.66543525,1303.2353076751165
50418546.966281354,1302.0658072876636
50424044.183561094,1301.1647585429077
50429541.21259993,1300.2464975668095
50435038.21806576,1299.4135942773353
50440535.10954545,1298.4801229442166
50446031.8905206,1297.302201635263
50451528.916676454,1296.002844286109
50457026.104363136,1294.9486996353028
50462523.23564363,1293.9869423593866
50468020.23175228,1293.0410832085838
50473517.12936229,1292.1237830334642
50479013.9482179,1291.048726743419
50484510.712654665,1289.9355130330043
50490007.61097391,1288.818066098363
50495504.7060167,1287.5530951082294
50501001.83457571,1286.0932634468618
50506498.93701206,1284.9548765946574
50511995.92367899,1284.0407145825548
50517492.752857916,1283.074139740095
50522989.56136667,1282.218383854118
50528486.179187156,1281.1918060255023
50533982.82438129,1279.904323851975
50539479.70656091,1278.5742994255716
50544976.69881852,1277.6016112505263
50550473.592448324,1276.556489622796
50555970.358146645,1275.586575992787
50561467.063438594,1274.5508523870167
50566963.67515908,1273.388390494489
50572460.25908882,1272.2130475863153
50577957.06787723,1271.1012497628722
50583453.966622256,1269.5956933752145
50588950.91031078,1268.2108417140614
50594447.81126915,1267.091338573457
50599944.544112004,1266.1231564726445
50605441.177691475,1265.1352434244548
50610937.75637438,1264.176250980392
50616434.15654213,1263.0154253414048
50621930.70210082,1261.6349262016024
50627427.42272468,1260.2948568006088
50632924.25949741,1259.2542341815465
50638420.93801644,1258.1358724399634
50643917.508670114,1257.1238835643835
50649414.01938918,1255.9898622756386
50654910.43960954,1254.7515483545621
50660406.87866794,1253.5164773768938
50665903.59770344,1252.3023215302173
50671400.32311754,1250.633005144115
50676897.116622254,1249.2725672836657
50682393.82962475,1248.1755271858385
50687890.35597265,1247.1132687562235
50693386.84449839,1246.102717159974
50698883.22397563,1245.0807371890946
50704379.44627043,1243.7743136312547
50709875.91281416,1242.3153733180336
50715372.53104373,1241.0002047527728
50720869.17294691,1239.9609240038792
50726365.62517167,1238.806546800567
50731862.01348611,1237.730137482399
50737358.30497438,1236.4893716272236
50742854.53277284,1235.1995407564978
50748350.860994145,1233.9152655297753
50753847.43752871,1232.4936472439165
50759343.99182033,1230.74258641008
50764840.59861945,1229.395399126189
50770337.093529545,1228.3399901935427
50775833.42135429,1227.199941787624
50781329.71061732,1226.1657414961974
50786825.85484335,1224.9985546646399
50792321.949197344,1223.5518937604386
50797818.30357748,1222.0330876855496
50803314.76836043,1220.7851798239894
50808811.20116657,1219.6087414677343
50814307.45333478,1218.4142362312386
50819803.65876573,1217.2674372829663
50825299.77279285,1215.9032716391637
50830795.83602486,1214.5542966606672
50836292.109094515,1213.2638655618862
50841788.49449137,1211.604481881348
50847284.907858446,1209.8807831469273
50852781.32859116,1208.5289376479595
50858277.59461388,1207.4412240465801
50863773.753471054,1206.295444952856
50869269.84751558,1205.1777343133122
50874765.75828083,1203.9119342180675
50880261.749297164,1202.3445096857185
50885757.96728384,1200.750719063647
50891254.310728975,1199.523890634678
50896750.52313079,1198.2378140861554
50902246.5779927,1196.990783047961
50907742.612939045,1195.742049008305
50913238.53530008,1194.3131851772378
50918734.43013172,1192.871479629641
50924230.613410994,1191.5060829489255
50929726.83099138,1189.5391799707384
50935223.11487978,1187.9037528303882
50940719.35697195,1186.571270928042
50946215.422721975,1185.371607514794
50951711.43529621,1184.215148157362
50957207.345465936,1182.9927191895094
50962703.071053356,1181.568543739985
50968198.9983583,1179.9228148146267
50973695.12129554,1178.3716901286382
50979191.26335849,1177.1505007477103
50984687.27279658,1175.764761543479
50990183.17065659,1174.513172127291
50995678.99986631,1173.1220334000152
51001174.75711227,1171.6143037746997
51006670.556182675,1170.103418477355
51012166.641687475,1168.5731668551305
51017662.69210897,1166.5106240984944
51023158.800462835,1164.8861424526522
51028654.83714554,1163.5800130338766
51034150.689531215,1162.315821435077
51039646.50881483,1161.102428006308
51045142.17919689,1159.7921144651289
51050637.74552823,1158.1691604758512
51056133.55365423,1156.4429370450089
51061629.52373869,1154.9053589322702
51067125.437982455,1153.5941688683909
51072621.23340141,1152.1698112412837
51078116.921359494,1150.8058820146662
51083612.54824951,1149.2831707264543
51089108.10731771,1147.7106460629634
51094603.81018397,1146.174438334336
51100099.69263916,1144.3366843854133
51105595.59289739,1142.2162536314172
51111091.521855205,1140.5800070042078
51116587.32951243,1139.2653099011147
51122083.00327409,1137.8880306755516
51127578.6574818,1136.601966262573
51133074.11402854,1135.1553350309118
51138569.57857116,1133.3771766223322
51144065.298581816,1131.5764591711984
51149561.133066125,1130.049970595173
51155056.89201732,1128.592708423117
51160552.51045902,1127.1002951315081
51166048.04051163,1125.6334493609575
51171543.501706354,1123.9969587567093
51177038.92179694,1122.3216465200692
51182534.58401561,1120.7177985001654
51188030.33466069,1118.5767725969542
51193526.110153064,1116.5378550286014
51199021.87594061,1114.9074863385015
51204517.48729293,1113.5226853395714
51210012.99890039,1112.1496266243162
51215508.45638021,1110.7621920383624
51221003.68915739,1109.1497083066774
51226499.06340008,1107.2231510201364
51231994.66205059,1105.4231536047691
51237490.32118942,1103.9556267157147
51242985.842299536,1102.4217581391213
51248481.217525125,1100.8785133101626
51253976.528679155,1099.2908057235582
51259471.77247232,1097.5517074034237
51264967.00779386,1095.7825324327755
51270462.54026021,1094.0624261598232
51275958.084469,1091.6755293507867
51281453.66827379,1089.656848150867
51286949.208222345,1088.0517850343685
51292444.54449872,1086.5343335481127
51297939.86242208,1085.1056700159247
51303435.05471895,1083.5824863345197
51308930.08569178,1081.7563747061008
51314425.34257705,1079.7173778553013
51319920.77994332,1077.9299760894462
51325416.210075594,1076.3407076407325
51330911.50977247,1074.6542613483102
51336406.69764208,1073.0070402255049
51341901.81263659,1071.2407219099264
51347396.876450576,1069.4127678442921
51352892.01564279,1067.5659071939197
51358387.40837723,1065.5880226562726
51363882.78429954,1063.0491180732124
51369378.208365604,1061.0260484374578
51374873.546384044,1059.4240006795126
51380368.676376864,1057.7786472628286
51385863.80415482,1056.3070261223725
51391358.77072978,1054.6506176139712
51396853.652944654,1052.6063219980883
51402348.79056173,1050.4828378062698
51407844.07829603,1048.651327409819
51413339.32413342,1046.9740715227626
51418834.40893069,1045.2229951837055
51424329.40005609,1043.4566879089593
51429824.29718356,1041.5373505717098
51435319.15583805,1039.5949477432473
51440814.20061108,1037.6776013838066
51446309.4048068,1035.2641863955193
51451804.657872416,1032.7086881645096
51457299.89598611,1030.6926039705902
51462795.00219942,1029.031561681539
51468289.974614814,1027.317246797434
51473784.91090021,1025.7555248089102
51479279.64128167,1023.9112887548631
51484774.425639115,1021.6619293405882
51490269.43100717,1019.4423436526031
51495764.5826537,1017.7261965032669
51501259.58888547,1015.8748204191601
51506754.473136425,1013.995174642436
51512249.28752381,1012.1297727682738
51517744.01738574,1010.0425730298327
51523238.72899759,1007.956004694933
51528733.72317923,1005.9278924999608
51534228.75182971,1003.165379522442
51539723.84640788,1000.6622378539273
51545218.90787332,998.6613977077075
51550713.77937874,996.8881729710492
51556208.55854517,995.1760489422702
51561703.283693746,993.4200673123958
51567197.786783315,991.3295021308603
51572692.47543392,988.8916389825304
51578187.33657517,986.6156978705294
51583682.29946633,984.8132420176794
51589177.06789151,982.794987466295
51594671.76184572,980.8599319573564
51600166.352300294,978.7600729287764
51605660.87372657,976.5798484720856
51611155.42533294,974.3546934989399
51616650.281510696,972.093490594077
51622145.11968731,968.9393933855936
51627640.03984873,966.424173864965
51633134.89525308,964.4541258288878
51638629.535208985,962.472977869533
51644124.15422042,960.6757547087868
51649618.649609946,958.7547076932074
51655112.97917306,956.3977024784922
51660607.56776581,953.7775436019074
51666102.31189678,951.5672519346704
51671597.06553722,949.5126281383516
51677091.64708519,947.376931683662
51682586.15956171,945.2896391365116
51688080.543339044,942.9437135146673
51693574.87898167,940.6240326456987
51699069.3529952,938.3022941573317
51704564.025309175,935.5562664813954
51710058.71779369,932.3826314018492
51715553.444017336,929.8310281913623
51721048.063443884,927.7896970833084
51726542.500542305,925.7514740949384
51732036.90594987,923.8576673712301
51737531.130475804,921.7537252858599
51743025.31391207,919.0963406128969
51748519.73777433,916.3411910245316
51754014.32298245,914.1834246830231
51759508.79999435,911.9719317791378
51765003.12657568,909.7673657185567
51770497.379563436,907.4691713087857
51775991.50988459,904.9376353910677
51781485.6130785,902.435734907614
51786979.95203817,899.9910625974277
51792474.3791277,896.6694159036197
51797968.87437199,893.5340652332148
51803463.3578556,890.9638140112756
51808957.6917632,888.8111119848138
51814451.88853307,886.6016443810149
51819946.04778069,884.5365544041024
51825439.97526703,882.0908838075243
51830934.02400573,879.1601610027233
51836428.27205056,876.2875031343747
51841922.632493876,874.0670176957769
51847416.83799594,871.5362222419484
51852910.9421373,869.1479827466167
51858404.96923188,866.5829435953353
51863898.89747113,863.863124864903
51869392.82326251,861.1615288934918
51874887.053392954,858.4609371343049
51880381.254991174,854.6980150659288
51885875.58910942,851.4682945625177
51891369.862452574,848.8986108238682
51896863.93574256,846.5413020546575
51902357.92784829,844.2080927179031
51907851.83338825,841.9143845593171
51913345.53614316,839.0962626540683
51918839.4674924,835.8765748851212
51924333.56393923,832.9153826593338
51929827.70874676,830.4015641332237
51935321.68430422,827.7452145271432
51940815.568946,825.1547508723932
51946309.34671704,822.2895074246246
51951803.028428495,819.3807407378504
51957296.78902537,816.4767573800448
51962790.83072364,813.2489077133766
51968284.87414566,809.0693100397846
51973779.00024945,805.768015165671
51979273.04532079,803.1562053529015
51984766.879008934,800.4798445430836
51990260.6712852,798.0576675259022
51995754.313408844,795.4944651366918
52001247.82697631,792.2569665316905
52006741.636839285,788.757321908827
52012235.571013294,785.7960410215023
52017729.51395278,782.9869733324161
52023223.24963602,780.1253165359623
52028716.92896976,777.2722122715254
52034210.47029011,774.100166432364
52039703.96435513,770.9452072441941
52045197.636128075,767.8074048408009
52050691.49599291,763.8761965742665
52056185.37205907,759.6282006266647
52061679.29343947,756.1962547486557
52067173.09170481,753.4441626595232
52072666.691418506,750.6002080927094
52078160.25184019,747.9670506978719
52083653.60374321,745.0032190796815
52089146.978285745,741.2931676045677
52094640.59778913,737.4514274830208
52100134.36522387,734.4843356098471
52105628.0064751,731.2707990370022
52111121.48052623,728.188577552034
52116614.917582504,724.9520716684842
52122108.20909029,721.3802368954366
52127601.4696233,717.896120521098
52133095.01672999,714.4645438176553
52138588.61316316,709.694179590601
52144082.32265143,705.2655427539942
52149576.00331573,701.6994876836897
52155069.491127424,698.6255863273686
52160562.870070525,695.4868930095732
52166056.17194081,692.4945802193354
52171549.25468755,688.9719749655292
52177042.50657476,684.7668658094549
52182535.95311797,680.6523318982779
52188029.50788722,677.335559281933
52193522.872416094,673.5972095111566
52199016.13036112,670.2009829224871
52204509.306518435,666.428492168256
52210002.3568559,662.4762638701309
52215495.42549406,658.5742070640727
52220988.81549672,654.5201164429864
52226482.14951948,648.8707688329937
52231975.63923648,644.2440682729766
52237469.073899,640.5102340984454
52242962.27311566,636.8987983519678
52248455.41137631,633.5186721305511
52253948.4417302,630.0889630386391
52259441.26064385,625.8394215094265
52264934.36018492,621.0481956320975
52270427.62918488,616.5799809102007
52275920.93308977,612.8004127858368
52281413.996076345,608.7032981154309
52286907.00128101,604.7566677738864
52292399.87272773,600.3474364637914
52297892.66847316,595.9261328415471
52303385.570146,591.5112522093509
52308878.73291029,586.2608128547497
52314371.892159715,579.92137396626
52319865.14845526,574.8664783740501
52325358.311345436,570.8713258297803
52330851.2709194,566.6585447345325
52336344.16709446,562.8020902367016
52341836.90318551,558.6626161543256
52347329.54135135,553.4274901178097
52352822.477859296,547.8722462821124
52358315.57957547,543.2615382841518
52363808.57066802,538.5653239071246
52369301.376901805,533.9478339064585
52374794.135416865,529.3602558470523
52385779.29631254,518.8875897756427
52391272.086909726,513.7619196903923
52396764.99614393,506.9484975550795
52429721.55417999,474.75016882085447
52440706.75645065,461.52823692276706
52462677.32954303,438.78074758971684
52473662.01646084,425.87052861820416
52578018.28806442,264.0476448504831
60163139.23172167,284.55089893954164
60174075.39687917,295.1210974227306
60267030.5802293,388.06929872860246
60277966.2457642,396.37206015538413
60299837.383098766,416.4211867714842
60310772.99098488,423.844168922548
60321708.18614589,433.8625806405763
60403719.72548977,491.23966981814465
60414654.16824342,499.4148345285412
60420121.27321335,503.67240662278755
60425588.612957664,506.11496392154095
60431055.6063183,508.72439355322103
60441989.610928096,514.6101013259538
60447456.80296905,517.5246428143743
60452924.00146754,520.6649534499898
60458391.212664865,523.8988555343335
60463858.33291468,527.9741944968773
60469325.366127566,532.1842895211821
60474792.394259684,534.7461340269356
60480259.58848754,537.2459390408358
60485726.58221495,540.5343650253437
60491193.474114046,544.1846960018937
60496660.379098095,547.7825284560956
60502127.21923062,551.426246634234
60507594.00850105,555.0408151074148
60513061.00515075,557.0364447981259
60518527.62864032,559.4015871808683
60523994.24764308,562.2837613776715
60529461.03572641,564.5001932211253
60534927.91626222,567.2140332391239
60540394.81376889,569.8344869486018
60545861.7009034,572.685115345437
60551328.499595255,576.496635654566
60556795.20529265,579.9278827725896
60562261.94862608,582.2088010141547
60567728.83811236,584.4626485991464
60573195.507408425,587.6150075000987
60578662.12153101,590.7818714328491
60584128.714112364,594.0334127906622
60589595.231114455,597.3350549682627
60595061.76929594,600.2050978467746
60600528.43902618,601.9333636208225
60605994.734128445,604.0462628990346
60611461.08108134,606.4815604204557
60616927.59526066,608.4228926152922
60622394.1636423,610.9350852779053
60627860.76375,613.2147443641207
60633327.33143501,615.8823153520034
60638793.80809759,619.4391826636971
60644260.20079885,622.2337537386943
60649726.66466548,624.2621864210067
60655193.167433776,626.4592832644944
60660659.4571389,629.434066551002
60666125.715558596,632.2408686085159
60671591.93426009,635.1463877921201
60677058.09165318,638.2281630308048
60682524.34174449,640.4374378024299
60687990.576431155,642.0617755039375
60693456.5216052,644.0399162764835
60698922.543414064,646.1557589752538
60704388.75123404,647.9648202232074
60709855.0036042,650.278354698371
60715321.25645231,652.4102971793852
60720787.47006478,654.982030666717
60726253.59293564,658.2737882506951
60731719.65549542,660.5340738608604
60737185.83184293,662.3257745476708
60742651.985882625,664.3856770543899
60748117.939827256,667.2181539547544
60753583.876764975,669.6993716352523
60759049.75597636,672.364268887135
60764515.55316478,675.2037772404979
60769981.51877789,676.9626837653661
60775447.294821404,678.5895196394516
60780912.903267436,680.4324727743849
60786378.600296766,682.2383779262749
60791844.46881346,683.9838213458631
60797310.3889182,686.0751025071853
60802776.29047712,688.0276584212322
60808242.13673641,690.5436779829295
60813707.88803514,693.5128027281226
60819173.62138137,695.3890498259825
60824639.466008924,697.0681188104563
60830105.25871703,699.0268262650112
60835570.87005803,701.6502114861
60841036.47454939,703.9367620646676
60846502.00998934,706.377378509475
60851967.46899895,708.9778026676879
60857433.14384428,710.2811038599252
60862898.50599325,711.9148964310224
60868363.78776909,713.6638222709862
60873829.17708989,715.1854925282476
60879294.69272468,716.8664583566613
60884760.272373825,718.7688532554937
60890225.8137701,720.5577147928344
60895691.29401474,723.0713966709272
60901156.68151639,725.6695406359282
60906622.048839204,727.2198823120318
60912087.55619656,728.7277936208244
60917552.91935447,730.7331669607158
60923018.192373134,733.1008567846112
60928483.451369144,735.244587323717
60933948.65570758,737.4796378890384
60939413.82714593,739.7587511662473
60944879.180258356,740.7782319761222
60950344.17864098,742.2202030798235
60955809.17344375,743.8829158349437
60961274.31303025,745.2031215441257
60966739.53285676,746.8341310069595
60972204.81816282,748.5753466972474
60977670.05676414,750.2744733913083
60983135.22049594,752.720946603622
60988600.3035178,754.9452506241728
60994065.44040626,756.3647247106596
60999530.663818985,757.8724696647164
61004995.69499065,759.795292523751
61010460.64337566,761.9234326153941
61015925.55570062,763.9482511218953
61021390.40250963,766.0253194107687
61026855.260134384,767.9526056364709
61032320.23307621,768.8817013867708
61037784.83659851,770.3288150249301
61043249.49371974,771.8390411995324
61048714.32378507,773.0277504740878
61054179.18835123,774.654861648703
61059644.10736726,776.2661078566625
61065108.97957064,777.9445932751532
61070573.767872915,780.311834961534
61076038.491962835,782.1785250262444
61081503.32880721,783.4632336729522
61086968.17749399,784.9757056184972
61092432.833829224,786.8449344037385
61097897.46017954,788.7436917411062
61103362.012515835,790.6488818115545
61108826.496286914,792.665304751416
61114291.05043511,794.236790164643
61119755.594758905,795.0859671557646
61125219.83340323,796.5083846393204
61130684.1556829,797.9127051293467
61136148.65060581,799.0531163959085
61141613.170546085,800.500150985295
61147077.73990289,801.9795077799594
61152542.24862331,803.6158309688349
61158006.66162785,805.8846729892338
61163471.00579186,807.4280507199987
61168935.540297195,808.557470555991
61174400.025410384,809.9743900536391
61179864.32900635,811.8163790230778
61185328.63237153,813.5742319886529
61190792.85834042,815.3479840518944
61196257.01614651,817.2664867202501
61201721.3437343,818.4416921635889
61207185.499769256,819.2996062978418
61212649.45811195,820.5156533789984
61218113.5073489,821.7582022523892
61223577.71918806,822.876445052028
61229041.943402715,824.1570414471523
61234506.20180845,825.5248346861913
61239970.3926681,827.1731043837015
61245434.49161018,829.2676724853416
61250898.53884344,830.5582913210505
61256362.76429359,831.7152964569257
61261826.88600453,833.0970308235235
61267290.84793185,834.8342852356445
61272754.80103357,836.4539202281519
61278218.68944106,838.1139225438064
61283682.49343801,839.8948179449327
61289146.5039703,840.7763000133941
61294610.233309396,841.6264546319242
61300073.85245537,842.8619372226985
61305537.59093078,843.9096011452747
61311001.47492871,845.051699421962
61316465.37381199,846.2909894820052
61321929.27581055,847.592090327244
61327393.10787559,849.2884797063159
61332856.849163495,851.1339924014504
61338320.573102236,852.2392164919113
61343784.47519036,853.2752598283698
61349248.221835054,854.6635231269724
61354711.824611925,856.2571382731223
61360175.439551115,857.7544122501315
61365638.97924101,859.3153800159157
61371102.46457779,860.9510080798486
61376566.13491086,861.6745805960783
61382029.44390713,862.5206289124035
61387492.73718533,863.7440890059206
61392956.18126967,864.6181885494075
61398419.72280727,865.7517749011638
61403883.2920321,866.8877630882071
61409346.84936879,868.1252669625292
61414810.32805108,869.8523857166804
61420273.72305109,871.4465083873246
61425737.1458387,872.4158092843372
61431200.7449381,873.3507350551951
61436664.14782726,874.7467106452164
61442127.453219,876.1992914101659
61447590.73642847,877.6529920523385
61453053.936311446,879.1523059811016
61458517.12683702,880.5381453970631
61463980.45308437,881.1548531638115
61469443.391538285,881.9836882584814
61474906.38823251,883.1138441984131
61480369.534663714,883.9046102002031
61485832.742005266,885.0356111066042
61491295.975531876,886.0740098361055
61496759.19072331,887.2488499705739
61502222.32336546,888.9508452949121
61507685.38110747,890.323418421166
61513148.51401912,891.2137177785811
61518611.72589933,892.2645542630357
61524074.75007162,893.6604416089456
61529537.722563416,895.0092785068239
61535000.66185445,896.3990050677611
61540463.53148264,897.8225270825551
61545926.445379086,898.9225626762968
61551389.39747192,899.4122265906822
61556852.017577484,900.224328764181
61562314.72130274,901.2049360896272
61567777.59118664,901.9565439350132
61573240.50516841,902.9947039675815
61578703.42876188,904.0085898343477
61584166.3294961,905.1973481291798
61589629.12671661,906.8457420238318
61595091.86345925,907.9475836395363
61600554.73789352,908.8224955733976
61606017.61282491,909.7433005092321
61611480.31038136,911.1310867575652
61616942.97719477,912.3489795592182
61622405.585806906,913.6516636182761
61627868.123858474,915.0352998726194
61633330.76299829,915.9114004215207
61638793.309859514,916.4331244810704
61644255.60402209,917.2387610656677
61649717.987862684,918.1108151510532
61655180.53725616,918.8438592027849
61660643.11480338,919.7786431947272
61666105.70385002,920.7193228035526
61671568.24555989,921.9315256930556
61677030.68287112,923.5039538320193
61682493.072160386,924.3553602441091
61687955.63292036,925.194818939317
61693418.10521579,926.0306506418406
61698880.44312082,927.3070968610846
61704342.76702899,928.4585592667719
61709805.04888303,929.6560154488423
61715267.25074104,930.9961025824002
61720729.629872255,931.6012287294427
61726191.79192547,932.1158584009899
61731653.78558189,932.9327379701483
61737115.891381,933.6724295089818
61742578.14738426,934.445724084615
61748040.42113081,935.2797680758019
61753502.68318989,936.178196999258
61758964.91312763,937.4035791074737
61764427.047842965,938.8167416489373
61769889.153170526,939.5347124151677
61775351.46896318,940.3384603132808
61780813.60288989,941.2706794079172
61786275.63154552,942.4676930028468
61791737.632460155,943.5837526495502
61797199.57545407,944.7119624136551
61802661.45636734,945.9469511195044
61808123.51568347,946.3930258776003
61813585.238448545,946.9138189116093
61819046.921619415,947.7304517234933
61824508.73365587,948.31073665557
61829970.66380955,949.1125516738902
61835432.61644177,949.8938029612052
61840894.53743119,950.7890335271916
61846356.40890941,952.0424291587431
61851818.19577243,953.270549404192
61857279.99613812,953.936710495545
61862741.981905095,954.6415205186967
61868203.77057015,955.5931727224668
61873665.454997845,956.693352793539
61879127.12414945,957.7453228993832
61884588.717342846,958.8412647897491
61890050.2797782,959.915735320345
61895511.999093555,960.2807141579433
61900973.3361694,960.810008491108
61906434.70004443,961.611780665511
61911896.197500065,962.1267033969675
61917357.77883786,962.8982719145183
61922819.38576717,963.5800437859816
61928280.97678651,964.4313977436481
61933742.490355134,965.7028955529931
61939203.921458125,966.7358945156155
61944665.41541974,967.3406668774251
61950127.043737,967.9200338218108
61955588.48281908,968.9055974365494
61961049.86297559,969.9222919027304
61966511.20275076,970.9350485404105
61971972.472757146,971.9803074221466
61977433.76028916,972.864062068942
61982895.124063745,973.0751907960623
61988356.14263038,973.580051981485
61993817.23021178,974.2657738092137
61999278.475429095,974.7417516557701
62004739.76876364,975.4598371908933
62010201.07119882,976.109447125998
62015662.362947315,976.9231053332571
62021123.562552474,978.1682970094479
62026584.698745795,979.0130618677374
62032045.949671626,979.5982617439507
62037507.24416606,980.2375530518959
62042968.347338006,981.2525775957812
62048429.4170373,982.185412756113
62053890.42474974,983.1499016506212
62059351.36290052,984.1619638327288
62064812.374129966,984.846771601084
62070273.35042203,985.0920109064223
62075734.036563605,985.6255572690145
62081194.802233435,986.2476998602838
62086655.73160993,986.7063636591536
62092116.691796266,987.3546874648682
62097577.6606637,988.0430527567793
62103038.593733974,988.8810894419162
62108499.41674493,990.096438033253
62113960.188939124,990.7454489786787
62119421.131948665,991.2920474090944
62124882.03680815,991.9068100258795
62130342.77783493,992.8487572555448
62135803.51440257,993.73295651792
62141264.1820275,994.6129000200674
62146724.78180369,995.6117815012168
62152185.54073362,996.0554051513557
62157646.12614814,996.3078078225324
62163106.508632824,996.8656374851228
62168566.98535694,997.3839031741321
62174027.61253963,997.8380024066876
62179488.254227005,998.3918586009437
62184948.913364135,999.0157930046882
62190409.51072566,999.8694206784014
62195870.00922036,1000.9869532248747
62201330.467772596,1001.5092715080572
62206791.13759615,1001.9734028631019
62212251.67687664,1002.6368618022744
62217712.07678667,1003.5389665731695
62223172.478865996,1004.3757765342009
62228632.80590689,1005.1959211918215
62234093.0578062,1006.1432076653925
62239553.499083355,1006.4233328215805
62245013.66523211,1006.643297392407
62250473.734342866,1007.2191719956481
62255933.90995545,1007.6100118969899
62261394.21332788,1008.0924365888827
62266854.518553436,1008.6559652067217
62272314.836296044,1009.2699414864788
62277775.08174064,1010.1813664416712
62283235.23166365,1011.1605863621977
62288695.394215,1011.621370055612
62294155.72362811,1012.000384364486
62299615.92336741,1012.5984396077065
62305075.98668813,1013.4520230222597
62310536.052142,1014.1984449577285
62315996.047431946,1014.9766379726268
62321456.002525486,1015.8392399698348
62326916.13778674,1016.0180291766367
62332375.896840364,1016.3235999463509
62337835.67221815,1016.8901582323389
62343295.55035491,1017.1853791140161
62348755.521776326,1017.6531429337194
62354215.52715247,1018.1637606640309
62359675.50856267,1018.7250436493634
62365135.40194946,1019.6784642951764
62370595.20943171,1020.5028006540281
62376055.08027869,1020.8739505233382
62381515.06301968,1021.2560235900012
62386974.89959465,1021.8936197855537
62392434.64091643,1022.716677554356
62397894.35348939,1023.4311036893391
62403353.99121111,1024.1863737924416
62408813.61742958,1024.9165373005385
62414273.38966277,1024.9601339780484
62419732.77513078,1025.2941613651424
62425192.2354709,1025.7357449583806
62430651.81984398,1025.9761054856554
62436111.44662346,1026.4489150326767
62441571.1324308,1026.9501694608202
62447030.76345098,1027.4879002792582
62452490.31500477,1028.460652105291
62457949.801215835,1029.13682844282
62463409.39757082,1029.4094194865427
62468869.09089107,1029.8169574821839
62474328.53936281,1030.4549953214846
62479787.965385735,1031.171139246201
62485247.31621024,1031.844336625596
62490706.610894285,1032.5861313765386
62496165.94579742,1033.1716959706819
62501625.296106815,1033.185405427308
62507084.35468879,1033.5742042565334
62512543.461982526,1033.969788144296
62518002.73291204,1034.174584049341
62523462.02801042,1034.637379504141
62528921.37548986,1035.0938533142737
62534380.64574414,1035.6452925359129
62539839.8314613,1036.6104295826399
62545298.9642186,1037.1282116219904
62550758.235176,1037.2958243980256
62556217.568969406,1037.7009892506217
62561676.66557315,1038.3656808895835
62567135.77364429,1039.0209137873198
62572594.7865131,1039.6632066987295
62578053.72976576,1040.3968080320892
62583512.7897612,1040.7929500524065
62588971.733141094,1040.8144717348773
62594430.50511219,1041.1000422149402
62599889.30727561,1041.4004778451508
62605348.27210822,1041.6199112041868
62610807.25757326,1042.0620887914124
62616266.26276325,1042.4324277264989
62621725.21278892,1043.0364484721217
62627184.07327528,1043.9137773358254
62632642.91114846,1044.2979832058995
62638101.925882995,1044.5806352546954
62643560.87690614,1044.9582806571511
62649019.635033116,1045.6395779817221
62654478.3750785,1046.2084968914348
62659937.03780765,1046.815218626162
62665395.6250003,1047.5452827875115
62670854.36703194,1047.7132050235039
62676312.8987759,1047.809334802473
62681771.29422396,1048.0959548235767
62687229.77392865,1048.3096227825652
62692688.402997375,1048.557221185197
62698147.05912233,1048.9632214978021
62703605.69630532,1049.304551155508
62709064.286374584,1049.9621578154292
62714522.774299555,1050.7520522636598
62719981.27202525,1050.9560861711266
62725439.96382512,1051.214122367156
62730898.53743391,1051.540724203335
62736356.98255379,1052.2283506896752
62741815.395535104,1052.7473000682355
62747273.73549899,1053.3084512173868
62752732.00874956,1054.0129531963132
62758190.45374819,1054.0284483925466
62763648.63964776,1054.1394813517743
62769106.72657387,1054.3734515481863
62774564.91713981,1054.5169232764026
62780023.22714835,1054.798965322947
62785481.57106303,1055.0843001497635
62790939.88132441,1055.449286255776
62796398.142082594,1056.1088135761988
62801856.308534935,1056.7755767307808
62807314.521077625,1056.9817399804263
62812772.905530564,1057.2523308751743
62818231.10341311,1057.6110979186196
62823689.19587286,1058.2273454963884
62829147.24255431,1058.7515659699732
62834605.22228262,1059.2878575457216
62840063.152402334,1059.8647252116032
62845521.24573347,1059.7906830739098
62850979.00368545,1059.8687547443337
62856436.75580842,1060.1023241570865
62861894.652017474,1060.181317892112
62867352.626623064,1060.4815252423289
62872810.62278851,1060.7216569985044
62878268.59308049,1061.0972181852087
62883726.48387938,1061.7928251452977
62889184.29113245,1062.3211705743552
62894642.17952711,1062.432951493608
62900100.2248086,1062.597850881459
62905558.067187585,1063.018533143817
62911015.84348016,1063.5334447209473
62916473.573357664,1064.029640484257
62921931.230167076,1064.5590170057922
62927388.874911055,1065.0168637961715
62932846.651627444,1064.9181460198104
62938304.06243081,1064.9499708639905
62943761.5184965,1065.1887245796315
62949219.12020662,1065.2319942552813
62954676.76889226,1065.476936931595
62960134.44202355,1065.7255424438115
62965592.081683196,1066.0465310071368
62971049.631977975,1066.7397812680185
62976507.126515314,1067.1456748774262
62981964.7424567,1067.2741070447819
62987422.4369409,1067.4231148823856
62992879.91198548,1067.8851918161167
62998337.32868921,1068.3813117174063
63003794.692103475,1068.8429592463772
63009251.97499284,1069.3350543140916
63014709.30843219,1069.6449379413525
63020166.661895074,1069.4758504924323
63025623.71158951,1069.5282747216247
63031080.85307752,1069.6969436822494
63036538.15159546,1069.714355862948
63041995.45264639,1069.930029482146
63047452.79879396,1070.1931052732955
63052910.08888785,1070.5313585616796
63058367.27158379,1071.2311871763206
63063824.416711256,1071.4854560555696
63069281.74222943,1071.5016626229035
63074739.07469668,1071.6523261222724
63080196.21044607,1072.0830703006518
63085653.33201685,1072.5324162318052
63091110.368843816,1072.9474409123795
63096567.32426304,1073.442460812666
63102024.4060946,1073.6278513478908
63107481.37181958,1073.4333793636142
63112938.12291956,1073.5317021108544
63118394.94915201,1073.6118747980627
63123851.92909542,1073.633094077849
63129308.91229808,1073.8374456306547
63134765.92182853,1074.0057312706172
63140222.87228923,1074.3753870191629
63145679.72533942,1075.0001364761927
63151136.56426651,1075.1679766026268
63156593.540737584,1075.0297936411048
63162050.75850552,1074.43523668211
63167508.069061324,1074.113509005261
63172965.69112803,1073.7117265070322
63178423.51389135,1073.3052968262145
63183881.567011826,1073.020049864188
63189340.09194889,1072.2146830328604
63194798.698196925,1071.2667216596442
63200257.50625816,1070.5564233042514
63205716.694217354,1069.7640920559845
63211176.32471632,1069.0243014427192
63216636.27517981,1068.4472469615373
63222096.52533236,1067.8198065647011
63227557.016220525,1067.4855165994452
63233017.70584606,1067.2596305978677
63238478.734212756,1066.5063922796603
63243940.24826523,1065.7322259122493
63249401.96821563,1065.113686729239
63254863.83168235,1064.797621388077
63260325.997604884,1064.334147350518
63265788.377263464,1063.8957165835923
63271251.00277878,1063.6040318914602
63276714.12160057,1062.654390329248
63282177.232377656,1061.7597184512772
63287640.619657,1061.0089433324995
63293104.39884709,1060.1628356860292
63298568.58541932,1059.4465513959099
63304033.11829432,1058.756995162748
63309497.92367922,1058.1016505764185
63314962.974421114,1057.798274564615
63320428.22902412,1057.4670433062115
63325893.85779484,1056.6560638503202
63331359.93594853,1055.8732666084436
63336826.16848725,1055.2361257901534
63342292.60714233,1054.8924002343967
63347759.322827175,1054.4098105103687
63353226.2825322,1053.9559517517853
63358693.527170755,1053.5520345077084
63364161.25686668,1052.4718027510082
63369628.952520125,1051.601787758155
63375096.97367129,1050.8196560301421
63380565.41262714,1049.9122928669092
63386034.21129518,1049.2115457864122
63391503.3697015,1048.55100875465
63396972.78600998,1047.9081650825624
63402442.41972393,1047.6518174292528
63407912.28718393,1047.1860451653956
63413382.59730014,1046.363457423165
63418853.27133884,1045.581866064198
63424324.079338126,1045.0312275912427
63429795.11922803,1044.5847350415413
63435266.4144607,1044.0927504658914
63440737.946021624,1043.6421793275344
63446209.81066958,1043.112669781531
63451682.0478229,1042.006007863461
63457154.287797585,1041.1193901895272
63462626.90239282,1040.354938671491
63468099.98255825,1039.4317626147272
63473573.386785336,1038.6960018493858
63479047.11743545,1037.9662173512083
63484521.13870656,1037.3659487627947
63489995.35360741,1037.1099110338
63495469.83663719,1036.4771602373726
63500944.76682666,1035.6466548757776
63506420.059035584,1034.8233822525997
63511895.449422576,1034.3733190616622
63517371.10058706,1033.8540463402592
63522847.00234891,1033.3533928109198
63528323.145015255,1032.9150518861215
63533799.7039,1032.1509757320464
63539276.5104689,1031.0913193745328
63544753.40803492,1030.1116877898435
63550230.67495015,1029.2535831342993
63555708.42024647,1028.3350249836558
63561186.48860978,1027.6340899936292
63566664.87466011,1026.8774532685063
63572143.517257266,1026.348811505459
63577622.35535537,1026.0676290991241
63583101.50706048,1025.2909834290447
63588581.17115305,1024.4087755623295
63594061.072564125,1023.6477343321214
63599541.07062799,1023.1733471168066
63605021.39048472,1022.6403589847769
63610501.91421585,1022.0860012815733
63615982.68504186,1021.652063956735
63621463.95206467,1020.6948342511257
63626945.31663208,1019.5314645762948
63632426.90076632,1018.6686990956969
63637908.879572086,1017.7100645017435
63643391.299968384,1016.8231035879826
63648874.02002928,1016.0493202286398
63654357.05982046,1015.3380868387676
63659840.34335295,1014.8618026728881
63665323.82611695,1014.4884290612217
63670807.65216953,1013.5627767928005
63676292.01696686,1012.7169777283298
63681776.508325145,1011.9223782264885
63687261.20284323,1011.4399047622225
63692746.163393706,1010.8522568503536
63698231.368933484,1010.2965709086305
63703716.83619063,1009.8051260191196
63709202.805668004,1008.6519821307829
63714688.781560846,1007.6258575786903
63720175.069669165,1006.7081292567361
63725661.7721369,1005.6590477008394
63731148.86143372,1004.7757123479992
63736636.307226434,1003.9803116881981
63742124.03816327,1003.2180861641751
63747611.974781595,1002.8400896575267
63753100.13825535,1002.3060732957883
63758588.73783748,1001.3463543962052
63764077.75833081,1000.3933511913766
63769566.91589754,999.7042861871387
63775056.29371213,999.1186526438589
63780545.9356871,998.524963224254
63786035.82420332,997.9760164093094
63791526.03746627,997.3457207929831
63797016.66611259,996.1122368041337
63802507.31763702,995.041796278334
63807998.30997128,994.135447757664
63813489.76367274,993.0459168846025
63818981.57541144,992.2139133881835
63824473.74256266,991.4019064436752
63829966.1370507,990.6548224793514
63835458.74316367,990.3240512604119
63840951.62895435,989.6040065153393
63846445.00469301,988.623623067781
63851938.71788737,987.7040007149108
63857432.53593156,987.0932775554262
63862926.620190725,986.4755461835741
63868420.94310985,985.8594754375133
63873915.51395737,985.3006204842536
63879410.51203177,984.4234403763431
63884905.772077456,983.2253372936884
63890401.139185995,982.0975815338608
63895896.886816725,981.0791005039318
63901393.11464609,980.0129867970492
63906889.65793976,979.1820251791942
63912386.53548018,978.3054612304397
63917883.66125025,977.6521854638179
63923380.99256319,977.2700871640361
63928878.64329763,976.3749873560973
63934376.82248129,975.3371749490459
63939875.217082866,974.4054754424726
63945373.76950369,973.7776478736234
63950872.6256664,973.0854390210736
63956371.73305219,972.4146110130191
63961871.099996984,971.8896373396764
63967370.95961902,970.7711324350007
63972870.92797784,969.570177735715
63978371.115646295,968.5310659401302
63983871.715116344,967.4022292359087
63989372.74842024,966.3755021050206
63994874.10535609,965.5151348216865
64000375.81719462,965.1993610485072
64005877.37510383,965.4846294873464
64011378.83219157,965.797855043897
64016880.39221059,965.6042808759887
64022382.125846155,965.3857683050574
64027883.68897956,965.3345212547993
64033385.1508815,965.5547829263337
64038886.556190945,965.6756227274345
64044387.90599926,965.8386784931554
64049889.24920623,966.0275992606239
64055390.78308074,965.5155910228813
64060891.99669481,965.1946343153265
64066393.254463814,964.9627423459333
64071894.643906,964.6031885407051
64077396.08030415,964.4713591558939
64082897.54319141,964.3468002109421
64088399.002622455,964.3459076620684
64093900.35192342,964.7268666875366
64099401.64170819,964.8363519901842
64104903.06505802,964.5130147863767
64110404.62974667,964.2806184900221
64115905.96016876,964.3428880192987
64121407.255446866,964.4571275178062
64126908.49157816,964.5554771560992
64132409.68970367,964.7178039346452
64137910.961490974,964.727959645154
64143412.265423015,964.1867787983331
64148913.30112528,963.8125713129665
64154414.443201505,963.5558140697567
64159915.75264898,963.1960702333954
64165417.06920144,963.0616152959406
64170918.40132477,962.9539290859184
64176419.691783324,963.0246252926149
64181920.86198158,963.410510163128
64187422.03777389,963.320542097495
64192923.381713144,962.9635051988022
64198424.73573021,962.8014079429009
64203925.864063196,962.9004491264818
64209427.01444526,962.9914867175125
64214928.06390602,963.0634033360795
64220429.06806112,963.2578609907496
64225930.26027115,962.9653933117545
64231431.31043305,962.4421037032913
64236932.2017595,962.116963829309
64242433.19905057,961.7564376732962
64247934.3482072,961.4650867824419
64253435.50681593,961.3585256138828
64258936.64837777,961.2127207333474
64264437.72880973,961.3834099881105
64269938.69474252,961.6654019084363
64275439.74184892,961.3925931744046
64280940.98400363,961.0238123268086
64286442.08425601,960.9216305254314
64291943.03589443,961.0056650570535
64297443.98129117,961.0374126235314
64302944.85808037,961.0977917309532
64308445.69579547,961.2321833991139
64313946.74786676,960.7400817781627
64319447.493427485,960.2660752962167
64324948.24629661,959.8842744211858
64330449.137626626,959.4155542845554
64335950.100164056,959.1528262717615
64341451.11474717,958.984666655685
64346952.10597463,958.8441972009322
64352452.98421295,959.1081689295452
64357953.78156759,959.1902261145266
64363454.73563797,958.8235127479848
64368955.797251046,958.4738910134977
64374456.664325565,958.4006489845656
64379957.46372815,958.4259606469193
64385458.207121596,958.4453675272971
64390958.904772356,958.52474259197
64396459.64384329,958.5126759438674
64401960.48217905,957.8997726272551
64407461.05574237,957.4383439896558
64412961.666097894,957.096732203071
64418462.4455317,956.5937951772306
64423963.23471352,956.3577519403145
64429464.06579436,956.1930515395104
64434964.864590734,956.1117293736775
64440465.53177367,956.3965425347416
64445966.18352248,956.2524302664428
64451467.00383641,955.8888111401449
64456967.870993264,955.534989524795
64462468.52036706,955.5644750778806
64467969.15142178,955.526325613228
64473469.71194142,955.521170477928
64478970.223060474,955.6153376162838
64484470.898458876,955.3518150388476
64489971.47871528,954.6740373924538
64495471.88874618,954.2462023522347
64500972.392162725,953.7980148036326
64506473.052889176,953.3532571300757
64511973.69240972,953.0796348792525
64517474.36630815,952.8675603706222
64522974.98968176,952.8994811881295
64528475.46432323,953.1326156377174
64533975.998691626,952.768866852095
64539476.749849275,952.3676185399436
64544977.40671685,952.090706266225
64550477.87216867,952.1339478840221
64555978.33583584,952.0769490862086
64561478.706076615,952.0410855974669
64566979.04685563,952.1283122650085
64572479.612044185,951.6263463966679
64577979.90985753,950.930497152291
64583480.17651162,950.4931471822956
64588980.58040803,949.9528794027345
64594481.08711472,949.6173800279648
64599981.5958002,949.3242943958469
64605482.08802438,949.1196509420785
64610982.50289692,949.24567801335
64616482.80935901,949.3215017159936
64621983.245653994,948.8389387125203
64627483.82877291,948.4273197024336
64632984.25216469,948.1634368229231
64638484.57469417,948.1547884042783
64643984.88341969,948.0716808061084
64649485.134637296,948.0330414034364
64654985.38615168,948.0128643304583
64660485.83100186,947.3504454042043
64665985.946308285,946.7114347621027
64671486.11733827,946.2699527311634
64676986.443098165,945.6709985797124
64682486.80173738,945.3959170020846
64687987.207605876,945.1211460966846
64693487.54633013,944.9237573406991
64698987.76887367,945.1482138367885
64704487.950816244,945.0069999192717
64709988.31517416,944.442186508745
64715488.76416878,944.0060348350701
64720988.98571278,943.8721509416015
64726489.15366305,943.8187289775296
64731989.26387318,943.7595048720316
64737489.31616567,943.7293501172187
64742989.48148009,943.4475347909125
64748489.66128329,942.7302969294076
64753989.617780946,942.0576156743642
64759489.64230315,941.5401742306826
64764989.84105687,940.9616275341116
64770490.018693015,940.6628039451834
64775990.255584285,940.3570997516852
64781490.41664842,940.2200363446054
64786990.431755275,940.4288641241749
64792490.46605443,940.0587877961358
64797990.74735453,939.492680820214
64803490.95330976,939.0923375326043
64808990.967909336,938.9986471287227
64814490.985171854,938.884862058357
64819990.94034849,938.7718089233731
64825490.84471084,938.7947369695215
64830990.938056216,938.2706557648598
64836490.83513681,937.5321574048459
64841990.667571105,936.9385722870779
64847490.60222409,936.2880283077302
64852990.65895265,935.7808715413662
64858490.70690996,935.4586125101814
64863990.78137725,935.193116414704
64869490.74868801,935.1819589620292
64874990.58943564,935.2482281662224
64880490.515701726,934.7245128546148
64885990.669749655,934.2703021636528
64891490.628788844,933.8762895538068
64896990.486935705,933.8351785565543
64902490.29747294,933.6879779854667
64907990.05583718,933.5775886002002
64913489.790949516,933.5136124552164
64918989.74745998,932.7466397639957
64924489.3975064,932.0438640902307
64929989.08665105,931.4799103709953
64935488.89851224,930.784617347801
64940988.769424744,930.3613285607128
64946488.6390626,929.9996600371142
64951988.49696211,929.7458912725556
64957488.22358097,929.846452196055
64962987.88199445,929.7000145017955
64968487.70432368,929.0375036094038
64973987.67435678,928.5817568281176
64979487.388589054,928.2661562288554
64984987.08498338,928.1682125211541
64990486.70847127,927.9859076665738
64995986.2830533,927.8721880810633
65001485.922707476,927.6580747072228
65006985.647504486,926.8277896197292
65012485.09469188,926.1103157014802
65017984.631297894,925.5105359952936
65023484.336568765,924.8246102369025
65028984.03107799,924.4156872318822
65034483.75217658,923.993437954789
65039983.42782575,923.7794242978725
65045482.95642827,923.9213452771716
65050982.47657486,923.5431105285552
65056482.190685846,922.8508910093822
65061981.94075025,922.3469901308758
65067481.43869276,922.1432797071172
65072980.954941,921.9941486976286
65078480.38140365,921.7986744410615
65083979.756318405,921.7015061548672
65089479.30468841,921.2136786431499
65094978.76799294,920.3185190369045
65100478.07104384,919.6285224303604
65105977.46858215,918.9308794741672
65111477.021037094,918.306773246353
65116976.56068714,917.9043413367503
65122476.086565405,917.5043920822986
65127975.54781446,917.3943720126493
65133474.863926,917.4451585020522
65138974.26286219,916.9234641681413
65144473.86373689,916.2688521126468
65149973.35097823,915.861616551699
65155472.654604465,915.7286636382391
65160971.98718432,915.520357026527
65166471.23540251,915.2959545334697
65171970.45729365,915.1687729564711
65177469.9088691,914.4352324191591
65182969.11799943,913.5000821320554
65188468.28906519,912.7237440481905
65193967.59629506,911.9379493361259
65199466.98773006,911.4005836481604
65204966.39267148,910.9557896229485
65210465.7718775,910.5382139803316
65215965.05674482,910.5328690633253
65221464.22655245,910.4068386889988
65226963.56880452,909.6981242965405
65232463.056407,909.0298514283495
65237962.34853638,908.6116080426609
65243461.55731682,908.3805157930051
65248960.745315574,908.1508991311835
65254459.865913056,907.9451824570427
65259958.99640686,907.7105701034752
65265458.3107054,906.8159691055369
65270957.33609415,905.9480027616855
65276456.38790539,905.1890918924006
65281955.6165563,904.3453070775255
65287454.843079366,903.8336351413731
65292954.119198315,903.4281545750414
65298453.331722096,903.0757966712672
65303952.3998664,903.1397969201605
65309451.44147369,902.7667710396979
65314950.71077321,902.076921994235
65320449.99969655,901.4331839666486
65325949.07924985,901.1870142259967
65331448.114836626,900.9340030717856
65336947.088252746,900.6789610186922
65342446.02122653,900.4931330528407
65347945.09452398,900.0168050532344
65353444.15756627,899.0787083355772
65358943.01238703,898.1922597831301
65364441.93977015,897.3787764346794
65369941.03807358,896.5818926648163
65375440.08754742,896.063974297911
65380939.19938086,895.6297554835061
65386438.23803862,895.3597364365078
65391937.096137114,895.379618108517
65397436.006297745,894.7557062837642
65402935.17935404,893.9626035571027
65408434.24876011,893.3434854640135
65413933.15081573,893.1099957985161
65419432.04045908,892.7665315953441
65424930.855643295,892.486995001178
65430429.62875962,892.3228749733086
65435928.62085862,891.590004588819
65441427.38910269,890.5377777841969
65446926.127458364,889.6681490334695
65452424.96866106,888.7519438842453
65457923.91697997,888.0413350108493
65463422.838805884,887.5142698297661
65468921.78105765,887.1072507233448
65474420.62260543,886.9551289910538
65479919.3200006,886.8377832166984
65485418.14037,886.03887668921
65490917.17489633,885.4142518436905
65496416.00482228,884.8460615172235
65501914.76080164,884.6617089375109
65507413.46104561,884.3299144938865
65512912.09831925,884.0328824380981
65518410.73104963,883.7960737843707
65523909.60087818,882.8220674997705
65529408.1442271,881.8102642701886
65534906.7341266,880.983797492555
65540405.4701494,880.039180679704
65545904.24174237,879.4512159981481
65551403.0030373,878.9151525357347
65556901.75490077,878.5071504988881
65562400.369020335,878.4791990507415
65567898.90859474,878.1249087822648
65573397.64044985,877.2051470292995
65578896.50314907,876.595449242088
65584395.11893158,876.1021068329877
65589893.71850676,875.8496825456605
65595392.235994436,875.484790622793
65600890.69682705,875.205530985555
65606389.24406891,874.7925697402515
65611887.88034807,873.7333418514497
65617386.22302385,872.6873609220871
65622884.68090803,871.7948801649497
65628383.30963908,870.8797937943052
65633881.90416148,870.3028071144615
65639380.5330524,869.7125247369376
65644879.107125685,869.3627139055482
65650377.51087181,869.3655503570974
65655875.922031865,868.760772266819
65661374.555182755,867.8386411174791
65666873.20679721,867.1814935034276
65672371.61712602,866.8001708031277
65677870.052349985,866.4866759256925
65683368.394143425,866.1178221362521
65688866.68604083,865.8420428246691
65694365.16634631,865.169038886399
65699863.55062442,864.0206190523445
65705361.78551292,862.9998533681421
65710860.12122266,862.0236784274757
65716358.606320746,861.2035828617331
65721857.06574395,860.641713772109
65727355.515309416,860.0938508154984
65732853.88548822,859.8484696192464
65738352.089351304,859.7400104371668
65743850.40398338,858.9969445763754
65749348.92256307,858.1483837712576
65754847.33958812,857.5710719402914
65760345.58018206,857.2817527064694
65765843.8544566,856.9119929466104
65771342.03568284,856.5170280039547
65776840.19438455,856.2080580309083
65782338.59581904,855.2655310620457
65787836.73621968,854.085262289018
65793334.846045405,853.002310627638
65798833.1048814,851.9553835498259
65804331.43086111,851.2361837533911
65809829.76164601,850.6588592676749
65815328.069467746,850.0883759679047
65820826.26298537,849.9701791809835
65826324.33356937,849.6696528532887
65831822.60554367,848.7166698521253
65837321.01934756,847.853808411703
65842819.244710766,847.2815896132745
65848317.39294683,846.886559471433
65853815.519184254,846.4977607799469
65859313.56741391,846.1208574193284
65864811.63085639,845.7095107635946
65870309.87623729,844.5958236253841
65875807.82768202,843.382408616686
65881305.81356867,842.3447974659516
65886803.98238826,841.2594414981422
65892302.12539881,840.5894392684227
65897800.32488905,840.0453060183523
65903298.45513631,839.5682474132939
65908796.414625116,839.5169584472017
65914294.352510184,838.9384714058995
65919792.55290964,838.0155806806205
65925290.75995022,837.2161683141194
65930788.75857698,836.7854700021351
65936286.72221452,836.3962179989021
65941784.61102266,835.9849582033463
65947282.4531861,835.6354944116874
65952780.44067869,834.956180705241
65958278.42113229,833.7700997111092
65963776.184399284,832.5469771075004
65969274.02818131,831.4389813887251
65974772.045655504,830.4326747619937
65980269.99382491,829.7814277071825
65985768.01525476,829.1841520233568
65991265.95142735,828.7793153953962
65996763.68488784,828.6794103202062
66002261.49657131,827.8628037691578
66007759.57856974,826.8581235921492
66013257.55519006,826.0806515259603
66018755.36950502,825.7086336030618
66024253.167456865,825.2289661962792
66029750.88671356,824.7994639902824
66035248.56773053,824.4738553723266
66040746.47308563,823.5551396078477
66046244.14370547,822.2799329344358
66051741.783496566,821.0547759497995
66057239.536010675,819.8591708335657
66062737.389914796,818.9633180809228
66068235.209643625,818.3048067232039
66073733.06816531,817.7645773501276
66079230.79661249,817.5079404942034
66084728.363326915,817.2427736962313
66090226.089000344,816.2928299651334
66095724.040500745,815.4856174610159
66101221.772056766,814.7974723281081
66106719.42779107,814.436582293628
66112217.01569466,813.9613867487501
66117714.538695745,813.5153696256391
66123212.05705857,813.1269227707749
66128709.81458775,811.922498324962
66134207.26738419,810.5967608408484
66139704.76586204,809.4171739358692
66145202.41193277,808.2210898026824
66150700.07862802,807.4303615817396
66156197.7367222,806.8013704233035
66161695.39430703,806.2812499657573
66167192.877077706,806.1559122318013
66172690.288774244,805.6316225042556
66178187.92858499,804.5717886915791
66183685.7231037,803.7106956429269
66189183.25497206,803.0891936476037
66194680.78924621,802.6705938969228
66200178.21407592,802.1452006028096
66205675.59594293,801.7315179285138
66211173.07232771,801.1660940813308
66216670.63855451,799.8758994564987
66222167.92155677,798.5647761078757
66227665.30880333,797.3574919547736
66233162.879933685,796.2136003209447
66238660.378029265,795.4748614093116
66244157.912012465,794.8089481154127
66249655.4135482,794.3531471670758
66255152.70799955,794.2329103101067
66260650.02602117,793.4413135626746
66266147.59064696,792.3916180693161
66271645.17285826,791.519442481971
66277142.52650504,791.0190019114237
66282639.90625494,790.522275363011
66288137.159393474,790.000488217695
66293634.370107,789.5945196185573
66299131.78047561,788.7663971635195
66304629.080332614,787.3073618662482
66310126.25888182,785.9236463033853
66315623.54119164,784.6729546490135
66321120.97681219,783.6696023857189
66326618.34588208,782.8958942792144
66332115.73198814,782.2800128594538
66337613.04032701,781.9475009355858
66343110.134235464,781.73466816534
66348607.39315306,780.7238676372274
66354104.87649644,779.7645051174795
66359602.25712085,778.9807971011315
66365099.45077185,778.6079101214063
66370596.640540816,778.0730454656562
66376093.70539823,777.537623793271
66381590.75891077,777.0978219784461
66387088.07922537,776.0020437280414
66392585.073515885,774.4835008041554
66398082.090382636,773.1551074556979
66403579.26218948,771.8537781063096
66409076.50556843,771.0044231877338
66414573.71145398,770.3177067267388
66420070.894590214,769.6874640376799
66425567.95369421,769.5044249736738
66431064.875218146,769.0735347870918
66436562.02425534,767.8932679178483
66442059.32483705,767.0451248496124
66447556.418391906,766.2993903118083
66453053.43264471,765.8531654906689
66458550.40307831,765.272695396508
66464047.300565265,764.729293193091
66469544.22611304,764.2176516996506
66475041.3527387,762.9249608656005
66480538.13337761,761.3204461684418
66486035.00927029,760.0186798221384
66491532.067291655,758.7305221831934
66497029.1082276,757.9455695518143
66502526.17524836,757.2121913136336
66508023.177783966,756.6728696068208
66513519.99310295,756.5760635562382
66519016.78315726,755.848377013353
66524513.8392104,754.5942644846676
66530010.93557068,753.7051610071383
66535507.78949169,753.0109533311863
66541004.65322119,752.5294831773181
66546501.400468394,751.9574682564951
66551998.085578665,751.4692906338037
66557494.91249248,750.6593528036051
66562991.77263844,749.1873099050777
66568488.37148068,747.5034833299296
66573985.11011221,746.1276450348319
66579482.020445764,744.9415965995489
66584978.864853516,744.2166414096891
66590475.73298623,743.4872625833273
66595972.517662935,743.0397372157804
66601469.09559974,742.878151811615
66606965.77264661,741.9500833691875
66612462.68368989,740.7642232495402
66617959.54508555,739.9655867024943
66623456.17383984,739.4467246764132
66628952.82670332,738.9409088516124
66634449.35629976,738.366331312837
66639945.856346935,737.8887098072494
66645442.60870755,736.8640768375417
66650939.16704022,735.2787761696823
66656435.640679754,733.6729958699257
66661932.248110585,732.2533203889708
66667428.97696876,731.248134916229
66672925.666396454,730.5587621346576
66678422.34948627,729.849326340357
66683918.91209606,729.5651270828059
66689415.2882028,729.227352092646
66694911.89976036,728.0932381951866
66700408.686037265,726.9758761421604
66705905.32047954,726.2164438235325
66711401.789378524,725.6440033536294
66716898.254449986,725.0895732341996
66722394.63109979,724.5119774219559
66727890.99307443,724.0077244437193
66733387.614764415,722.7288594225352
66738883.934281714,721.0101666751968
66744380.27943139,719.4766582255664
66749876.81169052,718.0330571186257
66755373.344437465,717.1410640132023
66760869.90082735,716.4535880748226
66766366.41387409,715.7558067613837
66771862.74213654,715.625528496395
66777358.97877675,715.0002633707534
66782855.50841819,713.7428500288006
66788352.12531719,712.6750642773537
66793848.515872896,711.9647882939184
66799344.82526244,711.4153535586715
66804841.06536625,710.8562070402259
66810337.24728588,710.2979592145632
66815833.51486259,709.5936415529263
66821329.926023684,708.1341976269264
66826826.05327885,706.3463414086543
66832322.27218413,704.8079872192288
66837818.67571218,703.4337448309091
66843314.99974862,702.64499381984
66848811.39417803,701.9281894750713
66854307.697981365,701.3888290244056
66859803.7738822,701.2715906007279
66865299.90955495,700.3762726764603
66870796.35098853,699.2477684237973
66876292.716914,698.3330416812746
66881788.87975863,697.7408861416284
66887285.00893475,697.1865663423619
66892781.02815069,696.598297627458
66898277.01515605,696.0984082424752
66903773.19897203,695.1164935854124
66909269.3069517,693.520420238407
66914765.26414705,691.6976020308243
66920261.3422281,690.1579726935258
66925757.58157204,688.9591194154457
66931253.71889491,688.2068182976391
66936749.91200868,687.5950777342305
66942245.98090711,687.17797440189
66947741.82716948,686.95577772714
66953237.85520741,685.8710388746684
66958734.11565798,684.7040772801204
66964230.233982004,683.7916764236944
66969726.18125207,683.2116741231721
66975222.10628031,682.5710414707388
66980717.94168475,681.9996694937595
66986213.75864525,681.5196148462481
66991709.8450245,680.3232691771682
66997205.657045215,678.6405065259103
67002701.475454874,676.8305146627008
67008197.440396175,675.2808104107646
67013693.46690017,674.2357852092538
67019189.45520003,673.5611597283505
67024685.46151862,672.9126616298304
67030181.27424084,672.729547352071
67035676.929073915,672.2427028848678
67041172.8621673,670.8895491700259
67046668.96127672,669.7654416808406
67052164.822805375,669.0107068922334
67057660.58709825,668.4145284688108
67063156.2962323,667.832477508395
67068651.92635471,667.265631634882
67074147.59770267,666.6850271011144
67079643.485625565,665.1772066224952
67085139.08549532,663.2690853534496
67090634.75591891,661.5471361239596
67096130.61235619,660.0292679758204
67101626.41586449,659.1103511864013
67107122.254444905,658.4990768291077
67112618.03027837,657.8803414839401
67118113.5883756,657.7767759363877
67123609.12275618,656.9797217314917
67129104.97517206,655.7819300629766
67134600.8105024,654.8305105658089
67140096.43386647,654.2391042872061
67145592.02489129,653.6648915938736
67151087.50133103,653.1122057418684
67156582.95141807,652.5966193075469
67162078.54947287,651.7750532797643
67167574.2112079,650.1385373291469
67173069.63580228,648.2387761307331
67178565.16784117,646.5691648052743
67184060.89589942,645.2111045327381
67189556.49335839,644.428183136677
67195052.16156334,643.8461448706915
67200547.73048499,643.3868470229736
67206043.04559506,643.2558646073485
67211538.48369108,642.1555811529502
67217034.23807381,640.9714322303348
67222529.86554088,639.9728857034683
67228025.30952333,639.4583557050057
67233520.72676383,638.7978114779831
67239016.03577015,638.2393614123503
67244511.34156816,637.799630356312
67250006.8919696,636.7555051713091
67255502.25887276,634.9742418846383
67260997.56622057,633.002749671921
67266492.99888843,631.3287160820294
67271988.55492951,630.1820485735793
67277484.01253746,629.4466636386376
67282979.5260643,628.871454519584
67288474.88378307,628.5968443590951
67293970.01559794,628.3073938440402
67299465.38729994,626.9454904688885
67304960.97773759,625.8905118285584
67310456.35683344,624.9391800337098
67315951.62049466,624.4241520299306
67321446.82237703,623.8445011711513
67326941.94856781,623.3139441147366
67332437.09114048,622.8422781881741
67337932.51125582,621.4600991574524
67343427.63075255,619.4204177141078
67348922.81230637,617.5631936840273
67354418.14402585,615.9433800981465
67359913.47220086,614.9509820137183
67365408.77416489,614.3302572012406
67370904.07277173,613.7414737493215
67376399.15748373,613.6950122236253
67381894.13640007,613.0821389562084
67387389.4300547,611.746658548057
67392884.83687888,610.7921848202152
67398379.96485125,610.1262530863746
67403875.04962817,609.6245335799007
67409370.02363694,609.0768461281359
67414864.95823407,608.5583879294933
67420359.9882372,607.9364877751445
67425855.16689275,606.3426149854031
67431350.06001128,604.305267941128
67436845.05485512,602.4800138544438
67442340.25587854,601.0130729055834
67447835.33331841,600.2522481623939
67453330.44394417,599.7082846102763
67458825.50465968,599.3271249966715
67464320.30118953,599.3042808022599
67469815.14555047,598.3442572106651
67475310.30663872,597.1896407847493
67480805.40577255,596.3278598649017
67486300.28672366,595.7928209765835
67491795.15341237,595.2190822617408
67497289.90250418,594.6773759329425
67502784.65468541,594.2786470577885
67508279.59938972,593.4359230766629
67513774.50790396,591.6183473090805
67519269.24431893,589.6263077914177
67524764.1049735,587.8436537812026
67530259.13098742,586.5790730107567
67535754.01898663,585.8506701369175
67541248.97645627,585.3894891383804
67546743.82027945,585.1463821917703
67552238.38611592,585.0673779619635
67557733.1516347,583.7746644522749
67563228.17035444,582.7140303998001
67568723.05803105,581.7673242798927
67574217.79064494,581.3381024000637
67579712.48929438,580.7725006902984
67585207.08760549,580.2776648658264
67590701.68111897,579.8936896456687
67596196.5571683,578.7310262457854
67601691.15831769,576.7515454951763
67607185.78330098,574.6748382634009
67612680.54654635,572.9432560282636
67618175.37327537,571.9237049274889
67623670.1077475,571.2804182066484
67629164.88543227,570.8508073046428
67634659.4710676,570.805103449539
67640153.87320003,570.4445586385584
67645648.570644,569.0780701026567
67651143.4575936,568.2399811484444
67656638.087275,567.5582079718024
67662132.65931343,567.2158681589327
67667627.12567808,566.6826219207051
67678615.9786981,565.7932546110346
67684110.68253899,564.3090944101937
67689605.06718914,562.0693333780819
67695099.54227318,560.1155512504702
67700594.20189123,558.5070537954434
67706088.79671678,557.6711785553119
67711583.38789126,557.2121305356259
67717077.95794158,556.8926294762708
67722572.27811009,557.027659730074
67728066.56087428,556.303957623048
67733561.17226657,555.0855421394695
67739055.85256714,554.1749925794186
67744550.28279996,553.6335030975068
67750044.6876559,553.2080954015958
67755538.95485277,552.7333331625938
67761033.2182596,552.3507282077396
67766527.61648507,551.7684288918816
67772022.11052755,550.0497904692029
67783010.66949171,546.0331195114222
67788505.21380024,544.6628307072767
67793999.6009256,544.0561034522962
67799494.05353338,543.7354698429345
67804988.41173337,543.5243329563409
67810482.48792307,543.6192801692938
67815976.6963162,542.5777914272799
67821471.1993172,541.5754622215643
67826965.6288473,540.8078394404174
67832459.8490199,540.4418553885678
67837954.05874477,539.981169566191
67843448.14415865,539.5759154796392
67848942.23574744,539.2818195964617
67854436.54545154,538.4431330627099
67859930.72858608,536.5252231636441
67865424.8063817,534.208134073843
67870919.03915541,532.4271865001722
67876413.40173984,531.4111528605399
67887401.89194645,530.5814463364427
67892896.01945011,530.5935403181386
67898389.89460373,530.5388326066686
67903884.04202832,529.2804087582481
67909378.3996486,528.4015676223216
67914872.59279396,527.5698014485904
67920366.67994398,527.269254564786
67925860.6916134,526.8454152133953
67931354.61048083,526.4949990527216
67936848.53763184,526.2571624742483
67942342.76308118,525.096144197119
67947836.66377944,523.0708370232669
67958824.7310986,519.3098731230193
67964318.85529117,518.5213759989642
67969812.92542292,518.2076342400778
67975306.99710095,518.0781096797259
67980800.84556262,518.3761235820693
67991788.60583971,516.7504218072249
67997282.79231976,516.0624153975573
68002776.74979462,515.5640046708168
68008270.63226445,515.2717395393944
68013764.4227983,515.0183018133653
68019258.15558349,514.725452497094
68024751.95963754,514.3759500828974
68030245.96525984,512.8974245177421
68035739.64091422,510.60129533426425
68041233.45091866,508.6575216818811
68046727.45580676,507.20976689424015
68052221.33061671,506.62192559943765
68063209.0955203,506.38105565603064
68068702.66757807,506.74139978389053
68074196.27703719,506.01964422367473
68079690.22979726,505.0790507654754
68085184.1706245,504.6263417282905
68096171.5829779,504.05026972686596
68101665.13501425,503.79062651437454
68107158.69531529,503.59746038097546
68112652.40211774,503.0634106035811
68118146.14764948,501.3770631513057
68140120.79941192,495.8854140885064
68151108.13669991,496.0287763732763
68173082.50352131,494.02513508162076
68184069.53167152,493.54455511690185
68244497.38960633,486.3584255253804
68255484.5002614,484.7119919192014
68277457.72306216,483.9709618670673
68288444.3995527,482.91417245667463
68299430.7914696,478.5802568380145
68337883.80851336,476.2380563521547
68359856.7265205,475.5044537196245
68381829.04298447,471.8618182317252
68392815.42939423,469.0126358673763
68403801.75535555,469.2195762889676
68464224.57138252,467.44055526479724
68475210.3205278,463.61322278378884
68486196.35615702,463.17002716472507
68497182.18207008,464.1026287211783
68508167.59827088,463.9102847931669
68568588.11272644,458.51857131803354
68579573.61677575,459.3047395255908
68601544.13797742,459.4978941738319
68612529.41761948,459.6747789294859
68672946.9941487,457.44692267913297
68683931.90377508,456.8245194629767
68705901.57402335,457.78733812065275
68716886.08737953,458.36273064756625
68788286.06312858,456.7231766811451
68810254.4709319,456.5212308565834
68821238.66566785,453.69921414626634
68832223.1305006,454.3858034872918
68892635.19108877,459.8221586332138
68903618.88884139,456.7168868092972
68914603.03234042,456.498714616701
68925586.92949145,458.2388640965197
68936570.2459322,460.0643728595552
68996979.84633721,460.4477795820999
69007963.36777323,462.071153823023
69029929.68835042,464.7667573095674
69040913.13313445,465.8514931709332
69101319.63591975,469.89685940676645
69112302.14111865,471.0471054137952
69134267.90944241,473.87414150105997
69145250.19127661,475.71711065777004
69156232.80400872,475.38962503864457
69216636.3346245,481.4635744443008
69227618.2438374,483.35030816612334
69238600.37516041,484.8994931773569
69249582.32789585,482.91719028136964
69260564.66681401,483.724243836586
69320964.47809765,495.28771873910046
69331946.11071001,494.37468776272044
69353909.68265991,496.67717192360533
69364890.85223939,499.86332705197634
69370381.46674947,500.3790352361484
69381363.2807916,501.8938834191947
69386853.95527478,503.07637316570833
69392344.5262648,504.36563230597085
69397834.98324673,505.52895594426377
69403325.43981129,506.7079540237787
69408816.02496713,507.7181581669189
69414306.69586234,507.7598368911099
69419797.15458381,506.5140662481359
69425287.84752218,506.3624677271109
69430778.62834719,507.1147151721177
69436269.21113534,508.45184529603466
69441759.84795853,510.11136502227805
69447250.29687835,511.83573291342327
69452740.46674164,513.25737797023
69458230.97189549,513.7245838967009
69463721.68181759,514.3556928434989
69469212.28107604,515.576103546251
69474702.67168167,516.8229198498334
69480192.98754038,518.2889345051968
69485683.21266563,519.4852030041395
69491173.42230168,520.7669753836424
69496663.8566626,521.7855065017638
69502154.1954503,521.4699939441703
69507644.47248764,520.6849421256588
69513134.97814678,520.7913052624514
69518625.4692481,521.9358229065274
69524115.8414479,523.4938838277802
69529606.17507672,525.149650983321
69535096.30387318,527.0705520269628
69540586.27224913,528.214814221154
69546076.62096204,528.7605430880876
69551567.07531863,529.71356110749
69557057.38297777,531.0106889086301
69562547.50367045,532.3880704028404
69568037.57111633,533.8460246660488
69573527.55725649,535.0343301497195
69579017.53432554,536.4089940205163
69584507.81088181,537.332961517109
69589997.80932617,536.7225153487768
69600978.228598,536.8546630000208
69606468.40908448,538.2940910485797
69611958.53631939,539.9322026706595
69617448.5808223,541.6519572234791
69622938.36222,543.5464537658227
69628428.17191906,544.48740822656
69633918.30466323,544.938858427608
69639408.49048577,546.4148853722207
69644898.43818687,547.577908390143
69650388.31518795,549.2253873239408
69655878.09191822,550.5711409000432
69661367.81805123,551.8592576061692
69666857.59368926,553.2472192095656
69672347.62827115,553.9112361427185
69677837.3473948,553.0803701127935
69683327.33349997,553.1452164228742
69688817.42616545,554.0373434887312
69694307.3162511,555.5306428674435
69699797.20304313,557.2266912536887
69705286.98182034,559.1514180536935
69710776.46722592,560.87802448587
69716266.17082489,561.6240121571082
69721756.10012029,562.3221407358322
69727246.04068097,563.7359923346426
69732735.72609974,565.0008907483419
69738225.38248044,566.6834943893368
69743714.8851461,567.9766307654254
69749204.37039924,569.4443924600109
69754694.0094919,570.8079656787112
69760183.7197369,571.117966633004
69765673.23967738,570.6509015710323
69771163.02032301,570.936259508223
69776652.8502059,572.1753841216137
69782142.47260407,573.6917097370152
69787632.08631326,575.6042235950131
69793121.56368296,577.5865543777792
69798610.76463115,579.0883904216464
69804100.29189345,579.7121460907186
69809590.01558866,580.7928185946735
69815079.63015576,582.0636113651776
69820569.06151561,583.6937551747758
69826058.43195052,585.2245778935564
69831547.67265011,586.5945937039401
69837036.915434,588.1301143119126
69842526.40603107,589.4204447063075
69848015.76526427,589.3377266284639
69853505.18020488,589.0806791618629
69858994.76071188,589.6104296976463
69864484.28905667,591.0520604385929
69869973.67330848,592.7679349957095
69875463.06149101,594.7569511375814
69880952.20905322,596.686913700506
69886441.24237621,597.9469770848318
69891930.61999077,598.7041664307715
69897420.1402513,600.1615822529423
69902909.4239178,601.6081000584722
69908398.61520468,603.2500413749733
69913887.69157073,604.8143556247337
69919376.70467624,606.30073765934
69924865.71335772,607.8407933846961
69930355.00785448,608.9333973623814
69935844.08565894,608.6281723189475
69941333.31011453,608.6392532463109
69946822.6767134,609.5106782614957
69952311.89003429,611.0569841822356
69957801.04495846,612.9559948790184
69963290.1524788,614.8552937584915
69968778.95207226,616.7803581893932
69974267.84074531,617.857488353088
69979757.03122143,618.7327121366507
69985246.26461309,620.1649257627793
69990735.29598801,621.687209086635
69996224.21305983,623.2826418417706
70001713.03986394,624.8802769669956
70007201.82494086,626.3848773742718
70012690.65588263,627.860759330944
70018179.74974284,628.7646367350515
70023668.58713824,628.318232152886
70029157.64100598,628.6999849200847
70034646.78149033,629.8910853735483
70040135.7165472,631.6409523416448
70045624.67676923,633.5932564093376
70051113.49077505,635.5753112662449
70056602.01148802,637.3367980229759
70062090.79039258,638.3511523369261
70067579.81473532,639.4707672680059
70073068.7537925,641.1567560926937
70078557.51449628,642.6319860777689
70084046.19453384,644.4428771105031
70089534.75951605,645.92722025538
70095023.28359671,647.4774273826265
70100511.96273468,648.9410512542564
70106000.7415892,649.4767474456703
70111489.34447698,649.1866783770861
70116978.19824316,649.871838939284
70122467.0705798,651.4028080423132
70127955.76005547,653.1924876085448
70133444.42879805,655.2372000027658
70138932.91758667,657.3035271925994
70144421.18885414,658.8512273385759
70149909.80386528,659.8027679810513
70155398.52796847,661.227972850942
70160887.18467373,662.8775127396291
70166375.63672625,664.5184448177695
70171864.04531293,666.2924212128091
70177352.32624197,667.7231780257789
70182840.58708388,669.2855224456825
70188329.12214993,670.7181319544288
70193817.54574567,670.837027835603
70199306.01408875,670.9876241697202
70204794.64713179,671.8796883758882
70210283.2184117,673.5695645415462
70215771.64930463,675.303142374431
70221260.04114322,677.3150237518466
70226748.21290112,679.3307772769024
70232236.31208594,680.6655748206521
70237724.70396236,681.6306693109009
70243213.23911591,683.3893000291278
70248701.5714277,684.9686940295724
70254189.79635061,686.8197669622052
70259677.9173129,688.4081322823158
70265165.95040447,689.9298113470774
70270654.00070363,691.525382111013
70276142.34989475,692.7764819053003
70281630.48063344,692.7302784554786
70287118.78261316,693.2425457929787
70292607.19220555,694.3917434443711
70298095.45186454,696.1052890200075
70303583.63313292,697.9983705197942
70309071.7597389,700.0250409958074
70314559.58913,701.8849555289949
70320047.54439218,703.0548298255949
70325535.76568085,704.2796738273264
70331024.06022373,705.925010768404
70336512.11613096,707.5332044364245
70342000.10442612,709.2539293699233
70347487.95679133,710.8395171175258
70352975.78886567,712.3980852827865
70358463.68088317,713.9300000096619
70363951.82127894,714.932503766328
70369439.7462503,714.9534776463589
70374927.8482014,715.5985372016498
70380416.03058854,716.9918215621154
70385903.99980079,718.7563910434565
70391391.96326865,720.8077414927415
70396879.80233042,722.7695534331037
70402367.35445409,724.450373384113
70407855.16581443,725.5883065403759
70413343.21913251,727.0184752739775
70418831.19086848,728.7101083582647
70424318.99512246,730.3635516134751
70429806.69976127,732.1434006478476
70435294.30126873,733.705627506401
70440781.87254427,735.27545566357
70446269.59774706,736.7522751344986
70451757.41278602,737.5299599852781
70457245.09072116,737.567181189291
70462732.96987322,738.4724513845607
70468220.8578704,740.1027157862543
70473708.55280723,741.9451522270837
70479196.25764914,743.9477758663413
70484683.74676111,745.9287205950542
70490171.06855606,747.4395393120419
70495658.7195589,748.6051178218346
70501146.4931728,750.1414868873217
70506634.15609527,751.8549079723754
70512121.6510339,753.4697443381228
70517609.07317837,755.2581095052892
70523096.40036452,756.7497817237995
70528583.6878156,758.308298776403
70534071.24622177,759.7816441862064
70539558.73483634,760.1667672541009
70545046.23723966,760.6154551239542
70550533.89808875,761.7196543390039
70556021.47733773,763.5109245008153
70561508.93547927,765.3330373946792
70566996.32735984,767.2580915128268
70572483.502173,769.1660068432809
70577970.64483371,770.5224145708239
70583458.0711513,771.676303597435
70588945.60848461,773.4290272577422
70594433.00179112,774.9827389075731
70599920.24699399,776.8155279770789
70605407.41017649,778.4448482272935
70610894.47138512,779.9315863704669
70616381.54698032,781.4971386466614
70621868.92590529,782.8703065309329
70627356.08956455,783.0819916458227
70632843.42678034,783.8332716842565
70638330.85085747,785.1316789730931
70643818.12318754,786.9140498578702
70649305.32205273,788.745606566978
70654792.44160399,790.7411638585445
70660279.28543197,792.5046341042521
70665766.27778032,793.7184914841865
70671253.51184656,794.978198730544
70676740.82245916,796.7517969574105
70682227.90157357,798.3142722581186
70687714.90779316,800.038989271027
70693201.78952318,801.5843643175153
70698688.63442759,803.1115552408253
70704175.5471772,804.6435782143437
70709662.68879995,805.7517395098387
70715149.64861779,806.056807599723
70720636.77096528,806.9271882455203
70726123.95511924,808.424674635651
70731610.9256383,810.1454429628309
70737097.87004769,812.1334123254063
70742584.69581023,814.0302137393755
70748071.25709605,815.6276086904693
70753558.08085829,816.7897459616674
70759045.12016703,818.2801821432427
70764532.11047785,819.8993685023365
70770018.92090538,821.5756477499592
70775505.62720884,823.3162229733452
70780992.23515418,824.8621206900655
70786478.81148812,826.4083706421472
70791965.53709702,827.88445456353
70797452.35860994,828.7931534542099
70802939.0550964,829.1546253129175
70808425.93049659,830.1877665892791
70813912.796787,831.8199154896286
70819399.4637434,833.61125229648
70824886.13962938,835.5095023457236
70830372.60118522,837.3841416328826
70835858.92552368,838.8264244203508
70841345.56579676,840.0261242034477
70846832.35656866,841.5264995795674
70852319.01294167,843.2058975594723
70857805.5071216,844.8031518805842
70863291.92437261,846.534515847791
70868778.25098023,848.0165221155366
70874264.5343597,849.5317530057581
70879751.07282719,851.0047588486182
70885237.58088341,851.5588350611732
70890724.10215273,852.192295600843
70896210.75804606,853.3873397639356
70901697.31466807,855.160351009029
70907183.74826348,856.8954207173397
70912670.11897142,858.7484219994958
70918156.26879118,860.5310256621303
70923642.4178268,861.8596100703068
70929128.86461271,863.0327680119317
70934615.40017834,864.7223552288453
70940101.79372878,866.222297978029
70945588.03311221,867.9879819067173
70951074.19548541,869.6002607493892
70956560.25264578,871.0467848958958
70962046.3163281,872.5523381963003
70967532.68595748,873.9381540504057
70973018.86761633,874.3595627411878
70978505.21151802,875.2263376547836
70983991.61765577,876.5860457489748
70989477.86668807,878.3300022379292
70994964.03193595,880.0921640469633
71000450.12032272,881.9933515810275
71005935.94199215,883.6550284840691
71011421.92698972,884.8633566026795
71016908.14776006,886.1206349639497
71022394.45148699,887.7504380683151
71027880.52237232,889.2817191268764
71033366.50339758,891.0026375859527
71038852.36671996,892.5062277857088
71044338.18321367,893.9872363712102
71049824.06064744,895.464778680767
71055310.16650468,896.6605090757437
71060796.12863944,897.1150387610388
71066282.23620318,898.0959472762104
71071768.38142538,899.5959579281891
71077254.3071869,901.2541032425936
71082740.21188766,903.1563970481981
71088225.98252651,904.9605164188902
71093711.51424797,906.4700863426792
71099197.31562468,907.613001385756
71104683.32227929,909.0734786499445
71110169.27449691,910.6281025352873
71115655.0587113,912.24264971691
71121140.72985367,913.9218609053632
71126626.30694906,915.4153187320263
71132111.83926556,916.8822339142926
71137597.51004595,918.333653681377
71143083.3040479,919.3134427560262
71148568.9989493,919.8597789760895
71154054.84161498,920.9532080137782
71159540.6503076,922.5515536917046
71165026.26682545,924.274982908257
71170511.87065072,926.0925768252332
71175997.27096018,927.8603538070805
71181482.55146562,929.2311608469709
71186968.1478436,930.4033960678956
71192453.88524643,931.8197057930759
71197939.50994448,933.4528336496936
71203424.94277938,935.012338716368
71208910.31957898,936.680876600364
71214395.59214309,938.0916761730696
71219880.81906934,939.5265568146046
71225366.28907418,940.9710243259401
71230851.75613284,941.6011623249428
71236337.25113143,942.322924156956
71241822.84909716,943.538462781216
71247308.34615685,945.234114841763
71252793.6934561,946.8798304752995
71258278.9898417,948.6654730243627
71263764.06558144,950.3396907129027
71269249.16018224,951.6114885944925
71274734.54445384,952.6941218002682
71280220.02619909,954.3408981735519
71285705.3355491,955.801497680993
71291190.50796483,957.4912670445194
71296675.59569192,959.0340105517168
71302160.57741158,960.4257777356758
71307645.55632263,961.8563934576669
71313130.83717567,963.1801570285339
71318615.98790596,963.7213738710507
71324101.28092614,964.6253756095007
71329586.61121686,965.9777315719839
71335071.77596557,967.6146983445565
71340556.83955242,969.3132746624865
71346041.84772901,971.0909184015939
71351526.58864032,972.6394745102949
71357011.50012282,973.8053472891561
71362496.6543341,975.0338446753836
71367981.83909728,976.5667466708562
71373466.82320221,978.0802642610893
71378951.70031461,979.7303060288036
71384436.45800705,981.1957728699854
71389921.17087765,982.6117019610849
71395405.92421255,983.9936312983975
71400890.93030001,985.2094361157747
71406375.82762751,985.7112959975489
71411860.84995209,986.7078714406205
71417345.88385849,988.1538195688277
71422830.69836238,989.753783546714
71428315.51200026,991.5300251623752
71433800.16529636,993.2200662214987
71439284.60239005,994.6473028448395
71444769.31527752,995.7637005738197
71450254.23189689,997.1007238834876
71455739.06586304,998.6422231136321
71461223.74782096,1000.1267067192648
71466708.31405607,1001.7369910960259
71472192.78406358,1003.1432853442857
71477677.19456285,1004.5199142278882
71483161.7461176,1005.9091287933804
71488646.45244083,1006.8781423300309
71494131.09258144,1007.4641957689496
71499615.86072321,1008.5710613877577
71505100.56885545,1010.1251928958266
71510585.09812185,1011.7485078088513
71516069.58646928,1013.4714575598787
71521553.88942893,1015.1357167902145
71527038.07490723,1016.4331386832855
71532522.57290913,1017.501312820487
71538007.18614094,1018.8918773630228
71543491.73223557,1020.3847764937877
71548976.0649191,1021.9043731923948
71554460.36163256,1023.461284587557
71559944.51972607,1024.7704251047603
71565428.64513631,1026.1263666835753
71570913.01047897,1027.4936066851233
71576397.3844649,1028.17058953595
71581881.82034524,1028.9257628658443
71587366.32790981,1030.1059157083578
71592850.72160831,1031.6750086245838
71598334.95698348,1033.259884219302
71603819.16571337,1034.97743641585
71609303.13536625,1036.5413415064454
71614787.12848492,1037.7306378644353
71620271.39231429,1038.7595752569855
71625755.7815703,1040.3187138846276
71631239.95873182,1041.741899900717
71636724.0346794,1043.3039424281212
71642208.00349817,1044.7508815727456
71647691.8808772,1046.0843930649357
71653175.74290113,1047.4119032998808
71658659.88882881,1048.6858304451239
71664143.9756261,1049.262758648207
71669628.1723438,1050.0941331196302
71675112.40365942,1051.3754365018349
71680596.4490499,1052.8898236176642
71686080.41325904,1054.5347629004564
71691564.32192892,1056.1413053745673
71697047.967013,1057.5849854294502
71702531.77474403,1058.6847956325514
71708015.82061678,1059.817551832592
71713499.87308875,1061.3143784160889
71718983.75733453,1062.704432906386
71724467.52509089,1064.23145809816
71729951.20323494,1065.6497932088196
71735434.80044329,1066.9551608923155
71740918.42244314,1068.2444147269937
71746402.3334422,1069.4244594104518
71751886.14003119,1069.8830842793454
71757370.08005466,1070.8562859601404
71762854.00729667,1072.2354961313574
71768337.7304836,1073.762751715903
71773821.43916164,1075.34177292596
71779305.00603886,1076.9241102712597
71784788.37157097,1078.2575804114913
71790271.99550687,1079.2978602161147
71795755.78316754,1080.435698506909
71801239.54246587,1081.9619404778264
71806723.10087116,1083.2963462336188
71812206.59749144,1084.8276255524333
71817689.9733826,1086.113250838233
71823173.28394324,1087.4053991961418
71828656.72757608,1088.700583330843
71834140.34598318,1089.6594974417683
71839623.93952811,1090.227322154638
71845107.6337511,1091.275116600256
71850591.26337987,1092.747235842087
71856074.69852175,1094.195861563353
71861558.10231338,1095.8174089848394
71867041.35093382,1097.3416848768145
71872524.463909,1098.5554593870352
71878007.85420063,1099.5175064615269
71883491.39495026,1100.8577903109108
71888974.84278923,1102.2112652203227
71894458.14266932,1103.636485789157
71899941.35274118,1105.0328415354988
71905424.46035463,1106.292002108803
71910907.53349274,1107.5693968983044
71916390.8228521,1108.830953810766
71921874.14676665,1109.6292879635407
71927357.53535289,1110.3179077239415
71932840.96727104,1111.4305789452
71938324.28041713,1112.8854339252555
71943807.4502123,1114.3871394854182
71949290.59751107,1115.926218148553
71954773.5176046,1117.3758882822715
71960256.44639069,1118.488537577261
71965739.64084016,1119.4767421354086
71971222.92203717,1120.8185670098435
71976706.06054927,1122.2075267074024
71982189.05469304,1123.5631652433979
71987671.98823534,1124.932391241474
71993154.83678478,1126.1599906109805
71998637.64358531,1127.3805784416131
72004120.73810698,1128.6252280625702
72009603.77569257,1129.1968980132729
72015086.8888684,1130.050098783446
72020570.04922807,1131.2429251276592
72026053.03221604,1132.716862032813
72031535.94373748,1134.2208216755698
72037018.75080702,1135.6975853106246
72042501.34384154,1137.0433772445172
72047984.07424918,1138.0940243001355
72053467.00382625,1139.099918021192
72058949.98216572,1140.5447127592297
72064432.78042021,1141.8188331122367
72069915.49568035,1143.2017499291237
72075398.10711217,1144.4775946865393
72080880.65806086,1145.6722778817075
72086363.23817345,1146.8830951348925
72091846.10239354,1147.9900786413523
72097328.86212723,1148.5364776255997
72102811.7634798,1149.4608865602997
72108294.64106557,1150.7587611711904
72113777.3054501,1152.167521125079
72119259.91795875,1153.6513982131153
72124742.43344767,1155.102534286183
72130224.73635693,1156.3080208734934
72135707.27229387,1157.279732762673
72141189.98689024,1158.4630568790358
72146672.66655429,1159.840064070761
72152155.16400039,1161.1710144788267
72157637.5834295,1162.4908151885993
72163119.89132556,1163.7101824657345
72168602.1608482,1164.9097330748982
72174084.53112307,1166.0782427728545
72179567.10586159,1167.0494343863945
72185049.63039242,1167.5774015521563
72190532.24697936,1168.5714106393425
72196014.81142136,1169.9313534151852
72201497.18022834,1171.3160341043551
72206979.5353513,1172.81542187354
72212461.70473446,1174.17259855878
72217943.76395257,1175.2914184626031
72223426.09738697,1176.2750988697444
72228908.53274296,1177.4972688263824
72234390.89227897,1178.852522153873
72239873.09315775,1180.1201915538345
72245355.21556787,1181.4861163585438
72250837.23873864,1182.629730833351
72256319.20361516,1183.776265642213
72261801.38375273,1184.935827943731
72267283.65282063,1185.680558143226
72272765.92704242,1186.333156927216
72278248.27466857,1187.3938713833304
72283730.51198004,1188.7771105550005
72289212.61271301,1190.1168857468967
72294694.65651642,1191.5214821107595
72300176.51224273,1192.8355013596506
72305658.36322165,1193.8622794189446
72311140.45282498,1194.8069384230669
72316622.66398051,1196.113747689825
72322104.72855347,1197.3817796555518
72327586.64189374,1198.7041059585297
72333068.47884497,1199.9401191244262
72338550.2039173,1201.0506320469092
72344031.92375717,1202.1750270585364
72349513.9132062,1203.2890102527867
72354995.88434224,1203.8841913796687
72360477.95680363,1204.6942823255104
72365960.0173566,1205.8007201684625
72371441.91207303,1207.1098401291936
72376923.72882664,1208.4639583481373
72382405.48670469,1209.8316285732471
72387887.0092598,1211.0371318246207
72393368.6584525,1211.9869124544775
72398850.52489302,1212.9996238302874
72404332.45431553,1214.247186736795
72409814.19953825,1215.4844398363475
72415295.8256109,1216.726708389638
72420777.36795941,1217.9508506686411
72426258.83557662,1219.0353298987866
72431740.31559396,1220.111551767081
72437222.09543657,1221.1409894581202
72442703.79403666,1221.6445996947537
72448185.59934552,1222.4969218617978
72453667.39329289,1223.6602025043708
72459149.00392622,1224.9583722478235
72464630.59303714,1226.310570659743
72470112.05049457,1227.6110495283026
72475593.30982757,1228.7408615888496
72481074.7883957,1229.6658825253926
72486556.4404292,1230.6201140017433
72492038.11298414,1231.923449219208
72497519.58879302,1233.068455560762
72503000.99255882,1234.33021171315
72508482.29844591,1235.4427603536851
72513963.53624512,1236.5127902162203
72519444.86197096,1237.5928727571327
72524926.41818637,1238.5004372739622
72530407.9041079,1239.066485706056
72535889.50303827,1240.0000851578288
72541371.03993472,1241.2355268927906
72546852.38309899,1242.4550589012356
72552333.71824719,1243.8049530586748
72557814.88861032,1245.0461221636226
72563295.9286603,1246.068949895732
72568777.21783634,1246.9222103941936
72574258.65686157,1248.067522867068
72579740.02437522,1249.2394471819725
72585221.23699571,1250.4115431712637
72590702.37211871,1251.5979014891336
72596183.39710993,1252.6572519733845
72601664.39115639,1253.732716306936
72607145.54642019,1254.7793991603805
72612626.81937177,1255.5799126424208
72618108.07041149,1256.2002987310482
72623589.37979291,1257.1641141368953
72629070.58784106,1258.396177713615
72634551.63549007,1259.6406812864998
72640032.67834522,1260.9296015591071
72645513.4999466,1262.1008346580852
72650994.31201354,1263.0406225277547
72656475.37390853,1263.9220539238434
72661956.53715688,1265.042090356056
72667437.6098333,1266.1867088630897
72672918.50268511,1267.3388043609377
72678399.3461396,1268.4868709428974
72683880.0964087,1269.4966403186336
72689360.82611303,1270.5050343480943
72694841.81164253,1271.5530236397244
72700322.78533903,1272.150985815369
72705803.81534886,1272.8948212343298
72711284.87564652,1273.9018552039283
72716765.78413773,1275.1485981059318
72722246.59852244,1276.3652366695435
72727727.3244507,1277.6150988257282
72733207.85890563,1278.7191822791353
72738688.4955299,1279.6063813672138
72744169.33086343,1280.4856295276215
72749650.25499244,1281.695266249214
72755131.00392759,1282.7689337508564
72760611.64219353,1283.9611549005026
72766092.18720171,1285.039617428507
72771572.65460998,1286.0321110813438
72777053.136944,1287.0207329627817
72782533.89299732,1287.9895634629138
72788014.60102439,1288.5488091085695
72793495.38187924,1289.3440260340913
72798976.15685695,1290.402278656562
72804456.75002857,1291.5789348769015
72809937.29120734,1292.8194809161448
72815417.73164004,1293.9983849177759
72820897.960704,1295.0128645849936
72826378.38921446,1295.8503098252977
72831859.00942524,1296.7991354993753
72837339.63337134,1297.9502015856838
72842820.09479907,1299.0691275272472
72848300.42130345,1300.1903754786595
72853780.67729929,1301.2612347731158
72859260.86804852,1302.2272100972764
72864741.1079908,1303.182216500998
72870221.6001014,1304.0670865008142
72875702.04356284,1304.5500725296852
72881182.57223777,1305.4103951374086
72886663.0396806,1306.5189532942236
72892143.32840852,1307.6577717026016
72897623.59883377,1308.8562469277108
72903103.70547147,1309.9901504875584
72908583.68539396,1310.9171361415613
72914063.9254532,1311.710366252331
72919544.30079082,1312.7103715431413
72925024.62438804,1313.812727735929
72930504.76684709,1314.8419132766344
72935984.84506668,1315.9489911501437
72941464.80588385,1316.9110932531207
72946944.72822848,1317.8767898850908
72952424.79750761,1318.8157261283177
72957905.01977457,1319.5464741309133
72963385.23378734,1320.1424528015505
72968865.50678927,1321.0164278784373
72974345.67628354,1322.1438317333245
72979825.67080197,1323.2259038195955
72985305.65769225,1324.3886461248655
72990785.46295273,1325.44949713378
72996265.22680548,1326.3045039511137
73001745.23130868,1327.0745216724054
73007225.37544723,1328.0985431721851
73012705.3751646,1329.1346208959758
73018185.25220013,1330.197094427425
73023665.0355196,1331.2626845166442
73029144.73838562,1332.210425972375
73034624.39195737,1333.1228477507789
73040104.27452393,1334.0666890345642
73045584.19268392,1334.6784083091875
73051064.16017446,1335.3271956418573
73056544.1548061,1336.2371388163235
73062024.0014851,1337.35979893165
73067503.75582512,1338.4471545051315
73072983.44534144,1339.549430128138
73078462.93931249,1340.5511277806245
73083942.50599492,1341.3568008885834
73089422.30977295,1342.134426908843
73094902.14698459,1343.1869844089103
73100381.89296365,1344.1702039002737
73105861.47168206,1345.2446471592882
73111341.0052081,1346.2665532556468
73116820.43556821,1347.1554390963245
73122299.8599184,1348.0432898133824
73127779.56470968,1348.950985993479
73133259.232515,1349.4707194304428
73138738.99089012,1350.2200342319686
73144218.7168814,1351.179729729211
73149698.26872407,1352.2370106566984
73155177.74686883,1353.3129577429224
73160657.15626504,1354.373747417228
73166136.36323087,1355.2877136354741
73171615.7511434,1356.048232904106
73177095.33263496,1356.8647097827547
73182574.94661571,1357.8952741299374
73188054.38065235,1358.9011314354655
73193533.68875694,1359.925595842849
73199012.91121031,1360.8875838559593
73204492.08522013,1361.7748559517743
73209971.29269174,1362.6260259949734
73215450.75333382,1363.4738446054262
73220930.1984378,1363.9603401570344
73226409.66880915,1364.7378484161509
73231889.10179643,1365.718640259056
73237368.34883519,1366.7291449693198
73242847.58409679,1367.8161247371713
73248326.67330843,1368.824614641971
73253805.61567922,1369.6847484546422
73259284.80926521,1370.4164273682645
73264764.14650229,1371.220918180467
73270243.44189073,1372.255513953429
73275722.55141716,1373.1930646006128
73281201.58868822,1374.2372519251926
73286680.52231064,1375.1341771649206
73292159.40244284,1375.9883970986987
73297638.3994401,1376.826619648428
73303117.58419797,1377.5396135290966
73308596.7453428,1378.0787191819788
73314075.96782225,1378.8707704006645
73319555.0980887,1379.884749726684
73325034.0581462,1380.8557908356224
73330512.9871009,1381.9034477191833
73335991.76696798,1382.886260835372
73341470.46659945,1383.6685647251497
73346949.41323254,1384.314222373341
73352428.52600119,1385.2181011132204
73357907.52749045,1386.1488221381683
73363386.37854198,1387.118096949938
73368865.15002379,1388.0789523392446
73374343.83526342,1388.9355918957872
73379822.4785877,1389.7698549390875
73385301.31447785,1390.6105642691778
73390780.23331127,1391.234653466846
73396259.19442613,1391.7974829410532
73401738.15739071,1392.6156078906847
73407216.9831877,1393.6057434605232
73412695.70536871,1394.5629873739022
73418174.38294065,1395.5761232226894
73423652.86403908,1396.472108631901
73429131.38957936,1397.197456371782
73434610.15836158,1397.8755772281818
73440088.98746015,1398.7951051989273
73445567.71630295,1399.6953988747755
73451046.28018816,1400.630309178758
73456524.80508505,1401.583320933092
73462003.2357264,1402.3833284625607
73467481.62562375,1403.1795908060983
73472960.28953226,1404.01498534463
73478438.924787,1404.5319496633626
73483917.63369276,1405.1938273087933
73489396.319074,1406.037756075791
73494874.8442931,1407.010559618135
73500353.28219089,1407.9636805330924
73505831.65009508,1408.9612085791034
73511309.81988186,1409.7939050639436
73516788.13861246,1410.4763597252363
73522266.64346784,1411.1694509978608
73527745.21963802,1412.0756422906009
73533223.61222646,1412.9659592307778
73538701.88575785,1413.9055087792399
73544180.09174697,1414.7816376221265
73549658.23613934,1415.5697030408776
73555136.39321212,1416.325942777291
73560614.81547306,1417.1135069537534
73566093.22021274,1417.557386232665
73571571.66440803,1418.2455509348642
73577050.07532512,1419.108955670202
73582528.29595453,1420.024638953631
73588006.49133724,1421.0217998227758
73593484.55330497,1421.9442305360092
73598962.4548353,1422.720111563011
73604440.58421788,1423.3724347355846
73609918.87857988,1424.0752778681851
73615397.14397609,1424.9859457236728
73620875.25730398,1425.8268962284271
73626353.26952654,1426.7627993892027
73631831.20624799,1427.573908195464
73637309.06946068,1428.3331629838844
73642787.01816916,1429.0822602960586
73648265.19424993,1429.764878670414
73653743.34571174,1430.2470775415593
73659221.55621265,1430.958481549072
73664699.6747022,1431.8520414247578
73670177.61920258,1432.7307815785566
73675655.53268085,1433.6674104526633
73681133.30756688,1434.542141952273
73686610.98033196,1435.247080330346
73692088.89726403,1435.8339829393562
73697566.97791433,1436.602107841486
73703044.9677111,1437.454632021682
73708522.79534703,1438.3229224720785
73714000.55723125,1439.1874294825514
73719478.21353479,1439.9522095710472
73724955.8357223,1440.7152743136949
73730433.60003367,1441.458112388367
73735911.50522864,1442.063136303379
73741389.4125734,1442.5701363888575
73746867.32890834,1443.2880309197083
73752345.12433918,1444.1798840069189
73757822.78395922,1445.0721267215163
73763300.40832901,1445.9899804610104
73768777.84419271,1446.8016189682473
73774255.28776945,1447.4561970570776
73779732.99115941,1448.0427256186108
73785210.75631069,1448.834266515479
73790688.42626548,1449.6399867983012
73796165.94346686,1450.481797477917
73801643.41205823,1451.3486223558257
73807120.78711392,1452.0665106458528
73812598.13235989,1452.779390771138
73818075.71256207,1453.5169297452917
73823553.33009447,1454.0167963765211
73829031.00092226,1454.5916478038494
73834508.64421286,1455.338586635747
73839986.13878699,1456.2247592618694
73845463.51738578,1457.0867420414597
73850940.83343899,1457.9808749857684
73856417.96103442,1458.7435796446994
73861895.20086037,1459.3485896674817
73867372.64676742,1459.9421092337222
73872850.16778442,1460.7807679258765
73878327.50234906,1461.5805394480162
73883804.73733926,1462.400053068495
73889281.88569048,1463.199072037938
73894758.97182156,1463.9060431740436
73900236.04862186,1464.5792132165236
73905713.38651428,1465.3077309590014
73911190.74007992,1465.727209800822
73916668.13622886,1466.3419085303162
73922145.48900884,1467.103424697349
73927622.65374622,1467.925311021931
73933099.77839562,1468.798741272319
73938576.78838429,1469.628563951371
73944053.63270523,1470.3336804846422
73949530.67648402,1470.911671317999
73955007.87257743,1471.5012677805646
73960485.08845006,1472.3122645085007
73965962.15552707,1473.078167620453
73971439.10387138,1473.9071641354312
73976915.99476248,1474.6655573737173
73982392.79686023,1475.3419786330683
73987869.65043041,1476.0179686541333
73993346.73880719,1476.6719128124923
73998823.79028538,1477.0777604373238
74004300.9197891,1477.7016505243064
74009777.97251505,1478.502551617422
74015254.82989562,1479.2914386816838
74020731.64908862,1480.1433309504325
74026208.35551734,1480.9384740078485
74031684.92617415,1481.5783119200107
74037161.73168744,1482.1002542553342
74042638.70576306,1482.7312094933973
74048115.61098443,1483.509629812263
74053592.35323225,1484.286499644441
74059069.02004313,1485.0741441238033
74064545.61416882,1485.7784857124188
74070022.15250488,1486.4393369482364
74075498.81216015,1487.0997772834742
74080975.65294103,1487.6691203587932
74086452.47947182,1488.0981712984735
74091929.32828504,1488.72956633372
74097406.06893641,1489.5321769175175
74102882.65534225,1490.3256458230892
74108359.19744048,1491.1646952886856
74113835.5739285,1491.9050841014985
74119311.92421538,1492.4977606032226
74124788.53220254,1493.031036619907
74130265.2123852,1493.71301146293
74135741.82956043,1494.4703253023488
74141218.26052545,1495.2352003863234
74146694.65257129,1496.0053747897148
74152170.93207088,1496.6447394099453
74157647.1814289,1497.286889450347
74163123.63244316,1497.936242833388
74168600.17758857,1498.4265250862413
74174076.77053213,1498.908672911727
74179553.33463879,1499.5615773251138
74185029.75810625,1500.3449552897787
74190506.05574436,1501.0996783831797
74195982.32085806,1501.9063455598334
74201458.38618316,1502.597503034955
74206934.51968786,1503.1418504694648
74212410.89620341,1503.6531417187243
74217887.32281762,1504.375384960652
74223363.60385768,1505.1008099970902
74228839.77032124,1505.8373639221418
74234315.8552054,1506.5679446860115
74239791.87103681,1507.2148787662031
74245267.84857616,1507.8126202118942
74250744.07879065,1508.468548375715
74256220.33394748,1508.8584366928806
74261696.6179042,1509.3682026005185
74267172.8870788,1510.0335401459254
74272648.98098113,1510.8064028868434
74278125.0045001,1511.5725364152927
74283600.93242016,1512.3256150326238
74289076.69142352,1512.9682323593536
74294552.60475843,1513.47841616011
74300028.68425284,1513.976854461461
74305504.80721568,1514.6860570958677
74310980.77650824,1515.3770389868419
74316456.64242297,1516.135580428881
74321932.43028574,1516.8106335210625
74327408.16018726,1517.42093649756
74332883.90474331,1518.002731277034
74338359.90710193,1518.6215380045435
74343835.89736392,1518.9893953787512
74349311.92604879,1519.5334931702332
74354787.89768453,1520.2245788783468
74360263.66036962,1520.946971460701
74365739.38674022,1521.7220625052832
74371214.99850632,1522.4445291113384
74376690.46277478,1523.0229789284908
74382166.15308054,1523.5024136367213
74387642.00898546,1524.0790581295769
74393117.79309763,1524.7899384239024
74398593.45263815,1525.4648874298496
74404069.00092706,1526.1868104993578
74409544.48153402,1526.8315910998394
74415019.89382713,1527.4119704228347
74420495.39138821,1527.989171272408
74425971.1142947,1528.5197185830932
74431446.8414366,1528.8927912082224
74436922.59395832,1529.449835117374
74442398.24168478,1530.156812404558
74447873.72567408,1530.8509862372032
74453349.16253132,1531.5968436072633
74458824.47097796,1532.271910464937
74464299.6925453,1532.809380189111
74469775.15148416,1533.2395587192996
74475250.74487223,1533.8321172188228
74480726.26587866,1534.5072914757227
74486201.6213491,1535.1954268561415
74491676.91914311,1535.8835410606146
74497152.10837425,1536.4684960709367
74502627.26037306,1537.0559904015688
74508102.55922808,1537.6173708103217
74513577.99042079,1538.0859851379687
74519053.46138349,1538.472247670913
74524528.91504464,1539.0333378911025
74530004.24186958,1539.7319920685557
74535479.43970424,1540.4241440478183
74540954.60099827,1541.141469140087
74546429.57824716,1541.7683946299153
74551904.57434371,1542.2630004283956
74557379.81369002,1542.6823131988476
74562855.10895672,1543.298709547865
74568330.30211303,1543.9552782406802
74573805.35122909,1544.6149930498757
74579280.36271457,1545.295529790296
74584755.27379306,1545.8462191811202
74590230.1549069,1546.388594779218
74595705.26218416,1546.9482844795973
74601180.43816389,1547.3270895698104
74606655.65585779,1547.775747179662
74612130.83188967,1548.3574502449583
74617605.85575818,1549.043609301967
74623080.76245211,1549.7231229656377
74628555.61269172,1550.4174045667019
74634030.2806829,1550.9989740537587
74639505.06281318,1551.4483225994875
74644980.03831717,1551.8863213011005
74650455.08858581,1552.5312780346285
74655929.95728749,1553.1711555943941
74661404.71941057,1553.8065629053565
74666879.40880936,1554.437512230656
74672354.03291932,1554.9788324883
74677828.63859713,1555.4835933899183
74683303.51248014,1556.044046690086
74688778.41368121,1556.348252416783
74694253.3641363,1556.8150919150614
74699728.2559484,1557.404255408484
74705202.95664755,1558.0522335510577
74710677.62183037,1558.727370351438
74716152.1767105,1559.3751497894114
74721626.57620572,1559.90601300552
74727101.16672984,1560.3283441482447
74732575.89635025,1560.7676865390722
74738050.64746189,1561.4125422866214
74743525.24029468,1562.0093013748105
74748999.75101995,1562.6623913669157
74754474.17873582,1563.2351936851337
74759948.53309107,1563.7533803268673
74765422.93829039,1564.25845367939
74770897.57080644,1564.7603373308966
74776372.18906671,1565.083654055466
74781846.85440157,1565.5574322143998
74787321.44445807,1566.1734914520248
74792795.8368926,1566.7871083269513
74798270.21132264,1567.464257557559
74803744.45498773,1568.060977822363
74809218.58090669,1568.5475155458141
74814692.93826185,1568.9513699808997
74820167.41739213,1569.4249569670887
74825641.84144166,1570.051169733767
74831116.11828557,1570.671771087365
74836590.30368744,1571.2984714704432
74842064.42334186,1571.8398865785755
74847538.47809272,1572.337422508262
74853012.64993063,1572.8272008861275
74858487.01074497,1573.2432989699241
74863961.39165056,1573.5596807774882
74869435.78731921,1574.0487852657636
74874910.06600823,1574.6797955829536
74880384.19628538,1575.2762135857386
74885858.27228978,1575.9258919172794
74891332.20697202,1576.4992453922146
74896806.09818079,1576.9464168084432
74902280.22693689,1577.2908324629698
74907754.44960213,1577.8344908454214
74913228.60585283,1578.3999590452297
74918702.60350119,1579.0090084432538
74924176.52817854,1579.5952426658293
74929650.36929834,1580.1000978928691
74935124.16678426,1580.5833191281235
74940598.15014987,1581.0688993980068
74946072.25700334,1581.4357615134206
74951546.39917473,1581.7644365377155
74957020.52319568,1582.2595992151103
74962494.49542995,1582.8631553530404
74967968.35160623,1583.4530350342945
74973442.17943421,1584.0611793331616
74978915.82567562,1584.5871112746186
74984389.53028221,1584.9954480594129
74989863.4523965,1585.3474339251811
74995337.42506592,1585.9196998276611
75000811.28019708,1586.4889893232485
75006284.9857847,1587.0784393406136
75011758.65415923,1587.6539848467285
75017232.22169957,1588.1154795248697
75022705.76421708,1588.570686503854
75028179.55447091,1589.0472263588938
75033653.37882939,1589.341244526382
75039127.25703532,1589.7462020861283
75044601.08400756,1590.2558058053598
75050074.74883768,1590.8357006090275
75055548.32183953,1591.421732185791
75061021.84462486,1592.0053535363766
75066495.17906882,1592.4797646680927
75071968.66448794,1592.853013179611
75077442.33515818,1593.249104904235
75082915.9838267,1593.8114333094477
75088389.50511661,1594.3793920230214
75093862.90438731,1594.963272531909
75099336.22166538,1595.5074277598276
75104809.47151592,1595.965633767766
75110282.71692282,1596.3886956047504
75115756.22890978,1596.8503935752865
75121229.75276573,1597.0798846581895
75126703.3375948,1597.4862466950071
75132176.85080318,1598.0121074190015
75137650.1786915,1598.5736564705528
75143123.4739019,1599.1416701058458
75148596.6633827,1599.6903953651067
75154069.7144817,1600.128339562537
75159542.97342508,1600.4725540810819
75165016.35113466,1600.8480222971093
75170489.74925314,1601.4121431088556
75175962.97487183,1601.9385809012988
75181436.14062846,1602.4958835199977
75186909.20198072,1602.9752755109441
75192382.21559772,1603.4228381949024
75197855.29518743,1603.8291180222375
75203328.60762839,1604.24130720899
75208801.92913252,1604.4941360639943
75214275.26499291,1604.8958673842324
75219748.51454276,1605.4376169590191
75225221.58389102,1605.9685706685402
75230694.62295847,1606.5478757581518
75236167.53551075,1607.044463917644
75241640.36899766,1607.4459469671071
75247113.43797211,1607.7746755513144
75252586.59817855,1608.2038067939877
75258059.71033752,1608.7569674380957
75263532.65621646,1609.2794452947387
75269005.53444803,1609.8325242822261
75274478.31421974,1610.2737382893392
75279951.03892161,1610.6961881279983
75285423.91645098,1611.1017294680462
75290896.9528157,1611.4273235803353
75296370.03044549,1611.6984574570918
75301843.11076084,1612.1193163202724
75307316.06100665,1612.6669777344932
75312788.87139155,1613.1645137441185
75318261.6403191,1613.7235009287454
75323734.26328251,1614.1881466655605
75329206.8756114,1614.5498833621946
75334679.71458563,1614.8430758354834
75340152.6360025,1615.308481753988
75345625.44069786,1615.8301792408308
75351098.11145055,1616.3346414225118
75356570.72403494,1616.8545963643833
75362043.2440095,1617.282564428659
75367515.71185687,1617.6827312856858
75372988.37988509,1618.0980185875108
75378461.15359055,1618.3781934493363
75383933.9560736,1618.6680193551556
75389406.74807812,1619.095169158899
75394879.38503432,1619.6290076060634
75400351.9110002,1620.1457757916473
75405824.37408273,1620.6677511462065
75411296.67899884,1621.1035084108755
75416769.07008949,1621.4374334051674
75422241.63889325,1621.7281393724754
75427714.26875494,1622.2436960809018
75433186.7632792,1622.7274519923865
75438659.12688376,1623.259009402979
75444131.4261528,1623.730379819648
75449603.63640313,1624.1274004666548
75455075.84087467,1624.4993062327883
75460548.2849356,1624.8930942164332
75466020.78641091,1625.1197105463013
75471493.3346497,1625.447278590346
75476965.83255447,1625.8827758198508
75482438.14059614,1626.3860698483752
75487910.3962585,1626.9062725470453
75493382.55709648,1627.4032416418302
75498854.5537744,1627.800817392132
75504326.71898831,1628.1009615739856
75509799.05204844,1628.4137624590267
75515271.36751813,1628.9087197090348
75520743.554027,1629.3718458144401
75526215.63413781,1629.860914395877
75531687.6421036,1630.3016134995414
75537159.58758111,1630.6790762852538
75542631.55550066,1631.040441028525
75548103.76433475,1631.4141287886844
75553575.97417915,1631.6227705988563
75559048.24335934,1631.9677464671981
75564520.43036406,1632.4283742594646
75569992.42326923,1632.9078740555556
75575464.36752301,1633.405990441883
75580936.21930638,1633.8693006228746
75586407.93856983,1634.218071706576
75591879.87151405,1634.4876383189544
75597351.94900851,1634.8616459224372
75602823.96270877,1635.3303220342082
75608295.83918013,1635.804184909485
75613767.6085961,1636.2706831618239
75619239.3255757,1636.677632896335
75624710.97739615,1637.038958660271
75630182.71909806,1637.3825521861836
75635654.6730091,1637.7109307888056
75641126.6469826,1637.9127501792454
75646598.63147396,1638.2643107014046
75652070.51060832,1638.7327461206592
75657542.23168363,1639.1878569150717
75663013.90963672,1639.6837803658962
75668485.45475782,1640.1115341223199
75673956.93260278,1640.4373648902795
75679428.6381373,1640.6712622257319
75684900.45235817,1641.0594284723481
75690372.19967753,1641.499989039549
75695843.79765472,1641.9524120755384
75701315.32829025,1642.4082617766442
75706786.75987436,1642.7728036463552
75712258.15369959,1643.137289629773
75717729.69473244,1643.4669792958098
75723201.36454447,1643.7564303055983
75728673.07357354,1643.9764455667514
75734144.75818546,1644.3306695454003
75739616.31550619,1644.787018656798
75745087.74197187,1645.23054921925
75750559.14059974,1645.6939459334037
75756030.37400252,1646.0874553608064
75761501.6285955,1646.3819814529172
75766973.09651175,1646.6160636123623
75772444.62481661,1647.0182936099006
75777916.05746852,1647.466386773576
75783387.33558387,1647.9058451229007
75788858.57706235,1648.3433772435264
75794329.72168821,1648.6831383976985
75799800.84157926,1649.0056126449722
75805272.17425121,1649.3412150749516
75810743.5946411,1649.54972631907
75816215.0589616,1649.805703320573
75821686.47599883,1650.1697127660827
75827157.73462771,1650.6018583368607
75832628.90786833,1651.038145516277
75838100.03242658,1651.4856987328494
75843570.97298737,1651.8414925565041
75849042.02211237,1652.0925345554163
75854513.26666626,1652.3467063733906
75859984.56317505,1652.7328426450308
75865455.72563197,1653.1613016721499
75870926.75360127,1653.5705852524334
75876397.73231481,1653.987086500232
75881868.6377604,1654.3127304970965
75887339.52276695,1654.613069343515
75892810.666533,1654.944898022107
75898281.8364794,1655.0998147582045
75903753.0682184,1655.370857874881
75909224.24258162,1655.7461136663837
75914695.23140545,1656.171459581338
75920166.17008625,1656.5935047282437
75925637.02799906,1657.0079599948667
75931107.73260257,1657.3225731139903
75936578.61661194,1657.5563240843233
75942049.64734976,1657.8249473916692
75947520.66718373,1658.2499746251601
75952991.54979458,1658.6664100630567
75958462.32160667,1659.0716322067994
75963933.0116147,1659.4489807807724
75969403.65933393,1659.7630219874761
75974874.32987753,1660.0387044343115
75980345.25316755,1660.3400661093463
75985816.19641244,1660.491255588859
75991287.14684479,1660.7750449088867
75996758.02500294,1661.1540802571221
76002228.72986852,1661.5561399301218
76007699.42081636,1661.9733228453742
76013169.98092142,1662.3472276404148
76018640.43155698,1662.6346925902253
76024111.10666914,1662.8426665407528
76029581.87639514,1663.1308972742388
76035052.62452003,1663.5363480304886
76040523.2149396,1663.9365530712475
76045993.71944682,1664.3447208655969
76051464.13131835,1664.6761583939601
76056934.48020557,1664.981638849757
76062404.9292204,1665.2546252993097
76067875.56812377,1665.5102985588298
76073346.23805587,1665.6652139334694
76078816.9131785,1665.9456317742754
76084287.48588029,1666.3393991180837
76089757.89894664,1666.7235302125332
76095228.28484182,1667.1423746408848
76100698.51576874,1667.4807906573799
76106168.71865317,1667.7339219842852
76111639.15109748,1667.9356643677725
76117109.63899575,1668.2545782159273
76122580.06202924,1668.6603112205034
76128050.33627255,1669.025821601927
76133520.5330957,1669.4338452611853
76138990.65383805,1669.7303891829058
76144460.71683127,1670.001663182918
76149930.95405127,1670.2760062450986
76155401.31251411,1670.467933989658
76160871.72592032,1670.6527781423138
76166342.11655806,1670.9433576815366
76171812.37339988,1671.3290816923504
76177282.49969968,1671.7017841034772
76182752.59194957,1672.100811285288
76188222.51486881,1672.419079527324
76193692.47133301,1672.642498555566
76199162.63493471,1672.820289339131
76204632.87388177,1673.1546528569036
76210102.99097744,1673.5264233191715
76215572.96854746,1673.8821882842988
76221042.89406024,1674.2434379726262
76226512.74215584,1674.521327449806
76231982.55732982,1674.771282739423
76237452.59230505,1675.053885925201
76242922.68347609,1675.1978242091404
76248392.81172717,1675.4084719016794
76253862.919788,1675.7042690341464
76259332.8641348,1676.0838512593925
76264802.71653615,1676.4575178901691
76270272.488019,1676.8202051134358
76275742.1138652,1677.1039610064136
76281211.85778143,1677.3026600607873
76286681.76061752,1677.486311548267
76292151.7304926,1677.8503150700637
76297621.53260489,1678.1927003017447
76303091.23563634,1678.5533687235652
76308560.84978408,1678.8838965636126
76314030.41786838,1679.143123913437
76319499.97039992,1679.3703151359305
76324969.78702752,1679.6309712397801
76330439.63445993,1679.7414295657627
76335909.52177332,1679.9561396700967
76341379.35096133,1680.2600810201202
76346849.00035761,1680.6122775951942
76352318.6122099,1680.9757609641351
76357788.12579806,1681.3124990236934
76363257.49151757,1681.564711838944
76368727.04183571,1681.7399143270216
76374196.72767891,1681.9256395044565
76379666.42353797,1682.283408110122
76385135.959482,1682.6112301498001
76390605.423045,1682.958687082152
76396074.79394324,1683.2502390972554
76401544.11283278,1683.4990099071495
76407013.47615746,1683.7236218076437
76412483.06032033,1683.9549141195832
76417952.65282936,1684.0843882623917
76423422.2636071,1684.3058215105686
76428891.80174093,1684.626309035332
76434361.1540051,1684.9490299612219
76439830.46994166,1685.3056761096204
76445299.6805804,1685.6037176485174
76450768.79406452,1685.8286655256702
76456238.1322694,1685.9885638837497
76461707.54851563,1686.2246602092273
76467176.93412945,1686.5743458034842
76472646.16315399,1686.906527930559
76478115.29745789,1687.2613984043164
76483584.34600824,1687.5261824330269
76489053.33014958,1687.7592009246036
76494522.43065782,1687.9659415778397
76499991.71537602,1688.1494559334176
76505461.03259106,1688.2580406903357
76510930.35402079,1688.4827523947174
76516399.56898357,1688.8100399086475
76521868.62410964,1689.1120926921838
76527337.6692616,1689.4582137995253
76532806.56525706,1689.7262852868325
76538275.4303145,1689.9198981181135
76543744.51254545,1690.046316289172
76549213.70058043,1690.3090059059612
76554682.786178,1690.624044434243
76560151.76056278,1690.9295711536308
76565620.63488862,1691.2542622010365
76571089.4520632,1691.4977347008896
76576558.21686612,1691.7044000083915
76582027.15511318,1691.9177510304905
76587496.22376102,1692.055110286893
76592965.32083987,1692.1865964403887
76598434.40665576,1692.4178747121077
76603903.3593519,1692.7451879035978
76609372.18031996,1693.0525942738782
76614840.95660232,1693.3768648757655
76620309.57913703,1693.6291057800192
76625778.24408646,1693.795551030105
76631247.10731946,1693.9200977567664
76636716.04728518,1694.2049722481268
76642184.8572174,1694.5095570240453
76647653.53330474,1694.8102936978285
76653122.14292377,1695.1039071516097
76658590.68440805,1695.3272281618306
76664059.19151174,1695.511490332653
76669527.91969518,1695.7369097888447
76674996.70380868,1695.8219128957364
76680465.52437137,1695.9659798978646
76685934.33133274,1696.2021104926507
76691402.96493004,1696.5124685276312
76696871.52940002,1696.8198063069763
76702340.0101347,1697.1071114610882
76707808.34833238,1697.3282965164765
76713276.81000517,1697.4777889986594
76718745.43744011,1697.59423414544
76724214.09761988,1697.9018349980572
76729682.61711568,1698.1769971276929
76735151.04063293,1698.4728385036824
76740619.37518923,1698.73523678851
76746087.6684201,1698.9348260431373
76751555.95023099,1699.1039402660572
76757024.49014235,1699.301456535368
76762493.05928603,1699.3726239630466
76767961.66065139,1699.5340296808502
76773430.2064089,1699.778425544744
76778898.57243194,1700.0655049194424
76784366.90024458,1700.3690165783128
76789835.12926012,1700.6397061582998
76795303.21190172,1700.833201146854
76800771.48251373,1700.9552314541
76806239.88892217,1701.0753890040069
76811708.30571157,1701.3745380125386
76817176.56408858,1701.6360515782808
76822644.74791762,1701.9229576923053
76828112.84787747,1702.1590453198023
76833580.88617079,1702.346166104444
76839048.97186215,1702.5157123271379
76844517.27561522,1702.6833594148961
76849985.58012204,1702.7650427407668
76855453.9119736,1702.9333991951887
76860922.16903622,1703.1946496090582
76866390.2424607,1703.4536688733513
76871858.28973708,1703.75253800786
76877326.22007994,1703.9883772898042
76882794.05582094,1704.1561154158683
76888262.11393362,1704.2616499142578
76893730.25049374,1704.444483060151
76899198.35378678,1704.7306965441844
76904666.30445273,1705.001289775238
76910134.15753257,1705.2944209048478
76915601.92831084,1705.5005527273581
76921069.63651045,1705.6752685044646
76926537.46247257,1705.8220584426451
76932005.46857756,1705.9511185436581
76937473.50589198,1706.011654896282
76942941.54821786,1706.1817207614843
76948409.48463048,1706.447278563962
76953877.26218241,1706.6880275429883
76959345.03185102,1706.9694062054077
76964812.65193701,1707.1772706319193
76970280.24325216,1707.3159819927344
76975748.05121987,1707.3871989140707
76981215.96373564,1707.5930537360248
76986683.77376734,1707.8468312893956
76992151.4732093,1708.092739991719
76997619.07283334,1708.357515907139
77003086.61597948,1708.5440536983708
77008554.10750492,1708.693764684406
77014021.77125208,1708.8482251969738
77019489.56267762,1708.9323770589033
77024957.3831929,1709.0150188458726
77030425.19270538,1709.1893375660757
77035892.8701207,1709.4541474577618
77041360.41918878,1709.7004345747082
77046827.92369841,1709.964519689495
77052295.27353269,1710.1572711543943
77057762.66432948,1710.2691626278406
77063230.25286539,1710.3410797220827
77068697.92046718,1710.5623272575376
77074165.45979463,1710.8083028094188
77079632.86341842,1711.0486252159521
77085100.20282473,1711.2847125988933
77090567.47361042,1711.4503473846044
77096034.7111166,1711.5783958925874
77101502.1671787,1711.7453010725021
77106969.67523809,1711.7818626848664
77112437.22038148,1711.8815288789922
77117904.75199363,1712.0588055033693
77123372.11566764,1712.3106250695205
77128839.40309799,1712.5569319804144
77134306.6048039,1712.7880936639258
77139773.66813225,1712.9517562785586
77145240.85063091,1713.0421477028503
77150708.18897016,1713.114083792002
77156175.58568673,1713.3607461024842
77161642.82266328,1713.5800259346317
77167109.96139766,1713.815885505139
77172577.01129416,1714.024550740077
77178044.01934598,1714.167980253503
77183511.01445232,1714.2795200050887
77188978.26851514,1714.4181584596663
77194445.55009793,1714.433754779522
77199912.87102011,1714.5415770108307
77205380.13560504,1714.726564800535
77210847.22650915,1714.9549401629956
77216314.27972545,1715.1922545603745
77221781.23778106,1715.4035402908935
77227248.0498581,1715.5408321369287
77232715.04443872,1715.6088533358272
77238182.17674619,1715.6818506884395
77243649.31914389,1715.9187959339047
77249116.29923166,1716.135698709475
77254583.20412277,1716.3593224782098
77260050.01359591,1716.5351202213917
77265516.78265697,1716.6726287588842
77270983.59178734,1716.7774934399247
77276450.62022392,1716.8966679975613
77281917.66596428,1716.9273449715017
77287384.71727955,1717.0403028806477
77292851.69857964,1717.2354538163345
77298318.50518435,1717.4391842531434
77303785.2997586,1717.6722987175433
77309251.96469285,1717.8508731333718
77314718.53579262,1717.9650695621658
77320185.32782035,1718.0135803366431
77325652.200188,1718.1398663850368
77331119.04863422,1718.3629104774693
77336585.73769566,1718.5754389714486
77342052.33744526,1718.8066365424702
77347518.8422951,1718.9582058744147
77352985.28645426,1719.0841984659846
77358451.839505,1719.173688138661
77363918.56925282,1719.2572969813955
77369385.3302996,1719.2672329127304
77374852.0972751,1719.3803333655446
77380318.7631847,1719.5853235067716
77385785.27092655,1719.7790412082034
77391251.76331188,1720.0017492817703
77396718.09800223,1720.1553421720898
77402184.41267133,1720.2403583444375
77407650.9553096,1720.2738746758819
77413117.54742001,1720.4213984456187
77418584.07497916,1720.6387265351684
77424050.45418017,1720.823620680288
77429516.75668627,1721.0479830608745
77434982.9844675,1721.1720786555752
77440449.15812668,1721.2729469090125
77445915.5103413,1721.3625554127466
77451381.97356252,1721.3963957502824
77456848.48995946,1721.432609100878
77462314.98465396,1721.5505360661962
77467781.34850438,1721.7494377305072
77473247.5910509,1721.9372013452694
77478713.79803774,1722.1458357979704
77484179.83980174,1722.283460784842
77489645.91149798,1722.3435531387327
77495112.18767141,1722.3627800699796
77500578.53456922,1722.5049353103109
77506044.78385018,1722.6994918183177
77511510.88042936,1722.8776655162726
77516976.93379726,1723.0630573761682
77522442.9084375,1723.1683406226455
77527908.85405621,1723.2475895457035
77533375.01181816,1723.348082424649
77538841.22773963,1723.346495825372
77544307.49141686,1723.410483483692
77549773.70897649,1723.5335310673502
77555239.77264091,1723.7177902717392
77560705.74728213,1723.9001944108588
77566171.65755156,1724.0906136527592
77571637.40758617,1724.2009315882526
77577103.26969951,1724.2300382888402
77582569.30220914,1724.2624353460258
77588035.40195033,1724.4133978322366
77593501.3531367,1724.5933375828554
77598967.18745317,1724.7607957575274
77604432.95459051,1724.9303975990895
77609898.66105445,1725.0203573137937
77615364.35072614,1725.082038997586
77620830.29425491,1725.1650811567638
77626296.25788487,1725.127527059336
77631762.27974051,1725.1815396605634
77637228.24991341,1725.3158811248018
77642694.04190922,1725.4910403700046
77648159.78117831,1725.6593526496938
77653625.44941503,1725.8183695156733
77659090.96700048,1725.8987162261462
77664556.660968,1725.9146992381943
77670022.50559807,1725.95074616267
77675488.33867428,1726.133029941864
77680954.03302658,1726.3064710741937
77686419.6153641,1726.4676810111405
77691885.12799326,1726.6136394223972
77697350.58426806,1726.6899644030138
77702816.06654197,1726.7387639718067
77708281.79750013,1726.7947138667969
77713747.54020104,1726.7431358766114
77719213.3174962,1726.806672564591
77724679.01455623,1726.9445530015546
77730144.55372496,1727.101149156229
77735610.06244601,1727.2616702871233
77741075.46307439,1727.3918822403573
77746540.75958185,1727.4518353452825
77752006.26441245,1727.4363739706744
77757471.87600492,1727.5036353512348
77762937.46677126,1727.65413619516
77768402.91503166,1727.8122459716917
77773868.25792512,1727.9626496203457
77779333.54113922,1728.0643326818256
77784798.76951475,1728.1347597474426
77790264.08884695,1728.1692188973952
77795729.59565327,1728.2148758943372
77801195.11814147,1728.1685124107084
77806660.65052852,1728.2333196520635
77812126.08691016,1728.3830915947733
77817591.37100111,1728.5252086844496
77823056.62031046,1728.6924087966481
77828521.72776198,1728.8056176803505
77833986.78654633,1728.8453998180423
77839452.06940554,1728.799260001778
77844917.44879109,1728.9016248286641
77850382.75949076,1729.0288820260398
77855847.93077488,1729.1737414077247
77861313.02584095,1729.3202043095016
77866778.0332385,1729.3959598722802
77872243.00427222,1729.4623597859127
77877708.12047744,1729.4890279185431
77883173.35666221,1729.511203159199
77888638.62058651,1729.478905177638
77894103.86459568,1729.544251594004
77899568.98535109,1729.6869726338568
77905033.98691902,1729.8190417033707
77910498.95277865,1729.9636444876487
77915963.7677052,1730.0505694112685
77921428.60222962,1730.0673023412917
77926893.63729562,1730.0330425927484
77932358.75600554,1730.1465950805466
77937823.75401215,1730.292716682756
77943288.60161527,1730.4437097703144
77948753.38371275,1730.576546845226
77954218.07295121,1730.6351102023982
77959682.7362702,1730.6659522060397
77965147.60068572,1730.7023480165817
77970612.55103664,1730.6520634271392
77976077.54538015,1730.6355296053168
77981542.51416557,1730.702219204158
77987007.32000925,1730.8382534873745
77992472.05789633,1730.9635629767563
77997936.725045,1731.0825957892662
78003401.24991207,1731.142315838401
78008865.86544706,1731.1364134586463
78014330.65750943,1731.0958638798884
78019795.4938696,1731.208376765266
78025260.22994272,1731.3222715271284
78030724.8087216,1731.4661757305594
78036189.34508815,1731.5764820829438
78041653.7960948,1731.612412200022
78047118.24646538,1731.6269923098641
78052582.93037134,1731.6511834649637
78058047.65281413,1731.5815964062547
78063512.42089866,1731.5807764502247
78068977.14550644,1731.6538373549665
78074441.69081736,1731.7775163136969
78079906.18544959,1731.9084464691296
78085370.59245059,1732.0189131322354
78090834.84171245,1732.0594710356957
78096299.24881296,1732.0282532938547
78101763.8176294,1731.983844443507
78107228.39158319,1732.1157549490445
78112692.82674976,1732.2104601917615
78118157.1657916,1732.3264996092337
78123621.43020377,1732.4087421638078
78129085.64074995,1732.4352791542465
78134549.8721055,1732.4370905900582
78140014.33696732,1732.4548653443976
78145478.80742967,1732.3809229080473
78150943.2940201,1732.3855522432411
78156407.72440216,1732.4648739947584
78161871.97569758,1732.5669788952541
78167336.19198544,1732.697213062825
78172800.29965109,1732.7815533666874
78178264.27914742,1732.7929655738676
78183728.46835236,1732.7421124917169
78189192.81693046,1732.7164260823945
78194657.10534507,1732.8405090089423
78200121.2656633,1732.9246611924646
78205585.3265578,1733.0429118902407
78211049.31663251,1733.0984522233741
78216513.24424483,1733.1151593771945
78221977.25918117,1733.0964724549035
78227441.47106598,1733.0887576603193
78232905.70428936,1732.9876468840123
78238369.95437062,1732.991831213413
78243834.11887312,1733.0873153577447
78249298.1140069,1733.1654949402991
78254762.09236595,1733.2835116655883
78260225.93870135,1733.333002987398
78265689.72507605,1733.326052233876
78271153.73189886,1733.2532599606118
78276617.82456946,1733.2826757826506
78282081.86627819,1733.3849585184753
78287545.75538458,1733.4698359788008
78293009.57210238,1733.582409357332
78298473.29697369,1733.606436856952
78303936.97291046,1733.6153412925894
78309400.7982812,1733.583784518457
78314864.76258408,1733.5417016295335
78320328.77610308,1733.4549868518955
78325792.77585739,1733.4645392971397
78331256.65706412,1733.5601562344038
78336720.39488977,1733.6207875666498
78342184.11573479,1733.7230948966383
78347647.68386321,1733.7479593980092
78353111.25212874,1733.7147445932526
78358575.03188042,1733.6393595457141
78364038.89846836,1733.6669476163454
78369502.66936454,1733.7623652716725
78374966.28191225,1733.8313738361287
78380429.85501413,1733.91484393783
78385893.33695145,1733.9135614190327
78391356.79096447,1733.8962263070368
78396820.43130007,1733.878006937495
78402284.17125025,1733.7829193955197
78407747.95360485,1733.7304522509494
78413211.69864422,1733.739605918735
78418675.30235319,1733.818977974203
78424138.8047115,1733.890168155791
78429602.2598817,1733.9762156993806
78435065.54682946,1733.988243943543
78440528.90461734,1733.9292587915347
78445992.46868813,1733.8436247466348
78451456.07482406,1733.8722560256808
78456919.58471772,1733.9437969652308
78462382.93497163,1734.0119374659805
78467846.25387292,1734.0834827596861
78473309.48976345,1734.0685232236751
78478772.69748479,1734.0308919416414
78484236.136379,1734.0235226539435
78489699.59656897,1733.8928586425252
78495163.10324147,1733.8599484523804
78500626.56878306,1733.874421748389
78506089.87928754,1733.939410064981
78511553.11150621,1734.0028831315412
78517016.2791435,1734.0650997333864
78522479.2831967,1734.0500197006359
78527942.43313831,1733.9716285120703
78533405.76794465,1733.8940863136452
78538869.07963213,1733.9724573262902
78544332.26634961,1734.0296728638555
78549795.33360797,1734.0956087529628
78555258.32679127,1734.1467917095538
78560721.2425631,1734.1232257721722
78566184.15469849,1734.0718431060773
78571647.3155328,1734.0353306156064
78577110.47528984,1733.8866889255135
78582573.69704522,1733.8383385336278
78588036.85787204,1733.8638495459345
78593499.8389565,1733.9157605274797
78598962.76981595,1733.984132991467
78604425.62038879,1734.0190231678648
78609888.32133035,1733.9823053784721
78615351.2208324,1733.8815218712186
78620814.28673345,1733.8123708631067
78626277.28742538,1733.883221053308
78631740.16059811,1733.9393682830319
78637202.91690671,1733.988538740692
78642665.6024828,1734.016355945511
78648128.2327705,1733.9761357754867
78653590.90849906,1733.9103748726939
78659053.81204483,1733.8466838536874
78664516.69546372,1733.6922390230006
78669979.63541959,1733.6488667017713
78675442.48798938,1733.6842532227502
78680905.17374441,1733.7139414555945
78686367.82664055,1733.7784617565235
78691830.36257412,1733.7901259786722
78697292.80038343,1733.7370702786604
78702755.45220868,1733.6112095057688
78708218.20694973,1733.5741385406127
78713680.91927072,1733.6145172641636
78719143.4955763,1733.6587003632249
78724605.96557581,1733.7116921569582
78730068.3704662,1733.695432466832
78735530.7194117,1733.6445620695356
78740993.19108298,1733.5651796950401
78746455.82363228,1733.4758177151994
78751918.47608185,1733.3247897715805
78757381.13956647,1733.2786418611713
78762843.69931526,1733.3156390528266
78768306.10522884,1733.3230204414108
78773768.49874026,1733.3720908976647
78779230.74515866,1733.3545152179997
78784692.9599824,1733.277564232401
78790155.39447024,1733.1210389475823
78795617.93889497,1733.104524452641
78801080.38195784,1733.1196976692793
78806542.71569549,1733.1423750671484
78812004.94732276,1733.176368794131
78817467.12445424,1733.1414497505484
78822929.25270991,1733.0692224748677
78828391.55138235,1732.997236258751
78833853.96506405,1732.8601160564438
78839316.40476324,1732.7306107034476
78844778.84095435,1732.6801350078806
78850241.14739229,1732.714861312714
78855703.32620719,1732.7322288211124
78861165.46526943,1732.7698436327278
78866627.44143817,1732.73844396099
78872089.45340404,1732.6330440166548
78877551.67101298,1732.480293658653
78883013.97292057,1732.462046874092
78888476.15292983,1732.484848609758
78893938.19093859,1732.4930019453034
78899400.17681018,1732.5090944527162
78904862.08766347,1732.4484887355206
78910323.96636604,1732.358907493014
78915786.06009209,1732.2942942170494
78921248.19725388,1732.118513697388
78926710.38046665,1732.020383381255
78932172.52941868,1731.9724384725125
78937634.52454826,1731.986616589085
78943096.4282641,1732.0011928944014
78948558.26770061,1732.0207163845166
78954019.94402537,1731.9649354155706
78959481.73411901,1731.8297322941996
78964943.69869167,1731.689687409542
78970405.73382978,1731.6694227066357
78975867.61565109,1731.6816848362625
78981329.38151732,1731.6803453729322
78986791.07915357,1731.681618291553
78992252.71519199,1731.6063797463614
78997714.33380388,1731.5000518923005
79003176.2034124,1731.4126222920731
79008638.07985051,1731.20908502436
79014100.02183224,1731.0965925735854
79019561.91544007,1731.0610463313292
79025023.62520766,1731.066514044866
79030485.28167069,1731.0701632307532
79035946.8655093,1731.0629439112731
79041408.29281825,1730.9779171822047
79046869.89871621,1730.8273854302754
79052331.66884227,1730.6963587921248
79057793.415627,1730.7102629464903
79063255.02824225,1730.7080089283934
79068716.52567466,1730.7038433645312
79074177.95556997,1730.6796251822536
79079639.32344033,1730.5873317928551
79085100.71908544,1730.4760676797787
79090562.35062853,1730.3571306424597
79096023.97087675,1730.1499446411956
79101485.66141957,1730.0431323641935
79106947.26813643,1730.0166668290453
79112408.69587217,1730.0057937926265
79117870.07694025,1730.0031694957206
79123331.36990036,1729.9722176784994
79128792.53794292,1729.8611869288402
79134253.91284944,1729.6808513053038
79139715.43292357,1729.5896040463372
79145176.90260687,1729.5677487491141
79150638.23402743,1729.560675815753
79156099.45464315,1729.5469312332148
79161560.62054552,1729.4862944064937
79167021.72449304,1729.3812757026774
79172482.92489643,1729.2480171665143
79177944.30758758,1729.1131812085828
79183405.7181054,1728.89512448232
79188867.14659865,1728.7898335270816
79194328.47588977,1728.7697387098765
79199789.64582114,1728.728171278271
79205250.79127456,1728.7288889667925
79210711.80858693,1728.668731087782
79216172.75718047,1728.5461701869067
79221633.92528653,1728.3420271178675
79227095.19936123,1728.2566896176452
79232556.40581204,1728.2307868561513
79238017.47602041,1728.201923463824
79243478.45821708,1728.1993766941016
79248939.3648164,1728.112533802872
79254400.21369955,1727.9932711054807
79259861.2232855,1727.853849925412
79265322.35940246,1727.6817913754278
79270783.53332423,1727.4762343387135
79276244.70519178,1727.3732525510984
79281705.75592664,1727.3551624586044
79287166.67838547,1727.2979128114198
79292627.56561421,1727.282546682274
79298088.30997726,1727.1980245355844
79303549.04700369,1727.0483641544195
79309010.00050233,1726.834908673731
79314471.05403917,1726.7526924717386
79319931.99316867,1726.7306914996777
79325392.78312106,1726.6835488149222
79330853.52644873,1726.6544888183735
79336314.17888771,1726.538735481236
79341774.79415308,1726.406368597383
79347235.59952177,1726.2740247184433
79352696.49064575,1726.0555422848574
79358157.42027868,1725.8849800782903
79363618.3192519,1725.7756408057635
79369079.07695027,1725.7414534237114
79374539.72874273,1725.6985255880597
79380000.33170503,1725.6716848990293
79385460.76308666,1725.5693247099516
79390921.26650468,1725.393316547918
79396381.98111627,1725.1853094330847
79401842.74350575,1725.0947475242085
79407303.39928345,1725.05219908463
79412763.89684522,1725.0029317114656
79418224.36383337,1724.9590754939443
79423684.744354,1724.824027521074
79429145.09921551,1724.6717278533258
79434605.68606508,1724.5439501130804
79440066.28690937,1724.2889404276775
79445526.93748446,1724.137416881236
79450987.54787211,1724.0336188258793
79456448.00171746,1723.9789738648942
79461908.38213348,1723.9290076313482
79467368.70497459,1723.8755063423407
79472828.85161261,1723.746037265696
79478289.14326796,1723.548537082741
79483749.62585807,1723.3458397010309
79489210.08751509,1723.303773087487
79494670.42759453,1723.240127832219
79500130.64719239,1723.1953927472816
79505590.78993891,1723.123782190071
79511050.85656469,1722.9850576282054
79516510.920455,1722.819285119696
79521971.22548725,1722.6653529832834
79527431.51947637,1722.399803412621
79532891.8764019,1722.228916208016
79538352.17812306,1722.1339967799138
79543812.29374363,1722.071234377896
79549272.36339876,1722.0284928611864
79554732.34170099,1721.951663665976
79560192.16819084,1721.8017591639812
79565652.19484338,1721.5835980923641
79571112.38684075,1721.3671884921484
79576572.53749336,1721.32760778706
79582032.55237557,1721.240245240443
79587492.4692653,1721.1832898681319
79592952.31551968,1721.084908240071
79598412.0901288,1720.9283802278542
79603871.9173607,1720.7544126549585
79609331.9566523,1720.5666917699446
79614791.9668656,1720.30509193693
79620252.03406133,1720.1335721143107
79625712.02657273,1720.048668851235
79631171.83682391,1719.9604310682348
79636631.61724702,1719.9092847339475
79642091.28207684,1719.80254842651
79647550.84370361,1719.6341517809378
79653010.63119717,1719.3943963229267
79658470.51296397,1719.2242883406184
79663930.37043105,1719.158722446311
79669390.05970646,1719.089433130958
79674849.66405681,1719.035613948318
79680309.16977538,1718.90470091016
79685768.61210951,1718.7413734539991
79691228.16907749,1718.545221106427
79696687.88112694,1718.3324581260968
79702147.6254545,1718.0514115259446
79707607.37899213,1717.8751397592691
79713067.03504582,1717.7913710387002
79718526.53213897,1717.6930302025107
79723986.01339355,1717.6315271651235
79729445.33463386,1717.500663261925
79734904.62704676,1717.3047865413348
79740364.15956573,1717.0411505510056
79745823.7431014,1716.900767325694
79751283.27990861,1716.8173639291688
79756742.63906853,1716.7262337283084
79762201.94046876,1716.663804150056
79767661.1423,1716.497291470958
79773120.29410616,1716.3187276316708
79778579.62620932,1716.113536564686
79784039.0433215,1715.864509406736
79789498.51755534,1715.5981008972299
79794957.97035982,1715.4212511174921
79800417.29823656,1715.3282496780587
79805876.50118558,1715.2258161634575
79811335.67580824,1715.1454699096646
79816794.6789106,1715.000026620478
79822253.70410858,1714.7818238934105
79827712.94616073,1714.4939572881324
79833172.27200043,1714.3655333960469
79838631.47785011,1714.2737560287287
79844090.53822555,1714.1883933913098
79849549.53931342,1714.094075896206
79855008.4396109,1713.911359661718
79860467.31536135,1713.7085520384053
79865926.39735639,1713.5071000293822
79871385.5452429,1713.2040438499782
79876844.73768826,1712.947045414703
79882303.90808226,1712.7736252060984
79887762.9150338,1712.67020510182
79893221.85110626,1712.5649830152388
79898680.71874645,1712.4509173187578
79904139.43459193,1712.2795628952824
79909598.24147238,1712.037676953293
79915057.22888009,1711.7418904861454
79920516.28351235,1711.6286235902671
79925975.19620311,1711.506918455946
79931433.97821945,1711.4217264249357
79936892.69890048,1711.2924129878845
79942351.3328231,1711.09217400738
79947809.97040299,1710.8688277093456
79953268.83908631,1710.6552212545432
79958727.7315881,1710.3240828352482
79964186.66868117,1710.0736850618687
79969645.5710563,1709.9027500828606
79975104.29207094,1709.7890799714323
79980562.96816824,1709.685371626295
79986021.54687414,1709.5640914007195
79991479.96616273,1709.3710936917123
79996938.53764302,1709.0965209198685
80002397.27739628,1708.8097874333291
80007856.03209858,1708.6979153373609
80013314.64244398,1708.5623006466826
80018773.16378188,1708.4546789935034
80024231.58568528,1708.3028652511844
80029689.96240747,1708.094555344576
80035148.3517334,1707.8486011344414
80040606.98336488,1707.621267158271
80046065.60386673,1707.2686464147791
80051524.26594114,1707.026873460764
80056982.86876796,1706.8638026086455
80062441.30268016,1706.7308998004203
80067899.70243959,1706.6025650911342
80073358.00399935,1706.456195133313
80078816.1654504,1706.2311765277775
80084274.5291333,1705.9238389844131
80089733.039125,1705.6503102106867
80095191.54814948,1705.5241966582391
80100649.88417205,1705.38746018961
80106108.15684097,1705.25327152251
80111566.32009746,1705.0696736486734
80117024.4527744,1704.8537914038282
80122482.64744358,1704.5840715602387
80127941.04296829,1704.3355897811427
80133399.44410168,1703.972936563284
80138857.86768687,1703.734028293638
80144316.20992558,1703.5820268902214
80149774.38736993,1703.4350608716359
80155232.5205224,1703.3161301790624
80160690.5337221,1703.1499894570009
80166148.44329455,1702.907519995967
80171606.57293698,1702.567497613712
80177064.832944,1702.3255778872988
80182523.04716466,1702.162838998235
80187981.12108998,1702.0258084966745
80193439.09536275,1701.879596415341
80198897.0065522,1701.6740313847165
80204354.86536627,1701.433072093889
80209812.84842989,1701.1673809476233
80215270.97664836,1700.8787581966008
80220729.11132991,1700.517091595529
80226187.26225436,1700.2775601016817
80231645.31057414,1700.1301686746701
80237103.2106806,1699.9497505171105
80242561.08065142,1699.8192443663647
80248018.80699557,1699.6183387572728
80253476.49053012,1699.3509243218898
80258934.40229106,1698.988518748723
80264392.43608803,1698.7736244939924
80269850.36818615,1698.5912552286684
80275308.18449847,1698.4298696692501
80280765.89674555,1698.2719587152994
80286223.55359137,1698.0454350292052
80291681.14445974,1697.7466857708396
80297139.12628274,1697.173610888908
80302597.5068851,1696.5088816594946
80308056.21989661,1695.8590424351871
80313515.23978274,1695.3002697171557
80318974.4340982,1694.8377861055349
80324433.7957423,1694.3531327297712
80329893.42709738,1693.8991232891597
80335353.18695208,1693.3696087795076
80340813.28372158,1692.758036157655
80346273.91172665,1692.0757320179596
80351734.92369224,1691.542601826553
80357196.12298743,1691.0610195936063
80362657.48299442,1690.5633684527506
80368119.10383335,1690.0825020892416
80373580.94650643,1689.5095827884577
80379043.06025569,1688.9172341003084
80384505.69858223,1688.3438439787965
80389968.67083581,1687.6365736517234
80395431.99318184,1687.0135384132566
80400895.59210543,1686.4547450172024
80406359.34277177,1685.960752130498
80411823.3061194,1685.4743990552972
80417287.52296571,1684.994874962991
80422751.86016163,1684.4355507531295
80428216.61870459,1683.7845285326534
80433681.88373725,1683.1125896377625
80439147.52146737,1682.5813257694078
80444613.30255255,1682.0862958472048
80450079.27739443,1681.5752717266
80455545.48625828,1681.066346743403
80461011.93995188,1680.4794749345904
80466478.67997852,1679.8585355858422
80471945.97353646,1679.262743375118
80477413.56297599,1678.509998067664
80482881.53393534,1677.8773910318498
80488349.76090719,1677.32712347606
80493818.10992536,1676.8177420359937
80499286.71942954,1676.3155918198004
80504755.55247831,1675.7998213496762
80510224.539832,1675.2022669118624
80515694.01775645,1674.5231543713353
80521163.9640179,1673.860036432852
80526634.21494833,1673.3521033580666
80532104.62375699,1672.834979830304
80537575.24033053,1672.3256148766216
80543046.07624537,1671.779496777428
80548517.17173214,1671.177894886522
80553988.60741298,1670.5341808047247
80559460.58415878,1669.8981197823857
80564932.85647988,1669.130591807463
80570405.47469991,1668.4962620933395
80575878.33349805,1667.9434809027002
80581351.32953587,1667.4148224038022
80586824.629511,1666.9057166149141
80592298.09866801,1666.354732411825
80597771.77100894,1665.7305183666322
80603245.97815078,1665.0192778808373
80608720.61179769,1664.3669839030895
80614195.53195965,1663.8442489108743
80619670.57356118,1663.3193312637536
80625145.85399571,1662.8049939505956
80630621.34035604,1662.219572356118
80636097.07680708,1661.6008592630103
80641573.22584592,1660.9507969277422
80647049.83324376,1660.26422473009
80652526.77601323,1659.5060579472454
80658004.04410295,1658.86152877072
80663481.52532838,1658.3233318090674
80668959.16035852,1657.7635413996509
80674437.08719423,1657.2491478332822
80679915.17370076,1656.656966627606
80685393.5359949,1655.9931923291476
80690872.43720947,1655.2522701469086
80696351.76209167,1654.6349760921555
80701831.29793057,1654.069170070245
80707311.02310376,1653.521399465643
80712790.96263373,1652.9679156194213
80718271.14904007,1652.347721971008
80723751.60617715,1651.6941915361465
80729232.54736969,1651.0388258770993
80734713.8779645,1650.2934114529037
80740195.54745151,1649.5351050165407
80745677.53884888,1648.8942917011993
80751159.70429464,1648.3527998256952
80756642.0684185,1647.7841270902763
80762124.69950849,1647.2324599575556
80767607.48254628,1646.6150758151828
80773090.63628572,1645.911962617964
80778574.32595384,1645.145526411538
80784058.38244651,1644.5507697705773
80789542.63504575,1643.9748559828972
80795027.05351289,1643.4199274598045
80800511.73726045,1642.8516382481014
80805996.63978763,1642.1818782017026
80811481.84064628,1641.5055264850218
80816967.58965383,1640.8431843610238
80822453.64012592,1640.026460066845
80827940.05038835,1639.315636121656
80833426.75225236,1638.6814553330491
80838913.60792015,1638.1195095431724
80844400.70720474,1637.5531967475056
80849888.03117713,1636.973369922789
80855375.51203099,1636.3183487930978
80860863.45726095,1635.5704974036298
80866351.88939197,1634.810183178717
80871840.66584593,1634.214189539662
80877329.60218346,1633.6102071482292
80882818.75780702,1633.0492675055725
80888308.1451915,1632.4226384631422
80893797.79117866,1631.7453246283308
80899287.77815732,1631.0427916655276
80904778.29644944,1630.3412391747306
80910269.10371387,1629.5049669530827
80915760.28368135,1628.7887064688816
80921251.7147359,1628.1730675294502
80926743.26936825,1627.5743671707507
80932235.10380161,1626.9955459694986
80937727.1470167,1626.38481148389
80943219.3882537,1625.67998805916
80948712.16110313,1624.8827452371606
80954205.3661535,1624.1691280984303
80959698.87944736,1623.5641478624484
80965192.52137084,1622.959912308831
80970686.41332307,1622.3691343260723
80976180.51764041,1621.7091402776296
80981674.88174224,1621.0166629628477
80987169.66137289,1620.2925653325133
80992664.90292922,1619.518397795052
80998160.47735927,1618.677300173628
81003656.39002524,1617.956984943335
81009152.52136917,1617.3505036260044
81014648.82028112,1616.7155476897915
81020145.40443206,1616.1257008870396
81025642.16659933,1615.4726863889937
81031139.20448907,1614.7298908743337
81036636.79339658,1613.8818275498454
81042134.80206141,1613.2049829275975
81047633.06007446,1612.5675263021735
81053131.44978313,1611.946210236934
81058630.02328078,1611.627076301369
81064128.48308279,1611.2333126311003
81069626.92038585,1610.8338477603402
81075125.55948053,1610.4317952399783
81080624.25494382,1609.916326844529
81086123.00847602,1609.4375357075232
81091621.74592972,1609.0537068615201
81097120.35256302,1608.7709326917077
81102618.8656084,1608.4666808868117
81108117.32065326,1608.1780926097529
81113615.62517014,1607.8114530414473
81119114.02470835,1607.3510695696712
81124612.6286609,1606.8354715243174
81130111.29458582,1606.5265983550526
81135609.83695665,1606.1972652816792
81141108.24051733,1605.8937351330899
81146606.61447743,1605.5728355630692
81152104.91660401,1605.1608992423137
81157603.21127892,1604.727420747352
81163101.75045484,1604.3146103779386
81168600.28144562,1603.7119110993544
81174098.89026956,1603.257245096412
81179597.4621216,1602.8928668084486
81185095.8722838,1602.5659234117438
81190594.25344647,1602.265372307928
81196092.53824803,1601.9342723679304
81201590.68297039,1601.5259360535956
81207089.02902657,1601.0254308920373
81212587.54150568,1600.5260832711729
81218086.05809785,1600.2032176686437
81223584.4330755,1599.8474745420815
81229082.71137322,1599.5388014840378
81234580.92685989,1599.1753497297436
81240079.08871527,1598.750659539888
81245577.31922857,1598.291121502593
81251075.75493653,1597.8227686996634
81256574.18872164,1597.20223987404
81262072.66793947,1596.7449509292467
81267571.08696577,1596.3979221463487
81273069.34692293,1596.0611519762292
81278567.58619227,1595.7453426152147
81284065.69650273,1595.380696691205
81289563.74202092,1594.9221371247904
81295062.03336246,1594.3790298226616
81300560.46101257,1593.938836278956
81306058.81463717,1593.5931773845941
81311557.02245754,1593.2480727446396
81317055.15245768,1592.9164247815554
81322553.2194813,1592.5030304942604
81328051.24313411,1592.0546200271624
81333549.42620993,1591.5984379778058
81339047.71402715,1591.0603291943282
81344546.01568128,1590.4871298097878
81350044.32787965,1590.0317564799163
81355542.53183477,1589.6878337160038
81361040.61981802,1589.3339129321998
81366538.68522276,1589.0161119801471
81372036.57815838,1588.6083723030947
81377534.50814573,1588.1030426216591
81383032.68935391,1587.5321666254504
81388530.95356314,1587.1232584590616
81394029.10193978,1586.733649334978
81399527.13468169,1586.3727648076072
81405025.09782058,1586.0068972809845
81410522.99552996,1585.5577490200699
81416020.87463556,1585.0789518171027
81421518.99155302,1584.6181315954643
81427017.12221074,1583.9815829372264
81432515.32284856,1583.4300476661629
81438013.4973075,1582.9983137713045
81443511.52197339,1582.6296413190826
81449009.48788323,1582.267679422855
81454507.40312123,1581.9144515025455
81460005.14180261,1581.4637330909168
81465503.04047883,1580.913958342675
81471001.13770933,1580.366696115393
81476499.2691159,1579.97164909045
81481997.24736889,1579.5883387626084
81487495.11115968,1579.2328505551643
81492992.90220827,1578.8190453219588
81498490.65001689,1578.3472742857673
81503988.43371314,1577.846708977179
81509486.44144483,1577.3472372250712
81514984.42396732,1576.683230158132
81520482.46469186,1576.1625700931686
81525980.46490929,1575.7508050367112
81531478.28291151,1575.357551604572
81536976.0733625,1575.002410373148
81542473.76421063,1574.6059811231912
81547971.33896032,1574.1067736862194
81553469.14123078,1573.5084377288974
81558967.07185775,1573.0010494843043
81564465.00828262,1572.6037168167493
81569962.76061767,1572.1951071229305
81575460.46150202,1571.81906974032
81580958.05910726,1571.3626681717712
81586455.6137908,1570.8772807271723
81591953.2831723,1570.3572464574668
81597451.09864804,1569.7673924902915
81602948.92433392,1569.111503381174
81608446.79418713,1568.5910821506022
81613944.5793337,1568.1975627557747
81619442.22518264,1567.7777826850581
81624939.84617162,1567.4009160905507
81630437.33162972,1566.968234390797
81635934.78394811,1566.4295794028149
81641432.48645392,1565.7832516770782
81646930.2990281,1565.3187077389955
81652428.04458836,1564.8977241351843
81657925.60743904,1564.4840968919796
81663423.13950033,1564.0850922136674
81668920.57314102,1563.5687829994818
81674417.98216356,1563.045838649724
81679915.60302532,1562.5250170854597
81685413.2516499,1561.858324440719
81690910.96684675,1561.2405611529691
81696408.67474045,1560.730328837423
81701906.25231142,1560.3358029085794
81707403.74541965,1559.9147555009122
81712901.17373896,1559.513818300098
81718398.44744718,1559.031506928458
81723895.81689434,1558.4448588312412
81729393.3978302,1557.8023392016314
81734891.0365037,1557.378959359619
81740388.55468306,1556.921238682429
81745885.93199511,1556.4994180599558
81751383.2770567,1556.0603709105017
81756880.5511823,1555.5247283276274
81762377.8197846,1554.9676384706063
81767875.34157339,1554.4283361005566
81773372.83197293,1553.6654488299816
81778870.40030883,1553.073694876502
81784367.9435733,1552.5855060707188
81789865.33176455,1552.1396926600198
81795362.68760282,1551.725458149234
81800859.9494716,1551.2763682973487
81806357.06125641,1550.7477162491027
81811854.37653218,1550.1173904719565
81817351.86595981,1549.488189760089
81822849.3676719,1549.0424289130085
81828346.71531495,1548.5609710977285
81833843.96574861,1548.1357826009234
81839341.15253207,1547.6461170572134
81844838.28178257,1547.0963335196318
81850335.48646756,1546.5154682543491
81855832.89073345,1545.903673266944
81861330.28556792,1545.1163862674207
81866827.73319757,1544.521948491917
81872325.1286688,1544.051297361343
81877822.36322194,1543.5961207022513
81883319.58710025,1543.1631486131134
81888816.67003392,1542.684852825098
81894313.683098,1542.0974729949103
81899810.94947803,1541.4193898855747
81905308.35998225,1540.8606338084203
81910805.68961257,1540.3930050200092
81916302.86755009,1539.9157559998343
81921799.97058228,1539.4655801946049
81927297.00570686,1538.92260815836
81932793.9959621,1538.3448176226216
81938291.15878068,1537.7610534183636
81943788.419733,1537.0627830330645
81949285.67536578,1536.3351840380026
81954782.96095876,1535.7404554083787
81960280.1436109,1535.2737646234543
81965777.2083422,1534.8065948357068
81971274.25267112,1534.370621995244
81976771.12220521,1533.841065100165
81982268.0210699,1533.201806997642
81987765.1745745,1532.5037384652924
81993262.41163513,1531.968278930959
81998759.54810345,1531.4388009911481
82004256.55498321,1530.9464147885622
82009753.49499184,1530.456016916914
82015250.37130807,1529.8754212643764
82020747.22741966,1529.265037076862
82026244.32939272,1528.673744621185
82031741.41632397,1527.8671055316474
82037238.58030784,1527.1473700292527
82042735.74037337,1526.5765438057483
82048232.74334967,1526.0839128380348
82053729.70526873,1525.5968485500778
82059226.61442414,1525.1239849641993
82064723.33567551,1524.54696346179
82070220.21203811,1523.8521058322867
82075717.3064595,1523.1718505629253
82081214.43894976,1522.6583370902295
82086711.40433,1522.1443363624635
82092208.24692143,1521.650286042374
82097705.02428518,1521.1181327621907
82103201.74930938,1520.5078394451602
82108698.51471399,1519.8683295254393
82114195.50787094,1519.220331496846
82119692.4642438,1518.3780563115895
82125189.476911,1517.702498096797
82130686.46496207,1517.1520103057599
82136183.27754833,1516.6284848990972
82141680.06539075,1516.170150262166
82147176.74558459,1515.6499398536048
82152673.29243648,1515.016951667166
82158170.06696156,1514.2780521442962
82163666.98622203,1513.6529225084387
82169163.90780616,1513.1116521964677
82174660.64551559,1512.5842081838018
82180157.32325298,1512.0671066128589
82185653.90137021,1511.4686187041866
82191150.44369861,1510.848446802467
82196647.10282962,1510.1843282463667
82202143.90141967,1509.4428642221299
82207640.68727481,1508.6050630558257
82213137.53697686,1507.9269363016176
82218634.3144655,1507.3975373588444
82224130.94176272,1506.8443010528506
82229627.56297812,1506.3426155430973
82235124.03707604,1505.7768176399989
82240620.47054072,1505.0947183412902
82246117.15035908,1504.2872227211685
82251613.99045438,1503.6931486526094
82257110.73117909,1503.108477108262
82262607.31166795,1502.567927252248
82268103.85616232,1502.0218651837579
82273600.29306905,1501.3646151268217
82279096.71219337,1500.7067536423351
82284593.34925064,1500.0374911996603
82290090.00047158,1499.1785673561258
82295586.7307901,1498.3820372629543
82301083.45705615,1497.7170334566304
82306580.06188248,1497.1810672232405
82312076.588108,1496.6251402491207
82317573.04642424,1496.110479612356
82323069.33737244,1495.4941889484537
82328565.71507552,1494.7546966505695
82334062.30742548,1493.9742558294447
82339558.9878516,1493.4325412108876
82345055.5044269,1492.8201948077888
82350551.90610544,1492.289668339828
82356048.24450651,1491.7019299283734
82361544.50228015,1491.0143670320494
82367040.7725846,1490.317314251912
82372537.30740143,1489.6186093429178
82378033.78065696,1488.6614064441687
82383530.3532165,1487.9001933162062
82389026.9080797,1487.2656719110955
82394523.30737415,1486.6901252776065
82400019.65883707,1486.1368335226744
82405515.94023292,1485.558466730679
82411012.0540138,1484.8857753569666
82416508.36205709,1484.0981674228929
82422004.84796675,1483.310630518843
82427501.37801568,1482.7346278081814
82432997.72106531,1482.102585511456
82438493.99221918,1481.5380284799064
82443990.17928289,1480.877023785412
82449486.31003009,1480.179607620483
82454982.5245905,1479.467337298548
82460478.92827065,1478.6794891610655
82465975.28898916,1477.6852467940205
82471471.74197707,1476.9243505042623
82476968.14066902,1476.3173648634881
82482464.38672455,1475.723798122431
82487960.61946876,1475.1583991879286
82493456.70717855,1474.555596813954
82498952.70382449,1473.8201709548498
82504448.95145312,1472.9573415692985
82509945.35603045,1472.273174938039
82515441.69544117,1471.6645160647222
82520937.85866733,1471.0159474183013
82526433.96770084,1470.433456361798
82531929.98111595,1469.7255636904415
82537425.94939797,1468.9990596949428
82542922.1103185,1468.2535928408927
82548418.36303075,1467.3342385053934
82553914.61826009,1466.39702662806
82559410.93231766,1465.6381454944035
82564907.14689055,1465.0316730802604
82570403.2492825,1464.4323771032302
82575899.31869231,1463.8406406856848
82581395.20741318,1463.1891841153683
82586891.11865099,1462.3973191537793
82592387.27524683,1461.544188454388
82597883.52691135,1460.876843393125
82603379.68891051,1460.1968302832138
82608875.69025494,1459.5695378580917
82614371.6422584,1458.9223035095847
82619867.52685532,1458.1728019027914
82625363.39465103,1457.4036072776948
82630859.51383969,1456.6564924718148
82636355.58947545,1455.6256183157693
82641851.74351186,1454.723136363767
82647347.92405431,1453.9760495443945
82652843.94863126,1453.3632261998403
82658339.92958085,1452.7447637539738
82663835.83308934,1452.1134925216231
82669331.56133664,1451.395042445402
82674827.42445736,1450.5404913334123
82680323.51629028,1449.687862390541
82685819.62439673,1449.0180019732402
82691315.60684101,1448.3347777078386
82696811.45786758,1447.670299979603
82702307.25313793,1446.9903365695266
82707802.97179842,1446.2131165398257
82713298.72296615,1445.4132932534199
82718794.71874069,1444.5726252488898
82724290.66445859,1443.4682126828889
82729786.6893759,1442.5910371059344
82735282.70302764,1441.870546808569
82740778.55769132,1441.2048808478403
82746274.40328872,1440.5926307593238
82751770.1214851,1439.9210049127826
82757265.6916211,1439.1465809533343
82762761.49143791,1438.2460341073433
82768257.47731476,1437.423723812211
82773753.41251382,1436.754406579939
82779249.20496207,1436.0616040656032
82784744.88771634,1435.3764224803506
82790240.5027665,1434.6240189707573
82795736.0768218,1433.829705952928
82801231.77544734,1432.9945497438139
82806727.62205273,1432.0590391371422
82812223.42566408,1430.9644056481293
82817719.31285428,1430.0988765253185
82823215.1443013,1429.4134794309698
82828710.81311938,1428.7309885532447
82834206.48910245,1428.0926927372811
82839701.9865845,1427.3745293766328
82845197.4381876,1426.5259793459488
82850693.15016295,1425.583250392949
82856188.97533733,1424.8269075204578
82861684.69189146,1424.1122178231308
82867180.28223886,1423.3904366317797
82872675.78761218,1422.6762895350998
82878171.22460982,1421.868412100966
82883666.63636191,1421.0452435778247
82889162.26445219,1420.1989568344588
82894657.91156596,1419.1389257654955
82900153.60595672,1418.082869152225
82905649.33463416,1417.2227036252543
82911144.93687773,1416.5227936192218
82916640.47432932,1415.8285648528845
82922135.9593477,1415.1531933772842
82927631.25789173,1414.3889298542072
82933126.61806358,1413.4671693226728
82938622.2139096,1412.5240634271097
82944117.89317201,1411.7678632884208
82949613.43591051,1411.002325862233
82955108.85346048,1410.2573473943442
82960604.19895983,1409.504002277949
82966099.48271085,1408.6680238971367
82971594.76775604,1407.7939550403403
82977090.3108093,1406.9129053917927
82982585.79950568,1405.706183042114
82988081.39510524,1404.6927552101013
82993576.98880063,1403.8632685834568
82999072.40755452,1403.1195035172327
83004567.79473528,1402.4309820160033
83010063.1102841,1401.7153627121947
83015558.2286359,1400.8857218333628
83021053.53390765,1399.9093094916166
83026549.0460854,1398.9819338317093
83032044.56971054,1398.2680895454332
83037539.91223407,1397.4976034816627
83043035.16409914,1396.734320731426
83048530.31979,1395.9153345828697
83054025.44451234,1395.048149662955
83059520.6385367,1394.1417356422835
83065016.04751089,1393.1530013341705
83070511.41158932,1391.945394592487
83076006.83661771,1390.9565256774547
83081502.24367201,1390.1690999942646
83086997.47521794,1389.3965748446835
83092492.68277211,1388.7115762707706
83097987.77398416,1387.9503655214676
83103482.7287983,1387.0436415906033
83108977.92981027,1385.990552305938
83114473.29419257,1385.1413868328834
83119968.59594363,1384.342441118298
83125463.76394711,1383.520968279387
83130958.85316955,1382.7320281896673
83136453.85822695,1381.835602827814
83141948.83466932,1380.9489351932166
83147443.98889396,1380.013221762546
83152939.2266049,1378.8928839711668
83158434.47084862,1377.6811353793519
83163929.77179821,1376.694995090289
83169424.99078625,1375.9184345525089
83174920.06520426,1375.1198787751077
83180415.1407214,1374.3871443926785
83185910.0400055,1373.5753373852435
83191404.92038377,1372.5982748665656
83196900.05230705,1371.4848716192748
83202395.32049027,1370.6909414752804
83207890.44219238,1369.8179136091144
83213385.44415165,1369.0326875513667
83218880.36277436,1368.1979116389598
83224375.19931345,1367.2791025125484
83229870.01952134,1366.332623732195
83235365.09246802,1365.3659331714657
83240860.13815802,1364.0489390488187
83246355.27261029,1362.9018049538959
83251850.42714922,1361.9433177718047
83257345.43902558,1361.1337646499026
83262840.38786896,1360.349734262355
83268335.27984008,1359.5961289057855
83273829.96450694,1358.7204402858818
83279324.77379397,1357.665989786593
83284819.7801412,1356.6066587508178
83290314.88124411,1355.8191736304686
83295809.79791573,1354.925099134187
83301304.6223061,1354.1273738206837
83306799.35052745,1353.2212844022915
83312294.01868396,1352.258025197424
83317788.72712234,1351.2797462802735
83323283.69218755,1350.227528475456
83328778.5750681,1348.870445425468
83334273.55522351,1347.7319284274163
83339768.54000987,1346.8186939996294
83345263.34251633,1346.0015285996262
83350758.11332728,1345.2098065264652
83356252.79806949,1344.3995633119896
83361747.29656011,1343.4378615450773
83367242.01016472,1342.3075609686143
83372736.90402888,1341.2924130624058
83378231.79743744,1340.4588152785852
83383726.49222855,1339.5646589520325
83389221.1475977,1338.7120319433086
83394715.69163346,1337.7421719824351
83400210.19149578,1336.7550005886558
83405704.81160028,1335.7504376265233
83411199.59673406,1334.5545430524362
83416694.32717757,1333.1977911551678
83422189.16338627,1332.0823238493344
83427683.94974786,1331.2120158508064
83433178.56310585,1330.3236865879537
83438673.18426438,1329.5429828464428
83444167.64473474,1328.6803010088836
83449662.00656605,1327.6483666111505
83455156.62893602,1326.4457419516016
83460651.37777808,1325.5162425695707
83466146.05491443,1324.584513572382
83471640.57601406,1323.6811170565409
83477135.04315144,1322.7770822813409
83482629.39823757,1321.7504120924114
83488123.72749397,1320.7405427078772
83493618.28844725,1319.6897888723474
83499112.861424,1318.3096321268395
83504607.49287476,1316.9582735840645
83510102.18357734,1315.8618935262664
83515596.77151619,1314.9968366910057
83521091.24627982,1314.0889826434989
83526585.67654105,1313.2522182778878
83532079.92457408,1312.3342829731357
83537574.20388953,1311.2067983393313
83543068.71608071,1309.9989089773655
83548563.33832128,1309.1058865525795
83554057.81158893,1308.1598591101433
83559552.14660786,1307.269607612614
83565046.41978595,1306.3054779738027
83570540.59385681,1305.2346136152698
83576034.78390656,1304.1724489760436
83581529.24765304,1303.0682487039794
83587023.63608521,1301.53975012923
83592518.13424584,1300.2844213543424
83598012.6479247,1299.2167093604944
83603507.00489461,1298.3205141474623
83609001.311846,1297.445366763048
83614495.51812786,1296.5693663687828
83619989.53556673,1295.5692386912924
83625483.71870176,1294.3700973076031
83630978.08710836,1293.160835672349
83636472.50520045,1292.2656024290281
83641966.74007112,1291.2587729083443
83647460.91408794,1290.306500095834
83652954.99098442,1289.265504562778
83658449.01758014,1288.1774317137385
83663943.10887915,1287.0800113884723
83669437.43742132,1285.8430511609558
83674931.66445929,1284.2674214974845
83680426.03550778,1282.9968532595105
83685920.3842761,1281.9877356890247
83691414.5420808,1281.0423986128835
83696908.67990036,1280.1294842507157
83702402.7012831,1279.201857238514
83707896.5635887,1278.1075188959649
83713390.67534865,1276.8158455193745
83718884.94341312,1275.6367705079294
83724379.1921576,1274.6898199432421
83729873.23619513,1273.6441550520128
83735367.2469022,1272.6945057372293
83740861.13366374,1271.5763428032574
83746354.97783542,1270.4730911552135
83751848.99339792,1269.3301361464014
83757343.10840672,1267.897906245716
83762837.22753225,1266.309338431851
83768331.43554641,1265.0530859610221
83773825.57544728,1264.0801971976337
83779319.56800514,1263.0850108905638
83784813.53159134,1262.178688552568
83790307.32602105,1261.2024343787184
83795801.05748008,1260.015636858444
83801295.07475781,1258.657007696586
83806789.1829117,1257.6078751146438
83812283.21637742,1256.558412456364
83817777.0721666,1255.5250788409182
83823270.88687304,1254.5169445765475
83828764.5899518,1253.3348997276667
83834258.26950203,1252.1686217230506
83839752.21449731,1250.9858059563621
83845246.10945268,1249.3472866473385
83850740.10115068,1247.8731205353427
83856234.13582782,1246.638265680471
83861728.04090819,1245.6510488161096
83867221.84205815,1244.6853675666166
83872715.58692385,1243.7199991964071
83878209.13394581,1242.6755362729236
83883702.76463173,1241.3948674080625
83889196.61396594,1240.0113757033516
83894690.55394025,1239.016117076689
83900184.31791095,1237.9095822077759
83905677.96202558,1236.8998032784166
83911171.55286911,1235.7996106453322
83916665.05745395,1234.5864806008135
83922158.5766394,1233.3789926707843
83927652.3697378,1232.114134477267
83933146.05849315,1230.3300251409605
83938639.86693904,1228.9067323900829
83944133.70123696,1227.7210509272918
83949627.36768281,1226.684546104685
83955120.99157828,1225.6758364015539
83960614.52091771,1224.6878019374685
83966107.84987636,1223.534745327796
83971601.38614096,1222.141252180431
83977095.10714072,1220.786493946729
83982588.83583283,1219.7408455941786
83988082.38480699,1218.5687363864497
83993575.8757982,1217.5185032292268
83999069.2640958,1216.3150854433015
84004562.59512897,1215.090950227439
84010056.03225939,1213.8531063733033
84015549.65725192,1212.395849244508
84021043.18258497,1210.5809101620173
84026536.86762907,1209.1450603783844
84032030.51612043,1208.0128178308316
84037523.98683897,1206.944304533432
84043017.44887961,1205.9048048332443
84048510.7557837,1204.8594498029524
84054003.93284859,1203.5961758029412
84059497.38060383,1202.110917443815
84064990.97486775,1200.8383912428437
84070484.51753117,1199.7022952117902
84075977.87579757,1198.5833062693082
84081471.17234804,1197.4882716921031
84086964.35390656,1196.2232334852654
84092457.48961274,1194.9614352077072
84097950.84247328,1193.679867539693
84103444.23578027,1191.9695980684944
84108937.66339752,1190.2222417181617
84114431.17309444,1188.8104756726464
84119924.59320116,1187.7024630713063
84125417.89486372,1186.5969137993152
84130911.14719808,1185.5633846628339
84136404.2024658,1184.4559919377432
84141897.24684252,1183.0908571557761
84147390.58751774,1181.583427244048
84152884.00176834,1180.389141660195
84158377.3173678,1179.1640353464745
84163870.46504943,1178.0393424318925
84169363.55894066,1176.8631473701228
84174856.54834689,1175.5353526972358
84180349.5315858,1174.2389419019582
84185842.7950855,1172.895923527265
84191335.97287197,1171.0137243575596
84196829.24239665,1169.353522644078
84202322.57247227,1167.9748164940622
84207815.75518313,1166.8511175443775
84213308.85424124,1165.7522624915732
84218801.87300988,1164.6585083070731
84224294.68278599,1163.4589010625346
84229787.62246628,1161.9967801351813
84235280.79768507,1160.4422751967084
84240774.01342429,1159.2795465940133
84246267.0621514,1158.0055850606936
84251759.9903444,1156.8456811165474
84257252.86031598,1155.5813245362879
84262745.64472508,1154.2186387529553
84268238.47088659,1152.8702364541632
84273731.54605496,1151.392633196026
84279224.48709261,1149.3751100203147
84284717.59940633,1147.7481207450148
84290210.7150357,1146.4307787504906
84295703.63268326,1145.2288165844282
84301196.54879005,1144.0901033230348
84306689.33115636,1142.9600701402678
84312181.92595303,1141.643888999477
84317674.7703472,1140.0510977807983
84323167.78528918,1138.5354082388349
84328660.80156904,1137.3109888913991
84334153.63172495,1135.9758137578442
84339646.4019795,1134.7834024404979
84345139.0728437,1133.4193060847927
84350631.68324298,1132.0349268862637
84356124.43508665,1130.6265123834419
84361617.32108167,1128.9017511099719
84367110.12608494,1126.8719146449935
84372603.09127784,1125.2583081046791
84378096.0138741,1123.9990627878374
84383588.76164311,1122.7542713457754
84389081.48116398,1121.6132007823555
84394574.03882362,1120.4395429254828
84400066.4809152,1118.997258679533
84405559.22807774,1117.336816402642
84411052.10724442,1115.9034033678458
84416544.90869826,1114.5921597649412
84422037.50636935,1113.3119854453469
84427530.07226312,1112.0552775462584
84433022.51277015,1110.6131696467048
84438514.92319748,1109.1900111282682
84444007.58033155,1107.7298900134876
84449500.21411088,1105.696563874012
84454992.90147975,1103.7490565897053
84460485.68511316,1102.15245815323
84465978.364392,1100.9010336920305
84471470.94653869,1099.6389461105568
84476963.4557536,1098.4455062167244
84482455.77267034,1097.1876388113672
84487948.11221105,1095.6177849486064
84493440.74351852,1093.8855907147126
84498933.46098383,1092.5704471164872
84504426.007777,1091.1569655169053
84509918.42434557,1089.8756475313096
84515410.78615329,1088.542783218233
84520903.0426398,1087.033374395935
84526395.30656211,1085.5657242738866
84531887.85989422,1083.9980586401598
84537380.26216935,1081.8016872445232
84542872.79850976,1079.9492290639575
84548365.39308329,1078.402954108447
84553857.8225491,1077.125427523628
84559350.1994306,1075.8771442897707
84564842.4739308,1074.6367779644333
84570334.52887018,1073.265459621744
84575826.75615825,1071.5875543809798
84581319.2149738,1069.8395352012144
84586811.72234939,1068.5563222410292
84592304.01082139,1067.089077400003
84597796.22517921,1065.7884081263478
84603288.34483042,1064.308952870007
84608780.40351734,1062.7998300125284
84614272.53673032,1061.2826456453154
84619764.8685557,1059.5286086596113
84625257.06652953,1057.2135227132078
84630749.45240256,1055.387207565721
84636241.84160173,1053.9255250675353
84641734.03325574,1052.5531013250738
84647226.21211834,1051.2584609766755
84652718.25336494,1049.9781605947292
84658210.1099525,1048.4749213970692
84663702.25100017,1046.6589643298646
84669194.55072638,1044.9820281827272
84674686.83937414,1043.5442108208276
84680178.9081309,1042.0434973236213
84685670.93694028,1040.7040834139411
84691162.83269243,1039.1263654380766
84696654.69038501,1037.590818294384
84702146.72293678,1036.0137821702876
84707638.8080192,1033.9227744263492
84713130.86597128,1031.6890056615123
84718623.06360638,1029.8491081104278
84724115.21503498,1028.3980017651445
84729607.209905,1026.983412317048
84735099.17042293,1025.6519713496812
84740590.95769207,1024.328824958893
84746082.6517317,1022.6680424155629
84751574.6570594,1020.7343652439176
84757066.8117635,1019.1842289356753
84762558.85392457,1017.6473781821514
84768050.70112388,1016.1920341769685
84773542.51228777,1014.7426462256185
84779034.19762859,1013.0910426171704
84784525.8681958,1011.4858870057166
84790017.80644755,1009.8032450206647
84795509.63705978,1007.3783679945327
84801001.57634237,1005.2225487262581
84806493.60275233,1003.4028012362439
84811985.51018593,1001.9619935287054
84817477.32024594,1000.5124683508958
84822969.06600882,999.1815285508131
84828460.58848624,997.7282952198439
84833952.18224573,995.929387243149
84839444.05224465,994.0171990771901
84844936.02197173,992.5791597378582
84850427.78258088,990.9179447695446
84855919.4468099,989.5028598777923
84861411.0122131,987.927084710928
84866902.49876615,986.2427259128374
84872394.01293418,984.5766476587094
84877885.80956937,982.7213029124
84883377.40140244,980.156917891466
84888869.1782361,978.0384685881322
84894361.0078791,976.3026874086986
84899852.6677663,974.8107909076673
84905344.27967961,973.3598603492192
84910835.80542436,971.9939733243438
84916327.08206676,970.4146067320485
84921818.57519937,968.4783710237193
84927310.28158982,966.5847629210815
84932802.04732198,964.9995623320374
84938293.58435541,963.3259632027282
84943785.05474266,961.8242049547064
84949276.41278526,960.1058446795306
84954767.73362851,958.4044512797263
84960259.17457266,956.681546567149
84965750.75266495,954.5399275787845
84971242.19407028,951.929405267849
84976733.82141429,949.8000023019072
84982225.46453789,948.1542182918139
84987716.91886756,946.5768127690799
84993208.34905955,945.133229565401
84998699.64076838,943.6966720404744
85004190.74340717,941.952897189947
85009682.13806911,939.862094871693
85015173.69398627,938.1333422894345
85020665.1893901,936.410062437481
85026156.49940751,934.8019921127392
85031647.76324588,933.1816076768229
85037138.89779562,931.3933789618873
85042630.01594438,929.6669553891861
85048121.3454343,927.8146712345099
85053612.65477262,925.3079917420421
85059103.96355608,922.7267655405028
85064595.41897312,920.5974288849195
85070086.82198387,918.9586368695166
85075578.07003826,917.3229362474352
85081069.3039808,915.836900076851
85086560.33736439,914.3393859478864
85092051.30389644,912.419990912146
85097542.58095522,910.1926978155315
85103034.01764616,908.5164404018492
85108525.2711675,906.6715397913093
85114016.39467391,905.0641867789154
85119507.42705828,903.3297725835351
85124998.36769235,901.5041732944501
85130489.30038472,899.7173224246684
85135980.51315792,897.7285633592836
85141471.54899935,894.8830357338552
85146962.73232885,892.3681553770452
85152454.00614908,890.275252961618
85157945.14525446,888.5903674501768
85163436.22202295,886.9836596226626
85168927.2319094,885.5011162881106
85174417.97976393,883.8601796612732
85179908.83078665,881.7533874475299
85185399.94878136,879.6473397703433
85190891.15879066,877.9777214621823
85196382.13905841,876.0916555549006
85201873.04550673,874.4572251957725
85207363.818661,872.5969387377158
85212854.54213278,870.718624031343
85218345.32911095,868.8264054143519
85223836.35804664,866.5689830479369
85229327.18580936,863.5744755891974
85234818.21350425,861.0309753881132
85240309.30319738,859.0298878727867
85245800.19560023,857.2583845675783
85251291.07070301,855.6943847329748
85256781.84970136,854.0988499367163
85262272.36287732,852.3022578557901
85267763.11280413,850.0577448569056
85273254.09579693,848.0396440874347
85278745.06134188,846.2660427027636
85284235.82465918,844.4732085965773
85289726.51022105,842.6856353236115
85295217.06859814,840.7542246663512
85300707.61189757,838.8491551523791
85306198.29875097,836.8768022727198
85311689.0856952,834.2632591927527
85317179.76889056,831.2357597138167
85322670.61926837,828.7152018086172
85328161.49535848,826.8013365769662
85333652.16977158,824.990537562474
85339142.85804673,823.4394308023835
85344633.36354089,821.7819611628638
85350123.68878885,819.7838763862139
85355614.32404172,817.3904772051418
85361105.13220993,815.475406650002
85366595.82570194,813.4984566332196
85372086.38288635,811.60107665745
85377576.85227986,809.7082055744106
85383067.23040704,807.6794067426047
85388557.6084527,805.7288464618553
85394048.22913714,803.5915354022261
85399538.75199187,800.6320347138687
85405029.30110492,797.5307039032673
85410520.0036197,795.0370111614327
85416010.63684341,793.1454820470585
85421501.12531953,791.3399456756389
85426991.61984284,789.6858473923808
85432481.86527851,787.958369322227
85437972.07090485,785.7338605474042
85443462.58671305,783.3106107526119
85448953.20902008,781.330913603816
85454443.64609578,779.3135001533711
85459933.97895281,777.3784782436528
85465424.20752922,775.4105336754524
85470914.3845285,773.3532277584578
85476404.56644933,771.2901899631643
85481895.03745307,768.9597498717959
85487385.3003883,765.4593711175194
85492875.71568327,762.3953817230406
85498366.25600858,759.9687619148722
85503856.6221417,758.0267575385845
85509346.96418928,756.2929301296965
85514837.23792231,754.5411974652368
85520327.22286235,752.7109624442942
85525817.3402856,750.2396640444795
85531307.73468457,747.8341404157491
85536798.16268465,745.719211329004
85542288.38771237,743.6625859495002
85547778.50002736,741.6630414689586
85553268.51972006,739.6110826190102
85558758.49065982,737.4810962062551
85564248.52914295,735.322221866722
85569738.7738405,732.6863376614577
85575228.82480034,728.9979870367379
85580719.06964394,725.9583272031509
85586209.39532588,723.6135770886099
85591699.52076526,721.6834017315205
85597189.66767657,719.9395527069302
85602679.66229095,718.1983542386192
85608169.38911112,716.1666180677136
85613659.38929774,713.5263707479319
85619149.61766869,711.1085049738393
85624639.75272556,709.0511882479302
85630129.73145184,706.935277350872
85635619.61164485,704.8840133644344
85641109.39293745,702.6918388644535
85646599.15370367,700.5124296823074
85652089.08478309,698.1883883814542
85657579.08213353,695.002365121487
85663068.97001301,691.1794648633124
85668559.07445598,688.1866031822215
85674049.16808864,685.9553756652806
85679539.09276955,683.9937094409602
85685029.02984,682.1131364416094
85690518.75152197,680.3034531533715
85696008.30390608,677.9949855642772
85701498.20704302,675.226222359845
85706988.19517839,672.8878390914113
85712478.08775048,670.737126949973
85717967.81690311,668.5975947902878
85723457.47559421,666.547870830249
85728947.0382688,664.2074432477027
85734436.58163801,661.9399642318328
85739926.4099857,659.4747868990551
85745416.09412701,655.7435042476565
85750905.82716884,651.9653929697715
85756395.73961289,648.9933722676033
85761885.5572286,646.8065364676486
85767375.29659986,644.8050661109153
85772864.97309242,642.863967311333
85778354.40500057,641.0032969262586
85783843.82038617,638.3950215063815
85789333.58152246,635.474671721447
85794823.38630225,633.1415279653029
85800313.04335149,630.7815136406073
85805802.54579519,628.603577224654
85811291.99497458,626.3183034152903
85816781.37377533,623.8685785887726
85822270.77165917,621.5380650587144
85827760.46499082,618.7292153765106
85833249.89973357,614.4147868813898
85838739.50790879,610.7799642810344
85844229.25290884,607.8648978572285
85849718.82057796,605.6564201569827
85855208.36643994,603.633946464643
85860697.797621,601.6222963004324
85866186.95074274,599.565341968952
85871676.2666372,596.6477997381243
85877165.82136379,593.5483781184994
85882655.41331656,591.2975549974267
85888144.76260786,588.7783804672049
85893634.06416963,586.608012288239
85899123.2572351,584.0811576424803
85904612.4150153,581.5613009953618
85915591.12000687,575.6926160556268
85921080.31623176,571.0458412275158
85926569.79218704,567.3520148957882
85932059.32475524,564.5909296420743
85937548.6432782,562.2478525769284
85943037.97014903,560.074954823467
85948527.16213648,558.1198032341263
85954016.08195664,555.7138564923544
85959505.30694367,552.383149295446
85964994.70304587,549.2691152448041
85970484.05841109,546.7191452203092
85975973.1847572,544.0661875433739
85981462.29153949,541.7364511665864
85986951.25555122,538.9848624288351
85992440.20689784,536.4506386404041
85997929.38312462,533.7262584426601
86003418.51348935,529.5469044116394
86008907.55827795,524.9333477347677
86014396.84867048,521.1365269299145
86019886.13225724,518.4256069530422
86025375.2483457,515.8818878698173
86030864.3337827,513.714038252614
86036353.2458221,511.6681762096979
86041841.96443161,508.81339150335157
86047331.0390521,505.08332263069445
86052820.2760272,502.05455786047514
86085753.7094158,485.1294507408152
86107709.60881391,468.40411587741846
86118687.41835421,463.5704249810924
86140642.65823159,451.0132320191569
86151620.19257034,445.13515890386543
86162597.33525614,439.18449041378517
86233950.11714202,391.65158520524847
86255903.83803247,378.3928334220211
86266880.79737496,366.77575492056724
86371159.9606911,283.7577207611997
86382136.31521615,277.1435446621529
86486410.05896008,161.15757242017543
89283545.29270612,207.97847095895366
89294507.3803342,214.6865761501698
89398648.58071099,306.52701949193283
89409610.40282851,318.0831504471278
89502784.37243086,381.62031011241197
89524707.30841187,396.537968147582
89535668.25851521,404.79454211241557
89617875.76996964,451.5889302952769
89639796.87208773,460.89248167709485
89650757.65348811,465.86152658755304
89661718.49918732,472.17317966538934
89711040.5583127,501.0077692567261
89716520.80605638,502.7664719513889
89722000.71886186,504.52018323269476
89727480.76339523,506.5679554512989
89732961.00851355,508.65136307114335
89738441.23164648,511.4898113595011
89743921.46392904,514.3321471473337
89749401.66347696,517.6150986493831
89760361.63497615,524.2362857806861
89765841.92401338,526.5425985737871
89771322.19963439,528.9427369154369
89776802.21033084,532.1917223072905
89782282.22785966,535.2555208916772
89787762.13112494,538.3978632025064
89793242.0025047,541.644365208713
89798722.0940379,544.031484088207
89804201.99088654,545.7462204601802
89809681.77307719,547.5476968841114
89815161.63380015,549.3793170189824
89820641.67988028,551.4814846014978
89826121.68659127,554.1735114538219
89831601.74378933,556.9242416307106
89837081.68885782,560.1248542577346
89842561.4341858,563.7310645601215
89848041.28397821,565.9874715784367
89853521.440156,568.1311151867014
89859001.44308816,570.5949900979986
89864481.26340415,573.5470521078007
89869961.08716558,576.499992640277
89875440.80567743,579.4423562268689
89880920.48147106,582.4702849297367
89886400.41761169,584.3956219612837
89891880.05273186,585.957462652928
89897359.63043751,587.8037783102707
89902839.35414174,589.500273509867
89908319.19644889,591.7394505610989
89913799.05688852,594.2828428615335
89919278.86668393,596.8288627744153
89924758.57776073,600.1375328538801
89930238.12010852,603.2513824958799
89935717.85281685,605.1152801102438
89941197.82718034,607.2840785592998
89946677.56446727,609.6462361141056
89952157.2024065,612.567232042768
89957636.78645171,615.2833437150329
89963116.27729805,618.034552744693
89968595.7797292,620.8310871712974
89974075.49242756,622.4513041754808
89979554.80923225,624.0151515188973
89985034.21169361,625.8258954851958
89990513.7826619,627.4344576204636
89995993.3807296,629.6529829103106
90001473.0047772,632.1215892451448
90006952.61045739,634.6413761656271
90012432.03714842,637.849439763881
90017911.36972018,640.4656979143487
90023390.9743334,642.32889627128
90028870.68265049,644.328589819754
90034350.13175775,646.7725042602976
90039829.52685063,649.349204365329
90045308.85478275,652.018072256853
90050788.12386963,654.7124139186886
90056267.4583229,657.0936670817366
90061746.87070961,658.6355630201149
90067225.95888682,660.1663624465573
90072705.13523394,661.8406859833374
90078184.50971468,663.4895298314664
90083663.86744362,665.7983786710411
90089143.28381775,668.0782871507126
90094622.61447348,670.582836613303
90100101.77555077,673.7066424429204
90105580.91816634,675.9819231103768
90111060.32628232,677.6706341263075
90116539.74480109,679.84707576479
90122018.89804073,682.2802125522271
90127498.09361789,684.8310362997181
90132977.16361326,687.3071490017712
90138456.18239108,689.9231681600713
90143935.38595766,691.978022919938
90149414.45529608,693.4001677913393
90154893.33298609,694.9752657061458
90160372.33039863,696.5976665507333
90165851.5222674,698.3714753806489
90171330.66251603,700.4552225277389
90176809.82106046,702.6798778285058
90182288.92361896,705.1982686040519
90187767.83464947,708.0712234093113
90193246.81319544,709.9580651197616
90198726.04830886,711.8914635197548
90204205.17725766,713.8164569289229
90209684.14891481,716.3587011198246
90215163.10124302,718.6802282202129
90220641.98533991,721.0807830211351
90226120.82339472,723.5880836231727
90231599.90744004,725.1823153934687
90237078.71404977,726.6581478602839
90242557.45502838,728.0976128212105
90248036.32119544,729.5640711658324
90253515.30719541,731.3933861685189
90258994.29967122,733.5115672365422
90264473.27218184,735.5851390339774
90269952.14634922,738.1733000924631
90275430.87140863,740.753486764351
90280909.74384907,742.5278184674559
90286388.81979907,744.2153265773904
90291867.72304457,746.2940069535005
90297346.46651159,748.6798393457584
90302825.21585396,750.9806564638592
90308303.87239641,753.2641900443984
90313782.51979958,755.5848231367643
90319261.40230279,757.0178666134611
90324739.91528684,758.2701285092105
90330218.4780674,759.8683481742432
90335697.19539337,761.2760520885921
90341175.96825406,763.171672433059
90346654.73857974,765.0711917855045
90352133.48541622,767.1741089678321
90357612.1127954,769.7792721679516
90363090.63301541,772.0390544117267
90368569.30563615,773.6140155583897
90374048.16120386,775.3693946168344
90379526.76139717,777.3678974207739
90385005.3134894,779.5929077919207
90390483.79406388,781.8146891868143
90395962.22549838,784.0610433993343
90401440.69774254,786.1351011392742
90406919.28956711,787.3483775954682
90412397.57544708,788.7954690171132
90417875.93074948,790.2425417175223
90423354.45669557,791.6393881929162
90428832.968432,793.4718426919696
90434311.54183266,795.3573257119442
90439790.05193087,797.3578226600924
90445268.40724364,799.9311336119372
90450746.71456087,801.8716949409314
90456225.27171762,803.3703731843771
90461703.8127353,805.0652057383883
90467182.14982428,807.0995990149586
90472660.4719622,809.2271176209445
90478138.72799338,811.3445087697105
90483616.93390906,813.5203100106318
90489095.2703945,815.3087953856898
90494573.5998633,816.4655914930664
90500051.66843405,817.7968692982413
90505529.84846734,819.2584973038158
90511008.21448839,820.7324069973398
90516486.5444136,822.4864069039581
90521964.89144814,824.2657937408943
90527443.19766359,826.34142461704
90532921.33276282,828.7676671682581
90538399.50037429,830.4151826491395
90543877.87724881,831.9377454668079
90549356.22130953,833.5295329806956
90554834.35299551,835.6513256275645
90560312.49783884,837.6393295367338
90565790.57010219,839.6626614600251
90571268.59907748,841.8041923038879
90576746.86163856,843.2630731162449
90582224.89362155,844.5074240667518
90587702.86085412,845.8643266241533
90593180.91149922,847.1955587056445
90598659.0982267,848.6823463754293
90604137.25362974,850.409042019493
90609615.45079966,852.165384056548
90615093.53953286,854.2624199596485
90620571.48130073,856.4992313948645
90626049.52503692,858.0341644245016
90631527.78497262,859.4579117300852
90637005.89090598,861.181210289399
90642483.82025544,863.2035166371754
90647961.7773625,865.1754078557757
90653439.64151953,867.101062032767
90658917.4713547,869.1156762372123
90664395.53906627,870.3943311550759
90669873.30929399,871.5274151772985
90675351.06013069,872.9240150554888
90680828.94787262,874.1807956121552
90686306.9173711,875.7440450116258
90691784.8969576,877.3477994350744
90697262.84043065,879.0822938405995
90702740.68541242,881.2462385663879
90708218.40821734,883.2194119242877
90713696.27866144,884.4841732088155
90719174.32859346,885.9839190131797
90724652.13537547,887.6109847699926
90730129.8823609,889.5873456240652
90735607.57379848,891.4197938724611
90741085.20389883,893.3088820160988
90746562.87124835,895.1728940329247
90752040.69516912,896.2544659014602
90757518.19935377,897.4977700796558
90762995.76107337,898.8022870013054
90768473.47840533,900.0201835137523
90773951.20363824,901.5414217343672
90779428.97858715,903.1373446880973
90784906.72678417,904.8207104999691
90790384.3130719,906.9515363093674
90795861.84527788,908.6486054043181
90801339.60408126,909.9301746931487
90806817.39815998,911.2995147664346
90812294.96997789,912.9915319406614
90817772.51811182,914.7927936322347
90823250.01384927,916.5846827386392
90828727.46003225,918.4357678133283
90834204.99673343,920.0529049933066
90839682.589375,921.121289522165
90845159.899445,922.2663427241896
90850637.30052495,923.5697164753619
90856114.87976438,924.812369998308
90861592.4543628,926.3690320801775
90867070.04138876,927.8661852409091
90872547.58238903,929.5950889248411
90878024.96224268,931.6593130345557
90883502.35530522,933.1346264091505
90888979.94733612,934.4109029824523
90894457.52048591,935.7475504839992
90899934.8841092,937.5331426700546
90905412.25354102,939.2355388788028
90910889.52835563,940.9522767679371
90916366.76627247,942.7761544292782
90921844.19904739,944.1460084399706
90927321.46528666,945.1942505157938
90932798.61577445,946.4217421664707
90938275.83356999,947.6180491874265
90943753.20859614,948.8713012266081
90949230.55227134,950.3462569595035
90954707.93805175,951.8476286739531
90960185.21808316,953.5880623227195
90965662.35831994,955.5177058066063
90971139.57476339,956.8252790290535
90976617.0224919,958.0817051929324
90982094.31258385,959.4879435598505
90987571.45187822,961.1674150151591
90993048.58059528,962.8302412872836
90998525.63260421,964.4844348429185
91004002.63502213,966.2404937527003
91009479.86697604,967.3787691271954
91014956.83892794,968.3485357493336
91020433.77885813,969.5769720621677
91025910.8216692,970.6982734958409
91031387.9755055,972.0172851724849
91036865.14217122,973.4147057922395
91042342.25931378,974.8700144934069
91047819.30355069,976.6921052065479
91053296.21956502,978.4223848358911
91058773.2625432,979.5412324100903
91064250.49826951,980.7802347088198
91069727.51923102,982.1459474012578
91075204.44861177,983.8154012237785
91080681.33313462,985.3681433715599
91086158.15366389,986.974181841505
91091634.97565936,988.6336424769054
91097111.98225427,989.6025044323151
91102588.6614162,990.6593916024833
91108065.39808974,991.8385917347414
91113542.27250808,992.8846571168423
91119019.17604919,994.1824940542192
91124496.1289497,995.5794825353952
91129973.03838985,996.9850798316485
91135449.81635383,998.7827187442315
91140926.52100994,1000.3019612470682
91146403.41850838,1001.376679061794
91151880.39334677,1002.5590683141012
91157357.14997901,1003.9928056937831
91162833.85413672,1005.5600943346028
91168310.5260174,1007.089512210159
91173787.12871507,1008.6657583242782
91179263.78446855,1010.1247350878377
91184740.54837269,1011.0638237048021
91190216.99819499,1012.0761332920799
91195693.52270061,1013.239275639299
91201170.22468163,1014.2991832749913
91206646.92613144,1015.6169500472163
91212123.63776962,1016.9153201731147
91217600.31160316,1018.3788282199228
91223076.83667067,1020.1487799788256
91228553.36023664,1021.4781208591012
91234030.07082836,1022.5300486813767
91239506.82758369,1023.7653504136948
91244983.32404152,1025.2681024592925
91250459.8320635,1026.7208218379294
91255936.23972063,1028.194580273647
91261412.59778444,1029.7540140631095
91266889.10656624,1030.9846913654264
91272365.54029855,1031.8814445117976
91277841.80479117,1032.9034579533218
91283318.12816098,1033.9854168746438
91288794.60921758,1035.0386003030499
91294271.06636232,1036.2949746345791
91299747.57989347,1037.6088329017
91305223.99143249,1039.064565996981
91310700.26723564,1040.7456846910923
91316176.59936842,1041.912304508149
91321653.14231351,1042.9485622238544
91327129.5909371,1044.137488145583
91332605.84735976,1045.5740541321156
91338082.10529077,1046.9990236757142
91343558.27049847,1048.4116763177562
91349034.37130158,1049.9380677886206
91354510.69269603,1050.9795871913284
91359986.80299978,1051.824118885902
91365462.80412963,1052.8527432326537
91370938.92961372,1053.8605166583975
91376415.18322411,1054.9845459295416
91381891.42542456,1056.1631285207382
91387367.65783077,1057.4122152340783
91392843.81755939,1058.9125289483131
91398319.84327163,1060.4362876295381
91403795.95876992,1061.4350254432118
91409272.28599742,1062.4503527482025
91414748.4277871,1063.6157169061069
91420224.4636063,1065.0792748679476
91425700.45706363,1066.4131479571583
91431176.39868979,1067.7850510330488
91436652.30885144,1069.2597328458255
91442128.41899233,1070.136732338345
91447604.23798676,1071.0555222192393
91453080.05107126,1072.06034421382
91458555.99328175,1072.9809580147573
91464031.99513358,1074.1124410346138
91469508.0423046,1075.3081404557906
91474984.03992327,1076.5132121837948
91480459.9319273,1078.0477681809816
91485935.74228449,1079.410122119913
91491411.71438783,1080.4201229962268
91496887.78318194,1081.4284046315402
91502363.68528552,1082.662968224889
91507839.49122784,1084.0598395730476
91513315.25640638,1085.3699868050676
91518790.94794837,1086.7075166446307
91524266.66314854,1088.0300471712137
91529742.53235032,1088.7915796876557
91535218.09373373,1089.6792887130184
91540693.7058341,1090.7007144975169
91546169.4643905,1091.6125268776382
91551645.23720694,1092.7270173276852
91557121.01318698,1093.8515475197776
91562596.77257532,1095.0933718276056
91568072.38911812,1096.60468307031
91573547.97936153,1097.7839998819222
91579023.75702153,1098.715912504546
91584499.58290768,1099.7109782339103
91589975.1787656,1100.9871175060475
91595450.74235901,1102.2441209833355
91600926.22872576,1103.518313847694
91606401.66143215,1104.8583740115178
91611877.17903873,1106.0004015102554
91617352.70216133,1106.7414844488937
91622828.01743284,1107.589899847158
91628303.37496641,1108.527994065715
91633778.90030137,1109.424942087242
91639254.42313264,1110.5458473056142
91644729.97976075,1111.617734624046
91650205.46409863,1112.8497391516448
91655680.81783971,1114.313569625971
91661156.1930271,1115.3384869484091
91666631.75326711,1116.2016059492253
91672107.28093445,1117.1869669779335
91677582.6042803,1118.4434043919027
91683057.95217876,1119.6806656610972
91688533.19342853,1120.8895971393235
91694008.3872355,1122.2154374450736
91699483.76347703,1123.1944885970465
91704958.98134445,1123.9128011755965
91710434.0770715,1124.834248588848
91715909.2605648,1125.7095082371754
91721384.58059506,1126.629986724837
91726859.86540942,1127.6718487695
91732335.18985555,1128.7638424386578
91737810.4259739,1130.0169046549972
91743285.5376779,1131.3665141494712
91748760.72012854,1132.2744674175942
91754236.12486568,1133.2281219320196
91759711.36398278,1134.2359717950467
91765186.49253292,1135.4743187894292
91770661.58873253,1136.6548852265419
91776136.60337952,1137.8323261191372
91781611.57087304,1139.107665638527
91787086.74694867,1139.9080059527753
91792561.67961635,1140.6022011928799
91798036.57865147,1141.4830950352693
91803511.5658798,1142.3063166469374
91808986.65010092,1143.2644635608872
91814461.75439084,1144.2733786532099
91819936.8044346,1145.3150630830646
91825411.78457144,1146.6221307032943
91830886.6613211,1147.8412300184948
91836361.66079043,1148.6502013894262
91841836.81444941,1149.5456808070237
91847311.77541026,1150.5296204837252
91852786.65830499,1151.758983940445
91858261.48808445,1152.8635087321475
91863736.24671546,1154.0107896526652
91869211.00288609,1155.213972692132
91874685.92762262,1155.88059948531
91880160.53744252,1156.6297704724557
91885635.2031659,1157.4872892191497
91891109.98999244,1158.2530698220417
91896584.80249393,1159.1802502497635
91902059.6671672,1160.1764921414228
91907534.48909947,1161.1780063806734
91913009.19474626,1162.470785724834
91918483.84277666,1163.5433201995486
91923958.65901211,1164.2962866994317
91929433.55019401,1165.1502487591363
91934908.23359902,1166.215137126799
91940382.88197078,1167.3554727602686
91945857.48424754,1168.4466046891641
91951332.02038959,1169.5778016998652
91956806.61028005,1170.6442518995436
91962281.2983776,1171.2786207319098
91967755.69608906,1171.9890924234394
91973230.15931234,1172.8506921314358
91978704.78209557,1173.6171649733676
91984179.40086204,1174.5443262670344
91989654.03074282,1175.482779723231
91995128.63097653,1176.5257715564987
92000603.0946848,1177.792212390526
92006077.56254528,1178.7147091603222
92011552.20626102,1179.483173830291
92017026.88972484,1180.3410904885145
92022501.34677364,1181.4608184050007
92027975.7977961,1182.5031258408185
92033450.15647897,1183.5592409053158
92038924.45706338,1184.6935284084911
92044398.8889192,1185.5713020255475
92049873.26509441,1186.1733471311748
92055347.4668722,1186.8623151211473
92060821.73872183,1187.6477336574649
92066296.1459362,1188.4080346976596
92071770.53952514,1189.3170477134342
92077244.97191228,1190.2215220100295
92082719.31371455,1191.2784822636272
92088193.53935057,1192.4849891615613
92093667.81120934,1193.3026536567975
92099142.25975114,1194.0101793818699
92104616.64079857,1194.8576915130207
92110090.84464705,1195.909566549811
92115565.07159755,1196.9257791564194
92121039.2077405,1197.9242105310714
92126513.28443703,1199.0454252920867
92131987.56550917,1199.78198120033
92137461.63418542,1200.3411930643133
92142935.62993886,1201.1072627239512
92148409.71551722,1201.8349995870767
92153883.916056,1202.6285033394925
92159358.0923979,1203.4601269114178
92164832.29977198,1204.3639697425888
92170306.41998361,1205.4267577465798
92175780.43078446,1206.513752109876
92181254.5208169,1207.2661622173564
92186728.7888964,1207.9882197513007
92192202.90940307,1208.869116649705
92197676.91196357,1209.9521592991593
92203150.90053242,1210.9306217771957
92208624.8161884,1211.910650742295
92214098.69996023,1212.9723425746438
92219572.78838675,1213.5897790981853
92225046.61423343,1214.168248882193
92230520.42018631,1214.8926165662483
92235994.33183068,1215.564137516788
92241468.3133743,1216.3775820602598
92246942.32099536,1217.1791690092268
92252416.27782433,1218.0585680944557
92257890.15823074,1219.161209007236
92263363.95478715,1220.1332197270901
92268837.87674896,1220.7735397494348
92274311.9370319,1221.5424175666967
92279785.80144897,1222.3911940755388
92285259.61404568,1223.4322296436285
92290733.35232344,1224.3484862913729
92296207.02497429,1225.3151649536055
92301680.70697987,1226.2925992326727
92307154.53035793,1226.784435730296
92312628.08957198,1227.3726837596907
92318101.68296729,1228.0680085128092
92323575.4150362,1228.713546018077
92329049.14779858,1229.4917703572805
92334522.92608288,1230.3120211166995
92339996.65930286,1231.150415856941
92345470.27853802,1232.248211362787
92350943.86602521,1233.0959079129373
92356417.61943008,1233.7230363101103
92361891.40643731,1234.428248561955
92367365.00742792,1235.3363865285896
92372838.59165224,1236.28849947845
92378312.1193412,1237.1857439733565
92383785.59723791,1238.1310396676417
92389259.1591421,1238.9811066078375
92394732.7570562,1239.428119262685
92400206.11461827,1239.9975779292106
92405679.55071028,1240.6933736760416
92411153.13082844,1241.349634386333
92416626.69611795,1242.1069736394559
92422100.27320571,1242.8808837413185
92427573.82724917,1243.7569651535366
92433047.25197293,1244.7994908030946
92438520.69730389,1245.5162192980085
92443994.32710624,1246.2030826599623
92449467.89962325,1246.918993561896
92454941.31372167,1247.8658944216731
92460414.70603852,1248.769912264096
92465888.01093115,1249.6444636297626
92471361.25598973,1250.608672339152
92476834.66032635,1251.278682178465
92482307.97156022,1251.7527644513937
92487781.13684098,1252.3076259310287
92493254.38107501,1252.9383101317194
92498727.74378945,1253.5835337669164
92504201.10843371,1254.3293808846818
92509674.479238,1255.0473236686353
92515147.78524196,1255.9603686268501
92520620.98022668,1256.9334878186426
92526094.23607557,1257.5754289692532
92531567.63917015,1258.221641305383
92537040.95870315,1258.9491754315738
92542514.13007003,1259.8790314982564
92547987.29375444,1260.7126337247269
92553460.3764795,1261.5359230237082
92558933.40975888,1262.48355921453
92564406.65308529,1263.0214733079501
92569879.64708154,1263.475556103451
92575352.63050097,1264.0742215456846
92580825.69162247,1264.6520361875532
92586298.83724721,1265.3213530774028
92591771.98331477,1266.042743595432
92597245.12137334,1266.7973532481415
92602718.17760144,1267.7041077136237
92608191.14819852,1268.582359004486
92613664.2167338,1269.2052332214435
92619137.41319466,1269.8082159512405
92624610.46371076,1270.5759199523548
92630083.40429762,1271.4806422057998
92635556.32948838,1272.3006957245013
92641029.17957252,1273.1131845678321
92646502.01278098,1273.9722374704434
92651975.04973038,1274.4250171401914
92657447.76719509,1274.8418801789858
92662920.53855647,1275.4484604800036
92668393.42438792,1275.9922404259412
92673866.34923749,1276.6768591589441
92679339.28541325,1277.3354414402365
92684812.19749247,1278.0891130896312
92690285.01822527,1279.013231891888
92695757.78149459,1279.7865955691345
92701230.6539833,1280.321482536948
92706703.65980552,1280.9485134466877
92712176.44254564,1281.7280553172986
92717649.18739645,1282.5483506477576
92723121.87581918,1283.32868560348
92728594.50526665,1284.1411280609823
92734067.16011342,1284.9364787860434
92739539.92010209,1285.3192966106155
92745012.43434857,1285.77371364268
92750484.98877189,1286.341917366758
92755957.68945739,1286.8662224400293
92761430.38409649,1287.5414361259361
92766903.12413315,1288.202479968948
92772375.79801466,1288.9106707878689
92777848.38095546,1289.8267735664344
92783320.95275076,1290.5070041502318
92788793.65953015,1291.0182185416531
92794266.41852698,1291.6696901544778
92799738.9590251,1292.4527262820802
92805211.50248063,1293.2483452342192
92810683.94539589,1293.9895757145166
92816156.3468912,1294.7906736997875
92821628.8563699,1295.4641084955138
92827101.33136873,1295.784906251749
92832573.62721594,1296.287545002758
92838045.98607,1296.8396916850638
92843518.4780912,1297.3653420960345
92848990.93431212,1298.0052953426875
92854463.4414027,1298.6682581244322
92859935.86677572,1299.4198862034677
92865408.17572138,1300.2884750015862
92870880.523036,1300.8468021538579
92876353.05671856,1301.3828835009172
92881825.50077732,1301.9944197813431
92887297.77850139,1302.7679403489274
92892770.0606564,1303.524844035973
92898242.24689156,1304.237005938478
92903714.3730821,1305.0513856958867
92909186.66507496,1305.5729956544374
92914658.81642249,1305.9070984822024
92920130.84451225,1306.4016430547913
92925602.998281,1306.901628418517
92931075.26032256,1307.4558257522515
92936547.4998499,1308.0534734481148
92942019.74154124,1308.6962813564733
92947491.92353353,1309.4690958983003
92952963.99546301,1310.2529916810636
92958436.13674837,1310.7400097363548
92963908.45763722,1311.319747800936
92969380.63325882,1311.9013932185794
92974852.71377547,1312.7026760626693
92980324.76541498,1313.3891078493293
92985796.75275616,1314.0846865201813
92991268.70003182,1314.8673832010195
92996740.84324244,1315.2888978469266
93002212.74575575,1315.650580102201
93007684.6258933,1316.1296960889658
93013156.58687827,1316.592438434399
93018628.61742616,1317.1568378970635
93024100.67293647,1317.761589450702
93029572.67480391,1318.3675961766623
93035044.60438387,1319.1613365266642
93040516.45751488,1319.8636573918131
93045988.43533163,1320.3284141052102
93051460.51017213,1320.8600474634138
93056932.42233963,1321.4421410858545
93062404.26618849,1322.2082774792643
93067876.05099267,1322.851089217148
93073347.76723859,1323.5370128169166
93078819.48316029,1324.2682772547435
93084291.36214705,1324.5889650096872
93089762.93882465,1324.977534430969
93095234.57121794,1325.4646929271407
93100706.30902864,1325.892975318819
93106178.05914687,1326.4242441632418
93111649.84742713,1327.000374884493
93117121.60522537,1327.5861443176868
93122593.25427188,1328.3743385242624
93128064.86411066,1328.981295517041
93133536.61087808,1329.3870321464788
93139008.43351665,1329.8861558527105
93144480.07303454,1330.5478197102475
93149951.6809343,1331.2423647016205
93155423.23101194,1331.8797437981352
93160894.72970314,1332.5489241747978
93166366.28650413,1333.1904788079269
93171837.92408818,1333.480614233892
93177309.2993623,1333.8276030383706
93182780.73892137,1334.3251134678378
93188252.31622426,1334.7469825212847
93193723.88433373,1335.2684308401879
93199195.46463796,1335.8202223665535
93204667.00935401,1336.4281601583039
93210138.42724486,1337.1885254381175
93215609.85229567,1337.6903149258965
93221081.43663892,1338.127287850769
93226553.03755358,1338.582376635155
93232024.46305196,1339.2731289063308
93237495.85892509,1339.8950039804147
93242967.18252087,1340.51348050226
93248438.44566709,1341.1991651310586
93253909.82854138,1341.698891116169
93259381.18022013,1341.9533385438358
93264852.34002054,1342.287928597607
93270323.59484336,1342.7195994466501
93275794.96795176,1343.15481406333
93281266.31154509,1343.6770244254692
93286737.682399,1344.1783653818102
93292208.9993324,1344.812446266502
93297680.20280428,1345.5235367585142
93303151.4449042,1345.9591171176335
93308622.84608443,1346.3708965518504
93314094.18507393,1346.851093857782
93319565.3756401,1347.5198238027274
93325036.5707834,1348.1128014775015
93330507.69355445,1348.684935801204
93335978.7830236,1349.37088901475
93341450.05228734,1349.7450736214766
93346921.15819646,1349.986904821742
93352392.18474178,1350.3495430349208
93357863.28565452,1350.7377739365202
93363334.47906068,1351.1699248607827
93368805.66704103,1351.6753236852742
93374276.8691408,1352.168714332901
93379747.9865812,1352.8036228139515
93385219.017568,1353.440563861511
93390690.13926622,1353.8614766154328
93396161.3773382,1354.2717100500522
93401632.51411542,1354.7775405148534
93407103.53331028,1355.4432646012276
93412574.52708657,1356.0012940243182
93418045.44271052,1356.5698229149843
93423516.32495579,1357.215057049912
93428987.4080252,1357.508876442779
93434458.21442583,1357.727401343288
93439929.06088859,1358.104657346179
93445399.99561448,1358.4686525836844
93450870.97109535,1358.9077149323969
93456341.95334838,1359.3477475894933
93461812.9400933,1359.846810077131
93467283.8290628,1360.4809902728518
93472754.65645996,1361.034110624586
93478225.59016654,1361.4281191940054
93483696.622682,1361.824333492313
93489167.49293819,1362.3537913347382
93494638.29168233,1362.9627447662754
93500109.0530789,1363.506805815923
93505579.75059897,1364.0634446700215
93511050.454844,1364.6308362213254
93516521.31496191,1364.864544548688
93521991.89230683,1365.0793765197868
93527462.50828812,1365.468656015339
93532933.25475886,1365.8046116469225
93538404.01310645,1366.2554276084174
93543874.78541297,1366.7216014368655
93549345.51933274,1367.225654404641
93554816.1390199,1367.881140906424
93560286.74138853,1368.3521794925732
93565757.46883048,1368.6695835821045
93571228.27670369,1369.0834269073368
93576698.87384714,1369.6389067550272
93582169.43306836,1370.1854062646717
93587639.92575568,1370.7107470762332
93593110.3633604,1371.2660168524003
93598580.86386254,1371.7591932834569
93604051.39546436,1371.9390212645462
93609521.7187771,1372.1662213720044
93614992.0978884,1372.5220331696576
93620462.62729326,1372.8459768977618
93625933.1404892,1373.2848472812468
93631403.69267622,1373.7189679400362
93636874.17423595,1374.2218764989773
93642344.55400378,1374.8507881489472
93647814.95388101,1375.2569388427437
93653285.4931936,1375.5570847411786
93658756.05474539,1375.9769682761705
93664226.42118032,1376.5152179508302
93669696.80895208,1377.0379970445417
93675167.10671306,1377.5176401221815
93680637.35997224,1378.084989959994
93686107.74997358,1378.4701278750365
93691578.07413833,1378.6186463571703
93697048.24333555,1378.9019962016157
93702518.47686642,1379.225766572063
93707988.82507533,1379.554721626755
93713459.14100502,1379.9722402905036
93718929.4965728,1380.4118333161625
93724399.7560004,1380.9206176672108
93729869.9145397,1381.496708733338
93735340.13324317,1381.8352023070147
93740810.53275672,1382.1394569204608
93746280.82071987,1382.5422028854812
93751750.95554797,1383.0519213660268
93757221.10770474,1383.5430951955677
93762691.16991867,1383.9939490999564
93768161.1801783,1384.5668860497244
93773631.38143815,1384.8550166503173
93779101.3842461,1384.9822137098683
93784571.32667002,1385.2955796182682
93790041.35248053,1385.5940244307217
93795511.46584414,1385.942354202046
93800981.56014451,1386.29728787719
93806451.66874349,1386.7173221985609
93811921.69962953,1387.2379634528183
93817391.63739976,1387.7436176005504
93822861.6566865,1388.04149382045
93828331.81138936,1388.37149252362
93833801.84694178,1388.7805872543952
93839271.7882836,1389.3258501574655
93844741.69600071,1389.7790914578793
93850211.53350386,1390.234326277946
93855681.35110925,1390.7568906445078
93861151.3726592,1390.9487524190383
93866621.12127596,1391.0930129296232
93872090.87663406,1391.3724370351713
93877560.72701745,1391.6431321037878
93883030.62606537,1392.0009573592797
93888500.54693499,1392.3366539957547
93893970.42565827,1392.742007520604
93899440.21562167,1393.2788092039295
93904909.93836702,1393.7142673079309
93910379.765859,1393.961457976169
93915849.72102556,1394.3002394532305
93921319.48431656,1394.7011088719382
93926789.21208604,1395.20209165007
93932258.87301047,1395.622080424921
93937728.48535028,1396.0754639036722
93943198.10645375,1396.5508853096758
93948667.85780561,1396.6710781814404
93954137.36357786,1396.7982224721598
93959606.90331085,1397.0701662695747
93965076.5805012,1397.3157979024563
93970546.25227682,1397.6708813033733
93976015.95615704,1398.0394564989545
93981485.6021764,1398.4283084698818
93986955.15213215,1398.9673842492864
93992424.69010472,1399.3362752846738
93997894.35120997,1399.5766128180876
94003364.0814432,1399.9185016228369
94008833.60081898,1400.3593129844796
94014303.1101486,1400.8338104953064
94019772.53012517,1401.2395703736806
94025241.90410177,1401.6825415282885
94030711.36886983,1402.06039542039
94036180.84758396,1402.1264260127878
94041650.14850403,1402.2706343931557
94047119.4960352,1402.5202457513642
94052588.97190748,1402.7625097205341
94058058.41579193,1403.091408926914
94063527.91849463,1403.45173740643
94068997.33569105,1403.8403605219355
94074466.6500055,1404.3487452330314
94079935.98745652,1404.6517879917394
94085405.49102306,1404.886813085731
94090874.9501628,1405.2110601695586
94096344.24821545,1405.6351054197219
94101813.55886547,1406.0480670354261
94107282.7818551,1406.422102178098
94112751.95779738,1406.8840065866057
94118221.27592196,1407.1733888789704
94123690.51492938,1407.2263550486746
94129159.59570198,1407.4290976341704
94134628.7617823,1407.6607495014325
94140098.04392669,1407.9178642740283
94145567.2772111,1408.2260342259992
94151036.54325068,1408.5787104640353
94156505.7364109,1408.9837338562797
94161974.82387765,1409.4346154314387
94167443.9784707,1409.677920246974
94172913.32436322,1409.94035005018
94178382.5245779,1410.2596971037874
94183851.59236535,1410.6829563260144
94189320.64780816,1411.077274782535
94194789.62198779,1411.4406725949016
94200258.54923409,1411.896799637361
94205727.65523587,1412.089556515012
94211196.5677017,1412.1396826414675
94216665.40353347,1412.3458218055457
94222134.33790159,1412.5567263310768
94227603.34930909,1412.8229002290782
94233072.36153588,1413.0922689080567
94238541.36731793,1413.4177897448185
94244010.29325561,1413.847982166057
94249479.12416072,1414.2430232348595
94254948.04106854,1414.4364664247676
94260417.09281416,1414.6928877920884
94265886.01516096,1414.992486160359
94271354.85768807,1415.4273970597585
94276823.66373216,1415.7713362571358
94282292.41249628,1416.1288349790113
94287761.14006798,1416.5544614847174
94293230.06481415,1416.6550091680815
94298698.72040221,1416.7441332759513
94304167.36766742,1416.9296878607647
94309636.11920719,1417.1110242846244
94315104.91131204,1417.386572547836
94320573.73538631,1417.6519670002135
94326042.49940863,1417.957950595312
94331511.17706263,1418.4002031899727
94336979.79496016,1418.7309002600773
94342448.53164242,1418.8802504199252
94347917.38534763,1419.1428828871472
94353386.0486546,1419.4394308119656
94358854.68265983,1419.8522074434563
94364323.23690392,1420.1716974340256
94369791.74244434,1420.5263201369557
94375260.26672871,1420.899855035437
94380728.91432725,1420.9305259218397
94386197.31590606,1420.963828494308
94391665.76253171,1421.1473786478184
94397134.34293592,1421.3103171380242
94402602.90870714,1421.5720326042333
94408071.51648925,1421.851293626202
94413540.06098516,1422.1438881570516
94419008.50953892,1422.5783583694424
94424476.94936821,1422.8508963129193
94429945.51216933,1423.0139369753174
94435414.14214644,1423.2577499738873
94440882.57094947,1423.5981292983954
94446350.98807666,1423.9807647564107
94451819.32251038,1424.286157444644
94457287.61062993,1424.6333080921288
94462755.99769264,1424.9184631853286
94468224.39804848,1424.9034319066013
94473692.61499348,1424.9618800269186
94479160.88970828,1425.129665967745
94484629.2871298,1425.2886128873495
94490097.644709,1425.5262678480228
94495566.06146029,1425.8011114827123
94501034.39368077,1426.0999346487713
94506502.61907418,1426.50370253591
94511970.87435256,1426.7002119436904
94517439.30598964,1426.8624182961257
94522907.68953705,1427.105323478381
94528375.91078734,1427.437317464401
94533844.13784847,1427.752387559286
94539312.27844386,1428.0336204922394
94544780.37321472,1428.3994183742566
94550248.61117755,1428.602088037926
94555716.76566868,1428.5666067272582
94561184.76634537,1428.681191174765
94566652.8554755,1428.8279861644705
94572121.05838701,1429.0053734767341
94577589.21178128,1429.2263766582437
94583057.39505969,1429.4930750774836
94588525.50603369,1429.806769820894
94593993.50899968,1430.15783598703
94599461.58469935,1430.3192007644525
94604929.85224743,1430.4988539948172
94610397.97613603,1430.7328951893367
94615865.96509811,1431.0662152484122
94621333.94035107,1431.3668631484595
94626801.831923,1431.6392340325738
94632269.67914234,1432.0012908850179
94637737.70692247,1432.1151572175174
94643205.5345666,1432.0800784555372
94648673.29506029,1432.2012740412094
94654141.15205202,1432.3318755171167
94659609.0832853,1432.5167140456283
94665077.01203837,1432.7011960810655
94670544.93863223,1432.9392084996366
94676012.78096764,1433.277023948006
94681480.52978496,1433.5767061455686
94686948.36971179,1433.6914292773245
94692416.34581324,1433.878008771457
94697884.19224729,1434.0964455496417
94703351.95443562,1434.4359903270858
94708819.67854618,1434.6947622193652
94714287.34246829,1434.959929447838
94719754.98700997,1435.2931807236307
94725222.83483522,1435.3146029860052
94730690.41145645,1435.3052365587941
94736157.98290817,1435.408353838414
94741625.659102,1435.5144375592392
94747093.37423378,1435.706263507342
94752561.11570206,1435.8833020094505
94758028.80432019,1436.1087630320872
94763496.39920098,1436.4559540714579
94768963.93530144,1436.6977942406056
94774431.58912814,1436.775366442924
94779899.36922945,1436.9551813815708
94785366.95076163,1437.179406180266
94790834.49717759,1437.4923043607337
94796301.9684387,1437.7279299816255
94801769.39335041,1437.9960307285937
94807236.8352527,1438.2807413656287
94812704.40186115,1438.2436321244172
94818171.71327738,1438.18850678585
94823639.07505843,1438.2904686585064
94829106.57434207,1438.3757433614007
94834574.05922902,1438.5594602855363
94840041.58468193,1438.7556928918198
94845509.04501449,1438.9778018475238
94850976.40270457,1439.3183483897644
94856443.75818637,1439.5065929561974
94861911.2390788,1439.6060218338432
94867378.7890551,1439.7779733163704
94872846.12881224,1440.0394146333765
94878313.44616659,1440.32863801482
94883780.67146291,1440.5524909371984
94889247.84927039,1440.8193057400088
94894715.12292753,1441.0187572448012
94900182.40913966,1440.9383962454638
94905649.50946097,1440.9016119077519
94911116.67047882,1440.986142027577
94916583.96185552,1441.0701784968585
94922051.2175422,1441.2385730484746
94927518.53156747,1441.4197083318484
94932985.7557061,1441.6469944994399
94938452.87322077,1441.9636391202075
94943920.02752905,1442.101519054141
94949387.33756061,1442.166840017423
94954854.6335795,1442.3320347129297
94960321.75283112,1442.5780524687782
94965788.88507426,1442.8067577043696
94971255.92781074,1443.0029112414838
94976722.93124825,1443.2811280207047
94982190.07619062,1443.4095656962802
94987657.14050776,1443.2946952994157
94993124.06183617,1443.319254291197
94998591.05493465,1443.387880102084
95004058.15701191,1443.4780425379815
95009525.22605857,1443.634151268006
95014992.32698543,1443.820462934786
95020459.32842243,1444.0549550551423
95025926.2224483,1444.3293303521264
95031393.19538568,1444.4235060121916
95036860.3510936,1444.4828796274396
95042327.39837779,1444.6344509077428
95047794.28446174,1444.8725771228178
95053261.17933811,1445.0857662764156
95058727.9839959,1445.264819328093
95064194.74842048,1445.5568155216447
95069661.70474778,1445.6038093432176
95075128.44802128,1445.482667310294
95080595.16071804,1445.5214428233157
95086061.94965981,1445.5786494654208
95091528.81621955,1445.6860403059852
95096995.65723148,1445.7965053075523
95102462.52172935,1445.9559325061587
95107929.29438394,1446.2021413298394
95113395.98038924,1446.4221766075036
95118862.76595657,1446.4871911525138
95124329.68566887,1446.6080221989416
95129796.48387672,1446.7591952503255
95135263.17973071,1447.0149981980232
95140729.83957034,1447.2016995087956
95146196.42619427,1447.3855310313597
95151662.99139489,1447.6388423518558
95157129.76721571,1447.5868003910773
95162596.25914338,1447.4574473158082
95168062.78935687,1447.4863602244845
95173529.41631381,1447.5297036847678
95178996.07717843,1447.634510130971
95184462.7403299,1447.7230420553053
95189929.3915904,1447.8769215384514
95195395.935297,1448.1283793785467
95200862.42294368,1448.2943365095578
95206329.03245354,1448.3426988704584
95211795.7575215,1448.4210087148929
95217262.30023174,1448.5939922698906
95222728.77669175,1448.8173271228225
95228195.20552759,1448.9894106817444
95233661.57827137,1449.1742976233509
95239127.96390437,1449.377308613165
95244594.49704,1449.296702581848
95250060.74234709,1449.1626277072996
95255527.04370207,1449.207868110227
95260993.47925068,1449.2238044499775
95266459.90986347,1449.337192977315
95271926.36877386,1449.4594242332569
95277392.77163315,1449.6199456539166
95282859.05381759,1449.8813538931645
95288325.33112238,1449.986925452079
95293791.74278378,1450.0261914793418
95299258.22946498,1450.0827909878371
95304724.5276288,1450.2625908595576
95310190.76277472,1450.4404675040444
95315656.94816034,1450.5979934412508
95321123.07321362,1450.79383230456
95326589.26867002,1450.9337452697744
95332055.50479408,1450.8258342981446
95337521.4968914,1450.709490507661
95342987.57092215,1450.7437985527997
95348453.79363091,1450.7615727030413
95353919.98594593,1450.8693300914385
95359386.19922549,1450.9610479316873
95364852.35673359,1451.1281552822059
95370318.39260305,1451.3623089205962
95375784.47349866,1451.4129426414797
95381250.70779842,1451.4376210213472
95386716.96350537,1451.4828601339018
95392183.03712973,1451.6906000697822
95397649.09075761,1451.8464027024377
95403115.054815,1451.9818189695106
95408580.98002133,1452.1826782220382
95414047.03559843,1452.2427678330073
95419513.03260705,1452.060001795568
95424978.87141427,1451.9697612201626
95430444.79725757,1451.9687262949599
95435910.83142817,1451.9994902517656
95441376.83890668,1452.0868976336767
95446842.85660288,1452.1660859622637
95452308.81487517,1452.338296540926
95457774.64971556,1452.5403477782966
95463240.553724,1452.5629713084772
95468706.62150837,1452.566521326415
95474172.63926062,1452.6185766921185
95479638.49205506,1452.8269254372083
95485104.34273578,1452.9525301216167
95490570.11059915,1453.0665642918957
95496035.85892476,1453.2796050726492
95501501.78971365,1453.2532991545381
95506967.54869089,1453.0733559697749
95512433.24205093,1452.9905708770098
95517899.01212013,1452.9754438881625
95523364.86088696,1453.0114789192357
95528830.70998381,1453.0961806546811
95534296.53471757,1453.1739059632764
95539762.2801989,1453.3609663253917
95545227.9348247,1453.5139022271783
95550693.71051075,1453.5186659856292
95556159.60458839,1453.5761617199676
95561625.38407443,1453.6329895774577
95567091.04773982,1453.812314758287
95572556.66960083,1453.9168304987966
95578022.22380607,1454.0246216345656
95583487.75008515,1454.22243664922
95588953.48138437,1454.1140961314477
95594418.94277799,1453.9643052772346
95599884.39973554,1453.9052700799668
95605349.96983437,1453.871742438439
95610815.57188515,1453.9140761988892
95616281.19066267,1453.9983360525555
95621746.77311033,1454.062752830233
95627212.25056852,1454.2519192474267
95632677.68531074,1454.3491977281049
95638143.27361281,1454.3345614963341
95643608.92429858,1454.380896070043
95649074.41951959,1454.4498070542675
95654539.83711809,1454.6296493089126
95660005.18413027,1454.720635875563
95665470.4694013,1454.835399490395
95670935.75485076,1454.9998081531487
95676401.19946481,1454.8365899225482
95681866.36534181,1454.6829539918638
95687331.58286738,1454.6498069534962
95692796.91732839,1454.60028002154
95698262.237145,1454.6203223651473
95703727.6109451,1454.6732534128912
95709192.93126526,1454.7413528621296
95714658.13150886,1454.9285498759205
95720123.31307139,1454.9786354152172
95725588.64062767,1454.9649755577625
95731054.04146376,1454.9724268951836
95736519.27150342,1455.0651100758805
95741984.455918,1455.2177741120365
95747449.55481444,1455.2923152219553
95752914.61385413,1455.4105919373878
95758379.7481964,1455.499190875665
95763844.95325607,1455.2946899490366
95769309.91207488,1455.1200371453328
95774774.95604877,1455.0898376743728
95780240.1156161,1455.0372058608982
95785705.23238325,1455.035236637317
95791170.40275812,1455.0860786633443
95796635.50608686,1455.155900888264
95802100.47221784,1455.3282263983033
95807565.46623807,1455.3273670915162
95813030.64149018,1455.289190762439
95818495.79919152,1455.2945041815678
95823960.78952889,1455.3965601691577
95829425.75867099,1455.5178515781713
95834890.63225229,1455.5786596525998
95840355.46896888,1455.7054518511322
95845820.42552762,1455.7330364098848
95851285.34321342,1455.487865425206
95856750.07314914,1455.3403264357084
95862214.90224147,1455.2770894694809
95867679.85720818,1455.2453772521217
95873144.76799805,1455.2649412639112
95878609.69931889,1455.319951716126
95884074.55373259,1455.4132600655325
95889539.27650777,1455.5511097795334
95895004.07974552,1455.523841118232
95900469.06828758,1455.4608554541755
95905933.98919946,1455.4675510743966
95911398.71974473,1455.570540791026
95916863.4543974,1455.6523953351787
95922328.08227488,1455.7032049604118
95927792.67115012,1455.8386061763472
95933257.428061,1455.7907892073501
95938722.02250747,1455.528955244191
95944186.5323302,1455.4041447689463
95949651.16416587,1455.3208002178185
95955115.88452998,1455.296374929147
95960580.56178373,1455.293897175205
95966045.25396074,1455.3416806678376
95971509.85588682,1455.4430186373565
95976974.34830134,1455.537248618917
95982438.95670195,1455.475553826942
95987903.74260934,1455.4024742820825
95993368.40514585,1455.4062265911562
95998832.94377403,1455.514532469186
96004297.44298263,1455.5799631652394
96009761.86363962,1455.6194547889481
96015226.24797572,1455.7461522092608
96020690.8498126,1455.5921304718208
96026155.19650204,1455.323465276386
96031619.52747782,1455.1865982760241
96037083.97588226,1455.1013670878808
96042548.46764596,1455.0785708978235
96048012.94482079,1455.061206513036
96053477.42191564,1455.0821489136313
96058941.78404067,1455.1923009288766
96064406.07963786,1455.2393791123413
96069870.51028705,1455.1583853255477
96075335.07280235,1455.1093858640363
96080799.45788501,1455.123656491506
96086263.7600949,1455.2191433006433
96091728.01566188,1455.26670771371
96097192.22779109,1455.3069686157369
96102656.42798302,1455.400490045441
96108120.82959805,1455.1887969841857
96113584.94167806,1454.8968580139065
96119049.09889133,1454.7958484976461
96124513.38019633,1454.6910774873172
96129977.6633758,1454.6665457289887
96135441.9456547,1454.6568945841063
96140906.20358218,1454.6930516177272
96146370.32856558,1454.8115110400029
96151834.4283918,1454.810176510076
96157298.67837155,1454.7370536822505
96162763.02952255,1454.6653920745007
96168227.19268318,1454.6784921476512
96173691.2801023,1454.7424875656206
96179155.3021134,1454.7528981745056
96184619.27623601,1454.8073137510496
96190083.29827629,1454.845557111562
96195547.43032043,1454.616553207843
96201011.26649234,1454.3467648172489
96206475.2008199,1454.2598601484447
96211939.26390652,1454.1496716458673
96217403.29204114,1454.1199062901294
96222867.33612971,1454.0993373967842
96228331.33240269,1454.1381203970188
96233795.18120717,1454.2371619858673
96239259.06173234,1454.1850876130713
96244723.10235563,1454.1069109323087
96250187.17448194,1454.0111010567675
96255651.05408245,1454.0581316549938
96261114.87475596,1454.082921906154
96266578.62250198,1454.0993919631271
96272042.32506365,1454.1688675882951
96277506.12792931,1454.1456841475574
96282969.9490163,1453.8824909571167
96288433.5349576,1453.617758881709
96293897.24097672,1453.5100996747638
96299361.0639614,1453.4194224262285
96304824.84531116,1453.3772233019533
96310288.63898303,1453.339307969726
96315752.38346528,1453.36348681004
96321215.9874302,1453.444449257325
96326679.66343243,1453.372812125182
96332143.51873538,1453.2831879410667
96337607.34492129,1453.219966391986
96343070.98485816,1453.2913945673506
96348534.58060275,1453.3018609631335
96353998.09595959,1453.3039290200845
96359461.57193197,1453.3707447206243
96364925.20855178,1453.2734840647188
96370388.73026668,1452.9557025634058
96375852.13682383,1452.7030540327744
96381315.66214755,1452.5691875572138
96386779.28244752,1452.4881765485434
96392242.87890442,1452.421540325745
96397706.46090053,1452.3743694291923
96403169.98416553,1452.4231661378865
96408633.37704276,1452.4668123217307
96414096.88426393,1452.348000157807
96419560.5514296,1452.276101556922
96425024.12013677,1452.1987312087197
96430487.5449775,1452.2807030839012
96435950.91312759,1452.281007626036
96441414.20332623,1452.2718352578452
96446877.45325235,1452.345179229422
96452340.90522996,1452.1703629032306
96457804.15181156,1451.860534890906
96463267.32873797,1451.6519184151657
96468730.62385693,1451.5066330825218
96474193.98316455,1451.4207030114528
96479657.3336383,1451.3632714437585
96485120.66231327,1451.3170076304114
96490583.88549624,1451.3844316970012
96496047.0131307,1451.3872547788687
96501510.27969508,1451.218099767487
96506973.70627534,1451.1348676687
96512436.9552219,1451.0615989233295
96517900.10238099,1451.0985846583665
96523363.20730624,1451.0853580106284
96528826.25865668,1451.063881054886
96534289.28900261,1451.1220560056513
96539752.5296563,1450.8876454432718
96545215.5148219,1450.5615127869326
96550678.48572879,1450.380831862947
96556141.58125173,1450.2204175170982
96561604.69750597,1450.1495052005039
96567067.82856709,1450.0755472881033
96572530.90453216,1450.041005720846
96577993.86037225,1450.11008848494
96583456.76654269,1450.0715518333382
96588919.82428893,1449.885074500406
96594383.01956764,1449.778986891571
96599845.99249919,1449.7378468329282
96605308.89435597,1449.7563287471137
96610771.72945985,1449.7136684390007
96616234.5153725,1449.7159507159158
96621697.32409155,1449.7188752978655
96627160.27665228,1449.4405610330243
96632622.92801408,1449.1021247876565
96638085.66786994,1448.9211758499557
96643548.55063456,1448.748199854992
96649011.403241,1448.6797413283189
96654474.28881264,1448.602354205324
96659937.10750908,1448.5781900735692
96665399.7873246,1448.629845424067
96670862.48237352,1448.5424845898233
96676325.35421601,1448.3978497824473
96681788.26454815,1448.26255995361
96687250.97917055,1448.2385606639286
96692713.62141684,1448.2237304860716
96698176.19393772,1448.184945958681
96703638.71165892,1448.2026367328622
96709101.309694,1448.1412276870665
96714563.96177039,1447.836300952016
96720026.35732153,1447.5010617447717
96725488.8539702,1447.3251900177584
96730951.49475509,1447.1615848397066
96736414.08294293,1447.090610099217
96741876.68955821,1447.0068537304955
96747339.23271047,1446.995122775154
96752801.62229571,1447.0307333905944
96758264.08753562,1446.897104989318
96763726.73436116,1446.7435525341534
96769189.37767856,1446.6166433333099
96774651.80972092,1446.6355509356372
96780114.18955198,1446.6017780869242
96785576.4785706,1446.5554424671534
96791038.73106226,1446.5652147592768
96796501.1243066,1446.4431493928219
96801963.44893461,1446.0802583881111
96807425.6321052,1445.7469799638145
96812887.91528592,1445.5583278818099
96818350.30856387,1445.4111196074782
96823812.66181473,1445.309137023679
96829275.0109976,1445.2287354451046
96834737.29428333,1445.2164760130013
96840199.42792901,1445.2208805498947
96845661.6748443,1445.0674310734541
96851124.09225476,1444.9307882876715
96856586.42079106,1444.7922592223315
96862048.5879913,1444.8341311323736
96867510.69903423,1444.77962147436
96872972.73263709,1444.73182592387
96878434.74465497,1444.7413644989783
96883896.94690937,1444.5400748696939
96889358.97796157,1444.156322020994
96894820.93583271,1443.8321155304639
96900283.00746767,1443.6381804005057
96905745.15216261,1443.5044865152893
96911207.2688485,1443.3919306313182
96916669.36472121,1443.318907972091
96922131.37092641,1443.32944816695
96927593.25537896,1443.297558957114
96933055.28377879,1443.0908232949341
96938517.49451913,1442.945234718637
96943979.5359459,1442.7963554066846
96949441.45676352,1442.785336192006
96954903.32681674,1442.709129300087
96960365.13893488,1442.6366487443045
96965826.92676309,1442.6543298464587
96971288.92984416,1442.3860578541191
96976750.6904044,1441.9929315731943
96982212.4295838,1441.7357593360075
96987674.29372263,1441.5276373917513
96993136.19168404,1441.3978095797308
96998598.06925896,1441.269415629304
97004059.92516682,1441.1894023808727
97009521.65521058,1441.2039765024379
97014983.30905831,1441.1333551541686
97020445.1205544,1440.8898319748785
97025907.10538374,1440.7269592256835
97031368.865289,1440.599306004344
97036830.560311,1440.5773263099788
97042292.18773626,1440.4920754526572
97047753.77752551,1440.430751653841
97053215.37480575,1440.414835915555
97058677.15608867,1440.1035186142124
97064138.66725262,1439.6746774052053
97069600.22333938,1439.4390272586825
97075061.91127637,1439.2175864579513
97080523.58442116,1439.1024280742688
97085985.2658449,1438.9769253834022
97091446.88875535,1438.907384906914
97096908.3703096,1438.9108311620198
97102369.8419365,1438.8053661928116
97107831.49940413,1438.6085523438755
97113293.2287371,1438.4479714801266
97118754.73453067,1438.332031790321
97124216.17245726,1438.2884550189299
97129677.53087834,1438.1956655252918
97135138.84325378,1438.1513377694478
97140600.20773098,1438.0758533726507
97146061.69535086,1437.7339565866168
97151522.87985365,1437.3317603754278
97156984.18417753,1437.1130771973308
97162445.61594614,1436.8942718000894
97167906.99308589,1436.7693316286193
97173368.37726896,1436.649441595296
97178829.70790963,1436.5905866640053
97184290.8738127,1436.579462395335
97189752.08718649,1436.4176451689032
97195213.48676132,1436.2192448593823
97200674.89736368,1436.024504660791
97206136.09657109,1435.9572983337664
97211597.24185441,1435.8772439283441
97217058.30303359,1435.783554531044
97222519.32400145,1435.7508864873355
97227980.45464481,1435.6238919792045
97233441.61176318,1435.2454459999278
97238902.54012984,1434.832574588357
97244363.59030506,1434.5997783189384
97249824.77064705,1434.4032598490276
97255285.88705094,1434.2506760121482
97260747.0133404,1434.1269438766221
97266208.07650186,1434.0503206201117
97271668.98074304,1434.02793316436
97277129.98948392,1433.8530319377103
97282591.17650853,1433.6596056702865
97288052.31682985,1433.4614850252515
97293513.26240833,1433.42547189452
97298974.15336439,1433.3404500976426
97304434.96632963,1433.246689189423
97309895.73765697,1433.2087873947385
97315356.68722038,1433.017712224615
97320817.51328471,1432.5909030037933
97326278.23125935,1432.2178180861106
97331739.06851432,1431.9700236685146
97337200.00247762,1431.7893677225197
97342660.8726211,1431.6226888585998
97348121.74078253,1431.5098290746723
97353582.53316736,1431.4559937730376
97359043.1778299,1431.40075430289
97364503.97142074,1431.17885144512
97369964.93815635,1431.0040651239399
97375425.76596889,1430.821352346302
97380886.43889572,1430.7810501411864
97386347.06251529,1430.6924136273776
97391807.59558707,1430.5856523553832
97397268.09032406,1430.5593661649928
97402728.81111738,1430.3097738510214
97408189.3164824,1429.8331188607683
97413649.78653756,1429.5092989956183
97419110.38488404,1429.2526016160512
97424571.03219976,1429.0623239830566
97430031.64214203,1428.901685282777
97435492.24482842,1428.762784380779
97440952.73186186,1428.727552889975
97446413.1153195,1428.6372602447093
97451873.65605624,1428.3844474778043
97457334.37188464,1428.1678397905537
97462794.90393916,1428.014163645636
97468255.2981868,1427.9577019791943
97473715.67457208,1427.8645905315332
97479175.96826984,1427.7434100872458
97484636.25428201,1427.7056149861974
97490096.76823671,1427.3775262265879
97495557.00067861,1426.8676916017587
97501017.29664199,1426.5647168231287
97506477.71344537,1426.2976449000384
97511938.13031246,1426.1129712122886
97517398.52074794,1425.94814160294
97522858.90058665,1425.8350782771809
97528319.12781344,1425.796182718855
97533779.31170684,1425.6685533485702
97539239.66374733,1425.4307862709738
97544700.1256943,1425.2071974347452
97550160.38866758,1425.0853507317245
97555620.54695576,1425.0380322346123
97561080.64623456,1424.919602947895
97566540.68273789,1424.8160689991705
97572000.75566429,1424.7361234661344
97577461.01746267,1424.3600509328476
97582920.95482521,1423.9089218363406
97588381.00039247,1423.626286408531
97593841.1619259,1423.353061467598
97599301.2804552,1423.1806644350522
97604761.41660321,1423.018473665299
97610221.50272568,1422.9070016943042
97615681.41121401,1422.8702522445985
97621141.3325184,1422.6978520042403
97626601.46703388,1422.4308866338931
97632061.61610028,1422.2090337669306
97637521.56982736,1422.0601719571246
97642981.48093276,1422.0110970933044
97648441.293068,1421.8668266546274
97653901.07115346,1421.7866640226687
97659360.93949462,1421.6607145869789
97664820.9089472,1421.2150048055576
97670280.61645092,1420.7752591836768
97675740.44419934,1420.4884364996676
97681200.3823625,1420.2241365908092
97686660.23322621,1420.03164520839
97692120.12724607,1419.902804117521
97697579.94361399,1419.7841033858488
97703039.57611524,1419.7445309373481
97708499.27666871,1419.5404090750062
97713959.18272999,1419.2584597680852
97719419.05080897,1419.064651578964
97724878.7059078,1418.9485009864798
97730338.34885068,1418.864218266199
97735797.89004628,1418.7193659886868
97741257.41111787,1418.6476913246836
97746717.08251238,1418.4717715543022
97752176.70421611,1418.034521510767
97757636.16580853,1417.6049878078652
97763095.72567256,1417.3247599820165
97768555.4035061,1417.0794437951663
97774015.00060305,1416.8912543475467
97779474.62995842,1416.7711965500123
97784934.14276211,1416.671596957065
97790393.49540505,1416.6167170541971
97795852.98398347,1416.3825999727771
97801312.63285753,1416.0834093658875
97806772.24315333,1415.8570097680843
97812231.63735105,1415.784782783381
97817691.01397274,1415.6551258264292
97823150.29664981,1415.5175771823372
97828609.55874598,1415.46100854519
97834069.02910255,1415.2073380927811
97839528.32369548,1414.7547277523963
97844987.57054096,1414.345736623437
97850446.89805518,1414.0429877179367
97855906.29545417,1413.8025871583775
97861365.63551421,1413.6429608141075
97866824.99297075,1413.4947644821445
97872284.21185666,1413.4282121753824
97877743.29670757,1413.3426790202464
97883202.54739785,1413.073464816266
97888661.93278387,1412.8074268055234
97894121.19766665,1412.5787665273438
97899580.30614062,1412.507687838212
97905039.3827429,1412.354854837011
97910498.3903744,1412.216637581093
97915957.38107066,1412.1682984294853
97921416.59007843,1411.8596376590076
97926875.56752118,1411.365800035547
97932334.53620929,1411.0030550060694
97937793.62968403,1410.6908286701776
97943252.74705756,1410.4738493246218
97948711.8393277,1410.3344612667574
97954170.89131875,1410.1769258851918
97959629.81625392,1410.1344748386887
97965088.65229307,1410.0081840622756
97970547.67580545,1409.6860251161554
97976006.86116481,1409.45029219897
97981465.82705498,1409.2344654739882
97986924.70351076,1409.1638122942052
97992383.51001424,1409.0111908086717
97997842.26746209,1408.8801858356892
98003301.02604014,1408.8079105898655
98008759.97938813,1408.4558685814109
98014218.67627475,1407.9490744501873
98019677.39446872,1407.5955214929452
98025136.24628294,1407.2822614058414
98030595.07334138,1407.0947584607823
98036053.9153109,1406.9388069688214
98041512.67805767,1406.8019294961068
98046971.2930107,1406.7645686823657
98052429.87116556,1406.6068166762461
98057888.64192013,1406.2648164485315
98063347.51347181,1406.038677334142
98068806.15281327,1405.843693669738
98074264.72240758,1405.7440490713764
98079723.21290497,1405.603286201489
98085181.66417018,1405.491725374897
98090640.14317141,1405.3804279369415
98096098.79620948,1404.9712948027084
98101557.1540121,1404.4736218885162
98107015.60928787,1404.125827411714
98112474.19972849,1403.8241299745168
98117932.7278417,1403.659049343381
98123391.26249388,1403.485101273535
98128849.73773988,1403.3736264051145
98134308.03147571,1403.3178056018646
98139766.36437999,1403.110203531597
98145224.92040159,1402.8047806047646
98150683.48408663,1402.5535447524803
98156141.8479605,1402.4126033765126
98161600.14177638,1402.2905520806473
98167058.3643344,1402.1428432579567
98172516.54914314,1402.0387173452018
98177974.80616188,1401.880151363422
98183433.1580918,1401.4400962761524
98188891.2308981,1400.931341315403
98194349.43225616,1400.6148441334083
98199807.76240359,1400.33641382081
98205266.01180695,1400.1590032222152
98210724.25694706,1400.0073573136988
98216182.44001526,1399.903675512756
98221640.42135856,1399.8414792897242
98227098.50741103,1399.5878044834142
98232556.79587491,1399.3067299871752
98238015.03672305,1399.0392601036865
98243473.07234775,1398.9167714229934
98248931.05449459,1398.8122758060076
98254388.95110728,1398.6647221368385
98259846.80481488,1398.5795479237095
98265304.81755164,1398.3623517587325
98270762.78466281,1397.89685548743
98276220.58100465,1397.3868272937075
98281678.51451573,1397.0717397351295
98287136.55233671,1396.8199286030767
98292594.48717803,1396.618404845921
98298052.44348967,1396.4883588851264
98303510.453411,1395.9059241937268
98308968.59453717,1395.33979952956
98314427.20071663,1394.5851916795864
98319886.28605008,1393.8080889267333
98325345.59307778,1393.0948337377715
98330805.00303002,1392.4916418132145
98336264.70639005,1391.8807472210822
98341724.61451861,1391.2332530708352
98347184.78333628,1390.671570570749
98352645.47675326,1389.9185995891369
98358106.29093267,1388.9198096782513
98363567.34648773,1387.9952621006407
98369028.8366493,1387.1804666580074
98374490.69351596,1386.4590798966271
98379952.76454277,1385.7919264083089
98385415.16492206,1385.1802478800491
98390877.72503477,1384.6120575999275
98396340.46613121,1384.0208251367278
98401803.70225912,1383.2520524426175
98407267.3998004,1382.469527076686
98412731.25468309,1381.7873980049837
98418195.23147349,1381.233731031061
98423659.49264503,1380.6198064387527
98429123.96945296,1379.988071392553
98434588.73366661,1379.4205664460867
98440054.04106976,1378.6079334085875
98445519.40164438,1377.538578698675
98450985.10992734,1376.6565200273421
98456451.23880759,1375.8316584090273
98461917.67230278,1375.1236628231266
98467384.36470668,1374.4603019642657
98472851.36189435,1373.84092687543
98478318.50158069,1373.2866797497036
98483785.8822718,1372.6537529102923
98489253.77236114,1371.8883277424518
98494722.077645,1371.1320769428758
98500190.51239334,1370.4813660153252
98505659.11856154,1369.9142358333306
98511127.99550758,1369.2916126427783
98516597.12056884,1368.661312749369
98522066.5721619,1368.0596190189726
98527536.54888864,1367.1924965229477
98533006.54051869,1366.0906788450106
98538476.93391062,1365.2364298245366
98543947.75077079,1364.4163999744937
98549418.82373042,1363.730975418295
98554890.19127245,1363.073026782424
98560361.82608107,1362.4745050577505
98565833.57603481,1361.9360648204895
98571305.649292,1361.2584523906949
98576778.25600988,1360.4233403695766
98582251.22994827,1359.70588775735
98587724.27215631,1359.0520950714542
98593197.57057784,1358.4577888503682
98598671.08624627,1357.8322966785606
98604144.87770812,1357.2346552604513
98609619.02890263,1356.5943087045657
98615093.61301248,1355.6680028619703
98620568.250926,1354.6214702456361
98626043.3033073,1353.7643578689406
98631518.79465988,1352.9730324639352
98636994.50446151,1352.3293350922431
98642470.5464993,1351.6880457745312
98647946.80501002,1351.076909983751
98653423.19484119,1350.5367315366775
98658899.98137926,1349.8264405971265
98664377.2785926,1348.9949202123148
98669854.87966451,1348.3175779839362
98675332.56949243,1347.7016016653085
98680810.5555272,1347.1181876126689
98686288.75077976,1346.4667505020998
98691767.23834385,1345.8889898050566
98697246.19257681,1345.191922003831
98702725.41761154,1344.2270145362775
98708204.78588532,1343.2215626758289
98713684.59368981,1342.391294506613
98719164.80991936,1341.6422681709116
98724645.22310081,1340.9593797321133
98730125.9699258,1340.3569170372828
98735606.9259036,1339.7836466004376
98741088.01473679,1339.2115830926307
98746569.58514038,1338.430392504018
98752051.66734093,1337.6997993192329
98757533.92294608,1336.9865151568947
98763016.34227164,1336.4238502877927
98768499.00723967,1335.8137401714812
98773981.90580834,1335.1826023584076
98779465.09197237,1334.6147326347925
98784948.81462683,1333.8095189488927
98790432.67221442,1332.8024275702514
98795916.8104582,1331.8078364744524
98801401.36981304,1330.9619439734756
98806886.26941764,1330.2420383451808
98812371.4324431,1329.6199693135266
98817856.87352975,1328.9960620618663
98823342.49269548,1328.452027171008
98828828.32120709,1327.8465658331984
98834314.67087708,1327.0701255161896
98839801.47018626,1326.2890357891629
98845288.43970582,1325.6275482982523
98850775.55869506,1325.064876000785
98856262.97092591,1324.4626506890302
98861750.60772681,1323.8325923064754
98867238.560205,1323.2438407293391
98872727.0621407,1322.4011361645223
98878215.60241969,1321.2875401324914
98883704.53079236,1320.3947374265522
98889193.89175364,1319.5630074547573
98894683.52542768,1318.8959069837538
98900173.47534095,1318.2688925429575
98905663.66134632,1317.6587642822647
98911154.00090487,1317.1500103523167
98916644.64561105,1316.495270164888
98922135.83334959,1315.6566337096287
98927627.40017232,1314.9698487821063
98933119.06511994,1314.3155896842
98938610.97749168,1313.7665873878332
98944103.13119817,1313.1493547357009
98949595.54720996,1312.540049285402
98955088.33493167,1311.9224898051405
98960581.58758748,1311.0181652326264
98966074.8834137,1309.9451537695418
98971568.61790611,1309.0946050168388
98977062.78309469,1308.309317849248
98982557.1791391,1307.6670546707794
98988051.88249822,1307.0493231514824
98993546.8222154,1306.4756158863815
98999041.89122032,1305.9524305382715
99004537.37181234,1305.2483994321726
99010033.37391423,1304.4235746241784
99015529.68716158,1303.760787857098
99021026.10128339,1303.1498256023115
99026522.82142852,1302.5846096712387
99032019.75576998,1301.953137492411
99037516.97313155,1301.3905854074465
99043014.6596352,1300.6933122155206
99048512.62361036,1299.7283603945532
99054010.7561366,1298.6679070801156
99059509.35464539,1297.8327673407503
99065008.31756425,1297.5093783066202
99070507.15714484,1297.3936273818588
99076006.00891113,1297.285643302422
99081504.74870941,1297.2650016802447
99087003.33763534,1297.2241183390388
99092502.12084095,1296.950302391742
99098001.0864756,1296.6837771835646
99103499.96505845,1296.515931146343
99108998.68131232,1296.4543742054263
99114497.37865964,1296.3978957315098
99119995.97812898,1296.297257864243
99125494.55373707,1296.2515719780224
99130993.36735877,1295.9901882186118
99136491.98636341,1295.4532536663464
99141990.62220207,1295.0318800205537
99147489.37290014,1294.7088491520974
99152988.12544493,1294.5443422745152
99158486.85234194,1294.4750673254846
99163985.54516332,1294.402045307026
99169484.07961793,1294.4094220258996
99174982.5538669,1294.315828725793
99180481.27316014,1294.0621130421655
99185980.07917583,1293.864874615096
99191478.73202953,1293.7514981901245
99196977.26785447,1293.734033208016
99202475.75748418,1293.6544344233437
99207974.19709124,1293.5715772441508
99213472.66474925,1293.5022148336523
99218971.33065218,1293.16751468177
99224469.73734348,1292.6273979774185
99229968.24215554,1292.244040878302
99235466.88162653,1291.9654201944236
99240965.43981422,1291.8363999371159
99246464.01294388,1291.763355080777
99251962.5423299,1291.7025675778802
99257460.87037772,1291.7219850152476
99262959.25846916,1291.5604949866035
99268457.90113509,1291.2772272584511
99273956.56816666,1291.0775558849946
99279455.04586034,1291.0084907726819
99284953.45995393,1290.946409559347
99290451.80341156,1290.8745162661437
99295950.11462699,1290.8299033524943
99301448.52534658,1290.7021892677246
99306946.99285027,1290.2717157877896
99312445.29724772,1289.738337443915
99317943.7232705,1289.3921006467945
99323442.25076671,1289.158775235337
99328940.6665248,1289.0522298534238
99334439.12589985,1289.0230215352879
99339937.4714056,1289.014984719056
99345435.634034,1289.0100583530188
99350933.97182097,1288.7872473371415
99356432.52045158,1288.6045367212262
99361930.96933386,1288.4321302114454
99367429.26549934,1288.446807132324
99372927.50776406,1288.388992898012
99378425.66050379,1288.308102190003
99383923.8045865,1288.2928734946927
99389422.1605689,1288.068224130284
99394920.3968435,1287.5985677127264
99400418.59421724,1287.1426935123684
99405916.90740976,1286.8383168954529
99411415.2680847,1286.6831246244324
99416913.53186291,1286.592491778351
99422411.81677966,1286.5755823011446
99427909.96586579,1286.5901998357162
99433407.99302763,1286.5477082530283
99438906.24023567,1286.2739901464872
99444404.66263185,1286.0712744182842
99449902.93515934,1285.917518610423
99455401.10141246,1285.95917143458
99460899.19646351,1285.8754084209595
99466397.22548348,1285.8157192118395
99471895.26290345,1285.8025751345208
99477393.53630562,1285.5281105859337
99482891.5374144,1284.9939255847366
99488389.65610413,1284.6000144852824
99493887.88858645,1284.3198428030194
99499386.07296395,1284.2093685816692
99504884.23722285,1284.1380275114843
99510382.37718514,1284.1415598441063
99515880.33541748,1284.188227764704
99521378.28217982,1284.0860326549741
99526876.47606301,1283.7933541846228
99532374.77267705,1283.6843471193993
99537872.8310293,1283.6189166323416
99543370.83921376,1283.647658742636
99548868.74753357,1283.59488894519
99554366.61081335,1283.5544758900262
99559864.54497725,1283.504744217876
99565362.64307138,1283.1481907341072
99570860.50060578,1282.588669749562
99576358.49732435,1282.283863862006
99581856.60264663,1282.0743874724767
99587354.61388443,1281.9920771758057
99592852.62135626,1281.9790300159516
99598350.56578377,1282.000743873973
99603848.30276564,1282.0439907875525
99609346.16937208,1281.8940478499383
99614844.24600637,1281.6570218785023
99620342.33931819,1281.5878143502146
99625840.20336215,1281.5676297603125
99631338.06684203,1281.5753358572056
99636835.8158212,1281.5125696421812
99642333.54580444,1281.5165419837317
99647831.43857989,1281.3960157853069
99653329.31647334,1280.9790382698266
99658827.05691367,1280.4674277320814
99664324.9621029,1280.182349348055
99669822.93418406,1280.0500023144764
99675320.8004477,1280.0158032476425
99680818.66924025,1279.987794916562
99686316.4307688,1280.0455147462915
99691814.03277698,1280.052385711583
99697311.8384467,1279.8266837335414
99702809.82530572,1279.6539468919377
99708307.72647165,1279.5600647758006
99713805.45795493,1279.5663981179678
99719303.1833908,1279.5673871330132
99724800.79536326,1279.519549459538
99730298.38415432,1279.5321894297597
99735796.22086461,1279.3414474439553
99741293.86476114,1278.8173444381478
99746791.55973923,1278.3977835468822
99752289.36446676,1278.1402678937304
99757787.16311763,1278.0736678057715
99763284.92234626,1278.0718826594702
99768782.63397107,1278.0868209305481
99774280.18427202,1278.1754111076477
99779777.67093903,1278.1454964116483
99785275.42503071,1277.9218864395343
99790773.25435665,1277.8340385627862
99796270.94048025,1277.7659420649857
99801768.51037124,1277.838953353615
99807266.01695456,1277.832465515498
99812763.44761132,1277.805676357048
99818260.91218881,1277.7831679205567
99823758.60213673,1277.531644981892
99829256.04105477,1277.007164174699
99834753.57981625,1276.6806876032229
99840251.24774604,1276.4812798233638
99845748.82632077,1276.4592595670358
99851246.3967419,1276.4968646569453
99856743.90611616,1276.517865060106
99862241.22150292,1276.617579949046
99867738.60239553,1276.5368842624612
99873236.21953107,1276.3150247824115
99878733.85614522,1276.2262381131745
99884231.318098,1276.232388753116
99889728.70246777,1276.2705063674389
99895226.02576478,1276.2630388122086
99900723.30761369,1276.2730251722205
99906220.69178511,1276.224328876781
99911718.15892458,1275.908090691246
99917215.44597368,1275.359820282093
99922712.87316348,1275.0828724023886
99928210.40276814,1274.9435481016747
99933707.81362459,1274.9484938460698
99939205.26431385,1274.9923595754026
99944702.59816831,1275.0819126734625
99950199.7342555,1275.1547090109784
99955697.05465391,1274.9980103960331
99961194.59104028,1274.8496860520215
99966692.03036804,1274.8188081697288
99972189.31251004,1274.8727236966338
99977686.53992555,1274.9085097706409
99983183.67835125,1274.9194722566658
99988680.79192512,1274.9695164228228
99994178.10871412,1274.8392255043423
99999675.35617895,1274.4087302138755
100005172.54189245,1273.9432412441947
100010669.87033537,1273.709789073922
100016167.22889318,1273.6433673974268
100021664.49769352,1273.6935744878092
100027161.78324582,1273.7639487067836
100032658.90010832,1273.868028149867
100038155.90257584,1273.9055843058732
100043653.14790042,1273.7481054302882
100049150.52935313,1273.676999580596
100054647.76881246,1273.6706130160796
100060144.88424611,1273.7732825849534
100065641.93767259,1273.8063174196654
100071138.9359933,1273.832176132719
100076635.93031408,1273.8886246410252
100082133.16779536,1273.7089779924197
100087630.17686358,1273.2671942329614
100093127.26131916,1272.9157096267145
100098624.4653323,1272.7280305624283
100104121.60873847,1272.7335027785307
100109618.7305282,1272.819204179784
100115115.8156298,1272.9026684383211
100120612.70134892,1273.0251454905804
100126109.59023032,1273.0106792327438
100131606.72447604,1272.8633059848469
100137103.95119725,1272.822322129263
100142600.97745582,1272.8638531802746
100148097.927464,1272.947191672188
100153594.80284072,1272.9817837272815
100159091.6299796,1273.0383413317224
100164588.51450808,1273.0651582104122
100170085.57343203,1272.8110049226084
100175582.42498583,1272.3019482053191
100181079.40632185,1272.038723295617
100186576.50129743,1271.93008022062
100192073.46604475,1271.9376548252844
100197570.45695283,1272.0514716640387
100203067.37345493,1272.152168931724
100208564.06844158,1272.2929337348805
100214060.89881606,1272.2153289060939
100219557.96368521,1272.1143379036334
100225055.02418616,1272.0839439193105
100230551.88005273,1272.2006408444786
100236048.68752326,1272.290800264232
100241545.37344575,1272.3446001473492
100247042.04129608,1272.4326432801713
100252538.8665198,1272.39652926853
100258035.71613969,1272.0625994843695
100263532.4483117,1271.6368914226641
100269029.30900389,1271.4327434885186
100274526.24504565,1271.404723171121
100280023.04027739,1271.4790681091508
100285519.85283372,1271.6247955098977
100291016.55047737,1271.786729475118
100296513.07099698,1271.8863182832408
100302009.80809858,1271.777053045729
100307506.76082551,1271.7798325620527
100313003.56952156,1271.8164612576263
100318500.23157413,1271.9749877759043
100323996.83359057,1272.046220243427
100329493.35454956,1272.1003562691053
100334989.87199335,1272.2208767081408
100340486.62862602,1272.1413486408508
100345983.21224134,1271.7438478692852
100351479.84315903,1271.3725329617696
100356976.59701943,1271.2241732640641
100362473.34005708,1271.284277665737
100367970.00156109,1271.3755374838354
100373466.665136,1271.542646093454
100378963.15127388,1271.7238534040011
100384459.56243388,1271.7961901772217
100389956.22137012,1271.627846643781
100395453.03021136,1271.6916602136034
100400949.64019243,1271.7046527700436
100406446.18660057,1271.8711324718531
100411942.63791184,1271.9517800211581
100417439.03181835,1272.0396630908435
100422935.44235052,1272.1448700302112
100428432.09615421,1271.9949248565417
100433928.48477782,1271.5547477633233
100439425.02774206,1271.3238939843743
100444921.6761228,1271.243551507568
100450418.2305056,1271.3264104477314
100455914.77055931,1271.5036554299
100461411.24821135,1271.6830758648596
100466907.50750826,1271.8864829820407
100472403.83684017,1271.904099266024
100477900.39227813,1271.826123134414
100483397.01610903,1271.9361181269162
100488893.39525753,1272.0453700477885
100494389.74534217,1272.2461794928493
100499885.96867391,1272.3364727269939
100505382.15727322,1272.4588475283279
100510878.46742108,1272.521646087163
100516374.89031859,1272.293860052841
100521871.14137465,1271.854032868952
100527367.53936402,1271.7010043317148
100532864.02975933,1271.714109669655
100538360.38461104,1271.8303106537965
100543856.73577157,1272.002481582974
100549353.00503626,1272.2134548168228
100554849.0640395,1272.3921490663622
100560345.30607678,1272.3632156937144
100565841.75149284,1272.3623975836203
100571338.1434857,1272.484879195174
100576834.33827914,1272.6650065830443
100582330.52557576,1272.8218303051246
100587826.5827332,1272.9167779376576
100593322.63294807,1273.0744057511747
100598818.88410854,1273.110171938439
100604315.07003178,1272.801082330213
100609811.19614232,1272.4868111543828
100615307.46814024,1272.3735411226494
100620803.7770615,1272.468320140575
100626299.96454717,1272.6224751683585
100631796.14528511,1272.8368963006405
100637292.19483651,1273.0810190676639
100642788.10581441,1273.228428755584
100648284.26368959,1273.1553785618125
100653780.56862257,1273.259375935293
100659276.74051057,1273.3550483847193
100664772.777636,1273.5610318860213
100670268.76329729,1273.7148984488203
100675764.65741123,1273.8376083308917
100681260.55671795,1274.0080711760486
100686756.72360225,1273.975658464392
100692252.6769614,1273.574845841962
100697748.72181933,1273.3353155388195
100703244.88303018,1273.2926878411859
100708740.99486631,1273.455781325421
100714237.06050904,1273.6325469021608
100719733.08296858,1273.8560997836723
100725228.91717549,1274.1143857593572
100730724.7435927,1274.2271731934975
100736220.84190093,1274.137026854996
100741717.02794915,1274.3134556584328
100747213.00848597,1274.4296596974682
100752708.90457998,1274.6947614078586
100758204.70985356,1274.8507715832034
100763700.46090677,1275.0024203678188
100769196.27768387,1275.1425233304099
100774692.3050716,1275.050247599798
100780188.10145612,1274.6289443214005
100785684.0483379,1274.522773789959
100791180.08894815,1274.5528028814604
100796676.00892459,1274.761724393244
100802171.9274775,1275.0018252492255
100807667.74255161,1275.261032860792
100813163.36372975,1275.5194565279273
100818659.12046337,1275.5940649106224
100824155.07949872,1275.614657315945
100829651.05458821,1275.811056144405
100835146.8097373,1276.0122472968733
100840642.52652258,1276.2711611927102
100846138.12779944,1276.427089803174
100851633.70628047,1276.6174359798465
100857129.43276574,1276.7375177352203
100862625.2249569,1276.5504429881698
100868120.87333469,1276.203410750215
100873616.68425682,1276.1286790813433
100879112.56028928,1276.2583530918903
100884608.30483887,1276.4933869623185
100890104.0467615,1276.736905451443
100895599.67500445,1277.0280600123485
100901095.12597422,1277.267106222625
100906590.80253586,1277.3048327492165
100912086.6499007,1277.3402373720126
100917582.4500164,1277.5273617886428
100923078.04410695,1277.760936292908
100928573.6274536,1277.998546644014
100934069.09242499,1278.1719609874979
100939564.54907651,1278.3980242628645
100945060.2318491,1278.4924383627304
100950555.80252232,1278.2175532039378
100956051.37678103,1277.962728819567
100961547.08956388,1277.9623608058125
100967042.79764396,1278.1646776257048
100972538.41681042,1278.4178787962783
100978034.01919068,1278.7121524228442
100983529.43634933,1279.0328117909398
100989024.78250435,1279.234329966554
100994520.39209579,1279.2324305782345
101000016.11240949,1279.4430604475983
101005511.68931155,1279.6558422555695
101011007.11686057,1279.9340411575834
101016502.50451036,1280.2027000344276
101021997.80378698,1280.3954582779018
101027493.11348274,1280.6076469063228
101032988.69594777,1280.6396646622854
101038484.05900788,1280.2936791300103
101043979.54036313,1280.1869737201905
101049475.12124006,1280.2551464621097
101054970.6108585,1280.5215617643782
101060466.07486476,1280.8274714986653
101065961.45635444,1281.1265201430153
101071456.6458569,1281.4435355653459
101076951.89756979,1281.6076671877568
101082447.38535535,1281.6784097438704
101087942.92272796,1281.9388519463946
101093438.27098796,1282.1587596000054
101098933.54487911,1282.4857863889913
101104428.73910782,1282.7255250305027
101109923.88116165,1282.957671384594
101115419.1073737,1283.1486192198845
101120914.50474706,1283.144501313842
101126409.67426297,1282.8332030964807
101131905.0018308,1282.8196608931585
101137400.41929172,1282.9644619174717
101142895.69721068,1283.2608037080524
101148390.98395489,1283.5705152731698
101153886.15840012,1283.9157800810178
101159381.13928102,1284.2276709595221
101164876.30024168,1284.3505109268963
101170371.67151563,1284.4353360198402
101175867.02181031,1284.6994023721518
101181362.16689111,1284.9680360583186
101186857.27571079,1285.2601330861264
101192352.28389606,1285.50125258648
101197847.26802531,1285.7641184744475
101203342.43478394,1285.9347805704203
101208837.59950945,1285.8125542733499
101214332.68288915,1285.5494204368288
101219827.91648072,1285.5873561026992
101225323.1713115,1285.818998764698
101230818.31940241,1286.1322595881488
101236313.47071804,1286.4683087802862
101241808.46666633,1286.8291772883579
101247303.33090538,1287.1131333859519
101252798.44554213,1287.1980110640143
101258293.71615891,1287.3615697440628
101263788.88818777,1287.6336262499121
101269283.88997944,1287.9524099621847
101274778.85134958,1288.2831047339632
101280273.70750834,1288.5318552600547
101285768.5611236,1288.8065047647242
101291263.6762342,1288.9306768828876
101296758.64067179,1288.711030661033
101302253.64767551,1288.60808783196
101307748.77487314,1288.7121112508694
101313243.85077868,1289.0154379691705
101318738.86694889,1289.3861699052422
101324233.83543833,1289.7455037053064
101329728.60256174,1290.1357736755049
101335223.37181033,1290.3835418216977
101340718.42112102,1290.4819622418404
101346213.53893475,1290.7669104593838
101351708.48575643,1291.060729904284
101357203.31614669,1291.4393190313026
101362698.07734321,1291.7599455314098
101368192.77094784,1292.0291692265312
101373687.50835793,1292.2951743461304
101379182.48767939,1292.4130510854525
101384677.23107831,1292.1629235524888
101390172.11418563,1292.1707286340095
101395667.10163638,1292.3406720737225
101401161.95802075,1292.6929984771348
101406656.81541444,1293.072207059773
101412151.56920588,1293.4552680674778
101417646.1281825,1293.8319094814915
101423140.80684447,1294.046977861457
101428635.72869019,1294.1920497300423
101434130.62698679,1294.5098283240432
101439625.37159526,1294.8164800871173
101445120.02590223,1295.1930987669703
101450614.60571636,1295.5068259232144
101456109.14426744,1295.8171738684596
101461603.80389494,1296.0691125428698
101467098.59272236,1296.11488051602
101472593.20502862,1295.8897834325016
101478087.97449616,1295.973514903981
101483582.8027886,1296.2359036668931
101489077.49752463,1296.5894028886469
101494572.20429178,1296.997699615555
101500066.77964121,1297.4003276709518
101505561.17265572,1297.760790458554
101511055.7953805,1297.934074980315
101516550.59922454,1298.1137717428237
101522045.36454135,1298.4474159988347
101527539.93908493,1298.7990590074944
101533034.46220303,1299.1829660202993
101538528.89762715,1299.5107789601332
101544023.30266497,1299.8423311947408
101549517.91460462,1300.0737683668292
101555012.48274888,1300.015660997809
101560507.0230518,1299.879484998383
101566001.69456153,1300.0241080031583
101571496.34902437,1300.3722615120798
101576990.90219577,1300.7787194278485
101582485.43635565,1301.1963855741733
101587979.78883024,1301.63910716445
101593474.06481588,1301.9638769680719
101598968.61461584,1302.1227596242393
101604463.30581042,1302.4496166523168
101609957.84149876,1302.8085929022454
101615452.21758518,1303.211068124129
101620946.56418373,1303.6167538771388
101626440.80928463,1303.934322458696
101631935.05585612,1304.2694716731457
101637429.56665055,1304.4769375619967
101642923.92409475,1304.3237101650989
101648418.33397377,1304.3550078828746
101653912.85571472,1304.559343324223
101659407.28362638,1304.9469624558085
101664901.67845356,1305.39616523994
101670395.99947017,1305.8258033905877
101675890.12329991,1306.276354209369
101681384.30470149,1306.5757744044383
101686878.74128048,1306.756839539597
101692373.21954615,1307.1285432513996
101697867.53186023,1307.4693728405032
101703361.74906002,1307.9003843543717
101708855.89690952,1308.2850203017008
101714349.9970723,1308.6294971437298
101719844.15305288,1308.952488388452
101725338.52148469,1309.1243554819223
101730832.67263249,1308.978139254456
101736326.9728776,1309.0970287272357
101741821.35176827,1309.3779864369483
101747315.57305309,1309.8155978221118
101752809.80928849,1310.2829108584071
101758303.93139943,1310.735800617873
101763797.8588404,1311.1598214925205
101769291.96028545,1311.4183713876291
101774786.28387584,1311.6262372737024
101780280.57455908,1312.054705433431
101785774.67556639,1312.4409702417372
101791268.73578055,1312.8883049092128
101796762.70592843,1313.2656432478682
101802256.6376183,1313.6454096930395
101807750.71468525,1313.954425872913
101813244.85571879,1314.0435583507103
101818738.9032645,1313.922763423953
101824233.09096849,1314.1155913988944
101829727.29800011,1314.4924934743742
101835221.3664607,1314.9313541079082
101840715.44266017,1315.4069176353173
101846209.36259708,1315.8863506541547
101851703.14040065,1316.296389326291
101857197.18698871,1316.512230537338
101862691.38910338,1316.7979390338535
101868185.49576873,1317.1974414621902
101873679.43265744,1317.6294427468738
101879173.33227247,1318.1011939789619
101884667.12086119,1318.4749245752253
101890160.89311625,1318.8730476339692
101895654.90070438,1319.168408581078
101901148.82955705,1319.1483405495849
101906642.76485696,1319.1879059021383
101912136.80845891,1319.4291603927002
101917630.80658394,1319.8492930379423
101923124.7126308,1320.3391296914701
101928618.5794376,1320.8244308696997
101934112.26530793,1321.3295258105272
101939605.9246725,1321.6996109404001
101945099.85772142,1321.9096407264908
101950593.89098872,1322.3011068139906
101956087.77625044,1322.7471561779041
101961581.49747114,1323.2349180373624
101967075.1760477,1323.700245282283
101972568.78077966,1324.08456901734
101978062.40039943,1324.4699847736752
101983556.27940911,1324.7509942375482
101989049.99278016,1324.6383317934071
101994543.81679158,1324.7885346053085
102000037.7059298,1325.0930456302199
102005531.4706309,1325.5836039589035
102011025.20049347,1326.0725885360805
102016518.85447675,1326.5785496488284
102022012.3089637,1327.0556698786604
102027505.87240265,1327.3900708842148
102032999.69392817,1327.6182222597174
102038493.53593734,1328.0957398669746
102043987.1907374,1328.5198630592427
102049480.76834431,1329.0406770719285
102054974.26279867,1329.4852592459608
102060467.70860752,1329.8912688327678
102065961.2241726,1330.2730231712674
102071454.93222524,1330.498962106097
102076948.45779218,1330.445138046583
102082442.11931975,1330.6626904484838
102087935.83346283,1331.0461430172022
102093429.39073542,1331.5570592426327
102098922.94476669,1332.0810639629644
102104416.37938793,1332.6077329482086
102109909.63777341,1333.078494769218
102115403.11789912,1333.3642572322433
102120896.78399377,1333.656736219468
102126390.42086457,1334.093136828757
102131883.87337111,1334.5545735350115
102137377.27739888,1335.0846005104192
102142870.579249,1335.5080355361454
102148363.84328276,1335.9449308931855
102153857.2881846,1336.3160181330363
102159350.75318524,1336.455384406866
102164844.14974645,1336.4371120528374
102170337.68977278,1336.7128836486486
102175831.2134497,1337.1771111948453
102181324.60700816,1337.6885874557554
102186818.00030778,1338.2236322920176
102192311.22602887,1338.7651521829864
102197804.35368551,1339.204389902318
102203297.7467461,1339.4439944853088
102208791.263042,1339.8492547996434
102214284.68753888,1340.3057906173617
102219777.94175589,1340.8417058963414
102225271.15889041,1341.3586505805092
102230764.26723252,1341.7924320378715
102236257.36391124,1342.2287643526279
102241750.70955749,1342.594502112221
102247243.952335,1342.6041747797453
102252737.26030105,1342.7545124850315
102258230.65146144,1343.080854375327
102263723.95788544,1343.5947017106907
102269217.20001304,1344.137148682694
102274710.3750041,1344.6983908240234
102280203.36144051,1345.250295281911
102285696.37360509,1345.648151563306
102291189.65546122,1345.9031647117656
102296683.00257438,1346.3832302238595
102302176.19993688,1346.8594984754657
102307669.27349746,1347.428676005698
102313162.28040734,1347.9243750772496
102318655.21061164,1348.363614794689
102324148.1776063,1348.804368581755
102329641.40121007,1349.1366792754166
102335134.44265646,1349.1572670579972
102340627.59763326,1349.3946675282637
102346120.81215265,1349.7875469815876
102351613.88198173,1350.3374507405347
102357106.91775547,1350.9051658677886
102362599.86349241,1351.488765635035
102368092.60823295,1352.009148493719
102373585.51135275,1352.381740393476
102379078.6265342,1352.6683163594118
102384571.75366771,1353.239353454452
102390064.67693052,1353.736040426781
102395557.53738663,1354.31021704154
102401050.30856586,1354.7892989104112
102406543.03638406,1355.2486170492748
102412035.87500033,1355.6780908551095
102417528.87488523,1355.9221440044764
102423021.7400135,1355.9608844806824
102428514.72937001,1356.267812992754
102434007.73765875,1356.7516926611052
102439500.56799163,1357.2820848723013
102444993.41084169,1357.8647680432473
102450486.12193608,1358.440329210109
102455978.67773834,1358.9381034645135
102461471.47985257,1359.238644093667
102466964.43944494,1359.6388967107619
102472457.35405982,1360.153481373451
102477950.0786186,1360.6939604143658
102483442.77702908,1361.2627221767436
102488935.35995816,1361.716632660327
102494427.91080953,1362.2051023388474
102499920.67103465,1362.630350153441
102505413.42655969,1362.7954395822273
102510906.14583756,1362.9149804860526
102516398.98228799,1363.261812610744
102521891.77625848,1363.8057391977077
102527384.43792138,1364.3588285455853
102532877.07814606,1364.9626721834288
102538369.56101121,1365.5476076605942
102543861.97250031,1366.0104479165745
102549354.65248537,1366.292321138195
102554847.46449074,1366.75641176627
102560340.14767376,1367.2625801512092
102565832.68140827,1367.86423877688
102571325.16902654,1368.4042474796292
102576817.54640213,1368.8735125301198
102582309.93282737,1369.3591454899417
102587802.56996858,1369.7719160536299
102593295.06782413,1369.829450664443
102598787.69071287,1370.0558165227962
102604280.36822784,1370.4550768687973
102609772.93145561,1371.0293152643603
102615265.44080137,1371.6024728179564
102620757.88192743,1372.221806424719
102626250.13502936,1372.7893741403273
102631742.45373671,1373.2106783979912
102637235.02475548,1373.4970242890845
102642727.66441678,1374.06493995839
102648220.09516962,1374.6063301336185
102653712.45171028,1375.2124335040198
102659204.71119466,1375.7572768868804
102664696.9045931,1376.236673689748
102670189.14739165,1376.717000256304
102675681.62491277,1377.066114485819
102681173.96335866,1377.1363066754286
102686666.42600246,1377.4494370323105
102692158.91398554,1377.9242861084065
102697651.24399972,1378.497044705971
102703143.5443568,1379.1240050130534
102708635.75542031,1379.7517869098026
102714127.76334324,1380.2935845203317
102719619.96814463,1380.6732399146397
102725112.36044236,1381.0439446662017
102730604.77200583,1381.6388117757317
102736096.97030534,1382.208176963712
102741589.12904653,1382.8147159777914
102747081.16319875,1383.3348377552281
102752573.17461312,1383.8492364731842
102758065.3189325,1384.30955874336
102763557.58021812,1384.6160421119107
102769049.73979259,1384.738012744557
102774542.01580292,1385.1025009050484
102780034.28879264,1385.6471252152724
102785526.37943947,1386.2333613269295
102791018.46936159,1386.8883128620441
102796510.41875236,1387.5033287186113
102802002.23551178,1388.0135443547806
102807494.30266333,1388.3388870026336
102812986.52852583,1388.8721435589384
102818478.6497396,1389.4242612001708
102823970.6123203,1390.0363380111555
102829462.53382255,1390.6132735856127
102834954.342898,1391.1109402214452
102840446.14819156,1391.6327942103867
102845938.17377374,1392.0801042177295
102851430.16278265,1392.2856390331933
102856922.1820709,1392.4876833946155
102862414.26652823,1392.8910384129583
102867906.27554728,1393.4766308841695
102873398.17446382,1394.0740633110477
102878890.05241795,1394.726846110585
102884381.75621238,1395.3217446167127
102889873.43720561,1395.7991328555536
102895365.36982591,1396.1307568810992
102900857.42315158,1396.689371572164
102906349.31473759,1397.233474158345
102911841.10915567,1397.8549714190813
102917332.81538653,1398.4098412937296
102922824.45426737,1398.9239307637197
102928316.10576254,1399.435418832224
102933808.01282232,1399.8711172359415
102939299.7743485,1400.0173482816742
102944791.6501781,1400.3084194061266
102950283.56781583,1400.7628118834086
102955775.34200244,1401.35577789628
102961267.06841303,1401.9992541373272
102966758.74270657,1402.6292077049595
102972250.20524143,1403.2171545850376
102977741.78094381,1403.6521521108546
102983233.5869758,1403.9948514713908
102988725.45107146,1404.5879485144774
102994217.1207721,1405.1812195797017
102999708.71751289,1405.7781606471233
103005200.21085283,1406.3393776384723
103010691.6719718,1406.864097506717
103016183.17705292,1407.3568610298084
103021674.88762419,1407.747811080303
103027166.49703911,1407.8611691868127
103032658.20532177,1408.2126477004374
103038149.94041532,1408.737838770681
103043641.49748151,1409.3273655165979
103049133.05679287,1410.0031717413347
103054624.51203318,1410.6231080551158
103060115.78014065,1411.1765175370854
103065607.26531695,1411.5604667358823
103071098.93666148,1412.0033004710538
103076590.55313522,1412.6207474427254
103082082.02335662,1413.2174314463737
103087573.42109542,1413.8402639727135
103093064.70467655,1414.383312303457
103098555.96032237,1414.9221992420037
103104047.36026457,1415.389454096209
103109538.86780417,1415.7039596310647
103115030.31673348,1415.8701351608481
103120521.85317487,1416.2800234712695
103126013.36006394,1416.8528963346903
103131504.71357937,1417.4784872575692
103136996.0834026,1418.1515829282903
103142487.27569717,1418.772795809482
103147978.37012365,1419.2954240369004
103153469.72205274,1419.658840882767
103158961.23953265,1420.1990002352736
103164452.62443046,1420.7996920354763
103169943.88443387,1421.4090034647106
103175435.06786224,1422.0287369277087
103180926.16620608,1422.554585225506
103186417.24316825,1423.074175002348
103191908.56411791,1423.5582619869078
103197399.83979048,1423.7896125808945
103202891.1554313,1424.042016294687
103208382.52847838,1424.4904799114051
103213873.80436039,1425.110776358619
103219364.9929418,1425.7666255907113
103224856.14052534,1426.432934015679
103230347.08972599,1427.0401888490726
103235838.06588939,1427.5307657509118
103241329.30343762,1427.9310965296854
103246820.57140201,1428.5369102217578
103252311.71838158,1429.1416110206314
103257802.73628882,1429.7552471047272
103263293.68556352,1430.3646153316654
103268784.57749462,1430.8858476809728
103274275.47244053,1431.391514835646
103279766.62713566,1431.8564774757253
103285257.6710393,1432.0062614891503
103290748.79516877,1432.372527678379
103296239.9617238,1432.8752732022454
103301730.9718563,1433.5170881470458
103307221.94335231,1434.19094736828
103312712.83573207,1434.8235248724175
103318203.53932582,1435.4138764616669
103323694.38475774,1435.8672629024784
103329185.42641024,1436.2676449162175
103334676.49766235,1436.8961936351482
103340167.41444106,1437.4921731372265
103345658.22992265,1438.1312846055914
103351148.97818913,1438.706792418954
103356639.67073101,1439.2239278284567
103362130.43071751,1439.7309241619523
103367621.39195263,1440.1528400583427
103373112.23469712,1440.300487017359
103378603.1819931,1440.7188216538457
103384094.13713472,1441.276348559884
103389584.92007063,1441.9162567548844
103395075.70895748,1442.5720497903624
103400566.37588353,1443.220605891522
103406056.88510932,1443.7729455629635
103411547.61512639,1444.1677906705884
103417038.51039326,1444.634769986618
103422529.36927788,1445.2817615687122
103428020.0620019,1445.8632834132572
103433510.71122828,1446.4970446129078
103439001.2616671,1447.0335631948813
103444491.76639338,1447.5711129409165
103449982.44156425,1448.0682500890816
103455473.18778852,1448.3836594611018
103460963.87460315,1448.6290625768836
103466454.67642623,1449.0685652498635
103471945.42166948,1449.6864852840883
103477436.0339848,1450.3271788009122
103482926.62151146,1450.9772769695462
103488417.05685005,1451.6069919679935
103493907.424619,1452.1265136269735
103499398.03949162,1452.4908620761225
103504888.76584558,1453.0761673624465
103510379.4035177,1453.653000939055
103515869.91764992,1454.2810458579938
103521360.36948647,1454.891385686269
103526850.72159511,1455.4195883589314
103532341.05504733,1455.9474655136034
103537831.64061539,1456.4340025676631
103543322.16374771,1456.6545973921466
103548812.7658713,1456.9725908463397
103554303.40922937,1457.455758557648
103559793.94148837,1458.0950198892706
103565284.38954586,1458.7185646234645
103570774.80016789,1459.380139667385
103576265.02324587,1459.9847529120145
103581755.29249807,1460.4655426337536
103587245.79834102,1460.8192459337465
103592736.38906361,1461.4712447285308
103598226.82480201,1462.0376826972629
103603717.16356763,1462.6902929243302
103609207.41253398,1463.2804264883976
103614697.59212515,1463.810002192999
103620187.80168268,1464.3247189906524
103625678.25439572,1464.7802201535058
103631168.61038397,1464.952369517125
103636659.061901,1465.3549194732789
103642149.53110102,1465.8859490846703
103647639.84277044,1466.5120349070367
103653130.12346397,1467.1755625656324
103658620.31862327,1467.8356174087323
103664110.31624216,1468.4104619208701
103669600.48747228,1468.8452760800953
103675090.84116505,1469.3030531611403
103680581.24374415,1469.91609314955
103686071.45270878,1470.525694005363
103691561.60488608,1471.1566944423644
103697051.64073466,1471.7162972908616
103702541.64160287,1472.2556798328262
103708031.74070741,1472.7531482546951
103713522.00916108,1473.1451843520842
103719012.19265169,1473.3831677281114
103724502.46417415,1473.8097416742248
103729992.72219425,1474.3818949938304
103735482.81242913,1475.022278825055
103740972.89828686,1475.70430928906
103746462.85376503,1476.339238104771
103751952.66566284,1476.8764540744492
103757442.70495418,1477.2795374268928
103762932.91603468,1477.8226991793263
103768423.05388989,1478.4465996458666
103773913.04397915,1479.080224832614
103779402.94937469,1479.6904258263937
103784892.76369369,1480.2383325919166
103790382.56184645,1480.7744917819002
103795872.52886604,1481.2533837021915
103801362.56037426,1481.5793667330984
103806852.5995866,1481.8679293945333
103812342.6818024,1482.3284081630068
103817832.70679119,1482.9360482924296
103823322.59787734,1483.5565149698298
103828812.49065147,1484.2301986362872
103834302.20159541,1484.8267355639823
103839791.88610864,1485.3364046893294
103845281.82402703,1485.738328394752
103850771.84501089,1486.3514329064656
103856261.75737399,1486.947453584266
103861751.55131036,1487.5619569706944
103867241.26235798,1488.1675351925494
103872730.90879458,1488.7021823637622
103878220.53831148,1489.2159943313873
103883710.41205508,1489.7049636166118
103889200.22562085,1489.984101966351
103894690.07577403,1490.3316329381776
103900179.97555627,1490.8296608855994
103905669.74968126,1491.4551259115456
103911159.45844087,1492.1105901489793
103916649.12251851,1492.7526168513805
103922138.5822296,1493.3309254305832
103927628.13275227,1493.7997523844529
103933117.9131251,1494.2267973704904
103938607.75065047,1494.828657735348
103944097.46397409,1495.4215087937855
103949587.04577526,1496.0331583797292
103955076.57710053,1496.6138369022622
103960566.0535069,1497.1309031167507
103966055.55958347,1497.6293522716323
103971545.30144073,1498.1041915328337
103977034.93718027,1498.3078150295294
103982524.65645313,1498.7178008979683
103988014.40475367,1499.25302736261
103993503.98426996,1499.8843535954165
103998993.55719495,1500.5406546698987
104004483.00911112,1501.1606431883677
104009972.3026647,1501.7159315464744
104015461.78091504,1502.164348728255
104020951.42241992,1502.6133803188677
104026441.05644448,1503.2460375446003
104031930.56116512,1503.8217798919243
104037419.96062449,1504.4500924647316
104042909.29716375,1505.015077175521
104048398.57479516,1505.5384568858046
104053887.95101376,1506.0280541655634
104059377.49130727,1506.4156396112494
104064866.94017556,1506.67047304586
104070356.4929002,1507.1117790615385
104075846.01540518,1507.7000225957174
104081335.3861129,1508.3213213676142
104086824.7488187,1508.9574337744468
104092313.97953565,1509.5630138283634
104097803.09336773,1510.085051171973
104103292.44202715,1510.4868248993594
104108781.9294944,1510.9776562531013
104114271.39851786,1511.5894096687227
104119760.67309001,1512.179525519393
104125249.91922507,1512.798539747168
104130739.05968358,1513.3167279799518
104136228.16567545,1513.8394280471355
104141717.46013212,1514.3343557962296
104147206.78628789,1514.6564412428625
104152696.10631786,1514.9721170585146
104158185.49281804,1515.4446142405357
104163674.80279115,1516.05987495723
104169163.9966407,1516.660922789185
104174653.17529735,1517.3064980156737
104180142.17425588,1517.8884705281953
104185631.15913345,1518.3768871501363
104191120.38689034,1518.7426332005198
104196609.7268123,1519.3454886911945
104202098.95531324,1519.9049760207943
104207588.0451434,1520.512415374651
104213077.0847217,1521.1027383014023
104218566.02058543,1521.6115562091052
104224054.95541708,1522.121239539108
104229544.1362358,1522.5949266783534
104235033.23675728,1522.8736007362427
104240522.42274176,1523.2479550000119
104246011.62808569,1523.7468502144714
104251500.70404135,1524.3602366102405
104256989.71019213,1524.966300923791
104262478.66567358,1525.597789205616
104267967.43824679,1526.1541752910575
104273456.31185573,1526.5980790531953
104278945.38871293,1527.0187788159683
104284434.54423866,1527.616402818338
104289923.5470826,1528.182566018211
104295412.44262663,1528.7802592038452
104300901.25038041,1529.3456480646305
104306390.00687689,1529.856191393506
104311878.80153103,1530.337441473992
104317367.82585724,1530.7858170249433
104322856.7630178,1531.026421551718
104328345.79559998,1531.4456409454936
104333834.81764245,1531.98512931489
104339323.66637217,1532.5747887577757
104344812.51857418,1533.1980565213107
104350301.2717896,1533.7979200531279
104355789.85327333,1534.3219337543521
104361278.63113725,1534.7199786418137
104366767.60269053,1535.1883590260022
104372256.56608963,1535.7726167019553
104377745.37148097,1536.3636983575605
104383234.0783634,1536.955114799342
104388722.70017028,1537.503143721934
104394211.28762905,1538.0087620830325
104399699.97993441,1538.4729331760057
104405188.8228262,1538.8554477320242
104410677.61361493,1539.1243101906596
104416166.46985921,1539.5706496859002
104421655.29152387,1540.1366605266094
104427143.96556757,1540.7226824982436
104432632.63636383,1541.3697404821498
104438121.1508264,1541.9424807244106
104443609.5705669,1542.438661983594
104449098.23045501,1542.8351060022685
104454587.05231881,1543.3286864670927
104460075.79381311,1543.9157924125248
104465564.39140563,1544.483804858232
104471052.90541826,1545.0838711396445
104476541.34636407,1545.60588610374
104482029.75602551,1546.0994364330188
104487518.35597296,1546.557913518065
104493006.98427375,1546.895590097806
104498495.60814263,1547.2170895000736
104503984.28377104,1547.687621719859
104509472.87507477,1548.2816378974626
104514961.36187884,1548.8762244620673
104520449.8175631,1549.4877717330967
104525938.0853923,1550.0453378008524
104531426.37021352,1550.5109176447593
104536914.9032721,1550.8985753912202
104542403.51513481,1551.4649173807934
104547892.0173845,1552.0429305407836
104553380.35715114,1552.6203802366092
104558868.65392773,1553.2145905957493
104564356.86812249,1553.7070693311025
104569845.06482215,1554.1835474580669
104575333.52099063,1554.6437662437222
104580821.92482479,1554.8889536069435
104586310.38068572,1555.2825400193249
104591798.85981052,1555.7735805132984
104597287.20117532,1556.371741709864
104602775.49954204,1556.9669059184153
104608263.71053788,1557.554956744156
104613751.76009916,1558.0784452483144
104619239.93349317,1558.5093860933646
104624728.30358045,1558.9189027617697
104630216.73796459,1559.5143620772842
104635705.00773859,1560.056078062864
104641193.16665211,1560.656645491638
104646681.2490114,1561.2092156117958
104652169.26832433,1561.6851045262538
104657657.33499153,1562.1489051026622
104663145.62766977,1562.5881927538192
104668633.81996171,1562.8425018006296
104674122.11529839,1563.2807423748247
104679610.38612585,1563.8076243848648
104685098.50049697,1564.3830211255672
104690586.59743819,1564.97375854262
104696074.58862625,1565.5593046911536
104701562.4287958,1566.055351088216
104707050.48130932,1566.4449435633042
104712538.69900224,1566.8806069793313
104718026.93154214,1567.4569431601453
104723514.98024066,1568.0097958379315
104729002.95781483,1568.5854913958553
104734490.84939498,1569.0956479105018
104739978.71738443,1569.579853194526
104745466.70158535,1570.0260482287774
104750954.8171683,1570.4063356693914
104756442.88228457,1570.7076353313662
104761931.0065426,1571.1496758423689
104767419.08822884,1571.7115804060488
104772907.01007321,1572.2684383942506
104778394.90749958,1572.8810999222678
104783882.67097764,1573.4284400307272
104789370.35213661,1573.893275872694
104794858.2641753,1574.259129067374
104800346.32946607,1574.7789085702466
104805834.29648535,1575.3224542444543
104811322.12443347,1575.9048389925624
104816809.87100878,1576.4621982220342
104822297.53346804,1576.9482544588063
104827785.18265843,1577.4264007740185
104833273.0131287,1577.8666223658943
104838760.86343165,1578.201680575975
104844248.7218352,1578.5377053464922
104849736.61989008,1578.995437515577
104855224.42530483,1579.561086835872
104860712.11939329,1580.1301531116283
104866199.79048578,1580.7090761790573
104871687.28159185,1581.2238459831128
104877174.80502145,1581.6590636285025
104882662.5666309,1582.0275923004535
104888150.42541878,1582.5613269142161
104893638.13979429,1583.1074053562766
104899125.73249431,1583.6654631053445
104904613.24954498,1584.2195497119517
104910100.71333973,1584.6975876506826
104915588.16203703,1585.1418066816586
104921075.84730609,1585.5906686646986
104926563.50173056,1585.8592948234761
104932051.19299926,1586.2369518954722
104937538.90587448,1586.7117265671477
104943026.46827772,1587.2710727460453
104948514.00335017,1587.8316266380625
104954001.45494667,1588.385845300696
104959488.74212284,1588.8755681519076
104964976.16586462,1589.281533011356
104970463.79284835,1589.6670987941434
104975951.4526075,1590.2130744234382
104981438.97710237,1590.739108253778
104986926.38239795,1591.2912541144083
104992413.73338765,1591.827610264339
104997901.02505249,1592.2828604809401
105003388.34585063,1592.7202388962955
105008875.89290103,1593.1528957122391
105014363.33829615,1593.4105548534267
105019850.86439407,1593.831916867824
105025338.37174375,1594.3356725583556
105030825.72196884,1594.8939925874456
105036313.05445114,1595.4589345867328
105041800.26487522,1596.0006048584567
105047287.3452801,1596.4683468096039
105052774.63371684,1596.839596739191
105058262.08609602,1597.2348236416842
105063749.55908172,1597.771351897524
105069236.8532736,1598.2852419135015
105074724.0805229,1598.8412656342102
105080211.2245272,1599.3199957070847
105085698.34087025,1599.7795703329598
105091185.57411523,1600.2091695569782
105096672.93040603,1600.578520067505
105102160.24370852,1600.8622623743906
105107647.62981945,1601.2931841000993
105113134.95228657,1601.8350187035387
105118622.12096822,1602.365774160901
105124109.25945216,1602.9296990876192
105129596.27038297,1603.4426411076317
105135083.21421374,1603.877610926829
105140570.38908562,1604.2121729559128
105146057.68406403,1604.7116117635096
105151544.92583443,1605.219341723471
105157032.0005738,1605.769614795906
105162519.02535218,1606.3069589472427
105168005.95076285,1606.7709036678393
105173492.85260576,1607.221098262412
105178979.93734656,1607.639965284922
105184467.04036565,1607.955127658483
105189954.16939288,1608.2921426353228
105195441.32471843,1608.7298215876813
105200928.3774207,1609.2655639258096
105206415.32399443,1609.7896107658887
105211902.24806404,1610.336583976962
105217389.002473,1610.8188514672418
105222875.79488225,1611.2245841984059
105228362.81104477,1611.552870487113
105233849.9542446,1612.0557845212597
105239336.9396732,1612.5556526559521
105244823.82400908,1613.0947354742982
105250310.62177025,1613.6086243397608
105255797.36711307,1614.062438923434
105261284.10583395,1614.4864092589248
105266771.06768413,1614.9063793023656
105272257.98944989,1615.1780225966675
105277744.96272962,1615.543040965966
105283231.93967186,1615.9958774914871
105288718.7631332,1616.5165556252282
105294205.55986814,1617.0414876115271
105299692.27938518,1617.5650760053952
105305178.83020651,1618.0203190586628
105310665.52497473,1618.3952936692053
105316152.42686296,1618.7481015590292
105321639.35992834,1619.2469899272774
105327126.15718351,1619.7522301642068
105332612.84197061,1620.2620703072935
105338099.46503104,1620.7663688660755
105343586.04304585,1621.2018146729865
105349072.64409511,1621.6066593634562
105354559.4648395,1622.0204103049177
105360046.20528138,1622.2701906395755
105365533.00547762,1622.6658509089586
105371019.7851457,1623.1426453892723
105376506.40176784,1623.6682314580546
105381993.00566806,1624.2070433876002
105387479.49239846,1624.700691584631
105392965.84937583,1625.1362322229563
105398452.42007369,1625.4769718338575
105403939.15287778,1625.8455090894722
105409425.88980167,1626.3450820549417
105414912.4592555,1626.8283175618958
105420398.95816237,1627.359395592672
105425885.37719011,1627.8080088336537
105431371.7608903,1628.2399301675764
105436858.25808139,1628.6402979530483
105442344.880407,1628.9897766134984
105447831.471146,1629.2533495950693
105453318.13715777,1629.6625894183167
105458804.72664279,1630.171533234663
105464291.17244573,1630.6702085560883
105469777.59206699,1631.1928468110377
105475263.8785303,1631.6696364801992
105480750.11111405,1632.0738465634602
105486236.57843673,1632.3780719033855
105491723.14922139,1632.837873182152
105497209.67447174,1633.3205990661515
105502696.0290969,1633.8242241232442
105508182.34395824,1634.3374638782127
105513668.55224146,1634.7741010683405
105519154.73192726,1635.190787448321
105524641.09617135,1635.5846588294603
105530127.48246539,1635.8792868753217
105535613.90566176,1636.205758982543
105541100.34349844,1636.6185390225971
105546586.67093153,1637.1223812273097
105552072.90031001,1637.6092327182123
105557559.09892951,1638.1221038832396
105563045.13573077,1638.5709002925887
105568531.21485177,1638.9474484217217
105574017.51074368,1639.2410760011358
105579503.93571177,1639.712334855179
105584990.2091032,1640.1747481809846
105590476.38265726,1640.6861474592465
105595962.47079653,1641.1647227229905
105601448.50314404,1641.5892305426228
105606934.53077252,1641.9835078204446
105612420.77929507,1642.3757046956227
105617906.98020114,1642.6337439326876
105623393.2486584,1642.9822746274817
105628879.50811747,1643.4086138426528
105634365.61336105,1643.8943274054957
105639851.68644823,1644.3840009768824
105645337.68772145,1644.873324610048
105650823.5199426,1645.2945680144776
105656309.50050429,1645.637866632792
105661795.68960463,1645.957935768546
105667281.9078746,1646.4228858669817
105672767.98652263,1646.9020400731704
105678253.9576266,1647.3776736630527
105683739.86284773,1647.8479231002236
105689225.72709773,1648.2554085395086
105694711.61459135,1648.627897906041
105700197.71730505,1649.0156267425555
105705683.75726816,1649.252042853514
105711169.84504782,1649.6224227654359
105716655.9079366,1650.0700065000185
105722141.80772889,1650.55926030275
105727627.69343616,1651.0637971652845
105733113.45818152,1651.5231327827873
105738599.10068032,1651.9252490376584
105744084.95941706,1652.2341421189972
105749570.97671027,1652.5754070730795
105755056.98738779,1653.041398989708
105760542.8401462,1653.4942092762926
105766028.62237702,1653.9960713436126
105771514.32310772,1654.4137843085848
105776999.98643501,1654.8150931159962
105782485.76225501,1655.1831872287682
105787971.66624033,1655.5102130055443
105793457.54237531,1655.7598768415853
105798943.49074365,1656.142893223356
105804429.35651402,1656.6174419545748
105809915.07915752,1657.0827887715745
105815400.77752164,1657.5671835976375
105820886.34149642,1658.0084826775542
105826371.85836639,1658.380170465488
105831857.60908015,1658.6546303541213
105837343.46097206,1659.0831935922026
105842829.2624956,1659.5340899119815
105848314.89533076,1660.0113181806853
105853800.48623654,1660.4897120923758
105859285.97396252,1660.8968218639925
105864771.43007267,1661.2808032360435
105870257.06783783,1661.6461754475408
105875742.73355769,1661.9219643136587
105881228.44226615,1662.229514654761
105886714.1559127,1662.6144419258922
105892199.75433303,1663.0844871962645
105897685.25623025,1663.5369119907286
105903170.72482811,1664.0150039072885
105908656.0346388,1664.4261726281732
105914141.3911611,1664.771068457061
105919626.96182387,1665.0398098257513
105925112.65346794,1665.4754269701987
105930598.19954759,1665.906989325438
105936083.64673647,1666.3846300786354
105941569.00690691,1666.8301009410368
105947054.31472877,1667.2223852409008
105952539.61602281,1667.5821896056525
105958025.13614467,1667.9447777696796
105963510.62203807,1668.1876968804067
105968996.16652536,1668.511082349897
105974481.70139451,1668.907597492134
105979967.08072893,1669.358924583887
105985452.4234447,1669.8134121592002
105990937.69858904,1670.264416220789
105996422.80777918,1670.6519024244203
106001908.06776047,1670.966477345593
106007393.53033753,1671.2536697956998
106012879.01909739,1671.6868558189303
106018364.37200987,1672.1358286903214
106023849.61413635,1672.5786014327377
106029334.79956904,1673.017971587709
106034819.93869282,1673.3901055013778
106040305.09897685,1673.731438731001
106045790.4755384,1674.0905819856205
106051275.79657859,1674.3093423514038
106056761.15952562,1674.6566491472797
106062246.49362923,1675.0719250085072
106067731.67078182,1675.5248021742402
106073216.82524483,1675.9890561607294
106078701.86121476,1676.4131920762466
106084186.78030722,1676.7812714242239
106089671.91447832,1677.0581712573548
106095157.20078264,1677.3676196656727
106100642.48115756,1677.8018881877724
106106127.6088567,1678.22252101777
106111612.67123345,1678.6914729412483
106117097.64651582,1679.0760746865778
106122582.58832131,1679.445160605327
106128067.6405279,1679.78053923858
106133552.82487078,1680.084096481555
106139037.97837113,1680.3247558578216
106144523.19677109,1680.678337400562
106150008.33241732,1681.1186464124814
106155493.31502873,1681.5501340081569
106160978.27141404,1681.998498340422
106166463.09832315,1682.4044898632285
106171947.87883662,1682.7424225283855
106177432.88991252,1682.9861568998272
106182918.01224506,1683.3879491463583
106188403.06733264,1683.802306383752
106193887.96371396,1684.2496297538132
106199372.80946834,1684.6840648623784
106204857.56720068,1685.0597688677635
106210342.29267816,1685.4117914314756
106215827.19190608,1685.745389822243
106221312.12688829,1686.0047240193549
106226797.10496838,1686.2872230070598
106232282.08070238,1686.6416795273153
106237766.9390626,1687.076210422613
106243251.69612172,1687.4998671478293
106248736.41854452,1687.941946728846
106254220.98167706,1688.313142871208
106259705.59668922,1688.6243088365268
106265190.42936093,1688.8782330231106
106270675.35936983,1689.27397398536
106276160.15303458,1689.6826181236145
106281644.8439829,1690.1208319547043
106287129.44489539,1690.5349691166557
106292614.0005662,1690.894393073938
106298098.54391678,1691.2166628493098
106303583.30554555,1691.5482028979907
106309068.04709488,1691.7709720808932
106314552.83582841,1692.0661725185112
106320037.62167706,1692.4300590971252
106325522.25165705,1692.8500076091811
106331006.83788402,1693.2686183676112
106336491.35815483,1693.6779914087701
106341975.72044252,1694.0314947785548
106347460.23217468,1694.316413052065
106352944.94141369,1694.5701103076544
106358429.67562816,1694.9831831903018
106363914.26758336,1695.397915429472
106369398.74651389,1695.8162635778383
106374883.1769747,1696.2225808008934
106380367.54700069,1696.5520977299477
106385851.94222997,1696.864045290507
106391336.5572882,1697.1871450337674
106396821.11734578,1697.3867704029358
106402305.72326967,1697.7127843625296
106407790.29307945,1698.0944199805813
106413274.71433339,1698.5054902581908
106418759.10127091,1698.9269113186392
106424243.37826866,1699.3153951826073
106429727.54034154,1699.6473984549073
106435211.9152559,1699.892649100936
106440696.43835922,1700.1769767237674
106446180.95269522,1700.5797574308663
106451665.31657273,1700.971672557459
106457149.61933105,1701.4048165803379
106462633.8300991,1701.7574141417103
106468118.00946681,1702.0927760465875
106473602.2951081,1702.3879803703412
106479086.72446911,1702.6667273640103
106484571.12252331,1702.8984473136013
106490055.55947974,1703.2198164446625
106495539.92433506,1703.6196099155084
106501024.12375918,1704.0142478632472
106506508.2999869,1704.4328795709057
106511992.3461243,1704.8032818914407
106517476.342317,1705.1066686573427
106522960.56545444,1705.3216441075315
106528444.92033862,1705.679243056275
106533929.16794166,1706.0711581886756
106539413.29509474,1706.4807772910576
106544897.33838612,1706.8748056697648
106550381.31569444,1707.2176842771141
106555865.26050474,1707.5324976570812
106561349.37284131,1707.831465718525
106566833.53416811,1708.0747289199855
106572317.72862262,1708.3274436400488
106577801.9166443,1708.649627467345
106583285.98680308,1709.0457306440346
106588769.96338555,1709.4411247377275
106594253.88763088,1709.8443648241655
106599737.65239719,1710.1816259291363
106605221.47042415,1710.4629729279602
106610705.51283866,1710.693343585574
106616189.61051933,1711.0537191258693
106621673.60717183,1711.4435769720103
106627157.46621592,1711.8383141975162
106632641.25511312,1712.2290704276877
106638124.99315071,1712.5513250519316
106643608.70880607,1712.8338082266118
106649092.65872616,1713.1320504391367
106654576.60301761,1713.3069347678002
106660060.59977399,1713.5823385264662
106665544.58321896,1713.9114144722216
106671028.41731639,1714.3037320380326
106676512.18780531,1714.6855570877133
106681995.89123197,1715.0573413234836
106687479.44579248,1715.3765214082955
106692963.1464363,1715.6316459535265
106698447.03654495,1715.8480379198995
106703930.97237124,1716.2334351016425
106709414.742179,1716.6138077406313
106714898.41356869,1717.0098751975595
106720382.00795662,1717.3730064359777
106725865.54327397,1717.6671113202547
106731349.12051967,1717.9444568100635
106736832.91184008,1718.2214338199497
106742316.67145048,1718.4004721169506
106747800.4864244,1718.7002693947154
106753284.2492245,1719.048017529146
106758767.86152531,1719.4108657656943
106764251.43502772,1719.7956851125364
106769734.92596747,1720.151158478788
106775218.28127865,1720.4468541922067
106780701.84659271,1720.6613375725321
106786185.57288015,1720.9305748959416
106791669.25511838,1721.301445898198
106797152.79932192,1721.6756707212617
106802636.26013865,1722.071255758438
106808119.6258467,1722.3967212813086
106813602.96097448,1722.6999854831865
106819086.38864347,1722.955064777669
106824569.97350705,1723.2055678135835
106830053.54690133,1723.396061167801
106835537.15017322,1723.6836162696015
106841020.68269116,1724.0346242433486
106846504.06821612,1724.3887294177507
106851987.44726886,1724.7755813775377
106857470.67089812,1725.107954141812
106862953.84508955,1725.3787857181921
106868437.25141591,1725.57259581004
106873920.80106586,1725.8631487201649
106879404.23922132,1726.2335819035663
106884887.55978379,1726.5880727290396
106890370.80489856,1726.95966333208
106895853.97490294,1727.2697094139621
106901337.10584693,1727.543412060636
106906820.4107175,1727.8065905234084
106912303.77882305,1728.017400880617
106917787.18229194,1728.237957912922
106923270.5778569,1728.5278602476812
106928753.85489917,1728.8853977930942
106934237.04379554,1729.2384700904288
106939720.17678462,1729.6033205997646
106945203.16109139,1729.912831128651
106950686.179033,1730.1656327541057
106956169.42443399,1730.3450793162463
106961652.73638998,1730.6749735342034
106967135.96308805,1731.0135238227863
106972619.03340453,1731.3796260200825
106978102.06028773,1731.7403050499468
106983585.00056103,1732.0215446616533
106989067.92262016,1732.2793884714988
106994551.07873687,1732.5374704458795
107000034.21206774,1732.7054341986618
107005517.42954239,1732.9457637525852
107011000.6186774,1733.2397394318896
107016483.66023414,1733.5890951437736
107021966.63451123,1733.9344812404006
107027449.55247417,1734.2822348308498
107032932.30516498,1734.567986353675
107038415.19225328,1734.786041059548
107043898.27415216,1734.9665372392992
107049381.41292082,1735.3053996861272
107054864.38855664,1735.652551270106
107060347.26817289,1735.9922754939084
107065830.08045614,1736.3239090193274
107071312.83948211,1736.5963243910692
107076795.61834691,1736.8353353867421
107082278.6142346,1737.0903690738494
107087761.60343455,1737.2390232449848
107093244.62618233,1737.4879967655284
107098727.61058395,1737.7994876334762
107104210.43007456,1738.1227011551857
107109693.22913656,1738.4741095473926
107115175.9409552,1738.7822244160438
107120658.51943482,1739.048008624003
107126141.28942229,1739.240937469132
107131624.2315402,1739.4583661965485
107137107.14302821,1739.797833115526
107142589.93027914,1740.1266396318651
107148072.62549476,1740.4854171997413
107153555.23881985,1740.7905336264992
107159037.79358792,1741.060794987185
107164520.42795336,1741.2857364872068
107170003.2318613,1741.5129200887852
107175486.00715283,1741.6690813081946
107180968.83869494,1741.9258762925158
107186451.59135729,1742.2483074884567
107191934.19309798,1742.5718974710524
107197416.78459512,1742.9023804022106
107202899.2486072,1743.1986686930516
107208381.65235981,1743.4421568304706
107213864.28962915,1743.6031934580483
107219347.03638649,1743.841689349075
107224829.74591503,1744.178133943506
107230312.29085281,1744.4901994138877
107235794.80728786,1744.834118826162
107241277.22590838,1745.0952481637528
107246759.61162798,1745.3505435416032
107252242.16255574,1745.57848623678
107257724.7853741,1745.7654177287445
107263207.44731204,1745.9536660571207
107268690.10281171,1746.2090218163435
107274172.6450063,1746.5313824588047
107279655.08694199,1746.8348095798963
107285137.49179873,1747.1622279319254
107290619.75728047,1747.4320568080984
107296102.04690468,1747.654029505476
107301584.55278751,1747.8082520324529
107307067.14094798,1748.0993092609942
107312549.62906063,1748.4001372459388
107318032.00225706,1748.7329223565591
107323514.29372951,1749.0380851695618
107328996.53223841,1749.2992475594797
107334478.75748874,1749.5265897775546
107339961.18661624,1749.7537460663402
107345443.61253774,1749.927797093102
107350926.09066722,1750.1318316849192
107356408.54371591,1750.3902995764417
107361890.84708092,1750.703038710806
107367373.10333331,1751.0201120920294
107372855.29055624,1751.3247301435943
107378337.3182315,1751.5786606305276
107383819.46730137,1751.7742786141566
107389301.81118712,1751.9220591313156
107394784.20399477,1752.214819567243
107400266.46832253,1752.5327574721211
107405748.61710072,1752.8382826639768
107411230.72321911,1753.143274843499
107416712.76807845,1753.3756013057396
107422194.82932445,1753.5859556181797
107427677.1113073,1753.8107636080695
107433159.37055026,1753.9355849028693
107438641.66697118,1754.1673235540393
107444123.93384114,1754.4386624988217
107449606.04510705,1754.7425821843626
107455088.10720609,1755.0614612999825
107460570.0705633,1755.3427285189537
107466051.91484113,1755.5782492647086
107471533.95282558,1755.7520171691544
107477016.11729467,1755.9263939456207
107482498.3051931,1756.2397590969163
107487980.31616962,1756.5399897572593
107493462.26134175,1756.8627546885807
107498944.11333276,1757.120462167337
107504425.93571332,1757.358503526229
107509907.83066954,1757.551771054305
107515389.9004269,1757.7519116851824
107520871.9435103,1757.9011865308003
107526354.023406,1758.1270837831353
107531836.03416671,1758.409475813553
107537317.88266736,1758.6971626861869
107542799.71775007,1759.0098296659253
107548281.41977398,1759.2743597466547
107553763.04942949,1759.4855765446412
107559244.90604883,1759.6221604260331
107564726.9010319,1759.8553149421257
107570208.79098871,1760.158030896186
107575690.56177598,1760.4623175839147
107581172.24616958,1760.7586001010038
107586653.84911421,1760.9989716718608
107592135.43161437,1761.2223325395678
107597617.15839486,1761.4043833095016
107603098.997335,1761.5670575594797
107608580.84910877,1761.7105560612533
107614062.71419746,1761.93516419742
107619544.47038415,1762.2221199007583
107625026.12144192,1762.5035761186227
107630507.72691147,1762.7971912147498
107635989.18977684,1763.0351824247125
107641470.67068464,1763.2282352658713
107646952.379985,1763.3541390619048
107652434.15608564,1763.6028722231695
107657915.86087403,1763.881273880328
107663397.41584904,1764.1775606948845
107668878.91469426,1764.4640590390761
107674360.33259606,1764.6868867385135
107679841.72751753,1764.88032563569
107685323.34499581,1765.0658577172949
107690804.97402926,1765.1907098776264
107696286.67412755,1765.365190772174
107701768.34926839,1765.591737403871
107707249.88555673,1765.877824366165
107712731.36605906,1766.141120058808
107718212.77904315,1766.4155558601465
107723694.05017239,1766.6334528834525
107729175.41792423,1766.801527129237
107734656.97980425,1766.9163381948915
107740138.61420834,1767.1858618034948
107745620.09388855,1767.4717798880401
107751101.47500153,1767.7585304036784
107756582.7742759,1768.033871725114
107762064.00482589,1768.2413591001437
107767545.24291319,1768.4235975983202
107773026.69444367,1768.6098262660016
107778508.14468968,1768.7137805148657
107783989.63683543,1768.8994710801346
107789471.1037588,1769.1342986490106
107794952.40771338,1769.3931239082913
107800433.68815997,1769.6717455804396
107805914.88912922,1769.9181109331225
107811395.94510639,1770.1216385730042
107816877.17893665,1770.2556140269473
107822358.59422806,1770.4013333159846
107827840.01183379,1770.6438019213663
107833321.30401963,1770.9246840160492
107838802.48433483,1771.1838302414762
107844283.61344056,1771.4317487777976
107849764.69857639,1771.6326245404432
107855245.84021676,1771.791636793568
107860727.17464136,1771.9642285432062
107866208.47632879,1772.0657223506016
107871689.8377035,1772.2596444727
107877171.12760513,1772.5017690922816
107882652.26317331,1772.754364038003
107888133.39310561,1773.017471681375
107893614.40193412,1773.248769170861
107899095.33044225,1773.4329360122047
107904576.47711782,1773.539836482738
107910057.75049159,1773.7155566877752
107915538.97956447,1773.9866994537006
107921020.05759016,1774.2381902757488
107926501.09302224,1774.5132277895882
107931982.0324242,1774.7125167016784
107937462.93711023,1774.9069233220378
107942943.98399973,1775.0659445030922
107948425.13563581,1775.2023575416285
107953906.27592438,1775.3435381805486
107959387.44531259,1775.53301017675
107964868.52361263,1775.7835411943536
107970349.4679984,1776.0243310858136
107975830.38268065,1776.2845224643845
107981311.16516906,1776.4902317698597
107986791.94023627,1776.655678455094
107992272.9354339,1776.7491063558512
107997754.01956993,1776.9574791833988
108003235.02937517,1777.1955275118748
108008715.91637549,1777.465681077595
108014196.72325842,1777.7123601005214
108019677.4768007,1777.908424678847
108025158.20295182,1778.0727358706272
108030639.12847406,1778.2299342025171
108036120.08216976,1778.3485557547751
108041601.07249503,1778.4850402623053
108047082.05347386,1778.6768506305334
108052562.90104096,1778.9249373010407
108058043.67844602,1779.1668455290223
108063524.39268728,1779.4150912522255
108069004.95007087,1779.5982260744365
108074485.6002547,1779.7395047037567
108079966.4679023,1779.8453185772948
108085447.34337741,1780.0745367210318
108090928.13224521,1780.3204109374817
108096408.78025241,1780.562246395349
108101889.38186508,1780.807273710237
108107369.91210575,1780.9751570507083
108112850.44828196,1781.1283004363381
108118331.20265824,1781.2848418579388
108123811.95712,1781.3668643624749
108129292.74982394,1781.536817352396
108134773.50521201,1781.733685865941
108140254.11172424,1781.970229103358
108145734.66522479,1782.2116405491415
108151215.14355004,1782.4361983742917
108156695.47334723,1782.6102026755648
108162175.9709936,1782.7229687597542
108167656.63067053,1782.8329584592218
108173137.32695659,1783.0670196772733
108178617.84636328,1783.3117204562184
108184098.29236735,1783.5601208638134
108189578.64334117,1783.7680983577998
108195058.95034693,1783.9335659684602
108200539.31944378,1784.0657457770792
108206019.8743667,1784.2090563158445
108211500.4356209,1784.283590463129
108216981.03155537,1784.4434174939797
108222461.56950212,1784.6482332682015
108227941.94281714,1784.8695532497754
108233422.30977914,1785.108797725078
108238902.55276014,1785.3099053832464
108244382.7000679,1785.4656009911905
108249863.0587009,1785.5445344333086
108255343.56592135,1785.6813986603331
108260824.01632833,1785.9195332432973
108266304.33999175,1786.137432612023
108271784.58921428,1786.3753754779418
108277264.76111811,1786.5567417477296
108282744.89222218,1786.7175632128794
108288225.13840945,1786.8403436101644
108293705.52611065,1786.9491307965113
108299185.90084171,1787.0335093460592
108304666.32803874,1787.1935420914956
108310146.65593463,1787.4065750799089
108315626.8587627,1787.6216000801394
108321107.0416929,1787.8350207039052
108326587.09066537,1788.0147100618658
108332067.11877573,1788.1519278831602
108337547.36420302,1788.2124700095012
108343027.70168455,1788.3812054041668
108348507.98850252,1788.590210281941
108353988.1321788,1788.8274682941515
108359468.21131064,1789.0472403508647
108364948.21004257,1789.21631352362
108370428.17304023,1789.3590551931782
108375908.31866558,1789.4844188905122
108381388.50052711,1789.5737755803436
108386868.74042517,1789.6810848003533
108392348.96506505,1789.8382027603275
108397829.06518196,1790.0544852052503
108403309.07630363,1790.255677353494
108408789.05058803,1790.4706747397354
108414268.87177792,1790.622409435626
108419748.75986601,1790.7356381980906
108425228.85666455,1790.8039265570108
108430709.01674606,1790.996328172575
108436189.05801918,1791.1978714217405
108441669.0044598,1791.415763364854
108447148.85859706,1791.6147166992296
108452628.67392449,1791.7706994358875
108458108.47791775,1791.8847285228196
108463588.50370641,1792.0122055729355
108469068.53937005,1792.070441304236
108474548.60760127,1792.1960354761668
108480028.6611369,1792.3574892185113
108485508.56364594,1792.5633337280478
108490988.40996253,1792.767696087747
108496468.19109677,1792.9494577250684
108501947.83480427,1793.094695157638
108507427.62558733,1793.1880664201922
108512907.58365864,1793.2545150508024
108518387.58019207,1793.4596439801458
108523867.42880428,1793.671545849957
108529347.17773026,1793.8856276461001
108534826.85243104,1794.0724686937601
108540306.47455056,1794.1992378785044
108545786.14519481,1794.305303105292
108551266.01864244,1794.418923797428
108556745.87850328,1794.4645192680425
108562225.78189112,1794.6096771674436
108567705.63042492,1794.7829430362212
108573185.33344944,1794.9652728866886
108578665.00124043,1795.1647824389577
108584144.58552097,1795.335807284627
108589624.04905175,1795.4612236541664
108595103.7136208,1795.5171380025185
108600583.53337505,1795.6236900460317
108606063.29938518,1795.8311482840224
108611542.94056754,1796.033005342531
108617022.49452893,1796.2447891254883
108622501.95357172,1796.4036056385783
108627981.38114895,1796.5384499816323
108633460.9001182,1796.62340337635
108638940.5809128,1796.7161369856324
108644420.24908291,1796.7708964159117
108649899.95302486,1796.8999421038702
108655379.5735592,1797.074205330913
108660859.06440027,1797.2539419238751
108666338.54800947,1797.4453048050448
108671817.88706578,1797.5943612998262
108677297.18480024,1797.703406924104
108682776.70948112,1797.7430346985382
108688256.35671389,1797.8489370933544
108693735.9247498,1798.0541493475132
108699215.35611677,1798.2249986767315
108704694.7370348,1798.4260261631964
108710174.04585277,1798.5668245413503
108715653.31301323,1798.6764009929527
108721132.7533365,1798.7682087625547
108726612.25764112,1798.8330718315422
108732091.80818914,1798.906253496017
108737571.34751281,1799.032574217266
108743050.76905714,1799.214131513107
108748530.10290457,1799.3780009957886
108754009.39406103,1799.5604486195887
108759488.54745013,1799.69041961413
108764967.73267981,1799.7820093464823
108770447.12499458,1799.8065878103373
108775926.59689395,1799.9649709204343
108781405.97137211,1800.126264823265
108786885.24106817,1800.3176603363606
108792364.43093984,1800.4837754499079
108797843.5655873,1800.6095091163531
108803322.69266811,1800.703934024425
108808802.0258074,1800.7938784561622
108814281.34809747,1800.8538053376315
108819760.73256856,1800.9393602990738
108825240.08665653,1801.0655672395792
108830719.2921691,1801.235230155482
108836198.44007422,1801.405247663
108841677.53726362,1801.5640314468892
108847156.48095445,1801.680495900701
108852635.5484537,1801.748950315904
108858114.79361406,1801.774338775955
108863594.08908777,1801.931881063842
108869073.26225983,1802.117273183161
108874552.31721975,1802.2832770073273
108880031.3303817,1802.4483800126977
108885510.28727558,1802.549439285478
108890989.26409473,1802.6262394297478
108896468.45576362,1802.7161129292022
108901947.63098843,1802.7326066390906
108907426.84171756,1802.843029269429
108912906.01608096,1802.9792475879728
108918385.03810239,1803.1388075443338
108923864.0124469,1803.312442062623
108929342.89248084,1803.453469273218
108934821.65545657,1803.5545111262036
108940300.61113568,1803.5997009250896
108945779.68294397,1803.6499859769053
108951258.78588904,1803.8185045922605
108956737.71282978,1803.9872151378543
108962216.57808651,1804.166598562121
108967695.34962568,1804.293275664842
108973174.0940968,1804.3985941516285
108978652.911564,1804.4539688776483
108984131.91015561,1804.5251593958742
108989610.88895158,1804.5622514982908
108995089.89182304,1804.6604031364457
109000568.82465394,1804.7980402618084
109006047.60524957,1804.9470912913
109011526.37823251,1805.1128506443908
109017005.02068636,1805.2358436713662
109022483.59422976,1805.3185657319787
109027962.38857625,1805.3314928999118
109033441.31752627,1805.4086476084829
109038920.16935925,1805.579767767874
109044398.89773557,1805.7287225944344
109049877.54718558,1805.891724019505
109055356.13130811,1806.0062657977012
109060834.67622176,1806.0928906313934
109066313.36134392,1806.1470548752218
109071792.16406184,1806.1863916184757
109077270.9579515,1806.218220531029
109082749.78785996,1806.3115480794781
109088228.51024148,1806.458603709388
109093707.13209459,1806.5957701607695
109099185.71079567,1806.7482665555938
109104664.15754895,1806.8525465456778
109110142.60487553,1806.9186950478472
109115621.26400019,1806.9043629463283
109121100.01547126,1807.0179819651144
109126578.69933406,1807.151386582134
109132057.2551992,1807.3122620772099
109137535.74776615,1807.4543520831753
109143014.17405206,1807.548379251765
109148492.58055072,1807.6144874778336
109153971.18994932,1807.671762796803
109159449.80235039,1807.7029353592097
109164928.47425133,1807.7545781733847
109170407.11981273,1807.8478388128485
109175885.62399368,1807.9918464380464
109181364.05915485,1808.1191057828823
109186842.45180005,1808.2575201053135
109192320.69086868,1808.333225712466
109197799.02714477,1808.3750543849624
109203277.55379923,1808.3909600731058
109208756.1163174,1808.5154675460578
109214234.5546078,1808.6691671919486
109219712.87709783,1808.8010484797487
109225191.15425672,1808.940748137316
109230669.36953104,1809.0127736210152
109236147.58728626,1809.0652923871583
109241626.02075909,1809.1264367012393
109247104.44487613,1809.1195932590422
109252582.89966731,1809.190257824975
109258061.33056374,1809.2867888657725
109263539.60861737,1809.4199828289777
109269017.84205097,1809.5574219663451
109274495.99080957,1809.6720422143185
109279974.00721022,1809.7432155279446
109285452.19550544,1809.763811888585
109290930.52194196,1809.7764507826748
109296408.88617614,1809.9168090410162
109301887.07920927,1810.055831436207
109307365.1937939,1810.2037993134263
109312843.22962308,1810.311355084689
109318321.21323304,1810.3703257490236
109323799.26902747,1810.4063097706355
109329277.51158276,1810.4450033226237
109334755.75352713,1810.4348175030354
109340234.03615695,1810.5016681355492
109345712.25877683,1810.6054883894185
109351190.31727168,1810.72354079697
109356668.36952697,1810.8550681439865
109362146.30135937,1810.9505482378786
109367624.14342648,1811.0060131136593
109373102.19586505,1810.9882279550225
109378580.39441681,1811.0345481773822
109384058.52950965,1811.1706963571032
109389536.54174371,1811.2911746047785
109395014.47547704,1811.424347162358
109400492.33437112,1811.5068380258974
109405970.15422368,1811.5676820968545
109411448.09465253,1811.588830763941
109416926.17423011,1811.6010101617503
109422404.24247198,1811.5970624423621
109427882.35731922,1811.6600564079492
109433360.37399113,1811.7674075729362
109438838.27137458,1811.8788178184027
109444316.15228763,1811.9870855198915
109449793.89712907,1812.0615433804119
109455271.62625362,1812.102107047476
109460749.57180361,1812.0678199632628
109466227.60359442,1812.1371631588966
109471705.58628118,1812.2464300398492
109477183.42790802,1812.3810849166255
109482661.20348684,1812.4956758781943
109488138.90483446,1812.5650324686267
109493616.5745325,1812.6084149811402
109499094.42727607,1812.6341114127717
109504572.3108691,1812.6317542055638
109510050.25037101,1812.6477125385877
109515528.17426412,1812.7061902415542
109521005.97489923,1812.8178571853941
109526483.690624,1812.9167726631952
109531961.36823545,1813.025961647474
109537438.89341481,1813.0762323556828
109542916.48829155,1813.0934683622045
109548394.29142208,1813.0668153703627
109553872.14338183,1813.1579311815435
109559349.88909367,1813.265038254886
109564827.52937706,1813.377651448056
109570305.08537734,1813.476995104336
109575782.6041236,1813.5340987452753
109581260.11067973,1813.5468574452466
109586737.84349146,1813.5747357488324
109592215.58283587,1813.5426772815172
109597693.35418619,1813.5764310975487
109603171.10828428,1813.637033343507
109608648.71692057,1813.7405877955007
109614126.26585436,1813.8414425353642
109619603.74995953,1813.9228056776528
109625081.09694724,1813.9676620206778
109630558.59025568,1813.966267842893
109636036.24509153,1813.932223677288
109641513.94605914,1814.0388897935752
109646991.49429443,1814.1499641013381
109652468.95222118,1814.2563793295235
109657946.32895964,1814.3427234119733
109663423.65876493,1814.3779655898436
109668901.03383358,1814.3814009765035
109674378.6123813,1814.397840882056
109679856.19560876,1814.3492056942143
109685333.8129273,1814.3915594817242
109690811.37589456,1814.4638965965692
109696288.78786112,1814.5396354725553
109701766.17451857,1814.639221954838
109707243.47984956,1814.7024972506126
109712720.66029476,1814.7324071241956
109718198.03978904,1814.693932492864
109723675.57406346,1814.6948135969074
109729153.06409255,1814.8005690441635
109734630.43554531,1814.89206591989
109740107.72431888,1815.0015126920673
109745584.93110062,1815.0672123052498
109751062.08579522,1815.104378747002
109756539.3291776,1815.0937670671497
109762016.73482962,1815.0934175892307
109767494.11569092,1815.0531341575859
109772971.54494466,1815.085355798151
109778448.89420591,1815.1617490328913
109783926.10377297,1815.2417103253943
109789403.29646905,1815.3223281869564
109794880.37705125,1815.371620590105
109800357.40351284,1815.3853587404694
109805834.64629124,1815.321443715242
109811312.00359876,1815.341657913544
109816789.3195253,1815.4357084218182
109822266.47293948,1815.5147684134831
109827743.60058482,1815.6124917198856
109833220.63224715,1815.6388594363937
109838697.64067714,1815.662822073209
109844174.82095638,1815.6533175800453
109849652.06392097,1815.6293177845992
109855129.34675334,1815.6077847588808
109860606.6201554,1815.6352103391498
109866083.78299391,1815.713345862985
109871560.84892775,1815.777862164905
109877037.8829311,1815.8584650114772
109882514.77771197,1815.8822228167273
109887991.70778404,1815.879333865218
109893468.84919365,1815.8181591287992
109898946.05722252,1815.8718403118794
109904423.18236181,1815.9499706469524
109909900.17375915,1816.0389840141534
109915377.10178892,1816.121617053917
109920853.963443,1816.1474343642342
109926330.80696781,1816.1350947345684
109931807.87857015,1816.1265608215426
109937284.95066804,1816.0747220857713
109942762.06997484,1816.0672903178813
109948239.1727761,1816.0944781037172
109953716.13548848,1816.1692132964308
109959193.06046443,1816.2308957487473
109964669.91019459,1816.289329238283
109970146.62191126,1816.3076507117387
109975623.44186606,1816.2836895470746
109981100.44025917,1816.2072656524936
109986577.50688326,1816.277956864731
109992054.42254083,1816.3636385851596
109997531.24296552,1816.4435359588065
110003007.9814787,1816.5126814275102
110008484.65715697,1816.5205829488325
110013961.35090284,1816.5048089350396
110019438.25445719,1816.4902560368873
110024915.15169887,1816.4166891149414
110030392.08973499,1816.4179857911242
110035868.99736102,1816.4507694175925
110041345.74612531,1816.5045172278342
110046822.47839308,1816.5727713626788
110052299.12839496,1816.6079730718313
110057775.6464146,1816.6111082727007
110063252.34067985,1816.55925171819
110068729.20740934,1816.5058549353341
110074206.0720811,1816.5509776547854
110079682.82123204,1816.6284843563415
110085159.4583422,1816.6819137280647
110090636.04798476,1816.7284870528397
110096112.59473728,1816.7261462195265
110101589.20413604,1816.6932975681982
110107066.00391191,1816.6716259140994
110112542.765276,1816.5984788526448
110118019.58330892,1816.600784211678
110123496.33794299,1816.6420557051663
110128972.93047045,1816.69105180451
110134449.51526506,1816.7414829269965
110139925.99196272,1816.7665074656265
110145402.39180732,1816.7547225215649
110150879.00550158,1816.6697814681415
110156355.74181312,1816.654816167405
110161832.43073304,1816.722906714782
110167308.98537357,1816.7842325563593
110172785.47016017,1816.8482529303278
110178261.86916153,1816.8558909415106
110183738.25017029,1816.8556769182555
110189214.76460113,1816.8030609417192
110194691.39898287,1816.756261991458
110200168.03273977,1816.7123379078948
110205644.66492558,1816.7105817015445
110211121.21308891,1816.747890996038
110216597.63274208,1816.7868852883778
110222074.04934755,1816.838077335397
110227550.31441554,1816.840049714355
110233026.5734299,1816.8139480503628
110238503.05511162,1816.7223084389839
110243979.60931844,1816.7263393327348
110249456.1096077,1816.7786446274656
110254932.45931563,1816.846515859917
110260408.74563265,1816.9064770033845
110265884.9476256,1816.908153741198
110271361.11799233,1816.8757351955066
110276837.49222116,1816.8360564369946
110282313.89070497,1816.755498678702
110287790.34530276,1816.7086762253707
110293266.78350337,1816.7027749539268
110298743.09778479,1816.7461025730533
110304219.34373954,1816.7688294846148
110309695.54929158,1816.806635004284
110315171.60883556,1816.7936787655633
110320647.73537444,1816.7477942699968
110326124.05991068,1816.6343576918166
110331600.46587875,1816.6650039326914
110337076.75312589,1816.681761571429
110342552.95002057,1816.7388227175823
110348029.06665193,1816.7638349239564
110353505.13135542,1816.7510725385414
110358981.19873479,1816.7115278582282
110364457.4828992,1816.668038848557
110369933.76269609,1816.5698700876358
110375410.07407878,1816.533587780541
110380886.37299876,1816.527786811504
110386362.52088812,1816.5570271613624
110391838.62693293,1816.590529233422
110397314.67084375,1816.5994721750128
110402790.5752256,1816.5762378786449
110408266.62989135,1816.5063832082833
110413742.85498638,1816.407611680292
110419219.10779566,1816.4395523565688
110424695.22638297,1816.4840281846039
110430171.2460513,1816.5250365010957
110435647.19862926,1816.5447409223882
110441123.10185875,1816.5050360232103
110446599.05803668,1816.4484051389568
110452075.21197239,1816.3948586803183
110457551.34205478,1816.2847059658855
110463027.51343265,1816.2666697476948
110468503.63550547,1816.2697346817924
110473979.61821881,1816.2852478421007
110479455.56583416,1816.313348439871
110484931.42591347,1816.3143336030794
110490407.17179343,1816.2752865508123
110495883.11860305,1816.167821577882
110501359.21548256,1816.1098832461262
110506835.26124911,1816.1454245503696
110512311.18962307,1816.1781082559621
110517787.02954914,1816.2206201924198
110523262.77951491,1816.213647053638
110528738.49471886,1816.184371219634
110534214.3094057,1816.103204620002
110539690.27588093,1816.0344800670882
110545166.22631072,1815.9295570999614
110550642.21080227,1815.895532654747
110556118.11449882,1815.901245533176
110561593.8900088,1815.9116871368853
110567069.65963602,1815.9251933536054
110572545.29814483,1815.9050850912163
110578020.89230256,1815.853294319562
110583496.71326753,1815.7250980958868
110588972.64180951,1815.6680406880137
110594448.5197515,1815.6990875112544
110599924.24725991,1815.7002048480042
110605399.94164483,1815.7331794173972
110610875.55254477,1815.6959069682644
110616351.12937056,1815.6497940684305
110621826.8844809,1815.5776788662306
110627302.69387065,1815.4804397490614
110632778.54419166,1815.3941052564687
110638254.38479824,1815.3536642001798
110643730.11392657,1815.3625086432864
110649205.75168745,1815.355928747017
110654681.35856578,1815.3673547255135
110660156.82925995,1815.3243214621998
110665632.3340937,1815.2547497389828
110671108.0449614,1815.1205908910542
110676583.83558914,1815.1053289913746
110682059.53490439,1815.1130247177234
110687535.11091769,1815.1357350309374
110693010.61734125,1815.1462501359053
110698486.0671977,1815.1074625753818
110703961.50068067,1815.0261834799685
110709437.15826052,1814.9553564210823
110714912.80784217,1814.8377024502788
110720388.49512926,1814.7640501148906
110725864.16983539,1814.7226165298284
110731339.70137644,1814.72702838746
110736815.19999972,1814.725342772737
110742290.62150736,1814.7154546016993
110747765.8980585,1814.6656291171323
110753241.29187836,1814.575825340528
110758716.86716409,1814.4281378176397
110764192.5049998,1814.4337612979584
110769667.98988207,1814.450085933186
110775143.38503097,1814.4635208335612
110780618.69599397,1814.4647202892893
110786093.94551633,1814.4029071415882
110791569.21869935,1814.3203200254552
110797044.70315127,1814.2361009208207
110802520.17238414,1814.0934243641514
110807995.68441667,1814.027880753558
110813471.1642098,1813.9925415544978
110818946.48714429,1813.9768608327017
110824421.79483214,1813.9770152032543
110829897.0221348,1813.9444926795027
110835372.11358826,1813.8803573006523
110840847.38300805,1813.7603881664497
110846322.83055575,1813.6360073421993
110851798.2737315,1813.6144453694028
110857273.5971666,1813.6244021385546
110862748.81460634,1813.6074889618412
110868223.98125036,1813.585527902418
110873699.10813963,1813.5160189938142
110879174.29933907,1813.4156860442683
110884649.67588335,1813.3271151071383
110890125.00993368,1813.1815416989857
110895600.40135743,1813.1165086152746
110901075.73150809,1813.0887992013554
110906550.89998792,1813.0685028445732
110912026.06265868,1813.0515604349234
110917501.11581896,1813.007859153968
110922976.09247327,1812.9291530575929
110928451.28560747,1812.7747686494972
110933926.60125254,1812.692017190619
110939401.86953372,1812.6893163445473
110944877.00525138,1812.6824616942436
110950352.07143745,1812.67945846288
110955827.05249049,1812.620482574989
110961302.01273967,1812.5523780633775
110966777.11210926,1812.430903585238
110972252.33019939,1812.313836044396
110977727.5439891,1812.1938194027252
110983202.75668037,1812.124821770178
110988677.88760187,1812.092502473662
110994152.89083748,1812.0649427081219
110999627.89512499,1812.0475514664
111005102.74342082,1811.9820870036374
111010577.58373466,1811.8889567049196
111016052.64839202,1811.727234871084
111021527.79340144,1811.6572016201178
111027002.88262857,1811.6406364769139
111032477.81909199,1811.6414669611772
111037952.70217818,1811.6311425597542
111043427.49237902,1811.5652326964055
111048902.25368918,1811.466996716521
111054377.21785603,1811.3618179400291
111059852.1966312,1811.2082299672181
111065327.2337035,1811.0920857455612
111070802.25711977,1811.0160428902468
111076277.15707289,1810.9904656940641
111081751.98468266,1810.9467925774359
111087226.7770921,1810.9176190297144
111092701.42150703,1810.8337846007155
111098176.1327795,1810.7178677137333
111103651.04520953,1810.5469637651674
111109126.04022884,1810.4999039885377
111114600.90831836,1810.456678235135
111120075.69228631,1810.4425941668335
111125550.38777079,1810.3964480109514
111131025.04169548,1810.3178097521145
111136499.69823745,1810.1999893557904
111141974.5723754,1810.093726405775
111147449.43660997,1809.9252668716824
111152924.33296387,1809.819210491455
111158399.21894002,1809.7430983219665
111163873.9587857,1809.7088387742892
111169348.64861141,1809.673006870182
111174823.27418222,1809.6152011887257
111180297.76172024,1809.523888495297
111185772.40093711,1809.3901576565534
111191247.21070002,1809.2142774147571
111196722.05176488,1809.1866122928593
111202196.74528812,1809.1615511072641
111207671.35340531,1809.1340250931257
111213145.8802066,1809.0844446238175
111218620.36118095,1808.9820730922977
111224094.89441593,1808.8543716762454
111229569.63012786,1808.7277730352491
111235044.35693228,1808.541408342388
111240519.12081605,1808.4478592142302
111245993.83206682,1808.3834355059207
111251468.39764674,1808.3253328067658
111256942.93433404,1808.2889854799917
111262417.39109193,1808.2182735882957
111267891.71836852,1808.113990672664
111273366.24610789,1807.9363872530569
111278840.93205716,1807.8019714146358
111284315.57433638,1807.7637444853826
111289790.10121112,1807.720986785631
111295264.54264402,1807.69647606326
111300738.90639131,1807.622870040187
111306213.21737836,1807.5258444181661
111311687.62796748,1807.3803375074128
111317162.18550457,1807.2465960827333
111322636.70775458,1807.0615916861143
111328111.28325124,1806.958004246924
111333585.78361197,1806.8962203533422
111339060.14436951,1806.8396892853211
111344534.49147023,1806.786024664922
111350008.72311272,1806.6994787096965
111355482.8993473,1806.578723341527
111360957.2919645,1806.3728874911196
111366431.80644956,1806.2715686268075
111371906.25751247,1806.2237466402783
111377380.56067418,1806.1763731767257
111382854.82752544,1806.1335237930891
111388328.997107,1806.0205849102904
111393803.15228303,1805.9116676209906
111399277.482673,1805.756081006213
111404751.87704067,1805.5906193696915
111410226.30423175,1805.4303802408358
111415700.72599015,1805.3194684481657
111421175.0418332,1805.2565558709748
111426649.26611525,1805.1909907843701
111432123.45023808,1805.1332430154944
111437597.49557503,1805.0246505120124
111443071.56818274,1804.8874230662984
111448545.86326271,1804.6869476914649
111454020.22400856,1804.5909922166159
111459494.5064323,1804.534839676314
111464968.64407307,1804.4903083087224
111470442.73034416,1804.432619468873
111475916.73816586,1804.3204707269956
111481390.73281136,1804.1776158893847
111486864.95280758,1804.0295771456847
111492339.15943383,1803.8250596877776
111497813.44852455,1803.6763430481647
111503287.70838793,1803.5636092037632
111508761.83148025,1803.5015895123695
111514235.9070464,1803.4204898453063
111519709.91840988,1803.3475160262035
111525183.79036595,1803.2246833114614
111530657.75742516,1803.0660305384695
111536131.89849022,1802.8487839673594
111541606.12171094,1802.7763404290536
111547080.19553652,1802.7185446301505
111552554.18051527,1802.647580951924
111558028.09811547,1802.5811512983994
111563501.96395247,1802.4522108059834
111568975.83200946,1802.302012598741
111574449.91770461,1802.155324475681
111579923.96711966,1801.9411201489515
111585398.0493353,1801.7988042460124
111590872.11792493,1801.6879176091638
111596346.0301102,1801.613038252342
111601819.91201356,1801.5448851702415
111607293.7081378,1801.4472009019273
111612767.37562329,1801.312954722288
111618241.21685797,1801.1326105437163
111623715.20836431,1800.926869764324
111629189.22313726,1800.8673137193823
111634663.0661946,1800.8004478979499
111640136.84020136,1800.7394195769998
111645610.53488304,1800.6394571407832
111651084.18285914,1800.490857765736
111656557.91190708,1800.325139944989
111662031.82243378,1800.1468540685314
111667505.71298334,1799.9236463657815
111672979.65210883,1799.786164175072
111678453.5353907,1799.6819007508957
111683927.2563715,1799.589393358081
111689400.97783855,1799.5153578686588
111694874.57431617,1799.4019221440903
111700348.08272119,1799.2550966502
111705821.80743387,1799.0291534582357
111711295.673663,1798.8610930556486
111716769.48452044,1798.7794263005533
111722243.17703335,1798.6914014397155
111727716.79471326,1798.6204449295687
111733190.33867933,1798.4943862261207
111738663.84285273,1798.352736771335
111744137.4817476,1798.166160677186
111749611.23556122,1797.9738928131142
111755084.95999129,1797.757236326599
111760558.74078505,1797.6115417961312
111766032.43515086,1797.5161376550445
111771505.99237011,1797.4222722815214
111776979.53135161,1797.3247911158262
111782452.9405485,1797.1949150733183
111787926.32554013,1797.0324018318474
111793399.93166381,1796.780383581162
111798873.63074657,1796.656873480098
111804347.25162914,1796.5574736080193
111809820.7319777,1796.4863881012277
111815294.15559888,1796.3862344155918
111820767.512322,1796.249142795821
111826240.8481743,1796.0821118069434
111831714.36943303,1795.9044660384968
111837187.91652331,1795.6866192147759
111842661.49278863,1795.4923330822703
111848135.05945478,1795.3399315156867
111853608.5089035,1795.2374196102614
111859081.8822123,1795.137320256645
111864555.20521688,1795.0390242081683
111870028.37811373,1794.8895493681782
111875501.60585876,1794.7067056436108
111880975.0508599,1794.4599741683244
111886448.55005778,1794.3378842899888
111891921.9596417,1794.229515643718
111897395.22488901,1794.1453215025003
111902868.45086974,1794.0476139550785
111908341.58998692,1793.8868731198588
111913814.73017426,1793.6970908073476
111919288.10713556,1793.5136296530977
111924761.43245645,1793.2500686268202
111930234.84646143,1793.0662535780048
111935708.23681109,1792.9121598879026
111941181.48525529,1792.803092037324
111946654.68020362,1792.691830265762
111952127.82327603,1792.5750521063487
111957600.80199395,1792.4107037943868
111963073.91317582,1792.1995449754293
111968547.22776455,1791.9351151921803
111974020.57751179,1791.8134214011839
111979493.79587641,1791.711690616494
111984966.92465194,1791.5906008039888
111990440.00102818,1791.4736956259455
111995913.03599273,1791.2998215469968
112001386.09648368,1791.1018298479482
112006859.36930868,1790.9091063837243
112012332.59139398,1790.6399421718638
112017805.85360056,1790.4651754522067
112023279.09210254,1790.3182659065137
112028752.18084781,1790.2011921819633
112034225.23021583,1790.0943503400551
112039698.18661466,1789.9530623150133
112045171.02037981,1789.7768062567238
112050644.04933977,1789.5499640583796
112056117.21107857,1789.3067178308227
112061590.3907108,1789.2061871544254
112067063.38501218,1789.092657832583
112072536.33260174,1788.9888031454193
112078009.18325622,1788.8312073532322
112083482.00716634,1788.6596412802753
112088954.92573315,1788.4359164213179
112094427.99793097,1788.22927225079
112099901.03558688,1787.9612874727857
112105374.10696846,1787.7811355028475
112110847.11612031,1787.631293408033
112116319.98437831,1787.4941519289846
112121792.85777263,1787.3811979556529
112127265.59041542,1787.2232877279935
112132738.25059935,1787.0327549967728
112138211.13728425,1786.7597423064292
112143684.14656082,1786.5522385360684
112149157.10774362,1786.4306250601428
112154629.92657717,1786.291871144152
112160102.70370206,1786.184588105629
112165575.39399698,1786.0038478495014
112171048.04217856,1785.8199624569172
112176520.86032821,1785.5931286170683
112181993.74469717,1785.3510405402335
112187466.60710092,1785.097892107677
112192939.51573849,1784.908842875624
112198412.33824036,1784.7758194692274
112203885.03729722,1784.6322359380179
112209357.70727453,1784.5074049455022
112214830.2418216,1784.3297382344083
112220302.76692179,1784.1200793133028
112225775.51552393,1783.8342054935745
112231248.36845674,1783.6451200933766
112236721.13619372,1783.511731582628
112242193.76181057,1783.397584943085
112247666.327584,1783.2608139892732
112253138.83393069,1783.0771306137885
112258611.32492852,1782.8598489330263
112264084.02332155,1782.640764841437
112269556.72509041,1782.3581247098955
112275029.46154602,1782.1198140129584
112280502.1935801,1781.9253813315052
112285974.80486114,1781.7839064121104
112291447.36244327,1781.6338335374476
112296919.8548498,1781.4887724072316
112302392.20353384,1781.298435180034
112307864.62215374,1781.0702501245312
112313337.2448329,1780.767661485069
112318809.936016,1780.6094452640157
112324282.5176303,1780.4431158812786
112329754.9809662,1780.3225881461465
112335227.38749138,1780.164419509934
112340699.72482707,1779.960950325553
112346172.0794946,1779.7386347687182
112351644.65721557,1779.5048870157507
112357117.18929791,1779.204908370007
112362589.76632531,1778.9733751344731
112368062.33203092,1778.7782162694502
112373534.74876624,1778.6216735127023
112379007.1365256,1778.469244617464
112384479.4597915,1778.2975024335724
112389951.63192661,1778.087971189413
112395423.95936902,1777.8316728045725
112400896.47964473,1777.532822373338
112406369.008941,1777.3808974954113
112411841.40398423,1777.2356603775593
112417313.71018794,1777.0901495919697
112422785.94715898,1776.9248387707432
112428258.13625315,1776.6991295620053
112433730.38416989,1776.4593559688803
112439202.83426736,1776.2049434440828
112444675.23598751,1775.8863029096713
112450147.69168957,1775.671218541119
112455620.10218538,1775.4863522098992
112461092.37370546,1775.3205658970287
112466564.61013034,1775.167206520452
112472036.75970916,1774.9872055515434
112477508.77925901,1774.765490084357
112482981.00824818,1774.4662114760933
112488453.38876654,1774.214441427011
112493925.73184995,1774.0470386317693
112499397.95243815,1773.8930739937778
112504870.07780948,1773.7522279775324
112510342.13130894,1773.5600222288176
112515814.13245142,1773.3434732242822
112521286.24889663,1773.0759733868172
112526758.49391481,1772.8161195280552
112532230.70370378,1772.4885342889415
112537702.96362206,1772.2621956713097
112543175.15455218,1772.080623454124
112548647.2133613,1771.90382847526
112554119.26578769,1771.733279225768
112559591.1933825,1771.530051493691
112565063.06308034,1771.2921925675555
112570535.1574285,1770.9605351174594
112576007.36501816,1770.7385173608593
112581479.51964372,1770.5640300573123
112586951.52125742,1770.3967143045297
112592423.48882903,1770.2374370629636
112597895.35935377,1770.0014674875347
112603367.21471652,1769.7735900037148
112608839.2585627,1769.4971115976648
112614311.33990456,1769.1963238816566
112619783.4506879,1768.9038776452423
112625255.56058156,1768.667525331583
112630727.5731992,1768.4823191302394
112636199.49293347,1768.2994619878104
112641671.37954682,1768.1213959560182
112647143.12218921,1767.8976256089363
112652614.88541761,1767.6398565192353
112658086.87829016,1767.310499785077
112663558.95402583,1767.0844529297133
112669030.93724132,1766.9084014998193
112674502.76881607,1766.7452757812782
112679974.55747466,1766.5673076553217
112685446.26199408,1766.3327770627257
112690917.95853475,1766.0697718081988
112696389.88234028,1765.8031783445172
112701861.77449818,1765.4502589500585
112707333.74696943,1765.1705309531662
112712805.69944465,1764.930822511846
112718277.51678485,1764.7467603370633
112723749.28321983,1764.5489577160042
112729220.99452004,1764.3575208409572
112734692.55783424,1764.11532165797
112740164.2121402,1763.833393830291
112745636.04732645,1763.5025573607538
112751107.96743934,1763.2950822498208
112756579.72801436,1763.1138822561813
112762051.40120995,1762.921680409571
112767523.00442669,1762.7333547359367
112772994.56180954,1762.4787823917122
112778466.12662522,1762.2051358394986
112783937.9193912,1761.9289518907353
112789409.64244656,1761.5709193102211
112794881.41424651,1761.3006959623947
112800353.17438805,1761.061384212142
112805824.7869829,1760.8703294216302
112811296.36767939,1760.679015640976
112816767.8607473,1760.4688584548294
112822239.211474,1760.2142200436977
112827710.73511194,1759.9068045350377
112833182.43507713,1759.5710942498708
112838654.15117341,1759.3873475101648
112844125.68477063,1759.198192994195
112849597.16629538,1759.0088756167875
112855068.5347553,1758.7847543639707
112860539.87743384,1758.5247356641785
112866011.29803585,1758.2301643648639
112871482.89430422,1757.9196205236653
112876954.45968303,1757.549787088088
112882426.06840765,1757.265152485472
112887897.64269589,1757.035008231927
112893369.05580951,1756.8229613084861
112898840.47748263,1756.631251560851
112904311.77265641,1756.395506227572
112909782.96743761,1756.1276739522643
112915254.3790674,1755.7795127087966
112920725.92286655,1755.468599896735
112926197.45573092,1755.251058291496
112931668.84382758,1755.0310470342351
112937140.17799546,1754.842164427869
112942611.43626824,1754.5839500480372
112948082.66489673,1754.3175571068332
112953554.03522703,1754.0073185794129
112959025.50035314,1753.6845736746986
112964496.93569247,1753.3245544703075
112969968.40275474,1753.047247790673
112975439.8124243,1752.8229087176671
112980911.07995847,1752.5969680640696
112986382.34117046,1752.3983879070304
112991853.45379952,1752.1487874503332
112997324.526226,1751.8595075870403
113002795.825685,1751.4845260004447
113008267.25187215,1751.2396722719309
113013738.5522007,1751.015300303615
113019209.74857506,1750.8030583125371
113024680.85500516,1750.591814946279
113030151.90122935,1750.3277121618607
113035622.92486793,1750.0332010818981
113041094.14091295,1749.7257346599085
113046565.37817737,1749.3491792720783
113052036.63380347,1749.0079347729368
113057507.90158038,1748.7217820181334
113062979.06742227,1748.4903046366628
113068450.1560939,1748.2566469124715
113073921.20338312,1748.0298148813858
113079392.10466672,1747.763109281597
113084863.03177904,1747.4550727845203
113090334.17469396,1747.0578821034371
113095805.42879488,1746.7974857411714
113101276.55561078,1746.5539137496194
113106747.57243654,1746.3472172556956
113112218.52126203,1746.1066963184348
113117689.41523845,1745.8293820846818
113123160.30755539,1745.5136527724233
113128631.41844523,1745.207950031465
113134102.4855585,1744.8054298632399
113139573.58452444,1744.4769522664087
113145044.69257054,1744.1885834869768
113150515.65739816,1743.9482979480774
113155986.58760999,1743.7268622733104
113161457.44549674,1743.4854657903848
113166928.13991627,1743.2015419344573
113172398.95435731,1742.871098016874
113177869.97816217,1742.4735844116215
113183341.03680766,1742.2454441293864
113188811.94330116,1741.9987144840286
113194282.77674377,1741.7803050742486
113199753.51119466,1741.5383607021186
113205224.19878307,1741.2334706126148
113210694.9207886,1740.9067463522147
113216165.86604197,1740.5671315446925
113221636.73551525,1740.1422451318551
113227107.67241314,1739.8167404640851
113232578.58689252,1739.5337312503261
113238049.34614152,1739.278745311277
113243520.09922539,1739.0412848933954
113248990.76988252,1738.774427524879
113254461.29153688,1738.4703769159912
113259931.98964436,1738.1060582460655
113265402.88570823,1737.7211511645398
113270873.75307046,1737.472435098116
113276344.49800675,1737.2281654602457
113281815.14630274,1736.972264790724
113287285.74055488,1736.7056419896621
113292756.2964065,1736.3876380555516
113298226.92924452,1736.0447719560675
113303697.74700043,1735.6904494495586
113309168.48351122,1735.2468385012053
113314639.28145638,1734.9253067857646
113320110.04309048,1734.6521506231961
113325580.65418252,1734.384845677584
113331051.25756373,1734.1409372782562
113336521.74548373,1733.8549003263518
113341992.13702461,1733.5338663023279
113347462.75471121,1733.132661285646
113352933.51140288,1732.8085060472288
113358404.21100016,1732.5400441690276
113363874.77396674,1732.2947897766903
113369345.25218543,1732.050815570445
113374815.65319496,1731.7487634099552
113380286.02268319,1731.4326507907913
113385756.54867917,1731.064290202253
113391227.16170678,1730.6710163252023
113396697.7584058,1730.2243587168905
113402168.40814666,1729.894801839601
113407638.98034263,1729.6227750517378
113413109.4394062,1729.3524125097115
113418579.89116469,1729.0906758873764
113424050.19002579,1728.7873554060225
113429520.46020883,1728.4539479281016
113434990.96907002,1728.0223163184785
113440461.55471957,1727.712195447029
113445932.0847267,1727.4313820252953
113451402.45091522,1727.178357994382
113456872.78558068,1726.906905430717
113462343.0334487,1726.586295487402
113467813.27535059,1726.246643121031
113473283.71443619,1725.8862932471184
113478754.1513116,1725.4512962194945
113484224.59948653,1725.052907175736
113489695.06671554,1724.7140411510973
113495165.43082142,1724.43430517771
113500635.71407264,1724.1649121444395
113506105.96024126,1723.8924225440473
113511576.0413633,1723.5726805875354
113517046.17402573,1723.2121061726984
113522516.53044732,1722.7833876296222
113527986.95960219,1722.4800526020356
113533457.27210698,1722.1977624225792
113538927.4374216,1721.940047300023
113544397.56923015,1721.6649470779969
113549867.60387889,1721.3223186495945
113555337.65018122,1720.957566474916
113560807.94214356,1720.5898253966411
113566278.15861568,1720.0873422231527
113571748.46076834,1719.7047803796331
113577218.76036987,1719.3651037849913
113582688.92308368,1719.080402456575
113588159.03175856,1718.801053283741
113593629.09044138,1718.515811958431
113599098.97709711,1718.1747937972625
113604568.98957403,1717.7830277329597
113610039.21912926,1717.3419359292361
113615509.467151,1717.0498840880255
113620979.58532792,1716.7472715413983
113626449.61181834,1716.4536936618283
113631919.5819891,1716.154771643046
113637389.51752582,1715.798195032583
113642859.49058338,1715.4165297584368
113648329.68503441,1715.0296825908613
113653799.78061725,1714.531765596576
113659269.94401407,1714.1549266933812
113664740.09373915,1713.8229686242835
113670210.09524515,1713.5296931906444
113675680.07369205,1713.2424847045259
113681149.96216461,1712.9419705571852
113686619.6972941,1712.5884802036996
113692089.62627724,1712.1641383424692
113697559.72357069,1711.745377175895
113703029.8231431,1711.4612117197548
113708499.73016797,1711.1698978912113
113713969.59652717,1710.872419020267
113719439.35228007,1710.5410400862438
113724909.08720815,1710.189019686146
113730378.92605022,1709.7812503496596
113735848.90442,1709.3638443910115
113741318.82933523,1708.852282661728
113746788.80622193,1708.4718206796713
113752258.7468171,1708.1439717402561
113757728.55388364,1707.8280267041173
113763198.35627694,1707.5300658993533
113768668.03503291,1707.1940040401378
113774137.6195709,1706.8245625989211
113779607.42842545,1706.3698951409358
113785077.35870819,1705.9738600622586
113790547.2664851,1705.6585658140402
113796017.01087576,1705.353725969585
113801486.70521238,1705.0610721235196
113806956.3068514,1704.6947872057913
113812425.89128463,1704.3303250010306
113817895.64942434,1703.90824529063
113823365.4648543,1703.451178503956
113828835.28098562,1702.9668780425643
113834305.10230033,1702.5806405471799
113839774.86682162,1702.2581944119456
113845244.50942725,1701.9292882184384
113850714.15158759,1701.6392513118708
113856183.6240724,1701.28397340169
113861653.06930116,1700.8944930356365
113867122.7568695,1700.416416113852
113872592.55032566,1700.0333729761298
113878062.25806314,1699.7185718918765
113883531.80638653,1699.4039570154337
113889001.32753001,1699.0951036845995
113894470.7419112,1698.7170653660237
113899940.1522506,1698.32494895901
113905409.77846265,1697.9070010524404
113910879.37402903,1697.3792134304533
113916349.00797318,1696.9144866950107
113921818.66932704,1696.5194344560182
113927288.22723816,1696.1929886781354
113932757.70622422,1695.8589627045337
113938227.15918803,1695.536526590729
113943696.44358703,1695.162686148074
113949165.78209126,1694.7444244614496
113954635.3355745,1694.2679325277882
113960104.96997038,1693.9122324481589
113965574.4627145,1693.5888921630724
113971043.82853894,1693.268585012432
113976513.13725771,1692.9349098520438
113981982.39632991,1692.5432095090782
113987451.65989292,1692.114153577025
113992921.16762182,1691.6947121791316
113998390.61658856,1691.1129769465267
114003860.11280489,1690.6659208131946
114009329.62325327,1690.2698221876494
114014798.99787223,1689.9391829650185
114020268.34549151,1689.6080274463525
114025737.6131164,1689.2710229865631
114031206.71399775,1688.8791448182333
114036675.9450433,1688.4268324110494
114042145.38631979,1687.9401399586302
114047614.8556501,1687.606653376273
114053084.16636676,1687.2467934644937
114058553.40169777,1686.9057623189724
114064022.54766211,1686.5460805651232
114069491.66189107,1686.1429385221304
114074960.82275291,1685.7055295115176
114080430.19332205,1685.2526445346805
114085899.46680918,1684.6750874682052
114091368.81210734,1684.2246372228237
114096838.15799144,1683.8352666527326
114102307.34514293,1683.497467933712
114107776.52642116,1683.1653605451966
114113245.59444493,1682.8007393083294
114118714.5288223,1682.3949600498684
114124183.656998,1681.9306403558974
114129652.93335383,1681.452485541166
114135122.19398054,1681.1388665596478
114140591.2744493,1680.7758764744376
114146060.30834158,1680.4467409933227
114151529.23445353,1680.0489033393706
114156998.13238555,1679.6386646657334
114162467.1570121,1679.1774291565694
114167936.30857924,1678.682761891611
114173405.40963224,1678.1045876012024
114178874.55335149,1677.6577058039964
114184343.66505705,1677.2694896012167
114189812.65020551,1676.9046725678586
114195281.63328844,1676.57304500911
114200750.47363287,1676.1864127362073
114206219.2143121,1675.7630548584987
114211688.17929687,1675.2495567882363
114217157.28034277,1674.7981611113503
114222626.33819269,1674.4307021685077
114228095.22973229,1674.0585291525679
114233564.08082595,1673.712742353394
114239032.83664097,1673.2851056244433
114244501.56589,1672.8634130488163
114249970.48269284,1672.3925173529174
114255439.42688397,1671.8546696550309
114260908.36548074,1671.298977231195
114266377.34477618,1670.8452407145958
114271846.2661884,1670.482428000037
114277315.06356078,1670.0999601776568
114282783.83593224,1669.761204223917
114288252.45645279,1669.3569256946573
114293721.04500389,1668.9092047336828
114299189.8656,1668.371227606769
114304658.80664603,1667.9678582904326
114310127.62848413,1667.5965562104207
114315596.3059264,1667.221397013778
114321064.94970928,1666.8620874553428
114326533.48941869,1666.4226223868882
114332002.02509291,1665.9661299386787
114337470.80039808,1665.4844584905454
114342939.5341354,1664.8691387958893
114348408.30142686,1664.3251345728308
114353877.10529338,1663.8673548785328
114359345.80559434,1663.488400625753
114364814.43800049,1663.0988723033602
114370283.03677987,1662.7232404724627
114375751.46306196,1662.3007448888318
114381219.93883546,1661.823696663957
114386688.62757269,1661.2659278301708
114392157.42386065,1660.8678340701701
114397626.04707174,1660.469224561983
114403094.58336502,1660.0946974787416
114408563.03745806,1659.6869305336836
114414031.4473645,1659.240938615304
114419499.87316664,1658.7599960178625
114424968.53569338,1658.2733073376783
114430437.13137127,1657.6247437653028
114435905.76690854,1657.0991351960831
114441374.42570579,1656.6411450415285
114446842.94411612,1656.2554073674246
114452311.44483972,1655.878151226989
114457779.85684066,1655.484459932014
114463248.10389009,1655.0410768854802
114468716.48429632,1654.531553478976
114474185.05653295,1653.993004457302
114479653.66124597,1653.6206499815512
114485122.09612837,1653.203832477863
114490590.45693275,1652.8207770688668
114496058.71462227,1652.3978020416203
114501526.93634604,1651.9366609026806
114506995.21815677,1651.440579351777
114512463.70666818,1650.9114508985263
114517932.09885049,1650.2434883061976
114523400.56927305,1649.7166665942266
114528869.04597174,1649.2663768375771
114534337.35706581,1648.8669549773485
114539805.67998819,1648.488261348943
114545273.88358961,1648.0662946011678
114550741.94570684,1647.6060181907196
114556210.2001348,1647.081216261565
114561678.61614844,1646.5468733151863
114567146.99360944,1646.1733110519212
114572615.21403669,1645.7466249792033
114578083.3733041,1645.3663471593193
114583551.43880382,1644.9071792403504
114589019.4704286,1644.4365554404326
114594487.64017564,1643.918631227615
114599955.93376336,1643.340409276822
114605424.17078984,1642.681522931657
114610892.45526539,1642.1614039056317
114616360.71577087,1641.7167201323464
114621828.84127447,1641.304266379424
114627296.96209665,1640.926018602238
114632764.94066936,1640.49115775286
114638232.81010017,1640.011664067527
114643700.90303178,1639.4363798544396
114649169.14008556,1638.9354731347187
114654637.31550863,1638.5166927327577
114660105.32649451,1638.0852363868846
114665573.29540025,1637.6808092517165
114671041.16997406,1637.1966926056257
114676509.01133369,1636.7147479011858
114681977.04859157,1636.1869283434476
114687445.10475098,1635.5616293712176
114692913.14856268,1634.918291522571
114698381.25578935,1634.3935304107777
114703849.30403207,1633.9790382742412
114709317.23204774,1633.5464266708607
114714785.12498827,1633.1547651303194
114720252.87061653,1632.7009265987035
114725720.57768926,1632.196132149607
114731188.51519871,1631.5933032625644
114736656.56326573,1631.1536370837196
114742124.4889001,1630.7238699845568
114747592.28239998,1630.2910062943088
114753060.03321534,1629.8752513302575
114758527.68341464,1629.3745414675764
114763995.33041005,1628.860634967233
114769463.22980137,1628.3145983626525
114774931.07441011,1627.6121717531366
114780398.95509616,1626.9794350855625
114785866.87980981,1626.4551762627696
114791334.70170829,1626.0245253459243
114796802.457716,1625.5833435050029
114802270.1775179,1625.158505573528
114807737.71775565,1624.686959732669
114813205.30228302,1624.152515542492
114818673.10326535,1623.5262833391405
114824141.00803912,1623.0848020205397
114829608.73436064,1622.6233546648755
114835076.38222001,1622.1923006033737
114840543.94218351,1621.725115645475
114846011.45589174,1621.2203760609927
114851478.98825227,1620.6844112531176
114856946.76353972,1620.1303599917887
114862414.45547462,1619.3948073049116
114867882.19499815,1618.7896371520117
114873349.96587871,1618.267887927319
114878817.59479105,1617.828852207592
114884285.20559227,1617.409364330449
114889752.72637078,1616.9643254276034
114895220.07603914,1616.4737550790744
114900687.55426909,1615.905056535159
114906155.21711855,1615.3062367566797
114911622.91929476,1614.8829197332939
114917090.44900143,1614.4157837264993
114922557.9006975,1613.9785091669744
114928025.24751882,1613.4931958273107
114933492.55688696,1612.9766073417666
114938959.93170099,1612.4237347100857
114944427.51355982,1611.8228098397294
114949894.99341138,1611.0551377693891
114955362.55680583,1610.4551349910523
114960830.13502117,1609.9440348510573
114966297.54440501,1609.4934333852932
114971764.96673366,1609.068148733455
114977232.26367743,1608.5966709629247
114982699.41259544,1608.0870710027336
114988166.75394014,1607.5028176744022
114993634.24654329,1606.9123818203898
114999101.71210226,1606.4876211017288
115004569.00971727,1606.0066360221908
115010036.24857187,1605.573350402011
115015503.38792871,1605.0543994368577
115020970.49427187,1604.528192585535
115026437.74428399,1603.9533710915462
115031905.12438017,1603.29346828515
115037372.43540666,1602.5406800172452
115042839.80665088,1601.9444117006205
115048307.15735382,1601.4391740236829
115053774.36809999,1600.981995218088
115059241.58103459,1600.554091424968
115064708.64656064,1600.0766918479421
115070175.59102446,1599.5458047623922
115075642.7571985,1598.9058332121015
115081110.0686068,1598.3432290572464
115086577.31492114,1597.878579634487
115092044.39397591,1597.3908670263686
115097511.43845205,1596.9274014031228
115102978.37967789,1596.3828632464238
115108445.29681669,1595.8473884199643
115113912.41126032,1595.2607028939283
115119379.5471945,1594.545641377215
115124846.669315,1593.8260652610145
115130313.84844443,1593.2304512266069
115135780.97918263,1592.7573860876487
115141247.97763203,1592.2777550771673
115146714.95141207,1591.8428484263688
115152181.76777361,1591.3410951242715
115157648.53393076,1590.78243500217
115163115.53168674,1590.1194255710695
115168582.67123146,1589.583728849451
115174049.67258771,1589.1017039758974
115179516.54327008,1588.6199450850531
115184983.36627938,1588.1481155386293
115190450.08165604,1587.5895565229998
115195916.79162887,1587.027491132727
115201383.76072325,1586.4213150144344
115206850.65842041,1585.6222347603193
115212317.61227576,1584.8947518604587
115217784.61446309,1584.3015035849396
115223251.51514788,1583.8243318648122
115228718.34014125,1583.3307026504833
115234185.1360895,1582.8640948460127
115239651.74486183,1582.3411339079198
115245118.3890986,1581.7511665112067
115250585.2566308,1581.073774349909
115256052.20298988,1580.5783083960403
115261518.98927392,1580.0762372034173
115266985.67633073,1579.5855954373483
115272452.2863664,1579.078106176692
115277918.85009196,1578.511678278249
115283385.4235517,1577.9157820151024
115288852.2572228,1577.2982672492406
115294318.98867086,1576.4526934319945
115299785.78434235,1575.7640719071403
115305252.61767654,1575.1770073736006
115310719.31168897,1574.6895387487896
115316185.9781587,1574.1988811747094
115321652.56739084,1573.710712583668
115327118.97084285,1573.17761031064
115332585.49149708,1572.54936866591
115338052.20472018,1571.875659466315
115343518.96024217,1571.378613186889
115348985.55210385,1570.8673938361019
115354452.05806445,1570.3581876799783
115359918.47434263,1569.8153188640345
115365384.85113004,1569.2466348773094
115370851.28781523,1568.6405959404992
115376317.93905646,1567.977274102612
115381784.47583374,1567.1002148392113
115387251.09841688,1566.4279109302643
115392717.7468089,1565.8553381110935
115398184.23062025,1565.3610678787632
115403650.70785013,1564.8861726205093
115409117.0642437,1564.3811482097815
115414583.25760667,1563.8264208105395
115420049.6457239,1563.1764039565726
115425516.16656877,1562.5292355715117
115430982.70261663,1562.0501974615615
115436449.02513254,1561.5290997447191
115441915.31525604,1561.035136127346
115447381.4755408,1560.4606290075826
115452847.61006166,1559.8859205006065
115458313.88332227,1559.2541545781382
115463780.27086656,1558.537974165614
115469246.5917229,1557.674691076716
115474712.99368893,1557.0005768318713
115480179.3797126,1556.43812606483
115485645.61263998,1555.9343237460052
115491111.8548252,1555.4392847513054
115496577.95633788,1554.9238610650596
115502043.92400375,1554.3456605233036
115507510.11407968,1553.635499829069
115512976.43860897,1553.003793974878
115518442.71076086,1552.4974566038363
115523908.80894838,1551.967686524713
115529374.87962809,1551.4450038973732
115534840.83794059,1550.845724225493
115540306.78315298,1550.2594044213024
115545772.92326786,1549.604172111227
115551239.10048103,1548.8076660963025
115556705.26255928,1547.9870191233067
115562171.46921729,1547.3163380024525
115567637.63324404,1546.7665402002235
115573103.66333844,1546.2434905224366
115578569.69867273,1545.7600374907993
115584035.5482161,1545.215168812401
115589501.33507095,1544.6107088773517
115594967.37131605,1543.8767139695426
115600433.5310951,1543.2542927428765
115605899.5755626,1542.7243989077635
115611365.45187867,1542.1892907151978
115616831.31066349,1541.6551821916937
115622297.05598387,1541.0376693503263
115627762.79834338,1540.4343393070724
115633228.79061738,1539.7752640244348
115638694.70486037,1538.9069940124907
115644160.67620452,1538.0842400915808
115649626.69900374,1537.4198126964893
115655092.61994773,1536.889782519178
115660558.45158572,1536.3591243985497
115666024.25933906,1535.8610130341765
115671489.87106994,1535.2950153325078
115676955.51024722,1534.6557481286693
115682421.38577464,1533.930647483504
115687887.31528749,1533.378082368519
115693353.11162607,1532.8261555541555
115698818.77434583,1532.2945447656457
115704284.39175528,1531.749964879978
115709749.9081163,1531.1198395033707
115715215.43926461,1530.4810758128756
115720681.24920233,1529.797004064152
115726146.90941326,1528.8414883048677
115731612.69624645,1528.0616249581833
115737078.51586555,1527.4124451955674
115742544.1988179,1526.8719043910125
115748009.82782209,1526.3325484817146
115753475.40659174,1525.8117427705074
115758940.77841188,1525.2223117138258
115764406.25900711,1524.5444137208672
115769871.96076055,1523.8207236078742
115775337.67268224,1523.2642618995221
115780803.23177655,1522.7106425955176
115786268.69117086,1522.164284683723
115791734.08906908,1521.5741052994022
115797199.43523182,1520.939134202767
115802664.84029664,1520.2910017233066
115808130.48080575,1519.5664834846234
115813595.98634365,1518.586507100864
115819061.58402239,1517.8451174762342
115824527.20521152,1517.212125753573
115829992.6653706,1516.6543564555961
115835458.1048835,1516.140067125099
115840923.45207234,1515.601454157606
115846388.59662104,1515.0042397098132
115851853.9227843,1514.2754787073368
115857319.44873361,1513.559406161682
115862784.96033117,1512.9713133871637
115868250.30384636,1512.4162636912886
115873715.56829502,1511.8309556337651
115879180.73724705,1511.2251795165914
115884645.88239008,1510.5972401516965
115890111.12629315,1509.9215968602732
115895576.51392852,1509.1496013585083
115901041.80616416,1508.16272798319
115906507.19275758,1507.4320406118254
115911972.58476454,1506.8187702942696
115917437.82448275,1506.2519377920391
115922903.05139625,1505.7153691001004
115928368.15143451,1505.1660887423154
115933833.10082643,1504.5420706101334
115939298.28209434,1503.768160102595
115944763.6204934,1503.1172404871509
115950228.85724072,1502.5542894862406
115955693.94322981,1502.0063866251885
115961158.96646643,1501.439008495825
115966623.87567565,1500.8063013645044
115972088.76074426,1500.176981220081
115977553.83168358,1499.469356609978
115983018.95572554,1498.6031952603873
115988484.03437307,1497.638395831743
115993949.21816427,1496.8994120654809
115999414.35421881,1496.3093205855264
116004879.3504259,1495.750363067393
116010344.33127731,1495.1903533666568
116015809.15727477,1494.6250308305398
116021273.89507005,1493.9802257830513
116026738.87718491,1493.1673729088905
116032203.97314422,1492.5529421126532
116037668.95982344,1491.9401771816385
116043133.79347722,1491.3996519234704
116048598.57150978,1490.7975910470648
116054063.24959621,1490.1437147035513
116059527.92854865,1489.4960484453686
116064992.847201,1488.7700133543049
116070457.7128744,1487.8272181555044
116075922.60531992,1486.9053397376638
116081387.5683876,1486.1695674192752
116086852.43823192,1485.5848411766042
116092317.22913139,1485.0282814769394
116097781.96070908,1484.4924985829211
116103246.50827587,1483.914890787625
116108711.0468258,1483.236839726326
116114175.83210099,1482.4144331362982
116119640.69367546,1481.7886762438025
116125105.40640804,1481.1516362871796
116130570.01275843,1480.6024277084152
116136034.53942624,1479.9811008965735
116141498.99658059,1479.3206892689009
116146963.46105546,1478.650512167178
116152428.18392095,1477.9212367002094
116157892.76432903,1476.930791782449
116163357.42257373,1476.0577642572252
116168822.14354733,1475.337756019633
116174286.72222953,1474.74516349982
116179751.26876293,1474.2034318404894
116185215.73660451,1473.6457549190507
116190679.99571408,1473.047735566587
116196144.34902124,1472.3301643997434
116201608.95002802,1471.5003964910375
116207073.5542675,1470.9175589138288
116212537.99154218,1470.2681648137786
116218002.35307837,1469.7109398391372
116223466.60486764,1469.0729806799995
116228930.80881846,1468.4122559821406
116234395.04883434,1467.7322036029452
116239859.5280959,1466.9464543428428
116245323.86962435,1465.8949478501554
116250788.30494322,1465.048297868486
116256252.7881525,1464.3518720687478
116261717.09664342,1463.7482291875174
116267181.3951809,1463.196716239716
116272645.60778916,1462.6040906728351
116278109.61803,1461.9832241920108
116283573.79364803,1461.2379126157934
116289038.17374912,1460.4166224577884
116294502.5530289,1459.8476040100127
116299966.72121295,1459.2340534419784
116305430.85207565,1458.6708909874537
116310894.85063061,1458.010557659887
116316358.81504744,1457.3397680535986
116321822.8934345,1456.6328905776293
116327287.1250983,1455.7584852838359
116332751.26380672,1454.7000219415909
116338215.50832635,1453.880588939232
116343679.76861915,1453.2118663086865
116349143.84506142,1452.5849886838691
116354607.93185353,1452.0452893870695
116360071.89025323,1451.438765505206
116365535.67259483,1450.794448559935
116370999.67645843,1450.0099111422758
116376463.84335689,1449.2365706030505
116381927.95535868,1448.635064953401
116387391.88372992,1448.0206343286982
116392855.78535794,1447.433987638032
116398319.56547561,1446.7429905545323
116403783.32625544,1446.0817662468928
116409247.27028377,1445.3563775290827
116414711.25951308,1444.4507919509024
116420175.18258174,1443.431644198386
116425639.19874826,1442.631311306841
116431103.20226824,1441.9794295876648
116436567.03623603,1441.3641563624465
116442030.88962476,1440.814653074798
116447494.5613538,1440.2199360641423
116452958.11873253,1439.5487924428453
116458421.94905034,1438.7016235500055
116463885.90975219,1437.966131530664
116469349.7607381,1437.3345916614592
116474813.44632655,1436.6958560008966
116480277.09704126,1436.0946505265529
116485740.64686696,1435.3966381431105
116491204.15589646,1434.7216729029874
116496667.91053909,1433.9738484812235
116502131.58870311,1432.9687526631726
116507595.27999726,1432.003478138563
116513059.05592017,1431.2091372759976
116518522.7793252,1430.5710601289002
116523986.37091443,1429.9577801812843
116529449.96767627,1429.3876946787616
116534913.3570717,1428.7767559504437
116540376.71388687,1428.0739939891628
116545840.33965227,1427.2273285132596
116551304.054827,1426.5209666228625
116556767.62114537,1425.8879111983965
116562231.03122082,1425.315316133012
116567694.38508764,1424.695672478555
116573157.63829133,1424.0030568228137
116578620.88489905,1423.3069034740488
116584084.40052898,1422.5458533237138
116589547.76469982,1421.4352465694728
116595011.24098963,1420.5047183800323
116600474.77092937,1419.7252526012264
116605938.18171708,1419.0918415358599
116611401.52246127,1418.487816137803
116616864.82202545,1417.9144807694868
116622327.9105649,1417.2845063114687
116627791.04933769,1416.5403702575068
116633254.42644043,1415.719234635352
116638717.86451249,1415.0438685819129
116644181.12382092,1414.4178128232427
116649644.25504759,1413.8135787853691
116655107.31906164,1413.1820423280597
116660570.31596683,1412.4728702723942
116666033.34194645,1411.7522788655695
116671496.6264342,1410.9408505645688
116676959.70990683,1409.7795114942244
116682422.94124939,1408.8836375291053
116687886.21803637,1408.125593433836
116693349.33393814,1407.480136649806
116698812.42641783,1406.879212134061
116704275.45275559,1406.2926888477477
116709738.24222359,1405.655448429873
116715201.16896382,1404.8738385002005
116720664.35091318,1403.9916329923085
116726127.52424602,1403.3187882408492
116731590.5001194,1402.667341840277
116737053.40179649,1402.042111743267
116742516.22456457,1401.3822133130764
116747978.99371074,1400.6768324982154
116753441.84520394,1399.9473218721962
116758904.88307188,1399.0545473779814
116764367.7547714,1397.927485319687
116769830.76003265,1397.0629471871287
116775293.79133,1396.3442206164273
116780756.66036351,1395.7063688865492
116786219.50588877,1395.1190044179534
116791682.254485,1394.535498441688
116797144.78161979,1393.8760901048863
116802607.51349314,1393.0308523303122
116808070.48371635,1392.2116315537517
116813533.38547951,1391.519163525034
116818996.10678415,1390.8914114385375
116824458.7472665,1390.2541473706817
116829921.30617002,1389.5707239846147
116835383.82230262,1388.876300932154
116840846.49362038,1388.1251375034608
116846309.25148523,1387.1505466106973
116851771.89965962,1386.0349389645
116857234.66179733,1385.1816030078417
116862697.44133827,1384.5041984808186
116868160.04216844,1383.8471374535418
116873622.64408971,1383.266374980461
116879085.10167871,1382.6561570820627
116884547.40903406,1381.9804495563212
116890009.9837528,1381.1155220386504
116895472.7220288,1380.3855881495774
116900935.33870736,1379.6777283406832
116906397.80071224,1379.0463295724012
116911860.19094822,1378.4284416550024
116917322.48580441,1377.7294540430275
116922784.7386274,1377.03686127858
116928247.21715784,1376.2578448372674
116933709.63601662,1375.2212733058354
116939172.02585381,1374.1186353941491
116944634.54370347,1373.2696001518352
116950097.03095606,1372.623898100473
116955559.38801306,1371.9863213181186
116961021.71427466,1371.3990948171615
116966483.8758654,1370.797509929036
116971945.94917496,1370.0902062313005
116977408.29616304,1369.191559212151
116982870.79160108,1368.51246371476
116988333.09536585,1367.818583701891
116993795.27953142,1367.1908359310933
116999257.39910583,1366.5677248099778
117004719.4151234,1365.8594081025776
117010181.41485375,1365.1577541172871
117015643.67799695,1364.3620494820782
117021105.79940882,1363.2079555915745
117026567.97848953,1362.2069938988277
117032030.24551132,1361.375396111466
117037492.43119897,1360.7053016416096
117042954.54276082,1360.0704818781387
117048416.60732824,1359.4587038199309
117053878.47635816,1358.8494116507657
117059340.34098953,1358.1102939751447
117064802.46262161,1357.2096875363704
117070264.71170622,1356.4984966726993
117075726.75501937,1355.8305815071851
117081188.67659591,1355.2143073381183
117086650.53150076,1354.574113869811
117092112.32090944,1353.8670092178036
117097574.1218896,1353.1464714874562
117103036.1798959,1352.3124361945554
117108498.05558534,1351.081872592226
117113960.02606837,1350.1234092580567
117119422.08039497,1349.3152752843562
117124884.01072863,1348.6745363580073
117130345.91079737,1348.0471803322623
117135807.72837143,1347.4534282229004
117141269.33412972,1346.831049500917
117146731.02438684,1346.0549680384493
117152192.94229643,1345.1938220201591
117157654.91337757,1344.499479065009
117163116.68141244,1343.8523996376034
117168578.3547175,1343.2169060869376
117174039.95495218,1342.5522260043936
117179501.51257247,1341.8543560994024
117184963.12408733,1341.121818457162
117190424.94860986,1340.2456918802927
117195886.54480387,1339.0563828159638
117201348.28317428,1338.132453097494
117206810.09090468,1337.3567704265433
117212271.74370255,1336.7243084904874
117217733.38502112,1336.1074154908586
117223194.92763169,1335.5350479780925
117228656.24167739,1334.897686956491
117234117.7260459,1334.0698704973402
117239579.46875626,1333.2368891426968
117245041.16731966,1332.5318444675545
117250502.67175908,1331.8873578306022
117255964.10025,1331.235522876723
117261425.42495091,1330.5630084189295
117266886.72332977,1329.889199708169
117272348.1283764,1329.1355861691286
117277809.64803064,1328.181549254194
117283270.98427796,1326.9933976336165
117288732.4684532,1326.0946225754412
117294193.99892291,1325.3698968550575
117299655.37714419,1324.7410234828023
117305116.74244426,1324.1404274567822
117310577.99193808,1323.5680815783644
117316039.03606258,1322.9178092925736
117321500.31486699,1322.048436521335
117326961.8029214,1321.2746431893497
117332423.20010032,1320.5715699125426
117337884.4115272,1319.9616192140445
117343345.53458709,1319.3440149146281
117348806.5551649,1318.6669783840384
117354267.54374476,1317.993144503375
117359728.72758919,1317.2195401873253
117365189.88184048,1316.1690012719837
117370650.97615004,1314.9914600016205
117376112.2070243,1314.1066948098633
117381573.44834973,1313.4381235608766
117387034.55041987,1312.7950373027156
117392495.6303377,1312.2298397918707
117397956.56082892,1311.652683170353
117403417.34769505,1310.9849485277498
117408878.39674887,1310.1164017906276
117414339.6169957,1309.4433924068753
117419800.67276146,1308.7363316597455
117425261.59802489,1308.1654485070703
117430722.41411747,1307.5350909706965
117436183.15119657,1306.8672619420583
117441643.87194563,1306.1926787182238
117447104.83571684,1305.3977174960962
117452565.66804746,1304.260076645859
117458026.51109074,1303.1462847992698
117463487.48070015,1302.2820324327374
117468948.41175778,1301.6464940226083
117474409.23581673,1301.0124828686126
117479870.03278582,1300.468973527413
117485330.63863476,1299.8959974681607
117490791.18089007,1299.2068200857793
117496251.99092692,1298.3246454881698
117501712.9539184,1297.6521386743539
117507173.7065797,1296.9757740519526
117512634.33815056,1296.3744585034437
117518094.90221958,1295.7498825207033
117523555.39250068,1295.0621277241028
117529015.88913633,1294.3825021950215
117534476.65458621,1293.542060427869
117539937.21041827,1292.3015264281157
117545397.85488461,1291.2897299675283
117550858.60098961,1290.4632783189338
117556319.25850144,1289.8330457797292
117561779.85089746,1289.2176187023729
117567240.40079133,1288.6552794477348
117572700.73238514,1288.0979139886574
117578161.083492,1287.377844439895
117583621.67393035,1286.4897003538008
117589082.3952677,1285.829295490836
117594542.86614971,1285.1921041210674
117600003.2562526,1284.5943391337469
117605463.54854333,1283.974962826977
117610923.79547647,1283.3101085586886
117616384.07907645,1282.622720423071
117621844.60734636,1281.7495556061774
117627304.89927629,1280.4532032103116
117632765.33144946,1279.4978966471017
117638225.85006829,1278.713856065332
117643686.22856139,1278.0867256952179
117649146.57753918,1277.512588487976
117654606.86170073,1276.98602060563
117660066.89902014,1276.42134656411
117665527.04726188,1275.6637374846994
117670987.4467627,1274.8621443603997
117676447.85338625,1274.194746298349
117681908.05438477,1273.5351713458142
117687368.17682998,1272.9404727539293
117692828.20710564,1272.3010289951171
117698288.20077494,1271.6556266682842
117703748.2937943,1270.9496081079735
117709208.53926739,1270.011278084736
117714668.55193058,1268.7656893603094
117720128.73629469,1267.8623292809636
117725588.98804124,1267.1306346869562
117731049.08111636,1266.5276049217807
117736509.17137994,1265.9755406401255
117741969.1584195,1265.4732250709292
117747428.90448394,1264.9065085578836
117752888.83713979,1264.0875976737757
117758349.0154504,1263.3392979067655
117763809.12103406,1262.6566634546307
117769269.05590445,1262.0550181303151
117774728.90137464,1261.4715462890338
117780188.65874779,1260.8413202388863
117785648.37713462,1260.225286463236
117791108.26954208,1259.5128580728374
117796568.20740801,1258.4860080287124
117802027.99910648,1257.2977666224
117807487.93488419,1256.4160322404045
117812947.92180029,1255.7496380039352
117818407.74433893,1255.1438826986528
117823867.56372876,1254.6397816106276
117829327.25271145,1254.1268360322497
117834786.73876323,1253.553739155491
117840246.46471858,1252.7634277477212
117845706.38978827,1252.0734298406524
117851166.19777623,1251.4525182173716
117856625.8181468,1250.8822123799823
117862085.3824183,1250.305013631893
117867544.84172578,1249.6798439750755
117873004.27659002,1249.0828678254097
117878463.9449656,1248.3599321521392
117883923.50544374,1247.2399381015925
117889383.0317848,1246.1381544760184
117894842.68752979,1245.2673273020173
117900302.36041203,1244.6605381788609
117905761.89589937,1244.0957713974421
117911221.41530134,1243.6278082125777
117916680.7688389,1243.148333736025
117922139.9807727,1242.5546995757925
117927599.4613839,1241.7587376886074
117933059.12279423,1241.0859892679957
117938518.59582679,1240.4761109086273
117943977.90613581,1239.9241976791259
117949437.17470771,1239.378817897438
117954896.32708457,1238.763085367891
117960355.47556718,1238.1952141932934
117965814.89276299,1237.4624278115768
117971274.09623884,1236.2773356534235
117976733.36518165,1235.2589895858741
117982192.75159581,1234.4413962879466
117987652.09140131,1233.8663452140222
117993111.33168803,1233.3254629833189
117998570.5732395,1232.8416592825586
118004029.58864777,1232.3772280599067
118009488.55735035,1231.7716251176346
118014947.80165868,1230.981348378909
118020407.13612504,1230.4302565420094
118025866.2821372,1229.8566299891777
118031325.29851612,1229.3412583223605
118036784.2589894,1228.8044702783304
118042243.1212459,1228.2095936385733
118047702.0110954,1227.6487988383778
118053161.1737455,1226.8400044078664
118058620.0522603,1225.6102701896384
118064079.07185875,1224.6245428265015
118069538.20555896,1223.8601229481542
118074997.23173921,1223.3125713587228
118080456.19840066,1222.8256814584113
118085915.13783564,1222.367581240018
118091373.82783902,1221.9208331932655
118096832.5648939,1221.2966874459053
118102291.58819598,1220.5470293410317
118107750.62156147,1219.9962895916967
118113209.45752545,1219.4320454193567
118118668.20077336,1218.9753231982113
118124126.84011118,1218.4302088045235
118129585.42074598,1217.8913905196277
118135044.05735414,1217.3328548311745
118140502.90892063,1216.4662002492396
118145961.48354061,1215.2774868994472
118151420.22828491,1214.35819217352
118156879.07997537,1213.645161593478
118162337.77067381,1213.098401632685
118167796.4885608,1212.6744451856364
118173255.10338998,1212.2231791355302
118178713.4717891,1211.8075429761145
118184171.95679048,1211.1509191964153
118189630.66574125,1210.4352164659254
118195089.37790585,1209.929157585954
118200547.8760808,1209.410795855369
118206006.3359245,1208.9918973290544
118211464.6520543,1208.4454635527682
118216922.94249861,1207.950581144118
118222381.37174043,1207.3689409721826
118227839.89041068,1206.4272544245023
118233298.22213261,1205.2249144173259
118238756.70836934,1204.355305370824
118244215.28336705,1203.7100892062956
118249673.67179155,1203.1918009898836
118255132.1126509,1202.7914627759396
118260590.41446136,1202.372169455648
118266048.48992229,1201.9670895958352
118271506.76491576,1201.3117733837842
118276965.22753556,1200.6398259122732
118282423.64644957,1200.1526407379258
118287881.8361597,1199.7038322938665
118293340.00171235,1199.265196809347
118298798.02566056,1198.7638051696117
118304256.0298315,1198.3069897100606
118309714.23522048,1197.6997018884063
118315172.38773942,1196.7186678389717
118320630.4656032,1195.5990832258312
118326088.67105047,1194.7721660196196
118331546.92862938,1194.1802174072452
118337005.04458761,1193.758344430275
118342463.17931923,1193.3618235916904
118347921.15259814,1193.0272269662203
118353378.91818929,1192.607853993552
118358836.92001477,1191.8950625746086
118364295.09386724,1191.2847143516396
118369753.15856053,1190.8021126573299
118375211.03948915,1190.4407824122309
118380668.87985875,1189.9803898993719
118386126.60191709,1189.5086138198662
118391584.32621387,1189.092948408113
118397042.29513755,1188.4539498162476
118402500.11921152,1187.4048466396507
118407957.94287485,1186.3490141727339
118413415.88336064,1185.5749726567658
118418873.81574492,1185.044942304481
118424331.65802474,1184.6608996348139
118429789.4893426,1184.2612873863015
118435247.1379857,1183.9737470469597
118440704.65311953,1183.5441039947325
118446162.42780234,1182.8318425320663
118451620.34838319,1182.3462075217112
118457078.0784945,1181.8577181521455
118462535.68784691,1181.5356300260637
118467993.216714,1181.1162975860557
118473450.66574644,1180.6777221537845
118478908.11628439,1180.279130621333
118484365.82888015,1179.6026398028766
118489823.32299982,1178.5359735173158
118495280.8742763,1177.5529720327645
118500738.55178884,1176.8390090939433
118506196.17668869,1176.4120982922614
118511653.74868281,1176.0502775793418
118517111.26841764,1175.7511163554755
118522568.57187824,1175.498876367353
118528025.81139626,1175.053189257775
118533483.31697674,1174.324396664208
118538940.92072843,1173.8834115701532
118544398.29987548,1173.433625593841
118549855.60653706,1173.1105878657218
118555312.8095156,1172.7284320710694
118560769.96823904,1172.3375841089735
118566227.14302307,1171.9438308995136
118571684.57300806,1171.2684043315214
118577141.73221561,1170.1581436506003
118582598.99286358,1169.2844012479507
118588056.37834387,1168.6357571345225
118593513.66416162,1168.2642562841186
118598970.94054121,1167.905242747363
118604428.14031826,1167.6287065186477
118609885.1111037,1167.3976349658376
118615342.10364825,1166.932546223647
118620799.35262123,1166.2982584878973
118626256.64611353,1165.867454187076
118631713.71774349,1165.505761642737
118637170.70587984,1165.2019832631058
118642627.60976703,1164.8556470341355
118648084.46421762,1164.502807964362
118653541.38802482,1164.0896063635764
118658998.50476977,1163.3909623712375
118664455.35184771,1162.2535688523594
118669912.34465873,1161.4974412959748
118675369.4594969,1160.9387974946017
118680826.43726198,1160.588455198637
118686283.40357825,1160.352130124841
118691740.28572124,1160.1278551018308
118697196.90049124,1159.935347713707
118702653.63119262,1159.4280358400965
118708110.6089565,1158.8157218811489
118713567.55899224,1158.3848343074983
118719024.30235372,1158.0924046042676
118724480.97076283,1157.8254463048734
118729937.55692823,1157.5046838725975
118735394.08520636,1157.1946782025439
118740850.91780539,1156.1409122536177
118746308.13385138,1154.702580469246
118751765.43539956,1152.9636287182554
118757223.20567171,1151.6131085590969
118762681.37645654,1150.4637761886825
118768139.70185825,1149.4421322016847
118773598.33593524,1148.554861169094
118779057.17474793,1147.6869886780073
118784516.05525996,1146.824986339913
118789975.43123275,1145.6380779270964
118795435.3394413,1144.4231324879102
118800895.46886933,1143.3823657329292
118806355.68429977,1142.4384468221238
118811816.18465434,1141.5318293690048
118817276.87137778,1140.5425056143986
118822737.83450158,1139.6075026485382
118828199.30631909,1138.53398209563
118833661.02255607,1136.9822093684422
118839122.92978586,1135.356881233498
118844585.3065734,1134.0248426991468
118850048.05627312,1132.9500621583925
118855510.95360854,1132.0197624249959
118860974.17622653,1131.1749438407264
118866437.54833148,1130.3871130880823
118871901.02353506,1129.5049387038755
118877365.07014106,1128.2806788134376
118882829.60628657,1127.1360467698905
118888294.27882801,1126.141081420627
118893759.08411936,1125.233345918239
118899224.15952629,1124.3527790831051
118904689.43526295,1123.4187156316432
118910154.97914995,1122.5343226358204
118915621.0832936,1121.4126745739354
118921087.29994771,1119.826454736977
118926553.80263099,1118.307073584499
118932020.78103545,1117.023009454927
118937488.07718424,1116.0370635096306
118942955.5693318,1115.1281835849616
118948423.36159207,1114.3152669778967
118953891.27237622,1113.5622179498137
118959359.36909357,1112.659319633516
118964828.05807653,1111.4474153755027
118970297.21996729,1110.4493133929068
118975766.4425173,1109.4773468416734
118981235.87807108,1108.6483313146614
118986705.52478376,1107.7699566908134
118992175.40855823,1106.8750598007778
118997645.60257725,1106.0065602312775
119003116.36282372,1104.846513304876
119008587.15516113,1103.2119554708547
119014058.35502465,1101.802438544436
119019529.98430151,1100.58235412287
119025001.85820091,1099.6526566922714
119030474.02265774,1098.7930912140826
119035946.41653879,1097.997104095776
119041418.9180852,1097.3228300136352
119046891.69992606,1096.3899802093053
119052365.07241881,1095.1291072393856
119057838.84331568,1094.167425774564
119063312.68653119,1093.1930063949144
119068786.77492067,1092.4357229511547
119074261.05683398,1091.5436743506375
119079735.59575413,1090.7049088055198
119085210.50279649,1089.8494555296188
119090685.89158922,1088.6244013946757
119096161.30376785,1087.0570301026876
119101637.1713679,1085.7187877410593
119107113.4916464,1084.5851828726177
119112589.98465206,1083.6717694148529
119118066.81315318,1082.9230726495027
119123543.87577417,1082.1655363386717
119129020.99220887,1081.498125391455
119134498.51130794,1080.5029882654007
119139976.62925875,1079.331249629282
119145455.03213717,1078.38204689611
119150933.51797633,1077.5541039142865
119156412.25749734,1076.8026110392138
119161891.22054191,1075.997360767359
119167370.44621256,1075.2136945631946
119172850.10780668,1074.3187263518837
119178330.1322231,1073.0444849361234
119183810.25125104,1071.4856786812575
119189290.8319348,1070.2542000616756
119194771.84053144,1069.2354600948865
119200253.0375289,1068.4482739597975
119205734.54556544,1067.6958020169373
119211216.25571921,1067.0513419053318
119216698.04228196,1066.3818091280664
119222180.35045719,1065.3736737263018
119227663.18354206,1064.316214281053
119233146.27109657,1063.4736760686628
119238629.41961819,1062.7388938616864
119244112.88136551,1062.0087299042818
119249596.51637754,1061.2088702726628
119255080.44588932,1060.5012441951708
119260564.9128185,1059.562103210764
119266049.52983618,1058.2108821886654
119271534.41067499,1056.8201910138098
119277019.7350621,1055.661136700035
119282505.43406297,1054.773015461175
119287991.32365642,1053.982609615579
119293477.52079472,1053.3097738957836
119298963.89232002,1052.7395333775567
119304450.40676355,1052.0439101669378
119309937.49770647,1050.9806726841261
119315425.07563156,1050.1573105334248
119320912.7788844,1049.2904097548674
119326400.6698652,1048.6727108342075
119331888.78500275,1047.958392938719
119337377.14410418,1047.2298360891562
119342865.81649575,1046.5698376639516
119348355.06399772,1045.5241362866218
119353844.32023086,1044.1094992739213
119359333.9912159,1042.8290333534212
119364824.10639143,1041.7378577090078
119370314.49678832,1040.9241282715705
119375805.15837085,1040.2387030619077
119381296.10387823,1039.5883050424059
119386787.1634562,1039.0767368171828
119392278.48908472,1038.3398646963358
119397770.4008915,1037.325320248307
119403262.76410462,1036.476717099311
119408755.17890593,1035.7053329589592
119414247.85417296,1035.1085935783617
119419740.73104165,1034.4041680048947
119425233.88274528,1033.7569127793724
119430727.40837288,1033.0917877138509
119436221.40237287,1032.0139025648518
119441715.42985304,1030.622073175436
119447209.89995825,1029.463078895847
119452704.8380179,1028.4840452502185
119458199.97537912,1027.734140922787
119463695.43620089,1027.1364337469076
119469191.15288901,1026.591600902888
119474686.93776327,1026.1309568658999
119480183.13102542,1025.3112710599935
119485679.93335435,1024.3864561938249
119491177.02663043,1023.5760277651091
119496674.19682081,1022.9441828746851
119502171.64306672,1022.9557121137923
119507668.90136483,1023.0771784654132
119513166.14650205,1023.2727553841651
119518663.55747963,1023.2931577427298
119524160.95775492,1022.821754743801
119529658.1933524,1022.2731318006613
119535155.5898465,1021.9532157935386
119540653.09922121,1021.8651827847575
119546150.49285315,1021.9505486991125
119551647.906887,1022.1525905841563
119557145.23211251,1022.4705848320748
119562642.33483677,1022.7600700564712
119568139.66470926,1022.6483987277142
119573637.20517232,1022.6148573800591
119579134.66637261,1022.6146383763707
119584631.93376018,1022.885280578532
119590129.16070664,1023.0803958991212
119595626.28533386,1023.2426089069648
119601123.4149337,1023.4997148309726
119606620.79515183,1023.4708740234728
119612117.93534008,1022.9887855305346
119617615.0737472,1022.5924482190597
119623112.37231424,1022.3725703483169
119628609.71296854,1022.4585476002803
119634106.98736979,1022.6170830351475
119639604.24694608,1022.8877094511777
119645101.36166336,1023.287397302824
119650598.34595887,1023.5357050845528
119656095.60884054,1023.4082478205924
119661592.99872962,1023.4903093216684
119667090.2393017,1023.5866127018786
119672587.34122986,1023.9024400833939
119678084.39479673,1024.132961198229
119683581.37011771,1024.369634422053
119689078.37194164,1024.6491865365222
119694575.60441676,1024.5054708083105
119700072.52097495,1023.9645879144603
119705569.56140465,1023.7114058921998
119711066.75623591,1023.5861879576036
119716563.90327765,1023.7564655289361
119722061.07031278,1024.005272274934
119727558.16069305,1024.310590144829
119733055.05586739,1024.8066790319272
119738551.96489778,1024.9806293845063
119744049.1561361,1024.8818902203157
119749546.43458365,1025.0374630612996
119755043.47839898,1025.2518262122785
119760540.45021573,1025.6220407267065
119766037.33942129,1025.907517498924
119771534.18772645,1026.213773832831
119777031.14014074,1026.4300571753085
119782528.18700705,1026.2343581555795
119788024.95023108,1025.8245092538534
119793521.88013703,1025.672094363816
119799018.95557147,1025.6747892333715
119804515.93071885,1025.9618896635225
119810012.94460018,1026.2684423313874
119815509.84776238,1026.659262483453
119821006.54748902,1027.1497111264034
119826503.38758972,1027.2877718038449
119832000.48371483,1027.3242371152587
119837497.5179073,1027.5498087353533
119842994.3524708,1027.8792912044728
119848491.17554876,1028.2576783842517
119853987.89976841,1028.5831818534994
119859484.59419706,1028.9865439754126
119864981.48499905,1029.1196321939406
119870478.27098444,1028.8892250052568
119875974.94439691,1028.543979578952
119881471.770259,1028.455906121591
119886968.68031603,1028.5995023232945
119892465.53003195,1028.8960176343546
119897962.39324267,1029.2524075794481
119903459.11724672,1029.7575063161637
119908955.67227477,1030.2250394573164
119914452.47220494,1030.3334332008822
119919949.48001537,1030.46543598966
119925446.33441563,1030.7123653148344
119930943.04382554,1031.1346758906298
119936439.6976476,1031.5400146798465
119941936.27361292,1031.9276496176121
119947432.84109522,1032.3558595025565
119952929.65784901,1032.4011321516218
119958426.19377984,1032.1370490775194
119963922.78366876,1031.9197374167893
119969419.52221073,1031.900466521629
119974916.24988839,1032.1508189882757
119980412.96589756,1032.561227713093
119985909.65982004,1032.9655566149586
119991406.17433512,1033.572509618287
119996902.63338909,1033.9784058389978
120002399.3630654,1034.1289421779654
120007896.20695964,1034.3760945644874
120013392.83600238,1034.7467174232906
120018889.38881063,1035.2142991983703
120024385.85181822,1035.6291047377297
120029882.29533856,1036.0824468167143
120035378.79536793,1036.5168266363703
120040875.45033783,1036.4901273779878
120046371.82849039,1036.2427257887389
120051868.30219193,1036.2044795930633
120057364.95168163,1036.2926719014222
120062861.51189965,1036.617080754861
120068358.10871156,1037.1004192706882
120073854.6539823,1037.6070188147191
120079350.97676724,1038.2542441908925
120084847.36862208,1038.552813745369
120090344.03363101,1038.7691882934587
120095840.70422937,1039.0320726695304
120101337.18131636,1039.4695475176231
120106833.60572022,1039.927210792884
120112329.92826033,1040.3984953871168
120117826.23972878,1040.9374073500708
120123322.70959157,1041.27448766706
120128819.14682648,1041.1582361123096
120134315.41362204,1040.9935888216262
120139811.82706146,1041.0183471959913
120145308.36559714,1041.2294927399835
120150804.79928629,1041.6327342302468
120156301.28729242,1042.1432555596025
120161797.67573716,1042.746855630306
120167293.85422257,1043.3850043570988
120172790.21535933,1043.6044716608765
120178286.80653372,1043.9317864785007
120183783.32712868,1044.2840606617453
120189279.65984844,1044.879240177155
120194775.9522755,1045.386718687782
120200272.15578686,1045.8914900763307
120205768.3566602,1046.4808198008304
120211264.79905371,1046.7331663246891
120216760.9943078,1046.597347207986
120222257.18631744,1046.605161547793
120227753.5143524,1046.7123454770049
120233249.90773335,1047.0798322416777
120238746.23771475,1047.538098528377
120244242.56496525,1048.1076293603023
120249738.757879,1048.801844319836
120255234.82097621,1049.393725594603
120260731.11932398,1049.6366434018387
120266227.58461572,1050.0690510975298
120271723.88564973,1050.4514548226348
120277220.08090821,1051.1234191890744
120282716.22154209,1051.6490672979207
120288212.29921684,1052.199043031285
120293708.39597425,1052.8052623818094
120299204.72134098,1052.9383601265197
120304700.71208271,1052.8308920841337
120310196.80342527,1052.9143154107458
120315693.06039165,1053.1052200451036
120321189.28634791,1053.564026793262
120326685.5140348,1054.06093938546
120332181.6973335,1054.6457385574072
120337677.70340592,1055.4368809309822
120343173.68995632,1055.9474769290684
120348669.92045912,1056.1635044977215
120354166.2666294,1056.6012203629914
120359662.37669809,1057.1037716946223
120365158.47225818,1057.7694529080259
120370654.45327435,1058.3427911769802
120376150.39822187,1058.9568278619063
120381646.4403003,1059.5082229627242
120387142.58328934,1059.587262099111
120392638.43368667,1059.5232040613653
120398134.43566623,1059.710298546618
120403630.59036338,1059.9974178353002
120409126.66353284,1060.5277294809782
120414622.76854992,1061.089875078174
120420118.78852619,1061.7883845383483
120425614.61344658,1062.5854311860764
120431110.55559406,1063.0471363288834
120436606.70520136,1063.4064108236807
120442102.84225689,1063.9341103899117
120447598.7603228,1064.5709635609721
120453094.68293162,1065.2448813819963
120458590.49037567,1065.8510652084506
120464086.2824913,1066.5409987609362
120469582.285695,1066.9776539676282
120475078.18499067,1067.0112512890141
120480573.92640357,1067.0479566552171
120486069.83461215,1067.2861331483375
120491565.84195364,1067.7107524322635
120497061.79268345,1068.2784064848875
120502557.74642085,1068.8797437830683
120508053.60813436,1069.6456966521107
120513549.29658112,1070.4134428950754
120519045.1677155,1070.821363791198
120524541.22004895,1071.2217541562713
120530037.2023273,1071.7446854430314
120535532.99790391,1072.4127250110278
120541028.80111028,1073.076497481273
120546524.5135443,1073.7183377745976
120552020.21393941,1074.449702992579
120557516.16386777,1074.8053992653226
120563011.82094634,1074.8161397562858
120568507.50720304,1074.9897773021357
120574003.35311694,1075.2537050400438
120579499.21135971,1075.7881530814932
120584995.0831027,1076.4293671158048
120590490.90167132,1077.06523259874
120595986.57619342,1077.9328369318976
120601482.17474602,1078.61881218958
120606978.01862039,1079.0077377425796
120612473.9812337,1079.5742670837053
120617969.75551687,1080.171380526634
120623465.4237804,1080.8959985283493
120628961.05312982,1081.5964840894808
120634456.62392306,1082.2962379049332
120639952.24203785,1082.974362129792
120645448.04945123,1083.210754555143
120650943.5634122,1083.242327890107
120656439.16324529,1083.5274625927266
120661934.9273079,1083.8758321558237
120667430.63926499,1084.4910811683399
120672926.39358807,1085.1533537459288
120678422.0680157,1085.8441688713574
120683917.56061798,1086.7593088251665
120689413.09345606,1087.3581071652948
120694908.88684444,1087.8008358830346
120700404.68023469,1088.3488355994016
120705900.29801044,1089.0260179828765
120711395.87615916,1089.7733323127813
120716891.37718259,1090.4749862831336
120722386.84881026,1091.2327706868996
120727882.46366346,1091.8239366918879
120733378.07778955,1092.0536518684796
120738873.47473182,1092.1798317498674
120744369.00343812,1092.4946883836287
120749864.67858133,1092.9358510918325
120755360.26709428,1093.603688830887
120760855.91337432,1094.2758997867768
120766351.45599157,1095.0697689568342
120771846.82674943,1095.9593082243714
120777342.32040694,1096.4937811877135
120782838.03760503,1097.0152920573273
120788333.65185471,1097.5880994924134
120793829.12430836,1098.3554164716138
120799324.56521328,1099.082836369028
120804819.93177475,1099.8220400349244
120810315.27698886,1100.6375669194304
120815810.85202743,1101.1132893997208
120821306.23193394,1101.2556285582696
120826801.55996405,1101.4728219622682
120832297.0315924,1101.8310209494248
120837792.5714346,1102.3666518758037
120843288.08442532,1103.0530225599077
120848783.615491,1103.7888312452976
120854278.99846175,1104.6689471178818
120859774.25058517,1105.4965865030588
120865269.70725693,1106.0027236433334
120870765.33454089,1106.5267373360514
120876260.81113444,1107.1900453941175
120881756.16690663,1108.0036119414806
120887251.47481069,1108.759133555924
120892746.73332205,1109.5336123087068
120898242.01101896,1110.3498045724245
120903737.51408009,1110.7062133998393
120909232.71956071,1110.9163418125074
120914727.96723834,1111.2563416681326
120920223.38285679,1111.656274400174
120925718.78104503,1112.3049756405012
120931214.19452901,1113.0541091477216
120936709.58328967,1113.8021422315583
120942204.79161371,1114.7438931026147
120947699.97502795,1115.4777608759287
120953195.3747046,1116.025898923743
120958690.86253442,1116.6424138697669
120964186.1386664,1117.3975712339752
120969681.3692247,1118.2050114322783
120975176.53247693,1118.9853071617295
120980671.67826061,1119.808760359224
120986166.90162139,1120.566981793275
120991662.22598894,1120.8548936505122
120997157.30322114,1121.1333121965322
121002652.47927675,1121.541338398067
121008147.8137769,1122.0151991580597
121013643.0667361,1122.6941044067605
121019138.38781407,1123.4365115691962
121024633.62889437,1124.2403052676707
121030128.68484524,1125.212885374085
121035623.81340401,1125.8452222515107
121041119.16913907,1126.4501022489037
121046614.5047037,1127.053991324231
121052109.65814252,1127.8741222249366
121057604.78271885,1128.6480509695664
121063099.8144554,1129.4440975169227
121068594.81949241,1130.3210037452511
121074090.01436572,1130.9338063107646
121079585.10701425,1131.2307877695105
121085080.07318583,1131.5491642115417
121090575.16277488,1131.9842794386134
121096070.37241083,1132.552435707707
121101565.4990951,1133.2485131350352
121107060.6658835,1134.0427708351908
121112555.73331393,1134.9345796517841
121118050.63578409,1135.8606456236607
121123545.68592443,1136.462573915229
121129040.94020195,1137.1153831637469
121134536.06858693,1137.8100642641698
121140031.06489283,1138.7118457070537
121145526.00479181,1139.4836290943506
121151020.88091503,1140.2911267728834
121156515.76053004,1141.1874248719014
121162010.88837478,1141.6917144772785
121167505.74719325,1141.9600382882693
121173000.630147,1142.3787234160286
121178495.63575383,1142.8372148202018
121183990.68178031,1143.4858453885583
121189485.70661208,1144.218413899443
121194980.73440194,1145.0264008895915
121200475.62607369,1145.985895949476
121205970.42407174,1146.8319706513253
121211465.40871619,1147.3717113188754
121216960.53875668,1148.0776898814017
121222455.47340126,1148.7911522770878
121227950.35116597,1149.6503739097388
121233445.16808139,1150.4450208505
121238939.95451552,1151.2836091638972
121244434.77426924,1152.1491401400403
121249929.78577475,1152.5382900064906
121255424.47214639,1152.8435627030794
121260919.26903382,1153.3225769071428
121266414.2274495,1153.8382038253674
121271909.14302112,1154.5445007122062
121277404.0726786,1155.3083617813847
121282898.97697768,1156.124572163807
121288393.70560665,1157.1166740190101
121293888.44379643,1157.8721073931938
121299383.377879,1158.4257422928422
121304878.38843842,1159.1406108440297
121310373.15006451,1159.9303861108601
121315867.91574547,1160.7951048344707
121321362.57911803,1161.609181572842
121326857.21880034,1162.4952718032446
121332351.99266572,1163.2449140443105
121337846.79100086,1163.583149634458
121343341.37328252,1163.908002654452
121348836.08057404,1164.4310376522455
121354330.9340475,1165.015293975267
121359825.71970715,1165.7484497607077
121365320.53224364,1166.5254533492405
121370815.27716516,1167.4252179487628
121376309.84049161,1168.4056252926578
121381804.51288646,1169.0554355089396
121387299.37070642,1169.7234932270599
121392794.18774338,1170.3944533607619
121398288.81778835,1171.2858700984802
121403783.43791628,1172.127872718697
121409277.9615391,1172.946742300454
121414772.47034697,1173.8636122740784
121420267.2124527,1174.4964012411692
121425761.7831489,1174.806163672875
121431256.2739858,1175.2628846364307
121436750.89085668,1175.7761137944033
121442245.60758924,1176.4417127172717
121447740.2776564,1177.2094829942823
121453234.94146276,1178.0106030104077
121458729.52103706,1178.9592479390928
121464223.96176687,1179.8801055680542
121469718.55764712,1180.4988344507951
121475213.30853635,1181.1943772350382
121480707.93182264,1181.913615058929
121486202.43135504,1182.850599679626
121491696.90552114,1183.6564239805093
121497191.3185169,1184.4933080986098
121502685.74454859,1185.4158072753771
121508180.40950231,1185.942495408117
121513674.76568857,1186.2461976303207
121519169.1857608,1186.7896495757593
121524663.75185595,1187.3288313475343
121530158.32765874,1188.0548179675816
121535652.90746175,1188.8058000318074
121541147.4701555,1189.6125327010368
121546641.88680415,1190.611516343304
121552136.24584787,1191.4436651560177
121557630.79941389,1192.0066903670324
121563125.47183843,1192.752602125593
121568619.93139611,1193.5018466898719
121574114.35498384,1194.39912499057
121579608.69860347,1195.218783474977
121585102.993801,1196.0891215626311
121590597.34485105,1196.9395938935293
121596091.84313092,1197.3454357320218
121601586.04444106,1197.726487677929
121607080.36786677,1198.2850423985765
121612574.84414499,1198.8621099251895
121618069.28024562,1199.628893097076
121623563.73020974,1200.3872492798534
121629058.12246025,1201.2474136143753
121634552.35518506,1202.2548066016675
121640046.63722275,1203.006996197766
121645541.09346011,1203.6686250433904
121651035.5732651,1204.3987956390456
121656529.84016493,1205.2509082767863
121662024.10589729,1206.1375169823373
121667518.25613147,1206.9519172890339
121673012.38576478,1207.8554583214145
121678506.69315398,1208.579170949196
121684000.96265063,1208.9618210300903
121689495.04141079,1209.3907464913118
121694989.24979751,1209.970060581152
121700483.58894353,1210.6093199441787
121705977.87418082,1211.359316176176
121711472.17186007,1212.1293578638306
121716966.39375289,1213.0438289159097
121722460.46443951,1214.0076646665766
121727954.66913278,1214.684205296306
121733449.02244234,1215.330355653359
121738943.31470208,1216.0744662939335
121744437.4276931,1216.9666790896106
121749931.54224814,1217.78606956852
121755425.58058615,1218.6129147992951
121760919.60788263,1219.5404748208741
121766413.86537707,1220.1478901765379
121771907.89627498,1220.4937340652539
121777401.89119974,1221.0036386561515
121782896.03397141,1221.5579610853297
121788390.24006397,1222.2757217547503
121793884.43697113,1223.0353596762982
121799378.60321452,1223.8228805091785
121804872.68049836,1224.77876173625
121810366.65235755,1225.66514523787
121815860.78779626,1226.3002632050736
121821355.04750909,1226.9856114787258
121826849.16175531,1227.7371687699638
121832343.15096377,1228.6403512261231
121837837.11820076,1229.4648836706422
121843331.02065638,1230.3082743052066
121848824.94002278,1231.2013940494867
121854319.08160882,1231.6771063111644
121859812.91372441,1232.0417191973386
121865306.82784815,1232.5846312352865
121870800.89192759,1233.1594491252822
121876294.95332807,1233.9140348721362
121881789.04071182,1234.6704213481125
121887283.06953305,1235.4782526783142
121892776.96074454,1236.4774924478072
121898270.83570534,1237.2761205717081
121903764.91031747,1237.8521057524358
121909259.05471736,1238.5881946313068
121914752.9852864,1239.367478049424
121920246.8889034,1240.2499570444804
121925740.70361571,1241.0733178836638
121931234.48258585,1241.9443246485762
121936728.35367548,1242.7425206119735
121942222.32137303,1243.1792072392511
121947716.0261386,1243.5733185734114
121953209.84459947,1244.173872700718
121958703.81591794,1244.7796632573948
121964197.73776564,1245.542460389968
121969691.69301918,1246.3277681387326
121975185.56449708,1247.1826822711935
121980679.2921294,1248.1576382767446
121986173.08976091,1248.8859746975343
121991667.05078214,1249.5408824808173
121997160.99716805,1250.284051844704
122002654.74726301,1251.143574424731
122008148.49728443,1252.0127155201253
122013642.15412773,1252.816078924656
122019135.78065023,1253.7157120751258
122024629.60878797,1254.3891784080456
122030123.33189023,1254.7898406665179
122035616.91645138,1255.2497064321578
122041110.63827047,1255.8458926519036
122046604.47052096,1256.517121965481
122052098.27127036,1257.2835421876032
122057592.07100786,1258.0374075543377
122063085.79462148,1258.93560291214
122068579.38490033,1259.8507181167258
122074073.09453167,1260.5067351748253
122079566.9714944,1261.1503135643009
122085060.75763676,1261.893457750305
122090554.38456899,1262.759367007392
122096048.02427505,1263.5686652525806
122101541.57857385,1264.3853595232579
122107035.11573273,1265.2896683839688
122112528.87559606,1265.8620015472834
122118022.36429515,1266.2455488672833
122123515.86879165,1266.8065631019322
122129009.51970209,1267.376063145972
122134503.20900555,1268.0942207021014
122139996.9158578,1268.8533673261918
122145490.56582746,1269.6200301781762
122150984.1097652,1270.5683415354843
122156477.5859107,1271.3992147326016
122161971.24378422,1272.0190181006508
122167464.99356502,1272.7478760705592
122172958.5641418,1273.4919538235974
122178452.06640932,1274.3496886670237
122183945.51133376,1275.1568641054237
122189438.89968607,1275.9816726054585
122194932.32850707,1276.8208740975074
122200425.9450379,1277.279833101905
122205919.27173892,1277.663084631049
122211412.67812705,1278.2426409659586
122216906.22988808,1278.8307809214111
122222399.77268772,1279.564956936745
122227893.34506667,1280.296111108446
122233386.85675052,1281.087804449043
122238880.23111932,1282.0422058649906
122244373.62018222,1282.795387393713
122249867.21659775,1283.3853814520608
122255360.82168731,1284.1014334094925
122260854.24111648,1284.8986994177785
122266347.62705787,1285.7480563332874
122271840.92511329,1286.5364595100382
122277334.19055027,1287.3928269709181
122282827.59232658,1288.128122773177
122288321.00468835,1288.5562219220903
122293814.19850843,1288.981534241066
122299307.50975463,1289.5835429633369
122304800.96205088,1290.2037076428219
122310294.37087081,1290.9598160784308
122315787.8018681,1291.6979095373829
122321281.15167132,1292.5321519421295
122326774.37768105,1293.4416205852692
122332267.69752237,1294.1251858215483
122337761.17133108,1294.770692142449
122343254.59423348,1295.490642872973
122348747.83008991,1296.318905433543
122354241.06391251,1297.132456236688
122359734.21580882,1297.9160437754363
122365227.33958709,1298.788709461052
122370720.66940424,1299.4061025902452
122376213.83337949,1299.782961297391
122381706.92146504,1300.2932244351948
122387200.14318003,1300.8595943551086
122392693.44849397,1301.5287665117844
122398186.74232252,1302.2677998616257
122403680.01707196,1302.987453412975
122409173.21183433,1303.8686245392685
122414666.29859306,1304.7181931304958
122420159.52255005,1305.3454171702767
122425652.88355593,1305.9526830770287
122431146.14004247,1306.6603078029593
122436639.2664999,1307.5064325999572
122442132.38545796,1308.2762629025199
122447625.43389347,1309.061089338851
122453118.47826868,1309.9177167578391
122458611.73354359,1310.444655639245
122464104.72066973,1310.825320729513
122469597.73112658,1311.3932536901705
122475090.88780229,1311.961524800131
122480584.0648427,1312.6603603430485
122486077.26474339,1313.3690806890022
122491570.42860141,1314.120526534746
122497063.46180798,1315.027984435962
122502556.45743477,1315.7914803155054
122508049.63254374,1316.3825770727406
122513542.8790111,1317.0837908379826
122519035.9417145,1317.8262665778714
122524528.94956215,1318.6590405434576
122530021.88697419,1319.4325483867965
122535514.77102916,1320.2308305869356
122541007.70509781,1321.009342744562
122546500.77927968,1321.4252019559103
122551993.57244118,1321.831034378177
122557486.46859692,1322.4100798339075
122562979.51040661,1322.9925061279193
122568472.52459663,1323.7122776918368
122573965.57165448,1324.4110563825368
122579458.54633585,1325.1761049460338
122584951.3970916,1326.0685281902606
122590444.29099847,1326.7684472752148
122595937.34106408,1327.3997141507582
122601430.405832,1328.0850505710778
122606923.27991195,1328.878118514725
122612416.14038344,1329.677385981367
122617908.90998726,1330.4182723611332
122623401.6472084,1331.2422749708376
122628894.55045594,1331.9079631961456
122634387.40733625,1332.3272438271752
122639880.07857563,1332.7921478516596
122645372.86286469,1333.383137850046
122650865.77399118,1333.9971098904791
122656358.6522644,1334.687741543464
122661851.541802,1335.382606126283
122667344.35286506,1336.1921406508586
122672837.04204124,1337.0370022142479
122678329.84396605,1337.673391205181
122683822.79516084,1338.2661563748932
122689315.6856972,1338.9554484169512
122694808.4114231,1339.7580366417956
122700301.13487905,1340.491983977478
122705793.780537,1341.230522770193
122711286.40723224,1342.0625527223694
122716779.24123523,1342.6156910291486
122722271.8633518,1342.9801152532696
122727764.45500411,1343.4934552447182
122733257.18270656,1344.038508441721
122738749.96912363,1344.6919450808207
122744242.76211572,1345.365435550731
122749735.52433209,1346.0503735799548
122755228.21327545,1346.88791196414
122760720.81659593,1347.656328314825
122766213.56425327,1348.2499571678009
122771706.43080568,1348.8702395784962
122777199.16029052,1349.5626245142244
122782691.7776441,1350.362746848871
122788184.36450881,1351.0926155470536
122793676.8836079,1351.8348441930814
122799169.4079607,1352.6289211324763
122804662.13503872,1353.0684759893725
122810154.57143706,1353.447677334299
122815647.08080514,1353.9783287775901
122821139.72479174,1354.529789688634
122826632.37162538,1355.1998907785671
122832125.04657008,1355.8619235785795
122837617.66615762,1356.569403475017
122843110.168709,1357.4230130101948
122848602.66034424,1358.116181069223
122854095.33356962,1358.6466300907477
122859588.06899583,1359.3018386368522
122865080.60395454,1359.9956338067961
122870573.11471547,1360.7700965782524
122876065.54136372,1361.480176111636
122881557.92281754,1362.2433421858354
122887050.38501723,1362.948850471807
122892542.92636877,1363.3495307094151
122898035.2246379,1363.7450630057103
122903527.6209824,1364.3165080076233
122909020.15545158,1364.8758757387784
122914512.6559668,1365.5323551571794
122920005.19000117,1366.2130520127168
122925497.64657183,1366.9492458355444
122930989.97593644,1367.7721983718432
122936482.36822468,1368.4046396613148
122941974.90687518,1368.993277750066
122947467.44108272,1369.6410820024805
122952959.7850106,1370.403458468057
122958452.12388742,1371.153626993127
122963944.37052849,1371.846734026458
122969436.57812448,1372.6253723998475
122974928.97723663,1373.2101693073785
122980421.26341361,1373.5693806110153
122985913.4313879,1374.022203704696
122991405.71583334,1374.574305866118
122996898.1039715,1375.1756135359537
123002390.47002627,1375.82518230169
123007882.82544553,1376.471558929805
123013375.1228689,1377.2311958991647
123018867.30880143,1377.9957474871055
123024359.59736557,1378.5683328248913
123029852.04934624,1379.153774270806
123035344.40522966,1379.8013539403835
123040836.62753506,1380.5660394493564
123046328.83995318,1381.2474573488685
123051820.97389519,1381.934419174645
123057313.10103056,1382.713255013439
123062805.43140599,1383.215656055691
123068297.50246528,1383.5805436066037
123073789.59387796,1384.117901616242
123079281.81252155,1384.627759415435
123084774.07192719,1385.2425513119576
123090266.33846283,1385.867263985427
123095758.56880805,1386.5325901093115
123101250.71188363,1387.3207116659696
123106742.79355691,1388.0113704870873
123112235.02577128,1388.5341407997616
123117727.36784895,1389.1577440024487
123123219.54120687,1389.7909713910037
123128711.66483039,1390.522412822109
123134203.72429286,1391.1864018994074
123139695.74122526,1391.8818270261818
123145187.77909979,1392.6068519334126
123150679.98342977,1392.9931532267285
123156171.9028757,1393.3584547697103
123161663.9232973,1393.8820864327026
123167156.0665212,1394.4103154779925
123172648.20021635,1395.016125712703
123178140.3560624,1395.6154248449343
123183632.48062527,1396.2876014794044
123189124.48128183,1397.0607213305886
123194616.4922445,1397.6850334721582
123200108.66359676,1398.1869469601922
123205600.9024107,1398.799317676604
123211092.93305652,1399.467599456341
123216584.95491241,1400.1863859327532
123222076.87611434,1400.838648383156
123227568.75495239,1401.5567941649804
123233060.75202528,1402.1808376004074
123238552.74992603,1402.5292387946602
123244044.56093992,1402.9143230957034
123249536.47188978,1403.4525139885948
123255028.50771587,1403.9867187295101
123260520.5071837,1404.5842134349878
123266012.52325088,1405.201694901163
123271504.48372816,1405.8992441733458
123276996.31694885,1406.6392297317855
123282488.23600093,1407.1923999550183
123287980.29849397,1407.7640898181423
123293472.3305234,1408.3257449476334
123298964.19374174,1409.049454338835
123304456.03953442,1409.7109451054612
123309947.7926737,1410.354890539839
123315439.51472329,1411.0819750567882
123320931.42799985,1411.6054409949602
123326423.18519612,1411.928388380457
123331914.8706577,1412.4025071730935
123337406.65286712,1412.8984445579285
123342898.5252272,1413.455780017323
123348390.37733197,1414.0578303827945
123353882.22070856,1414.6815880753802
123359373.98758778,1415.3931344436953
123364865.66347991,1416.076086247184
123370357.45014188,1416.5947728771168
123375849.39974304,1417.1617462189276
123381341.20744312,1417.751584345003
123386832.91594438,1418.4880032369163
123392324.58743116,1419.1171794419245
123397816.19710433,1419.7545358648883
123403307.81289396,1420.471420055445
123408799.62552875,1420.884813688075
123414291.16795194,1421.221225314145
123419782.76436384,1421.7187532198027
123425274.46104519,1422.2120553467425
123430766.18295017,1422.7840742851672
123436257.90792112,1423.3477065287045
123441749.62815845,1423.957870263032
123447241.23981906,1424.675477071958
123452732.81800483,1425.2902782177225
123458224.53768416,1425.7789938871513
123463716.36162017,1426.354557798676
123469208.00783809,1426.954849052705
123474699.62321888,1427.6286061714238
123480191.159493,1428.2313025757996
123485682.67417336,1428.8858024464644
123491174.22163334,1429.5479322525196
123496665.88244642,1429.8922165783215
123502157.29343377,1430.2926980637326
123507648.79289615,1430.7768743679856
123513140.41782051,1431.2621188494488
123518632.01441497,1431.8179287199216
123524123.63922241,1432.4037271339628
123529615.23116194,1433.0292898137177
123535106.69043809,1433.7299541363066
123540598.18661322,1434.2764476003113
123546089.83050485,1434.7923979790924
123551581.51589507,1435.311859424544
123557073.03242917,1435.9607328272912
123562564.51587369,1436.5851329173481
123568055.92745866,1437.1822280467982
123573547.2998119,1437.8516867803214
123579038.80594426,1438.3951294934436
123584530.26115282,1438.705286261922
123590021.58445378,1439.092137834013
123595512.991677,1439.577741617616
123601004.50805639,1440.0689238694345
123606495.98644492,1440.5911350179026
123611987.51324429,1441.1668617232385
123617478.96262793,1441.7903060336914
123622970.2976771,1442.4605566516104
123628461.71750651,1442.943794408725
123633953.3175405,1443.4709673304978
123639444.83609849,1443.9760548786896
123644936.23271228,1444.6587953454273
123650427.58954231,1445.2508039195905
123655918.86951594,1445.8438877944282
123661410.12110123,1446.5145808998295
123666901.55674498,1446.9536069732046
123672392.81509209,1447.2435764050756
123677884.0437513,1447.678180016679
123683375.36280137,1448.1314625569653
123688866.74779342,1448.637881306477
123694358.12517665,1449.180401545846
123699849.50908457,1449.76115728117
123705340.78897835,1450.4085185355138
123710832.00110044,1451.0150419699787
123716323.33565299,1451.4969706884635
123721814.8345182,1451.9905262213078
123727306.15643191,1452.5512429793728
123732797.39874154,1453.2002624537245
123738288.58681065,1453.7756372176802
123743779.72099799,1454.3638065097898
123749270.85441366,1455.0130456072366
123754762.16611227,1455.3559303543282
123760253.21920657,1455.7032751497386
123765744.30284832,1456.138270357901
123771235.5048593,1456.5823369489196
123776726.7142387,1457.1077353565106
123782217.95207532,1457.6523826010707
123787709.15235932,1458.209464853139
123793200.24165806,1458.8611814616313
123798691.32513727,1459.4045691714089
123804182.55964914,1459.8820378435175
123809673.84926417,1460.3803542315243
123815164.97190376,1460.9686727161056
123820656.05012022,1461.579646852744
123826147.06745589,1462.1427816908176
123831638.06351314,1462.7411643867613
123837129.11548945,1463.3085112393437
123842620.25246306,1463.6082316923048
123848111.18133512,1463.9447935429387
123853602.16520192,1464.3927841762525
123859093.27693012,1464.8362371589428
123864584.35443598,1465.33772767869
123870075.49541771,1465.8666766086665
123875566.56946525,1466.4178802254985
123881057.53799982,1467.0567010004422
123886548.54883218,1467.5431020822361
123892039.71219909,1468.016876477676
123897530.88020033,1468.485334445554
123903021.90112118,1469.0803625514675
123908512.89110291,1469.6400810698547
123914003.83025734,1470.1865716759287
123919494.72191955,1470.801309300738
123924985.7564517,1471.2719840908449
123930476.70799878,1471.5865658363298
123935967.51953958,1471.9373872650015
123941458.42842679,1472.376026873369
123946949.44565935,1472.827393331723
123952440.43760827,1473.3342170358112
123957931.46199058,1473.8497866315836
123963422.3934152,1474.427527569265
123968913.23811617,1475.0192146143347
123974404.17064694,1475.465095394861
123979895.282557,1475.902863364036
123985386.30502015,1476.4044164141956
123990877.19412285,1476.9920471979924
123996368.07411659,1477.5235727878528
124001858.88690557,1478.051473957597
124007349.67235368,1478.6602094869932
124012840.64342858,1479.0340760572094
124018331.41717155,1479.2946237172175
124023822.17036265,1479.6695984828546
124029313.03685783,1480.0786648563655
124034803.94825782,1480.5417346635243
124040294.89209038,1481.0227600852008
124045785.80551967,1481.5088260992845
124051276.63265723,1482.1104265007273
124056767.40624274,1482.6417763596862
124062258.30710788,1483.0693725197973
124067749.32133071,1483.4907111120622
124073240.2154546,1484.0032375084052
124078731.01347318,1484.5791944182815
124084221.77789631,1485.1053136734313
124089712.48118873,1485.6323580154858
124095203.18987955,1486.2016470499002
124100694.07421182,1486.4905046678427
124106184.68831812,1486.7630993946275
124111675.36596112,1487.16142529031
124117166.15683581,1487.564337710367
124122656.9476898,1488.0401468288385
124128147.77944547,1488.5222026275055
124133638.54229604,1489.0176888764213
124139129.207301,1489.617925059666
124144619.88057141,1490.0905349940845
124150110.72380725,1490.4866950379032
124155601.59081492,1490.9544454583324
124161092.28712556,1491.4629922257334
124166582.95088853,1492.0224920620763
124172073.54392721,1492.5229996478718
124177564.09399804,1493.0630948581215
124183054.71798337,1493.5568157757516
124188545.39523417,1493.8303206548492
124194035.84848939,1494.1100089346758
124199526.38933863,1494.5274917833497
124205017.05134302,1494.9297892736909
124210507.69040523,1495.390515892234
124215998.35756265,1495.8625841975143
124221488.95343967,1496.381093638682
124226979.44595404,1496.9463099277684
124232470.00424843,1497.3819452119042
124237960.69695629,1497.7942718484649
124243451.3834198,1498.2466291783207
124248941.89519013,1498.7918771343918
124254432.40062189,1499.3199327509421
124259922.82945514,1499.7989277971628
124265413.22043467,1500.348248891511
124270903.79005212,1500.7494814873507
124276394.2467199,1500.9740423153974
124281884.58951283,1501.3033938695446
124287375.03990287,1501.6986211632793
124292865.5746306,1502.1238042739142
124298356.08830716,1502.5701006478034
124303846.5974434,1503.01622038552
124309337.05648006,1503.5446202747066
124314827.4311202,1504.0605155267006
124320317.89777385,1504.4531613996187
124325808.52155446,1504.8665894931116
124331299.0541636,1505.3141153374688
124336789.4647173,1505.8620222209327
124342279.8540325,1506.3353108902124
124347770.1835111,1506.7988955299902
124353260.50329675,1507.3518009645477
124358751.00869605,1507.683779154353
124364241.2633201,1507.913804515544
124369731.54097755,1508.2982283045305
124375221.9325303,1508.6561416081468
124380712.3592277,1509.08076284688
124386202.78625567,1509.500786000027
124391693.18887079,1509.9639760926148
124397183.51035306,1510.5037354251501
124402673.78876096,1510.9625886162996
124408164.1964165,1511.3120452565524
124413654.72277598,1511.739950462906
124419145.09184146,1512.1716012418688
124424635.42314115,1512.6873788424778
124430125.69649239,1513.135644504026
124435615.93298838,1513.609509499421
124441106.19040744,1514.1187210299618
124446596.59102528,1514.3536971151432
124452086.71931756,1514.6058702150165
124457576.9381223,1514.9733263679905
124463067.26879488,1515.3400095399736
124468557.57881238,1515.7452746715135
124474047.91167511,1516.153630864563
124479538.22222826,1516.604146577565
124485028.42318365,1517.124201498859
124490518.64421049,1517.5319090526527
124496008.99828176,1517.8925988485398
124501499.42735386,1518.2941105984048
124506989.66048351,1518.7749314992052
124512479.88577105,1519.261732206594
124517970.0307054,1519.698845068362
124523460.14022803,1520.1910875847364
124528950.35156834,1520.6130458006105
124534440.55651535,1520.8203761585016
124539930.59094469,1521.0692278611436
124545420.7200836,1521.4318551228757
124550910.95843115,1521.791600809956
124556401.16554125,1522.1772752584975
124561891.41422541,1522.5978087285075
124567381.60004914,1523.0628869145671
124572871.66996996,1523.556035280174
124578361.81905256,1523.9105128909614
124583852.13116074,1524.2864156853234
124589342.3969521,1524.640448799903
124594832.53025542,1525.1381437076768
124600322.62691158,1525.5682312371398
124605812.65791343,1526.0078117817977
124611302.65631531,1526.5159575019245
124616792.82284053,1526.85061426814
124622282.83662356,1527.0562604868628
124627772.79195957,1527.3703054933592
124633262.82105008,1527.7060454942516
124638752.9263583,1528.0701557990633
124644243.02321705,1528.4617985370867
124649733.12644653,1528.8784699676864
124655223.14110126,1529.353380489041
124660713.08229502,1529.8001326114033
124666203.1298037,1530.1402783823914
124671693.3389351,1530.5152015283563
124677183.408734,1530.912750646256
124682673.37466796,1531.4051995458742
124688163.29460159,1531.8354720653538
124693653.15929312,1532.2555739224706
124699143.01842572,1532.7358310631246
124704633.05290177,1532.987320750582
124710122.87386023,1533.177051588653
124715612.7135317,1533.479508419463
124721102.6483833,1533.7979519990674
124726592.59896684,1534.1637316602867
124732082.58085494,1534.5537373670174
124737572.53867619,1534.9517479522287
124743062.39857788,1535.426510661582
124748552.24268079,1535.820874309704
124754042.2263633,1536.1617942764012
124759532.29389712,1536.5372571159337
124765022.20819387,1536.9516133889413
124770512.06247698,1537.4091463316886
124776001.8601257,1537.8103534120644
124781491.61839637,1538.237486690093
124786981.41317482,1538.6765785032162
124792471.33266144,1538.8727892909699
124797961.01839654,1539.0969327279356
124803450.74848989,1539.4225041764457
124808940.59167302,1539.733270198023
124814430.4132393,1540.1067582050894
124819920.28460991,1540.4883292813254
124825410.08443548,1540.8784344957573
124830899.78109814,1541.3482045336873
124836389.5163825,1541.6940837411203
124841879.42473012,1542.0068351654681
124847369.34052147,1542.3384796376595
124852859.1187337,1542.7651021989593
124858348.86382714,1543.1923505233551
124863838.5510619,1543.5757722750518
124869328.20609337,1544.0104375276621
124874817.97709325,1544.3665001024715
124880307.7234049,1544.5532608397425
124885797.29362838,1544.773705953934
124891286.95273066,1545.092547414246
124896776.71976206,1545.4122391968754
124902266.4610872,1545.7806824000932
124907756.2220995,1546.134947053549
124913245.91090186,1546.5430294605649
124918735.52098154,1546.968648334292
124924225.21487284,1547.2973929609632
124929715.03476575,1547.6086758553024
124935204.8004229,1547.9654731594042
124940694.4331487,1548.3984058205303
124946184.05296312,1548.805088821743
124951673.60098113,1549.1733058022821
124957163.12039241,1549.6186275669306
124962652.81165622,1549.9015249749393
124968142.33859502,1550.0407851754267
124973631.80803527,1550.2987416850408
124979121.38735373,1550.589553383401
124984611.0315136,1550.9239022102488
124990100.67040418,1551.2635807914917
124995590.29179491,1551.6141962855734
125001079.85007142,1552.0390706756123
125006569.3443932,1552.424614247225
125012058.94715607,1552.709498730534
125017548.68251358,1553.0070948919056
125023038.32123569,1553.3361998887194
125028527.85537328,1553.7653919901034
125034017.38061579,1554.1314781370475
125039506.85333149,1554.488289209712
125044996.32314253,1554.9260351129394
125050485.98024425,1555.1358390302712
125055975.36705227,1555.2855364145062
125061464.81047125,1555.5780047237624
125066954.34733619,1555.8589200784106
125072443.89707643,1556.1865850545241
125077933.47329158,1556.5027718517813
125083423.02057381,1556.8502448396898
125088912.47501688,1557.2754781801
125094401.91328602,1557.6094574663857
125099891.48634295,1557.8678066746575
125105381.15809907,1558.1855744511604
125110870.66463907,1558.5285837669337
125116360.14069931,1558.938608399466
125121849.53944993,1559.2710085697427
125127338.90721837,1559.6545127022407
125132828.31811379,1560.0390887839105
125138317.82489851,1560.1746165793454
125143807.09226827,1560.3502035242986
125149296.47182976,1560.6353238772904
125154785.95998517,1560.9107097680105
125160275.41917816,1561.2186627427964
125165764.89658982,1561.5470258004004
125171254.33842811,1561.9131406704555
125176743.67004703,1562.3168856309196
125182233.05193473,1562.6088072929676
125187722.57175878,1562.8986568178648
125193212.12047115,1563.1897428848456
125198701.50242716,1563.5673704684148
125204190.86305824,1563.9302068297675
125209680.15237409,1564.2612536795095
125215169.41063175,1564.6498052111356
125220658.79669799,1564.9446657097517
125226148.12652667,1565.0614086061448
125231637.34020782,1565.255653012972
125237126.63530318,1565.5275648110608
125242616.01874477,1565.8022565265514
125248105.37080981,1566.084105870607
125253594.75755996,1566.4056695890354
125259084.07200222,1566.7657230994744
125264573.28559256,1567.1344915932507
125270062.58558588,1567.3805994014356
125275552.05294734,1567.6702200544796
125281041.43472585,1567.9422853153146
125286530.71369426,1568.34998943161
125292019.95048843,1568.6846241442609
125297509.12549774,1569.0053918114722
125302998.27435307,1569.3986927686854
125308487.60057779,1569.6147465388542
125313976.74366409,1569.7158349053725
125319465.86728686,1569.9383835572548
125324955.0768773,1570.1855731716676
125330444.33912587,1570.4628103316015
125335933.60301538,1570.754276440799
125341422.86432897,1571.0796770328911
125346912.0231496,1571.445318751058
125352401.13536821,1571.7690807339686
125357890.36917517,1572.0191980916056
125363379.74702209,1572.2882072987854
125368868.9610526,1572.5944018211542
125374358.09167203,1572.9652299283675
125379847.17508307,1573.2888064746562
125385336.20931406,1573.614874748203
125390825.24442787,1573.9881740126093
125396314.44994141,1574.1292691080173
125401803.40628928,1574.2726592826348
125407292.38821189,1574.5080212383837
125412781.47708595,1574.7402292814086
125418270.567754,1575.0206893186946
125423759.69371383,1575.317397781005
125429248.76968631,1575.6174445630854
125434737.74589624,1575.9868576545946
125440226.72975825,1576.264914997346
125445715.85957369,1576.5193347749507
125451205.03983082,1576.7835852039514
125456694.06119876,1577.1175211471561
125462183.0188273,1577.4743273639167
125467671.92609671,1577.775975213442
125473160.80463313,1578.1029822923101
125478649.73921187,1578.4175437796948
125484138.76475522,1578.523809448062
125489627.58017638,1578.6350325961628
125495116.46297078,1578.8765542219246
125500605.45609994,1579.109786097674
125506094.42308123,1579.3855693632227
125511583.43301834,1579.6613322560543
125517072.37438855,1579.9630203413249
125522561.23110168,1580.3095324390285
125528050.14455402,1580.5573259824566
125533539.20434587,1580.8038978756276
125539028.26682192,1581.0625948462418
125544517.17328341,1581.3957711830585
125550006.05612594,1581.7189047456668
125555494.86544977,1582.0032264229635
125560983.64869344,1582.3428683004263
125566472.57253613,1582.5895604494553
125571961.43240914,1582.6899233699128
125577450.13688385,1582.85129254091
125582938.94152866,1583.0856975184722
125588427.84100564,1583.324591823628
125593916.7191237,1583.5899098917664
125599405.59299824,1583.8484961928527
125604894.40371756,1584.1748766583878
125610383.13309804,1584.4855419518174
125615871.97067459,1584.6983652261977
125621360.9417328,1584.9125600064121
125626849.8656204,1585.1609999606644
125632338.65508932,1585.4991581861718
125637827.4394501,1585.7857191067299
125643316.16528536,1586.0524417192553
125648804.86960968,1586.3970844405364
125654293.75667888,1586.5758905828607
125659782.43459433,1586.6437393010942
125665271.09415326,1586.8423032459432
125670759.85380355,1587.0516221257371
125676248.65883704,1587.3074054058534
125681737.4528524,1587.5408861519807
125687226.22281593,1587.8063770389087
125692714.93107721,1588.1277741064837
125698203.59650189,1588.399991688595
125703692.38101466,1588.588911393169
125709181.27992314,1588.8438924048764
125714670.04141055,1589.0882889146137
125720158.72912885,1589.439451936824
125725647.36132881,1589.6987397735309
125731135.9556299,1589.9730415178237
125736624.55777934,1590.3001882199073
125742113.31876837,1590.3974016149357
125747601.81479186,1590.4810211060712
125753090.38406293,1590.6810175371072
125758579.06214975,1590.879433227665
125764067.72953944,1591.1158264823798
125769556.4181946,1591.3555225678533
125775045.07851739,1591.6162894480922
125780533.63963096,1591.9317978511685
125786022.20986028,1592.1593541467696
125791510.91909209,1592.344797705489
125796999.72578527,1592.550195830914
125802488.34462036,1592.8183739197214
125807976.95032384,1593.1160582485852
125813465.49113968,1593.3517434319388
125818954.01098683,1593.6524915113855
125824442.60448179,1593.9263192900844
125829931.2391047,1593.9920041536025
125835419.69682398,1594.0980688093555
125840908.2187795,1594.3007535021284
125846396.84159636,1594.4943794060287
125851885.42943032,1594.7057784112076
125857374.06923772,1594.9376778312228
125862862.65143915,1595.2043757766392
125868351.12785566,1595.4980359224967
125873839.66816744,1595.6873536191451
125879328.3685858,1595.8874278709086
125884817.05793272,1596.0775488304068
125890305.60418162,1596.370863905602
125895794.11800468,1596.6239170627484
125901282.58005187,1596.873581847948
125906771.0048926,1597.1780228661949
125912259.56824137,1597.3651030713643
125917748.0373641,1597.4250138065374
125923236.41278645,1597.5406926700775
125928724.87798084,1597.7206215416668
125934213.4244522,1597.9149661130289
125939701.9414781,1598.1376287504133
125945190.48617677,1598.377375627821
125950678.94225357,1598.6475759846467
125956167.32582597,1598.9071652431558
125961655.81278929,1599.0875610378175
125967144.4615448,1599.2763726331816
125972633.01531889,1599.48059133941
125978121.45065185,1599.7725501268214
125983609.85957716,1600.014881284368
125989098.21409369,1600.2416913079383
125994586.54505,1600.542649706198
126000075.05436376,1600.6661157247584
126005563.36121303,1600.6991228920158
126011051.66781637,1600.8291175131178
126016540.0734513,1601.000832817019
126022028.50929636,1601.2001692814656
126027516.9769447,1601.4046896371483
126033005.41389419,1601.618738012221
126038493.75841288,1601.9023721871233
126043982.06889422,1602.1265776923717
126049470.51871035,1602.286987035762
126054959.05426875,1602.4619323306597
126060447.4782057,1602.6852280964397
126065935.81862664,1602.9670761103396
126071424.11869732,1603.1976494590808
126076912.3615058,1603.4314315197507
126082400.61618966,1603.7028254542456
126087889.02598003,1603.7605340827497
126093377.18409441,1603.797179204853
126098865.41015129,1603.9624676446906
126104353.73990908,1604.1251518921922
126109842.05708387,1604.3216628166238
126115330.41140863,1604.520458804346
126120818.70763013,1604.741089378706
126126306.90702553,1605.0208305667782
126131795.12575167,1605.2041739786464
126137283.49902008,1605.3415004312185
126142771.91943927,1605.53097536506
