Event_Midpoint_s,Duration_s
9492030.831619307,502.2578729738889
9497444.778867934,508.5511401318695
9502858.836635398,515.3545866058607
9508272.759088911,523.4821415397994
9513686.54828714,531.4720852078644
9519100.112551933,539.1180759305298
9524513.48417141,546.5007913759368
9529926.687594125,553.1607230196688
9535339.675784225,559.4006301764107
9540752.718904104,566.4857765390075
9546166.08280633,572.6231954660907
9551579.408753708,578.6517523159297
9556992.382679407,585.7174271323106
9562404.942393731,593.1719620439799
9567817.261679249,600.1236270845343
9573229.411316821,607.0257858856162
9578641.28112755,613.0264066230957
9584053.18215127,618.0024794156993
9589465.139541822,623.4257456821601
9594877.085744042,629.9698335372476
9600288.8416983,636.3952984459925
9605700.312225258,642.2331826438439
9611111.630390614,648.3266504715093
9616522.74271388,653.5265565799396
9621933.674084334,658.6854347674994
9627344.625622295,664.3556911562034
9632755.931430334,669.3250362836338
9638167.13304887,674.0698844407385
9643578.004100682,679.9616799730834
9648988.462643484,686.3329605117989
9654398.673355304,692.0689005000272
9659808.689423952,698.0500482623863
9665218.41244429,702.9555173179965
9670628.189963585,707.1424652810713
9676038.049985167,711.6897810534961
9681447.767062113,717.242767230869
9686857.358739013,722.5376592455673
9692266.695592,727.746883019251
9697675.81078228,732.825226484164
9703084.766650759,737.3704003657962
9708493.481954057,741.6925609426917
9713902.272081003,746.6617299169361
9719311.347209215,750.9438965240197
9724720.374754505,755.2177456882654
9730129.015421644,760.3086755104309
9735537.219820648,765.7222884577576
9740945.226077419,770.683880577677
9746352.983919043,775.7563340298487
9751760.492576405,779.9831426082128
9757168.045216706,783.619983344173
9762575.681200633,787.7800636027318
9767983.18245208,792.4424819969083
9773390.563090365,797.0747839386299
9778797.592382189,801.6891887716722
9784204.451822346,806.1269829381781
9789611.108411275,810.1525058942154
9795017.554366425,813.9261857684687
9800424.04218468,818.3639292962326
9805830.786164882,822.0371406156792
9811237.451709962,825.959749784263
9816643.752553832,830.4681255969017
9822049.635113262,835.1560764075392
9827455.300338196,839.5612008938565
9832860.743574573,843.9517323730978
9838265.912166132,847.7324352281521
9843671.1279018,850.9774651845676
9849076.389938204,854.631004452353
9854481.596444348,858.8280730709771
9859886.637296157,863.016025407765
9865291.305862822,867.0227268933982
9870695.832361631,871.0618724643355
9876100.11846421,874.6151092227242
9881504.217379102,878.0359781614106
9886908.333579859,881.9838250062853
9892312.70455927,885.2580538055404
9897716.939988432,888.7412397262909
9903120.835866457,892.799498165663
9908524.336537601,897.0415897777241
9913927.585357113,900.988145729697
9919330.645584786,904.9605155608294
9924733.389905889,908.3644390505833
9930136.182290329,911.3045088808561
9935539.005386103,914.5319934514728
9940941.790310834,918.4673956295687
9946344.380578933,922.2671121954921
9951746.619515207,925.8250974140853
9957148.701042794,929.5334125142228
9962550.5427305,932.7163329172279
9967952.191325478,935.8465714589515
9973353.855919844,939.3740260879465
9978755.764970144,942.3605601202507
9984157.51246987,945.4967334499233
9989558.91671208,949.1941716791928
9994959.925797837,953.0584782862124
10000360.675328013,956.638067637447
10005761.23455838,960.2553025986746
10011161.469976844,963.3553562545881
10016561.750639161,966.0245254822496
10021962.057312561,968.9436529946103
10027362.32099691,972.5588658594047
10032762.381759966,976.0402036767991
10038162.092738256,979.3063266492104
10043561.635549597,982.7203377880437
10048960.9317781,985.6565589109861
10054360.03165643,988.5344121883272
10059759.135505112,991.7830796127157
10065158.47289713,994.531960794097
10070557.640060788,997.4379433451753
10075956.456388049,1000.8369020345169
10081354.871065222,1004.3766080176777
10086753.022039162,1007.668535945114
10092150.971191285,1010.9862864828225
10097548.59662491,1013.846221655506
10102946.254479187,1016.2990853230064
10108343.937039293,1018.9961103092066
10113741.569635892,1022.288434055859
10119138.995529894,1025.5134601605093
10124536.054651394,1028.5584732603402
10129932.942839498,1031.7060595056928
10135329.577442084,1034.4401345183446
10140726.008507904,1037.093396663283
10146122.43092951,1040.1068321706778
10151519.067990389,1042.652437651294
10156915.542482872,1045.3541065838117
10162311.658108052,1048.5018194386496
10167707.363076566,1051.77636985237
10173102.801608795,1054.8370221794555
10178498.020572709,1057.9110994491173
10183892.91868308,1060.5744406665142
10189287.827964881,1062.8462028935428
10194682.771813389,1065.3970693581748
10200077.637243887,1068.4175536145574
10205472.297304692,1071.410784523354
10210866.574234625,1074.2722724531377
10216260.66680061,1077.1636412805
10221654.505980862,1079.7358023042548
10227048.126663445,1082.1772015360334
10232441.742468858,1085.0134501597465
10237835.545434324,1087.416087670205
10243229.21274141,1089.9516294754173
10248622.503741398,1092.8850198019554
10254015.352706086,1095.948707621592
10259407.954933774,1098.8014680186398
10264800.291303996,1101.7052927108218
10270192.327158917,1104.1830776210254
10275584.352970183,1106.3000279163732
10280976.44436031,1108.7122411918149
10286368.334583668,1111.4810659261361
10291760.063193478,1114.2330454714397
10297151.445687154,1117.0305099170494
10302542.582124302,1119.736494289351
10307933.503878348,1122.1800871759904
10313324.154353883,1124.4770788415617
10318714.824663633,1127.1095449293557
10324105.669592047,1129.466112906352
10329496.404823044,1131.730035464165
10334886.715380372,1134.484008202604
10340276.571541786,1137.4488830761563
10345666.15940991,1140.0827903867903
10351055.486145215,1142.9106363824362
10356444.473580997,1145.2354894815867
10361833.447889416,1147.2283854895954
10367222.469480498,1149.3588146864095
10372611.301799864,1152.0964572583152
10377999.947752709,1154.6990909351953
10383388.307329075,1157.2111594828973
10388776.376587344,1159.8547224012054
10394164.219868796,1162.082410942174
10399551.80774226,1164.313466834698
10404939.342807904,1166.719876036008
10410327.063294347,1168.9484515211043
10415714.626135126,1171.036509503896
10421101.817069326,1173.6258390976745
10426488.579560855,1176.375682463301
10431875.014669014,1178.856239351514
10437261.23074704,1181.437092752679
10442647.077422103,1183.6945316355122
10448032.874904227,1185.5812705868966
10453418.710761528,1187.6506437017788
10458804.405374456,1190.0894284994038
10464189.866194466,1192.5939921876127
10469574.964201692,1195.0539667029193
10474959.807813482,1197.5242145110428
10480344.402006743,1199.7290418989887
10485728.72002008,1201.8210043187912
10491112.996622186,1204.1485834015512
10496497.421966532,1206.3430261273509
10501881.740204863,1208.304898267281
10507265.628069218,1210.7512707885492
10512649.052896244,1213.4207658755129
10518032.152395472,1215.777616204016
10523414.996017702,1218.3225368103078
10528797.463567354,1220.4825084535419
10534179.861328939,1222.2857075606466
10539562.305588113,1224.2035090742247
10544944.562629638,1226.6726092355004
10550326.54895147,1229.062481299779
10555708.223403579,1231.3043128701354
10561089.58925143,1233.671658911697
10566470.69805462,1235.702958395563
10571851.533434575,1237.7300168424817
10577232.2557493,1239.8551959628226
10582613.18138325,1241.9691758376673
10587993.943342425,1243.8264590807953
10593373.784661934,1244.2228792646397
10598755.489051737,1245.6976540870812
10604138.29960445,1244.1590870448147
10609520.497833457,1246.3721327246328
10614904.150679458,1244.6370765046036
10620287.351988425,1246.2194432899933
10625672.3925436,1244.1851181279562
10631056.972102566,1246.2259798295431
10636443.097805487,1244.611677800467
10641828.5837418,1246.7510010075675
10647215.539438607,1245.0662559108382
10652601.982107867,1247.0056374388962
10657989.877979703,1244.9407656066367
10663377.447201127,1246.8958156339786
10668766.877164714,1244.980059652854
10674156.035405802,1246.6663625305332
10679546.482704395,1244.865868106441
10684936.279480388,1247.1981609961204
10690327.432463564,1245.3232540532854
10695718.148791146,1247.5387762596795
10701110.207942609,1245.5151421763019
10706502.00598244,1247.0644462254425
10711895.532655345,1244.759444463716
10717288.759199865,1246.8253388222083
10722683.396643171,1244.9784748396903
10728077.626226675,1247.0343513212272
10733473.18364094,1245.1568071724294
10738868.41517398,1246.9811958536566
10744265.008029202,1244.7752900267167
10749661.398851745,1246.5982696809638
10755059.60827416,1244.5699461941206
10760457.648825012,1246.1325192474728
10765856.946840217,1244.2199815021388
10771255.731495872,1246.49411353766
10776655.798379552,1244.5259534168113
10782055.548769025,1246.6770664667704
10787456.59451001,1244.593125300549
10792857.470040426,1246.071894386492
10798260.041438295,1243.7170969811825
10803662.411527399,1245.7176147184312
10809066.168342384,1243.8607151015785
10814469.579383358,1245.824482171782
10819874.327071384,1243.9563290550752
10825278.795676865,1245.7030318760587
10830684.644684397,1243.5304646085772
10836090.329793416,1245.2732191990617
10841497.853226187,1243.3047402858679
10846905.232105589,1244.8115991474663
10852313.907288017,1242.9812726115647
10857722.069152333,1245.1523231966794
10863131.592000855,1243.2941327293563
10868540.775293943,1245.3282827458092
10873951.34731686,1243.3707199350906
10879361.717810687,1244.7608178976352
10884773.87963765,1242.6062617058576
10890185.76276796,1244.4320269535883
10895599.18141711,1242.756701200738
10901012.167658884,1244.67045779907
10906426.626270136,1243.0032470361057
10911840.710974729,1244.6889718726416
10917256.31866239,1242.7426709274368
10922671.68896466,1244.4418204693843
10928088.996623226,1242.6748191590611
10933506.102523662,1244.2656262917428
10938922.919882592,1246.2098401804708
10944339.395002509,1248.2864419394896
10949755.62655411,1250.1683592117147
10955171.720113339,1252.1224466341562
10960587.555100754,1253.8471966751376
10966003.386528319,1255.2177076006055
10971419.324198974,1256.6896134220995
10976835.239950836,1258.5861436352216
10982250.951190947,1260.5291064128266
10987666.437874867,1262.3036600015705
10993081.74338571,1264.1821223137883
10998496.887556946,1265.7793069336108
11003911.860940818,1267.3503353329502
11009326.833839752,1268.9885358893678
11014742.065478345,1270.6690112351855
11020157.242853103,1272.089778591822
11025572.140702955,1273.9414120307422
11030986.698889116,1275.9676969397697
11036401.000606172,1277.7437543370413
11041815.150015982,1279.6538023835944
11047229.031639254,1281.2595653405044
11052642.922754582,1282.5615015007866
11058056.938298294,1283.9724191812277
11063470.84210018,1285.801089357022
11068884.602663144,1287.623575835384
11074298.14560745,1289.3857344200176
11079711.476075042,1291.144000010483
11085124.655903628,1292.6877769275345
11090537.644682625,1294.152691013193
11095950.667928793,1295.7792105693882
11101363.903694466,1297.320198068075
11106777.098713785,1298.7544697590706
11112189.976270147,1300.5016190315382
11117602.49525897,1302.3619606588695
11123014.790855078,1304.0539707233434
11128426.927675845,1305.789397370895
11133838.815341264,1307.3032553806302
11139250.714148765,1308.5259827464465
11144662.709303169,1309.8619937805963
11150074.65255091,1311.5343060350142
11155486.410214521,1313.278941133392
11160897.901692025,1314.8877209275445
11166309.242266148,1316.5768280563107
11171720.387245681,1317.9989415067785
11177131.375706611,1319.3957083401665
11182542.372034287,1320.9116545022089
11187953.606415575,1322.323995870201
11193364.747482711,1323.6401092328856
11198775.611955466,1325.3030993327557
11204186.13461372,1327.1039689516617
11209596.407140153,1328.6986249630531
11215006.532164289,1330.4021574223184
11220416.379096366,1331.8060437763402
11225826.25409806,1332.9631994028202
11231236.21220104,1334.1890585326482
11236646.061071211,1335.8476924732868
11242055.765942236,1337.470726919481
11247465.253887042,1339.0445717920827
11252874.52067625,1340.6142152832167
11258283.649308067,1341.9811467698487
11263692.57982545,1343.2874563422547
11269101.565562796,1344.7520700804034
11274510.764595704,1346.0986710587063
11279919.882275777,1347.4075990613271
11285328.672062723,1348.9874403102947
11290737.088158432,1350.677054583749
11296145.300422352,1352.2049223158365
11301553.312198685,1353.7999459350315
11306961.08862281,1355.114222736205
11312368.88493538,1356.206133593401
11317776.775448205,1357.447009542949
11323184.51581182,1358.9454249259074
11328592.117623188,1360.4890162560391
11333999.444886439,1362.0321207420593
11339406.590185244,1363.5063045386653
11344813.563099083,1364.8230486230627
11350220.344185604,1366.0346286089434
11355627.17270588,1367.4592435150416
11361034.198361833,1368.682150667107
11366441.16825248,1369.9268407474992
11371847.809294928,1371.4273249230612
11377254.075866153,1373.0295880210813
11382660.133916384,1374.4984412322692
11388065.986584757,1376.0202698059943
11393471.606081331,1377.2814668584012
11398877.236572416,1378.3179831310536
11404282.927897498,1379.4949805169756
11409688.495485889,1380.935161519953
11415093.928032657,1382.436733318053
11420499.067723166,1383.9076872648893
11425904.031914439,1385.3278712280514
11431308.802610429,1386.577929065623
11436713.388554454,1387.744442295546
11442118.004748423,1389.105344139895
11447522.816465113,1390.2424795763698
11452927.555606013,1391.4263079177695
11458331.964259982,1392.8553304495235
11463735.993936375,1394.3841621252718
11469139.808931846,1395.7804647306853
11474543.421957193,1397.23521291569
11479946.794131964,1398.4351173367668
11485350.181752633,1399.420551888855
11490753.606724907,1400.5032568176368
11496156.925122023,1401.8883235188628
11501560.099667266,1403.3284015369247
11506962.986629,1404.7323923090134
11512365.692866392,1406.1090623954763
11517768.197415698,1407.2986047399133
11523170.515321154,1408.423288837674
11528572.857852168,1409.7232057896454
11533975.39724763,1410.808032152966
11539377.842656778,1411.9334004318503
11544779.956002431,1413.2967949105632
11550181.685645327,1414.7589365346369
11555583.195970042,1416.0854437343205
11560984.50444867,1417.4788510100927
11566385.564480025,1418.6181914806925
11571786.641391525,1419.556522314168
11577187.745874539,1420.5716927237333
11582588.739932658,1421.9042106595732
11587989.582186496,1423.2788530827406
11593390.14155699,1424.6207976062763
11598790.51128757,1425.9431995581792
11604190.677203866,1427.077785173818
11609590.651068114,1428.1551501413585
11614990.646753222,1429.3967943106547
11620390.836012907,1430.432796073681
11625790.921671323,1431.5019757536727
11631190.673360415,1432.804216385821
11636590.036854485,1434.2060686433103
11641989.176041482,1435.4732725082777
11647388.110136552,1436.81080848938
11652786.790155994,1437.8997378716178
11658185.481145052,1438.7947841503956
11663584.19203488,1439.7647934856086
11668982.786154028,1441.0471238961484
11674381.223775448,1442.3670060821182
11679779.37489978,1443.6516425260013
11685177.330171075,1444.9170754622498
11690575.075541336,1446.001918897775
11695972.623144569,1447.0300030306914
11701370.18643535,1448.2158487978304
11706767.935633434,1449.199959818734
11712165.583786272,1450.2151780726253
11717562.89557648,1451.460219331256
11722959.814971186,1452.8077235529358
11728356.503247771,1454.0274080996867
11733752.980703348,1455.3142192609837
11739149.20043624,1456.3630876527463
11744545.417406993,1457.218519602708
11749941.64960286,1458.1660378223307
11755337.753886808,1459.4001027151469
11760733.700389735,1460.6727921224335
11766129.34919411,1461.9047514623835
11771524.796088854,1463.1059085225274
11776920.027370065,1464.145821312641
11782315.052190997,1465.1193678597717
11787710.088460857,1466.2518943638956
11793105.298134875,1467.1893133306937
11798500.421402277,1468.1524602489833
11803895.205289898,1469.3442682572024
11809289.592765585,1470.642808318999
11814683.743332105,1471.820978079243
11820077.672441605,1473.0619284539362
11825471.340894843,1474.0717960324253
11830864.988312373,1474.8912155860453
11836258.663373012,1475.8395493171947
11841652.170799626,1477.027163089934
11847045.515248885,1478.239147387225
11852438.56023368,1479.4231565060732
11857831.383288817,1480.5468659585777
11863224.006036835,1481.5466264995182
11868616.403114345,1482.4651679697606
11874008.821693266,1483.5466502346073
11879401.409032935,1484.4759924548534
11884793.909393981,1485.3889347757163
11890186.066805854,1486.5324657639453
11895577.822994076,1487.7868690983696
11900969.334858282,1488.9145373764575
11906360.617377663,1490.1140569182899
11911751.626139399,1491.0743124670744
11917142.61006716,1491.8610792953416
11922533.633759275,1492.7556822333881
11927924.460451866,1493.8982786538197
11933315.105791546,1495.046927246069
11938705.474864835,1496.1873738371428
11944095.596576385,1497.2740378666608
11949485.531764682,1498.2382986745029
11954875.232648376,1499.1467525591897
11960264.935990382,1500.178583000558
11965654.820106767,1501.1056551297124
11971044.57809022,1501.9715270853417
11976433.99417314,1503.0726668045636
11981823.0053152,1504.2950428023069
11987211.746826537,1505.3701469578846
11992600.289964367,1506.5309142995873
11997988.522200758,1507.474019571237
12003376.720687425,1508.232586903427
12008764.929363035,1509.0498570899706
12014153.03354964,1510.2021116877443
12019540.889220793,1511.3407471318353
12024928.44377804,1512.3699447921902
12030315.783811988,1513.4536727196257
12035702.877255196,1514.364296596804
12041089.763594577,1515.2464967630654
12046476.600284714,1516.2258563221208
12051863.626873702,1517.1078919624224
12057250.514529949,1517.9809135433093
12062637.088236485,1519.0331044358393
12068023.261046302,1520.1717937841058
12073409.142143942,1521.234354792849
12078794.803917577,1522.3149814867343
12084180.175738638,1523.2552957091482
12089566.079677243,1520.8788458999659
12094952.445305357,1519.941855233381
12100340.63972829,1520.243337025548
12105730.392779768,1519.2776356406516
12111119.36857176,1520.0750137263285
12116510.053404514,1518.9876626393302
12121900.06256385,1519.6319729999614
12127291.779123534,1518.3456585864133
12132683.014290394,1519.0073469717022
12138076.339381779,1517.7563895698295
12143469.141007578,1518.2632700208474
12148863.52871809,1517.135631468655
12154257.102633124,1518.0235361016119
12159652.316360746,1516.874538366863
12165046.89885352,1517.7013160853724
12170443.111933524,1516.436004853949
12175838.85076432,1516.8706342748224
12181236.558970738,1515.4688930548575
12186633.70923009,1516.2460941774411
12192032.579721456,1515.1379838185471
12197430.792694382,1515.8897308978678
12202830.66055195,1514.6965735684705
12208229.950172175,1515.307812132981
12213630.920613885,1513.938110204074
12219031.479576172,1514.543772368685
12224434.111386275,1513.243936359646
12229836.281504035,1513.705513974283
12235240.040690908,1512.5350214521834
12240643.04751369,1513.3753285702546
12246047.696627593,1512.1995548716166
12251451.75959293,1512.9689061721735
12256857.47073728,1511.6973497367273
12262262.73900523,1512.0737592395508
12267669.997792894,1510.6933306925575
12273076.719195632,1511.3838614706515
12278485.202129092,1510.3168083690946
12283893.027456678,1511.0095902527867
12289302.56459362,1509.8730253231763
12294711.512756672,1510.4094685461653
12300122.202839494,1509.1162608508257
12305532.475411816,1509.6656260826849
12310944.87574012,1508.4368435132828
12316356.791832788,1508.8528856801854
12321770.369489973,1507.794781027752
12327183.152184287,1508.4930058855548
12332597.67523096,1507.4657243408976
12338012.342991835,1505.4123636335107
12343427.253226636,1504.4284812385197
12348844.083476743,1504.3228825299695
12354262.798308818,1503.115201820178
12359681.833555568,1501.0147379584732
12365101.103691671,1500.1303505881908
12370522.005185448,1500.2930545980457
12375944.633242285,1499.4012632016374
12381367.513005294,1497.156406232038
12386790.618721323,1495.9316076430755
12392215.57325294,1495.9996286130643
12397642.686744565,1495.0230148623386
12403070.241160944,1492.7309517977205
12408497.845847176,1491.571152361446
12413927.081409782,1492.2663721628098
12419355.723608945,1491.0318106359894
12424786.12965575,1491.6887941078608
12430215.965907047,1490.2518806564296
12435647.723008962,1490.5618827983722
12441079.216748297,1489.0011973128196
12446512.47882866,1489.64245618305
12451945.326838454,1488.2842933597697
12457379.759869112,1488.9598878766358
12462813.789541854,1487.4896129777408
12468249.449347828,1488.015893503736
12473684.753459467,1486.2834795761216
12479121.874141231,1486.897054229421
12484559.044182654,1485.0788695188226
12489997.83663195,1485.590232803137
12495436.265383972,1483.918450865462
12500876.020568551,1484.6930386990723
12506315.570652394,1482.9506260230626
12511756.54725691,1483.6843660602683
12517197.345021151,1484.2611269501986
12522638.23528232,1484.7009521759517
12528079.212328438,1485.243418821347
12533520.137263503,1486.013003484175
12538960.975493416,1486.8041597954027
12544401.603057956,1487.5429092898212
12549842.1232688,1488.2843358901137
12555282.53580762,1488.867007014508
12560722.831695182,1489.4061963682047
12566163.28910227,1490.0793212261783
12571603.93692762,1490.5580570558911
12577044.535753915,1491.142072879917
12582484.90947615,1491.8933877563093
12587924.996036354,1492.6733460518165
12593364.970595283,1493.4144044661707
12598804.80569545,1494.1496076800872
12604244.487825757,1494.6741366499778
12609684.299323615,1495.0968350836188
12615124.172770824,1495.5811628015783
12620563.99289719,1496.35936460443
12626003.688032098,1497.0792714659506
12631443.211760936,1497.7861947496006
12636882.604707537,1498.4565982396773
12642321.909386564,1499.0104562336662
12647761.114089267,1499.4899541730592
12653200.515374992,1500.1532041895089
12658640.092231942,1500.5426173499636
12664079.561332412,1501.1313295066745
12669518.801810786,1501.8677200860513
12674957.787556123,1502.584058369195
12680396.636732843,1503.2901283621434
12685835.381780779,1503.966568187883
12691273.969654156,1504.4279679177203
12696712.703445692,1504.821756527313
12702151.504921602,1505.2944476536966
12707590.216267496,1506.0443664417962
12713028.806507746,1506.7477111818716
12718467.20832769,1507.4304445267703
12723905.51645185,1508.058980185801
12729343.696948668,1508.5752146414313
12734781.813091703,1509.0503831826427
12740220.132401053,1509.6834197838093
12745658.632257264,1510.0568658813763
12751096.970283164,1510.6194944131296
12756535.082278745,1511.3383023388008
12761972.954024062,1512.0183949777665
12767410.690085694,1512.7044934478647
12772848.304152852,1513.3375840343924
12778285.786878474,1513.7406748233088
12783723.425231358,1514.1090946637592
12789161.129639434,1514.6003885314858
12794598.72080589,1515.3130748990043
12800036.185817108,1515.9608844823595
12805473.452328352,1516.618592571025
12810910.635219794,1517.1873711919793
12816347.680711765,1517.6685183685777
12821784.697091987,1518.1188043365762
12827221.912253292,1518.7008936561303
12832659.299331026,1519.0354139492083
12838096.496522032,1519.5784415778378
12843533.459193738,1520.2779094970683
12848970.194973629,1520.9197927266841
12854406.804060668,1521.5805527317266
12859843.266163787,1522.1694411600315
12865279.641670361,1522.5243730851132
12870716.168166704,1522.859763321047
12876152.73129956,1523.3742787729798
12881589.183514377,1524.0234803710941
12887025.50557216,1524.6462931955896
12892461.623074014,1525.2629555056117
12897897.66868589,1525.7874438748534
12903333.583083306,1526.2257631944608
12908769.484443843,1526.658819639038
12914205.60293438,1527.1777299869002
12919641.84592776,1527.5001904932549
12925077.901706459,1528.046654707736
12930513.708247952,1528.7090268675427
12935949.281406287,1529.2892350336092
12941384.766050518,1529.9215753425492
12946820.07384622,1530.457204745995
12952255.340986313,1530.7773512998597
12957690.75821624,1531.0951342237493
12963126.163830347,1531.61645372279
12968561.45900249,1532.260605342804
12973996.611804258,1532.856553209255
12979431.602901904,1533.4531230012726
12984866.474392233,1533.9439483455556
12990301.229595777,1534.3737012561332
12995735.983917523,1534.8017108148924
13001170.981162239,1535.2891655862138
13006606.038495935,1535.5946342270952
13012040.910456896,1536.123640811163
13017475.533960314,1536.7702960147294
13022909.932917366,1537.317099549715
13028344.241578205,1537.9268922598726
13033778.363303255,1538.413639551688
13039212.474259907,1538.6988646778314
13044646.73124282,1539.0011158993352
13050080.963304587,1539.5345133616752
13055515.0808846,1540.1403380314807
13060949.04456471,1540.712292670202
13066382.849747948,1541.254584072452
13071816.545053875,1541.7091950776596
13077250.118428204,1542.092923333053
13082683.724757569,1542.527463632038
13088117.559059007,1542.9286329744516
13093551.409993952,1543.2479632936
13098985.079555372,1543.7594681533117
13104418.49224238,1544.3712040319026
13109851.687540727,1544.8987036209999
13115284.798312794,1545.4731503979297
13120717.706388088,1545.9130200797924
13126150.64243617,1546.1699937070186
13131583.72575279,1546.4687825278638
13137016.7466051,1546.9942700345832
13142449.673821185,1547.5641139434388
13147882.418774342,1548.1129600608333
13153315.02157599,1548.6239568823055
13158747.50512351,1549.0417211577928
13164179.869045785,1549.394566330774
13169612.288903078,1549.825542976884
13175044.953282556,1550.1698932834752
13180477.59042053,1550.5033704829264
13185910.043255337,1550.9943475499806
13191342.237616783,1551.5772571372543
13196774.240256414,1552.0696214739999
13202206.147729173,1552.6161770454362
13207637.86003318,1552.9968580677667
13213069.631333457,1553.2282845765055
13218501.523893032,1553.517311889366
13223933.341826102,1554.0071747763106
13229365.057835005,1554.5342486857803
13234796.581643792,1555.054454880371
13240227.980193442,1555.5285944130235
13245659.262663612,1555.9071099140751
13251090.424750535,1556.2299835472095
13256521.67259815,1556.6492140042546
13261953.148848122,1556.9316824244784
13267384.604178036,1557.2430299748714
13272815.838330287,1557.7166983727504
13278246.787254628,1558.2685694442175
13283677.584456805,1558.7355701859315
13289108.25890829,1559.2483944666126
13294538.760333342,1559.582627068458
13299969.3471953,1559.7921034910205
13305400.04604957,1560.0782854882573
13310830.647246415,1560.565995040067
13316261.149709314,1561.055083589936
13321691.448689211,1561.5406644775676
13327121.625655377,1561.9778776231171
13332551.69364135,1562.3212092890665
13337981.645175893,1562.609913817928
13343411.720196007,1563.0236975940934
13348842.000807423,1563.247295972501
13354272.22794294,1563.559308034931
13359702.237655602,1564.0256642097734
13365131.965594845,1564.5396852569793
13370561.54272027,1564.9958119499563
13375990.999469116,1565.4771326757955
13381420.273167267,1565.7771764361255
13386849.66371835,1565.9685267979664
13392279.139537496,1566.2065499217965
13397708.544027489,1566.7113964212137
13403137.827375347,1567.156726455688
13408566.929120969,1567.608272614731
13413995.889029587,1568.0209248655055
13419424.754588377,1568.3402295333071
13424853.501505507,1568.5933358104548
13430282.403532749,1569.0096011777648
13435711.478764834,1569.1786058504729
13441140.480012774,1569.4952591750255
13446569.269121964,1569.953024861701
13451997.780588886,1570.4290840109234
13457426.14616104,1570.885129347421
13462854.38517809,1571.3308842928432
13468282.445462866,1571.6026861212406
13473710.633122634,1571.7829019071587
13479138.891624538,1571.9940494393331
13484567.073540615,1572.491763758555
13489995.116330782,1572.9256380819938
13495422.975140644,1573.356993880874
13500850.693507548,1573.7607709423444
13506278.313202813,1574.0588851163207
13511705.815820266,1574.2908936163922
13517133.497268334,1574.6683566526451
13522561.335505655,1574.8220085996645
13527989.09461105,1575.1341784423262
13533416.614133805,1575.5815645698983
13538843.856551284,1576.0174052210255
13544270.962696578,1576.4477737356979
13549697.947892306,1576.8507535878762
13555124.769608209,1577.0836290766701
13560551.73050186,1577.2579001130853
13565978.73109623,1577.4810647149009
13571405.648028687,1577.962292132359
13576832.403738769,1578.3990230656477
13582258.96809539,1578.7993119953148
13587685.416589903,1579.1752332014244
13593111.741692074,1579.4545258289065
13598537.956575032,1579.684934722692
13603964.355457,1580.040099190265
13609390.91864306,1580.1753199893503
13614817.350450061,1580.4832111299806
13620243.527260212,1580.916093657611
13625669.43720607,1581.3150808966852
13631095.217614753,1581.7314948920675
13636520.868662775,1582.0991198028078
13641946.37415741,1582.2978328168945
13647372.031147024,1582.4542476580273
13652797.709943745,1582.6751509966448
13658223.302438255,1583.1207449385267
13663648.732040951,1583.5303763062595
13669073.965950837,1583.8945701167918
13674499.095662829,1584.2323371423176
13679924.098066105,1584.4730654563068
13685349.0219121,1584.6818077713372
13690774.135005562,1585.0054811834477
13696199.406849235,1585.1131614014676
13701624.526677672,1585.3897384671934
13707049.402116837,1585.8100636615611
13712474.016904963,1586.2030309235038
13717898.498824762,1586.6076908042148
13723322.827296698,1586.9623069471036
13728747.028816786,1587.1229697281433
13734171.37343765,1587.2372224552
13739595.77243881,1587.4791666407662
13745020.040365146,1587.8864944116153
13750444.17492094,1588.2599490105379
13755868.089791236,1588.6411622465944
13761291.913509963,1588.9474198947635
13766715.587305257,1589.1796070962203
13772139.21686392,1589.3726857249576
13777563.031291235,1589.6990568299098
13782986.986836856,1589.7793239443035
13788410.747054502,1590.0529936097437
13793834.272045184,1590.4580735332577
13799257.563353421,1590.8201445720986
13804680.701511122,1591.211449436488
13810103.693774294,1591.5411772971406
13815526.559010495,1591.6762369432722
13820949.560444826,1591.7852444793327
13826372.616206624,1592.019147917052
13831795.540248053,1592.4446839546354
13837218.3047388,1592.7960996870604
13842640.885079125,1593.1624798004932
13848063.334925404,1593.4287646470714
13853485.658776343,1593.6624200089864
13858907.921271985,1593.8308302474506
13864330.40100413,1594.1409833746586
13869752.966894954,1594.199136080193
13875175.345390378,1594.4916042953992
13880597.46981647,1594.8955712735753
13886019.357824394,1595.1956469018767
13891441.113151364,1595.5718534110488
13896862.713985192,1595.844041125729
13902284.218726326,1595.9579388505063
13907705.870057777,1596.0822248430136
13913127.505824767,1596.3105509756476
13918549.059405727,1596.7018132089875
13923970.406264912,1597.0370508271608
13929391.580574622,1597.3531658188247
13934812.624140473,1597.605225986875
13940233.546033518,1597.806217754765
13945654.422777543,1597.9861213771942
13951075.51594295,1598.2422732928399
13956496.68550219,1598.2991720234147
13961917.673515389,1598.5607314898027
13967338.405242419,1598.9398468622908
13972758.881114962,1599.243083646239
13978179.245724611,1599.6036145255734
13983599.417233204,1599.8764656078367
13989019.52149484,1599.9645470120763
13994439.764608702,1600.0361631540425
13999859.999954997,1600.2962343498666
14005280.086976267,1600.6645644773114
14010700.010116657,1600.9915817503877
14016119.748488888,1601.3202824497207
14021539.359246058,1601.562041179467
14026958.81829867,1601.7440591456466
14032378.252935663,1601.9177856039612
14037797.893991355,1602.1413181374287
14043217.604450915,1602.2043538836028
14048637.101637112,1602.454925793838
14054056.326386087,1602.8052026119515
14059475.324066874,1603.0888089204886
14064894.207423996,1603.4152658310652
14070312.900220394,1603.6626895354675
14075731.54146918,1603.7270131085577
14081150.321952594,1603.7847542635413
14086569.100942997,1604.0214823104252
14091987.713173907,1604.3713429568656
14097406.146115232,1604.6492532287161
14102824.420734987,1604.958081984421
14108242.551341895,1605.143470984482
14113660.55914216,1605.3037107897517
14119078.548118504,1605.4523181144912
14124496.769163817,1605.643180115691
14129915.02870628,1605.6660614287475
14135333.093107596,1605.908459602453
14140750.888885098,1606.2724546864065
14146168.44497688,1606.5414178520205
14151585.877182025,1606.8777955780984
14157003.106754271,1607.0983340340276
14162420.299433995,1607.1457646429021
14167837.62525372,1607.1982594748638
14173254.912582856,1607.4408079178527
14178672.068504995,1607.770848668138
14184089.041334998,1608.0705708761823
14189505.835571686,1608.3432160393982
14194922.507679293,1608.5343068112404
14200339.025659535,1608.6652355190306
14205755.560040286,1608.8296253537878
14211172.29430283,1608.9887344817519
14216589.059567159,1609.0495159637944
14222005.595031159,1609.2795263125631
14227421.848285023,1609.6015864552585
14232837.901473474,1609.8519107077307
14238253.82621551,1610.1348371959357
14243669.560425036,1610.3309834536328
14249085.26453936,1610.3532345634385
14254501.085043998,1610.3964965869334
14259916.904950352,1610.6072316776274
14265332.5729028,1610.9305604394326
14270748.019940134,1611.1728665647138
14276163.337597977,1611.4368315738802
14281578.497379934,1611.5832883463281
14286993.539935896,1611.7119687728461
14292408.582293684,1611.8495348644346
14297823.864610367,1611.98216365902
14303239.11918065,1611.998512674916
14308654.177861422,1612.2238829292553
14314068.959581854,1612.5579864534386
14319483.505131755,1612.7968506090097
14324897.925804248,1613.0998034135614
14330312.125186738,1613.2726131583436
14335726.320452755,1613.2852895723158
14341140.647140538,1613.3236156003459
14346554.899677685,1613.5624863833168
14351969.027669251,1613.8502887277548
14357382.952001965,1614.1204508029875
14362796.697644388,1614.358839196912
14368210.314997317,1614.519670121724
14373623.775298938,1614.6141471759063
14379037.27688722,1614.773913398867
14384450.958051093,1614.8681201030063
14389864.640811011,1614.9226989623367
14395278.078030325,1615.130842052168
14400691.218073225,1615.427342918706
14406104.166860778,1615.6555510356927
14411516.97418571,1615.9140199576839
14416929.585002877,1616.071469559491
14422342.196028635,1616.0654666326054
14427754.91070405,1616.0973590360093
14433167.600323364,1616.268758574131
14438580.139077192,1616.5604382845072
14443992.43229524,1616.801258270681
14449404.599228669,1617.0380085865133
14454816.59839141,1617.1696744135372
14460228.467544045,1617.261132340056
14465640.359161187,1617.396778143047
14471052.467223585,1617.461699044902
14476464.520405114,1617.512112847832
14481876.375407882,1617.7101769173548
14487287.94955893,1617.988964536025
14492699.297248537,1618.2031875969838
14498110.53472772,1618.449118440095
14503521.534878973,1618.5826805379913
14508932.557651438,1618.5664704295145
14514343.675602853,1618.5636931164477
14519754.75101008,1618.8186266026842
14525165.649522953,1619.0718265621658
14530576.343277968,1619.2804528261051
14535986.861495713,1619.5048970972284
14541397.24901899,1619.6215838075414
14546807.472922843,1619.6981516751387
14552217.747333594,1619.8306805477687
14557628.219435243,1619.8874190771191
14563038.655759148,1619.9129828106788
14568448.849535296,1620.1025852680189
14573858.734165832,1620.3777150233936
14579268.423491621,1620.5806502077864
14584677.956704888,1620.8280893905974
14590087.277426882,1620.9343793785463
14595496.626699833,1620.9038546256281
14600906.082809491,1620.9203514423418
14606315.428601956,1621.1208457193713
14611724.635971189,1621.354281844861
14617133.618337575,1621.5863949983495
14622542.433698045,1621.7782455602012
14627951.10804721,1621.885639941745
14633359.614780169,1621.9294761616884
14638768.192662058,1622.0552097477305
14644176.952918814,1622.0755673551573
14649585.690934319,1622.0948268977759
14654994.181429189,1622.2708248247034
14660402.360463284,1622.5315483810703
14665810.342900738,1622.7320958614594
14671218.16437201,1622.966129130382
14676625.774837872,1623.0692474541577
14682033.405553218,1623.0261624128095
14687441.120071942,1623.0323472602274
14692848.747162705,1623.2267457478272
14698256.23412144,1623.4685920206937
14703663.474163862,1623.688498767253
14709070.557699857,1623.888655861812
14714477.47295475,1623.9829921920261
14719884.229842067,1624.030286000664
14725291.034993215,1624.148215206805
14730698.021658845,1624.1405144870837
14736104.969070237,1624.1531595495592
14741511.665741188,1624.3200036240685
14746918.044933207,1624.5677075319784
14752324.222847618,1624.7486259652915
14757730.245370401,1624.970399422954
14763136.046669248,1625.0571158096482
14768541.882270955,1625.002339406072
14773947.786686666,1624.9548252227999
14779353.626840644,1625.1427713357925
14784759.314271921,1625.3650327572054
14790164.766892044,1625.5737486747732
14795570.050078092,1625.7772600775468
14800975.17145743,1625.859633475486
14806380.129239425,1625.9067899861227
14811785.137444424,1626.016888276035
14817190.330626616,1626.0140909337688
14822595.452742096,1626.0193589791827
14828000.320060438,1626.1777893658866
14833404.864084553,1626.4132843829666
14838809.209464682,1626.5782492230696
14844213.392573142,1626.788791142265
14849617.347198144,1626.852053328912
14855021.345845625,1626.7863144256348
14860425.422878303,1626.7279675543637
14865829.40665771,1626.908578852043
14871233.230559632,1627.1003642921307
14876636.828352526,1627.298785038943
14882040.240883693,1627.4803716620506
14887443.508674245,1627.551756366318
14892846.602882683,1627.5827142011196
14898249.760171682,1627.6849081413748
14903653.095585503,1627.677232557537
14909056.35243663,1627.674495076063
14914459.350378944,1627.8246813522346
14919862.01955548,1628.0491272800216
14925264.490425477,1628.2031752713801
14930666.791876314,1628.4035331444386
14936068.861567486,1628.4508895016
14941470.974409584,1628.3749727179602
14946873.172053576,1628.3222834154492
14952275.24980718,1628.4952439437966
14957677.167327527,1628.6688188544326
14963078.852482157,1628.8576972713454
14968480.343805827,1629.0182777914501
14973881.696002603,1629.0797567321883
14979282.867540235,1629.0947586560096
14984684.107305922,1629.1886893832148
14990085.51774558,1629.1693471758956
14995486.848846579,1629.1579625245904
15000887.916613972,1629.2998964285025
15006288.650451163,1629.5148709088248
15011689.184262244,1629.6621593004556
15017089.540860716,1629.8536700649186
15022489.661874225,1629.8907187059017
15027889.821939712,1629.8055650964043
15033290.06627072,1629.751031162501
15038690.178727662,1629.916238406994
15044090.128214069,1630.0799658993317
15049489.838712113,1630.2602127952937
15054889.350040484,1630.4091356312722
15060288.719798252,1630.4618923918997
15065687.90377135,1630.4670412455296
15071087.153299693,1630.5526163415786
15076486.569124775,1630.5244200698496
15081885.90179572,1630.5038134128413
15087284.966371737,1630.6372971120074
15092683.691966215,1630.8444301156771
15098082.212251622,1630.982917527454
15103480.263474626,1630.5544470700268
15108880.225415349,1629.4761338414603
15114281.071470724,1627.003629185993
15119682.234837089,1626.914965020641
15125084.517954545,1624.6879421276235
15130486.87334175,1624.8176619371186
15135890.2441965,1622.6059241340076
15141293.654034901,1622.7151570387698
15146698.184282158,1620.3721396973576
15152102.764376529,1620.3295382216957
15157508.685749901,1618.020032622504
15162915.001947297,1617.9373882446064
15168322.523062509,1615.5252291816305
15173730.003026795,1615.6088989286297
15179138.44313671,1613.4219468788433
15184546.903227517,1613.5110426224455
15189956.489352455,1611.301486708794
15195366.05372655,1611.263701380955
15200776.980609346,1608.7763158830999
15206188.184665283,1608.6767542077773
15211600.59159608,1606.4482348044562
15217013.024096688,1606.5360937501537
15222426.56396702,1604.3323065541722
15227840.09260499,1604.369670427689
15233254.856073746,1602.0399898002406
15238669.59511362,1601.9297091527071
15244085.82370186,1599.657413193968
15249502.337308804,1599.479996214966
15254920.21097746,1597.1254529580112
15260337.947978837,1597.1990982067623
15265755.388086192,1597.3295444318035
15271172.658475915,1597.4240377006354
15276589.783818014,1597.5267890424548
15282006.711352726,1597.4824399112608
15287423.715052579,1597.3064010067044
15292840.793508317,1597.172485614518
15298257.815128408,1597.2651762718388
15303674.705164738,1597.3844672009452
15309091.365865912,1597.4664427873515
15314507.903885113,1597.540826675032
15319924.288125424,1597.4848447364184
15325340.55254522,1597.4042785408915
15330756.923409062,1597.416973576383
15336173.48674077,1597.2725823131275
15341589.957443673,1597.1904418687345
15347006.201166093,1597.2550062873731
15352422.158179846,1597.3711938594138
15357837.948614705,1597.4216295750084
15363253.602845995,1597.5050427431943
15368669.049275193,1597.4152607024598
15374084.60168232,1597.224445520667
15379500.246551743,1597.0832268891215
15384915.784652624,1597.1913495025078
15390331.186642231,1597.2428176673438
15395746.384692771,1597.3139984660206
15401161.420696324,1597.3430893689056
15406576.350278845,1597.2858177880296
15411991.1361204,1597.16249295822
15417406.075975351,1597.1813665800894
15422821.157019785,1596.9849605468346
15428236.174593935,1596.9070470976785
15433650.957214942,1596.9709566754605
15439065.430805119,1597.0619502937911
15444479.756668454,1597.1417753440862
15449893.915913235,1597.2129453954165
15455307.884910941,1597.1244114331926
15460721.950551797,1596.9302083244233
15466136.05734681,1596.7937384166394
15471550.112935683,1596.876534011953
15476964.020779414,1596.969764395849
15482377.68570769,1597.021927436925
15487791.231233418,1597.065979126328
15493204.618381813,1596.982290076076
15498617.888109684,1596.8834261242775
15504031.278310055,1596.8756915043143
15509444.845539065,1596.6908366398447
15514858.278826388,1596.599150684027
15520271.475020826,1596.6549332696316
15525684.382984925,1596.7393151127555
15531097.129194196,1596.7742218580515
15536509.730184248,1596.8331817280891
15541922.125179796,1596.7070545963493
15547334.639171707,1596.496558913719
15552747.240614515,1596.3356585472006
15558159.71601798,1596.435696503633
15563572.032243151,1596.4650957951515
15568984.141832195,1596.5164167176565
15574396.090037825,1596.540643342183
15579807.917757066,1596.4592281286361
15585219.601317272,1596.3191363184621
15590631.44135983,1596.3069570358268
15596043.408680195,1596.109238319032
15601455.29332146,1596.020323742448
15606866.923735721,1596.068476512942
15612278.247360658,1596.134258369274
15617689.446594555,1596.166606384082
15623100.462719517,1596.2050840801649
15628511.300134901,1596.0570332453779
15633922.242671834,1595.8304314639656
15639333.239982244,1595.730176552692
15644744.11189089,1595.7996810756324
15650154.855167339,1595.8306613574807
15655565.340429375,1595.867656186045
15660975.699739842,1595.8515468550381
15666385.909791512,1595.7550201104962
15671796.00315789,1595.596340826683
15677206.248242175,1595.5885129100607
15682616.63917289,1595.338174502078
15688026.898741307,1595.253792420552
15693436.901374836,1595.299794576451
15698846.606498938,1595.3412571088124
15704256.147872286,1595.3767305955362
15709665.540311951,1595.3947893438851
15715074.73529024,1595.2435914798104
15720484.054621082,1595.018941633382
15725893.410425384,1594.8390604757158
15731302.663740886,1594.9037690790228
15736711.737080593,1594.9532251958767
15742120.58083286,1594.9579913336306
15747529.30468488,1594.9574133120677
15752937.86043492,1594.8254641725111
15758346.307646003,1594.6721175151722
15763754.903633349,1594.6490666077223
15769163.663960055,1594.4001540275872
15774572.26646339,1594.2807236156227
15779980.62857434,1594.320226757638
15785388.698132824,1594.3621692097347
15790796.587060055,1594.390041914766
15796204.325747674,1594.4081538507955
15801611.857664151,1594.23987897836
15807019.50917289,1594.0035637954268
15812427.202741189,1593.8170641451443
15817834.789248338,1593.9011312040218
15823242.174435994,1593.9395253992284
15828649.340168566,1593.950103565685
15834056.360476298,1593.9357404183222
15839463.225045342,1593.8118576173072
15844869.950245926,1593.6471719612803
15850276.826836465,1593.5951597895644
15855683.862420142,1593.3309850037358
15861090.748334028,1593.2156480308495
15866497.361129932,1593.2488882081047
15871903.672549129,1593.2767197570447
15877309.813740417,1593.2970573784833
15882715.793193774,1593.2991899158117
15888121.577466065,1593.1155463060181
15893527.478899274,1592.8468373731616
15898933.427084712,1592.653282536707
15904339.250717498,1592.7080669609738
15909744.89764268,1592.7362463344166
15915150.316133674,1592.7578844216978
15920555.587500881,1592.730820472874
15925960.696129728,1592.6117773614883
15931365.666047687,1592.4364658832283
15936770.802267805,1592.396510859353
15942176.061869742,1592.1183020586022
15947581.166355507,1592.0170042904276
15952985.983507833,1592.0433230038964
15958390.49407587,1592.043248033318
15963794.842095466,1592.0558526574864
15969199.02257606,1592.0343856971049
15974603.012734938,1591.8364826132745
15980007.128653178,1591.5599010174465
15985411.271023048,1591.3580620748603
15990815.284966992,1591.3815374424805
15996219.12516544,1591.3999477210862
16001622.721665528,1591.4018977744224
16007026.18793298,1591.3629956816674
16012429.478842553,1591.2268673677586
16017832.644667918,1591.0412496048843
16023235.977856046,1591.0042983039414
16028639.425877368,1590.7131446758412
16034042.705800375,1590.6071992776363
16039445.701470593,1590.625968200524
16044848.390913133,1590.6119701685313
16050250.910698665,1590.6164342304978
16055653.261858637,1590.582924699187
16061055.416207366,1590.3718822942806
16066457.700775592,1590.0946834938763
16071859.996107968,1589.8838561229586
16077262.163804263,1589.894672815999
16082664.14700617,1589.903435843034
16088065.878223892,1589.882491505429
16093467.48662232,1589.8327687654391
16098868.911578245,1589.6780216434215
16104270.216832083,1589.4821206540967
16109671.685982088,1589.4371495964597
16115073.270788975,1589.1336428944692
16120474.677666517,1589.0159213858271
16125875.802277379,1589.0267704939931
16131276.618266713,1589.001993858192
16136677.25917709,1588.9981080370696
16142077.72861552,1588.9549031174772
16147477.995930744,1588.7321346502472
16152878.392727217,1588.4490198785466
16158278.792960815,1588.2284371752003
16163679.063827008,1588.2320697961968
16169079.141128955,1588.2315162423615
16174478.961753057,1588.1965627965653
16179878.658343635,1588.1372129494994
16185278.166347273,1587.9698944690563
16190677.552440727,1587.7639807725059
16196077.099509642,1587.710430550181
16201476.760279395,1587.3953215253719
16206876.23831232,1587.2677183186706
16212275.429825954,1587.2702829639275
16217674.307695875,1587.2368054202934
16223073.006176587,1587.2245461520704
16228471.5288889,1587.1730768217521
16233869.84429674,1586.9400692487336
16239268.285642065,1586.644235821835
16244666.728040356,1586.412662167985
16250065.034844507,1586.407007883033
16255463.147476649,1586.3977839270717
16260860.999523971,1586.359445234963
16266258.720668487,1586.291826318005
16271656.250034632,1586.1191982710866
16277053.648936704,1585.9037666915308
16282451.206954869,1585.8432869122619
16287848.872083765,1585.5175460376513
16293246.354896722,1585.3828836636676
16298643.540094305,1585.3768999558201
16304040.403870296,1585.3371754701045
16309437.084956205,1585.3166313453846
16314833.584102448,1585.2580865842974
16320229.871656496,1585.0166385771258
16325626.277179386,1584.700980817097
16331022.688678514,1584.457610778105
16336418.955101464,1584.4472033249372
16341815.030179419,1584.42998611948
16347210.845324412,1584.3985986009734
16352606.512309307,1584.3243403646993
16358001.98868964,1584.1524420392234
16363397.316069026,1583.927891461538
16368792.798710126,1583.8534186808706
16374188.385038445,1583.5181173846472
16379583.793897435,1583.3705784051094
16384978.890863176,1583.3559886761732
16390373.655388623,1583.3154571339371
16395768.235423077,1583.2867613835506
16401162.626209825,1583.2292126084883
16406556.79956655,1582.9814737164056
16411951.075725062,1582.646561422493
16417345.372737862,1582.3911957464845
16422739.518574663,1582.39759694145
16428133.463516273,1582.3731132521748
16433527.157037528,1582.3419174851433
16438920.675307972,1582.2628071007516
16444314.007532492,1582.0817183362872
16449707.167247314,1581.8487350671253
16455100.463779144,1581.7429166749978
16460493.888492998,1581.3999293458976
16465887.132737247,1581.216668719641
16471280.069152504,1581.1932528648413
16476672.670870649,1581.1683913782915
16482065.06529975,1581.131656673619
16487457.272809573,1581.084412650886
16492849.23893856,1580.8326625641116
16498241.299195055,1580.5072457761958
16503633.377320826,1580.2391208762776
16509025.314525215,1580.2642843343451
16514417.013869058,1580.2339265727865
16519808.455127163,1580.161450246685
16525199.72769931,1580.0794428695658
16530590.798225073,1579.8588639366133
16535981.710543087,1579.61883131165
16541372.743191184,1579.5186954681399
16546763.919865903,1579.1706421384024
16552154.896594651,1578.9658715614516
16557545.590904515,1578.9332480530613
16562935.944634628,1578.8964964176464
16568326.080778494,1578.8518626889493
16573716.02831925,1578.791247502617
16579105.723375175,1578.538142900495
16584495.51380411,1578.212551071607
16589885.30186164,1577.9307892521915
16595274.942763446,1577.9156713520151
16600664.363763079,1577.880643166136
16606053.50491106,1577.8020258091449
16611442.491009587,1577.7192882137915
16616831.26209466,1577.5083114011452
16622219.869151,1577.2620276659563
16627608.598095689,1577.1707706461289
16632997.437894156,1576.793408893964
16638386.104426233,1576.6071263493143
16643774.461571978,1576.5695284773299
16649162.452893807,1576.5287507407616
16654550.261820858,1576.4914652854432
16659937.838182911,1576.429745318926
16665325.17777826,1576.1658487734076
16670712.58221712,1575.8161200514983
16676100.001986885,1575.609440794297
16681487.233874554,1575.5901625680574
16686874.282745183,1575.4886056507187
16692261.033818359,1575.4275821321432
16697647.576659348,1575.319096854438
16703033.94474942,1575.1142765871668
16708420.109686442,1574.8418255967854
16713806.393787293,1574.732447631807
16719192.7656291,1574.4100081625052
16724578.99279522,1574.1945785034457
16729964.898620859,1574.1369945972049
16735350.432976495,1574.1167284043845
16740735.76653156,1574.0261192272906
16746120.876542568,1573.9833144395673
16751505.711526234,1573.7188516434835
16756890.619796574,1573.3677408003862
16762275.546944005,1573.0380597100093
16767660.319292834,1573.0367212429044
16773044.867129756,1572.9835415670436
16778429.136469044,1572.912917652855
16783813.21098285,1572.8447995305667
16789197.06314275,1572.6203451846407
16794580.73127647,1572.3850233363523
16799964.463789042,1572.2759505103888
16805348.327615734,1571.899783026288
16810731.99709547,1571.683050328745
16816115.36867291,1571.6274466637467
16821498.356640443,1571.5938615464622
16826881.114996962,1571.556346658445
16832263.636040732,1571.5115395775906
16837645.887408763,1571.271849830759
16843028.169715047,1570.9164343491043
16848410.457545668,1570.682333084851
16853792.55220791,1570.6466348660122
16859174.747788798,1567.772819792703
16864557.829521116,1567.692567524829
16869940.937414944,1564.7981283997115
16875325.086154774,1564.556662150212
16880709.246760648,1561.5091621404147
16886094.740855638,1561.3308771244638
16891480.570430573,1558.2208001985211
16896867.513398763,1557.9240018283704
16902254.334165256,1555.0551799623954
16907642.07604574,1554.9746415078405
16913029.761083927,1552.0895469800525
16918418.553273704,1551.9644235776962
16923807.22049708,1548.9218445122563
16929197.274445523,1548.456693625782
16934587.491999246,1545.3155242291755
16939978.949677404,1545.160061078708
16945370.32223693,1542.2994867632733
16950762.76861911,1542.1128620472505
16956155.161799993,1539.2342631624317
16961548.715281274,1538.8699932968
16966942.206710737,1535.796550040289
16972337.147599947,1535.5367873071516
16977732.35716859,1532.3631894379805
16983128.811837144,1531.9537641401325
16988525.0853799,1529.0296763774159
16993922.399478283,1528.8437038988882
16999319.595220517,1525.9065182653242
17004718.00620774,1525.682728687397
17010116.256226197,1522.5753343161846
17015515.970836625,1522.0022220970222
17020915.818562854,1518.768390040917
17026316.988749802,1518.4995090991442
17031718.074657686,1515.5515409469824
17037120.28715335,1515.276659306942
17042522.45252932,1512.2881054220634
17047925.81755599,1511.8296859913405
17053329.138865,1508.6297679925626
17058733.935610626,1508.281229843406
17064139.029920563,1504.960998496251
17069545.378429815,1504.4631724436958
17074951.592842903,1501.3923083375971
17080358.851941004,1501.12468924364
17085766.053818896,1498.0223610505373
17091174.453682538,1497.7133355930494
17096582.767922085,1494.4169327958723
17101992.52214092,1493.7545907333656
17107402.499989033,1490.3277757601347
17112813.758947007,1489.9918589106494
17118225.015969712,1486.8189784709998
17123637.343437914,1486.4700215697314
17129049.72407303,1483.2653158510077
17134463.252539188,1482.737258639646
17139876.624626685,1482.1844739048033
17145290.132705167,1481.7602471563036
17150703.826055154,1481.1087593591346
17156117.42489045,1480.582727723117
17161530.769306082,1480.219710780765
17166943.79609022,1479.915115308696
17172356.685957287,1479.557293540968
17177769.39908362,1479.2101161859212
17183181.916277792,1478.6398553073677
17188594.531721145,1477.9472238333885
17194007.21902054,1477.394423899543
17199419.803086817,1477.0354319038302
17204832.26677201,1476.6621444290502
17210244.457023572,1476.3080551783812
17215656.53346782,1475.8849797194143
17221068.44743255,1475.3421129085589
17226480.240851767,1474.7460324044816
17231892.16183375,1474.3528173446653
17237304.267405756,1473.5999880937413
17242716.2524849,1473.0686246183054
17248128.002461918,1472.7105997075473
17253539.442208733,1472.3752940488853
17258950.70753448,1472.0283513875072
17264361.81843563,1471.6616312534786
17269772.71188936,1471.092087202079
17275183.72315311,1470.3847238791143
17280594.772403803,1469.7168621621145
17286005.790100522,1469.3659314632814
17291416.633024875,1469.007147451553
17296827.231026165,1468.6321801132844
17302237.698904064,1468.245625009579
17307648.00351507,1467.682989686687
17313058.175864767,1467.106124090084
17318468.48524531,1466.6674546832844
17323878.978847355,1465.9714999877722
17329289.328084882,1465.4125498427966
17334699.41939153,1465.038620191973
17340109.20139245,1464.6949361330546
17345518.828737568,1464.289297524461
17350928.287354413,1463.9092444154614
17356337.53202591,1463.2783157381934
17361746.902560573,1462.544420508354
17367156.360974498,1461.9344260116345
17372565.688054737,1461.5718271424723
17377974.850441366,1461.1234838226076
17383383.778546475,1460.745108632588
17388792.545243703,1460.3038198639883
17394201.180210568,1459.734736202683
17399609.663974836,1459.0959307241237
17405018.321168136,1458.6514425658966
17410427.116900492,1457.9009467746578
17415835.813334156,1457.3449647019577
17421244.23542343,1456.9649573809832
17426652.32800138,1456.5986398367827
17432060.29298107,1456.202352604337
17437468.05967977,1455.7964054689508
17442875.631851666,1455.1396524624624
17448283.319768872,1454.3807031679567
17453691.066514995,1453.7911858672658
17459098.681188066,1453.4089850792861
17464506.16244277,1452.9558675460626
17469913.37219925,1452.553402240548
17475320.441805627,1452.063163998397
17480727.359695118,1451.4738186615461
17486134.145801563,1450.8040551095244
17491541.104921557,1450.3520857232625
17496948.20026643,1449.5224186412975
17502355.175816674,1448.962173683387
17507761.875858773,1448.5820079023358
17513168.24651805,1448.1901109964754
17518574.470350992,1447.818488964194
17523980.505249538,1447.3879300217232
17529386.339528643,1446.7237990427707
17534792.29096565,1445.947605162888
17540198.260238513,1445.3097506791776
17545604.133212637,1444.9171043899528
17551009.861112047,1444.4995087461105
17556415.305898994,1444.0643585770176
17561820.636082362,1443.5684160576207
17567225.78267805,1442.9481460825614
17572630.814312506,1442.2780618385573
17578036.014987964,1441.8212234697057
17583441.36428138,1440.9704096083883
17588846.549059156,1440.3916881937653
17594251.45781948,1440.0030232612708
17599656.042748563,1439.5928007123102
17605060.453644756,1439.2026364862213
17610464.69581306,1438.755437014364
17615868.716988992,1438.0647543960742
17621272.87415757,1437.2766806707932
17626677.057261057,1436.5431485060178
17632081.140945487,1436.1416356554114
17637485.036047295,1435.7118106170406
17642888.678920817,1435.2421313554516
17648292.18765777,1434.773485968742
17653695.51629942,1434.1167073479244
17659098.720686533,1433.441711589944
17664502.10662381,1432.973565269417
17669905.62368979,1432.1706976311516
17675308.963067893,1431.5625627035363
17680712.031267866,1431.1513437199017
17686114.778557964,1430.729043701936
17691517.349831168,1430.2741680203922
17696919.751514208,1429.8150919762954
17702321.922109812,1429.0860042247589
17707724.232797395,1428.2856802788524
17713126.59046802,1427.538379845688
17718528.81466432,1427.1345503364983
17723930.82923593,1426.6526350103798
17729332.605008435,1426.164696799013
17734734.235598866,1425.6780737477
17740135.682766207,1424.9914277455582
17745537.00283719,1424.296413522692
17750938.498042855,1423.8075976310502
17756340.133926697,1422.980811054464
17761741.582711205,1422.3458362466854
17767142.75968115,1421.9224204920326
17772543.613222074,1421.4901816719062
17777944.282056667,1421.0204369712985
17783344.77746864,1420.5496643757056
17788745.034231182,1419.7963828986253
17794145.429434646,1418.9769418735068
17799545.86764034,1418.2102965579027
17804946.169325456,1417.7991550970582
17810346.25153165,1417.2990790044978
17815746.0918985,1416.7957471378913
17821145.780157637,1416.2925451457693
17826545.28118295,1415.5837714059528
17831944.649842717,1414.8686287133953
17837344.19072417,1414.3653790027456
17842743.87137238,1413.515737878255
17848143.358521827,1412.8637810712469
17853542.568268023,1412.4276538908784
17858941.448679518,1411.9807697456883
17864340.140509874,1411.4957200904084
17869738.653494716,1411.0090467166176
17875136.922659066,1410.2334108550838
17880535.327934753,1409.389697615157
17885933.77226781,1408.602582264504
17891332.074385844,1408.1719117416403
17896730.157499317,1407.653824933851
17902127.99034131,1407.1333680778553
17907525.67088774,1406.615201461657
17912923.157671303,1405.8900405552824
17918320.508639958,1405.1546324295518
17923718.03361607,1404.64677190266
17929115.684912164,1403.7754965921933
17934513.139339514,1403.1172717969487
17939910.305883415,1402.667836125756
17945307.133528996,1402.2019275501893
17950703.77365877,1401.7010591249582
17956100.227679934,1401.1951281484628
17961496.43519757,1400.4133291610362
17966892.772367354,1399.5375045440505
17972289.116546053,1398.718092600814
17977685.34528234,1398.26106218717
17983081.36655762,1397.7671294595868
17988477.113704436,1397.2365566357275
17993872.73475398,1396.6780993604564
17999268.138622064,1395.947444358751
18004663.413121715,1395.1854183075661
18010058.845379,1394.668471892916
18015454.41726581,1393.694350658871
18020849.786292426,1393.0340784971604
18026244.85265163,1392.584829084596
18031639.564159617,1392.1037131517223
18037034.084189773,1391.659397650537
18042428.402741548,1391.1371600312573
18047822.483024593,1390.347115678915
18053216.669682954,1389.4352802681242
18058610.841644745,1388.6709254762432
18064004.902350187,1388.1935525852318
18069398.797960922,1387.6753003901565
18074792.372954465,1387.1535077391009
18080185.804099567,1386.5424061327763
18085579.029805385,1385.8097354808656
18090972.104563612,1385.000059764998
18096365.3327923,1384.4639462314203
18101758.679213505,1383.4516024786262
18107151.856327657,1382.781503827524
18112544.718603324,1382.3141407196601
18117937.20725054,1381.8257225596624
18123329.527602144,1381.3537539012184
18128721.613298982,1380.8222507571154
18134113.462019328,1379.997247888696
18139505.402970344,1379.0535469697352
18144897.363327157,1378.3269862976335
18150289.166927405,1377.8313216546453
18155680.801090296,1377.2357577276232
18161072.120565854,1376.7245424582466
18166463.25490956,1376.105140729457
18171854.20912482,1375.3643898046198
18177244.975204375,1374.5325595711554
18182635.890371345,1373.9752001153931
18188026.922877286,1373.0074097368424
18193417.79824791,1372.3044791908399
18198808.34697496,1371.8088100092848
18204198.514881045,1371.3268697201681
18209588.504748117,1370.7849043440688
18214978.26005091,1370.2570413598087
18220367.75122321,1369.4045896323844
18225757.337170422,1368.4407334724735
18231146.9698707,1367.6532503450221
18236536.427821454,1367.1574443499196
18241925.663221136,1366.5546167092543
18247314.616010748,1366.0289182962592
18252703.372500986,1365.4633360946839
18258091.930479176,1364.68865565346
18263480.298140477,1363.893672387214
18268868.777190868,1363.3193649928014
18274257.42214648,1362.3715567056195
18279645.84771961,1361.6253148401936
18285033.9557206,1361.1175465213018
18290421.690899633,1360.629161416722
18295809.190235663,1360.0990901532646
18301196.485646013,1359.5618194064996
18306583.490781844,1358.7489928991768
18311970.580410447,1357.7721012181253
18317357.64763789,1356.897442207223
18322744.646276418,1356.3620567630699
18328131.438979857,1355.8423196795213
18333517.872747835,1355.2892704752867
18338904.157957304,1354.6744952565114
18344290.19336869,1353.873272406397
18349676.04889996,1353.0071181974731
18355061.99291463,1352.4617908980806
18360448.073332176,1351.409859921196
18365833.999200474,1350.652022230255
18371219.874250438,1346.1714952853924
18376606.538649715,1345.6661612824507
18381993.265287343,1341.1549702851496
18387380.96886404,1340.5748638590112
18392768.63318676,1335.7141215076788
18398157.607847802,1334.6354924300676
18403546.8446505,1329.7522120623325
18408937.2010462,1329.1476076825777
18414327.550776582,1324.4783929366595
18419718.88785451,1323.8190473426878
18425110.2081032,1319.1655051184614
18430502.646408524,1318.24163791549
18435895.051329426,1313.2899306277004
18441288.867488023,1312.5258100221179
18446683.031204663,1307.4214040806603
18452078.345817335,1306.4674348646786
18457473.501079112,1301.7590169466894
18462869.62789695,1301.1096421529978
18468265.6919307,1296.3219245407004
18473662.905257557,1295.5743455161942
18479059.98424841,1290.4688808189994
18484458.503716767,1289.1943192447868
18489857.222346686,1283.9639563970827
18495257.222049054,1283.1901953267245
18500657.147763427,1278.2716561704517
18506058.140442457,1277.4243323504377
18511459.112301584,1272.4950282704262
18516861.256077785,1271.3721044516171
18522263.36971626,1266.0945144762895
18527666.934076075,1265.1477439001637
18533070.866780832,1259.682585463091
18538475.977209784,1258.536662766075
18543880.96181113,1253.4786025235935
18549286.938370064,1252.6634686762632
18554692.900423512,1247.5038469646167
18560100.01262868,1246.5760505859428
18565507.055383064,1241.044163855355
18570915.517104294,1239.5587815644244
18576324.27013103,1233.9213353326977
18581734.236210503,1232.9851964447773
18587144.0320683,1231.923524255137
18592553.573506564,1230.9219594391795
18597962.960205145,1229.8729827311997
18603372.207658265,1228.6043436728235
18608781.29526862,1227.2462242197257
18614190.55100524,1226.209537491698
18619599.985170692,1224.6762493444858
18625009.305048347,1223.4339272598227
18630418.35096911,1222.4745038051342
18635827.053652912,1221.5546012673185
18641235.602305178,1220.5982783242682
18646643.964770623,1219.5911641593377
18652052.10135808,1218.2397874308813
18657460.34104444,1216.6949857318593
18662868.63721656,1215.39001217756
18668276.867833566,1214.3986781202282
18673684.958588842,1213.3617846942511
18679092.73404621,1212.3108183669444
18684500.409528855,1211.1888846456702
18689907.889193315,1209.8450342972815
18695315.241484605,1208.4398724632579
18700722.725896567,1207.3955041298025
18706130.426486477,1205.7367314496942
18711537.958166625,1204.4527756401405
18716945.223730598,1203.4743363678356
18722352.158137135,1202.5046783876826
18727758.89417746,1201.519172537397
18733165.471894693,1200.4657246168485
18738571.796961546,1199.075408387786
18743978.246373054,1197.4764063310329
18749384.729658134,1196.0010307754476
18754791.199879654,1194.991420908259
18760197.478165857,1193.9481753964615
18765603.46691259,1192.8441916008937
18771009.345367063,1191.7414978542324
18776415.022941444,1190.337599187615
18781820.564695105,1188.9271359735235
18787226.24190845,1187.8101771756094
18792632.1489897,1186.1680044879581
18798037.84704675,1184.8202113699224
18803443.265452377,1183.797354830863
18808848.35728444,1182.798068943887
18814253.248233605,1181.7152062874147
18819657.98591217,1180.6204160730126
18825062.455959395,1179.1308450000417
18830467.063301057,1177.4676394577295
18835871.729795575,1175.8988006293562
18841276.340578508,1174.8799766145603
18846680.74487428,1173.7271599005949
18852084.886854354,1172.5853706818166
18857488.88633158,1171.4397466652292
18862892.70976734,1169.9830912002635
18868296.373794243,1168.5049859962166
18873700.18675901,1167.3330786754261
18879104.2144526,1165.6526785457377
18884508.042140495,1164.2572218794141
18889911.578580566,1163.190803553373
18895314.780049138,1162.1519418433832
18900717.79369628,1161.0012686039008
18906120.635280367,1159.8585530381956
18911523.209348008,1158.275157997328
18916925.91962869,1156.5380175058026
18922328.7061287,1154.962157489343
18927731.401602205,1153.9110772579772
18933133.891875826,1152.6600734824278
18938536.116818443,1151.4733827984153
18943938.181459974,1150.2562537118256
18949340.081018034,1148.7430156261196
18954741.807169322,1147.183156376188
18960143.689555563,1145.9551801245796
18965545.77450151,1144.1992750800912
18970947.664233733,1142.7553603940853
18976349.253283214,1141.6477288958542
18981750.49785032,1140.5648909839072
18987151.560213193,1139.3667245358452
18992552.43623244,1138.172864726327
18997953.043070473,1136.5089955736544
19003353.7822192,1134.6963876224222
19008754.597935237,1133.1197572078697
19014155.305585414,1132.032569037025
19019555.808724154,1130.7104622362324
19024956.038100436,1129.4700700489818
19030356.099544488,1128.1889604239743
19035755.99475505,1126.6103642260189
19041155.708453245,1124.975908530911
19046555.57718713,1123.694001180958
19051955.645589627,1121.8592311269535
19057355.514072336,1120.3559684537422
19062755.074624587,1119.2046906539563
19068154.28408492,1118.0779805605061
19073553.30517403,1116.8287438219138
19078952.13567944,1115.5840962448256
19084350.687866446,1113.8470111046697
19089749.370715506,1111.958255021182
19095148.126875438,1110.2971849270145
19100546.774714675,1109.1723100992426
19105945.20878097,1107.799384658805
19111343.364404608,1106.4951009787567
19116741.350599702,1105.1694984564356
19122139.16040551,1103.5140620095085
19127536.784779496,1101.8173628128166
19132934.555073913,1100.4832652174657
19138332.535004985,1098.5770076079239
19143730.29790172,1096.9998444660473
19149127.747946627,1095.8012838249547
19154524.843552247,1094.6310329830314
19159921.731637426,1093.3266072636134
19165318.43587289,1092.0313653930439
19170714.845141686,1090.2322024163643
19176111.38546245,1088.2663207274047
19181507.980803885,1086.444129781119
19186904.494241524,1085.277425983897
19192300.7785884,1083.8884240975415
19197696.77762819,1082.5082809669318
19203092.618744023,1081.1504275587308
19208488.258056942,1079.4064458884272
19213883.71796018,1077.6547781629613
19219279.30551307,1076.276845738193
19224675.119847726,1074.2801091135482
19230070.69123711,1072.6208150670266
19235465.947607763,1071.3769800736331
19240860.84598309,1070.1575176991487
19246255.508241583,1068.8289676878308
19251649.998781398,1067.4783354613126
19257044.179074936,1065.6422656528957
19262438.48424961,1063.5943923904006
19267832.80607368,1061.671790140894
19273227.080428615,1060.4494766271575
19278621.135283846,1059.0835392468
19284014.87187712,1057.621278979996
19289408.4782832,1056.182390883416
19294801.84376179,1054.3498750357908
19300195.045930553,1052.504293924609
19305588.35666599,1051.0931177837626
19310981.896987755,1048.9039358838445
19316375.190851226,1047.1740200170004
19321768.167503167,1045.8889022434228
19327160.768689934,1044.611668581493
19332553.1311079,1043.30831154024
19337945.300824985,1041.898536766343
19343337.170765653,1040.011908910925
19348729.13661539,1037.8596345842461
19354121.105285794,1036.0184590310614
19359513.001509286,1034.7104900800296
19364904.719940826,1033.2309861588676
19370296.076994993,1031.706387717391
19375687.28303528,1030.0916037313284
19381078.26701623,1028.1931962151075
19386469.06136042,1026.1738222133777
19391859.98742176,1024.7036385998729
19397251.0903465,1022.4363228988192
19402642.012150303,1020.6267737231315
19408032.821969993,1012.8751595124729
19413424.483146228,1011.5348540587527
19418816.154053424,1003.6210348989287
19424208.879021507,1002.0888124044498
19429601.499075998,993.4689423781515
19434995.500073664,991.0618905905301
19440389.7587937,982.3975174748604
19445785.181414727,980.9411788517816
19451180.59128571,972.4905963953095
19456577.017566066,970.6783340091449
19461973.424666993,962.1804626438856
19467370.972641245,959.9329392442396
19472768.480984107,950.8098647772076
19478167.457702618,948.9096002050651
19483566.813531563,939.452285574439
19488967.317042444,937.1452524491706
19494367.660811715,928.4148524161086
19499768.952589326,926.7297746756692
19505170.22039559,917.7455003111461
19510572.627410248,915.8258601242621
19515974.915736116,906.043649298996
19521378.644725565,903.1025422195642
19526782.642305538,893.1877477015765
19532187.828621913,891.3547036148207
19537593.04648195,881.6435409584137
19542999.30090369,879.3334866618386
19548405.58373155,869.483409456139
19553813.00151624,866.6727296558545
19559220.452308804,856.0472676288251
19564629.362506453,853.658586453877
19570038.72413862,842.5173169021923
19575448.61030212,836.4749748084384
19580860.63281844,833.1899033845349
19586271.935176745,831.0152816660677
19591683.069812983,828.7016914644914
19597094.031526785,826.3187490475927
19602504.737764545,823.1731043225313
19607915.58357632,819.6927270193592
19613326.486211088,816.6464720085413
19618737.309550628,814.4104838786
19624148.01098914,811.8382512049518
19629558.412214145,809.1060183998247
19634968.714484118,806.3739836639899
19640378.80779361,803.1102769199022
19645788.761658795,799.8106456804296
19651198.879861288,797.1839190447492
19656609.285903227,793.4401207912609
19662019.50389824,790.2487488926461
19667429.420441017,787.8166889856426
19672838.988027252,785.4582930931031
19678248.340108927,782.8864610169389
19683657.553801,780.3143490430343
19689066.481038556,776.8627761030808
19694475.582241718,773.1047947778193
19699884.75278972,769.5228570586478
19705293.834556513,767.1414639584423
19710702.72087794,764.249506715733
19716111.362561047,761.2622834405379
19721519.861799292,758.3900336036024
19726928.185094073,754.8119730680282
19732336.326496992,751.2325740355618
19737744.655101396,748.2998525711332
19743153.26586025,744.3625678854746
19748561.707080282,740.8830960488062
19753969.82263034,738.2096720182933
19759377.575160254,735.647092903765
19764785.148174673,732.7424881048041
19770192.543315362,729.9311968956731
19775599.666952804,726.0117998863547
19781006.955800172,721.8515724964977
19786414.346948046,718.2520418931452
19791821.568904694,715.6573293266028
19797228.6419066,712.281705273152
19802635.46742902,709.0450617878282
19808042.112874337,705.7085762758317
19813448.612695836,701.8166717095496
19818854.913046166,697.7512392334646
19824261.44763586,694.5340730687453
19829668.202851146,690.0119345574003
19835074.822474685,686.247605957069
19840481.090926968,683.3250490241929
19845886.97013337,680.4552993160278
19851292.698375873,677.3725662960819
19856698.216609918,674.2313584744434
19862103.486154966,669.866163791103
19867508.90612487,665.1905033245102
19872914.377817795,661.2289467973397
19878319.68912964,658.2811865716462
19883724.904799838,654.5745037983875
19889129.83090411,650.9433007829375
19894534.61501082,647.097284022504
19899939.22416073,642.7460621277323
19905343.662272405,638.1521488824575
19910748.350714687,634.6481519443014
19916153.24934693,629.37283089154
19921557.9959314,625.1985802260206
19926962.379133243,621.9546862663079
19932366.358973827,618.682522890811
19937770.18245989,615.3306425730948
19943173.793192353,611.7635077704376
19948577.15859039,606.8468192513997
19953980.67825533,601.545823974192
19959384.21653608,597.0594425649624
19964787.58238781,593.6491309885569
19970190.865969,589.5509838190732
19975593.84434953,585.3798247306331
19980996.702607322,580.9776209459598
19986399.35543297,575.9656971507311
19991801.85691986,570.7206940732863
19997204.60305438,566.7607475944078
20002607.577102877,560.6077193055569
20008010.36889686,555.8148573625735
20013412.78913492,552.1013524586356
20018814.798983674,548.3059618607153
20024216.638702452,544.4727469161604
20029618.266485076,540.333110244921
20035019.64307123,534.6135037680924
20040421.179910623,528.4421463093367
20045822.7087772,523.1363113380785
20051224.074156836,519.1115716394665
20056625.35470109,514.3589000974774
20062026.324944783,509.4399062398679
20067427.18171403,504.2551176478855
40974744.614108056,327.12914123376595
41050587.17255087,463.98856153233504
41061420.16066034,480.8098663141242
41072252.5768839,494.89271024716066
41077668.87499781,502.8664582756023
41083085.50239739,509.22312272475006
41088502.05161101,515.9029338312346
41093918.26802196,523.9142733316712
41099334.09582482,532.2271562322524
41104749.759960674,539.9142282397754
41110165.260987744,547.6245126375425
41115580.52309289,553.8004507650782
41120995.92084887,559.2171701721634
41126411.39262468,565.3719012885681
41131826.74435833,572.7709356877613
41137242.04580923,579.5700814898303
41142657.09440321,586.0485424288534
41148072.03510179,592.4895643678944
41153486.788660765,598.0059200158773
41158901.39900489,603.4875524706781
41164316.17101607,609.8391414652606
41169731.28179049,614.7166827674328
41175146.24851956,620.0814629849531
41180560.89282024,626.5074149231426
41185975.17715148,633.1749186349905
41191389.27272362,639.2766069178525
41196803.23451592,645.5013312046017
41202216.926122345,650.41609422953
41207630.80129485,654.9073505168894
41213044.75034635,659.6587864757032
41218458.5971208,665.8873427214335
41223872.31154212,671.3113657273598
41229285.82241985,676.6656048446146
41234699.16856653,682.0370980484721
41240112.390859075,686.685109194497
41245525.42848096,691.2175786895643
41250938.68536136,696.5189441023642
41256352.210667595,700.6456780399338
41261765.612822995,705.3118607370075
41267178.69630297,710.7799672222175
41272591.41357255,716.3364937770712
41278003.984311536,721.6073948945657
41283416.384399876,726.8021168339164
41288828.55175217,730.9485691921137
41294240.87856428,734.7888366863726
41299653.2843707,739.1943903586991
41305065.559086114,744.4510516301139
41310477.739135474,749.1090139975295
41315889.63663227,753.7473289927627
41321301.416198574,758.2547352269397
41326713.02820792,762.2788836872378
41332124.49381184,766.1550413762814
41337536.1604109,770.8488430582252
41342948.091111146,774.2575540313669
41348359.86383104,778.4076922698985
41353771.33222355,783.235660382796
41359182.44819641,788.0184293320108
41364593.38772248,792.7146644218484
41370004.16861145,797.2169679699855
41375414.71261065,800.8818141163689
41380825.42560385,804.2921990553355
41386236.17462488,808.0764759772717
41391646.85345607,812.6936402137208
41397057.39801756,816.94816324056
41402467.64719378,821.030219526479
41407877.81016967,825.1092917304886
41413287.76974593,828.6349661823456
41418697.59616561,832.1607164797963
41424107.59423765,836.3143578497666
41429517.893118985,839.4447083772575
41434927.96768336,843.1338086962423
41440337.742394485,847.4213690604903
41445747.188195646,851.6645309028245
41451156.438162506,855.7101685170335
41456565.54496619,859.7092351696219
41461974.3990894,862.8972425966207
41467383.44140324,865.9558384337734
41472792.56992036,869.2464023939588
41478201.599055596,873.4150229656548
41483610.43637673,877.063159095518
41489019.01896538,880.7616984248061
41494427.45603839,884.416033408317
41499835.747823365,887.6130661978609
41505243.862516426,890.7237376879277
41510652.16666102,894.3855331302216
41516060.71806439,897.1855061540118
41521469.093437836,900.5713206250603
41526877.15823084,904.4520183317278
41532284.879129626,908.2629575379078
41537692.44744466,911.9792004640784
41543099.82146069,915.5631662809915
41548506.977917865,918.4153681907419
41553914.28919312,921.1359441344916
41559321.65217966,924.3143965328029
41564728.932609044,928.0391028794961
41570136.09848027,931.3807689406738
41575542.9570131,934.7946484853346
41580949.69651554,938.0172172347504
41586356.2629213,940.9641461403457
41591762.68326555,943.7573841038256
41597169.30313534,947.1592759271975
41602576.13042112,949.5457573945112
41607982.75682799,952.7101422586097
41613389.067577876,956.288537209272
41618795.034520596,959.7064746111168
41624200.83184822,963.1881559676183
41629606.445077054,966.4181021266413
41635011.845544025,969.056716385349
41640417.40870716,971.5500217492863
41645822.97198258,974.3418239316944
41651228.48907809,977.6999931903301
41656633.87259621,980.8877281932979
41662038.93253194,983.9796569206437
41667443.91710579,986.9885371939658
41672848.68553652,989.654272870233
41678253.34351177,992.2672881068964
41683658.17792301,995.4386161050061
41689063.24734809,997.6503602072717
41694468.06004468,1000.5574392926605
41699872.566838145,1003.8488443169014
41705276.745825894,1006.97627162035
41710680.7233788,1010.1542900896059
41716084.536180235,1013.1266461742725
41721488.12121804,1015.5483452189991
41726891.883401625,1017.8770383731221
41732295.63297947,1020.3830394357706
41737699.34112346,1023.489082013567
41743102.865838975,1026.4518019803372
41748506.095347956,1029.2979369960985
41753909.2315717,1032.1268008856832
41759312.152583785,1034.559282345358
41764714.95878912,1037.0045137232426
41770117.92863828,1039.9157628226385
41775521.145023115,1042.018855627451
41780924.08906501,1044.6748437115903
41786326.72838696,1047.7103657607345
41791729.04566751,1050.6250393677046
41797131.14994049,1053.5275204218055
41802533.089496985,1056.303397713756
41807934.79254193,1058.5274703994162
41813336.67295991,1060.69351866125
41818738.55329484,1062.9720702227328
41824140.3791305,1065.878992131697
41829541.99511908,1068.6128030434475
41834943.33027874,1071.2520089603559
41840344.556978546,1073.8964708867866
41845745.578654766,1076.1504242793744
41851146.47395258,1078.430441302263
41856547.52728501,1081.120661755965
41861948.82126255,1083.102087114263
41867349.842089936,1085.5590844822432
41872750.55532226,1088.3777261588718
41878150.94498053,1091.0990049554393
41883551.119697236,1093.7849246781825
41888951.123360604,1096.38061303643
41894350.88754132,1098.443256563491
41899750.82350521,1100.4571076786551
41905150.76135251,1102.569412123669
41910550.63350065,1105.2859567191463
41915950.289418064,1107.8349225598135
41921349.66509692,1110.3018172686461
41926748.92557234,1112.7737860790028
41932147.98095254,1114.8797519669624
41937546.906515874,1117.0095027670443
41942945.98517048,1119.5262588421965
41948345.29673918,1121.3738622190124
41953744.33377337,1123.6706056690919
41959143.0593725,1126.3060297419893
41964541.45571823,1128.8483893874854
41969939.63510395,1131.3683527503663
41975337.63801469,1133.7974912088762
41980735.40072354,1135.7329539109999
41986133.32850259,1137.6089538538404
41991531.242397025,1139.5874642324109
41996929.08707076,1142.1168665014488
42002326.72514993,1144.5265429833166
42007724.07251481,1146.8529311000202
42013121.30509979,1149.1649234224874
42018518.32043556,1151.1475550938876
42023915.21119187,1153.1391560389477
42029312.251518376,1155.5226715374233
42034709.511859484,1157.2232122228352
42040106.49831956,1159.3941607923161
42045503.16708426,1161.8740722174202
42050899.49442253,1164.2498668356534
42056295.6085836,1166.6471176909556
42061691.535951875,1168.92245250929
42067087.22902312,1170.7561990496881
42072483.07313707,1172.4962367019693
42077878.88091963,1174.3949284758978
42083274.61442855,1176.745151615144
42088670.177545376,1179.0313278268811
42094065.42117917,1181.2385225105709
42099460.55839039,1183.3842882703668
42104855.469230756,1185.279799210005
42110250.253902584,1187.1290755870111
42115645.19061359,1189.3921739949865
42121040.3108329,1190.9370700542408
42126435.182253905,1193.0094353365093
42131829.72149532,1195.3515051385077
42137223.89571895,1197.5846994135022
42142617.88284057,1199.8766674407184
42148011.65239203,1202.0221153985585
42153405.20335006,1203.7557846790157
42158798.87452645,1205.3594768776588
42164192.522620946,1207.1818516722255
42169586.08383876,1209.3953329077367
42174979.51112959,1211.5059015118682
42180372.59845905,1213.6531312297702
42185765.54386452,1215.6322532240974
42191158.29231659,1217.4631322137343
42196550.87315933,1219.1704725276595
42201943.601565294,1221.2794850917303
42207336.483274005,1222.7495142184366
42212729.16885148,1224.6997400896698
42218121.508687325,1226.896915694229
42223513.463257596,1229.0363553668317
42228905.25736249,1231.157873380594
42234296.800547,1233.2161745836238
42239688.118474506,1234.828355289648
42245079.54506258,1236.3441914476034
42250471.00829911,1238.1298955051438
42255862.31131802,1240.2523533674903
42261253.43680302,1242.1736380361613
42266644.261029504,1244.2124578112528
42272034.893126026,1246.1416744202706
42277425.356517956,1247.858668109295
42282815.625471674,1249.5141530076862
42288206.02615126,1251.5079611250876
42293596.61261266,1253.0270995123667
42298986.97372356,1254.8232813754946
42304376.99469892,1256.8826383344692
42309766.64143086,1258.9287879585072
42315156.078729615,1260.889846053152
42320545.30323841,1262.8601639679896
42325934.26368457,1264.4301201641515
42331323.342507906,1265.8849359189135
42336712.41224867,1267.4380577488964
42342101.375075795,1269.4413706063453
42347490.14519887,1271.3928604629414
42352878.593407564,1273.312204401083
42358266.89790511,1275.1625603902144
42363654.972487964,1276.782611197539
42369042.881035045,1278.3536446224086
42374430.885224916,1280.2837842889137
42379819.072884016,1281.6230359420051
42385207.0394888,1283.3422031021769
42390594.67488162,1285.3139885945252
42395981.91287134,1287.2589342011424
42401368.945125066,1289.196584436571
42406755.732977964,1291.0824030003325
42412142.27508315,1292.6036827158719
42417528.89313338,1293.9766124223602
42422915.50619617,1295.5946879110934
42428301.96423887,1297.474419429164
42433688.270730995,1299.2756759526294
42439074.22795767,1301.1165494604775
42444460.002863474,1302.839513565571
42449845.57762771,1304.4033003651534
42455230.94713798,1305.861804173755
42460616.43448707,1307.6832475215444
42466002.06153315,1309.02667956262
42471387.53159573,1310.6319562087042
42476772.64452418,1312.4868515769986
42482157.34286005,1314.382827834769
42487541.84882233,1316.1638682431064
42492926.10648152,1317.979998567303
42498310.090260155,1319.4077299758833
42503694.150573485,1320.7060539975598
42509078.24136919,1322.1270862340316
42514462.1759095,1323.9577093532912
42519845.89328335,1325.6848417705946
42525229.300880075,1327.4348554108944
42530612.50533644,1329.1888421975787
42535994.996857814,1329.1901383557838
42541379.6399977,1329.5669278007101
42546765.62764262,1327.6849913639119
42552151.59726648,1328.9329813316
42557539.06593825,1326.816410409454
42562925.988708645,1328.5149036126668
42568314.18344161,1326.6848109188672
42573701.96760639,1328.3433228285576
42579091.18798214,1326.4285922846407
42584479.98868876,1327.7994415876237
42589870.48172002,1325.3527699396361
42595260.8625717,1326.6804856815784
42600652.735721216,1324.6946518930336
42606044.33895665,1326.3573563611978
42611437.21743602,1324.3539544577777
42616829.83178414,1325.9147005618695
42622223.83147549,1323.652107626754
42627617.56024798,1324.9492108531572
42633012.9545444,1322.898065358011
42638408.45274621,1324.0959853109873
42643805.395990506,1321.846737766592
42649201.945045285,1323.505095439542
42654599.67404024,1321.554662313905
42659997.153070234,1323.1814422297252
42665395.9799834,1321.164772490066
42670794.52214061,1322.4826535711986
42676194.68491425,1319.963372145369
42681594.87095347,1321.2784402609168
42686996.483722515,1319.2418561204256
42692397.91566955,1320.829367225836
42697800.60278355,1318.802429984576
42703203.089454666,1320.302587178648
42708606.963967346,1318.0423798847958
42714010.622715,1319.2854090601131
42719415.950709656,1317.2448128220478
42724821.41926957,1318.3979761773326
42730228.351323,1316.1950355987756
42735634.91976957,1317.7988946987373
42741042.70941442,1315.905024337629
42746450.25379058,1317.4719892741498
42751859.203650035,1315.5347417074754
42757267.8621859,1316.7982791742515
42762678.210346274,1314.393235205989
42768088.53028133,1315.6098787781789
42773500.38850535,1313.7034855687668
42778912.01298354,1315.2646638462365
42784324.98494037,1313.379384901281
42789737.72551319,1314.8643938071295
42795151.93497929,1312.761656451332
42800565.87824131,1313.9694456581244
42805981.58663434,1312.1205504718112
42811397.3809676,1313.2339973789901
42816814.72987708,1311.2647143150023
42822231.66215641,1312.8588260429813
42827648.28721529,1314.5002964204532
42833064.759811595,1316.003814611089
42838481.08334961,1317.558363449322
42843897.20989773,1318.7601015424739
42849313.47456529,1319.8326597482787
42854729.844369784,1321.047492504977
42860146.10824112,1322.6183655936034
42865562.25290519,1324.0719729460602
42870978.17555419,1325.5798556120092
42876393.95016657,1327.0060986412566
42881809.61708495,1328.2707683533213
42887225.14384298,1329.4325784749133
42892640.84878198,1330.9048310979736
42898056.738149874,1331.968914748206
42903472.54554168,1333.2763050050314
42908888.0828314,1334.8083725874735
42914303.28800113,1336.3450477653994
42919718.3701782,1337.8389910799583
42925133.26869702,1339.3113778567326
42930547.99909946,1340.4624466937873
42935962.85264693,1341.4880680134047
42941377.75296696,1342.7071058404952
42946792.583710544,1344.1792382125764
42952207.31035224,1345.6310256340723
42957621.764013775,1347.0578338467687
42963036.12137242,1348.4144187280558
42968450.321680546,1349.5937338961407
42973864.41803147,1350.7254889291414
42979278.66229336,1352.1311315606915
42984693.128745355,1353.1195305837743
42990107.43565621,1354.365414634525
42995521.477559425,1355.8312753946768
43000935.21241281,1357.285740504508
43006348.79084904,1358.683590904477
43011762.22341448,1360.0771011752838
43017175.46224838,1361.1452269827562
43022588.85285384,1362.1188047297244
43028002.31755421,1363.1926424111389
43033415.67728644,1364.634641573221
43038828.891551845,1365.9578857519084
43044241.89530871,1367.3252987101127
43049654.74963492,1368.621917557311
43055067.490311444,1369.7557070563867
43060480.09562392,1370.8120748151414
43065892.89113026,1372.1247955285162
43071305.8592568,1373.0752736024351
43076718.70590711,1374.2800888073893
43082131.27459819,1375.6816036269051
43087543.523743525,1377.0531850930215
43092955.65769633,1378.4108002030098
43098367.60760778,1379.7166434279147
43103779.394867204,1380.7172527779808
43109191.31672562,1381.62356129114
43114603.26714107,1382.6930506978997
43120015.13676331,1384.0519645685881
43125426.90516538,1385.3622293571907
43130838.409187436,1386.6438195366613
43136249.81977555,1387.8551306478105
43141661.06697376,1388.9230779178279
43147072.224047355,1389.9393035607504
43152483.56685582,1391.2198808988765
43157895.09326362,1392.0901961678487
43163306.42792594,1393.2410574882495
43168717.49486297,1394.5831028001628
43174128.27040833,1395.8734802543343
43179538.88123195,1397.1504813722722
43184949.35566861,1398.387094991373
43190359.63783619,1399.3312481249002
43195770.081906244,1400.2267393647567
43201180.559302546,1401.1878710723768
43206590.9414906,1402.5226353918367
43212001.14033359,1403.7777477210866
43217411.12456997,1404.97299788237
43222820.99566033,1406.1562040808021
43228230.71615246,1407.152643221833
43233640.323553376,1408.1329433710293
43239050.11094542,1409.3022019029013
43244460.111596845,1410.1543001404734
43249869.91648085,1411.2264944843207
43255279.44646448,1412.5128788746397
43260688.6868098,1413.7616907922043
43266097.75548379,1414.9876551261605
43271506.68270481,1416.1773032911167
43276915.42241922,1417.0669426518207
43282324.30831819,1417.8902313565775
43287733.246113986,1418.8125504424584
43293142.07119751,1420.1032371681
43298550.72799585,1421.3045519993188
43303959.17818722,1422.4920076141252
43309367.49045853,1423.6134497035978
43314775.657118015,1424.5975266290034
43320183.697177686,1425.5303517204047
43325591.93908875,1426.6582352241198
43331000.351949885,1427.458166048882
43336408.57389088,1428.51375698863
43341816.49677636,1429.7474779877732
43347224.12301002,1430.9117911722965
43352631.59528897,1432.0891924793857
43358038.916871056,1433.201915919058
43363446.06771621,1434.041955803368
43368853.37277975,1434.8159283118716
43374260.7069913,1435.701607570485
43379667.91783685,1436.892722559435
43385074.978911966,1438.043553556711
43390481.8150271,1439.1768556988563
43395888.53486968,1440.2413268388018
43401295.09343393,1441.1757449419647
43406701.548109144,1442.0639725674205
43412108.21212271,1443.167045588269
43417515.03022515,1443.919718554312
43422921.64266419,1444.9387547146255
43428327.96427564,1446.1221080620057
43433733.994354,1447.2193197393053
43439139.86639898,1448.3501337066782
43444545.58847613,1449.4005309934598
43449951.140309386,1450.1953449676164
43455356.85391608,1450.9522314290955
43460762.5725597,1451.802581306193
43466168.17445546,1452.9378792368466
43471573.61173361,1454.0395210870618
43476978.813586906,1455.0953879848753
43482383.913336456,1456.1071134564766
43487788.842613876,1456.9818542412193
43493193.680242606,1457.8274831996378
43498598.71860876,1458.8732188045797
43504003.917877935,1459.5844239814683
43509408.90075678,1460.550916259013
43514813.601829015,1461.6866507502277
43520218.018104956,1462.7396107318245
43525622.26449756,1463.8256894800002
43531026.36251039,1464.8307182016813
43536430.28452263,1465.5841877467026
43541834.36508137,1466.3191614258237
43547238.442308076,1467.1361640878317
43552642.410263255,1468.2423633614508
43558046.19487679,1469.297615863474
43563449.7445973,1470.288806923797
43568853.1891944,1471.251111104438
43574256.46221228,1472.075870190384
43579659.64443666,1472.8805107766802
43585063.02080252,1473.8664381391982
43590466.56114083,1474.5385764513007
43595869.881521545,1475.452657568983
43601272.92367644,1476.542765572234
43606675.682051145,1477.5589805587044
43612078.2643431,1478.6028860708332
43617480.6952783,1479.5696707282666
43622882.94645867,1480.2846349293
43628285.3485866,1480.9893863880231
43633687.7490419,1481.7791166316492
43639090.03557336,1482.8576838855372
43644492.12922757,1483.8623600160008
43649893.98996204,1484.8039925727105
43655295.737131305,1485.7171921812976
43660697.31686846,1486.5012329538863
43666098.80189238,1487.2661509422815
43671500.4779454,1488.200440510674
43676902.31511216,1488.8351917150205
43682303.933489986,1489.702899862247
43687705.27322346,1490.7492949446128
43693106.32689949,1491.7285329082906
43698507.2015165,1492.7323478651385
43703907.92060824,1493.6620154581824
43709308.45736316,1494.3425606738492
43714709.13825832,1495.0142728402595
43720109.817159936,1495.7747069260845
43725510.377569534,1496.819684052814
43730910.741349004,1497.7820067053574
43736310.87142816,1498.682384976451
43741710.8815004,1499.553913342077
43747110.723961264,1500.302404674687
43752510.46820594,1501.030953401811
43757910.40016993,1501.9226037391184
43763310.489739716,1502.5228467012503
43768710.36066107,1503.3499565712755
43774109.951339334,1504.3542322764274
43779509.25261156,1505.2950123000303
43784908.37268614,1506.260092657311
43790307.333787225,1507.1523203000136
43795706.10965332,1507.801855811632
43801105.02540392,1508.4416444832261
43806503.9349589,1509.1701546209779
43811902.72227385,1510.1751236075797
43817301.31144303,1511.1001312071535
43822699.662912086,1511.9632875330128
43828097.89269102,1512.7989237541951
43833495.95107248,1513.5148745577715
43838893.9090594,1514.2096055047082
43844292.05125572,1515.066837132098
43849690.34798466,1515.6357077518505
43855088.42486762,1516.4273213235117
43860486.219828196,1517.3910198393073
43865883.72118794,1518.2917570091586
43871281.03961529,1519.2194321209952
43876678.19640957,1520.0737212090767
43882075.164659165,1520.6955658530494
43887472.27105335,1521.3046725844679
43892869.362871945,1521.9990597692845
43898266.32973767,1522.9575190801386
43903663.1003765,1523.8509194586852
43909059.62621264,1524.6826793606872
43914456.03129658,1525.4881854507669
43919852.25696766,1526.1754113667866
43925248.380800836,1526.83896801681
43930644.685235575,1527.6701438415507
43936041.13967844,1528.208657695503
43941437.373945214,1528.9703269298006
43946833.322275266,1529.8951503492508
43952228.97122062,1530.7540422570012
43957624.43668106,1531.6463756340356
43963019.73816266,1532.4627009149558
43968414.84886029,1533.0611798066163
43973810.09652303,1533.637153517445
43979205.31851215,1534.2978319957392
43984600.41087709,1535.2039958539178
43989995.31642678,1536.0726615358128
43995389.96626342,1536.880405520098
44000784.4978847,1537.659543737672
44006178.840613015,1538.3248808747749
44011573.076988235,1538.9590601449556
44016967.494030945,1539.7713743935076
44022362.05096587,1540.279614978654
44027756.393180184,1541.0165891475663
44033150.43959392,1541.9040056465694
44038544.17503472,1542.722600860936
44043937.733055964,1543.5817981454713
44049331.1199624,1544.3641559167909
44054724.31667361,1544.941067917887
44060117.644011095,1545.474196817361
44065510.94698042,1546.1038939221385
44070904.104219936,1546.9664066548792
44076297.093788944,1547.8056340614878
44081689.822915025,1548.6101869861677
44087082.42138904,1549.3622426926631
44092474.83425936,1550.0193807051749
44097867.11958989,1550.6247087709476
44103259.583685525,1551.4062071557053
44108652.17354215,1551.889525468476
44114044.56460605,1552.5986338497814
44119436.64027633,1553.4499740674541
44124828.39150014,1554.2454734812925
44130219.96806638,1555.072363649248
44135611.36631404,1555.8365123930485
44141002.56839961,1556.3946291807142
44146393.88060558,1556.883550076122
44151785.19157665,1557.483849831325
44157176.34995009,1558.3457537567695
44162567.336479016,1559.1565612505374
44167958.07466016,1559.9457113518886
44173348.64891801,1560.673257240719
44178739.04716899,1561.3073044277967
44184129.287932985,1561.8852011325655
44189519.68387406,1562.6060443550468
44194910.23332254,1563.0677184054261
44200300.58654405,1563.7153889369308
44205690.63268713,1564.532007326251
44211080.35324987,1565.326361732915
44216469.87602936,1566.1222184764526
44221859.22526229,1566.8800149380866
44227248.35192319,1567.42248812349
44232637.581093855,1567.9146764691786
44238026.80250728,1568.4860132624399
44243415.88603349,1569.3394615189713
44248804.761573866,1570.1246808533515
44254193.37594313,1570.8432487431148
44259581.84354639,1571.549241141738
44264970.11536047,1572.1245881714774
44270358.25224294,1572.67792454356
44275746.52995094,1573.398526707633
44281134.964497425,1573.8422502939968
44286523.19144918,1574.4606338394224
44291911.134218216,1575.2434030362913
44297298.74178834,1575.9972826334597
44302686.151949495,1576.7634096165564
44308073.38324999,1577.48399195281
44313460.38906576,1578.0139753970223
44318847.494407415,1578.4774066807486
44324234.58591143,1579.016888416885
44329621.52752593,1579.8066323521912
44335008.29007164,1580.5684029163417
44340394.77528266,1581.284580323716
44345781.1058593,1581.952230244948
44351167.24914504,1582.5359076379807
44356553.23145185,1583.0433843469827
44361939.35265419,1583.7306598401935
44367325.578818426,1584.1583607645625
44372711.66681665,1584.756311410588
44378097.44701593,1585.5030597193236
44383482.86991159,1586.2521564499225
44388868.12914236,1586.9578010267746
44394253.17208997,1587.6785211615154
44399637.98171468,1588.1724386003596
44405022.87448924,1588.6130044837598
44410407.81146426,1589.127359449098
44415792.557235956,1589.9228453057556
44421177.09616653,1590.6250057582392
44426561.3919869,1591.3124537199183
44431945.49631914,1592.0063913206786
44437329.41738303,1592.5568280704674
44442713.16795974,1593.0914132398948
44448097.02081129,1593.7414599582662
44453481.025435634,1594.1808399172269
44458864.83080534,1594.7368049707488
44464248.34534729,1595.4597506139385
44469631.51203051,1596.1891338322057
44475014.95104043,1594.1508135173306
44480399.19402681,1594.848564017308
44485783.65263982,1592.6161521120027
44491169.20766256,1593.028370430479
44496555.19193901,1590.7966026121073
44501942.10734855,1591.5186225025873
44507329.28009001,1589.4888304936148
44512717.22781158,1590.136377528026
44518105.4218896,1588.0382778276928
44523494.52111115,1588.5441378069086
44528883.84390044,1586.286908134258
44534274.39346242,1586.913116861674
44539665.44337349,1584.5709966838986
44545057.50321036,1585.0755247694974
44550449.64621902,1583.0407513879873
44555842.573148385,1583.714999914402
44561235.684369035,1581.682171438589
44566629.74405344,1582.3283866787128
44572023.93316412,1580.0942225690378
44577419.35903852,1580.4371131099003
44582815.167193435,1578.2384166275997
44588211.97784879,1578.8993245527902
44593608.98493799,1576.8370545995422
44599006.91840421,1577.4378185673133
44604405.00941196,1575.335121603871
44609804.14390973,1575.7941684228115
44615203.44372646,1573.5344098219412
44620604.0707715,1574.087890203168
44626005.16961905,1571.7593323659712
44631407.35598783,1572.200513714714
44636809.61418474,1570.1466102222962
44642212.71005888,1570.7721311955515
44647616.004788965,1568.7150815252944
44653020.28096814,1569.3083574620955
44658424.717303306,1567.0485399054728
44663830.40565547,1567.3401567418339
44669236.51240119,1565.1098007748885
44674643.63454742,1565.7097526979817
44680051.015369736,1563.6202339784807
44685459.2868578,1564.1784701762292
44690867.815609686,1562.032708542778
44696277.3288849,1562.4404986719603
44701687.12186815,1560.1307881312632
44707098.16712458,1560.6543867657006
44712509.80186335,1558.2324022806501
44717922.426872335,1558.6491709581708
44723335.26475929,1556.5457356636432
44728748.868498534,1557.1196250452672
44734162.79229647,1555.0135713936115
44739577.60963779,1555.5597491834171
44744992.73969053,1553.2451851598712
44750409.01096269,1553.503229430297
44755825.84338974,1551.1379182859073
44761243.61809807,1551.7147212294342
44766661.80939662,1549.5910045088185
44772080.74378506,1550.1093424482103
44777500.15120808,1547.9275476023352
44782920.35343031,1548.297538379587
44788341.06946431,1545.9493138070864
44793762.84229426,1546.4083318057596
44799185.45461051,1543.9823126413219
44804608.45723202,1542.7915289296004
44810033.13035944,1542.677529440922
44815459.331942566,1541.4940923664826
44820885.837774776,1539.2980155431178
44826312.62630245,1538.1384175346097
44831741.109734304,1537.7930555940118
44837171.60877792,1536.3857779956015
44842602.64884612,1534.0083658740696
44848033.98940053,1532.7714537626262
44853467.15156651,1533.0338747471128
44858900.00057302,1533.5001955016016
44864332.7763775,1533.9559191229876
44869765.43708277,1534.272287726525
44875198.03674931,1534.5688446895801
44880630.83798624,1534.9828352740808
44886063.85470808,1535.1807487212516
44891496.755861655,1535.5367740459815
44896929.43210296,1536.0514687445545
44902361.863648064,1536.5422385442746
44907794.18549424,1537.0307206631996
44913226.39702583,1537.4762607806192
44918658.48836443,1537.7284832763357
44924090.76232295,1537.923371791222
44929523.09873171,1538.193079944377
44934955.36173426,1538.6953230787858
44940387.488309756,1539.1834057560209
44945819.44334721,1539.6239767952402
44951251.32489101,1540.0420761376397
44956683.092928626,1540.3435887664682
44962114.81294422,1540.6200494314785
44967546.75678409,1541.0108309443565
44972978.877986774,1541.1803642668992
44978410.862870954,1541.5306953112738
44983842.624538586,1542.0369923373162
44989274.15277677,1542.5074779192864
44994705.57182301,1542.988970889802
45000136.860136785,1543.4124728888364
45005568.05306536,1543.623811401759
45010999.420017414,1543.7927449760239
45016430.86365981,1544.1014063827868
45021862.2103319,1544.5744527765794
45027293.4398106,1545.0295461118285
45032724.47052084,1545.4661004184238
45038155.4450868,1545.8409740867298
45043586.2957996,1546.121565518097
45049017.13126954,1546.3945912916124
45054448.18660776,1546.747997428996
45059879.405149646,1546.9049101167457
45065310.46302271,1547.2490752252716
45070741.29352946,1547.7478572331381
45076171.90252465,1548.1955820049868
45081602.40740568,1548.6588029173047
45087032.76629026,1549.0581326766392
45092463.05833322,1549.2359831803933
45097893.51999132,1549.383883514242
45103324.03781388,1549.7101861068345
45108754.45376353,1550.1613286095992
45114184.73637621,1550.6018115181628
45119614.83262166,1551.0416058572155
45125044.864770584,1551.3811689093604
45130474.770008214,1551.644123070309
45135904.67735002,1551.897713923631
45141334.8161244,1552.2228952580053
45146765.09385795,1552.3646605529202
45152195.1911154,1552.7114550951392
45157625.05866097,1553.1836925928826
45163054.71719753,1553.5834677057155
45168484.29090429,1554.0282133513508
45173913.69952111,1554.3855989356618
45179343.07323482,1554.5354173207543
45184772.62753014,1554.6758160617453
45190202.209750995,1555.0281207888313
45195631.651589274,1555.479750190785
45201060.958542384,1555.890149127406
45206490.10983514,1556.3188888989291
45211919.16534032,1556.6369967964488
45217348.092594534,1556.9001149671826
45222777.03655624,1557.1556973508511
45228206.22069783,1557.4638102176693
45233635.491012685,1557.6097562523464
45239064.57193565,1557.960983050953
45244493.40771501,1558.4124628111094
45249922.04541429,1558.781345021252
45255350.60450274,1559.2033776439812
45260778.989918,1559.5271843247074
45266207.37148814,1559.653751316895
45271635.925780386,1559.7812511015431
45277064.49920544,1560.135856084944
45282492.931928545,1560.5659838147808
45287921.21673839,1560.9350265837159
45293349.3648804,1561.3283829682457
45298777.414959155,1561.5918942899689
45304205.35397291,1561.8260621796835
45309633.33348244,1562.0676981096965
45315061.56835768,1562.334772226906
45320489.84912588,1562.460145139084
45325917.93534574,1562.8019863314446
45331345.76919684,1563.2528310478772
45336773.42604358,1563.6065282392294
45342200.98726359,1563.9987508201698
45347628.38919628,1564.2873864237692
45353055.804886475,1564.3879624903561
45358483.37787493,1564.5186624938704
45363910.9703874,1564.8366072564027
45369338.445248656,1565.2582908351214
45374765.73434278,1565.5964109905487
45380192.92616367,1565.9650805679207
45385620.00187016,1566.198332576267
45391046.98013125,1566.4121003865
45396474.01894072,1566.63741402567
45401901.31459671,1566.8678649385195
45407328.62413689,1566.9806306808778
45412755.73969931,1567.3196149805672
45418182.60320235,1567.7660463985526
45423609.299982786,1568.0996765055156
45429035.89026911,1568.4941037979663
45434462.314542234,1568.7464876368315
45439888.78084323,1568.829267645464
45445315.3999304,1568.9647833797433
45450742.00209498,1569.2543224914189
45456168.50284989,1569.6540455559052
45461594.796028845,1570.011785834889
45467021.00148948,1570.3611217005957
45472447.0745877,1570.585024169698
45477873.05453216,1570.7735087877882
45483299.1157727,1571.0091091634001
45488725.43479904,1571.1683524126013
45494151.73093976,1571.3013591713782
45499577.85858257,1571.6218437724287
45505003.72870662,1572.039467916044
45510429.4313045,1572.362212247743
45515855.021115825,1572.7277992891686
45521280.44375878,1572.9365524718094
45526705.94724127,1573.0029558940766
45532131.5966575,1573.1383378049343
45537557.174780995,1573.4528470064167
45542982.655351475,1573.8134944256626
45548407.93690858,1574.1715104356797
45553833.11288872,1574.4851130215839
45559258.172878236,1574.7013530860895
45564683.122727685,1574.8623957782543
45570108.181055635,1575.1169048364332
45575533.47063796,1575.2243794200062
45580958.743995406,1575.3826727774424
45586383.81007616,1575.6908180807552
45591808.60469327,1576.0678018487445
45597233.25880163,1576.374611319023
45602657.79930264,1576.7181749413153
45608082.17124662,1576.894011336271
45613506.64972009,1576.9443987646678
45618931.263777055,1577.0504423523232
45624355.80144506,1577.365824017675
45629780.23631977,1577.6829318466646
45635204.4813463,1578.0235218457967
45640628.60730233,1578.3015216102144
45646052.64235505,1578.494843871219
45651476.564371765,1578.6228415863607
45656900.635321096,1578.8722301158757
45662324.918755986,1578.9346681007441
45667749.17183008,1579.0948517371617
45673173.22080029,1579.4025373884906
45678596.99629956,1579.7544273293374
45684020.63430491,1580.0744843554794
45689444.151562385,1580.3958931341501
45694867.50116186,1580.5578326135344
45700290.96649531,1580.5977513616306
45705714.52156082,1580.6831026270065
45711138.04636227,1581.0043992124197
45716561.450890146,1581.3367775405527
45721984.65728056,1581.6376221991252
45727407.75840622,1581.9361151222745
45732830.749672696,1582.1013851731632
45738253.63126218,1582.23448009761
45743676.67720797,1582.4551461858796
45749099.91772853,1582.5285238024821
45754523.09780222,1582.6879656983788
45759946.06096497,1582.980786343503
45765368.74632397,1583.311265965395
45770791.328470305,1583.606186181355
45776213.76465591,1583.9060071841739
45781636.05142999,1584.0250000790195
45787058.46458737,1584.0550207384456
45792480.95722348,1584.186161668726
45797903.389593504,1584.4939555745195
45803325.71910463,1584.8071582663583
45808747.825327195,1585.0903208661005
45814169.848096356,1585.3491100918645
45819591.74100419,1585.4914042148816
45825013.55233503,1585.6115172364848
45830435.52091785,1585.8366032262832
45835857.68881324,1585.869995677575
45841279.74541093,1586.0186346660305
45846701.593117885,1586.3103526660418
45852123.185276136,1586.6177622491991
45857544.65356575,1586.8788945778658
45862966.001615085,1587.1597201988275
45868387.188235946,1587.2425164678925
45873808.52769855,1587.256054090334
45879229.98427033,1587.3575747292725
45884651.32667026,1587.6748415627183
45890072.55625678,1587.917025366938
45895493.592867106,1588.1950838171713
45900914.513057135,1588.4107853907976
45906335.33626101,1588.552055771584
45911756.07107386,1588.6202363688767
45917177.00198949,1588.8423304728976
45922598.09687901,1588.818828311527
45928019.101546355,1588.9796054763501
45933439.88272834,1589.2660991665102
45938860.40675624,1589.5364300046763
45944280.80392576,1589.8064657959712
45949701.086894594,1590.0520171863998
45955121.21489535,1590.1231750661266
45960541.50478541,1590.1406282462137
45965961.85508678,1590.2048828848967
45971382.13557631,1590.521969668198
45976802.25270241,1590.8030936352166
45982222.18885007,1591.0462788179725
45987642.02435943,1591.2680027502738
45993061.74306908,1591.386356252539
45998481.368808925,1591.462939990172
46003901.19254141,1591.6514558601325
46009321.193578735,1591.635998215697
46014741.07745784,1591.785561205659
46020160.72149764,1592.0649719670296
46025580.10878447,1592.3122384072556
46030999.37867938,1592.5728150909208
46036418.52301333,1592.7915357700958
46041837.533225805,1592.8368599006878
46047256.71435587,1592.8230455789069
46052675.94826258,1592.8858016807235
46058095.10060843,1593.1542264002928
46063514.109536,1593.4197614493642
46068932.91924204,1593.6425737751356
46074351.65590169,1593.8410915658028
46079770.25844708,1593.9335742842227
46085188.804891184,1593.9967295800463
46090607.55520758,1594.1793320928502
46096026.473231964,1594.1459781996346
46101445.24518031,1594.2780563123447
46106863.80032761,1594.549646856693
46112282.113292925,1594.7931609857167
46117700.291857235,1595.045087777989
46123118.34117234,1595.2600884676133
46128536.25373947,1595.2798656001125
46133954.32566083,1595.2619215866257
46139372.4620429,1595.3358807139005
46144790.504654124,1595.6410334488894
46150208.38520553,1595.8825124216705
46155626.09372732,1596.104293975169
46161043.6849857,1596.2634568573778
46166461.1694156,1596.3557775567663
46171878.5858057,1596.4040034163772
46177296.22421163,1596.5701037555013
46182713.9933209,1596.5177253802551
46188131.61883312,1596.6583377128488
46193549.00542882,1596.9247948934626
46198966.13713662,1597.1290168935404
46204383.16236428,1597.3709779181872
46209800.03552044,1597.543919772019
46215216.81305115,1597.5373986589464
46220633.7551962,1597.4939355659076
46226050.73950223,1597.5871577445685
46231467.63055159,1597.8162138588596
46236884.38395097,1598.0381752020205
46242300.92283098,1598.2448571029931
46247717.39252445,1598.3891875314127
46253133.720967285,1598.4527023494338
46258550.02718734,1598.494701493838
46263966.53616219,1598.6487915778484
46269383.188393146,1598.577820248577
46274799.6578671,1598.6969590485453
46280215.903618895,1598.9467123223137
46285631.93019676,1599.1476082248805
46291047.8148637,1599.3806947031956
46296463.562817544,1599.5497518018713
46301879.19356772,1599.5249213488207
46307294.98449679,1599.48580287108
46312710.84050484,1599.5507384058108
46318126.59014179,1599.8239207055794
46323542.1633066,1600.0259642580143
46328957.577176705,1600.2263200467542
46334372.86232234,1600.3359391828126
46339788.042318344,1600.4124193856285
46345203.17019818,1600.4297617830246
46350618.54050295,1600.5588823948353
46356033.98608876,1600.4772837731232
46361449.279354386,1600.6102470417356
46366864.324220404,1600.859877537956
46372279.124020286,1601.0226542507357
46377693.82259469,1601.2426581764546
46383108.35178891,1601.375048262283
46388522.811886765,1601.3299836630192
46393937.44401594,1601.2612138594916
46399352.09055454,1601.353048301703
46404766.642787315,1601.5409059315937
46410181.03454003,1601.739835813105
46415595.22442571,1601.9340944721862
46421009.33335016,1602.039048314465
46426423.29763872,1602.0774189454928
46431837.24857143,1602.0952919506208
46437251.40767763,1602.2051215943488
46442665.6883463,1602.1139963580854
46448079.77121483,1602.231146899026
46453493.622144885,1602.4634656832588
46458907.27206974,1602.6129021088977
46464320.783076525,1602.8155332374176
46469734.1518219,1602.9302597957126
46475147.43050757,1602.8663450717938
46480560.86569548,1602.8131940798892
46485974.32478873,1602.8729068776752
46491387.689812884,1603.1162834271738
46496800.855348416,1603.2813010839277
46502213.874082185,1603.458104620774
46507626.75474608,1603.5338816249919
46513039.52603761,1603.5692958953568
46518452.27451747,1603.5863035036061
46523865.25822449,1603.6699344111607
46529278.31217809,1603.5696192611842
46534691.20040815,1603.6734049851234
46540103.84052476,1603.889044980475
46545516.24009973,1604.0225196548831
46550928.54074179,1604.2190989716617
46556340.65190814,1604.3239630479286
46561752.70751102,1604.2386369193566
46567164.93085479,1604.141309541246
46572577.17889046,1604.2391967612123
46577989.26565812,1604.441096274919
46583401.18853551,1604.5899507704694
46588812.9518827,1604.762406307533
46594224.59370511,1604.8154416722818
46599636.10092319,1604.834865414754
46605047.5920776,1604.8259040391117
46610459.32748433,1604.8859629441354
46615871.132108785,1604.763734433349
46621282.7556234,1604.8570473922568
46626694.12048633,1605.0686775581134
46632105.25781904,1605.1865899514366
46637516.286069736,1605.3645009346135
46642927.13472222,1605.4496633123724
46648337.93922971,1605.350469615158
46653748.90747696,1605.2398963756864
46659159.87116822,1605.2825087825472
46664570.72769709,1605.4697190910506
46669981.4054907,1605.621587017743
46675391.931350954,1605.779583310548
46680802.32300075,1605.83748506774
46686212.586095355,1605.8409799697522
46691622.84965961,1605.8495737535256
46697033.33692169,1605.8864317628356
46702443.87973399,1605.7853684548468
46707854.22927359,1605.8677174994405
46713264.31659271,1606.0448944850918
46718674.18551019,1606.1476309058107
46724083.95183209,1606.3023318469923
46729493.52729516,1606.3681217105907
46734903.068763584,1606.2484708879297
46740312.77265247,1606.1245805987846
46745722.492678486,1606.1787094755891
46751132.05690684,1606.3509708558013
46756541.43893394,1606.4561227035886
46761950.68226054,1606.5996991342768
46767359.77937011,1606.609448965035
46772768.76684329,1606.5969772849257
46778177.752158016,1606.5770009575674
46783586.984643035,1606.5909404498695
46788996.2524774,1606.4508313486767
46794405.34616641,1606.5223486045766
46799814.18517988,1606.7070218760593
46805222.787598774,1606.7957813282155
46810631.288514405,1606.956423960847
46816039.58301341,1607.002206824601
46821447.85139508,1606.8676238907879
46826856.279630244,1606.7363016565919
46832264.70937033,1606.8220077109195
46837672.97721022,1606.9791606540732
46843081.06740821,1607.074189473473
46848489.00231808,1607.191266227861
46853896.81088658,1607.1822405924859
46859304.49015855,1607.148310468262
46864712.18267475,1607.1163558831872
46870120.1127666,1607.1063460442317
46875528.078678064,1606.948392106263
46880935.85613606,1607.00994033402
46886343.369241536,1607.1916843959475
46891750.65528952,1607.2702688613758
46897157.82532705,1607.4237795314352
46902564.79408546,1607.4515351280525
46907971.74028244,1607.3015143376892
46913378.84461819,1607.161701352827
46918785.92390571,1607.226501966785
46924192.87309706,1607.3729754755686
46929599.63896489,1607.4805812720579
46935006.23844026,1607.577233590107
46940412.718355335,1607.5666357587822
46945819.05546426,1607.516295285705
46951225.418202154,1607.4864394866468
46956632.00700962,1607.4582846973874
46962038.62109655,1607.3077259678748
46967445.02706394,1607.3569596449497
46972851.15870134,1607.5183832172115
46978257.07713836,1607.5835042852516
46983662.873666756,1607.71103300205
46989068.473733105,1607.7194385516018
46994474.059817284,1607.5523213915599
46999879.8029637,1607.403530818265
47005285.51035931,1607.4323905547935
47010691.0957505,1607.5605306528214
47016096.491151646,1607.6658076298859
47021501.725497946,1607.743192932243
47026906.838453084,1607.7284034714596
47032311.803061016,1607.6568402683574
47037716.807784535,1607.6262499708087
47043122.02870813,1607.5804184516091
47048527.26947305,1607.4385710811036
47053932.29304804,1607.4743373062508
47059337.03838472,1607.6106990529447
47064741.58111019,1607.6608859529747
47070145.99946392,1607.7605223828446
47075550.22431991,1607.7521102317887
47080954.43603446,1607.5689783029877
47086358.80706428,1607.4152776184583
47091763.13559913,1607.415518788953
47097167.34760419,1607.5259388091047
47102571.348983996,1607.6157358980236
47107975.20251107,1607.6809508902236
47113378.92007172,1607.6555999743973
47118782.495476566,1607.5665889571494
47124186.10978446,1607.5316585618934
47129589.928408,1607.4550108017527
47134993.7696936,1607.3148207754007
47140397.39445005,1607.3376831370351
47145800.73828597,1607.450043420155
47151203.88630325,1607.4857538325252
47156606.91018869,1607.5613359120089
47162009.74085177,1607.5378868837724
47167412.555797614,1607.338102666285
47172815.519236706,1607.171741490993
47178218.45966567,1607.1527355845265
47183621.28081564,1607.2532854640685
47189023.87076955,1607.317620075258
47194426.32974868,1607.3730659538671
47199828.63440612,1607.329451867176
47205230.80987356,1607.2302881691105
47210633.01521856,1607.1868832511254
47216035.42767959,1607.0819112009438
47221437.84969,1606.9334161755596
47226840.06455494,1606.9423294019189
47232241.99663859,1607.0356575634626
47237643.72857434,1607.0601337107491
47243045.341247216,1607.1189277950582
47248446.75373998,1607.0817616810084
47253848.150722854,1606.8658264350784
47259249.68557859,1606.6816762135506
47264651.214000925,1606.6531342377623
47270052.611091726,1606.7455734268904
47275453.7699828,1606.7850536056683
47280854.80609384,1606.8291657459206
47286255.67828902,1606.765726996307
47291656.42824307,1606.6564620053223
47297057.20221929,1606.6007005280624
47302458.1888331,1606.4765707878014
47307859.172511585,1606.3133159526901
47313259.954990126,1606.308724491566
47318660.45282358,1606.38800746793
47324060.74400504,1606.4011585092726
47329460.9179428,1606.4473025658585
47334860.88519017,1606.397130680568
47340260.83670931,1606.1666027424108
47345660.92161531,1605.9664169133569
47351061.003768034,1605.9279240511228
47356460.94745205,1606.009165271273
47361860.65033132,1606.0321793411736
47367260.23037318,1606.0638911214592
47372659.64299963,1605.985716419672
47378058.93241136,1605.8636629550854
47383458.243486784,1605.7953816999961
47388857.766061164,1605.6574189242897
47394257.283497766,1605.4800875896367
47399656.59695257,1605.462508845078
47405055.62259753,1605.5296332632827
47410454.439888015,1605.529563919115
47415853.13612462,1605.5635097063448
47421251.62424442,1605.5005948076252
47426650.09344773,1605.2566767816575
47432048.69717591,1605.044820742068
47437447.29025491,1604.9903333905486
47442845.74772405,1605.0566979804655
47448243.96216796,1605.0731339191034
47453642.04715933,1605.0920456162164
47459039.96548186,1605.0054588610358
47464437.75181098,1604.8675709894906
47469835.56077645,1604.7869950389538
47475233.57280993,1604.6406075069985
47480631.58836484,1604.4495224249429
47486029.38818819,1604.419496148242
47491426.89595663,1604.4771445945785
47496824.19697171,1604.4621833765013
47502221.367776185,1604.4860553297058
47507618.332102895,1604.410776495573
47513015.27266582,1604.154943632685
47518412.355638295,1603.9336599460034
47523809.40614095,1603.8631957672949
47529206.327477336,1603.9115122262153
47534603.0110989,1603.92879462397
47539999.54823006,1603.933026090136
47545395.92877374,1603.8400130355174
47550792.16008774,1603.6847116812473
47556188.41921422,1603.588467071262
47561584.87472065,1603.4440767787012
47566981.34286345,1603.231855354738
47572377.581021614,1603.1895948164504
47577773.52379932,1603.2433118520728
47583169.25454237,1603.2149011353915
47588564.847125255,1603.235414133065
47593960.229599044,1603.1489477847024
47599355.58574665,1602.8816024298578
47604751.09292898,1602.6449427764314
47610146.54355613,1602.5676210956804
47615541.86056442,1602.6018254224523
47620936.958696604,1602.61640908862
47626331.88904779,1602.6052806396513
47631726.676517576,1602.499835202425
47637121.29989407,1602.3334081830633
47642515.951359056,1602.2176749160942
47647910.8075555,1602.0783853065557
47653305.66756274,1601.8360061953185
47658700.29282219,1601.7804308527857
47664094.6197934,1601.833553910746
47669488.72058577,1601.7946192908535
47674882.68058704,1601.8173811278957
47680276.42302439,1601.7217555992377
47685670.13487057,1601.442366837786
47691063.99168784,1601.1809103674057
47696457.79698664,1601.1049152541586
47701851.46351474,1601.1336746006011
47707244.91957191,1601.1354606966274
47712638.192718126,1601.1168649844924
47718031.32465953,1600.9921694528036
47723424.2890396,1600.8213701932664
47728817.26280223,1600.6811015383369
47734210.4444877,1600.5316416020798
47739603.636522025,1600.2473597284925
47744996.597288705,1600.1792474796487
47750389.25912506,1600.234477602469
47755781.67813569,1600.1838153269289
47761173.95268807,1600.2146809521428
47766566.00125719,1600.113277286106
47771958.00492751,1599.8237808600516
47777350.15403679,1599.5449800025367
47782742.25822248,1599.4839734542757
47788134.20301223,1599.5019203731374
47793525.94146348,1599.4714508716313
47798917.48763121,1599.44759811001
47804308.88532914,1599.2946771045515
47809700.11825178,1599.1139420704155
47815091.34143274,1598.9420999721908
47820482.78320347,1598.7879944711897
47825874.23865769,1598.4716047496734
47831265.47569338,1598.3890876960616
47836656.42159655,1598.4358989540458
47842047.09972715,1598.3695261833254
47847437.6436238,1598.3911030238833
47852827.94508143,1598.2824312147281
47858218.19268224,1597.9814404505948
47863608.58272365,1597.6790770906707
47868998.95967725,1597.607999682272
47874389.131964095,1597.6104059385684
47879779.09232134,1597.5475262369775
47885168.87251959,1597.5307031700609
47890558.47453301,1597.3609093654804
47895947.93167625,1597.1764612687755
47901337.35744913,1596.9929454380444
47906727.00670329,1596.8392141433012
47912116.66230821,1596.5211855395307
47917506.1103279,1596.4221790202657
47922895.26103385,1596.4307101616291
47928284.14461897,1596.3497351230803
47933672.89292756,1596.3363269089268
47939061.40488735,1596.2227419455912
47944449.84760076,1595.9084371043832
47949838.43435097,1595.5873322302496
47955226.996423095,1595.4298722135911
47960615.393479675,1595.4219374994582
47966003.5648495,1595.3652465860762
47971391.56013123,1595.3382538048115
47976779.382187285,1595.1982367514022
47982167.03637661,1595.0034454909887
47987554.65776064,1594.819031422596
47992942.47183826,1594.664758370398
47998330.31953986,1594.3338575690025
48003717.92831392,1594.2196012421532
48009105.227352336,1594.2276242936275
48014492.26055683,1594.135861095185
48019879.14469829,1594.1232754658258
48025265.79967333,1594.0051382943116
48030652.36880961,1593.685498437754
48036039.07721905,1593.3506503658655
48041425.76230481,1593.2278175847543
48046812.260920726,1593.209830451599
48052198.55001381,1593.140784907086
48057584.631339274,1593.1042085986596
48062970.54225193,1592.9215244157288
48068356.28215055,1592.7170597997947
48073741.95616629,1592.4895893755308
48079127.856367074,1592.3374885006708
48084513.7775038,1591.961502694408
48089899.494738676,1591.8317803768239
48095284.91000442,1591.8256493362358
48100670.0312345,1591.7242030790596
48106055.00616385,1591.6987706912867
48111439.740819424,1591.5775148460284
48116824.36434598,1591.2448513278753
48122209.135318324,1590.8960317158271
48127593.88705986,1590.709337790601
48132978.47033428,1590.7123287885277
48138362.817320526,1590.6300118734578
48143746.96767584,1590.5325167464043
48149130.94724362,1590.3717531196066
48154514.75526388,1590.1287159259457
48159898.49295141,1589.8984069253338
48165282.40823569,1589.7188235224664
48170666.399785414,1589.3434431908934
48176050.13857496,1589.1955142486281
48181433.58620997,1589.1824536535278
48186816.77623383,1589.0597568933806
48192199.77130715,1589.025970877932
48197582.56312596,1588.8698903662796
48202965.21372208,1588.538527810204
48208348.00957542,1588.2071099252917
48213730.75904916,1588.0145971604702
48219113.36874461,1587.930290157966
48224495.75487352,1587.862317930538
48229877.88596165,1587.803474924565
48235259.876050934,1587.6331654764795
48240641.672130466,1587.4198867914502
48246023.38176773,1587.1536879348896
48251405.29856561,1587.0250047956406
48256787.22736312,1586.6208828550036
48262169.403133325,1583.6544309763772
48267552.29583641,1583.6204034102652
48272935.29644425,1580.721472284333
48278319.20244164,1580.6482620718857
48283703.28397427,1577.7255025980899
48289088.29888796,1577.3488376978476
48294473.8123274,1574.1677969337288
48299860.480078004,1573.8785294198865
48305247.35042057,1571.0492331254577
48310635.11525382,1570.915476498209
48316023.00418687,1567.9627961971428
48321411.89773233,1567.7297924985237
48326800.94465594,1564.6293675288314
48332191.09385979,1564.3073137849362
48337581.72714087,1561.294036268433
48342973.66650497,1560.8032087457648
48348365.669590585,1557.7542121441952
48353758.61631931,1557.6235963727868
48359151.57795658,1554.6617397404277
48364545.58729009,1554.5056440296091
48369939.69488341,1551.4962662040894
48375334.87719723,1551.04308001469
48380730.47979885,1547.8139195782917
48386127.312896974,1547.4356419487021
48391524.31060599,1544.4936210700303
48396922.344223276,1544.2796288369268
48402320.3994197,1541.2563497231504
48407719.606156066,1540.951214685042
48413118.89522598,1537.7678053158556
48418519.38939263,1537.3494275162284
48423920.340732254,1534.2666522092882
48429322.64685321,1533.6805885083052
48434725.00983165,1530.5398037619052
48440128.368582994,1530.3316395266272
48445531.74736532,1527.2567365946445
48450936.21612453,1527.0172956773108
48456340.805083506,1523.888105859289
48461746.4869055,1523.347643816646
48467152.62448944,1519.9850024364482
48472560.00343249,1519.5171453458956
48477967.595683314,1516.4604586653406
48483376.18716768,1516.1682886943236
48488784.90441048,1512.9841881822113
48494194.70919599,1512.5962372632125
48499604.71215549,1509.2456594547682
48505015.84736495,1508.7612764296566
48510427.5575669,1505.4568887817652
48515840.54237196,1504.8098426499885
48521253.73441219,1501.4716424595474
48526667.81770988,1501.2017424381381
48532082.04641471,1497.9759502574514
48537497.2736228,1497.665439984904
48542912.75256901,1494.3732752432675
48548329.22140053,1493.7353144899691
48553746.30492734,1490.1143757789305
48559164.54931177,1489.6151447589932
48564583.13487256,1486.344023352922
48570002.59535791,1485.9695809776315
48575422.40136114,1482.6535971454387
48580843.09430595,1482.1852075991217
48586264.206845894,1478.6553118013958
48591686.262840495,1478.0797446205622
48597109.16395469,1474.6179712879293
48602533.0699344,1473.8788092602958
48607957.43168584,1470.3801414922448
48613382.05324784,1468.3555620985344
48618808.42106771,1467.2563183033378
48624236.484533936,1464.9307598591909
48629664.7779081,1461.3903466344893
48635093.42065212,1458.8350648675778
48640524.28015448,1457.8046052619977
48645955.03537217,1457.2315731802576
48651385.710215725,1456.8875852071988
48656816.204370014,1456.4295803716846
48662246.58366506,1456.0101355843653
48667676.839655355,1455.4378407719778
48673107.006678626,1454.8355490942463
48678537.19046753,1454.212085676559
48683967.64432546,1453.6679105059814
48689398.187784374,1452.850059855472
48694828.57823655,1452.3534276253856
48700258.736294895,1452.0089138760482
48705688.70382822,1451.5147872715165
48711118.57829711,1451.1127929109816
48716548.29405247,1450.5706590613613
48721978.00219604,1449.793806269863
48727407.91978617,1449.0350755883571
48732837.86368053,1448.4586363517412
48738267.71948724,1447.995345491445
48743697.39976352,1447.497093757647
48749126.950302646,1447.0683538331036
48754556.40696946,1446.4525028656117
48759985.76553405,1445.808363932991
48765415.1784928,1445.1741465509833
48770844.85150682,1444.5673526595417
48776274.594178006,1443.746698363669
48781704.161876775,1443.235851845844
48787133.48982427,1442.882198493685
48792562.637407035,1442.3675656030828
48797991.68694738,1441.9580715839747
48803420.5633893,1441.3734392586464
48808849.46478477,1440.5564579364209
48814278.56719048,1439.783037276396
48819707.659260504,1439.2183016427157
48825136.68262033,1438.739674678023
48830565.52486728,1438.2718653945317
48835994.24149137,1437.8037986073684
48841422.84814313,1437.1845560185739
48846851.35385613,1436.5029797667648
48852279.93819233,1435.897201248539
48857708.76870322,1435.1990683348688
48863137.614506714,1434.39065481858
48868566.302904695,1433.8603646822744
48873994.75281232,1433.4750004731127
48879423.01380508,1432.9444885392445
48884851.19347646,1432.5219652096805
48890279.174362764,1431.8897523443786
48895707.21188792,1431.0397076156084
48901135.44839772,1430.25659783351
48906563.635850266,1429.7148690575834
48911991.76796933,1429.2089368853278
48917419.70421764,1428.7260930426976
48922847.52568205,1428.2286191971536
48928275.226924516,1427.5693906923095
48933702.828168936,1426.8514553584835
48939130.53900721,1426.2469650091691
48944558.4906989,1425.4848378496156
48949986.43264464,1424.703717432087
48955414.208885916,1424.1568618359697
48960841.74458651,1423.7244488073538
48966269.110159285,1423.168766811009
48971696.408126816,1422.6947149090274
48977123.495432764,1422.009143392434
48982550.676117904,1421.124610501234
48987978.018438734,1420.2914976426573
48993405.327353455,1419.8009587490221
48998832.53907212,1419.256186319221
49004259.57314228,1418.7423710989028
49009686.48078554,1418.174130062294
49015113.28943616,1417.4783133358492
49020539.992889695,1416.702323087816
49025966.845592104,1416.0840791404792
49031393.93641493,1415.217930327555
49036821.01341642,1414.4622179719913
49042247.902323745,1413.8984103685334
49047674.53564768,1413.4132276270127
49053101.02272327,1412.8578964555095
49058527.417808235,1412.3165004675009
49063953.62723929,1411.5826796016174
49069379.9617234,1410.6602829297083
49074806.43983699,1409.7868317118596
49080232.929790005,1409.2002395231323
49085659.28172538,1408.6061865638421
49091085.42237107,1408.041709565896
49096511.47969195,1407.4416232734957
49101937.43460771,1406.6988388772022
49107363.29376114,1405.8866241594355
49112789.324659586,1405.2584505560171
49118215.582534745,1404.3185893063287
49123641.793867335,1403.5616678014835
49129067.81375565,1402.9947697559949
49134493.57161967,1402.4686335041333
49139919.19593136,1401.9197241405425
49145344.71225915,1401.3441160574653
49150770.04819141,1400.5662384805637
49156195.52192645,1399.6117149472202
49161621.108480066,1398.7280559285973
49167046.71604623,1398.1442996670266
49172472.19380879,1397.5732189089304
49177897.450077586,1396.981490087026
49183322.63628754,1396.3910352168123
49188747.688743316,1395.5951878297283
49194172.65824957,1394.7803758370915
49199597.797480375,1394.120239611881
49205023.17140451,1393.1575449941502
49210448.45326891,1392.3800711563558
49215873.533740014,1391.7858850682862
49221298.35215664,1391.233104559641
49226723.06807064,1390.6393759790806
49232147.65373294,1390.0288562434998
49237572.07679196,1389.168140805924
49242996.655410275,1388.1848916712224
49248421.325944096,1387.3667176643276
49253845.977019325,1386.764281109429
49259270.51532512,1386.159636210916
49264694.802902885,1385.5425332923353
49270119.04032496,1384.8859015498383
49275543.127965026,1384.0524881790457
49280967.14859417,1383.2080219633099
49286391.351767674,1382.5370078113317
49291815.775493294,1381.5111159955884
49297240.06766449,1380.7109720669653
49302664.159365594,1380.1110972257623
49308087.99927417,1379.5141914428445
49313511.728475064,1378.878787464128
49318935.32798496,1378.2379396971764
49324358.764919005,1377.3104500804898
49329782.38183525,1376.2873394612143
49335206.11041227,1375.4535203224855
49340629.77037092,1374.8412641809
49346053.313523956,1374.131547470725
49351476.6362649,1373.4977459493005
49356899.876385935,1372.7526890827469
49362323.001157,1371.902881856573
49367746.06138743,1370.9771572171655
49373169.36011984,1370.2870558240843
49378592.83378019,1369.1329066960193
49384016.18949789,1368.3316397655653
49389439.329396725,1367.7349758922821
49394862.21303966,1367.0918701041373
49400284.97095323,1366.4730332826382
49405707.61714194,1365.7912219463674
49411130.09949486,1364.8069153787724
49416552.78481865,1363.7768006606857
49421975.577028744,1362.8548025876935
49427398.292355835,1362.2670795167608
49432820.834047996,1361.5185669585596
49438243.20989707,1360.8432967097006
49443665.460844174,1360.0945074037186
49449087.61571094,1359.211144030542
49454509.68224534,1358.267184212989
49459932.01492199,1357.519545809713
49465354.4685387,1356.4000398856535
49470776.81631452,1355.5837540655689
49476198.92768244,1354.9523051079834
49481620.78352085,1354.259632992473
49487042.55305749,1353.575317016651
49492464.176423095,1352.8412449637929
49497885.662704684,1351.787206449422
49503307.3620712,1350.719378350741
49508729.14978385,1349.7820254596309
49514150.85918822,1349.1330277029049
49519572.38967952,1348.3446999457456
49524993.75133524,1347.6030560482463
49530415.005615436,1346.7987544016214
49535836.15309765,1345.8402991669782
49541257.2475364,1344.8608981688324
49546678.603805095,1344.0456176434136
49552100.084409684,1342.8765530881021
49557521.44022866,1342.003493555275
49562942.56444029,1341.35082120279
49568363.43776741,1340.64781348923
49573784.2225186,1339.940501768468
49579204.84047994,1339.1840801707972
49584625.340669625,1338.065397645652
49590046.04291282,1336.9137054333687
49595466.85148567,1335.961829571338
49600887.55718594,1335.2811417779494
49606308.111634314,1334.4715766723734
49611728.49504671,1333.767626025142
49617148.76662344,1332.8929876586906
49622568.92099426,1331.9308724100326
49627989.03050776,1330.9064938592678
49633409.43172037,1330.088799779482
49638829.909097016,1328.8551135522036
49644250.245915316,1327.9953234886684
49649670.34062886,1327.3336888645306
49655090.20145318,1326.5425396969881
49660509.97143447,1325.8061312464572
49665929.5895563,1324.9621874336983
49671349.101414636,1323.7910942821452
49676768.81717626,1322.6602485835087
49682188.58734431,1321.6798085706384
49687608.284983836,1321.0142571894394
49693027.78122222,1320.1768613066367
49698447.13665485,1319.3546867389987
49703866.36277761,1318.4233553849297
49709285.49202303,1317.398353284092
49714704.57559985,1316.3610126521216
49720123.95788124,1315.4254159893565
49725543.39789752,1314.1602591299475
49730962.7097446,1313.2543594187962
49736381.76299908,1312.567506989686
49741800.558886625,1311.7538946187808
49747219.29009895,1310.9875919256328
49752637.82706281,1310.107753325009
49758056.30432837,1308.86281940423
49763474.98948907,1307.6474520948889
49768893.719252795,1306.6850662071204
49774312.34755518,1305.8741736535055
49779730.80837238,1305.0042391698823
49785149.08134828,1304.1726133353684
49790567.275754996,1303.2097054218161
49795985.32674181,1302.1103591650517
49801403.39420798,1301.0422015209954
49806821.72654944,1300.0659784585273
49812240.14864528,1298.7605216322677
49817658.38565593,1297.8130240639941
49823076.375677355,1297.08468815413
49828494.16024808,1296.2485797378715
49833911.83801671,1295.4369680803402
49839329.34684127,1294.517595770321
49844746.78219882,1293.2080388853255
49850164.40400438,1291.9651477847067
49855582.08287474,1290.942217984551
49860999.657248594,1290.2063273695521
49866417.0432655,1289.2729002134593
49871834.308316216,1288.404582964002
49877251.42522279,1287.3429673708874
49882668.447317876,1286.2265516409043
49888085.47831842,1285.132075407735
49893502.81365253,1284.106289063418
49898920.179264285,1282.7168549476746
49904337.38421086,1281.7668918452985
49909754.329010025,1281.0372876804072
49915171.04207382,1280.09545243017
49920587.663200796,1279.2984999955177
49926004.08740636,1278.2706528027456
49931420.48012783,1276.9027239169263
49936837.06906419,1275.6270263739143
49942253.669184454,1274.6406634357613
49947670.19567526,1273.7304933991136
49953086.5297124,1272.803857035233
49958502.6669948,1271.887115532711
49963918.72566243,1270.8103931196472
49969334.630510636,1269.6125151639108
49974750.59281705,1268.4962262863166
49980166.80155006,1267.3824994621023
49985583.076420754,1265.991249587217
49990999.13409963,1265.0027369802692
49996414.923531055,1264.2060101534128
50001830.529461436,1263.2235432685327
50007246.025994346,1262.3568475344173
50012661.32375,1261.263559197399
50018076.607688375,1259.820199090782
50023492.08747963,1258.4969165411412
50028907.59700912,1257.4538508331027
50034322.9993119,1256.4874926143007
50039738.18933044,1255.4448829194737
50045153.21754594,1254.4750806614957
50050568.14270578,1253.2702104195423
50055982.94759891,1252.0079591946924
50061397.80830062,1250.82185901046
50066812.93961761,1249.6169019350862
50072228.113167636,1248.1225837305633
50077643.08452296,1247.093870910494
50083057.79249298,1246.310303256284
50088472.300917685,1245.2801378139438
50093886.6918189,1244.4103494985497
50099300.87160368,1243.247130377774
50104715.0579715,1241.7414690753194
50110129.42533223,1240.3587223158772
50115543.796411335,1239.3349697283413
50120958.09184283,1238.3149417477264
50126372.18313274,1237.296220830211
50131786.08664944,1236.2685765947317
50137199.90472782,1235.0423821129461
50142613.56792508,1233.7180319999463
50148027.316245265,1232.5230597472498
50153441.31760152,1231.2395877525755
50158855.3425345,1229.7474511631533
50164269.13190281,1228.6685429668457
50169682.633456185,1227.8029324070146
50175095.971009605,1226.725831142933
50180509.18114457,1225.7532094504463
50185922.19351821,1224.5199854709883
50191335.224417895,1222.931981125739
50196748.440866224,1221.5101142174437
50202161.643009745,1220.352707086321
50207574.78120937,1219.2845621557874
50212987.6809106,1218.2092057113264
50218400.4444106,1217.140676545879
50223813.07410133,1215.852467969101
50229225.57954052,1214.454115254484
50234638.16812213,1213.2424766574998
50240050.997274,1211.8213242297206
50245463.84880375,1210.2968282088084
50250876.47897399,1209.170301702454
50256288.82299996,1208.2295125388628
50261700.9935411,1207.1007442551295
50267113.05556802,1206.0704547913151
50272524.89299718,1204.7650946068584
50277936.7695386,1203.1049115568312
50283348.79800934,1201.5728537636546
50288760.85324102,1200.501431710139
50294172.77760629,1199.379409292148
50299584.487418026,1198.1461180055048
50304996.05584172,1197.0183343037384
50310407.50762957,1195.5897743909502
50315818.82444107,1194.1305497257238
50321230.241022766,1192.8051926253397
50326641.93282071,1191.3275113814213
50332053.623028204,1189.6313298986433
50337465.08603134,1188.4544326191512
50342876.25647504,1187.544120171939
50348287.24733983,1186.3580566311311
50353698.10036421,1185.3473030861203
50359108.73172188,1183.9489431949703
50364519.41191285,1182.2115327967012
50369930.267139696,1180.651799581627
50375341.060378335,1179.4832662041078
50380751.799000815,1178.274530150467
50386162.31401875,1177.1104740584683
50391572.6659216,1175.901708559192
50396982.9014202,1174.466372207763
50402392.99004897,1172.9064428838665
50407803.203237146,1171.6145992700913
50413213.64669814,1169.9930003788174
50418624.09621924,1168.3549360629384
50424034.29483827,1167.1124762380266
50429444.18130567,1166.0633825252012
50434853.921192065,1164.8254602192928
50440263.52294905,1163.6678987042292
50445672.91306027,1162.1904328731655
50451082.359914094,1160.3598999306564
50456491.94454211,1158.722867876398
50461901.538296096,1157.4283613136847
50467311.032678686,1156.1690047349596
50472720.26169972,1154.8557137939474
50478129.391010724,1153.6034678057092
50483538.3598175,1152.0351740859949
50488947.217457555,1150.4073662012015
50494356.1807271,1149.0305033650213
50499765.40313598,1147.275178419161
50505174.587583624,1145.5339510651922
50510583.55353907,1144.2301873845931
50515992.22700488,1143.1256327290287
50521400.72251171,1141.8130177351504
50526809.10861533,1140.605072292271
50532217.24384538,1139.0268084685576
50537625.45356676,1137.1037692380264
50543033.78345782,1135.3363373569032
50548442.12663009,1134.1552753546148
50553850.35386349,1132.8100883360198
50559258.34891119,1131.354161820645
50564666.20897029,1130.0106816064267
50570073.94043232,1128.311098808222
50575481.54764623,1126.6023930376114
50580889.275864,1125.1094444267308
50586297.2699609,1123.2461569093489
50591705.20953303,1121.3402537217848
50597112.91795243,1119.9684006258085
50602520.32233005,1118.8538211520536
50607927.55269508,1117.4656070559195
50613334.654194504,1116.2493019267042
50618741.50027338,1114.5499382739204
50624148.43499489,1112.5159568193296
50629555.496381365,1110.653225731924
50634962.51768542,1109.4195389208598
50640369.44438666,1107.9661343240077
50645776.17061169,1106.4867809268435
50651182.726126686,1105.0382547023746
50656589.17587012,1103.2611238222144
50661995.47449631,1101.4371987679028
50667401.93196589,1099.8874432370724
50672808.63847018,1097.9125655960343
50678215.30684036,1095.9235048456096
50683621.709013976,1094.4749891350002
50689027.7798122,1093.291998633503
50694433.702053204,1091.8377097181324
50699839.45895032,1090.5488383212942
50705244.982470885,1088.7322517796342
50710650.59844332,1086.573318406617
50716056.35309343,1084.6549084294047
50721462.01552488,1083.2461899049897
50726867.610322066,1081.6955601277978
50732272.98083336,1080.2100950622275
50737678.190361604,1078.6205738667172
50743083.28818542,1076.7761532410173
50748488.2274752,1074.8147424296662
50753893.33993483,1073.2292588673
50759298.6919186,1071.0991741156422
50764704.01420939,1069.088306485803
50770109.055290826,1067.558427463472
50775513.749208555,1066.2436473408866
50780918.30367306,1064.731704388109
50786322.679126106,1063.2966885798214
50791726.83498244,1061.3760583333
50797131.082288705,1059.0867879344296
50802535.46647473,1057.1063846704965
50807939.77408741,1055.508412571334
50813344.00189321,1053.8720753719585
50818747.95822675,1052.2941956883976
50824151.80126283,1050.5947434766704
50829555.48845285,1048.6420789258104
50834959.03073864,1046.539421638793
50840362.73385545,1044.8784835989823
50845766.67672051,1042.563555646957
50851170.5759568,1040.4941633426645
50856574.20512005,1038.8715399494995
50861977.490991056,1037.4205597284395
50867380.626676865,1035.828493188229
50872783.59474783,1034.2407864537322
50878186.33401568,1032.2110999409583
50883589.16434784,1029.785973085288
50888992.11211714,1027.694682127637
50894395.03333505,1025.990676153221
50899797.848684914,1024.2734775907602
50905200.36273814,1022.5305107221952
50910602.792564,1020.7328731636476
50916005.03733035,1018.6289629089846
50921407.151868455,1016.393416350907
50926809.40964313,1014.6131719115411
50932211.91595417,1012.1085817808594
50937614.35371264,1009.9096463136121
50943016.534533605,1008.1795015532048
50948418.37766787,1006.6148263462621
50953820.05394256,1004.9185980068423
50959221.577168636,1003.2023951554474
50964622.854109526,1001.0433082366058
50970024.22496084,998.4656977760674
50975425.69537305,996.215660392566
50980827.173046164,994.4331511669205
50986228.52628492,992.6132692594942
50991629.57127041,990.6992989983794
50997030.53960943,988.777780582855
51002431.31032372,986.5074313523384
51007831.954643555,984.1269062571773
51013232.732674144,982.2100749293876
51018633.76800284,979.5178740154956
51024034.71709676,977.1565928570761
51029435.41274088,975.303826296215
51034835.76915184,973.6260687765907
51040235.94817047,971.8085985916778
51045635.97762777,969.9657680343713
51051035.74951507,967.6542876989224
51056435.61705461,964.8997305125879
51061835.57743164,962.4834803992462
51067235.554507464,960.5867651190861
51072635.40049516,958.6348538121533
51078034.93342444,956.5669710197354
51083434.38933478,954.4996696359749
51088833.64186304,952.058966975736
51094232.76264236,949.5013810590331
51099632.01294559,947.4426124365269
51105031.524840444,944.5502010555447
51110430.94821218,942.0194017748527
51115830.11223075,940.027500302685
51121228.92769907,938.2201287555342
51126627.562946066,936.2691060984935
51132026.038591065,934.285367503246
51137424.25523851,931.7984505668078
51142822.56604594,928.8363695718693
51148220.9747739,926.2579596738301
51153619.38644897,924.1877847524775
51159017.67094869,922.0697578666022
51164415.6354594,919.869993443604
51169813.51633108,917.623904743572
51175211.19542861,915.0082025986811
51180608.727872215,912.2330797851587
51186006.39267283,910.0247280707332
51191404.31993599,906.9178584004871
51196802.173051104,904.1984748897346
51202199.74999354,902.0452016155677
51207596.960119046,900.097625409446
51212993.99498112,897.9936758265721
51218390.84693266,895.8676519528276
51223787.44633491,893.171685938798
51229184.13644924,889.9639669984684
51234580.940922044,887.1990886027215
51239977.70245636,884.9228092025276
51245374.352160394,882.5943308506758
51250770.69158527,880.2758304921264
51256166.921941586,877.80438878535
51261562.96807467,874.9911190845146
51266958.84074488,871.9664597927613
51272354.858850636,869.574917855054
51277751.1428623,866.2446247953326
51283147.37394228,863.2511786363683
51288543.303362206,860.903635436397
51293938.8432778,858.8386735260859
51299334.2126918,856.5472946734931
51304729.375485554,854.3137806980152
51310124.286682986,851.3669698615336
51315519.28545783,847.8735966289905
51320914.41190062,844.8346356490124
51326309.43983175,842.4293413856458
51331704.371269666,839.8629819076705
51337099.033895254,837.3474624254768
51342493.533861786,834.6228838288034
51347887.88767831,831.5324197865154
51353282.041016705,828.2472195990686
51358676.34733239,825.5797143324918
51364070.93760986,822.0049302280754
51369465.47210761,818.5880414758426
51374859.694164254,816.0094784377525
51380253.519734174,813.841588803552
51385647.151681736,811.314370807354
51391040.587230526,808.9667718089428
51396433.742007546,805.7506056548009
51401826.98488178,801.9315632831407
51407220.35555428,798.4814095070392
51412613.62609769,796.0360125093187
51418006.77496142,793.2286894663907
51423399.69176117,790.3291024543735
51428792.42076189,787.3883906416559
51434185.00572421,783.9107492011171
51439577.38669196,780.3498691192012
51444969.89457352,777.3139553365513
51450362.72856663,773.4268478609984
51455755.46254354,769.5243360335445
51461147.906574,766.6661106443198
51466539.96779088,764.3004991990709
51471931.787774876,761.4903443781409
51477323.45060391,758.8909510004003
51482714.78973586,755.3905999871754
51488106.215135,751.1834791526854
51493497.739672534,747.2392144033529
51498889.238489985,744.5666841670331
51504280.57892146,741.5270563842682
51509671.661285184,738.1129771211066
51515062.59160394,734.8994445732947
51520453.33362238,730.9698717440594
51525843.90371186,727.0368525083859
51531234.539357565,723.6481187137674
51536625.52962074,719.2911567243832
51542016.40126535,715.0124067600984
51547407.011404105,711.7953200194479
51552797.2420779,709.0116538399578
51558187.2021598,705.8785553536409
51563577.02123005,702.7925344852772
51568966.51564585,698.9654481587872
51574356.073016286,694.2430354749683
51579745.730711386,689.90791503631
51585135.40914134,686.5272561124457
51590524.89340224,683.1412157180275
51595914.04947418,679.4327874279923
51601303.10600724,675.7948692981167
51606691.92866654,671.5114693856756
51612080.568059124,666.9983318377413
51617469.28885143,663.3229195563973
51622858.339489095,658.5187187533638
51628247.34767004,653.7941502564012
51633636.04323308,650.1116998896937
51639024.310665414,646.9531943591671
51644412.33667976,643.4041735257874
51649800.172966495,639.9915830308732
51655187.71979376,635.6522424866121
51660575.304900594,630.2370371619114
51665963.035854734,625.2827451208445
51671350.642473646,621.4443536053857
51676738.100583605,617.5280457359795
51682125.328366555,613.3737943291457
51687512.357790165,609.1488811916388
51692899.469312616,590.882339289641
51698286.87237979,580.1763825080848
51703676.89404928,573.8241337058851
51709068.97407954,557.9831646243413
51714460.685024604,537.0076896039324
51719852.66968008,526.4239133621752
51725246.81301572,520.5387823484854
51730642.31126974,504.16398741965463
72694190.18579897,429.30883899590026
72705066.21283166,443.7792241803745
72715942.09341332,459.23889421841204
72726817.05364138,476.06051037314273
72748566.11490646,502.7751965522618
72754003.51291768,510.17808649602193
72759440.79508543,517.0126477367945
72764877.82892664,524.045339195377
72770314.83770843,530.6235918062916
72775751.66615112,536.4829374421108
72781188.4321334,542.3011611716097
72786625.47177671,548.9027193888442
72792062.76053509,553.3843013424048
72797499.94240536,559.1706189633812
72802936.87584238,565.8467918351882
72808373.50853014,572.3834714146158
72813810.04915443,578.932036997832
72819246.41012202,585.1675866961032
72824682.59817289,590.0908737192581
72830119.03783043,594.7256953646406
72835555.58162978,600.0516692420845
72840992.07665853,606.0926678936187
72846428.45733064,611.6061336010155
72851864.61245683,617.2721033443509
72857300.72477493,622.5543330661005
72862736.6686361,627.3386297855814
72868172.56266744,632.1730164408028
72873608.76267557,637.5093410034042
72879045.14590444,641.18791327658
72884481.42773601,646.0583509057878
72889917.46649565,651.7427821602821
72895353.19496445,657.2052231701987
72900788.85834636,662.8156683233294
72906224.30852476,668.033684013607
72911659.63189071,672.1191534748441
72917095.21782453,676.0825854793707
72922530.84147222,680.5304428840744
72927966.45485425,685.6971617804279
72933401.90042913,690.5036076199992
72938837.18857428,695.2729730919245
72944272.38259766,699.7968364159
72949707.45320068,703.8857741384013
72955142.47753163,708.0250251911262
72960577.84777641,712.4332570454785
72966013.31018604,715.5258296018436
72971448.67636648,719.8183513131266
72976883.78762902,724.8108331112028
72982318.60922721,729.4544876076297
72987753.37728027,734.3392544299471
72993187.92774622,738.7575053440878
72998622.38398655,742.2257208628741
73004057.09801298,745.7086062155596
73009491.8631898,749.6442895912066
73014926.57727434,754.1269451868209
73020361.12288435,758.3769501174663
73025795.5043672,762.5072986387763
73031229.81251538,766.3804459185094
73036663.97995368,769.9544242504693
73042098.15486534,773.7215266332435
73047532.67184591,777.4448627387119
73052967.32061017,780.1743098167005
73058401.7929251,784.0451972566069
73063835.99059679,788.5463301543418
73069269.93087225,792.5914367729938
73074703.77721956,796.9421872834191
73080137.43425462,800.7484902225674
73085571.0411853,803.7635713793691
73091004.90289296,806.9375611261338
73096438.75809829,810.5687309750956
73101872.58822356,814.5373924082243
73107306.23522875,818.3019038505915
73112739.74366882,821.9797062845442
73118173.15450273,825.3657075132214
73123606.44493063,828.5487330970745
73129039.78980738,831.9682720990363
73134473.46773572,835.1192241595115
73139907.22266549,837.6148446075492
73145340.7975498,841.1279676015597
73150774.10010338,845.1915866342911
73156207.17003712,848.8041577648654
73161640.1554491,852.7348729237278
73167072.92577392,856.0865491438227
73172505.69486308,858.7528619366722
73177938.68178806,861.6710910085634
73183371.6655114,865.0999911076888
73188804.6403423,868.7295850971739
73194237.40954691,872.0967836007972
73199670.08626603,875.4830192622151
73205102.61873232,878.4753558079251
73210535.05797239,881.4140590998837
73215967.57866281,884.5512741006723
73221400.43618533,887.3602556768095
73226833.31089993,889.6640478270874
73232266.00256369,892.9259895082045
73237698.42119849,896.6482292253481
73243130.63879868,899.9143948401129
73248562.75839159,903.4726942314319
73253994.65764526,906.4467941481953
73259426.59849826,908.8412220237719
73264858.73495102,911.5101149516096
73270290.85399614,914.6731063611478
73275722.96017379,917.8896028482314
73281154.84269637,921.0001262826106
73286586.64916208,924.0852800581814
73292018.30613677,926.8260344449191
73297449.863487,929.4741448600279
73302881.55450754,932.4110958487477
73308313.56606072,934.7542268127631
73313745.56066398,937.0246233925549
73319177.37804873,940.0059667107355
73324608.91894335,943.3727981166345
73330040.25740884,946.5137476623313
73335471.50984189,949.7399056824261
73340902.52366403,952.4735325777108
73346333.627944,954.6664755279298
73351764.89238767,957.0462674413775
73357196.14574459,960.0478181659837
73362627.33479358,963.0248104921548
73368058.31222619,965.9198728850313
73373489.21777593,968.719305163168
73378919.96298216,971.2166761254866
73384350.62159757,973.62239345289
73389781.4425769,976.375014126466
73395212.55933426,978.394781129999
73400643.62237167,980.5683180030419
73406074.5125354,983.355612503306
73411505.1283472,986.4235230547806
73416935.56758669,989.3103239189682
73422365.9142207,992.2577531006464
73427796.01761892,994.684975875794
73433226.25060186,996.70836919968
73438656.6254582,998.9195542853201
73444086.98398931,1001.8099640841358
73449517.24700814,1004.4755849319597
73454947.3137951,1007.1754413184806
73460377.27706397,1009.7468207264594
73465807.10574037,1012.0631475068551
73471236.83789335,1014.2718662177817
73476666.77501641,1016.8710600111046
73482096.9697935,1018.6431156579706
73487527.09268779,1020.7683293291344
73492957.03379756,1023.3867511384362
73498386.70227104,1026.20209699965
73503816.21757844,1028.8816138963793
73509245.62344596,1031.6056383600114
73514674.79864682,1033.7789683019578
73520104.1361375,1035.63380369647
73525533.5963664,1037.71535413741
73530963.00339258,1040.3439703166887
73536392.34149088,1042.7738650834635
73541821.46459304,1045.3140716899165
73547250.5094193,1047.6537025536904
73552679.41577253,1049.7952306956458
73558108.24071339,1051.8235773426613
73563537.29742134,1054.2536351578105
73568966.5774575,1055.8267165474995
73574395.76300213,1057.897458584904
73579824.75598642,1060.3748671951012
73585253.4811755,1062.9326076170255
73590682.06960958,1065.4179378867939
73596110.55568548,1067.9127327451627
73601538.81914046,1069.8854316972902
73606967.27069025,1071.6453058056425
73612395.82503061,1073.5608434572594
73617824.34966752,1076.1379068004537
73623252.74263579,1078.3628648493786
73628680.9682575,1080.5936066212503
73634109.08712547,1082.7939367573615
73639537.1000454,1084.7234137384685
73644965.02418502,1086.6213489034324
73650393.23722114,1088.817386871557
73655821.62179688,1090.254889556339
73661249.92165613,1092.1687448512494
73666678.01771139,1094.5385115035403
73672105.83176288,1096.9372811013925
73677533.52685818,1099.3054525815248
73682961.1050046,1101.5967984815104
73688388.48125593,1103.408555550598
73693816.05892275,1105.0735276828166
73699243.70178977,1106.8790877264928
73704671.35348925,1109.2825944954338
73710098.84492065,1111.3940634626972
73715526.16338009,1113.5055233985981
73720953.36850029,1115.5725105121348
73726380.47377646,1117.3984220653697
73731807.49144547,1119.1878322709877
73737234.81210175,1121.2232779743056
73742662.27184063,1122.5616729875155
73748089.6381504,1124.42932690952
73753516.79365945,1126.6745872598312
73758943.66894732,1128.8696801851816
73764370.44668119,1131.129347718651
73769797.07510991,1133.2279314014943
73775223.53856963,1134.8764917886338
73780650.20650616,1136.4403340455424
73786076.92751947,1138.260730020728
73791503.62535611,1140.456633294381
73796930.17794925,1142.4973427168927
73802356.51928152,1144.4896680829625
73807782.78923813,1146.4316173138905
73813208.91732903,1148.1310791537423
73818634.99434106,1149.8573968613093
73824061.36354868,1151.7552034884402
73829487.87123512,1153.0713531861077
73834914.25474247,1154.8472958916911
73840340.41798049,1156.9711905358843
73845766.3178246,1159.0097934135686
73851192.13037342,1161.1320556408216
73856617.7759945,1163.0719282594303
73862043.28606549,1164.5802788183535
73867468.99983686,1166.0353982085521
73872894.75213164,1167.731801846465
73878320.4808824,1169.7757115467366
73883746.05709514,1171.706847010082
73889171.4370284,1173.5786828811388
73894596.74825937,1175.3791692093737
73900021.91118343,1176.9616615161153
73905447.06154773,1178.6036894284987
73910872.49581817,1180.3587072010432
73916298.0662397,1181.624019304678
73921723.48081668,1183.3094877282947
73927148.66781613,1185.314824265977
73932573.61122206,1187.23320715503
73937998.47200182,1189.1823128227434
73943423.15245152,1191.014180668544
73948847.73148993,1192.3896859227787
73954272.50645612,1193.7373423783395
73959697.3551636,1195.4571983980463
73965122.1131723,1197.3573416707668
73970546.74206252,1199.0631865900548
73975971.18416974,1200.9086960964387
73981395.52530836,1202.5191667248996
73986819.74602208,1204.0574121236284
73992243.97603112,1205.5698362386229
73997668.50656632,1207.232194123877
74003093.09960417,1208.3526826734974
74008517.55271144,1210.0046003208904
74013941.78127527,1211.9369953324099
74019365.77460259,1213.7200748684318
74024789.68509749,1215.594976921213
74030213.40387492,1217.2973736336567
74035637.03838477,1218.56984783893
74041060.87319659,1219.9151247911907
74046484.75959799,1221.56277565886
74051908.5749748,1223.4135224090028
74057332.21032779,1225.0221846342902
74062755.70032506,1226.76202094324
74068179.04728794,1228.2558179114424
74073602.29814611,1229.7201563520925
74079025.5513897,1231.1658953353685
74084449.11334926,1232.6876365500202
74089872.70200995,1233.7766456916113
74095296.14887594,1235.3714715919139
74100719.3542473,1237.216388068069
74106142.32962401,1238.8578402395783
74111565.23233412,1240.6196565771127
74116987.93531394,1242.1705075002023
74122410.60190755,1243.3593651359242
74127833.4754555,1244.636548063738
74133256.35587627,1246.198189108591
74138679.1739316,1247.8835766378638
74144101.79882216,1249.4472317851903
74149524.27180004,1251.0302562659667
74154946.63681504,1252.4688004748243
74160368.88710697,1253.8069794082953
74165791.1790807,1255.2277342699556
74171213.74621785,1256.5634637104263
74176636.35771604,1257.6479485939726
74182058.8182132,1259.1360314017256
74187481.03117402,1260.8716785634267
74192903.01474681,1262.4994266409299
74198324.92471927,1264.1605500138953
74203746.61166264,1265.6732942308142
74209168.2888461,1266.7771825705777
74214590.15219031,1267.9102327778141
74220012.08001855,1269.4354777721292
74225433.86932871,1271.0067187550437
74230855.49297795,1272.4913709580833
74236276.95723231,1274.0594870326465
74241698.32450116,1275.4124019192318
74247119.55142546,1276.6804108525332
74252540.8594703,1278.0286670499622
74257962.42883305,1279.2885720370268
74263384.03982429,1280.3542429710317
74268805.4710181,1281.7865133881232
74274226.64962919,1283.432836265728
74279647.63506009,1284.9790178942164
74285068.5298001,1286.5412047993907
74290489.21686009,1287.9539023184811
74295909.90865089,1288.9939266878364
74301330.76876225,1290.081745197667
74306751.68547808,1291.5182120797494
74312172.45429274,1293.0608692974092
74317593.03594309,1294.4610371792455
74323013.51089083,1295.9761972008894
74328433.84255804,1297.2102379383687
74333854.06313352,1298.4453988836376
74339274.36457932,1299.7370179657937
74344694.94593637,1300.9436807746429
74350115.52414572,1301.933743542108
74355535.92914106,1303.3325400734782
74360956.07637164,1304.9359074376373
74366376.04865903,1306.3527012987734
74371795.90372498,1307.8722093003898
74377215.55878748,1309.141332496119
74382635.2480288,1310.1228215847239
74388055.11433932,1311.2286165036592
74393474.96469241,1312.594470302442
74398894.75131507,1313.9743545489644
74404314.31136368,1315.3750377561132
74409733.72682683,1316.7591011886545
74415153.03700162,1317.981313947718
74420572.22062926,1319.113601193238
74425991.52821144,1320.3967155367554
74431411.04980658,1321.4638816372537
74436830.5818219,1322.4911032628584
74442249.9200665,1323.8256326389846
74447668.99510413,1325.3087498485638
74453087.91476116,1326.6558368985193
74458506.72213833,1328.0811394858292
74463925.31693509,1329.266221067009
74469343.97279808,1330.2000343062084
74474762.7959745,1331.2529226753597
74480181.62856469,1332.6177847213858
74485600.33119018,1333.917169383265
74491018.81209424,1335.1952742430508
74496437.15988824,1336.5146849325722
74501855.40226178,1337.6241472265829
74507273.52343455,1338.6977680219736
74512691.77634542,1339.9005771445836
74518110.24859983,1340.8893788896871
74523528.7156871,1341.8439196609397
74528946.98011497,1343.1250493582986
74534364.97036202,1344.570917352061
74539782.81481415,1345.8555258592946
74545200.52932823,1347.2223485839952
74550618.04306018,1348.330512954901
74556035.636577,1349.20463873177
74561453.39796098,1350.2147748949585
74566871.1215682,1351.4681385669853
74572288.75702465,1352.713735782039
74577706.15587366,1353.9988574293936
74583123.44659172,1355.2705785769424
74588540.5954452,1356.3539847325408
74593957.64006722,1357.3710922790995
74599374.82884935,1358.5708210238379
74604792.20536207,1359.4639308753433
74610209.55545238,1360.4211109255803
74615626.72229287,1361.6513774654297
74621043.626342,1362.9943633547475
74626460.37277718,1364.2219885652855
74631877.01832928,1365.520826292679
74637293.43355188,1366.5679906804712
74642709.94840983,1367.4112854159055
74648126.6001171,1368.3282670271537
74653543.24499042,1369.6358452575687
74658959.74099204,1370.8299711602765
74664376.0405016,1371.997729050166
74669792.20778447,1373.2062981149754
74675208.26450482,1374.2075178381085
74680624.1939182,1375.1816246905923
74686040.29005289,1376.2915794034855
74691456.5745001,1377.1549818918652
74696872.83705099,1378.0348955929192
74702288.88538681,1379.2240718771734
74707704.65433776,1380.5466940870774
74713120.28823775,1381.7184825671234
74718535.78381027,1382.9861908028481
74723951.07458535,1383.9594422796602
74729366.47080782,1384.7494127600448
74734782.02515216,1385.6718446689713
74740197.50647847,1386.848760462971
74745612.89843898,1387.9819519675048
74751028.05797067,1389.1751024133441
74756443.10911229,1390.3255621767714
74761858.01720968,1391.3070789493213
74767272.82065602,1392.2216378237576
74772687.79620865,1393.3440859373518
74778102.94759673,1394.108171752659
74783518.03968084,1395.0278795342685
74788932.94305831,1396.1651486432656
74794347.58367877,1397.3778943556301
74799762.06676026,1398.5086254143257
74805176.44910057,1399.6816631795461
74810590.60076211,1400.6052344246095
74816004.87903437,1401.3733957528416
74821419.2827571,1402.2126705162773
74826833.65724581,1403.4484328370734
74832247.8701961,1404.5281300671381
74837661.89422557,1405.6117876319126
74843075.77973643,1406.7148389560725
74848489.5539501,1407.6283729860652
74853903.20017938,1408.5106630367036
74859317.04026577,1409.5761179587653
74864731.04671973,1410.3049948075036
74870145.0077391,1411.1684543495915
74875558.74253315,1412.264619839601
74880972.1819684,1413.4384625890896
74886385.49873774,1414.5450637413196
74891798.662093,1415.6729816333414
74897211.63421401,1416.535457631127
74902624.74951492,1417.2478577427057
74908037.99449548,1418.1021356031429
74913451.15456973,1419.1744080217102
74918864.18858351,1420.2168629802372
74924276.97719097,1421.3085450168455
74929689.67965889,1422.32010995971
74935102.22997727,1423.2012269872187
74940514.68357135,1424.0195875742545
74945927.3228452,1425.0326121740652
74951340.13938011,1425.6686268930982
74956752.8784131,1426.5544936240249
74962165.4165009,1427.6189895779073
74967577.68568149,1428.696699545048
74972989.80455936,1429.769849368816
74978401.80128507,1430.8066723075399
74983813.59732842,1431.6384802535852
74989225.54082426,1432.3290252806735
74994637.56924453,1433.0897482868734
75000049.61402225,1434.1304680424769
75005461.48240961,1435.1541739217362
75010873.09979257,1436.17447041571
75016284.64425628,1437.1912720874398
75021696.0246637,1438.032314017738
75027107.31670874,1438.8451968254005
75032518.77928817,1439.819000430229
75037930.42335165,1440.4485432235645
75043341.94928487,1441.30787755455
75048753.26651561,1442.3217269975717
75054164.32013977,1443.3459531184262
75059575.22994868,1444.3596408893522
75064986.01171206,1445.3485105916639
75070396.59206733,1446.1138181759418
75075807.34113096,1446.7714631566803
75081218.19631267,1447.4961442830156
75086629.015006,1448.4936541026873
75092039.64863506,1449.4315383354106
75097450.05498424,1450.4170364525767
75102860.36375208,1451.3504248491486
75108270.54563183,1452.1555292815324
75113680.6294476,1452.911857849199
75119090.91242783,1453.8479062548474
75124501.35426019,1454.43250470325
75129911.69375186,1455.26443251339
75135321.8274284,1456.2515451986442
75140731.68530908,1457.226019556135
75146141.4104208,1458.2239860605723
75151550.98528835,1459.167985804443
75156960.37094316,1459.8919749659508
75162369.92030923,1460.518536391547
75167779.57806313,1461.2745058904886
75173189.16791303,1462.2331554144366
75178598.5891774,1463.1405030606884
75184007.76155128,1464.0912540113286
75189416.84607759,1464.9589757218598
75194825.79169975,1465.7302025894237
75200234.64511462,1466.4409037321439
75205643.6994965,1467.3388734631183
75211052.89958203,1467.858366790867
75216461.99846296,1468.661803925109
75221870.88564694,1469.6275820767044
75227279.49550728,1470.5582795128314
75232687.96669179,1471.5378247317067
75238096.28757164,1472.4427390731244
75243504.42339455,1473.1418857228105
75248912.71922906,1473.7393714053214
75254321.09071927,1474.4474339282635
75259729.42630436,1475.3809542863305
75265137.59796038,1476.297167860951
75270545.51607336,1477.2133314303117
75275953.35460883,1478.0695049358658
75281361.02752954,1478.8026369730358
75286768.62178323,1479.501877280752
75292176.40816183,1480.3695129236073
75297584.34055145,1480.8777740055968
75302992.13714516,1481.6406101570742
75308399.71801032,1482.565202253024
75313807.03217936,1483.4568774581394
75319214.19823164,1484.3771586492219
75324621.22623241,1485.2472699799469
75330028.06315708,1485.9052158327725
75335435.07569945,1486.4786965199128
75340842.15483688,1487.1003120109733
75346249.20378599,1488.0036274536678
75351656.06252128,1488.878021495264
75357062.69807144,1489.7607188777265
75362469.23379989,1490.6029504378248
75367875.6168858,1491.300852998726
75373281.91493045,1491.9797556531023
75378688.40067905,1492.7973779365777
75384095.03912202,1493.3069828916737
75389501.5383847,1494.0355600223932
75394907.81821762,1494.9126361180745
75400313.83522159,1495.7717135888422
75405719.71363486,1496.639008322322
75411125.44230711,1497.4755626219674
75416530.9799872,1498.0848182381128
75421936.69711877,1498.6277485521505
75427342.4957345,1499.2422224766067
75432748.23836832,1500.123824280973
75438153.78243597,1500.9273039127388
75443559.1201819,1501.7851385659271
75448964.32769081,1502.5709465381517
75454369.41411923,1503.2497066457433
75459774.3979975,1503.8881130641096
75465179.58632016,1504.658150184892
75470584.9025111,1505.130654104234
75475990.09990604,1505.8381879082115
75481395.06961755,1506.684061585045
75486799.76379767,1507.5103396213792
75492204.33658879,1508.3581451884831
75497608.74024843,1509.159629846048
75503012.96172658,1509.7336985772388
75508417.35406908,1510.243135704177
75513821.83538553,1510.8725654557911
75519226.22349977,1511.727348337959
75524630.43259428,1512.4855153917388
75530034.43417718,1513.3161289562233
75535438.297838,1514.0444817030175
75540842.04801713,1514.7028524930242
75546245.69223087,1515.300294435659
75551649.56032445,1516.0475005934427
75557053.52753872,1516.4730686273556
75562457.39031856,1517.1550135964849
75567861.02407974,1517.9785122399219
75573264.36627045,1518.7711683630723
75578667.5947159,1519.6088440819644
75584070.64020693,1520.3790261463812
75589473.51349461,1520.9289506392945
75594876.55052412,1521.4123134066726
75600279.66685635,1522.04205255046
75605682.67295806,1522.8607991637261
75611085.51573312,1523.5941534237227
75616488.13861594,1524.395752801708
75621890.63177113,1525.0846911403962
75627293.00153941,1525.7167194572442
75632695.27008168,1526.28037124905
75638097.76535884,1527.012528913266
75643500.34666906,1527.4003766169697
75648902.82635525,1528.0567727729147
75654305.07616474,1528.8576581196792
75659707.02669115,1529.6172089850036
75665108.86333737,1530.4333170950076
75670510.51025012,1531.1750045579583
75675911.98966144,1531.704119549517
75681313.62966281,1532.1654943775948
75686715.33670805,1532.7791323489282
75692116.93393776,1533.5618438995036
75697518.37215886,1534.2752532786874
75702919.57936187,1535.0482480937417
75708320.66397238,1535.7089312921678
75713721.6150342,1536.314122940833
75719122.46845867,1536.8503573895086
75724523.54390866,1537.5627464659228
75729924.70011689,1537.9237920295757
75735325.75233696,1538.5563582528216
75740726.57312721,1539.3319552808637
75746127.09192534,1540.0612139110895
75751527.49484958,1540.8513473249757
75756927.70386714,1541.5661251846877
75762327.74555978,1542.0737998108327
75767727.94569615,1542.51354023176
75773128.2067339,1543.10352832042
75778528.35785763,1543.8565244340589
75783928.34954175,1544.5468598391622
75789328.10561788,1545.292912619795
75794727.73889625,1545.9285020977782
75800127.23484541,1546.5094918467282
75805526.63215944,1547.0214197434175
75810926.24800871,1547.7083590101527
75816325.9398383,1548.050645850826
75821725.52691749,1548.6578339872783
75827124.88032863,1549.4055389202583
75832523.92939633,1550.1084917373305
75837922.86107005,1550.8698873117537
75843321.59638359,1551.559436308871
75848720.1618275,1552.044169974012
75854118.88281491,1552.4613636684633
75859517.66689955,1553.0251455217522
75864916.33494048,1553.754300106808
75870314.84079581,1554.416539492553
75875713.113593,1555.137558056136
75881111.25515166,1555.7490912067385
75886509.26301411,1556.3089733306545
75891907.16617027,1556.7989412897582
75897305.28679769,1557.454702856403
75902703.47844048,1557.7858057265198
75908101.5670934,1558.3656808286573
75913499.4186909,1559.0827719302572
75918896.96431997,1559.7634073265256
75924294.3911629,1560.4932953656325
75929691.62139185,1561.1590890436314
75935088.67573264,1561.6196027999551
75940485.88262007,1562.0140069394777
75945883.16208762,1562.5453347411665
75951280.31713155,1563.2573481351294
75956677.3025186,1563.8885870201245
75962074.0639321,1564.5855781568453
75967470.67855342,1565.1780707958771
75972867.16825925,1565.7182630098728
75978263.54369144,1566.1912213214423
75983660.13161962,1566.8088289098425
75989056.79172254,1567.1386734159848
75994453.34719813,1567.6919698230372
75999849.66045076,1568.37577882055
76005245.6725125,1569.0362926129528
76010641.56204776,1569.7273301234686
76016037.25850636,1570.3702712346155
76021432.76708671,1570.8077625230785
76026828.42827027,1571.1824226329247
76032224.17185019,1571.6663799493897
76037619.79761852,1572.3620114432608
76043015.23443955,1572.9681482599299
76048410.45626973,1573.6401753025227
76053805.51930705,1574.2279147529316
76059200.45854034,1574.7447306275121
76064595.27733913,1575.207588207369
76069990.28882945,1575.7892046947857
76075385.39012909,1576.126273015806
76080780.37165444,1576.6526201727957
76086175.10782003,1577.3040039974671
76091569.55600592,1577.942139063842
76096963.86444572,1578.5878088649802
76102357.99322085,1579.2099441510343
76107751.918929,1579.6323467150912
76113146.00184098,1579.9936692258077
76118540.15942812,1580.4153095369754
76123934.22821228,1581.0806126042623
76129328.08615045,1581.6843935924762
76134721.72429012,1582.3311500382165
76140115.21612918,1582.9266349264888
76145508.5583593,1583.4148010595748
76150901.7888393,1583.8695944655985
76156295.18823329,1584.441647052028
76161688.69726887,1584.7753139352421
76167082.06106877,1585.2753248237293
76172475.18354493,1585.904413907711
76177868.02140354,1586.5181224076418
76183260.69881886,1587.1409733689454
76188653.20841497,1587.7450059369469
76194045.50827041,1588.1652637340599
76199437.95967759,1588.51089342554
76204830.46155527,1588.8920648771825
76210222.89914247,1589.524963273381
76215615.14251177,1590.146732119354
76221007.13834736,1590.7704462770082
76226399.01343574,1591.3476986474184
76231790.70853569,1591.8187446936176
76237182.29791941,1592.2508227769133
76242574.04807825,1592.8161550867521
76247965.8972273,1593.1056222568964
76253357.6075925,1593.5885861161569
76258749.07302852,1594.2081516404037
76264140.24049868,1594.8028046037393
76269531.24297905,1595.4331829714163
76274922.06807289,1596.0197233464614
76280312.68450719,1596.4351161334905
76285703.43196772,1596.7589924503684
76291094.24420154,1597.1644511398174
76296484.97139262,1597.7734126296891
76301875.51938297,1598.363850227067
76307265.7951031,1598.9706271000239
76312655.94103982,1599.5007031425644
76318045.92012507,1599.960639224359
76323435.7744667,1600.3557287340377
76328825.7913306,1600.8995804587441
76334215.89467834,1601.1651241215422
76339605.89176092,1601.6331829457204
76344995.6433876,1602.227865520386
76350385.08182143,1602.8016301103728
76355774.36550672,1603.4081572913087
76361163.45412889,1603.9735580814468
76366552.3312677,1604.3674465316146
76371941.33347957,1604.6693882789705
76377330.43178315,1605.0612656546787
76382719.40337184,1605.6327000187932
76388108.19269083,1606.1746261903327
76393496.72327559,1606.7720951097083
76398885.09842066,1607.2882888551408
76404273.33198176,1607.7381047189112
76409661.42556834,1608.125332993987
76415049.67594092,1608.6522615896472
76420438.01738417,1608.940959138114
76425826.24208406,1609.3877347600028
76431214.21291636,1609.9446016095724
76436601.87347974,1610.5045144761077
76441989.37109792,1611.0645272895745
76447376.6847738,1611.6164486711264
76452763.77043934,1611.9980457534084
76458150.98052508,1612.2847081704042
76463538.26845309,1612.5888655917133
76468925.48280385,1613.1398470935778
76474312.50562532,1613.6888878592936
76479699.26917021,1614.2684678232167
76485085.8907373,1614.8179181434673
76490472.32952365,1615.2536516569428
76495858.63211966,1615.641141913573
76501245.05275491,1616.1482376650133
76506631.57287262,1616.4152086712825
76512017.9782315,1616.8376190797883
76517404.12521017,1617.3779688383088
76522789.96004298,1617.927016369386
76528175.61700821,1618.4773109910143
76533561.09501208,1619.0171262889887
76538946.34385172,1619.4075875375026
76544331.68294142,1619.6807333562954
76549717.10667011,1620.0208060523603
76555102.43600677,1620.5508019527142
76560487.58672571,1621.0914139252552
76565872.4540152,1621.6545328213508
76571257.1722063,1622.1526877070191
76576641.71713664,1622.575876482934
76582026.10479961,1622.9291352507896
76587410.62412763,1623.4170457379655
76592795.23692071,1623.687157155211
76598179.75132112,1624.0852842703327
76603564.0075255,1624.6034545403072
76608947.93647586,1625.164933134529
76614331.68792003,1625.6892513291564
76619715.2567245,1626.243601166304
76625098.56943876,1626.6186747844292
76630481.95958486,1626.8798505300765
76635865.45158732,1627.1623028591698
76641248.84898558,1627.7619001941168
76646632.04216444,1628.2820142370597
76652014.99310204,1628.7662136703686
76657397.77761394,1629.292710524749
76662780.37271641,1629.6627502498795
76668162.81974858,1630.0328406951464
76673545.36932331,1630.4886156077455
76678928.0444168,1630.7470475612595
76684310.57987618,1631.117950713857
76689692.89820264,1631.6104484637506
76695074.90221415,1632.1273817084364
76700456.70664552,1632.631691183445
76705838.34449308,1633.1386674888095
76711219.73045635,1633.5189115181408
76716601.168388,1633.7677865156584
76721982.69568798,1634.0727110645155
76727364.12087345,1634.560748841436
76732745.37796596,1635.087540226763
76738126.37721765,1635.6128363345022
76743507.18620673,1636.1076297580344
76748887.83129899,1636.4991909116284
76754268.29074746,1636.8448912198105
76759648.84477243,1637.2696472390426
76765029.50766084,1637.567579767374
76770410.06141691,1637.8704013406384
76775790.37169358,1638.3488598438555
76781170.67694496,1636.3870120992076
76786551.93455988,1636.854875244741
76791933.31576078,1634.881677001147
76797315.62650017,1635.2410089246116
76802698.23130864,1632.9935977963673
76808082.1778507,1633.2073100601604
76813466.31953348,1631.2277314106116
76818851.51811494,1631.7103201138927
76824236.65064657,1629.6914515311278
76829622.95469885,1630.149984481884
76835009.24054927,1628.0425138768067
76840396.71313958,1628.334454066273
76845784.4230751,1626.303689828604
76851173.6108158,1626.501880857478
76856562.86101566,1624.374475998878
76861953.26471525,1624.758551464974
76867343.50386328,1622.8241431948686
76872734.92519882,1623.2108048577484
76878126.32600504,1621.2641145954262
76883518.87544094,1621.5547442217185
76888911.57726859,1619.353340041092
76894305.80261047,1619.5251824198506
76899700.08823168,1617.5319070989199
76905095.62336974,1617.927191942782
76910491.00538485,1615.9964392359839
76915887.66623761,1616.3843968493204
76921284.26160938,1614.3335520907426
76926682.12924631,1614.5521720585252
76932080.19497277,1612.5452122761342
76937479.8150572,1612.699766537366
76942879.48549129,1610.5842071360116
76948280.36325869,1610.9089800726153
76953681.05272065,1608.9844688854614
76959082.99466363,1609.3130579686372
76964484.902663,1607.3644160878084
76969888.01158452,1607.6013887841934
76975291.28157187,1605.3797304132358
76980696.10526223,1605.501913293485
76986101.01259705,1603.4788951443793
76991507.18477942,1603.8239623026525
76996913.24241723,1601.8476254904876
77002320.58007158,1602.1960774413062
77007727.90208481,1600.0877385159274
77013136.48752168,1600.2668070893055
77018545.33797808,1598.1956409133745
77023955.70352262,1598.2960607642174
77029366.19571765,1596.1014844660326
77034777.8654026,1596.392298789133
77040189.46566063,1594.3860043427171
77045602.23725952,1594.686874182731
77051015.11371708,1592.6507169606546
77056429.08536097,1592.8574195159918
77061843.36487795,1590.5391687114843
77067259.06592804,1590.617297744162
77072675.03971325,1588.544292604553
77078092.11433329,1588.8713508411565
77083509.27386637,1586.7403687816304
77088927.55805549,1587.0627144070068
77094346.0421556,1584.807501223701
77099765.62447552,1584.9722850669827
77105185.69176252,1582.7447394669853
77110607.10204445,1582.8390990643009
77116028.86302584,1580.4806313496197
77121451.58189312,1580.765564574348
77126874.46540691,1578.6564195776025
77132298.33097552,1578.9393631454425
77137722.52764903,1576.7870732268013
77143147.61406691,1576.9559481930407
77148573.3029819,1574.4900955311234
77154000.16606052,1574.588569534729
77159427.55346969,1572.3344252064226
77164855.81351468,1572.642121240044
77170284.44880262,1570.4144697520915
77175713.94489908,1570.7187002440746
77181143.31524384,1570.873416284997
77186572.61555865,1571.015699891808
77192002.09061553,1571.2192503798344
77197431.73025493,1571.2605343728228
77202861.3375658,1571.3631354808651
77208290.77783637,1571.6394450938774
77213719.97654507,1571.9781488567992
77219149.06594038,1572.2676252151473
77224578.03230706,1572.5712058932415
77230006.83664164,1572.7086499574882
77235435.7901667,1572.735973242985
77240864.89020483,1572.8314593629564
77246293.97187577,1573.1035404575575
77251722.919734,1573.3935778583693
77257151.64326386,1573.689751721673
77262580.30835119,1573.9639617077114
77268008.8359685,1574.1271848511278
77273437.2992045,1574.2487095498377
77278865.93494944,1574.4705198427996
77284294.72028492,1574.478361550199
77289723.43033,1574.638882596244
77295151.9645619,1574.9079750825576
77300580.27453385,1575.1851927952134
77306008.48017412,1575.465946412123
77311436.56843853,1575.7232768043823
77316864.49831645,1575.8256402580432
77322292.60024999,1575.8399922302438
77327720.8456607,1575.9375975877049
77333149.04758629,1576.2036631157607
77338577.1152164,1576.4615844698492
77344004.96389715,1576.7481992638445
77349432.74604884,1576.967800146878
77354860.41472267,1577.114798364581
77360288.02760603,1577.2081151093346
77365715.84328887,1577.4182665991311
77371143.78750326,1577.3824909950008
77376571.64928381,1577.5348873540693
77381999.3313456,1577.8136998376276
77387426.79191351,1578.0718906505888
77392854.14350733,1578.3423196542844
77398281.38401455,1578.5849608770006
77403708.47194791,1578.6592990683184
77409135.74797387,1578.663793130034
77414563.14666967,1578.7327880858695
77419990.50413147,1579.0160513876797
77425417.70916007,1579.2376046368431
77430844.74264336,1579.5181178477362
77436271.67434028,1579.7048361900095
77441698.51913016,1579.8427263143162
77447125.31068353,1579.9107786100424
77452552.3365491,1580.1213527760735
77457979.45624498,1580.0426269452144
77463406.48999885,1580.1990185191466
77468833.34561004,1580.4851678873995
77474259.97905867,1580.7140666840066
77479686.5045617,1581.0024851293992
77485112.90918592,1581.2202550825969
77490539.17556176,1581.2797052291846
77495965.63755487,1581.2795872194781
77501392.1854053,1581.3209624592303
77506818.71042812,1581.6008252351833
77512245.06225817,1581.8336722084023
77517671.25808933,1582.1046793381743
77523097.3415516,1582.2878978313686
77528523.33927973,1582.4157415037703
77533949.29766351,1582.4794770198905
77539375.49310839,1582.6443387095355
77544801.76903561,1582.5585956338139
77550227.96651529,1582.7163289726288
77555653.97048901,1582.9966497333482
77561079.74850677,1583.2102630853446
77566505.42927651,1583.49462360522
77571930.9680966,1583.6946375261243
77577356.39946465,1583.7256484455143
77582782.03622416,1583.7150475313576
77588207.73754144,1583.7751150280403
77593633.40903158,1584.037142006495
77599058.88920191,1584.2519636094476
77604484.22842853,1584.4832710953813
77609909.45708406,1584.6593294595223
77615334.59377591,1584.7559459796473
77620759.70067722,1584.8255501949527
77626185.03095557,1584.9534284157824
77631610.4338778,1584.9153471174563
77637035.73310326,1585.0599246887025
77642460.82512505,1585.313117269832
77647885.70527609,1585.5087863143383
77653310.51016712,1585.7395801942453
77658735.15746643,1585.914755637097
77664159.72931677,1585.9090436359998
77669584.51720837,1585.8755290432011
77675009.38366294,1585.9566241036441
77680434.17432481,1586.180877461626
77685858.77476372,1586.386270904737
77691283.2353743,1586.5952252724592
77696707.5981394,1586.747303119785
77702131.86009954,1586.8184760616186
77707556.13140824,1586.8839553246125
77712980.62275057,1586.9851358294045
77718405.1743859,1586.9455484892424
77723829.60183673,1587.0751314528077
77729253.8325112,1587.3226984658381
77734677.86069378,1587.5245308093406
77740101.80189252,1587.7498160996045
77745525.57627824,1587.9225716635785
77750949.28935301,1587.8965753976877
77756373.19547637,1587.839082354698
77761797.20049106,1587.936800112583
77767221.10163775,1588.1687221217608
77772644.8215662,1588.3727205943221
77778068.40806365,1588.6094341183334
77783491.88346912,1588.7303950389992
77788915.25000739,1588.8037427138702
77794338.6444594,1588.8571931608453
77799762.26622303,1588.95563195625
77805185.92145666,1588.9000316883996
77810609.43443008,1589.031922541083
77816032.7422342,1589.27287059844
77821455.87556408,1589.4509747424056
77826878.90553404,1589.6659473682312
77832301.78108764,1589.8037912750297
77837724.60635409,1589.7641234969872
77843147.62013848,1589.734005140799
77848570.70597036,1589.8192404770498
77853993.69849455,1590.058938013317
77859416.47610854,1590.2535270818987
77864839.15275323,1590.4519803385813
77870261.6917208,1590.5455007851112
77875684.14666669,1590.610979105701
77881106.63670671,1590.668902064624
77886529.3580642,1590.725162162172
77891952.06892312,1590.6686033576052
77897374.65391801,1590.8014508381523
77902797.020489,1591.0358968193696
77908219.19516829,1591.1826707816583
77913641.29841101,1591.385763352362
77919063.22047342,1591.4845980960106
77924485.14561278,1591.4206695134721
77929907.26767118,1591.3825668054044
77935329.4131669,1591.4900203583632
77940751.4802264,1591.6718446970676
77946173.33018683,1591.8710254830175
77951595.05781694,1592.0282618228875
77957016.68165483,1592.1203603810172
77962438.20686637,1592.1486538517624
77967859.7971262,1592.215941149592
77973281.60104282,1592.1962454438049
77978703.40911299,1592.1570287552768
77984125.08302934,1592.272542558313
77989546.5274837,1592.4908082088855
77994967.78539714,1592.6450613061515
78000388.96660224,1592.8470707306124
78005809.9481414,1592.9354689231304
78011230.95718722,1592.8564388163813
78016652.16042596,1592.7856306870463
78022073.40537295,1592.9198048899152
78027494.51959741,1593.0784542120273
78032915.44942759,1593.2490323329191
78038336.23600976,1593.440000770875
78043756.92845318,1593.5029432622528
78049177.49135265,1593.5289949857577
78054598.15285969,1593.5841159049453
78060018.9918127,1593.5822039307564
78065439.8448727,1593.5425292189175
78070860.52808164,1593.6623928396732
78076280.9728844,1593.8614563371398
78081701.2771339,1593.9811132916966
78087121.48155376,1594.1590261534266
78092541.4986991,1594.2135791195108
78097961.56732339,1594.1185945610932
78103381.81984638,1594.0383156653452
78108802.10615675,1594.1383880501367
78114222.26757239,1594.2827260192494
78119642.23369151,1594.4230949462496
78125062.08181934,1594.5990931343629
78130481.81369199,1594.6234110050518
78135901.45336431,1594.6325431907217
78141321.20681508,1594.6855610204889
78146741.13715379,1594.653565287405
78152161.05103901,1594.5899700795842
78157580.82538845,1594.70295833943
78163000.36932084,1594.9123110396185
78168419.7540407,1595.0245181261062
78173839.0364624,1595.2116734166048
78179258.11789322,1595.2451665128249
78184677.26592456,1595.135126881566
78190096.5930585,1595.0531075670262
78195515.92670105,1595.1851146580723
78200935.14060034,1595.3299585304844
78206354.16391283,1595.4906270891174
78211773.05364712,1595.642256359919
78217191.84000608,1595.6729721305041
78222610.50748119,1595.6621739398624
78228029.32079707,1595.7297684425457
78233448.28141573,1595.661282830516
78238867.23037231,1595.6358021799251
78244286.00371638,1595.7420163944969
78249704.53365262,1595.9043808844942
78255122.9356198,1596.0142456632132
78260541.23832121,1596.1509010967372
78265959.35122202,1596.1663592641273
78271377.54831389,1596.0469079266231
78276795.89102732,1595.9556316320686
78282214.2639953,1596.086091184497
78287632.4896177,1596.2280251926054
78293050.5089704,1596.3258528553256
78298468.43984866,1596.4663447803919
78303886.24692912,1596.453987584662
78309303.96417138,1596.4384261634602
78314721.82552692,1596.475526834434
78320139.85769631,1596.3893875728231
78325557.84613074,1596.3139235333838
78330975.67574525,1596.4158757723058
78336393.2645323,1596.5997900718687
78341810.71162206,1596.700276046675
78347228.04343967,1596.859929337711
78352645.17699005,1596.8453456568866
78358062.41245495,1596.7061361088029
78363479.8162178,1596.621414351296
78368897.17928042,1596.7341165458627
78374314.43993914,1596.8561213816254
78379731.49971306,1597.0005159119
78385148.44272043,1597.1168696639718
78390565.26515198,1597.123292211417
78395981.98783833,1597.0803225132431
78401398.88614348,1597.1583492232264
78406815.90497322,1597.0209736731904
78412232.882106,1597.0045019996387
78417649.68565594,1597.0958391458107
78423066.24463691,1597.2157687134718
78428482.68150423,1597.3142667053887
78433899.02451213,1597.4132735835908
78439315.1690232,1597.385786874994
78444731.43802296,1597.251457778201
78450147.83672215,1597.1331430993823
78455564.24687473,1597.2781562655987
78460980.48308247,1597.3918123743076
78466396.53314555,1597.4634051658777
78471812.47952911,1597.5751641398856
78477228.31136696,1597.5460388838655
78482644.04649739,1597.491312512892
78488059.96656336,1597.5095279177276
78493476.00389841,1597.3700940716433
78498892.00709666,1597.3021076639302
78504307.82237191,1597.3919771103817
78509723.3820265,1597.5325323464986
78515138.82793367,1597.6286060815912
78520554.13801044,1597.7433828351504
78525969.26674603,1597.6853396889173
78531384.53256026,1597.5184948916135
78536799.94963291,1597.4201662357307
78542215.32636397,1597.5026223752393
78547630.57343416,1597.591283868524
78553045.59086983,1597.6997438152043
78558460.52507634,1597.7603407438244
78563875.33066648,1597.7376853282553
78569290.05254586,1597.651583683995
78574704.95953055,1597.6903742964398
78580119.9782582,1597.5010032414823
78585534.94514357,1597.475913020385
78590949.72806352,1597.5631898015204
78596364.26897062,1597.6507817708548
78601778.68645407,1597.741495616359
78607192.98507293,1597.8109054775898
78612607.10372226,1597.739714057775
78618021.36995934,1597.567067357887
78623435.75137538,1597.4165382047602
78628850.15165675,1597.4924678434309
78634264.3941507,1597.5739582533483
78639678.41813263,1597.6709371381203
78645092.35193714,1597.741776420815
78650506.1586159,1597.7048486099054
78655919.89011878,1597.6238997344933
78661333.80343105,1597.6525994987453
78666747.82381131,1597.4727884945032
78672161.7622781,1597.4428105832371
78677575.5141752,1597.514716058933
78682989.02395359,1597.583365486597
78688402.42449075,1597.6626661956652
78693815.68747509,1597.7151199805292
78699228.77478327,1597.608793889108
78704642.02585436,1597.423563086996
78710055.41625054,1597.3153525087416
78715468.75163302,1597.3821395390605
78720881.93563999,1597.4273904568004
78726294.89835732,1597.5129022494134
78731707.76618664,1597.5239047215955
78737120.52313402,1597.4729432744348
78742533.20695806,1597.3566502325102
78747946.09135434,1597.3740115515989
78753359.06757526,1597.142593140145
78758771.97541922,1597.106451844505
78764184.69528112,1597.1864060892394
78769597.16663894,1597.2368663281056
78775009.52495126,1597.326782365187
78780421.74201398,1597.3641366257743
78785833.79079543,1597.2512156498663
78791246.00012162,1597.0553068289373
78796658.31359564,1596.9328264435264
78802070.60764448,1597.001345158762
78807482.74550231,1597.0686183344592
78812894.65390195,1597.1401254950733
78818306.48002677,1597.1557123933321
78823718.16601989,1597.0878551156075
78829129.79124437,1596.9725053353009
78834541.61040582,1596.9772549910542
78839953.52274984,1596.743199864617
78845365.33658572,1596.6893028263635
78850776.9572015,1596.7558310298905
78856188.34026633,1596.7946416979817
78861599.60235295,1596.8568838942479
78867010.73462406,1596.8826377647174
78872421.69537708,1596.7454620171752
78877832.83179694,1596.539668775704
78883244.06076732,1596.37508712641
78888655.27325208,1596.438407751303
78894066.30600269,1596.4803780027578
78899477.14206342,1596.5418230581222
78904887.87396906,1596.5545688005911
78910298.48059328,1596.4709416398885
78915709.02193892,1596.3467608537974
78921119.76360352,1596.3227230214384
78926530.59576878,1596.0918577281848
78931941.33495629,1596.0259666211787
78937351.87838066,1596.0708964095595
78942762.18192218,1596.097083364866
78948172.38683791,1596.140290900383
78953582.43971261,1596.148788627678
78958992.32984716,1595.9787093466014
78964402.39431807,1595.7511566269538
78969812.57335825,1595.6312678711845
78975222.67541064,1595.6914120855383
78980632.61652395,1595.6824148134513
78986042.36646022,1595.7357593956983
78991451.99775916,1595.6911993489218
78996861.52567309,1595.6018080862561
79002270.98767218,1595.4409698515
79007680.68112391,1595.4240675933715
79013090.42436965,1595.1286749155254
79018500.09595817,1595.0585860159729
79023909.57293747,1595.1135588057134
79029318.7865347,1595.117650542247
79034727.90261658,1595.1850572517326
79040136.85094152,1595.1779849158152
79045545.65268807,1595.005333107327
79050954.63048297,1594.7741582324563
79056363.67130424,1594.6570492697115
79061772.6709804,1594.685011903083
79067181.5128498,1594.7042769231573
79072590.1268055,1594.7372552308038
79077998.66234654,1594.6960120233714
79083407.05018887,1594.5794521093649
79088815.40067829,1594.422179636034
79094223.94912623,1594.3972333459376
79099632.57475209,1594.095740387592
79105041.0707248,1594.015067931329
79110449.37669127,1594.0616133339458
79115857.45220217,1594.0445396537052
79121265.40421362,1594.0888134203483
79126673.21659158,1594.0628218368527
79132080.86791009,1593.8740861079555
79137488.706797,1593.6362546488629
79142896.6044603,1593.4457726861015
79148304.48573142,1593.4820616528061
79153712.1795517,1593.4959860563363
79159119.67950286,1593.5180475366808
79164527.07314293,1593.4774435416098
79169934.3329105,1593.352964023713
79175341.55093384,1593.2068255932302
79180748.9715036,1593.137784184083
79186156.46835385,1592.8663320372673
79191563.8332083,1592.7626826486173
79196970.99169384,1592.7809585594546
79202377.92343462,1592.756598769617
79207784.74406835,1592.7634005009138
79213191.41892108,1592.7250195263616
79218597.93726948,1592.5070082577643
79224004.64281142,1592.2421947199598
79229411.44949076,1592.0626593089153
79234818.1723967,1592.0941312284378
79240224.70026182,1592.0594685344283
79245631.0590469,1592.0795406548464
79251037.28754523,1592.0086137032913
79256443.40540075,1591.879825308179
79261849.47063462,1591.7060149359693
79267255.75794865,1591.6208777980985
79272662.09312443,1591.3340860624207
79278068.32885389,1591.2219567622026
79283474.35455452,1591.2246843639728
79288880.13582411,1591.1867064937385
79294285.83304104,1591.1775883468285
79299691.35430609,1591.1263091837402
79305096.73810719,1590.8845543616455
79310502.30367103,1590.5958631780325
79315907.96866395,1590.454625447826
79321313.53383566,1590.4594964765815
79326718.92076786,1590.3869379905132
79332124.12335886,1590.394838986055
79337529.19836518,1590.287742334884
79342934.16505954,1590.1456477633951
79348339.08352722,1589.9359017010777
79353744.22717793,1589.8457546806342
79359149.40555625,1589.500687778933
79364554.49913937,1589.386469557324
79369959.38665584,1589.389471478415
79375364.01651545,1589.3321215141095
79380768.56782328,1589.3362125655653
79386172.92486206,1589.2671504812895
79391577.1556366,1589.0133160852486
79396981.56473896,1588.7079139076882
79402386.04036102,1588.587981654298
79407790.43772593,1588.5675502717904
79413194.67244451,1588.4976735171026
79418598.69494723,1588.492791097807
79424002.60634404,1588.3662389331562
79429406.39153379,1588.203537694349
79434810.14209822,1587.9785055532043
79440214.10431239,1587.877937320422
79445618.11298348,1587.486466221615
79451022.01571114,1587.3669393817293
79456425.71022789,1587.369653122656
79461829.1542741,1587.291946063842
79467232.49942246,1587.304558057571
79472635.6571295,1587.2159272386968
79478038.68555015,1586.9521755982225
79483441.89812118,1586.634103385689
79488845.14317614,1586.465048487608
79494248.36048366,1586.429383087982
79499651.40973182,1586.3793141646856
79505054.23177437,1586.3434656350264
79510456.95968033,1586.2136551550043
79515859.54506776,1586.0260226006244
79521262.10598233,1585.8000827554329
79526664.86365804,1585.6839417352621
79532067.68109217,1585.2789585474998
79537470.36602205,1585.1449173341136
79542872.83819263,1585.135797254156
79548275.06815983,1585.0457848965295
79553677.18101963,1585.0459181861218
79559079.11896059,1584.9424598561227
79564480.92214786,1584.6640029087268
79569882.91548899,1584.3360670636018
79575284.93537009,1584.1245169818626
79580686.93276018,1584.075608785335
79586088.74857219,1584.0258928798141
79591490.3406789,1583.965897516468
79596891.84307888,1583.8301475426085
79602293.19568397,1583.6221185401018
79607694.52727415,1583.3899596699107
79613096.05267836,1583.2571882842185
79618497.641586,1582.8463932884997
79623899.08388956,1582.694519583486
79629300.31103444,1582.6690848402416
79634701.3007216,1582.5661913152435
79640102.16383924,1582.5475301562485
79645502.85801542,1582.4297867074285
79650903.4129799,1582.133930262617
79656304.16112407,1581.7934312293078
79661704.93405914,1581.558932800969
79667105.68347494,1581.4977746481245
79672506.24028756,1581.4369637189404
79677906.5789298,1581.3576738884337
79683306.82472216,1581.210551129081
79688706.91831288,1580.9841875937054
79694106.99090633,1580.740073562111
79699507.25624447,1580.5910304824893
79704907.58422905,1580.1671184380914
79710307.76027495,1579.9981058528383
79715707.71966282,1579.9569873475161
79721107.4416325,1579.8394402145218
79726507.03370051,1579.805039079931
79731906.45655574,1579.6721934896516
79737305.73756035,1579.3591163720155
79742705.21168241,1579.0021960953363
79748104.70900491,1578.7508594990888
79753504.18197605,1578.674601243238
79758903.46046335,1578.5978070332976
79764302.5183708,1578.5034081247713
79769701.48243754,1578.3392117796866
79775100.2924627,1578.0967844907316
79780499.08011562,1577.8353153862008
79785898.05969617,1577.6708147033933
79791297.09960845,1577.2225091617725
79796695.98880108,1577.0380066882963
79802094.65966494,1576.983314750464
79807493.08887883,1576.8489573909874
79812891.38962173,1576.8040321667925
79818289.51544261,1576.6548946347216
79823687.49859397,1576.3253245719711
79829085.67172347,1575.948009055956
79834483.86616045,1575.6859417292487
79839882.03601307,1575.5916103176107
79845280.01879376,1575.4932407735637
79850677.771445,1575.3886054370662
79856075.42947787,1575.2012407634043
79861472.93321107,1574.9450936700678
79866870.41097268,1574.6602165219285
79872268.0807871,1574.4810530625346
79877665.80435894,1573.9991547205213
79883063.38695401,1573.8000440631204
79888460.75083217,1573.732219386455
79893857.86385562,1573.5791609464943
79899254.85771678,1573.5246753662284
79904651.66371727,1573.3587397942222
79910048.32794707,1573.0113452105156
79915445.17537041,1572.6103829215228
79920842.0445999,1572.3589442482269
79926238.8848055,1572.24737386331
79931635.54696319,1572.113627047162
79937031.97256882,1572.0038631443638
79942428.29250325,1571.7885723907807
79947824.46522892,1571.5204550987723
79953220.60216132,1571.2066041778048
79958616.93438758,1571.0136580576088
79964013.30348219,1570.5029583895994
79969409.55143842,1570.2884269522663
79974805.58363315,1570.2017664677282
79980201.35078019,1570.03121402715
79985597.01761627,1569.9533230465565
79990992.48023915,1569.7716581536317
79996387.80165677,1569.4016799728518
80001783.29730396,1568.9789962136038
80007178.84519824,1568.7525709666245
80012574.31249578,1568.6254087660755
80017969.59801741,1568.4356018951962
80023364.66140948,1568.3251625616222
80028759.595169,1568.082613071252
80034154.39584108,1567.8079923967643
80039549.14444928,1567.4671154575303
80044944.11013325,1567.2546113682408
80050339.09459633,1566.7495323834196
80055733.98271872,1566.5050534499178
80061128.6514976,1566.3870291108203
80066523.04812832,1566.2060741331297
80071917.35344799,1566.0840871257305
80077311.45263249,1565.8924454649302
80082705.40035093,1565.4985228830703
80088099.5212309,1565.0557566940624
80093493.72624397,1564.7909020490754
80098887.81898645,1564.659872772983
80104281.70834728,1564.4383912089918
80109675.40030798,1564.3068717615506
80115068.94881986,1564.0593758442903
80120462.37459779,1563.7687490336702
80125855.73552692,1563.4270154244225
80131249.31720993,1563.186708411307
80136642.92441666,1562.703888773965
80142036.42310098,1562.4255783272429
80147429.69312413,1562.277667580814
80152822.70183693,1562.0849196984084
80158215.59943464,1561.9292232810812
80163608.31441846,1561.7222793227397
80169000.85360102,1561.3128281954016
80174393.57034719,1560.8590310591414
80179786.3806156,1560.5138689987984
80185179.0840522,1560.3835564303986
80190571.56445867,1560.1724581296382
80195963.85968345,1560.0205605003753
80201356.0099734,1559.7805151977614
80206748.0224949,1559.463280207176
80212139.97232585,1559.1273705310014
80217532.12420918,1558.8670319061873
80222924.3286619,1558.3671473343852
80228316.38153788,1558.0625454929354
80233708.21050206,1557.9026438363915
80239099.79541926,1557.6889117224136
80244491.23422539,1557.5315408772583
80249882.51641046,1557.304855807567
80255273.95478007,1554.032568964095
80260666.72539607,1553.5650313543756
80266059.88263436,1550.28593737131
80271454.18280207,1550.1086223668322
80276848.59974948,1547.0402295389463
80282243.96629265,1546.8267477403533
80287639.55734576,1543.6932055605846
80293036.16184053,1543.3067306517426
80298433.04234314,1540.0421764129014
80303831.2997711,1539.7438946201767
80309229.94794875,1536.2717761128006
80314629.62988304,1535.903293489843
80320029.43282299,1532.8170137415575
80325430.1913643,1532.5289074753198
80330831.12922677,1529.4392612706376
80336233.11420731,1529.1325861940693
80341635.24328642,1525.7553226321318
80347038.74901181,1525.2064250858434
80352442.6430767,1521.8143767735185
80357847.71720219,1521.5639574132758
80363252.92756462,1518.373411941066
80368659.10578969,1518.082991520811
80374065.54382929,1514.8187274838033
80379472.99763529,1514.3560922266763
80384880.7841565,1510.961305849317
80390289.92872763,1510.5623915035985
80395699.54054862,1506.9524032690113
80401110.15061629,1506.4995420911332
80406520.96938297,1503.2496765898902
80411932.68642199,1502.9030087742156
80417344.71171615,1499.6323095100558
80422757.69830473,1499.2575217623018
80428170.96943334,1495.686955603182
80433585.50987333,1495.0462311081737
80439000.64585043,1491.530140868245
80444416.74638389,1491.2297240322514
80449833.15718488,1487.7997502423855
80455250.4272777,1487.4529990193864
80460668.118397,1483.9647450470493
80466086.6984961,1483.4460472549124
80471505.81680629,1479.8277515375476
80476926.14446735,1479.3468988962804
80482347.12896319,1475.4810296007058
80487768.54952389,1473.2601481941697
80493191.76351064,1472.2551290026954
80498616.55659726,1469.8672572352355
80504041.59755391,1466.4708600776387
80509466.93240805,1464.1878561865988
80514894.06465629,1462.8556901646452
80520323.2921935,1460.282652453587
80525753.00317582,1456.5735163972538
80531183.08075947,1454.2305925012001
80536614.78783654,1453.1160084866983
80542048.32747896,1450.9327631030296
80547482.26689883,1447.2966481902831
80552916.4246977,1444.5711081922218
80558352.54360579,1443.698924162942
80563788.8138067,1443.1076595125844
80569225.12304226,1442.2351199537027
80574661.37457867,1441.675885388323
80580097.4488326,1441.2809152821405
80585533.31895019,1440.8007932084392
80590969.14548025,1440.394198638805
80596404.8048004,1439.8797953565863
80601840.4029684,1439.1162687247254
80607276.22257034,1438.3714799993727
80612712.12968639,1437.837221387379
80618147.9798716,1437.4236702236733
80623583.65294747,1436.8863748501822
80629019.2146236,1436.416592995338
80634454.65947494,1435.8056446156434
80639890.02944136,1435.1622945963013
80645325.45325428,1434.5071324805072
80650761.13461834,1433.8621115583842
80656196.83499901,1432.974519003977
80661632.45752788,1432.3993248842578
80667067.89605425,1431.9929523289497
80672503.13906154,1431.473982504497
80677938.34036806,1431.0359749072447
80683373.36575422,1430.4625685725923
80688808.37760425,1429.6538236377492
80694243.60633983,1428.8849262668882
80699678.88708858,1428.3244191491187
80705114.10427997,1427.878473211646
80710549.13260278,1427.3339250087167
80715984.08263619,1426.8426603171283
80721418.9026401,1426.1882370783615
80726853.64569913,1425.522435835383
80732288.4785139,1424.8548005422163
80737723.56374748,1424.1568890037254
80743158.64384045,1423.2638545907153
80748593.61962944,1422.6794143499526
80754028.40185608,1422.2497877029716
80759463.02413449,1421.7101897463806
80764897.58359429,1421.2455352672196
80770331.96809638,1420.628781500327
80775766.372297,1419.7739148946678
80781200.96594179,1418.9716969337592
80786635.64039664,1418.414935785885
80792070.21793365,1417.94636126861
80797504.60765523,1417.3662242918222
80802938.92385611,1416.8588902766094
80808373.11167869,1416.1473500636716
80813807.218739,1415.4338612630174
80819241.45736735,1414.7654208607755
80824675.91526364,1413.9594811006673
80830110.40147665,1413.0639937181847
80835544.76430506,1412.4493980036748
80840978.91009517,1411.9928435820398
80846412.93591994,1411.4538662491227
80851846.86891367,1410.950950019465
80857280.62933841,1410.2745465661606
80862714.45357032,1409.3816777262252
80868148.4536331,1408.575802664805
80873582.5229282,1408.0144472733534
80879016.49520925,1407.4481033072072
80884450.26487699,1406.847724285083
80889883.93889682,1406.2497181906117
80895317.5209098,1405.4996251831442
80900751.01904479,1404.7142055272507
80906184.6954403,1404.04221670277
80911618.5538786,1403.0895043591202
80917052.4393317,1402.2079511495879
80922486.18495443,1401.579954239307
80927919.69859737,1401.087938114958
80933353.10894857,1400.5292411433304
80938786.41638468,1399.9896279334966
80944219.55046943,1399.2494710123922
80949652.78973174,1398.3094561626901
80955086.1865084,1397.4773567258046
80960519.63124138,1396.8736344623094
80965952.9875629,1396.2688100523744
80971386.13334692,1395.6284624728244
80976819.21944633,1395.0165202045023
80982252.19822939,1394.2149883485033
80987685.10932356,1393.4026506258813
80993118.22721966,1392.7080807892532
80998551.51375993,1391.6895996337773
81003984.82061902,1390.7982019289
81009417.96604379,1390.16001936801
81014850.86343932,1389.6229392530056
81020283.69043212,1389.0329494927325
81025716.39565243,1388.4502855353746
81031148.93898235,1387.6447275622022
81036581.62509297,1386.6766945709767
81042014.4302027,1385.8123016056038
81047447.30024903,1385.2118919745847
81052880.03180817,1384.561391062857
81058312.5737666,1383.886025287785
81063745.0472767,1383.2255555939867
81069177.4190046,1382.3895217937113
81074609.7249049,1381.529661844274
81080042.27328865,1380.806680380485
81085474.95521097,1379.6962442198428
81090907.64162835,1378.810642343657
81096340.16516393,1378.1596460426067
81101772.43614952,1377.5615654914766
81107204.63123962,1376.9747789759608
81112636.70438361,1376.3328972143904
81118068.61039357,1375.4696624083658
81123500.69014637,1374.4690788642504
81128932.88370007,1373.5615952560718
81134365.12305298,1373.0144479029284
81139797.20700002,1372.325185520214
81145229.1211534,1371.609702283849
81150660.95476298,1370.9041197023773
81156092.6857433,1370.0255427173959
81161524.36490452,1369.1304030224428
81166956.31505959,1368.3593869739325
81172388.37691188,1367.1761452679912
81177820.40397139,1366.2663408236292
81183252.29420345,1365.616401002343
81188683.95149855,1364.9925753407094
81194115.51096939,1364.3917929964812
81199546.96259826,1363.7251437172197
81204978.23266962,1362.7935613209754
81210409.69563848,1361.752031083323
81215841.26217224,1360.8280132205587
81221272.85566974,1360.253200917689
81226704.29054998,1359.5384663691634
81232135.56004082,1358.789854815302
81237566.76009402,1358.0308115174155
81242997.83923739,1357.109839412436
81248428.89522955,1356.1906477954274
81253860.21902487,1355.3581816875017
81259291.6583612,1354.1421419149663
81264723.03802337,1353.2213377460494
81270154.25312194,1352.5377383410314
81275585.24002743,1351.8495195301887
81281016.1549683,1351.2187067935706
81286446.93335944,1350.484643012481
81291877.56274542,1349.4715123274823
81297308.40595898,1348.388264813558
81302739.32935016,1347.458582577394
81308170.26038702,1346.809924814848
81313601.02426985,1346.067908474699
81319031.62583028,1345.3017526690871
81324462.14877704,1344.4856158452317
81329892.5637104,1343.529121849565
81335322.96440366,1342.5885867571105
81340753.65086529,1341.6777736618703
81346184.41658847,1340.4203964124902
81351615.1253787,1339.4714067914645
81357045.65686311,1338.7770958383833
81362475.9579184,1338.0414415524
81367906.19979931,1337.3701498289947
81373336.28495671,1336.582546521522
81378766.25268671,1335.4902880715617
81384196.44021511,1334.3505636096586
81389626.7048689,1333.4413674019588
81395056.94778483,1332.737264237635
81400487.02663411,1331.950955457379
81405916.94470352,1331.130142487203
81411346.79007094,1330.2429840957052
81416776.51590867,1329.2230426704537
81422206.26604699,1328.2385271566081
81427636.29510191,1327.258321494323
81433066.38737245,1325.9487579595361
81438496.41871905,1324.9742915839574
81443926.27033329,1324.2606108105374
81449355.89118473,1323.4651082831983
81454785.46408582,1322.7810173177058
81460214.85348435,1321.9293722405282
81465644.17263207,1320.7636710139343
81471073.72279783,1319.5727377248138
81476503.3264154,1318.6908546821835
81481932.88181603,1317.8938132192384
81487362.28938934,1316.9972502745957
81492791.5385276,1316.130465422734
81498220.70963491,1315.121544638942
81503649.77571546,1314.0537471368696
81509078.90694721,1313.0083749945188
81514508.30696401,1311.9235862770738
81519937.76674005,1310.484342678796
81525367.14675882,1309.4860976557752
81530796.33470704,1308.7650893332634
81536225.30091374,1307.9319526437562
81541654.21897545,1307.2086754409188
81547082.93699196,1306.303910378708
81552511.61610399,1305.0614047611105
81557940.50934733,1303.7987282664312
81563369.46976742,1302.903459206468
81568798.34911351,1302.0586285837396
81574227.08359471,1301.1200049535685
81579655.68694851,1300.2725072529051
81585084.19577655,1299.2111236487706
81590512.5828435,1298.1066368225509
81595941.0775602,1297.0347583878247
81601369.82349247,1295.8736275674494
81606798.61619882,1294.4282637018819
81612227.2944255,1293.3943824681937
81617655.77158114,1292.614804102434
81623084.0556408,1291.7569432524297
81628512.27627248,1290.9703798347307
81633940.28682098,1290.0143303538446
81639368.28890753,1288.6966723561875
81644796.49657899,1287.3586274371223
81650224.78810076,1286.4365811811356
81655652.97020519,1285.523750472458
81661081.01267642,1284.535806894329
81666508.92519774,1283.639158516686
81671936.74373563,1282.5132527290532
81677364.44195484,1281.3460208475294
81682792.28578928,1280.2422621169178
81688220.36036204,1278.9766907868768
81693648.49193344,1277.4876769008927
81699076.48675436,1276.4315799824412
81704504.26756564,1275.619917114469
81709931.88243067,1274.6982997715716
81715359.41666685,1273.8570116751234
81720786.74669878,1272.8063411386347
81726214.1006943,1271.4137914533906
81731641.64552683,1270.05339200992
81737069.2496535,1269.092567971169
81742496.7425874,1268.157949556782
81747924.06515315,1267.099273065097
81753351.29797235,1266.149728665396
81758778.39985846,1264.9143718010414
81764205.40424742,1263.68827748989
81769632.56676994,1262.5507066449886
81775059.95357937,1261.1555413638089
81780487.3812567,1259.6371594780048
81785914.66889739,1258.543165680669
81791341.72497459,1257.6808594875306
81796768.64122623,1256.7143835515262
81802195.45997985,1255.7935867922035
81807622.07834497,1254.6560256604798
81813048.76280496,1253.1863838223057
81818475.61403196,1251.8099598083018
81823902.52467623,1250.7757468088073
81829329.3292862,1249.7759094359035
81834755.91936314,1248.6564482349038
81840182.45152843,1247.5591518217034
81845608.8456576,1246.254698472601
81851035.16207792,1244.9347776853572
81856461.6605646,1243.7622655174014
81861888.39362215,1242.1378393951863
81867315.1304524,1240.586134525201
81872741.73769508,1239.4466291232416
81878168.09831311,1238.5421781035348
81883594.30438557,1237.5581929630002
81889020.4192785,1236.5977735279641
81894446.32125707,1235.3629077378791
81899872.3233438,1233.8065861127625
81905298.4821311,1232.3664478866176
81910724.66600507,1231.2958992480653
81916150.75905895,1230.2161567876678
81921576.65289712,1229.1203810848233
81927002.47922157,1227.945752324306
81932428.16502671,1226.610219435101
81937853.76842834,1225.2078711193274
81943279.59787968,1224.0383750473338
81948705.61509825,1222.2627583803012
81954131.6149065,1220.728011369544
81959557.48599009,1219.54667783096
81964983.11552534,1218.537743387931
81970408.59288184,1217.488165104126
81975833.9877526,1216.4670053544073
81981259.14272594,1215.1122381891291
81986684.4363363,1213.4788824368131
81992109.89172219,1211.9702340194415
81997535.34414849,1210.904084620589
82002960.6846804,1209.7062398140315
82008385.84313567,1208.567812440613
82013810.91015898,1207.3192134934552
82019235.84485403,1205.9209612501354
82024660.70040055,1204.4347256659153
82030085.80697434,1203.2268063961956
82035511.07107046,1201.3054736707234
82040936.30737992,1199.7673807797692
82046361.40328075,1198.5463171629572
82051786.24765702,1197.4302023575663
82057210.95655905,1196.3397455599209
82062635.5786905,1195.1946199278957
82068059.968164,1193.7349098776028
82073484.52872516,1192.035387665755
82078909.21303654,1190.4336679367264
82084333.93796758,1189.3652532730343
82089758.49434721,1188.071710270844
82095182.88529143,1186.776020024961
82100607.1813305,1185.4437580582078
82106031.36732748,1183.9201286236394
82111455.46988323,1182.3669060126326
82116879.85586765,1181.0395382819172
82122304.39591819,1178.994675584815
82127728.915341,1177.3852507798613
82133153.26343486,1176.1259311063418
82138577.33113307,1174.9170725860895
82144001.29574616,1173.7905279178535
82149425.1343872,1172.5371245977703
82154848.77127789,1170.9612696337363
82160272.60299107,1169.1796690611536
82165696.528277,1167.5257780117195
82171120.52205534,1166.339320120682
82176544.32159963,1164.978560187079
82181967.94382833,1163.570553022992
82187391.49126056,1162.1887907635423
82192814.90797262,1160.5546798260846
82198238.25813301,1158.934267944132
82203661.91396129,1157.5065107438686
82209085.69445321,1155.3607408291819
82214509.44780943,1153.6218453866913
82219933.03047039,1152.3041742333771
82225356.32541122,1151.0710974812632
82230779.53315833,1149.854100787749
82236202.59131625,1148.5931166368875
82241625.45071808,1146.872772416992
82247048.51968598,1144.9627364932144
82252471.70230848,1143.3117759698275
82257894.83489922,1142.082482818689
82263317.84258471,1140.6228805602664
82268740.6768146,1139.206597049284
82274163.42223616,1137.6691411168365
82279586.02303031,1135.9573971150835
82285008.57787462,1134.2418370069233
82290431.45167874,1132.7108480614497
82295854.43241282,1130.401568814669
82301277.35498302,1128.595716280103
82306700.08742239,1127.2185635749502
82312122.54399979,1125.871630784027
82317544.91006099,1124.5411750458566
82322967.13565549,1123.1707074153908
82328389.16602606,1121.298665243365
82333811.44070525,1119.2807688787561
82339233.81616777,1117.4276013444833
82344656.1487239,1116.0970011082748
82350078.31214088,1114.4875925058204
82355500.35188547,1112.9910115688526
82360922.26476413,1111.3270331554172
82366344.0779698,1109.5229072177247
82371765.84135796,1107.6781862756939
82377187.96211232,1106.0080763509288
82382610.14463541,1103.4799944893025
82388032.29896814,1101.6214298057516
82393454.26067154,1100.2139036652216
82398875.93306367,1098.7441042890637
82404297.51445912,1097.4085807463857
82409718.93644206,1095.9114805663464
82415140.18565135,1093.90822476226
82420561.68564883,1091.7895217687364
82425983.255408,1089.822268672103
82431404.80832988,1088.3635717395528
82436826.17751782,1086.6935340724897
82442247.41776127,1085.0645335266852
82447668.54013988,1083.305986962198
82453089.54807605,1081.3633365063683
82458510.53458013,1079.451288024009
82463931.86320426,1077.585821204978
82469353.24420673,1075.0183112843752
82474774.59390676,1073.0421944533725
82480195.73511936,1071.5135523712734
82485616.58453709,1069.9293756026466
82491037.38641363,1068.4426209779108
82496457.97783236,1066.8176068346356
82501878.43904968,1064.6152221739649
82507299.14605764,1062.3150274307775
82512719.9361279,1060.4579124294332
82518140.63450907,1058.8414470685304
82523561.194604,1057.0069966290814
82528981.58321273,1055.2627181699017
82534401.88959827,1053.2892421812562
82539822.04882312,1051.2106855241063
82545242.24267694,1049.1718320588861
82550662.77202001,1047.181379813016
82556083.36900194,1044.4076708568018
82561503.86310694,1042.3313973894983
82566924.1433011,1040.7168363720511
82572344.16365747,1039.0038179322933
82577764.09898444,1037.3619517704608
82583183.85166286,1035.602837401625
82588603.47990008,1033.2038849446112
82594023.36193857,1030.7904435462146
82599443.36968067,1028.7324551929041
82604863.24838765,1027.014974329371
82610282.94199187,1024.947547647167
82615702.5274607,1023.1333338378408
82621121.96358241,1020.9599519641732
82626541.2931233,1018.7669049418473
82631960.65135324,1016.5624984461527
82637380.35038903,1014.3524343853587
82642800.08063592,1011.2870686742431
82648219.73717508,1009.1156761017687
82653639.16424747,1007.4388583329237
82659058.32902321,1005.5267805366097
82664477.40680821,1003.8741753270539
82669896.28414187,1001.8959235368111
82675315.06401165,999.3200773844135
82680734.11531608,996.7782519674433
82686153.20934035,994.5036082764747
82691572.24401636,992.5751236704044
82696991.05115148,990.5305883736515
82702409.73834959,988.4575096208125
82707828.31341168,986.1664513674785
82713246.75135842,983.7322336460688
82718665.24868864,981.4591988836485
82724084.05570565,978.9309976068054
82729502.94199379,975.8125675860019
82734921.70656589,973.449262496998
82740340.22499543,971.602148638495
82745758.49726433,969.5809493734907
82751176.67644697,967.7179292858407
82756594.64475307,965.5981051014544
82762012.5421784,962.7851336111023
82767430.68528467,959.9363619693894
82772848.91470268,957.4936197079928
82778267.05412607,955.3905803652402
82783684.99012393,953.1722555192953
82789102.82446921,951.0531903367536
82794520.5227951,948.5366762913504
82799938.09388877,945.9609078672393
82805355.73791125,943.5230664809055
82810773.71565625,940.7942492874765
82816191.72316733,937.4695901585922
82821609.60107583,934.9716880904466
82827027.2301345,932.9812294275866
82832444.62064289,930.6998472019428
82837861.91693819,928.6541904193114
82843278.99087025,926.2432968920335
82848696.03309026,923.1736436209587
82854113.34038687,920.1809026246285
82859530.67780523,917.5738189220137
82864947.94504845,915.1909435848836
82870364.98222892,912.7535456622049
82875781.91287208,910.2675473056701
82881198.71913618,907.5190698471258
82886615.41039832,904.6367709508811
82892032.21164435,902.0308273747114
82897449.30200665,898.8169768585841
82902866.43383628,895.2492307748514
82908283.44698893,892.5046900186414
82913700.20412605,890.3185360893224
82919116.70755868,887.913762969729
82924533.1345638,885.6917750726407
82929949.300783,883.1055721716318
82935365.46408914,879.7381156425351
82940781.8621847,876.3566066915109
82946198.35265888,873.6405643226406
82951614.6973539,871.0002710206212
82957030.85346965,868.2994172532549
82962446.8899621,865.7228396981268
82967862.8050513,862.6713600740729
82973278.57475191,859.5652925327086
82978694.4992073,856.6876105662457
82984110.70325887,853.2306802041971
82989526.94009529,849.3606067572077
82994943.01720427,846.3950994752051
83000358.83191764,844.0036678143485
83005774.45986125,841.3035123216075
83011189.96240564,838.824355365545
83016605.23307034,835.8655916110756
83022020.5033534,832.1461097114409
83027435.99150506,828.6677342905596
83032851.53632654,825.663993822568
83038266.99441633,822.8228991816014
83043682.19834249,819.8563335100348
83049097.32948397,816.8219365631094
83054512.30249842,813.4550820205513
83059927.17853653,809.9798179897473
83065342.22362831,806.8794183081841
83070757.54195997,802.7611379669062
83076172.8512103,798.5871200355673
83081588.02369432,795.2982366663942
83087002.91427006,792.5778850560055
83092417.5880678,789.6820485102022
83097832.1761471,786.8806663347937
83103246.48584875,783.6349387778068
83108660.84071252,779.5000395296152
83114075.4009187,775.3923285518863
83119490.0610855,772.1523123522211
83124904.53170665,768.8976653543115
83130318.80528069,765.5200767321708
83135732.99831714,762.3103250900374
83141147.03585209,758.443001525121
83146560.9527315,754.6188300592103
83151975.05374491,751.087054448365
83157389.42688045,746.5821189840212
83162803.78328858,741.8578815154679
83168217.99073383,738.2196859450804
83173631.92612748,735.2229570630088
83179045.68235277,731.8460526849981
83184459.314407,728.6848607600332
83189872.68379174,724.8833794168282
83195286.1061008,720.1997654674642
83200699.72030827,715.9057493348638
83206113.39095351,712.2655373425305
83211526.9792128,708.5791402653562
83216940.30665019,704.8715197216934
83222353.56460384,700.9679339219481
83227766.65458001,696.6981191766777
83233179.64318709,692.2825628952668
83238592.84329677,688.371684879231
83244006.296994,682.8737859726431
83249419.70340367,677.7003910969024
83254832.96902032,673.5499186877473
83260245.94877802,669.9847645384548
83265658.70913762,666.2733715184348
83271071.39726025,662.5789718334213
83276483.76994698,658.2981849209676
83281896.24531382,652.9740055152838
83287308.90835558,647.6843086898639
83292721.67380191,643.7053311199074
83298134.22901288,639.3893025248809
83303546.58180776,634.8704529476254
83308958.86151521,630.6003933799307
83314370.95444386,625.4464258004882
83319782.9357408,620.3816241861716
83325195.14172351,615.7065296054402
83330607.57419872,609.4901365799044
83336019.97246289,603.2721998930306
83341432.217503,598.4722904714104
83346844.179244,594.4351203149886
83352255.96468776,589.8487596636155
83357667.62348491,585.62858656443
83363078.97630641,580.3440075278695
83373902.12218618,568.1173352688916
83384725.42262398,558.1029054087676
83390136.78754365,552.9194991748425
83395548.0175762,547.555090513215
83400959.11362572,541.4853639408568
83406370.06880152,535.2624500539841
83411781.29215267,529.6757896937008
83417192.688577,521.7893239996342
83422604.0781822,514.4588041033517
83428015.28212628,508.55870591841426
83433426.16660857,503.42233924445253
83444247.52861007,492.4570037053603
83455068.2976336,477.928630266107
83465889.58297387,464.5449578450927
83476710.42381322,451.0837642448626
83487530.64932872,436.21911836684916
83498350.77249599,420.85851777465047
83509171.49375597,400.49963538137354
83519991.55794957,385.43839028543414
83530810.88322106,370.38713718399663
83541629.62208846,350.08513388526853
83552448.82525575,330.7018758016976
83563267.54119793,310.4893656966532
83574085.6703454,287.1497332758282
83584903.73048988,262.09694200867284
92940593.07436804,415.25311628867894
92951404.12403998,422.20522652891896
92962214.79409719,429.7985495632247
92973025.15011892,435.4963691566272
92983835.06686783,443.5571317955364
92994644.55865411,451.64267596447144
93005453.65679277,455.89791235521034
93016262.02933772,461.66438041617766
93027070.73127803,466.39431107914515
93037879.27847333,472.3582863567849
93048687.44847296,478.92965307784425
93059495.30061835,483.31887754795116
93070302.67577355,490.4088826806874
93081109.6217102,497.42319043984617
93091916.14627798,501.0711219076388
93097319.09261326,503.96831363173624
93102721.99889661,506.0970078541436
93108125.05701686,508.2084387784532
93113528.16955875,510.1181425546206
93118931.17915283,512.3140009614176
93124334.14894786,515.32042283804
93129737.03209879,518.9743161168333
93135139.73378344,521.0915581511931
93140542.45347932,522.5331569389041
93145945.02155493,524.8230544362891
93151347.42209114,528.2761517160336
93156749.7754783,531.0762209762424
93162152.01542325,534.0948247089746
93167554.09759869,537.265712829088
93172956.24770701,538.2924739051655
93178357.97619948,540.3342071798543
93183759.60993429,542.9737141216538
93189161.20247889,544.7997145775416
93194562.94445308,546.6234343619697
93199964.74279752,548.3116420032643
93205366.42313793,550.2233688914905
93210768.0671118,552.9127805174066
93216169.61613372,556.157070234266
93221570.97916333,558.0156654096259
93226972.38546865,559.1859938158173
93232373.62356442,561.238294441493
93237774.68661767,564.3279339261185
93243175.69911532,566.8148650882631
93248576.59645693,569.5050750616738
93253977.33507605,572.351414569267
93259378.13550825,573.2026574073661
93264778.5162261,574.9617858896768
93270178.79953061,577.3434074386246
93275579.04435527,578.9385766641117
93280979.43362242,580.5380890782274
93286379.87604116,582.0329669120674
93291780.1966571,583.7200479361118
93297180.47853689,586.1467619943055
93302580.66074245,589.0723704394509
93307980.65683924,590.7007482486565
93313380.7000731,591.6928304976459
93318780.56701168,593.5267448643158
93324180.26347327,596.3351105707723
93329579.90354854,598.5793318135393
93334979.42815778,601.0117027157967
93340378.78987183,603.5933476367309
93345778.21634835,604.3019703195878
93351177.22120142,605.8650752820486
93356576.12526628,607.9813066950182
93361974.99046667,609.3947090958823
93367373.99365759,610.8140690157691
93372773.04283397,612.1199923902277
93378171.97586243,613.6321253782048
93383570.86217116,615.8275764730165
93388969.64715996,618.5010786743787
93394368.25168654,619.9229316186211
93399766.88352773,620.8000693078891
93405165.34015201,622.4235384185163
93410563.64305331,625.0119741458561
93415961.88141303,627.0688559367195
93421360.00491641,629.2938299589841
93426757.95767961,631.6576212395394
93432155.98797205,632.2404962295561
93437553.5926607,633.6795804822118
93442951.08646792,635.5131299469863
93448348.54046811,636.7862908734169
93453746.12534454,638.0633813202307
93459143.74243322,639.19129820954
93464541.26248892,640.5607612839212
93469938.72135967,642.5554489985689
93475336.08194722,645.0296909736576
93480733.26749249,646.2306324558122
93486130.45801908,647.0418329622361
93491527.47266686,648.4827812788521
93496924.36530054,650.860544659776
93502321.18318437,652.7725229688258
93507717.88516709,654.8104688827788
93513114.40497655,657.002929608142
93518511.02033785,657.4301357019415
93523907.21409681,658.7847145768692
93529303.25566989,660.3329269596169
93534699.27155977,661.5042964112508
93540095.41235717,662.6656624846541
93545491.5615887,663.6762761150212
93550887.64634815,664.8923140048007
93556283.65228333,666.7362578928937
93561679.56718709,669.044612835573
93567075.29377311,669.9861282038487
93572471.02565797,670.8806626902402
93577866.57822923,672.2184985925292
93583262.02853039,674.3325013556529
93588657.40182292,676.1014788619414
93594052.65685017,677.9400959602863
93599447.7194954,680.0010436952521
93604842.87801331,680.2214924566756
93610237.63839726,681.4194895541827
93615632.1734319,682.8175988719216
93621026.72055772,683.8979067173445
93626421.38496196,684.9169473232369
93631816.04876162,685.9279277989194
93637210.64874925,686.9342114219284
93642605.17664033,688.6762431019033
93647999.60922523,690.8092483088672
93653393.81846069,691.5670813864267
93658788.11584657,692.490741926318
93664182.20007856,693.7856544812544
93669576.14306669,695.6534056744512
93674970.01587903,697.243093273853
93680363.77954182,698.8860233565217
93685757.34422697,700.8188280125873
93691150.97058594,700.945412431491
93696544.21642613,701.8645294749558
93701937.22781128,703.3446268682083
93707330.25414106,704.3084392185797
93712723.38403004,705.1519541444618
93718116.54705946,706.1563519656697
93723509.58408368,707.0245699394585
93728902.58149293,708.630347958092
93734295.4618452,710.5990925495553
93739688.11459711,711.3586175246119
93745080.88448605,711.9017862351816
93750473.4526719,713.0755942407118
93755865.82568634,714.9361179408337
93761258.12638327,716.3751641764702
93766650.32740086,717.9258091782077
93772042.32492223,719.7216919035295
93777434.37827,719.9543134879953
93782826.0329503,720.6856322931062
93788217.52454615,722.0403981978166
93793608.97884384,722.8936517832085
93799000.53038342,723.6488105316264
93804392.12967922,724.5132986013828
93809783.57926758,725.3851650564626
93815174.97926846,726.8112636571923
93820566.25700457,728.6984626351486
93825957.32971604,729.4870134068033
93831348.42437427,729.8531491596226
93836739.36611031,730.8124963559853
93842130.13921626,732.6568640358336
93847520.81394495,734.0420786529094
93852911.40000384,735.5126986263322
93858301.76470661,737.2119028143029
93863692.22068514,737.4118588361207
93869082.2668936,738.1360700034884
93874472.14052516,739.1797944924195
93879861.9688459,739.973647867811
93885251.90894575,740.6779416158248
93890641.84596045,741.3422811009145
93896031.70906714,742.1599869208904
93901421.46930467,743.4437893699251
93906811.13869616,745.2582078921457
93912200.60129225,745.9222262829771
93917590.05406483,746.5123137492784
93922979.32513472,747.3558413258993
93928368.48086469,748.9672285798118
93933757.55141535,750.3071950390022
93939146.49379507,751.6307613415844
93944535.2194778,753.2794226873116
93949924.01778051,753.2932271966046
93955312.46595688,753.9336032801048
93960700.60581274,754.9167715549598
93966088.76032302,755.6872327005294
93971477.01884261,756.2393662185355
93976865.26152948,756.9486623355069
93982253.43325295,757.5325626759765
93987641.52485065,758.7541574475968
93993029.5067062,760.4363677538825
93998417.2574625,760.9692607125398
94003805.09651767,761.2992559670273
94009192.71306242,762.1304340682286
94014580.13595818,763.6454727589096
94019967.49118663,764.8433988288707
94025354.7327877,766.0919738621102
94030741.76043196,767.6239655136801
94036128.83086362,767.7564426750557
94041515.5593606,768.1637460822058
94046902.05611937,769.1705615551174
94052288.49096227,769.8533682851773
94057675.01356837,770.3293879288465
94063061.55469278,770.954052257659
94068447.98153308,771.6212403005428
94073834.32282072,772.6756649016013
94079220.55124265,774.3145151674044
94084606.5585413,774.8726891488532
94089992.55962087,775.0842933334752
94095378.417747,775.7083978053006
94100764.07981426,777.184796723083
94106149.64381497,778.3707507233278
94111535.0753487,779.5581565745919
94116920.29133269,781.037809519426
94122305.57191162,781.1180598822089
94127690.5295305,781.5047930122005
94133075.17191525,782.1486205561276
94138459.80852278,782.8296933269912
94143844.55332604,783.2363040516209
94149229.25711694,783.8070256555445
94154613.91443196,784.3205437403296
94159998.43044402,785.2969968042851
94165382.8223189,786.8512966082504
94170766.97461587,787.3125608308192
94176151.1881935,787.6412381686597
94181535.17576924,788.2192838856956
94186918.90547405,789.4853944411009
94192302.58225226,790.5479083660234
94197686.13779764,791.6694203024564
94203069.48024422,793.0398651966757
94208452.8530305,793.1216087989715
94213835.93972825,793.3433813118709
94219218.73447366,794.2140103061838
94224601.46903343,794.8498554457544
94229984.27900739,795.121157140175
94235367.09354833,795.6197819045751
94240749.79013222,796.0732384607444
94246132.40567286,796.9049003304285
94251514.90704069,798.4195588397502
94256897.1779269,798.8776095062899
94262279.43325703,798.8561412316737
94267661.5509097,799.3222575712898
94273043.46174444,800.6405870782847
94278424.74497364,799.8603801670406
94283808.54939203,798.0202455257928
94289193.03956686,790.21918771795
94294577.51179962,790.3507523004724
94299963.2486745,781.2022356050204
94305348.60345621,781.7034422644285
94310735.4384841,772.8948305401702
94316122.39079742,773.0917504445249
94321510.7888418,764.00027604958
94326899.18367118,764.3655099291698
94332288.89358534,755.4180784037455
94337678.56378967,756.9141917180456
94343069.44122267,747.5517820265118
94348460.44855192,747.6639904354894
94353852.69681527,737.9989471853398
94359244.8097027,739.1638425217005
94364638.24641983,730.0402240588307
94370031.70441468,731.0901740798572
94375426.34825325,722.1505268156675
94380821.16376011,722.2302695564217
94386217.14310005,711.8385344410963
94391612.47832736,704.363625859055
94397009.82633674,704.7882877883299
94402406.77495104,696.5951584472841
94407805.34141715,695.4525382016764
94413206.41877818,691.6065240648427
94418608.0957774,681.4691077518262
94424009.4030729,674.5214110978395
94429412.55292802,674.8135263165163
94434815.27556366,666.0823880929302
94440219.43428783,664.640377932858
94445625.94287254,661.6385351543959
94451033.1105094,651.3096222918641
94456439.90276022,643.373417832308
94461848.52467956,644.5116977296329
94467256.74389364,635.2861531158546
94472666.30192532,633.3667967178951
94478078.12055089,629.7542791908995
94483490.75078227,618.5012218294924
94488903.22487508,608.6842428748176
94494317.6831453,608.764719444327
94499731.73767413,598.9211562799168
94505147.60688305,599.4039795317988
94510563.0411968,590.7735240100004
94515980.20422626,590.9892718637564
94521397.097918,580.2280072719991
94526815.77241714,580.0585335320491
94532233.95478858,570.3240835083357
94537653.89408198,571.0280861314411
94543073.45864959,560.7416251042762
94548494.67537792,561.8219279123455
94553915.74977502,549.9233361660023
94559338.3458365,549.5487977738228
94564760.5340767,538.009949130353
94570184.4194309,538.0646936282158
94575608.2929654,525.1521012676309
94581033.94770628,524.9163223264839
94586459.4239825,511.6035419549968
94591886.51491956,511.9471201733793
94597313.4678359,499.9537226539577
94608170.41607775,485.3018755278466
94619030.13701299,471.08634465950524
94765935.01354168,350.6530368348217
94809485.83642384,352.2237046704646
94820373.01733208,349.31314020295986
94831259.69317591,347.9815410980163
94842146.86810876,345.78374185055486
94989108.4593072,334.9507166425956
95032647.38939326,329.5228316200177
95043532.07847267,326.0235592179242
95054416.43511952,326.26909546669344
95065300.54405303,326.9944051369441
95277514.7823914,283.36621781179946
95288396.39943676,284.00532590417316
95299277.86768155,279.4379449552461
95522314.07020825,207.92988292260912
95533192.58014469,201.4385419947845
95544071.03009963,198.20854051220186
103323022.26083483,388.87288200684
103333855.05201595,402.99187470170546
103344687.63148129,418.76939034621955
103355519.44263634,433.31991735808515
103366350.85251324,446.8692280998116
103377182.91748038,456.07530034021556
103388014.73625027,468.99778387907736
103415091.14743368,501.3577013012755
103425921.7817575,513.675888588783
103436751.69477558,525.7422722934382
103442166.39483443,531.280190657354
103447580.98203479,536.6861813806513
103452995.62223221,542.25021855238
103458410.58138187,546.8203818281168
103463825.47105025,549.7656898828174
103469240.40127827,554.4972032835749
103474655.14215605,560.4902437137615
103480069.5456625,566.4374519135922
103485483.89845578,572.6141718360914
103490897.9694163,578.5328078637424
103496311.86038534,583.0500060988862
103501726.01138769,587.186496011996
103507140.29761343,592.3108180614834
103512554.41447848,597.8504437642787
103517968.29462552,602.73894504551
103523382.07119903,607.8988530307447
103528795.65353987,612.4607631145151
103534209.11079696,617.0866134063119
103539622.65056276,621.7717034790397
103545036.51344518,625.589419200865
103550450.2917037,628.01901299528
103555864.0721925,632.1438904347924
103561277.65411316,637.4754479200941
103566690.92703064,642.6297479034038
103572104.10981072,648.0613313818523
103577517.04312672,653.134992182614
103582929.80949749,657.0567125451053
103588342.84648743,660.7968869838076
103593755.93596256,665.0651666206192
103599168.94219077,669.9085737615394
103604581.68379007,674.4317602082646
103609994.32350367,678.8715563925393
103615406.76297343,683.0292174529272
103620819.07433295,687.042471964784
103626231.49040227,691.3020839654527
103631644.16121659,694.5300624097895
103637056.7724285,697.0081046479397
103642469.38026017,700.6736377073241
103647881.78834997,705.2473878811167
103653293.90439026,709.7783859327615
103658705.96267036,714.4396571139108
103664117.73402423,718.8883456381275
103669529.36819005,722.3134397661652
103674941.23833036,725.6243216765033
103680353.2410323,729.8020324393002
103685765.06987408,734.0437703269279
103691176.66651826,737.8628316744034
103696588.14062952,741.9394953442684
103701999.42099606,745.5031461484657
103707410.5733113,749.1300148757068
103712821.83947931,752.8438049021148
103718233.35193801,755.7291308475562
103723644.80793767,757.8038988524798
103729056.24825078,761.1918047900865
103734467.48848893,765.4888722963506
103739878.4388825,769.5146402783218
103745289.30073021,773.913331477219
103750699.87593883,777.8523501748064
103756110.33956319,780.9523764752187
103761521.05170646,783.9927662134105
103766931.81395501,787.7126389685719
103772342.47554582,791.4691453401429
103777752.89193429,795.1567294760844
103783163.1348887,798.8041375800262
103788573.2309738,802.1295932614643
103793983.15895553,805.3921515231366
103799393.22765683,808.8584411789711
103804803.49115823,811.4757375468878
103810213.75721556,813.5838735944334
103815623.9300218,816.7030168117308
103821033.88191712,820.5814448983988
103826443.59728587,824.2581036155236
103831853.17892887,828.171159708323
103837262.51160322,831.7451379005413
103842671.74043489,834.5485144652382
103848081.22010571,837.4140497603744
103853490.76320753,840.6212478166647
103858900.20032845,844.0663091419729
103864309.33262417,847.4564724681702
103869718.34794763,850.7873142647263
103875127.17996417,853.8724380615668
103880535.87026791,856.8468977722819
103885944.69395407,860.0608624371761
103891353.68865101,862.4245387824076
103896762.67537634,864.5198801867665
103902171.58943592,867.4052162036637
103907580.28911422,870.916137047532
103912988.74936287,874.2939800709642
103918397.1009605,877.8097099080726
103923805.1807156,881.0986275235896
103929213.17223583,883.6659624631496
103934621.39032236,886.3018666260859
103940029.73737344,889.3813328030185
103945437.9231902,892.5573641097153
103950845.80303022,895.5680497399397
103956253.59395382,898.7202703408748
103961661.16174349,901.5177615352704
103967068.61360134,904.2910493874292
103972476.18142076,907.2232821403783
103977883.908282,909.3848925580346
103983291.60467757,911.2937316873945
103988699.25053972,914.0041594355139
103994106.68364958,917.2899959936503
103999513.8580195,920.3941777960385
104004920.95456529,923.6898559009965
104010327.74263427,926.724415551199
104015734.46668112,929.1071493510801
104021141.39772043,931.4856747274475
104026548.4626444,934.5211424648145
104031955.35465084,937.4376511058813
104037361.98944609,940.1966531792807
104042768.5050661,943.1954643297427
104048174.809943,945.7603286308189
104053580.9950674,948.3740002758645
104058987.30527516,951.0797680576666
104064393.7636833,953.1151247437933
104069800.17921036,954.8161953405653
104075206.53341675,957.3839331557015
104080612.6629995,960.5079649690684
104086018.53191315,963.376178993793
104091424.32258873,966.5345765586695
104096829.78880197,969.3341360620125
104102235.21117666,971.5615053577321
104107640.85013707,973.7398214134319
104113046.55309029,976.6353321046226
104118452.11156535,979.3071389533602
104123857.4598186,981.9524590319377
104129262.63715033,984.7609091523113
104134667.6481011,987.1657391701324
104140072.51436685,989.6165148463897
104145477.53331478,992.1738662719171
104150882.68526702,994.1157165472932
104156287.81437832,995.7047455556439
104161692.84185302,998.1372806659119
104167097.62436816,1001.0902324932507
104172502.16482435,1003.7822947113041
104177906.59353001,1006.7808391878519
104183310.71438763,1009.3816324942923
104188714.79670604,1011.4632626794944
104194119.11840275,1013.5232333692525
104199523.43770401,1016.1613282583684
104204927.63752733,1018.6541099284113
104210331.62449683,1021.232509096138
104215735.42309785,1023.8186891031737
104221139.0831882,1026.1118116633543
104226542.58190776,1028.38876616657
104231946.24699862,1030.829937662962
104237350.03515929,1032.6528123604076
104242753.82373047,1034.2204695726664
104248157.48012869,1036.5182683825306
104253560.87794478,1039.278118393981
104258964.05105224,1041.83968561742
104264367.0835587,1044.6379804789376
104269769.82848515,1047.0811578640291
104275172.53221159,1049.0278980376902
104280575.48488359,1051.0022952474505
104285978.41703013,1053.4060741981152
104291381.23347868,1055.766252924078
104296783.80985285,1058.239047927898
104302186.20890366,1060.6392289410464
104307588.47014241,1062.8238128192643
104312990.56772737,1064.950444489239
104318392.83021803,1067.270574596898
104323795.2102809,1068.9795209475287
104329197.59792103,1070.5234097851721
104334599.84169145,1072.6973912367075
104340001.82129309,1075.2810421113418
104345403.58167313,1077.7202849708628
104350805.19069242,1080.3339142234804
104356206.52019574,1082.6424714907002
104361607.80671088,1084.4717150644285
104367009.33938272,1086.3513285334739
104372410.85395074,1088.5885828487587
104377812.24654013,1090.8352363761283
104383213.38231213,1093.182455619621
104388614.35153848,1095.4394292347533
104394015.17689641,1097.5130612298926
104399415.83935387,1099.51618435725
104404816.66111837,1101.715363014253
104410217.60026476,1103.3302656637247
104415618.54361664,1104.8213069587844
104421019.3391372,1106.8826121596676
104426419.8711591,1109.29342098526
104431820.18134029,1111.6110232856645
104437220.34227465,1114.036740581649
104442620.2241162,1116.2214985540127
104448020.06481136,1117.9443559094643
104453420.1447218,1119.719920005784
104458820.22575337,1121.8059243112457
104464220.1626466,1123.942684060631
104469619.8286324,1126.1624312886102
104475019.3438485,1128.3062784493331
104480418.70812851,1130.2810706877176
104485817.9129083,1132.1814598742221
104491217.26897258,1134.2672694634944
104496616.74929164,1135.8111024716995
104502016.21801041,1137.260900798161
104507415.53945829,1139.2197365314878
104512814.58965513,1141.5195539734877
104518213.41561547,1143.7152741147302
104523612.0899836,1146.0367546376879
104529010.48415197,1148.1049332652578
104534408.83652636,1149.741214277235
104539807.4231131,1151.4031650679872
104545205.99458605,1153.3941039521364
104550604.42626004,1155.4230441064797
104556002.60645868,1157.5452856852921
104561400.62144887,1159.603268065825
104566798.4896844,1161.479042267024
104572196.19157746,1163.2955279868233
104577594.04067935,1165.2757664620228
104582992.01847751,1166.7648133760827
104588389.97600897,1168.1192325570905
104593787.78142196,1169.984025586783
104599185.31122673,1172.2124923943109
104604582.60208839,1174.2877020292121
104609979.75515464,1176.5509598599513
104615376.6102809,1178.5146534108594
104620773.42405456,1180.0817495574868
104626170.45800586,1181.6165508488793
104631567.46190037,1183.6207006642658
104636964.32589851,1185.5584204097463
104642360.98541103,1187.5337220126837
104647757.45509553,1189.5357273196732
104653153.77119128,1191.2844730470745
104658549.92265303,1193.0336932619566
104663946.21286203,1194.8804710132554
104669342.63655517,1196.3134850216557
104674739.01114167,1197.5077114970932
104680135.26026028,1199.2834773910627
104685531.23913021,1201.4200811625533
104690926.953505,1203.388080370914
104696322.56379858,1205.5495229135454
104701717.85118218,1207.4314642550903
104707113.09559387,1208.929167215632
104712508.53393851,1210.3501988176358
104717903.99230304,1212.3283789356174
104723299.27870251,1214.206693674665
104728694.36251529,1216.0239552612957
104734089.27959852,1217.9739756223908
104739484.00232296,1219.6248701525092
104744878.5784363,1221.3052186713421
104750273.26101696,1223.0400807230087
104755668.08779594,1224.407477205843
104761062.83430639,1225.5578007210133
104766457.48553993,1227.2455192807743
104771851.87634423,1229.2640220235567
104777245.97945082,1231.1510906938138
104782640.00229736,1233.17083260205
104788033.69330667,1234.9905817017584
104793427.32786977,1236.4182202340612
104798821.14139938,1237.7732649279114
104804215.03186649,1239.6393842748164
104809608.71381134,1241.4767186379981
104815002.15769307,1243.1858802441889
104820395.4760595,1245.0505830986353
104825788.56012033,1246.6380831535691
104831181.5104895,1248.2369444576266
104836574.54150067,1249.8991312889825
104841967.72730246,1251.2090273100557
104847360.82827874,1252.3675968516504
104852753.83967584,1253.9683242512683
104858146.59121194,1255.8639438897399
104863539.04977214,1257.6994486429135
104868931.41824092,1259.5869912618723
104874323.47266847,1261.3521569197187
104879715.44725068,1262.7145345755102
104885107.60858738,1264.0383735859818
104890499.84334539,1265.7199964204726
104895891.86945981,1267.517631726058
104901283.61844952,1269.1943057927579
104906675.25992997,1270.9370909430154
104912066.67021944,1272.495223151334
104917457.93977937,1274.0089202162192
104922849.2877872,1275.6283576657147
104928240.7960703,1276.9062591040765
104933632.23372781,1278.0606024684835
104939023.54808111,1279.5851826930716
104944414.58943363,1281.3894476888424
104949805.36082178,1283.1621883523983
104955195.99716903,1284.9768128450212
104960586.35684046,1286.6681054871992
104965976.61415444,1287.9758550561903
104971367.07148959,1289.2628015955343
104976757.5307769,1290.7977174384077
104982147.84791493,1292.5195023968004
104987537.89813197,1294.2132160859542
104992927.78719488,1295.8612048002024
104998317.49869762,1297.3785522713229
105003707.03281713,1298.828350035084
105009096.64933552,1300.3732498024203
105014486.42299208,1301.6368057474629
105019876.14613144,1302.662868536073
105025265.71367455,1304.135275440054
105030655.00596675,1305.9211601830145
105036044.0085901,1307.6107894721938
105041432.87679319,1309.4314322643806
105046821.44844382,1311.0539371301672
105052209.91237554,1312.3276006047395
105057598.5673716,1313.5187768878757
105062987.21217012,1315.097047473394
105068375.694072,1316.7421968508056
105073763.9589805,1318.286493567186
105079152.02932772,1319.9095683344733
105084539.90712999,1321.2993773538499
105089927.62027614,1322.7181897675914
105095315.3761082,1324.145379520894
105100703.34575142,1325.3673355604863
105106091.1958141,1326.3131786711053
105111478.97776817,1327.697564048712
105116866.49753487,1329.3790110118225
105122253.69508454,1331.0002375448557
105127640.79207872,1332.6853494639613
105133027.58621751,1334.255533449584
105138414.23448125,1335.4742789720035
105143801.05999161,1336.6466017112386
105149187.94241369,1338.067872142261
105154574.63738137,1339.6907727552232
105159961.0449049,1341.1936048013388
105165347.30934174,1342.7311499620032
105170733.3720822,1344.1472977360918
105176119.26028743,1345.4823249373965
105181505.18385017,1346.887692970691
105186891.28838526,1348.1256657665117
105192277.32555161,1349.0718362383905
105197663.21257132,1350.3991381971578
105203048.82919112,1352.0399348402523
105208434.13979845,1353.5982982189603
105213819.31161176,1355.2825168318948
105219204.19953527,1356.7927924513453
105224588.92538415,1357.9831735670298
105229973.82591006,1359.0850624484112
105235358.74732028,1360.5305654756162
105240743.4797845,1362.0942957236578
105246127.97199848,1363.5001621885317
105251512.27709462,1364.9990165322695
105256896.3783135,1366.308002467613
105262280.32297766,1367.6136067941488
105267664.25292517,1368.9173239780962
105273048.39380462,1370.1096938607898
105278432.43540037,1370.9619020805308
105283816.3900277,1372.225822940474
105289200.07994339,1373.7711594789898
105294583.43609557,1375.2759206954408
105299966.67196254,1376.8614431766555
105305349.61727776,1378.3352354828555
105310732.36468431,1379.4839157712963
105316115.28272606,1380.557705204218
105321498.23146561,1381.858807412466
105326881.00529715,1383.407190680941
105332263.50505513,1384.7888930215886
105337645.8477558,1386.226972295062
105343027.97265148,1387.5531567844853
105348409.51993348,1387.8505465955284
105353793.42934613,1387.7098956889454
105359178.46717885,1385.2071028735468
105364563.52258407,1386.0460657828528
105369949.82996956,1383.539428284192
105375335.99599005,1385.014993978923
105380723.21116914,1382.7650287593124
105386110.44063367,1384.2903396034853
105391498.76376787,1382.0074279205526
105396887.05362405,1383.1286912768403
105402276.83513671,1380.435392405304
105407666.83244278,1381.706910327085
105413058.01343031,1379.494222578302
105418449.19524406,1380.865039272654
105423841.46229851,1378.5247281468633
105429233.78144409,1379.775304932693
105434627.20104758,1377.2524262517238
105440020.84679452,1378.4589489911568
105445415.99026033,1375.9023830961028
105450811.32190254,1376.6597416183934
105456207.82581317,1374.0965714232261
105461604.37783042,1375.5725839903039
105467001.85060687,1373.2820536683241
105472399.50131862,1374.8104576397334
105477798.1426534,1372.503150543081
105483196.87982717,1373.602402911889
105488597.0357056,1370.8991058834197
105493997.54536922,1372.1833289994636
105499399.15127869,1369.973421770282
105504800.84716924,1371.2941022489204
105510203.6084551,1368.9713735975777
105515606.48698935,1370.191136081497
105521010.46770775,1367.6980080733322
105526414.72230323,1368.881925593667
105531820.48066382,1366.3706006732737
105537226.46619448,1367.1219074798437
105542633.64551683,1364.6218215442411
105548040.88438995,1366.0841887304323
105553449.0971913,1363.8606921986202
105558857.47452642,1365.3663645283239
105564266.91590321,1363.1348926693695
105569676.43681173,1364.2149406073863
105575087.45298302,1361.6094292161188
105580498.7505245,1362.842048167954
105585911.28416756,1360.737752153526
105591323.83824082,1362.087049158515
105596737.57499503,1359.8923778104809
105602151.35762616,1361.1334961290602
105607566.35613695,1358.784888995534
105612981.54538289,1359.9811521761521
105618398.364414,1357.618593901137
105623815.31098837,1358.4314059625567
105629233.57981384,1356.1276667429245
105634651.76812044,1357.5575220610083
105640069.71320449,1358.9650015517982
105645487.58341832,1360.4081911771755
105650905.26127066,1361.7725994532316
105656322.80929607,1362.8157979066698
105661740.571406,1363.8037498437386
105667158.42600213,1365.0194570457566
105672576.17015734,1366.4498034489557
105677993.70976923,1367.7087366761257
105683411.14969853,1369.048660569009
105688828.42956114,1370.224792254332
105694245.6162597,1371.375082716349
105699662.83755703,1372.5221457987689
105705080.3163323,1373.582121207834
105710497.7634852,1374.3460933457563
105715915.16960609,1375.4913904756545
105721332.37635288,1376.8962625100485
105726749.32709116,1378.2324318098424
105732166.20832027,1379.6638618270908
105737582.867287,1380.9409307861565
105742999.42961985,1381.9313314052392
105748416.199245,1382.871952003115
105753833.03636995,1384.1034522968787
105759249.75723444,1385.4490347014637
105764666.3008153,1386.6999893524676
105770082.69301991,1387.9635737875055
105775498.97605611,1389.1027784964092
105780915.12306647,1390.1898118320123
105786331.35006551,1391.3172414027233
105791747.79200669,1392.3284655992177
105797164.22537246,1393.142558813403
105802580.54783197,1394.2449598452035
105807996.66144173,1395.5690715611113
105813412.57315527,1396.8486412039776
105818828.39192885,1398.1615951706856
105824244.01562792,1399.3747458464354
105829659.55097555,1400.3076321820784
105835075.27986273,1401.221979798516
105840491.12259832,1402.3823483959839
105845906.81145746,1403.6800206018995
105851322.2945347,1404.829907994286
105856737.68276943,1406.0642066896864
105862152.91413228,1407.1125289992608
105867568.0511267,1408.16942596052
105872983.26861583,1409.2292936337292
105878398.72247547,1410.1509339705094
105883814.13904576,1410.8743848135787
105889229.49476379,1411.9458530951085
105894644.6352232,1413.2611441426204
105900059.54359874,1414.492168365845
105905474.36172663,1415.8146592030303
105910888.95747168,1416.961586714969
105916303.50143489,1417.8549437212378
105921718.24593815,1418.7295860305896
105927133.01093695,1419.843972189808
105932547.70482872,1421.070234618213
105937962.19304328,1422.2728881005792
105943376.54673599,1423.4241316465566
105948790.77580568,1424.479853372116
105954204.88643757,1425.4630146505
105959619.10563964,1426.5296710603811
105965033.49925153,1427.3903288760184
105970447.88645598,1428.1825228024115
105975862.15019359,1429.214691524795
105981276.19388211,1430.4332285462683
105986690.0528565,1431.6141954187042
105992103.81082283,1432.8181569275084
105997517.36204875,1433.9104275602206
106002930.87013426,1434.750151794475
106008344.56202713,1435.5932796733168
106013758.3465913,1436.6673339536105
106019171.99909277,1437.8426143051215
106024585.42092815,1438.9256641717986
106029998.7626055,1440.0674340988721
106035411.92693001,1441.043688596126
106040825.00643368,1441.9999941760716
106046238.18579805,1442.998648056319
106051651.53537273,1443.8102221703043
106057064.84311618,1444.5309960145253
106062478.0708731,1445.537290445394
106067891.08070931,1446.7407804478364
106073303.88449438,1447.8433382476505
106078716.61243033,1449.0517680647217
106084129.09736082,1450.0748232684318
106089541.57269073,1450.8817072778156
106094954.22372302,1451.651485234923
106100366.9115549,1452.774461640016
106105779.49065197,1453.857537555547
106111191.90146448,1454.9111261675898
106116604.16795191,1456.010736523109
106122016.30714528,1456.9338051806621
106127428.33936408,1457.8490185214018
106132840.51650983,1458.810872951222
106138252.83834937,1459.5984465173383
106143665.12639958,1460.274501403551
106149077.30472916,1461.251100138724
106154489.25867873,1462.4109589548898
106159901.03124519,1463.473603412559
106165312.71205407,1464.627459453549
106170724.14947142,1465.5901058403526
106176135.58939497,1466.3575993832487
106181547.22284447,1467.1569943343218
106186958.83796868,1468.24869646521
106192370.35050346,1469.286372393889
106197781.66930944,1470.294545481633
106203192.8467499,1471.300220081058
106208603.90609895,1472.1814989112895
106214014.85939568,1473.0331597132606
106219425.9768886,1473.959057914125
106224837.21306324,1474.666103646237
106230248.43926235,1475.3287228296476
106235659.55082849,1476.268176880332
106241070.4385975,1477.3803396622757
106246481.1463969,1478.4250298257532
106251891.76271594,1479.527017012236
106257302.13403152,1480.4652980456253
106262712.51402226,1481.1959409112671
106268123.04775545,1481.9351613856177
106273533.61903419,1482.9940036048201
106278944.07245487,1484.0264900503303
106284354.32796733,1484.9918202241909
106289764.4699097,1486.0042238709163
106295174.45193397,1486.8461655079789
106300584.33981913,1487.68379505248
106305994.38251571,1488.5749152013452
106311404.54685614,1489.2624785139333
106316814.67011268,1489.9098738709636
106322224.67771201,1490.8190132383215
106327634.45690772,1491.8852410153654
106333044.05543168,1492.8544219426797
106338453.57708846,1493.9064048375164
106343862.84249775,1494.7773886200673
106349272.14732607,1495.4720600319297
106354681.6174621,1496.160713088675
106360091.10220903,1497.1750976607368
106365500.44612814,1498.1170344403004
106370909.61332545,1499.0529411272103
106376318.6479425,1500.0269155183382
106381727.55230021,1500.839330006232
106387136.34951875,1501.628248461729
106392545.31989066,1502.4838881684827
106397954.39760129,1503.1389797681943
106403363.44982429,1503.779402494743
106408772.3750176,1504.6542578386652
106414181.07139796,1505.6705797468496
106419589.60978663,1506.6045089896631
106424998.04824138,1507.601309323548
106430406.24375834,1508.4208631259885
106435814.48078655,1509.0785850901682
106441222.88951157,1509.7829864804019
106446631.28567965,1510.7520794406903
106452039.55468725,1511.6466521086534
106457447.62266886,1512.5534768343095
106462855.55560009,1513.454490633434
106468263.37336141,1514.2426446535337
106473671.07803676,1514.9806139622447
106479078.96678962,1515.8053714195064
106484486.93962419,1516.3922801300716
106489894.90342975,1517.027511843806
106495302.73065345,1517.8711576005496
106500710.32200763,1518.8389205782023
106506117.76523381,1519.7656751090594
106511525.09822354,1520.7141308230803
106516932.19452715,1521.5089683113742
106522339.33265318,1522.1360522613968
106527746.62769428,1522.8156675752525
106533153.91276649,1523.737486339886
106538561.07845971,1524.6236168374655
106543968.02632348,1525.495495083434
106549374.86019258,1526.3526029454056
106554781.55870138,1527.1049608343676
106560188.1593348,1527.8096277820675
106565594.94741844,1528.6198824732678
106571001.80542651,1529.1594477156661
106576408.64812589,1529.779402484746
106581815.35672162,1530.594779425654
106587221.82342497,1531.5156373687591
106592628.13825174,1532.417618777053
106598034.34526147,1533.3253282986807
106603440.31247355,1534.0928960483322
106608846.32802002,1534.695095666886
106614252.48452155,1535.3314439707256
106619658.6575624,1536.2120313094651
106625064.69074555,1537.081662704752
106630470.49744761,1537.9153787566465
106635876.21126556,1538.7506808611142
106641281.76643395,1539.4611177389213
106646687.2388528,1540.1425295153272
106652092.88706985,1540.9275158986811
106657498.6131154,1541.4384112733471
106662904.29473382,1542.0375549533926
106668309.85622247,1542.8255117433673
106673715.17931074,1543.705825745213
106679120.3343606,1544.567496482548
106684525.39741373,1545.435839948952
106689930.20809445,1546.1725485685718
106695335.08156654,1546.747253950359
106700740.0853111,1547.3185002718155
106706145.13444184,1548.1672152302367
106711550.01542851,1549.0083877587335
106716954.68468578,1549.8064938550183
106722359.26465209,1550.6391544901055
106727763.67392677,1551.3143901732865
106733168.00229311,1551.9828544954742
106738572.49951957,1552.7281998494811
106743977.08423312,1553.241087203108
106749381.59114188,1553.8143599685945
106754785.98382983,1554.573347163951
106760190.1446124,1555.4195359073478
106765594.1315511,1556.2214659615272
106770998.0394871,1557.0523258947617
106776401.68301715,1557.743005136794
106781805.40678501,1558.2884420900862
106787209.27375585,1558.8178923177759
106792613.16824296,1559.6491019383561
106798016.87706128,1560.4299357450923
106803420.39862941,1561.199424255299
106808823.80596706,1562.006435796486
106814227.0657855,1562.655410540114
106819630.23311123,1563.2952119248073
106825033.58107054,1563.998529890158
106830437.00960463,1564.5062251100103
106835840.36015882,1565.05177814251
106841243.59212026,1565.7799186697562
106846646.59322962,1566.5959673157656
106852049.43245263,1567.3554587189578
106857452.18344219,1568.1522412480008
106862854.67138243,1568.7993791859765
106868257.242541,1569.3153573959603
106873659.97078991,1569.8410696819049
106879062.68829837,1570.6505879934227
106884465.22719699,1571.3800200398873
106889867.58337806,1572.1272197979376
106895269.80462255,1572.8884646486706
106900671.90023972,1573.5168267610707
106906073.89308223,1574.1197319540438
106911476.07930888,1574.7886427584733
106916878.33418764,1575.2701688760062
106922280.52761677,1575.7924068659863
106927682.59327161,1576.4909076927252
106933084.4243546,1577.2765182494504
106938486.10585648,1578.0093489605213
106943887.6859195,1578.7740043634612
106949289.0096755,1579.3884685316534
106954690.41259621,1579.877328586123
106960091.97577418,1580.399462195563
106965493.50351219,1581.1757618681509
106970894.86691421,1581.871272679781
106976296.04135673,1582.5962686016114
106981697.07362574,1583.3163743110645
106987097.98795578,1583.9235373807064
106992498.79529777,1584.4936558117015
106997899.80107751,1585.1348313212975
107003300.8681014,1585.5870804903589
107008701.88438874,1586.0886692864535
107014102.76647331,1586.7589958755316
107019503.4104501,1587.514122922877
107024903.91057965,1588.2223297166772
107030304.30161916,1588.9565808065402
107035704.44052933,1589.5440485146319
107041104.65517321,1590.008790514153
107046505.0280685,1590.515124442821
107051905.35801953,1591.2590384807083
107057305.52731876,1591.9280617930012
107062705.50278527,1592.628657655509
107068105.33470361,1593.3183437633252
107073505.0489317,1593.901935319968
107078904.6551031,1594.4460932117659
107084304.458474,1595.0615728269981
107089704.32161458,1595.4911891740273
107095104.1329293,1595.9721611061336
107100503.80894616,1596.615385657375
107105903.24580103,1597.3412927705522
107111302.53773704,1598.021582413768
107116701.71989603,1598.7271679707358
107122100.64899291,1599.2898803155247
107127499.65302616,1599.733056409082
107132898.81230792,1600.2110700353728
107138297.93280385,1600.9271014412163
107143696.88559437,1601.5723375238415
107149095.64498897,1602.24623139859
107154494.26174535,1602.91604231328
107159892.75672457,1603.4737269451468
107165291.14466089,1603.9987325339741
107170689.72328053,1604.589417609386
107176088.36592473,1605.003830928758
107181486.94362518,1605.4641481711765
107186885.39029303,1606.081275772148
107192283.5992279,1606.7789210060391
107197681.655136,1607.4286111077226
107203079.60764514,1608.1068284399876
107208477.30148688,1608.647896850901
107213875.07175209,1609.0721343486377
107219272.99063842,1609.5093776663987
107224670.89040856,1610.1996798566304
107230068.60445605,1610.8279940188997
107235466.12703666,1611.4726393035344
107240863.51554476,1612.132287714063
107246260.76853293,1612.661929437541
107251657.92028922,1613.1737226062382
107257055.24945028,1613.7435716313166
107262452.65179637,1614.1427504385033
107267849.9676606,1614.5854082934413
107273247.16005355,1615.1778331965616
107278644.11627695,1615.8463234417056
107284040.90492009,1616.4699728994924
107289437.601379,1617.1213645535202
107294834.03345591,1617.6485621186243
107300230.54118818,1618.0559419003066
107305627.18067622,1618.448092877544
107311023.83644389,1619.1015729384023
107316420.29516807,1619.7291121761887
107321816.5538732,1620.3449497011336
107327212.70093739,1620.9938739668683
107332608.68462113,1621.496760755691
107338004.57784404,1621.993911689568
107343400.63081226,1622.5497890019471
107348796.76382624,1622.9165842198104
107354192.79853223,1623.3472266640208
107359588.71445468,1623.9161340770981
107364984.39120655,1624.5549763260906
107370379.88902622,1625.1703578520403
107375775.2968711,1625.7967369117202
107381170.44435526,1626.3178267699473
107386565.65382287,1626.7084484875088
107391960.97476816,1627.0847177857222
107397356.33896029,1627.6945668681287
107402751.51627891,1628.3263375642878
107408146.4657995,1628.919505701345
107413541.3218488,1629.5327769488122
107418935.99816966,1630.0146302284331
107424330.58845802,1630.4818180602324
107429725.33045964,1631.0269575437421
107435120.14566119,1631.349959009294
107440514.8813356,1631.7683281344475
107445909.49401256,1632.3117347266573
107451303.85899276,1632.924889822825
107456698.05333123,1633.535241613602
107462092.13757114,1634.1409486002353
107467485.97457713,1634.645955806874
107472879.85331394,1635.0197595359764
107478273.84308113,1635.4062810491994
107483667.86043862,1635.9818669434692
107489061.70756899,1636.5913604688913
107494455.3097003,1637.1681949176166
107499848.81050918,1637.7412155901409
107505242.14490718,1638.209820632213
107510635.38322662,1638.6468399276105
107516028.77664652,1639.1744452564437
107521422.23165631,1639.4782168849836
107526815.63520283,1639.8767061266635
107532208.89790301,1640.3931584287425
107537601.90629606,1640.9877456369202
107542994.75698203,1641.5764812096936
107548387.48198842,1642.1629067815663
107553779.9692132,1642.6441548183386
107559172.48312443,1642.9992255860436
107564565.1194434,1643.3816206936679
107569957.75114994,1643.9367092751515
107575350.23243104,1644.5105217625492
107580742.4712199,1645.071285973108
107586134.58295067,1645.6153322690536
107591526.55199485,1646.0743703751136
107596918.40537758,1646.4893346520312
107602310.4134027,1646.9791493047726
107607702.48523462,1647.2807389020725
107613094.51459828,1647.6532417592337
107618486.3973349,1648.1445886504057
107623878.03168781,1648.7246966238877
107629269.50774048,1649.2758328175328
107634660.85746069,1649.8418372443462
107640051.96534704,1650.2930008300623
107645443.09503704,1650.6296432232775
107650834.36652514,1650.9920640951766
107656225.61827885,1651.5329334023452
107661616.70123854,1652.0605970252946
107667007.55932735,1652.599524125993
107672398.27228265,1653.142682442251
107677788.84968248,1653.5812017480785
107683179.30640158,1653.9863974238356
107688569.90950567,1654.449770479126
107693960.5913444,1654.7761757983187
107699351.2050632,1655.1235962182704
107704741.68067028,1655.5937911483768
107710131.91175732,1656.1543640088935
107715521.96896334,1656.6560501410886
107720911.91844688,1657.2053416716685
107726301.61217333,1657.6378348974633
107731691.32787664,1657.9617222790553
107737081.18002665,1658.2638092088914
107742471.04136115,1658.7804638895595
107747860.72004,1659.3065839211922
107753250.18496498,1659.8197792480084
107758639.52501142,1660.3714637762887
107764028.6909311,1660.7885880016897
107769417.75065726,1661.1936357678385
107774806.93148436,1661.6349636130496
107780196.2053396,1661.9455107807703
107785585.39310339,1662.2682214695512
107790974.44851266,1662.7166688489588
107796363.26263933,1663.2582983511757
107801751.88387646,1663.7630555367316
107807140.40232694,1664.2951354193356
107812528.66728403,1664.7343977812131
107817916.92130217,1665.0463960374857
107823305.30505402,1665.3641692061453
107828693.70556234,1665.859513318154
107834081.93914978,1666.3882448269028
107839469.91634634,1666.8703771953963
107844857.76957186,1667.3641378570408
107850245.4601025,1667.7632160067592
107855633.03969495,1668.1323684240042
107861020.74335574,1668.5502785428362
107866408.54002063,1668.847821069304
107871796.26673172,1669.150302088729
107877183.8639977,1669.577015327182
107882571.22240153,1670.0997868744544
107887958.39232531,1670.5828874814708
107893345.44231963,1671.0985452514565
107898732.23957819,1671.507735807575
107904119.0144112,1671.8070218307466
107909505.9455798,1672.104330800181
107914892.85849026,1672.572846793678
107920279.5944265,1673.0510470557228
107925666.10185318,1673.516107416073
107931052.46382229,1674.0098597581846
107936438.68030575,1674.3963174155745
107941824.78384624,1674.767396906379
107947210.98757793,1675.163821226254
107952597.30399083,1675.475101031504
107957983.52206679,1675.7562899344532
107963369.61542346,1676.164617314862
107968755.46502282,1676.6700199889901
107974141.10742627,1677.1173715970579
107979526.64867175,1677.617669240708
107984911.93314846,1678.0192914041872
107990296.97166151,1677.8883482585088
107995684.23459297,1676.7670439315045
108001072.06913793,1674.8436421260362
108006460.32439649,1675.3247638314162
108011849.24306192,1673.4056163874093
108017238.65941025,1673.9004635573674
108022628.76539461,1671.906575916844
108028019.40597391,1672.2574187456903
108033410.98911577,1670.2639698202704
108038803.35071605,1670.5428731588454
108044196.49154834,1668.4304700071127
108049590.18767096,1668.8038637593045
108054984.49870726,1666.9285647593263
108060379.28934605,1667.358948005622
108065774.81939268,1665.4813138370791
108071170.80588876,1665.8639769360593
108076567.56944996,1663.7734163116788
108081965.18555254,1664.00880387866
108087363.66389993,1662.0695129019143
108092762.69195008,1662.5333776271762
108098162.31540555,1660.604266352859
108103562.21825157,1659.5225577548729
108108963.93419476,1659.5664071272192
108114365.10918432,1658.3502835916993
108119768.18043014,1658.0498346831223
108125173.2818505,1656.8618964995287
108130578.82138237,1654.7278392578735
108135984.9639805,1655.0707957020436
108141391.7471457,1653.1940158001992
108146799.03044657,1653.5949346705377
108152207.09705406,1651.7163977421665
108157615.61798267,1652.0682306346416
108163024.98928158,1649.9709545329674
108168435.1790563,1650.1648829909332
108173846.32108366,1648.2390570751916
108179257.96783963,1648.6664313077717
108184670.3316549,1646.7396741124837
108190083.21692228,1647.1797238461745
108195496.88413924,1645.1792304916537
108200911.07765712,1645.4793777807147
108206326.33967143,1643.4848668249533
108211742.32262284,1643.7113798948105
108217159.23523165,1641.6014032489743
108222576.61471985,1641.9355234379516
108227994.80370776,1640.082384550786
108233413.35792881,1640.4587848601304
108238832.88392882,1638.6064072923662
108244252.69472903,1638.9212207868604
108249673.5946472,1636.8523731776859
108255095.14242348,1637.0515275808914
108260517.81568898,1635.1816832768077
108265940.79791759,1635.5707885047573
108271364.74040818,1633.697678168106
108276788.97438227,1634.0793511682266
108282213.11709717,1634.3698840758898
108287637.19548,1634.6330084991398
108293061.44514114,1634.9353518245268
108298485.82406709,1635.1128707620364
108303910.19195792,1635.3008146410834
108309334.47859535,1635.628099456261
108314758.5801314,1636.0524098875533
108320182.53886473,1636.4345196611707
108325606.44213918,1636.8456604126216
108331030.14116865,1637.151487187308
108336453.89571431,1637.3366425404201
108341877.81892142,1637.5025002840835
108347301.79752733,1637.8838554007443
108352725.64800927,1638.2589656330579
108358149.3393684,1638.633967692759
108363572.93025708,1639.0234888627433
108368996.42798805,1639.30386873799
108374419.85083814,1639.5499642894206
108379843.46289821,1639.844746135152
108385267.18268597,1639.9906001645463
108390690.90233347,1640.190115502577
108396114.52208231,1640.5071362337276
108401537.94070962,1640.9048061299213
108406961.24558415,1641.2890657737098
108412384.46599153,1641.6725370921968
108417807.49755311,1641.9595858784453
108423230.59852068,1642.128330945869
108428653.846202,1642.3074215349734
108434077.15261443,1642.6644063026836
108439500.32388756,1643.0581738494377
108444923.30398835,1643.4150193639034
108450346.2248172,1643.786514492589
108455769.01247708,1644.0391215331183
108461191.75067657,1644.2845916682631
108466614.6755806,1644.5707395703384
108472037.70866787,1644.7095596354732
108477460.69015808,1644.8964615545488
108482883.58502081,1645.2075900920843
108488306.2835359,1645.5880459592963
108493728.87505293,1645.9355570737557
108499151.38507745,1646.2980635627732
108504573.70242946,1646.5472160344398
108509996.11725056,1646.6911372045085
108515418.6776805,1646.8838709564152
108520841.25546895,1647.2338615506096
108526263.71522571,1647.6051218041753
108531685.96730313,1647.9543987548227
108537108.16618666,1648.2947037918477
108542530.23025529,1648.5342864912702
108547952.25192505,1648.7560826165334
108553374.47402863,1649.0415045800162
108558796.79176971,1649.1389423661665
108564219.05273432,1649.3347381989252
108569641.21997792,1649.6397665732982
108575063.18404023,1649.9984385692683
108580485.03347327,1650.337900085875
108585906.81005363,1650.6809755030606
108591328.38169248,1650.904015782348
108596750.09041433,1651.0352696730051
108602171.96121447,1651.194760027202
108607593.80677152,1651.5527413635493
108613015.53827342,1651.8694371391086
108618437.10127343,1652.221617189417
108623858.55286866,1652.5272798996027
108629279.92484798,1652.7689577658741
108634701.23620687,1652.9610738743652
108640122.78750405,1653.2215085348548
108645544.36744756,1653.2935155223822
108650965.94234374,1653.49756214303
108656387.38744105,1653.795818752145
108661808.61592034,1654.1168714102653
108667229.77890435,1654.4578719912006
108672650.82946679,1654.7667151604921
108678071.70050578,1654.967762397922
108683492.7265617,1655.093205006917
108688913.8653791,1655.264620931491
108694334.99781531,1655.6057899337334
108699755.99057084,1655.9039758370895
108705176.81106478,1656.2062675043187
108710597.548352,1656.490126329054
108716018.19866584,1656.6925960041267
108721438.82275857,1656.868110346989
108726859.68649277,1657.1025721693704
108732280.58642378,1657.1546218473427
108737701.4664093,1657.3226435081135
108743122.23921567,1657.6134957141767
108748542.7938783,1657.9361277201924
108753963.27884132,1658.2654543028611
108759383.63696459,1658.569610590517
108764803.82265443,1658.747984340104
108770224.16722116,1658.8410679544531
108775644.6379413,1659.003052362402
108781065.07511656,1659.3205041567458
108786485.39654173,1659.6084447654846
108791905.54758507,1659.9337762982418
108797325.6072011,1660.2057902087479
108802745.5693037,1660.4089587597673
108808165.5113265,1660.5724262456295
108813585.69400023,1660.8003693727103
108819005.89468259,1660.8417573998513
108824426.06514515,1661.0195807787668
108829846.11933191,1661.3004804142417
108835265.96771383,1661.5935861640837
108840685.7413006,1661.9034794282416
108846105.40163916,1662.1843643468164
108851524.88441338,1662.3427370277711
108856944.54126048,1662.4367711139425
108862364.30345802,1662.5724455162724
108867784.04312262,1662.9189599180988
108873203.62297848,1663.1904469935773
108878623.06926082,1663.479180208941
108884042.39697295,1663.7264438123718
108889461.65322575,1663.9152204238185
108894880.88353322,1664.067013778671
108900300.35842642,1664.2596734773692
108905719.82973827,1664.2980244381636
108911139.29537675,1664.4626964446686
108916558.61452267,1664.7375606837734
108921977.70241721,1665.015254290781
108927396.75425094,1665.3106896209856
108932815.6519658,1665.570812141842
108938234.41377065,1665.7010942357008
108943653.36395347,1665.7664595326917
108949072.4066913,1665.932751614236
108954491.39927275,1666.214374016073
108959910.24987784,1666.4800943737973
108965328.9329339,1666.7526018953736
108970747.54251032,1666.9914298500298
108976166.04688956,1667.149141590722
108981584.56435207,1667.2911895520117
108987003.31417364,1667.4640346681529
108992422.09677576,1667.4781585100247
108997840.83306393,1667.6193786931105
109003259.44106248,1667.878589629332
109008677.83737627,1668.1517675310017
109014096.16868088,1668.437365049491
109019514.35560124,1668.6953457433324
109024932.3977904,1668.808403515355
109030350.63314182,1668.8498867750664
109035768.99329622,1668.9933462199965
109041187.2602592,1669.2849396656397
109046605.39825387,1669.5188700331041
109052023.39441483,1669.8124146118441
109057441.28048612,1670.0110289912805
109062859.07898697,1670.1767305337696
109068276.90246218,1670.2947045530664
109073694.95304997,1670.4891324798903
109079112.99618237,1670.47552532946
109084530.99320753,1670.6409539307629
109089948.84928085,1670.8994717124665
109095366.50215596,1671.128094537876
109100784.09232211,1671.4016663855027
109106201.54767877,1671.615209097386
109111618.87609649,1671.709757156137
109117036.39788854,1671.7641425423467
109122453.98334256,1671.8902889869798
109127871.5577279,1672.1570375199615
109133288.94567062,1672.4028216707545
109138706.19030453,1672.6400733467972
109144123.35334715,1672.8423007725903
109149540.41859804,1672.9750806158213
109154957.53292401,1673.0924927000285
109160374.84870514,1673.236110311419
109165792.17135121,1673.237592625337
109171209.42316228,1673.3820105322534
109176626.53155969,1673.6173064273885
109182043.45731407,1673.8380872898895
109187460.32009177,1674.0921766403105
109192877.03145944,1674.28574480627
109198293.63188998,1674.3574052106073
109203710.43225388,1674.398343608714
109209127.31192711,1674.549480150399
109214544.1208617,1674.7984665103827
109219960.7463513,1675.0073576554398
109225377.23782267,1675.231092857658
109230793.63777128,1675.3814476880643
109236209.96372238,1675.499288116384
109241626.34760891,1675.5905318185644
109247042.94414651,1675.710450456923
109252459.5377534,1675.6722523431486
109257876.07896036,1675.806198434239
109263292.47448754,1676.0540174421876
109268708.67709489,1676.2588208346197
109274124.80913377,1676.5147583831017
109279540.7848687,1676.6887316392604
109284956.66572945,1676.748171233251
109290372.74418272,1676.7757427519637
109295788.8673224,1676.9077240360323
109301204.95709349,1677.1402306311606
109306620.86285979,1677.3727838430489
109312036.62676397,1677.590485841373
109317452.29935879,1677.7517405142094
109322867.87580663,1677.8585509390907
109328283.52601896,1677.9560869646148
109333699.36323899,1678.0556950375967
109339115.1982351,1678.04655553973
109344530.95502968,1678.1695951025351
109349946.55417867,1678.3824121249513
109355361.98068784,1678.56741994167
109360777.34929796,1678.7858360014616
109366192.55362001,1678.9412248525155
109371607.68323116,1678.9799720067185
109377023.00706832,1678.9823308757348
109382438.40410686,1679.129907554554
109387853.7145706,1679.3415186985685
109393268.84171961,1679.5215455809207
109398683.85106334,1679.736763073678
109404098.75139795,1679.8567345417434
109409513.57655594,1679.9539135518276
109414928.47916281,1680.0253585361636
109420343.57131797,1680.106203843136
109425758.65672228,1680.0455345290802
109431173.67997615,1680.1606364208264
109436588.53526932,1680.386390392524
109442003.20703393,1680.556266485384
109447417.80688636,1680.7934738385318
109452832.23120865,1680.9284372332988
109458246.59923679,1680.9584459837379
109463661.17310119,1680.9526535278208
109469075.76169732,1681.0859191866691
109474490.30385624,1681.270734803762
109479904.66515693,1681.4782824462002
109485318.88019216,1681.6694162413319
109490733.01231481,1681.7952551823255
109496147.04092205,1681.8651509971364
109501561.17790307,1681.9452736491141
109506975.4651879,1682.0010803953048
109512389.775926,1681.9707242300026
109517803.97445768,1682.068921026406
109523217.9990901,1682.2653869116893
109528631.8813194,1682.4205981123546
109534045.68253465,1682.6136208521236
109539459.32814352,1682.732675855422
109544872.92374544,1682.7434588321805
109550286.7065545,1682.7296158369336
109555700.55157335,1682.842086734026
109561114.2952349,1683.032449637063
109566527.84124324,1683.1874918195435
109571941.29521544,1683.3820663855793
109577354.6212841,1683.4642915635652
109582767.87705128,1683.5359582847352
109588181.23975909,1683.5902132550161
109593594.77806476,1683.6138610654489
109599008.30934441,1683.5421671367935
109604421.7836155,1683.6300652265265
109609835.0812189,1683.8333397388062
109615248.19905768,1683.9785207539396
109620661.248782,1684.1896509705434
109626074.10400341,1684.2894940964115
109631486.93746555,1684.2896929117417
109636899.97126733,1684.252682653882
109642313.01027873,1684.3774855644033
109647725.98951654,1684.5240499063902
109653138.7886798,1684.7147712744018
109658551.44379312,1684.8794382478782
109663964.01155512,1684.9743880698784
109669376.47501017,1685.0137858394605
109674789.06867829,1685.081687633007
109680201.7910621,1685.0906379713858
109685614.5316629,1685.0559984270255
109691027.15671417,1685.1372751503134
109696439.59264006,1685.307403860898
109701851.89004509,1685.444581699442
109707264.09575343,1685.6114810423662
109712676.13224201,1685.700654573517
109718088.15155403,1685.6811819681282
109723500.3517742,1685.6430086951666
109728912.61528198,1685.7228847939305
109734324.75798443,1685.8918120111746
109739736.69462039,1686.0286090477036
109745148.55961467,1686.1887789342968
109750560.29088598,1686.2391666532842
109755971.95658876,1686.2781844336573
109761383.7563791,1686.3249393379488
109766795.70228843,1686.2925079950082
109772207.61846003,1686.238821857471
109777619.46830134,1686.3026202614215
109783031.13407278,1686.4666463974354
109788442.63697919,1686.5837550589486
109793854.0868074,1686.7437410915797
109799265.33022912,1686.8110872516877
109804676.5825755,1686.7774723808525
109810088.0064197,1686.700440332904
109815499.49626444,1686.8182936164283
109820910.84467724,1686.953278973272
109826322.02520016,1687.0653201755522
109831733.10893594,1687.2190762527553
109837144.0748636,1687.254361741747
109842554.97270815,1687.281939291976
109847966.01831971,1687.3195230056276
109853377.20274144,1687.2788785302134
109858788.34076479,1687.218862875204
109864199.40980221,1687.2754158091695
109869610.28834638,1687.426270318092
109875021.01725802,1687.5334461831746
109880431.67958398,1687.6788513646966
109885842.13457872,1687.7237536360567
109891252.61148612,1687.6766074189716
109896663.27542907,1687.6206106064806
109902073.95196755,1687.7316966012083
109907484.49219427,1687.849165077269
109912894.85175957,1687.9490783902856
109918305.11061284,1688.058058162009
109923715.27152169,1688.0784930405816
109929125.36004958,1688.0767942827606
109934535.6222295,1688.105555276701
109939946.00449874,1688.0290862836619
109945356.36226983,1687.9621660353262
109950766.64643697,1688.007040132209
109956176.73970492,1688.1446217355342
109961586.68690762,1688.2571351254608
109966996.55845882,1688.3881021564303
109972406.2234004,1688.4305131049389
109977815.90964404,1688.3700301996319
109983225.7640086,1688.312384991799
109988635.64647482,1688.4169414616458
109994045.39151025,1688.5464554534112
109999454.93583807,1688.6340366304744
110004864.39905095,1688.7403002234937
110010273.73299776,1688.7465103957102
110015683.00150429,1688.737329522799
110021092.43912259,1688.7562637270823
110026501.98949437,1688.6527934391409
110031911.51359501,1688.578252131075
110037320.96035185,1688.6134356647008
110042730.21241848,1688.7377732668415
110048139.31300394,1688.8343446687504
110053548.35026069,1688.9511114806685
110058957.17261611,1688.9811900277114
110064366.03369378,1688.907303266715
110069775.04351489,1688.806292887905
110075184.10972533,1688.9009647985633
110080593.02420121,1689.0180608077098
110086001.75625265,1689.099904604992
110091410.40701404,1689.2189276181039
110096818.91727382,1689.2145987403528
110102227.35872415,1689.2028118556777
110107635.973249,1689.21417314554
110113044.69547223,1689.112982002289
110118453.37271549,1689.0331019186347
110123861.96561149,1689.0576874926576
110129270.35736416,1689.166309227772
110134678.60858446,1689.2327441441016
110140086.79617426,1689.3325384294374
110145494.76750998,1689.3323926454798
110150902.79972957,1689.2430001970115
110156310.99814767,1689.1318998069848
110161719.21534547,1689.2109659831265
110167127.27924886,1689.2843703356339
110172535.1762581,1689.3613449322215
110177942.9659576,1689.4550600681202
110183350.65102887,1689.4410139738047
110188758.25541951,1689.4041938526173
110194166.05113721,1689.4051563601176
110199573.93577172,1689.277109454139
110204981.79820934,1689.1930954100944
110210389.57065752,1689.2051262681148
110215797.13731135,1689.299446726406
110221204.57897007,1689.3682668075598
110226611.93277448,1689.4523392630274
110232019.07902193,1689.4392665962778
110237426.28371531,1689.3347197073417
110242833.65009677,1689.239475393918
110248241.01741676,1689.3072254819085
110253648.24533822,1689.3779524891886
110259055.2826984,1689.4440107678815
110264462.21846029,1689.503043170103
110269869.05134843,1689.4782438239647
110275275.80434649,1689.4224953468138
110280682.75277005,1689.4164753869404
110286089.77879475,1689.2446650179759
110291496.795494,1689.153635547468
110296903.71428785,1689.1561258889121
110302310.41838472,1689.2342508169227
110307716.9970541,1689.3123098078909
110313123.48250566,1689.3826343329183
110318529.76141155,1689.3681178508434
110323936.10034105,1689.2526147555623
110329342.57880074,1689.1356446084837
110334749.08157164,1689.1835940306466
110340155.44363312,1689.2657122671365
110345561.60245048,1689.3173877518125
110350967.68263131,1689.3700256700922
110356373.6337174,1689.3257616476717
110361779.5185689,1689.2633906466067
110367185.5937189,1689.2576988377562
110372591.74495292,1689.068016075494
110377997.86285461,1688.9696895561904
110383403.89136696,1688.9638710991683
110388809.70448308,1689.0246424931725
110394215.37891367,1689.0897569799586
110399620.97389187,1689.1464366492096
110405026.35007925,1689.1226864440678
110410431.80026841,1688.996068704269
110415837.38003507,1688.8450033388713
110421243.0108038,1688.8842447268253
110426648.47053099,1688.959119973434
110432053.7370117,1688.9934963713442
110437458.93259457,1689.0506003083642
110442863.98297283,1688.9868403296387
110448268.97340538,1688.9208895076117
110453674.15023892,1688.8967829908884
110459079.41006953,1688.7033011531803
110464484.60934193,1688.5907153318985
110469889.73092955,1688.5753332199697
110475294.64398472,1688.623889085253
110480699.40725,1688.6666357032827
110486104.10593131,1688.7082138764224
110491508.57237674,1688.6675392961354
110496913.12623864,1688.5260845676473
110502317.81312492,1688.345788145123
110507722.54692008,1688.3877575484582
110513127.09686868,1688.4405557628115
110518531.47233233,1688.4625075733757
110523935.76319043,1688.5157729773277
110529339.91395436,1688.4410628688274
110534743.99931937,1688.367960107408
110540148.27620439,1688.3187281337352
110545552.63750665,1688.1251611025157
110550956.93337663,1687.9924841717907
110556361.14663273,1687.9647331622607
110561765.15317082,1688.004880899684
110567169.01197055,1688.0256115241812
110572572.8074638,1688.0549004259492
110577976.36585854,1687.9938264346538
110583380.01920532,1687.8366864290695
110588783.82008362,1687.6470271280402
110594187.63379562,1687.6910476178866
110599591.26098463,1687.7156490326365
110604994.72616452,1687.7316480818647
110610398.08917397,1687.7701506306576
110615801.32747571,1687.6884649586082
110621204.49103342,1687.6007050918847
110626607.85678057,1687.533572479233
110632011.29955253,1687.3346876361338
110637414.68897898,1687.183821059058
110642817.98461846,1687.1424061425394
110648221.06925644,1687.173578969178
110653624.0171219,1687.1766946817954
110659026.89064267,1687.195703469823
110664429.52945542,1687.1147932056447
110669832.26510221,1686.9427041345186
110675235.15760337,1686.753478954398
110680638.03486773,1686.7888685111197
110686040.7323271,1686.7865444907416
110691443.26839224,1686.7932986864196
110696845.69185874,1686.8098280042293
110702248.00568786,1686.7202664048582
110707650.23741488,1686.6124051290874
110713052.68137205,1686.5333774965377
110718455.19117655,1686.3188401180928
110723857.66536787,1686.1538610019406
110729260.0372716,1686.0992464092342
110734662.19155423,1686.1196425393396
110740064.2205563,1686.1119478862527
110745466.16005313,1686.1206197912763
110750867.86977085,1686.0235273341755
110756269.6739848,1685.8372689929113
110761671.6387982,1685.6490431183843
110767073.57132049,1685.668478738393
110772475.33407006,1685.6466607897244
110777876.92868856,1685.6441458523261
110783278.40443772,1685.6378982379842
110788679.77836843,1685.5384785835104
110794081.06645878,1685.410576879469
110799482.57251823,1685.3213303551206
110804884.1354465,1685.0847707153398
110810285.67680982,1684.9077280079978
110815687.11087197,1684.8407519557227
110821088.32140471,1684.8493471903623
110826489.41325045,1684.8343568157916
110831890.4041481,1684.8320986368694
110837291.16860884,1684.7222055159918
110842692.02422334,1684.5224301646547
110848093.04038952,1684.3344680930718
110853494.01436417,1684.3380161551072
110858894.82408562,1684.3027451090466
110864295.4587457,1684.2906270229432
110869695.97103173,1684.2658777789024
110875096.38279937,1684.155078807703
110880496.70706528,1684.0105202509048
110885897.25131881,1683.9103999273589
110891297.84709801,1683.6533319144878
110896698.42808028,1683.4638998871185
110902098.89898784,1683.3846598597136
110907499.14249356,1683.3814149030295
110912899.26906559,1683.3576683863294
110918299.28902999,1683.3442316010135
110923699.08265142,1683.2224883222223
110929098.96530153,1683.009777113719
110934499.00746635,1682.8132323574725
110939899.00390679,1682.8041478688401
110945298.8362959,1682.756487112067
110950698.4906434,1682.732810749358
110956098.02061525,1682.694604545777
110961497.44911878,1682.5713968903658
110966896.78870487,1682.413795308568
110972296.34854786,1682.3012320536022
110977695.95735936,1682.0292686901657
110983095.55147946,1681.8257072673916
110988495.03434904,1681.733682965817
110993894.28817905,1681.7190836551104
110999293.42326881,1681.6828659977198
111004692.45129007,1681.6582852689758
111010091.24960765,1681.52428034168
111015490.13655195,1681.2991371478756
111020889.18308507,1681.0855092407307
111026288.18277565,1681.0668560608467
111031687.01452115,1681.0058684940598
111037085.6700968,1680.967956631503
111042484.2006771,1680.9212096277686
111047882.62795189,1680.7846758161284
111053280.96474421,1680.6175813370573
111058679.52073683,1680.4907905593445
111064078.12588948,1680.2098188114007
111069476.70984116,1679.9902097650404
111074875.18293379,1679.8848588429046
111080273.42768727,1679.8593002283828
111085671.54786272,1679.807263772862
111091069.56609412,1679.7714178785084
111096467.3477886,1679.6253602275312
111101865.21920387,1679.3883062418374
111107263.24972233,1679.1484146513956
111112661.23798911,1679.1237081872976
111118059.04952729,1679.0510110734706
111123456.69073948,1678.9974317342746
111128854.20800065,1678.9473615199315
111134251.61633977,1678.796142298628
111139648.93378201,1678.6232534925864
111145046.46650657,1678.4808702245657
111150444.05219968,1678.1931958879748
111155841.60266131,1677.956733631381
111161239.04517817,1677.8381440637893
111166636.26230519,1677.801327046955
111172033.34347415,1677.7334613939372
111177430.33363903,1677.6857626236615
111182827.07766643,1677.5300915598536
111188223.91250488,1677.281835980982
111193620.90344192,1677.0177673183528
111199017.8605045,1676.987809698407
111204414.62781383,1676.9097948223935
111209811.22995812,1676.8405380459276
111215207.71191531,1676.7902409360186
111220604.07190461,1676.622015595239
111226000.34363092,1676.4449694770954
111231396.82237537,1676.2876551723482
111236793.36035548,1675.9882483843435
111242189.84382923,1675.7367039338035
111247586.2269603,1675.605678907614
111252982.38837695,1675.5560671651867
111258378.39826478,1675.4771243330322
111263774.32964121,1675.4168912300183
111269170.00520906,1675.25549337685
111274565.76991464,1674.9971949774542
111279961.6812642,1674.703345347596
111285357.58336914,1674.6602086161517
111290753.28514142,1674.583862094857
111296148.8192395,1674.4974592517733
111301544.24107279,1674.4444501508788
111306939.52153628,1674.2565032515186
111312334.71965349,1674.0718245994494
111317730.11403607,1673.9056490612281
111323125.57143068,1673.5846874196773
111328520.95827928,1673.3227874521049
111333916.25597341,1673.1795521170436
111339311.33215526,1673.1147075197057
111344706.24330638,1673.0311974825306
111350101.08108006,1672.9593021490248
111355495.65843043,1672.7949980959133
111360890.31775196,1672.5279260868147
111366285.10638824,1672.2105952412437
111371679.92048481,1672.1413008274874
111377074.5336569,1672.0695601980724
111382468.9620991,1671.9635812688423
111387863.29602474,1671.8976305418018
111393257.47063465,1671.6915108301162
111398651.56855775,1671.4913932851205
111404045.85600321,1671.3262055101736
111409440.20227182,1670.9755164344037
111414834.48156306,1670.7054296922488
111420228.67323922,1670.5480201252874
111425622.6347929,1670.4685961207508
111431016.43090896,1670.3872271530945
111436410.14226505,1670.3070330610526
111441803.60003014,1670.1389194337908
111447197.12368059,1669.8619054619105
111452590.76843365,1669.5471609745323
111457984.43708347,1669.4522347173322
111463377.9209239,1669.3782184242946
111468771.1972824,1669.2625001515914
111474164.38230352,1669.166535767228
111479557.41075829,1668.9527857719738
111484950.35774626,1668.7308898397525
111490343.49642693,1668.5590862491638
111495736.68236658,1668.1778964894443
111501129.83204119,1667.891582642643
111506522.87667248,1667.7168037023462
111511915.68180782,1667.6298868305284
111517308.33588383,1667.5486038151291
111522700.88370448,1667.4604610857448
111528093.18965816,1667.2796431569
111533485.54041523,1666.9877299015952
111538878.02344854,1666.68836796156
111544270.49632849,1666.5858006454082
111549662.81005871,1666.4825979947784
111555054.90896259,1666.3592025043909
111560446.8892337,1666.2338171038373
111565838.73980461,1666.0154143398602
111571230.48974161,1665.770819031811
111576622.43545248,1665.5719423777286
111582014.42721777,1665.1822093555395
111587406.40021138,1664.8719123514243
111592798.267862,1664.67757067152
111598189.89904398,1664.5854936942505
111603581.38371044,1664.4724274694588
111608972.75489068,1664.3767665111122
111614363.87928636,1664.1687413546083
111619755.04304038,1663.864246972133
111625146.36120938,1663.552938093505
111630537.64406303,1663.443997340862
111635928.75050941,1663.2974159479238
111641319.66913593,1663.1611426874736
111646710.45225881,1663.047127894158
111652101.10848612,1662.8134186311956
111657491.65954922,1662.5667180861342
111662882.40348813,1662.3529649110812
111668273.20952193,1661.9867322757354
111673663.96805269,1661.6476369350894
111679054.62709977,1661.436633933465
111684445.05188358,1661.3372744046294
111689835.30546355,1661.1908882639696
111695225.47378515,1661.0909747622015
111700615.37970565,1660.8797456314076
111706005.3203198,1660.5662245969215
111711395.39391287,1660.2010445761198
111716785.4803013,1660.0868419869882
111722175.37932421,1659.9607725380786
111727565.09025818,1659.8042162786594
111732954.68909101,1659.6971623634363
111738344.11389317,1659.4431241194538
111743733.44356827,1659.1923600464336
111749122.9433703,1658.9603341429984
111754512.51872118,1658.5680760274731
111759902.04340924,1658.1972289462794
111765291.47505213,1657.9702616089342
111770680.6748174,1657.8664777415524
111776069.68723848,1657.7275510439677
111781458.61140442,1657.6250062996824
111786847.2743505,1657.4189223852009
111792235.94047496,1657.095416745934
111797624.74285355,1656.7446056110339
111803013.55100982,1656.620322301601
111808402.18626097,1656.4943182064392
111813790.6044171,1656.322410340196
111819178.90232714,1656.1728142396814
111824567.0372531,1655.9070901144837
111829955.06816112,1655.6292401389856
111835343.26957323,1655.3819233414931
111840731.54654695,1654.9690965841478
111846119.78969179,1654.5736535351627
111851507.9428363,1654.3282542094546
111856895.86442043,1654.2144190692097
111862283.60131994,1654.069887549324
111867670.9808593,1653.4528837340733
111873060.25628464,1651.9611415024701
111878450.1878213,1649.2007675398022
111883840.72638579,1648.8460718813283
111889232.27871944,1646.2682034897769
111894624.12232894,1646.0851905728132
111900016.81287232,1643.4582878379717
111905409.82936443,1643.2650573581855
111910803.76312718,1640.5335855473718
111916198.07305978,1640.2209326178584
111921593.58696015,1637.497040325407
111926989.68633913,1637.063770092403
111932386.77173,1634.1683273078993
111937784.27711178,1633.8801619585508
111943182.57629989,1631.280298302904
111948581.20858684,1631.0795351535724
111953980.75773738,1628.4799753821057
111959380.57364354,1628.1995043547672
111964781.4015222,1625.351846129836
111970182.92029917,1624.9366107679903
111975585.42505236,1622.279649959597
111980988.29290676,1622.0510986090226
111986392.00697635,1619.3573409207775
111991796.08901589,1619.1237124874626
111997201.09720844,1616.321981560884
112002606.50693057,1615.9646214474253
112008013.14605755,1613.177641833176
112013420.37138079,1612.6870484183664
112018828.63847888,1609.7208690108366
112024237.30853844,1609.3935589499438
112029646.83130713,1606.7420705011418
112035056.6622666,1606.5149281132626
112040467.48008318,1603.868085606233
112045878.52215114,1603.5544915209775
112051290.67083564,1600.649850657855
112056703.4292962,1600.2087925222004
112062117.29367122,1597.513261863353
112067531.44556916,1597.2736049011
112072946.55640802,1594.552244203024
112078361.95113182,1594.281397479401
112083778.38745564,1591.4506213764062
112089195.11143777,1591.0594186463488
112094612.03981876,1590.7092640619048
112100029.0710559,1590.1597102646112
112105446.10985915,1589.6317730967298
112110863.07854603,1589.283280116782
112116279.84418936,1589.074116865651
112121696.46310331,1588.8185521713492
112127113.01772793,1588.6123258230355
112132529.3503223,1588.274354532143
112137945.73266515,1587.8023858472682
112143362.27643897,1587.2906489999843
112148778.8564069,1587.0459946732296
112154195.29759431,1586.7823297746247
112159611.5956468,1586.5046545723758
112165027.79476246,1586.254120983535
112170443.87122616,1585.8607138414586
112175859.87303694,1585.4586844609917
112181276.09652492,1585.098040531423
112186692.40186939,1584.5372839331014
112192108.71147215,1584.0110157880258
112197524.94283275,1583.6500438341286
112202940.96341784,1583.4183656400019
112208356.86764264,1583.146123408869
112213772.67980415,1582.9129173431945
112219188.27927294,1582.5391958044686
112224603.94492441,1582.0407079670615
112230019.77988447,1581.5621285792988
112235435.60923544,1581.2929304114516
112240851.32116903,1581.0070497517893
112246266.85318668,1580.7121418653837
112251682.29917625,1580.404403944349
112257097.62917659,1579.9946020252642
112262512.89820765,1579.5651452098518
112267928.39823753,1579.2011763332064
112273343.95555738,1578.5757231679945
112278759.51439148,1578.0481703418177
112284174.99491315,1577.6855120797065
112289590.26069526,1577.4298827975294
112295005.39179064,1577.1532274954131
112300420.4533103,1576.9012836267948
112305835.27992485,1576.5176724636117
112311250.20353109,1576.0022714136353
112316665.28526323,1575.4445107426227
112322080.39921772,1575.1764435408302
112327495.34706211,1574.8653974763747
112332910.1546279,1574.551549407315
112338324.85950778,1574.2639589846387
112343739.45144895,1573.834025638042
112349153.9751052,1573.3973455426496
112354568.74066953,1572.9939011898737
112359983.55400151,1572.3813386146833
112365398.37386523,1571.8290798746639
112370813.09941524,1571.4517911615085
112376227.60481855,1571.1877969473544
112381642.01177157,1570.8803385605522
112387056.31495722,1570.612843553257
112392470.39906201,1570.1869821983591
112397884.58778979,1569.638951004678
112403298.95351726,1569.141788139223
112408713.27468275,1568.8518574316472
112414127.4686802,1568.5094052210363
112419541.48564774,1568.1964023531905
112424955.40516691,1567.8426707303115
112430369.21474302,1567.4032917393902
112435782.96864529,1566.9224019761357
112441196.9685953,1566.5267839133658
112446611.00475463,1565.8197041949184
112452025.06220622,1565.2797208550617
112457439.01920992,1564.9013468121082
112462852.7432794,1564.6102132170922
112468266.34599836,1564.3245059582566
112473679.85675696,1564.0348831874683
112479093.13693058,1563.6077326662553
112484506.55093083,1563.050718458083
112489920.1122559,1562.458065496391
112495333.6973304,1562.1586130183146
112500747.09265958,1561.818799081629
112506160.35197493,1561.4602714196428
112511573.51023889,1561.1304382431433
112516986.55883488,1560.6495938036855
112522399.54805467,1560.1717899508558
112527812.8026243,1559.7398822502696
112533226.06106444,1559.0736882812184
112538639.33374357,1558.4944909729327
112544052.50848606,1558.1001202973814
112549465.45049985,1557.789230890704
112554878.3101292,1557.4640690150243
112560291.05014928,1557.1462800183826
112565703.56963795,1556.6723038144548
112571116.22700773,1556.0792364958547
112576529.04292336,1555.55492428216
112581941.80137454,1555.2348236244413
112587354.43514845,1554.8406981792396
112592766.90163507,1554.5073721872202
112598179.25844863,1554.1034022502074
112603591.51563138,1553.6327626085101
112609003.7231454,1553.1162049349607
112614416.20135182,1552.6711707868947
112619828.6915514,1551.90789258832
112625241.19136517,1551.3513234801167
112630653.56930816,1550.9548061200167
112636065.7077658,1550.6001772480727
112641477.75045624,1550.306950442247
112646889.68446168,1549.946306520912
112652301.39770856,1549.4685197071262
112657713.27299766,1548.8631838968727
112663125.2470291,1548.2820445016262
112668537.21991058,1547.9372913940615
112673949.02695714,1547.572426997906
112679360.65977639,1547.1805982040696
112684772.22382578,1546.763431228513
112690183.65886782,1546.246197760578
112695595.07916407,1545.7232019560927
112701006.7656708,1545.2524286908751
112706418.47648276,1544.459777487725
112711830.16805044,1543.858757723604
112717241.77073742,1543.4511661009242
112722653.13939632,1543.098218020077
112728064.39391057,1542.7915812337083
112733475.54118568,1542.433299121857
112738886.45035465,1541.929067205185
112744297.52309741,1541.3071460142794
112749708.70552401,1540.709433416589
112755119.88103963,1540.3929542125213
112760530.8685957,1540.008202587806
112765941.70673408,1539.61585660837
112771352.4375267,1539.175048956393
112776763.05292147,1538.648046839707
112782173.63446395,1538.105638297765
112787584.48222041,1537.6012688346818
112792995.34961197,1536.7770662324538
112798406.20972826,1536.16055953366
112803816.95186211,1535.7415348804311
112809227.44581339,1535.3653268347205
112814637.84564278,1535.0444372112827
112820048.12076826,1534.662170272088
112825458.17704359,1534.131164063754
112830868.40089151,1533.4604463106498
112836278.74246691,1532.8447497111854
112841689.05197036,1532.4827284906328
112847099.20520154,1532.0778505420444
112852509.21083412,1531.703218306376
112857919.10039103,1531.2381498203938
112863328.87456712,1530.7062201604735
112868738.61838736,1530.144139959249
112874148.634825,1529.6329791572464
112879558.64903538,1528.777590398459
112884968.65865123,1528.1669982929493
112890378.53257658,1527.7352268722677
112895788.15394558,1527.314614889305
112901197.69306557,1526.9782973120405
112906607.09965296,1526.5538606549276
112912016.2985928,1525.995380924041
112917425.68573003,1525.303838052609
112922835.16946642,1524.6687115395384
112928244.62130058,1524.2603843696993
112933653.90869506,1523.8289209332365
112939063.02829261,1523.4145720017445
112944472.06442171,1522.9284510204457
112949880.97319803,1522.3615984534872
112955289.87444389,1521.7765186187744
112960699.03872928,1521.2321797602121
112966108.20333049,1520.3512465644633
112971517.34885079,1519.7148541254323
112976926.3797178,1519.2651981668128
112982335.17397383,1518.8290442584378
112987743.86677983,1518.4701209351192
112993152.43690842,1518.0280373018838
112998560.78148279,1517.4380878751563
113003969.32093172,1516.7411733159236
113009377.95013452,1516.0822562382284
113014786.56414573,1515.7015187154705
113020194.9719738,1515.2340512978712
113025603.23325543,1514.758690894368
113031011.39715591,1514.2491917616196
113036419.4466525,1513.649251177277
113041827.49040656,1513.0448710834075
113047235.78939329,1512.4435517399822
113052644.08821799,1511.5361261036574
113058052.36854436,1510.8538240435664
113063460.52736026,1510.3832021815117
113068868.44202337,1509.950540436163
113074276.26288195,1509.573549485167
113079683.9405502,1509.1365826659105
113085091.39643596,1508.5149930788755
113090499.04922661,1507.768156795272
113095906.81616433,1507.0903276740062
113101314.53056133,1506.6843529744997
113106722.05631693,1506.1852771756733
113112129.45665711,1505.7342659430115
113117536.71667333,1505.1824200310414
113122943.88491875,1504.5810643098098
113128351.03465988,1503.9507801817547
113133758.44768737,1503.3382286305068
113139165.83562312,1502.3948135121707
113144573.22594123,1501.7174042189745
113149980.47262597,1501.2363462568815
113155387.45539045,1500.7524557622687
113160794.36857842,1500.3623524503143
113166201.11209661,1499.882393275854
113171607.6584147,1499.2291853269837
113177014.41003413,1498.441829449172
113182421.2788416,1497.7674161417722
113187828.0758355,1497.2889939236643
113193234.7020101,1496.7684472949027
113198641.17560825,1496.3187555998043
113204047.53051329,1495.7403776278531
113209453.77325793,1495.1214531614628
113214860.01102467,1494.4567387802354
113220266.51058263,1493.8323012677579
113225672.96753673,1492.84529660485
113231079.42035,1492.1670646434768
113236485.73115136,1491.6739943855675
113241891.78548798,1491.14307300033
113247297.76901805,1490.7326827577463
113252703.58776894,1490.2047141953396
113258109.21502896,1489.5228486281944
113263515.05779217,1488.7239989847471
113268920.97532515,1488.0320721814994
113274326.85613185,1487.5141534575469
113279732.54443236,1486.9788948568005
113285138.06368423,1486.4776287559077
113290543.49943446,1485.8878855226744
113295948.80020492,1485.225719097977
113301354.12081836,1484.5428984795194
113306759.69058743,1483.8850398347188
113312165.24094807,1482.8591226629244
113317570.75538121,1482.1463700157874
113322976.14329137,1481.6307061265097
113328381.29387729,1481.0802201356282
113333786.34763794,1480.6504693092088
113339191.25553693,1480.0973923208915
113344595.95451139,1479.389543691869
113350000.8769257,1478.5846068870924
113355405.8568781,1477.8467083845946
113360810.822555,1477.3306757893936
113366215.5584609,1476.7801300601502
113371620.13168922,1476.2212324082527
113377024.61753541,1475.6058649452766
113382428.97656581,1474.89879677175
113387833.35878707,1474.2028590827786
113393237.9811358,1473.489143702457
113398642.6086343,1472.4364494876404
113404047.1858701,1471.6738359670262
113409451.64068128,1471.1338808749922
113414855.86707228,1470.5790107020227
113420259.97578333,1470.1291166196606
113425663.94744422,1469.5673572923847
113431067.69373003,1468.8311184156662
113436471.66220886,1468.0015323095938
113441875.7085512,1467.2203070198927
113447279.7305964,1466.7238879751367
113452683.5002769,1466.1405141699063
113458087.1328519,1465.5454656253276
113463490.65508103,1464.9054687867451
113468894.05775505,1464.1672493942604
113474297.47292049,1463.4511956587457
113479701.12861262,1462.6805993605315
113485104.7871225,1461.6040200066873
113490508.40261048,1460.7958311200737
113495911.88651979,1460.2321379645161
113501315.13658842,1459.671504843068
113506718.26682924,1459.1987176807795
113512121.25385404,1458.6313558554575
113517524.01132606,1457.8637918970053
113522926.986759,1456.98906728073
113528330.06712948,1456.1727217535529
113533733.09936532,1455.6730585308617
113539135.88251404,1455.0507279436858
113544538.54986534,1454.4429846780668
113549941.07607011,1453.7661844234108
113555343.4971786,1453.0089136969916
113560745.92006174,1452.2665403148926
113566148.58878842,1451.4547843059388
113571551.23902886,1450.3498449136534
113576953.86297108,1449.5072663981648
113582356.34096587,1448.9188903492916
113587758.57111593,1448.3405639910054
113593160.6919865,1447.8430731265094
113598562.65449157,1447.2628503235564
113603964.39308812,1446.4625178292827
113609366.34901014,1445.5366340522635
113614768.4282545,1444.6921910917624
113620170.43064058,1444.1680434465632
113625572.19953637,1443.5103602402319
113630973.85909386,1442.8979800258226
113636375.35730395,1442.182779383048
113641776.75815125,1441.4078926075172
113647178.15567794,1440.6361701219032
113652579.80324364,1439.7965353090844
113657981.41267757,1438.6545908719404
113663383.0088538,1437.7839835334285
113668784.44796614,1437.169960631804
113674185.62704271,1436.5630579306744
113679586.70688495,1436.0400928370518
113684987.61497624,1435.4373582663084
113690388.30493425,1434.603982030225
113695789.21439657,1433.6320401471005
113701190.2552721,1432.759324685407
113706591.200916,1432.19898750643
113711991.9231021,1431.5086232478839
113717392.53590876,1430.8838456642234
113722792.9786924,1430.133401014463
113728193.32544123,1429.334771164129
113733593.66724773,1428.5326465027051
113738994.26069722,1427.6648438329216
113744394.80330072,1426.4820634397583
113749795.33911891,1425.5809666086702
113755195.7119973,1424.9396871434246
113760595.81794311,1424.3020782486817
113765995.82850757,1423.7522670986937
113771395.66018409,1423.1233877349462
113776795.27432139,1422.2567495547773
113782195.10974024,1421.2448681429078
113787595.08017181,1420.3392087268826
113792994.94708213,1419.7462599255937
113798394.59099364,1419.0234228496424
113803794.12478924,1418.373928432496
113809193.48462556,1417.591265741626
113814592.74727544,1416.7617613849404
113819992.00370441,1415.9289703716074
113825391.51205178,1415.0259926148924
113830790.96289633,1413.8000844304613
113836190.40857393,1412.8610736168066
113841589.68963872,1412.1899919266298
113846988.70143662,1411.524953615764
113852387.6154174,1410.9464849458482
113857786.34973034,1410.291892507682
113863184.86070871,1409.3916112239892
113868583.59279633,1408.344525574276
113873982.4625487,1407.4001204313038
113879381.22862495,1406.7836272880631
113884779.76258218,1406.028097675986
113890178.1868075,1405.3406096448766
113895576.43523648,1404.528360016028
113900974.58409476,1403.660506404359
113906372.7249127,1402.7966709759173
113911771.11671303,1401.8503965005232
113917169.45030253,1400.57883772358
113922567.77556016,1399.5937972936363
113927965.93890576,1398.8900509702419
113933363.83552581,1398.2006091445812
113938761.62534909,1397.5914848890031
113944159.24117781,1396.9102735584931
113949556.62155296,1395.9758859210976
113954954.22179107,1394.9000336509098
113960351.95908706,1393.9117523930374
113965749.60294065,1393.2761259808808
113971146.99523999,1392.4876672936164
113976544.27603343,1391.747870338972
113981941.3858415,1390.9091959950597
113987338.38968708,1389.9945447714722
113992735.38544591,1389.0984333566748
113998132.62841961,1388.1055986402396
114003529.82011491,1386.7840254987143
114008926.99366668,1385.7490920485689
114014324.01367272,1385.0100154267616
114019720.77497858,1384.292103814197
114025117.41471599,1383.650173322436
114030513.89119494,1382.9346178100373
114035910.11662821,1381.9654921343463
114041306.56278042,1380.8684780099409
114046703.13523705,1379.8344884019193
114052099.63655277,1379.1668691230798
114057495.86074021,1378.3479534926478
114062891.963231,1377.54833512437
114068287.9128399,1376.6856662842968
114073683.74222146,1375.7190778926895
114079079.56890921,1374.7872126292846
114084475.63658114,1373.7589912521694
114089871.66637518,1372.3757884055658
114095267.66185276,1371.2967438188634
114100663.51596506,1370.5200004004978
114106059.11972918,1369.758982268526
114111454.58973317,1369.081431172443
114116849.9044994,1368.318746103521
114122244.95754182,1367.313302987423
114127640.23645766,1366.1933034544415
114133035.61755466,1365.1189608784198
114138430.94916177,1364.4008730573407
114143825.99262296,1363.5536375819172
114149220.88816303,1362.7062990554764
114154615.65576191,1361.808656125515
114160010.28824309,1360.7966432025733
114165404.92893235,1359.8213596627998
114170799.80641799,1358.7758924840914
114176194.64080973,1357.324867352143
114181589.43398249,1356.2137908235704
114186984.09375076,1355.3990686534673
114192378.500872,1354.5780753948736
114197772.77815253,1353.8619068979044
114203166.89458989,1353.0431489724763
114208560.75157566,1351.9986972532013
114213954.83969972,1350.83577772426
114219349.00894952,1349.7342956924135
114224743.1386063,1348.9180687486653
114230136.99549681,1348.027060726252
114235530.67619702,1347.1639232809762
114240924.25273307,1346.2339500283188
114246317.67263764,1345.1933418095464
114251711.1028656,1344.1637012967037
114257104.77669965,1343.1119895280756
114262498.36724398,1341.5912907323132
114267891.9376289,1340.458662544093
114273285.36593123,1339.6078768220427
114278678.5198126,1338.7192093752155
114284071.5670073,1337.9665524091024
114289464.42811947,1337.099137245887
114294857.04215081,1336.0146870971873
114300249.88226363,1334.7739717425757
114305642.82774374,1333.6494540884944
114311035.6955994,1332.7523335974079
114316428.32606016,1331.8066299067161
114321820.77486967,1330.9641143115484
114327213.0967715,1329.9760123216256
114332605.2704968,1328.920747891526
114337997.42404523,1327.8395143250941
114343389.83660175,1326.7643570236942
114348782.12963039,1325.1784105681813
114354174.44388238,1323.9999573436305
114359566.593596,1323.1002074898024
114364958.43722941,1322.1794990317735
114370350.19457866,1321.387516929697
114375741.74017936,1320.518665831647
114381133.03490514,1319.3927114550104
114386524.54131365,1318.0688948003253
114391916.20010112,1316.8856611846156
114397307.74330167,1315.984576904479
114402699.05333057,1314.9682131104835
114408090.21685171,1314.1001126318465
114413481.1949271,1313.0631091564858
114418872.0574031,1311.9616842303928
114424262.87706147,1310.844180148066
114429653.9508157,1309.7056237074007
114435044.9136709,1308.0741142717484
114440435.8937311,1306.7868942212103
114445826.71605222,1305.8155180908518
114451217.24185212,1304.9120437507854
114456607.66233803,1304.0536919838225
114461997.88935676,1303.1931859380484
114467387.82869297,1302.025016445107
114472777.97284408,1300.6804425697474
114478168.25838336,1299.4026976696593
114483558.4854541,1298.5272534241735
114488948.43013854,1297.4524489408059
114494338.21806844,1296.4539151945603
114499727.85401708,1295.4151899946967
114505117.34282003,1294.2260384461779
114510506.79731776,1293.0563128385718
114515896.49189271,1291.864988269683
114521286.08297148,1290.1735437513187
114526675.67005636,1288.826645566356
114532065.13054357,1287.7967307351466
114537454.31125242,1286.8169400259646
114542843.368049,1285.8970281733912
114548232.24044089,1284.942640946508
114553620.81814201,1283.7305551289644
114559009.60718857,1282.3402612039483
114564398.52411027,1281.0198062678817
114569787.36506663,1280.0064650981255
114575175.94374053,1278.8697637440298
114580564.34219119,1277.8962894748443
114585952.59932655,1276.811022642846
114591340.70474291,1275.6028220625603
114596728.7606409,1274.3786482837004
114602117.0843201,1273.2002195571895
114607505.269079,1271.425880771924
114612893.47872919,1270.043156713007
114618281.53367725,1268.9517269180938
114623669.28117734,1267.9120834790272
114629056.93171988,1266.9456253971002
114634444.37873317,1265.9646836860709
114639831.53551772,1264.7133563194975
114645218.87716947,1263.2322998254801
114650606.37230158,1261.8570384024588
114655993.78048448,1260.8266735108957
114661380.94753225,1259.6287989743528
114666767.95688051,1258.637282862709
114672154.78052159,1257.5068682799044
114677541.46288645,1256.2518115481816
114682928.06656417,1254.9706605378217
114688314.94195323,1253.729994457531
114693701.67495935,1251.865240046946
114699088.43334553,1250.357048706673
114704475.04827248,1249.1987748172762
114709861.35819922,1248.1676924739097
114715247.55126138,1247.151478866
114720633.55298415,1246.1777414138014
114726019.22852637,1244.8888600662442
114731405.06742139,1243.3862235040122
114736791.0678864,1241.9573156833262
114742177.0230624,1240.954857377098
114747562.66945024,1239.696247689595
114752948.15203512,1238.5629639786303
114758333.47177845,1237.4066697445583
114763718.61855642,1236.0421942536732
114769103.70204757,1234.7342370204904
114774489.05066903,1233.4483090151543
114779874.32082297,1231.487218458238
114785259.54446791,1229.9055149898954
114790644.65965697,1228.6917458434475
114796029.4827533,1227.5816765455438
114801413.89751224,1226.1198823936265
114806800.43814693,1222.346835075803
114812186.95856473,1216.0655119455473
114817573.79694787,1211.4235500220661
114822962.66945906,1209.0562175862037
114828353.66917722,1205.0215657502204
114833744.70817514,1198.6949956008805
114839135.70180905,1194.464914177026
114844528.59135573,1192.3251780749194
114849923.36038049,1187.9442109827942
114855318.3399434,1181.2977522558297
114860713.8140542,1176.8420931791275
114866111.20682894,1173.7244659033217
114871510.66176753,1168.9624134403466
114876910.26409312,1162.3007596306306
114882309.81845821,1157.9369100377075
114887711.26883392,1155.9994746652278
114893114.60741408,1151.6756663998926
114898517.91615376,1144.8362749068444
114903921.6202888,1139.8617340807796
114909327.43823038,1137.2992308324358
114914735.37189624,1132.8656397489676
114920143.38475247,1125.9644084448007
114925551.40342589,1121.2845036761478
114930961.32917237,1118.9193558633838
114936373.17030072,1114.187367892558
114941785.32286263,1106.9655179922986
114947197.96150374,1101.9023581703577
114952612.47701727,1098.513898478594
114958029.10871843,1093.4757407191441
114963446.05846027,1086.2145371163251
114968862.91937305,1081.158340422468
114974281.51624593,1078.8972475678202
114979702.19060102,1074.582464660804
114985123.01239122,1067.0722528055112
114990544.13966204,1061.178547726182
114995967.2623302,1058.2401196343753
115001392.61983234,1054.0343085171694
115006818.2894504,1046.3983565345736
115012243.89779273,1040.6519733029495
115017671.36189674,1038.6027230731975
115023098.65390515,1036.6298103349502
115028525.93813436,1034.6234852799744
115033953.54075484,1032.6143666010344
115039381.04386453,1029.6093435827397
115044808.63968864,1027.2982718742765
115050236.14820458,1025.4686017712493
115055663.3975003,1023.7197219219831
115061090.60838199,1022.161158867483
115066517.65718839,1020.4623806981707
115071944.46588458,1018.4246419912213
115077371.51209101,1016.0782764844519
115082798.67569053,1014.0009968500117
115088225.8754366,1012.2610085537754
115093652.87826847,1010.2793267202615
115099079.72466609,1008.3802721399549
115104506.4714973,1006.3493766787717
115109933.12236388,1004.2261601473294
115115359.80412842,1002.1231942709289
115120786.77842148,999.8622714213609
115126213.66924006,996.6542574827504
115131640.6636934,994.2032043547999
115137067.55868913,992.3121407984991
115142494.1740333,990.4455414417084
115147920.76542592,988.8210802993335
115153347.16361189,987.0036030302542
115158773.34825052,984.8035232045738
115164199.80224414,982.3276178951462
115169626.34157078,980.1422159159554
115175052.91111325,978.2436951896811
115180479.26378666,976.176039070537
115185905.47063087,974.145250456353
115191331.58251561,971.9875226499184
115196757.58814834,969.708027061647
115202183.66051814,967.5013259237351
115207610.00258633,964.9825169010874
115213036.28105691,961.6332660342503
115218462.63550891,959.0200640996227
115223888.88567194,957.0195708523206
115229314.8643749,955.092488858608
115234740.81423315,953.3266211471419
115240166.54904975,951.4486412375451
115245592.09221987,949.0545763337796
115251017.92014287,946.3473416225371
115256443.85715409,944.098402524545
115261869.76420474,941.9660134429851
115267295.48847632,939.7682988188997
115272721.0506846,937.6629291783104
115278146.52797462,935.3205609340739
115283571.87714246,932.9053768185015
115288997.3281152,930.5491255571669
115294423.00493681,927.7400565880087
115299848.64244437,924.1820344338785
115305274.31856146,921.4162046732271
115310699.88149215,919.2922091229552
115316125.18579121,917.2399637578121
115321550.46540971,915.3365439730742
115326975.51198587,913.3343388170758
115332400.3900926,910.7238265747033
115337825.55800301,907.790353060855
115343250.86010385,905.4588200800795
115348676.0586001,903.169475825873
115354101.09502046,900.7785412624899
115359525.98276566,898.5937930023314
115364950.75256993,896.01153730445
115370375.40939553,893.455894178097
115375800.203188,890.9533496782506
115381225.16650641,887.8725368547956
115386650.1174638,884.0912938017159
115392075.08429275,881.2029107763581
115397499.9238199,878.9884699503486
115402924.54940474,876.7368447714258
115408349.09703529,874.6671561992721
115413773.44500792,872.4687040349999
115419197.63519306,869.6082580094397
115424622.10523485,866.5093857623904
115430046.69689763,863.86413025246
115435471.19556163,861.5431691192018
115440895.47006413,859.0206320879444
115446319.68518543,856.5471721249055
115451743.72043231,853.8056367467525
115457167.68442957,851.0646610386184
115462591.79179336,848.3786191172452
115468016.09077738,844.848310332048
115473440.32611826,840.7866651211074
115478864.64511548,837.6880464090414
115484288.81698994,835.3661965248932
115489712.71597762,832.9841016391122
115495136.57075146,830.839362301255
115500560.17270814,828.4631746309494
115505983.67067368,825.334264005209
115511407.4626212,822.0071968010968
115516831.33553967,819.18540530838
115522255.11317357,816.6213773962115
115527678.66712275,813.9486201083572
115533102.15927148,811.2635096287108
115538525.45643826,808.2843436103482
115543948.68590459,805.3317954636157
115549372.0988443,802.4743177366272
115554795.65294419,798.5360075048991
115560219.16079852,794.27669474942
115565642.74472727,790.9612491572279
115571066.17446879,788.3905009990029
115576489.33412696,785.7644558297909
115581912.47526166,783.3870247554993
115587335.31220062,780.7425427405503
115592758.09704232,777.3010905066108
115598181.16601864,773.6286220260772
115603604.32840599,770.8363154864664
115609027.3379959,767.8983556591165
115614450.17754582,764.9821859574985
115619872.88512209,762.0250907861403
115625295.45399798,758.7552593727194
115630717.91417798,755.4934595540947
115636140.60686752,752.3839894954314
115641563.36385757,747.9271764906296
115646986.13939352,743.4683135227724
115652408.92382503,739.8773142200141
115657831.52903877,736.9972536079695
115663253.9128446,734.1633539757054
115668676.25316007,731.3832014945906
115674098.29725252,728.4601194358311
115679520.32741573,724.6406092377052
115684942.6160997,720.6094377059244
115690365.07757445,717.64464421816
115695787.30973402,714.3490448165394
115701209.38859656,710.9868618941197
115706631.34685203,707.7917879111501
115712053.15092376,704.1092060810454
115717474.85125779,700.5356687987573
115722896.81948204,697.0510621220618
115728318.8092842,692.0152565332378
115733740.85926926,686.9950555253233
115739162.89601319,683.0801413672857
115744584.71980783,679.9336386942763
115750006.35837714,676.817472205817
115755427.89344205,673.7751166198989
115760849.14970332,670.4746864163444
115766270.42996003,666.1498956772962
115771691.98415108,661.8108310226376
115777113.68606257,658.1924021750187
115782535.15912125,654.5268797219087
115787956.39423302,650.8090095401377
115793377.58444847,647.1436728526564
115798798.5656372,643.0100928696681
115804219.48763123,639.0216949839682
115809640.68242739,634.9901220017119
115815061.8754818,629.1929231319182
115820483.09536773,623.5485584677448
115825904.33678024,619.1874821774791
115831325.38408835,615.6969570174892
115836746.21584739,612.0479468246485
115842166.99638683,608.7092416156729
115847587.42413233,604.8450932921041
115853007.94028123,599.9302107424269
115858428.71881658,594.9047342677823
115863849.54906608,591.0328469288597
115869270.16782023,586.59473653344
115874690.62145993,582.6328540362958
115880110.93709636,578.3964958375942
115885531.1113241,573.7385318109023
115890951.19175744,569.088227390142
115896371.58420014,564.5634641491718
115901791.90084228,557.5474765499815
115907212.34838699,551.4075541376635
115912632.77691196,546.4346633024398
115918052.9663182,542.1771930817397
115923472.98689178,538.1870031834844
115928892.89923413,534.102371963545
115934312.49175031,529.6403202271325
115939732.2053847,523.8736542455024
115945152.12504993,517.9632939713287
115950572.20990257,513.1460199538078
115955992.01345854,508.01714952512117
115961411.63531342,503.2264374571628
115966831.14840294,498.2612718196985
115977669.77817637,487.2813765755477
115988508.87016885,473.42293459440384
115999348.09162097,460.0510992764427
116010186.67444791,449.8512203687945
116021024.51312342,439.099591136478
122827678.11150046,487.64025271096943
122838489.06710112,497.00249688362874
122843894.41593489,502.6149353596285
122849299.57573292,508.79775279127443
122854704.59906591,512.9121013485858
122860109.77117214,516.7519818730793
122865514.73753822,521.3768684448373
122870919.4705037,526.7646756314298
122876324.220625,531.7537872544525
122881728.84711868,536.9103076922893
122887133.33024995,542.2349831392849
122892538.01050533,545.4464691057606
122897942.3261636,548.9601082374833
122903346.4345185,552.7858808625142
122908750.6374792,556.2718183091798
122914154.96670169,559.9224081660859
122919559.27468058,563.9788913968121
122924963.53211251,567.8474214614143
122930367.66619939,572.6450934292202
122935771.62079817,577.9107290775955
122941175.45370595,581.3141383233511
122946579.42760505,584.7502578687704
122951983.16219859,588.6403483613432
122957386.68540692,593.2113658729168
122962790.20099956,597.5597147743886
122968193.58983804,601.9873637834762
122973596.82903197,606.6029764154777
122979000.27269018,609.3247896268463
122984403.3348788,612.4282826919924
122989806.19165246,615.6993442526787
122995209.14601564,618.7876501289381
123000612.23083821,622.026403388878
123006015.28179903,625.4979653438355
123011418.29777764,628.9263613604921
123016821.17056634,633.1252582445908
123022223.8723376,637.7384306821709
123027626.47771996,640.7041003643327
123033029.20091346,643.8109363316689
123038431.68473133,647.1242301139287
123043833.9736986,651.1367891096702
123049236.22053875,654.9883779436587
123054638.34601268,658.8887350267487
123060040.3160178,662.9501119683107
123065442.49004267,665.3349390141016
123070844.24993005,668.1714988586181
123076245.8200369,671.0673768461638
123081647.48145175,673.8369715729779
123087049.2743878,676.7605179035822
123092451.03687246,679.796022445394
123097852.76305966,682.8960502591667
123103254.34117398,686.6368660518912
123108655.75162028,690.7491153992269
123114057.07985008,693.4416350200107
123119458.51215126,696.2441349216424
123124859.7177861,699.1686209080162
123130260.73083214,702.7680738081203
123135661.67748165,706.2146442451486
123141062.50752845,709.7102662877419
123146463.17907737,713.3490187960208
123151864.04786354,715.4825191534774
123157264.4818474,718.0421940137126
123162664.7385224,720.6626631459162
123168065.08019966,723.1671909690157
123173465.55116183,725.8301771935494
123178865.9962733,728.5572506744357
123184266.39946532,731.3826353577556
123189666.65509185,734.7734560933117
123195066.74363306,738.4918465798191
123200466.75410509,740.9506727961184
123205866.86429708,743.5092254159381
123211266.75359581,746.1649303397991
123216666.45003346,749.4363069089059
123222066.06845589,752.5659857088265
123227465.5705433,755.7373314107745
123232864.91054788,759.0562667977173
123238264.43968937,760.9843291019674
123243663.5313696,763.3078513916162
123249062.44277714,765.7084437457534
123254461.43792567,768.0009981378037
123259860.55920088,770.4389923147219
123265259.65153608,772.9373857447152
123270658.70067807,775.5187118595527
123276057.6018006,778.6332367360701
123281456.33661577,782.0333448169754
123286854.9914337,784.2634655974798
123292253.75329104,786.6293540721081
123297652.28349069,789.0860659284889
123303050.61934422,792.0792815121131
123308448.87990238,794.9608764891675
123313847.01800402,797.8620934134628
123319244.99047971,800.9370526368202
123324643.14230067,802.6903122737485
123330040.87378779,804.8094418566573
123335438.40485449,807.0303587776316
123340836.02442864,809.1493346981398
123346233.76665777,811.3861042101885
123351631.47055407,813.7180772915922
123357029.13196781,816.0752582459791
123362426.64576462,818.9673630721655
123367823.99319933,822.104853539624
123373221.24855761,824.1191635231892
123378618.63310982,826.3251845855852
123384015.76350562,828.6521034169226
123389412.69306855,831.407511162336
123394809.56261896,834.0781707290315
123400206.29774283,836.7509219759559
123405602.86658518,839.6347572291556
123410999.60152727,841.2415208549255
123416395.94576122,843.1398056667309
123421792.06336339,845.2204451487632
123427188.2746563,847.1763767944997
123432584.60186517,849.2272434635152
123437980.8882506,851.4425784323385
123443377.12287949,853.5913269321286
123448773.22019285,856.2953754283271
123454169.14659525,859.2082014965972
123459564.95616412,861.0717628563327
123464960.91890657,863.1141407020204
123470356.61816716,865.3641797328543
123475752.10883968,867.9362983338401
123481147.55808455,870.4017405145548
123486542.86671057,872.8877386629865
123491938.01240633,875.5905759774091
123497333.30770278,877.0805043327618
123502728.22884083,878.8048777526028
123508122.90938428,880.7910913173491
123513517.67611487,882.5914111570637
123518912.54791747,884.4668792263346
123524307.39221326,886.5633688104833
123529702.16176438,888.5210954589411
123535096.8181862,891.0437547017619
123540491.29837827,893.7599774697956
123545885.64138448,895.5289513928288
123551280.14211167,897.3798666702965
123556674.39913055,899.5248418329573
123562068.43950169,901.9715149997314
123567462.44313785,904.2506451345275
123572856.30923782,906.583200678288
123578250.01063016,909.1075282362295
123583643.85035746,910.5249528999648
123589037.319811,911.995850036779
123594430.56714632,913.9142949917045
123599823.8644757,915.5836235523234
123605217.25426437,917.3162953492124
123610610.6462828,919.284362469951
123616003.93016198,921.114990166423
123621397.13615698,923.4572113960471
123626790.15847151,926.0020509171691
123632183.03449658,927.7201834958456
123637576.04201359,929.3693378500443
123642968.87713099,931.370783864387
123648361.49411209,933.7409753343586
123653754.03754844,935.8492459467932
123659146.45620546,938.0434641181173
123664538.69926573,940.3838702574848
123669931.08093563,941.746957925141
123675323.05121836,943.0814264492187
123680714.83902921,944.8743811591771
123686106.63060294,946.4445808624773
123691498.52299199,948.1034956385688
123696890.42768402,949.8880364401225
123702282.22254847,951.6880190325678
123707673.92958091,953.835886830371
123713065.4578057,956.2381457545061
123718456.85899827,957.912801724269
123723848.34869626,959.4886639723636
123729239.70260344,961.2392360415856
123734630.84564239,963.4559026055235
123740021.87846674,965.4657411779176
123745412.78831244,967.5069035815231
123750803.51831518,969.6921851812957
123756194.38456164,970.9650974657266
123761584.8384156,972.3468540882902
123766975.08029136,973.9564804246552
123772365.34552862,975.487505579325
123777755.72922395,977.0601762480669
123783146.05759175,978.6742695864953
123788536.342791,980.3915890440985
123793926.47441107,982.4073495663168
123799316.44738933,984.6789577461432
123804706.30517595,986.1409480834573
123810096.25762604,987.6864212759774
123815485.99473524,989.2988651943389
123820875.54031494,991.3409888928159
123826265.02934721,993.2985324972689
123831654.37045312,995.2156134195718
123837043.53115283,997.3350058465027
123842432.80718759,998.5459710429004
123847821.75666805,999.8237120176611
123853210.41084024,1001.366763830754
123858599.11064564,1002.803278663654
123863987.89985298,1004.2283788098914
123869376.64030387,1005.8724336580088
123874765.316071,1007.414060041523
123880153.87914975,1009.3538752186905
123885542.2596004,1011.5099566437675
123890930.47879243,1012.9061065828172
123896318.85452276,1014.2559154563501
123901707.02151628,1015.905015704307
123907094.94766775,1017.8750887243052
123912482.801111,1019.6476972751448
123917870.52254803,1021.4920753335423
123923258.06969596,1023.473654179314
123928645.72287081,1024.6732396613236
123934033.01658005,1025.7126237469581
123939420.083503,1027.1932676739493
123944807.13882537,1028.5296532060565
123950194.29769927,1029.8810873253437
123955581.44474089,1031.3809711519598
123960968.48755065,1032.8826943129006
123966355.40805985,1034.6269469792824
123971742.14718404,1036.6794931029174
123977128.74366857,1038.1182369573971
123982515.4215233,1039.4398346269322
123987901.93074948,1040.8474408707596
123993288.19009387,1042.6697787591922
123998674.3721608,1044.401710001449
124004060.42696851,1046.128151282931
124009446.30858713,1047.9838523329017
124014832.27881461,1049.1222973721449
124020217.92122877,1050.2614985138393
124025603.27316223,1051.635454079458
124030988.6453479,1052.9745444296948
124036374.11845274,1054.2147564220484
124041759.52041598,1055.5854790881824
124047144.88833182,1056.9518844835816
124052530.10961184,1058.6331771920413
124057915.16815522,1060.5849009502394
124063300.07517114,1061.8460079484366
124068685.08475403,1063.065141275473
124074069.91330163,1064.4244564056041
124079454.50114761,1066.1782610944435
124084839.02710737,1067.8095414156091
124090223.39732258,1069.4687377225212
124095607.58506395,1071.2511239354271
124100991.83920825,1072.383424093112
124106375.79995763,1073.3275861358447
124111759.44199531,1074.6676616223256
124117143.07379355,1075.901194574952
124122526.79498495,1077.077524407184
124127910.49679595,1078.4914689734233
124133294.09496762,1079.797903606401
124138677.57879047,1081.3658993307652
124144060.8709957,1083.2377849605668
124149443.99259497,1084.538860885354
124154827.21241932,1085.6965956586234
124160210.27887024,1086.9656000209516
124165594.54759106,1082.8279393364428
124170978.7436653,1084.3966038928843
124176364.27632649,1080.1606232541794
124181749.6839306,1081.8533122366232
124187136.59105466,1077.1174651890806
124192523.31129901,1078.070316771772
124197911.12041125,1073.4470424333347
124203299.03140087,1074.6992899789682
124208688.43986663,1069.877881236395
124214077.92122146,1071.1610324113476
124219468.7468758,1066.4575517850471
124224859.59196314,1067.980487615988
124230251.64540079,1063.8526815055284
124235643.71626242,1065.0858239693068
124241037.2250904,1060.2267321076954
124246430.7871164,1061.4884821312344
124251825.44380426,1057.098264985898
124257220.25239204,1058.6890744351401
124262616.23116876,1054.2284314240746
124268012.27208543,1055.9324687070336
124273409.67881548,1051.0274276255368
124278807.1043432,1051.9541224934878
124284205.48039892,1047.1388537439375
124289604.11078809,1048.374152642222
124295004.15051945,1043.3967984616027
124300404.38918422,1044.7440618797493
124305805.90927565,1039.9268729783075
124311207.55721433,1041.4771363199934
124316610.36387946,1037.2752674015342
124322013.26198529,1038.5221996847993
124327417.58821253,1033.6127356874674
124332822.03704524,1034.9023261483542
124338227.58194588,1030.4662154217488
124343633.31052125,1032.0621388747286
124349040.23330136,1027.5825025737854
124354447.2334818,1029.3034993410442
124359855.65018217,1024.3963364458916
124365264.07238519,1025.3610527727174
124370673.52321227,1020.5602207937804
124376083.20137961,1021.8133400042058
124381494.37615384,1016.8909105154773
124386905.69451699,1018.1929188605477
124392318.40589477,1013.4669048025459
124397731.15955544,1015.0008154003468
124403145.21030295,1010.9323315944107
124408559.2845147,1012.2582656926891
124413974.90838769,1007.5241262917832
124419390.53891833,1008.7830326740717
124424807.41067633,1004.5318767396266
124430224.31211475,1006.1146634474902
124435642.61558425,1001.862100304472
124441060.85031329,1003.5964004289597
124446480.7245489,998.9220638962886
124451900.38183376,999.8119004571118
124457321.35679016,995.3198677765763
124462742.36991014,996.5148757859008
124468165.11095946,991.9812688983595
124473587.82109849,993.4096706133449
124479012.11069424,989.106357100728
124484436.25367485,990.7493322382376
124489861.92158547,987.1704869014243
124495287.37376744,988.4109898079128
124500714.68821912,984.2360566487562
124506141.71481861,985.5186312987909
124511570.31082097,981.9018478501137
124516998.70049712,983.5195102182286
124522428.76605962,979.9601224392118
124527858.47660664,981.6837726731416
124533290.15364607,977.71188687516
124538721.31776065,978.763638696628
124544152.31411423,980.053921348524
124549583.38533117,981.2708572427259
124555014.61092155,982.4994629587186
124560445.86568418,983.8940315777278
124565877.07410163,985.2624962761329
124571308.2337925,986.9350969073889
124576739.26579359,988.8529995407116
124582170.22059228,990.0911873082582
124587601.37621641,991.3285170592487
124593032.38430889,992.7494936325405
124598463.23577125,994.4265491843298
124603894.08269587,996.0289293516946
124609324.8303894,997.6061387947409
124614755.47234012,999.347506090936
124620186.28178924,1000.327928582647
124625616.78677298,1001.3804140512287
124631047.15574868,1002.6257198277294
124636477.59026161,1003.7507054009131
124641908.15705806,1004.9434731687575
124647338.76308128,1006.2355372083408
124652769.3100964,1007.5213525716454
124658199.82249136,1009.1549543804189
124663630.21049495,1010.9240804684082
124669060.53646292,1012.0564519863879
124674491.07437636,1013.2085554980704
124679921.4150981,1014.5929416759604
124685351.60878907,1016.1718891263049
124690781.80828314,1017.681811235727
124696211.90769774,1019.1703774643297
124701641.90753257,1020.8309655437345
124707072.0765861,1021.6883389231807
124712501.9034671,1022.7228749722497
124717931.6316217,1023.8602418962417
124723361.44713068,1024.869007122895
124728791.37995882,1026.0385626231075
124734221.34019789,1027.216608222936
124739651.25115086,1028.4940478856797
124745081.0972865,1030.0681028443255
124750510.8241592,1031.6875765550028
124755940.53864822,1032.7687411154977
124761370.41043425,1033.795907684261
124766800.11572751,1035.0166417665182
124772229.6667995,1036.5343285493052
124777659.19770035,1037.927942493721
124783088.6517078,1039.3422829127803
124788518.0364314,1040.845497950577
124793947.57425159,1041.5905062779602
124799376.7332813,1042.5330861185553
124804805.84479216,1043.6091409425762
124810235.05016689,1044.5300353652997
124815664.35788289,1045.6751684975093
124821093.68782613,1046.7515453458118
124826522.96180917,1047.9732048276371
124831952.16995272,1049.4992084680666
124837381.2645975,1050.983951597697
124842810.37187593,1051.9665159040853
124848239.62026507,1052.9044169034141
124853668.68560898,1054.090092650368
124859097.61602016,1055.5278404924013
124864526.53010377,1056.8520996681768
124869955.36452198,1058.195590894057
124875384.1442052,1059.5864676482988
124880813.05967888,1060.2172898159151
124886241.60325545,1061.1182908103935
124891670.11073679,1062.1342508485193
124897098.74057464,1062.9894115660709
124902527.44986603,1064.0816873789036
124907956.16498698,1065.1062450104484
124913384.84527022,1066.2664276059506
124918813.42910483,1067.762644932329
124924241.89738685,1069.1094078040312
124929670.40697691,1070.0069595829953
124935099.0058737,1070.934302435569
124940527.43995346,1072.0979773525478
124945955.77857096,1073.501633748561
124951384.05400462,1074.7521785540039
124956812.24854948,1076.0442970050217
124962240.40253052,1077.322610969778
124967668.65729289,1077.9202501812974
124973096.53880548,1078.7978571437152
124978524.39213364,1079.7948817118395
124983952.36458366,1080.5925992829661
124989380.40530843,1081.6267710556945
124994808.44505213,1082.575479465991
125000236.46316925,1083.6646814077574
125005664.37425333,1085.105960327057
125011092.17613013,1086.3315006503294
125016520.05668639,1087.1827647319801
125021947.96824144,1088.1191272699543
125027375.68951567,1089.2316937941537
125032803.35779043,1090.5493272049653
125038230.9459399,1091.7417812260474
125043658.44923952,1092.9882147900407
125049085.9324097,1094.1519007477712
125054513.47490415,1094.7016012658605
125059940.65231413,1095.4521285212131
125065367.84586689,1096.4177564911283
125070795.16788144,1097.1597454235375
125076222.52736624,1098.1025274924566
125081649.90323858,1099.0705207216065
125087077.21620035,1100.08532205047
125092504.43338513,1101.4915563327445
125097931.55734448,1102.5936126775232
125103358.76430652,1103.2972129339703
125108786.05969778,1104.1162675279922
125114213.09041893,1105.2086744197888
125119640.07437313,1106.393003685815
125125066.99728657,1107.5338616020706
125130493.83542679,1108.7088461948485
125135920.6805918,1109.7486171531525
125141347.54480407,1110.2625926434978
125146774.05673747,1110.9616392754297
125152200.61350407,1111.8653834021084
125157627.30707447,1112.5680217017134
125163054.0058251,1113.4414336144396
125168480.73623025,1114.3839669648194
125173907.3882212,1115.3483268023942
125179333.94390388,1116.7113533368974
125184760.41217828,1117.6981939410969
125190186.97558324,1118.3178947683045
125195613.61460318,1119.0970557060925
125201039.97889827,1120.1720327818305
125206466.31945696,1121.2692949795767
125211892.60020497,1122.359809520626
125217318.79007393,1123.4797008499856
125222745.0138169,1124.3823148769015
125228171.21496803,1124.849864890296
125233597.08352849,1125.538927022213
125239023.02385525,1126.3505737629682
125244449.10682255,1126.9892648147224
125249875.18005124,1127.8409309380918
125255301.29857276,1128.7003356865748
125260727.31012076,1129.656468434366
125266153.22201021,1130.9591963123457
125271579.04587905,1131.8369155870816
125277004.9483631,1132.4926955639664
125282430.9201047,1133.200842452363
125287856.64534551,1134.313397070395
125293282.32327604,1135.3533389681909
125298707.9300676,1136.3904049898638
125304133.43086572,1137.4623584708074
125309558.99622227,1138.3031456296392
125314984.47116502,1138.7430402864875
125320409.68951035,1139.4673707830773
125325834.92043808,1140.2106613496717
125331260.2896303,1140.8160411693943
125336685.6629855,1141.628521245129
125342111.05437124,1142.3875663641752
125347536.36816394,1143.3344061673083
125352961.5745331,1144.5533334350162
125358386.70584074,1145.3218069754962
125363811.93991764,1146.0040014738267
125369237.16281639,1146.6603581239233
125374662.2010986,1147.7137015640412
125380087.19599728,1148.7125266498856
125385512.1105779,1149.6831988351619
125390936.91419387,1150.721778820398
125396361.82465024,1151.4593817644322
125401786.57867147,1151.849752513317
125407211.14867075,1152.478584679316
125412635.71682627,1153.1292012153826
125418060.42939347,1153.713225810889
125423485.15693523,1154.4839269867914
125428909.85174082,1155.2082149912503
125434334.49829999,1156.124024802708
125439759.00296614,1157.258471958064
125445183.43339625,1157.9235825307835
125450608.0552125,1158.4542683913523
125456032.60018826,1159.1656155410951
125461456.92990313,1160.1455871464348
125466881.25732194,1161.0737505093698
125472305.46987115,1161.9860188188497
125477729.58343127,1162.998396449801
125483153.79842757,1163.6016109753564
125488577.84715042,1164.0229184503837
125494001.68387505,1164.6789469510456
125499425.55128014,1165.2887548423068
125504849.55806017,1165.8488779235922
125510273.56482612,1166.5189158421163
125515697.54734716,1167.2115877924148
125521121.46464063,1168.0756355712658
125526545.24489477,1169.142788806887
125531968.97070412,1169.7688658017896
125537392.87495084,1170.2461889670383
125542816.68776752,1170.9367914198824
125548240.28138757,1171.8994704611346
125553663.84357388,1172.7363399694282
125559087.30731149,1173.6005864659967
125564510.6659176,1174.5717204836706
125569934.14266296,1175.0907391371484
125575357.42548953,1175.4879313046324
125580780.50678103,1176.0875949246547
125586203.6370723,1176.6483065275536
125591626.89247136,1177.1794365613698
125597050.11719432,1177.7764236534235
125602473.35359596,1178.4378578416513
125607896.48857136,1179.2647588955033
125613319.50576669,1180.260068770844
125618742.49778984,1180.8360630812974
125624165.63719581,1181.3202234826208
125629588.65236099,1181.9209635584386
125635011.47088093,1182.8247490727267
125640434.25417766,1183.597442495825
125645856.95821847,1184.4029917151663
125651279.5720654,1185.3070847141726
125656702.33141449,1185.7450402903016
125662124.82467546,1185.988121078919
125667547.2158766,1186.5480184410153
125672969.63863856,1187.0033650117866
125678392.16785844,1187.5066902766753
125683814.69848382,1188.1491050225313
125689237.19377394,1188.7460683722427
125694659.61690661,1189.6024005019617
125700081.90220028,1190.527185672394
125705504.15803736,1190.9427603983747
125710926.61182553,1191.3995151794024
125716348.87540811,1192.000353371193
125721770.98842964,1192.8553219531948
125727193.09321906,1193.6353196935247
125732615.07983899,1194.379817963476
125738036.97748454,1195.2421129899635
125743459.02773958,1195.5959984640049
125748880.7661474,1195.9157076779263
125754302.4226115,1196.4231555278643
125759724.11274137,1196.8395556866494
125765145.90454064,1197.3417998759728
125770567.71411677,1197.8871532409933
125775989.45634894,1198.4713584880637
125781411.15124218,1199.2820939735243
125786832.70391439,1200.12990071479
125792254.22739847,1200.5537711604497
125797675.93707411,1200.932232759419
125803097.46485949,1201.5634809012447
125808518.82605071,1202.3836900800961
125813940.19703382,1203.0949825834825
125819361.44730611,1203.8001158772086
125824782.61760497,1204.6389007085938
125830203.93498114,1204.891115289651
125835624.95102641,1205.2074471189405
125841045.8610019,1205.637548355414
125846466.8499314,1206.0178439885642
125851887.9396751,1206.5012336546438
125857308.99868901,1206.9869249741394
125862730.04418999,1207.5572482532843
125868150.97303988,1208.3419461191334
125873571.77242295,1209.1158525003248
125878992.59766708,1209.435242398642
125884413.54838276,1209.8420173203103
125889834.31601566,1210.3516730668662
125895254.9757092,1211.1495428981912
125900675.57486896,1211.8368109756375
125906096.07293974,1212.5062306156024
125911516.47565418,1213.2743056151605
125916937.04633285,1213.500604299819
125922357.26732258,1213.7943493856667
125927777.44175562,1214.2498794873848
125933197.66138428,1214.5809047100765
125938617.95144841,1215.0003459236752
125944038.24073985,1215.4496194492133
125949458.48292762,1215.9290884560312
125954878.63747375,1216.6916796255284
125960298.66538334,1217.3942246573808
125965718.73438115,1217.6610345471781
125971138.94188112,1218.0655512665048
125976558.90515693,1218.5631644380494
125981978.73368911,1219.262287540057
125987398.52824454,1219.9053186199587
125992818.21116242,1220.5229968375324
125998237.82121986,1221.24600620628
126003657.5912433,1221.3865142319744
126009077.00718085,1221.6523876768924
126014496.37908193,1222.0117464239684
126019915.81595263,1222.2893018874183
126025335.31393303,1222.7288386819253
126030754.80866778,1223.130077710526
126036174.24611668,1223.6321610061223
126041593.5917686,1224.363606974896
126047012.81670944,1224.9934449996706
126052432.09787345,1225.2374456152686
126057851.4767716,1225.507815281212
126063270.6435508,1225.9736658887755
126068689.7037846,1226.668593688892
126074108.71428451,1227.2568408137886
126079527.63870874,1227.8313874924934
126084946.50183375,1228.4810400249871
126090365.49534649,1228.5361922896
126095784.146333,1228.717454053945
126101202.75810936,1229.0737157828066
126106621.49459776,1229.3057681798464
126112040.2785066,1229.6967821703324
126117459.0361425,1230.1053033242206
126122877.75259747,1230.5410303302117
126128296.33368589,1231.268905102955
126133714.79344983,1231.8284860134147
126139133.31406449,1231.9897066687572
