Event_Midpoint_s,Duration_s
964769.3795441767,167.81550078233292
8762716.84431047,502.6469776333478
8768034.49873679,519.8485147784379
8773351.693561517,534.6189678154558
8778667.69850002,551.3692555741002
8783982.517124837,568.4290416365601
8789292.44161783,565.1992554810886
8794617.55990572,554.649962975945
8799937.400154486,568.5854276669822
8805256.524341704,580.6137830582857
8815909.06928799,513.4783725892157
8826573.704969047,434.62898838383717
8960447.198649235,288.2041811949423
8971155.72611966,329.6377975650393
8981862.832272824,360.0717937070929
9013976.113738196,450.0717643434027
9024677.210327152,475.94493633316915
9035377.979116349,499.79851093359684
9040727.38995403,512.9717401838669
9046076.083824063,525.6406532633337
9051424.32989336,537.6433678442207
9056772.076654714,549.3176577815757
9062119.23768977,559.0606549604905
9067466.30290984,568.3685164234494
9072813.085434457,578.0035410293514
9078159.476310259,589.1859029939951
9083505.493892493,599.756625305006
9088850.832929745,609.891803678705
9094195.70412286,619.7880683223809
9099540.110219937,628.9276584710306
9104883.968134485,637.6494739710256
9110227.567152007,647.399693867709
9115571.267093983,656.5116575130694
9120914.453043617,665.5673462016389
9126256.888399782,675.4215715693846
9131598.533415528,685.2954630544855
9136939.593533168,694.5876501930709
9142280.119331714,703.7754339160058
9147620.005530624,711.8783837966431
9152959.641254803,719.2344342775439
9158299.02155205,727.0276953634337
9163637.933390524,735.7389853736804
9168976.31005376,744.4934167081977
9174313.99861677,752.8417027207772
9179651.15383238,761.3225679501878
9184987.713663101,769.101489275604
9190323.672850214,776.4968968133921
9195659.223626217,784.6071926182519
9200994.747511037,792.7417393867886
9206329.91479205,799.9404295009459
9211664.193496007,808.3617345375255
9216997.586843137,817.0053234355753
9222330.24716899,824.9033182062153
9227662.255949313,833.0338291053763
9232993.551746065,840.4771340568868
9238324.41360695,847.0493694224735
9243654.977070991,854.008082264852
9248984.979142591,861.8991082550586
9254314.285659634,869.8118510796075
9259642.856121507,877.211653557531
9264970.699557971,884.9009116032958
9270297.89495536,892.2110672882045
9275624.34458807,899.1121373747658
9280950.169423617,906.1394946227483
9286275.804383934,913.9241367977891
9291601.057746522,920.6575814937007
9296925.352979107,928.3705941323342
9302248.603490783,936.3495183902016
9307570.93545143,943.7779275156802
9312892.477563255,951.4860397087846
9318213.161941396,958.8085786631882
9323533.138900816,965.2154836148638
9328852.693625763,971.872053637034
9334171.592025531,978.8959022238942
9339489.61320799,986.8710959843038
9344806.78095662,994.3102622162478
9350122.879808601,1001.7075216710923
9355438.19266073,1008.9145798926374
9360752.626053385,1015.8465052148545
9366066.116179636,1022.8477521926002
9371379.046774713,1030.5613858681747
9376691.617711997,1037.3895869176038
9382003.004444866,1045.0700599702254
9387313.159592247,1053.1203661702743
9392621.837766422,1019.2462648187313
9397937.726228874,1026.5706140699328
9403252.585797599,1033.6937914022494
9408575.937463015,1000.8398159383391
9413897.377548764,1006.8101806171602
9419226.814304339,971.3851336559192
9424554.903761607,978.2548102931855
9429890.099693423,941.0865271197091
9435224.791832361,947.4868639389473
9440565.854716616,908.0837740911006
9445907.366116509,913.774898118068
9451254.576433945,871.5239857972801
9456603.333954459,878.1281417327641
9461957.795815548,833.5774436202331
9467314.20089389,839.9279576931881
9472674.959641734,794.3847706941618
9478038.074543167,801.2576976930618
9483400.832520556,807.7294439859907
9488763.163852217,814.2233648364618
9494125.040403295,819.7024528568845
9499486.877606517,824.9163674551396
9504848.532487864,830.3549597444057
9510209.86718294,836.6809821391994
9515570.876048712,842.9602773293418
9520931.313565733,849.035796358396
9526291.401826508,854.8956218325294
9531651.101624632,860.3284223052201
9537010.389812483,865.4899961910173
9542369.525272436,871.4750139032931
9547728.779596105,876.9005585755016
9553087.710229388,882.5000086382147
9558445.997084629,888.5866320808889
9563803.609406905,894.7471214905511
9569160.772080474,900.3869565882135
9574517.50075156,906.2018770138093
9579873.727140697,911.3045357005121
9585229.830836162,915.8938159366508
9590585.759229718,920.9125192751249
9595941.335436974,926.4462701061682
9601296.552839102,931.9998193259474
9606651.200849693,937.503886927793
9612005.37420107,942.8734124865907
9617359.172113692,947.8482836692333
9622712.500345968,952.6478628163236
9628065.562086128,957.9105087550099
9633418.739357803,963.0277517254952
9638771.619806154,967.9751405288605
9644123.800631708,973.4458124877104
9649475.24563357,979.0827641949753
9654826.180495484,984.3057273007478
9660176.611920651,989.6490062452386
9665526.531837301,994.4378928968006
9670876.187295586,998.6418764491419
9676225.720584854,1003.2002024699837
9681574.763211673,1008.35427883235
9686923.366363546,1013.5346469072647
9692271.482491344,1018.3751405970235
9697619.069319185,1023.463783146834
9702966.143800763,1028.0796811497005
9708312.727796465,1032.5191767715664
9713658.944350742,1037.2628251135893
9719005.17910308,1042.252110030362
9724351.159395533,1046.5541659863827
9729696.428695602,1051.6357211544141
9735040.948470114,1056.9806198979284
9740384.803467322,1061.8583877968533
9745728.171571163,1066.9131466293684
9751070.911215132,1071.5909689599534
9756413.258363154,1075.5548164429654
9761755.42149345,1079.8405380434867
9767097.125579258,1084.4355375565838
9772438.317589816,1089.4484713787335
9777778.992540415,1094.2017954740636
9783119.015304856,1098.981440458162
9788458.488334833,1103.3955741300651
9793797.422419881,1107.7090587201083
9799135.83080026,1112.0880811014065
9804474.141967112,1116.9152863186505
9809812.261263257,1121.1052929462235
9815149.595659995,1125.8638067761694
9820486.08278336,1130.9487276829143
9825821.80075563,1135.7073798747283
9831156.92138052,1140.5871128897284
9836491.361607082,1145.2572481354161
9841825.229319517,1149.1989065713806
9847158.8237379,1153.3121823368638
9852491.940665348,1157.6845259871916
9857824.521872686,1162.6366031891512
9863156.432418484,1167.3076798849884
9868487.524565576,1172.032689588107
9873818.026032528,1176.4951962313505
9879147.888528394,1180.7582144519138
9884477.073050514,1185.0111816002247
9889805.929399814,1189.7767100941644
9895134.626962405,1193.8779728381198
9900462.43957338,1198.5918367312731
9905789.365060246,1203.579490226928
9911115.341334105,1208.3368892805206
9916440.587761397,1213.1830568351274
9921765.070507448,1217.9734712732343
9927088.750071734,1222.169114322042
9932412.031015398,1226.3883480261215
9937734.695946187,1230.8484378386854
9943056.578927053,1235.787019712963
9948377.770676041,1240.6628022764
9953698.020999044,1245.4625611854572
9959017.476124087,1250.177144003918
9964336.096944202,1254.609711261403
9969653.859929511,1259.0333833214206
9974971.042558994,1264.0324734038209
9980287.853732182,1268.4721613696422
9985603.784603132,1273.2389289827029
9990918.576268166,1278.390094147175
9996232.195620188,1283.6398308175887
10001544.817894414,1288.7467067420368
10006856.468350062,1293.9619054744844
10012168.971784752,1268.0134856651666
10017486.906622605,1272.1747587466953
10022803.818604378,1275.6318916455318
10028130.446267426,1256.603047398446
10033453.852377634,1260.583085555926
10038786.262967125,1239.5233555270604
10044116.196803207,1243.2417704077384
10049454.650585677,1220.4161761961593
10054791.365109779,1223.7631714617894
10060136.17583506,1199.808081914816
10065480.543523123,1203.4071663771238
10070832.415043734,1178.06841655279
10076183.751863984,1181.8867351228962
10081541.717404177,1156.3133046525422
10086899.899341347,1159.9565350140833
10092257.644078303,1163.7739405450493
10097614.919906296,1167.1383266264945
10102971.962551093,1170.07374364912
10108328.896137008,1173.3291520513499
10113685.41745514,1176.9918148381685
10119041.559564013,1180.681964127057
10124397.246226406,1184.273135523637
10129752.421562485,1187.8366112209364
10135107.213143544,1191.0489177697375
10140461.565125382,1194.211412570598
10145815.560678422,1197.4885463018343
10151169.610347802,1200.9005148746264
10156523.448362375,1204.128689175448
10161876.6572208,1207.7126284896276
10167229.17559206,1211.5193371734129
10172581.15202059,1215.0122733187357
10177932.676940972,1218.6491587396513
10183283.66311789,1221.945274504707
10188634.336511102,1224.7530228109933
10193984.841366831,1227.7457900657168
10199335.04276183,1231.1815134678661
10204684.721848415,1234.8664803404738
10210033.860717438,1238.2239594678276
10215382.511737756,1241.5802475218886
10220730.697471268,1244.8313172015946
10226078.387184825,1247.8532703754906
10231425.677861724,1250.9279578846727
10236772.942791216,1254.3417451379194
10242119.991905296,1257.2507511709794
10247466.398565525,1260.6612873665772
10252812.091576153,1264.286184260283
10258157.1275877,1267.6933708589756
10263501.664106468,1271.1295850836273
10268845.639532303,1274.4318157336706
10274189.145861952,1277.2034395403955
10279532.446350172,1280.133381421705
10284875.346615002,1283.3601395631404
10290217.750172168,1286.9992832319078
10295559.646399772,1290.305167170984
10300900.915654443,1293.574115733409
10306241.640095163,1296.7237661801355
10311581.849154364,1299.7241142711782
10316921.533116445,1302.726015166535
10322261.005994331,1306.0938735837722
10327600.337566817,1308.957029490506
10332938.946250157,1312.347303738926
10338276.803141205,1315.919116251778
10343613.877966808,1319.3089799288048
10348950.382645478,1322.7500839829454
10354286.26664238,1326.084072375295
10359621.523710301,1328.9243772049495
10364956.52236348,1331.8707481925567
10370291.017849363,1335.0248012917625
10375624.976012608,1338.493461185756
10380958.371000377,1341.8127653444812
10386290.98048027,1345.2057229908598
10391622.96268893,1348.4278019131475
10396954.339687757,1351.466197256055
10402285.071850287,1354.460827699061
10407615.440891579,1357.9014794512332
10412945.624919219,1360.853552886328
10418275.061918478,1364.1993467800294
10423603.637169152,1367.7569378834155
10428931.302065749,1371.24679400559
10434258.274217732,1374.7262460710426
10439584.527530625,1378.1888339858501
10444909.989688218,1381.2526892463673
10450235.025618298,1384.2396490592942
10455559.494029889,1387.5059531458162
10460883.261329098,1391.1145160046567
10466206.38963966,1394.6111392599323
10471528.607364599,1398.0508253331243
10476850.043261869,1401.5862024909834
10482170.697599052,1404.8298553780953
10487493.177180812,1382.6288605802565
10492820.550177855,1385.9073267322642
10498147.015684182,1387.696536722532
10503483.676651366,1372.289880451024
10508816.86639977,1374.5515345714275
10514159.43582587,1358.383680408199
10519499.299030099,1360.569275231412
10524848.290749794,1343.2484358168742
10530195.396011867,1345.7894405169247
10535542.234236205,1348.0619136614205
10540888.868355352,1350.608934693464
10546235.022581723,1353.5534918904182
10551580.731115099,1356.3715063240836
10556925.892053591,1359.0906487791954
10562270.482751265,1361.8740906337644
10567614.625053639,1364.388787568018
10572958.249446966,1366.8734761509481
10578301.512912933,1369.4807184674705
10583644.710239967,1372.105053302162
10588987.553688679,1374.5345983338875
10594329.700037865,1377.3700207945221
10599671.115498258,1380.3706434228006
10605011.932220934,1383.0881006225413
10610352.215985278,1385.9716368590807
10615691.865239546,1388.5471559253601
10621031.13364507,1390.811954259539
10626370.124547672,1393.2733450146657
10631708.696584057,1395.9565565409937
10637046.751125887,1398.869652225105
10642384.199225193,1401.6590793310124
10647720.974809712,1404.3699019540127
10653057.223457325,1406.9403859097636
10658392.887172772,1409.446647738927
10663728.035362931,1411.976713674334
10669063.06719012,1414.703750982801
10674397.739376063,1417.2506114215225
10679731.636849845,1420.0604264474239
10685064.704445967,1423.0589460051206
10690397.069937892,1425.8504721227257
10695728.804960052,1428.7582584913198
10701059.859634703,1431.480095920469
10706390.338632973,1433.8229685795943
10711720.467007115,1436.3420429940224
10717050.091520052,1439.0369238494318
10722379.100592887,1442.087883872268
10727707.430788185,1444.9672157447994
10733034.9691431,1447.7407319397375
10738361.85923161,1450.4747626535618
10743688.059174659,1453.0917790564913
10749013.591907047,1455.7072145327566
10754338.805684995,1458.6426702224767
10759663.642282426,1461.2351516034664
10764987.594051102,1464.148145886695
10770310.652317723,1467.2656813465035
10775632.761736237,1470.2424588613521
10780954.167510021,1473.2691053144724
10786277.306925548,1453.4603724409392
10791605.16218144,1455.8338507180893
10796932.058185654,1457.043395420611
10802268.980328549,1442.8857029648798
10807602.926708795,1444.6481386236665
10812946.358764183,1429.5586354427764
10818287.214302203,1431.378955739515
10823637.021812005,1415.348885152072
10828985.265162664,1417.4352706530851
10834333.04845865,1419.455725807508
10839680.644311892,1421.8132794154812
10845028.202909121,1423.794098700252
10850375.216330199,1426.0794421251362
10855721.612448363,1428.5395492423556
10861067.336404156,1430.9019336722308
10866412.588171832,1433.2738563425441
10871757.330805382,1435.586614515732
10877101.539674273,1437.5808838108271
10882445.525890393,1439.4924184727697
10887789.203446299,1441.666841076465
10893132.455279475,1444.166307655752
10898475.241729265,1446.5291774662712
10903817.359807607,1448.8031185215978
10909158.985788079,1451.044553113516
10914500.121724933,1453.1803287861248
10919840.72523861,1455.1957993961366
10925181.040911803,1457.4834382778004
10930521.26892374,1459.661457136455
10935860.947216213,1461.8489401528593
10941199.941189,1464.2789234700474
10946538.200345118,1466.7297071964786
10951875.872589432,1469.0849532054156
10957212.993809931,1471.4696167360864
10962549.480069201,1473.5445476712255
10967885.624668144,1475.4940901994057
10973221.48431928,1477.5792901437662
10978556.794638166,1480.093741376316
10983891.534803143,1482.5408463914293
10989225.590088813,1484.8428927075947
10994559.049100528,1487.1798258517424
10999891.921628034,1489.3682065204116
11005224.164122133,1491.469515708835
11010555.993319403,1493.7494371690404
11015887.64718583,1496.074211543209
11021218.767857524,1498.2385369695357
11026549.109551279,1500.7072758692525
11031878.616592618,1503.2871519119994
11037207.425380968,1505.6722259547887
11042535.598204155,1508.1735667819999
11047863.019185577,1510.4327192608598
11053189.928860432,1512.4808746583305
11058516.418627683,1514.646058693888
11063842.34668651,1517.207206633406
11069167.622648932,1519.7907448238507
11074492.083960585,1522.301287070497
11079815.786600322,1524.7732897537828
11085141.787845317,1506.2666510199017
11090472.160569854,1508.3646623746072
11095801.3003725,1509.0494974910885
11101140.972703699,1496.4560578710314
11106477.711586632,1497.3138171248993
11111823.968030633,1483.8527877033982
11117167.465664692,1485.2038759735058
11122520.117424177,1470.957532197483
11127871.026671285,1472.9533985909
11133221.477798449,1474.8002271652178
11138571.57643795,1476.3486268161978
11143921.50405549,1478.0080307819992
11149271.17280993,1479.9449289167178
11154620.390536364,1482.0389010929136
11159969.126465976,1483.936049015535
11165317.338230258,1485.835527725197
11170665.109835442,1487.6904279093048
11176012.452220798,1489.4120755760987
11181359.407604218,1491.1356771995977
11186706.261045633,1493.0932888063505
11192052.939968936,1494.7466901656057
11197399.017230475,1496.6737278398293
11202744.479495507,1498.7760419872375
11208089.332009798,1500.7383727961535
11213433.7240127,1502.7084776685583
11218777.603501324,1504.6057678412985
11224120.99820066,1506.1798549639616
11229464.203894729,1507.8554110926348
11234807.065125244,1509.6952647260946
11240149.492359547,1511.722063094283
11245491.455142127,1513.669163393958
11250832.797917686,1515.655269693605
11256173.622797675,1517.5161054768876
11261513.984588686,1519.2878371482636
11266853.840032179,1520.991350232971
11272193.49265012,1522.953595015348
11277533.019214341,1524.6397263831955
11282871.90896673,1526.5974838074928
11288210.144798696,1528.6829661074273
11293547.6619086,1530.6560538341278
11298884.687447226,1532.6457621707762
11304221.116020903,1534.626123955639
11309556.960693384,1536.3012144138884
11314892.551041026,1537.9863321495116
11320227.751230177,1539.851838992688
11325562.450461531,1541.9594432793679
11330896.615933882,1543.959302281165
11336230.046253243,1545.967048820795
11341562.908872597,1547.914119798736
11346895.226358188,1549.7884481769177
11352226.929726435,1551.5533579383998
11357558.300829364,1553.562450643453
11362889.481847204,1555.372913761644
11368220.018820355,1557.3465969233343
11373549.810511082,1559.4784252146715
11378878.777627548,1561.6052886646785
11384207.13223201,1563.6770267806392
11389534.839354707,1565.7682380881733
11394861.792179378,1567.6356317926989
11400188.364288421,1569.3973069415879
11405514.475522095,1571.3257934346648
11410840.010593418,1573.5211378408915
11416167.011243338,1556.6829479667128
11421499.196778541,1558.589222220796
11426830.247500414,1559.5535814936438
11432170.726519074,1546.5192413995176
11437508.823710749,1547.4215105666517
11442856.012942288,1533.742194317336
11448201.830516795,1534.7773904530125
11453556.218884291,1520.4054097281062
11458909.1999737,1521.701096261384
11464270.095657479,1507.1427275970443
11469630.33335977,1508.6840912219955
11474990.216086859,1510.3042794422574
11480349.664621437,1511.6742397155379
11485708.936591353,1512.8826495370438
11491068.10016227,1514.2132732725768
11496426.96017938,1515.8719713366295
11501785.485024482,1517.4949829501766
11507143.594772967,1519.0118623415594
11512501.287257513,1520.6027379569803
11517858.612344911,1521.9947807366236
11523215.571509954,1523.3411461023152
11528572.295793569,1524.7603753955134
11533929.030628173,1526.2424271373739
11539285.54068075,1527.567061520718
11544641.535781851,1529.1634024900743
11549996.979206039,1530.858812551093
11555351.97684865,1532.356016277019
11560706.610542843,1533.9629595857095
11566060.774971621,1535.3727643589377
11571414.685393466,1536.5663909374068
11576768.450844938,1537.8880986301447
11582121.961003836,1539.3723961165788
11587475.115018882,1541.0103890113755
11592827.80009873,1542.605757446844
11598179.997384489,1544.1184155754854
11603531.847620707,1545.548214279837
11608883.266241664,1546.8921490461855
11614234.384388104,1548.2266812160476
11619585.497230725,1549.7770223781063
11624936.373759568,1551.086284724584
11630286.734853951,1552.6508250419333
11635636.501602042,1554.2937316999594
11640985.770462094,1555.8252966070897
11646334.603506858,1557.3797096899957
11651682.98913898,1558.8241357221007
11657031.015280796,1560.0386741676978
11662378.888334282,1561.3353808366085
11667726.457011793,1562.8923072136577
11673073.608537981,1564.5530196765806
11678420.286034208,1566.0676234158389
11683766.425146503,1567.5891685956144
11689112.129512992,1569.0486757358462
11694457.411912762,1570.4230152394375
11699802.313034892,1571.7886989725587
11705147.113594776,1573.3619780916824
11710491.73527312,1574.6851974692693
11715835.753715558,1576.2305340088205
11721179.16988562,1577.9144169488686
11726521.995323751,1579.4775117600543
11731864.368738465,1581.0618762840206
11737206.2334772,1582.5759108559628
11742547.618353104,1583.8286549547727
11747888.816024559,1585.163372388015
11753229.653145513,1586.6399947564914
11758570.075052273,1588.347999653696
11763910.004044617,1589.9287119543274
11769249.30895183,1591.552306349162
11774588.113314422,1593.0626343298488
11779926.452714296,1594.5110395332122
11785264.283720285,1595.8798273781224
11790601.92121468,1597.4598415392613
11795939.40464633,1598.8406821836652
11801276.274402216,1600.4141455926108
11806612.497507064,1602.1086960157254
11811948.014119072,1603.7215348121736
11817283.046142692,1605.3379803491573
11822617.48918472,1606.957644856211
11827951.349586226,1608.3226883760126
11833284.945008386,1609.6923314948383
11838618.16439295,1611.2120145497465
11843950.866730602,1612.963277157405
11849283.030144505,1614.609413701431
11854614.47234301,1616.2664832863459
11859945.341746412,1617.8846085162334
11865275.669052877,1619.4400660021138
11870605.378829863,1620.8964468140666
11875934.759736376,1622.5577899203365
11881263.932821317,1624.071034443183
11886592.48323021,1625.7019429099037
11891920.288305858,1627.4685084701023
11897247.276883036,1629.2480525265516
11902573.652211566,1630.9664209423286
11907899.383231495,1632.7147380859908
11913224.363375671,1634.2909918026053
11918548.94519177,1635.7661544541968
11923873.064115895,1637.3810746884928
11929196.61537531,1639.210486874146
11934521.506229073,1624.0167495786134
11939851.701124918,1625.5979040811158
11945180.816393608,1626.3587304407524
11950519.042985016,1614.154423315212
11955855.183655635,1614.8480791250458
11961200.111007875,1602.0926427133688
11966543.937632529,1602.89437236289
11971896.020717999,1589.5313330891465
11977247.027444948,1590.553038191989
11982605.629180923,1577.0280048392337
11987963.752693275,1578.000989014923
11993329.3139393,1564.080435685693
11998694.87378124,1565.1211126029227
12004060.295781823,1566.0152695087013
12009425.642532801,1567.0080785948148
12014790.753642429,1568.2901075539064
12020155.566611165,1569.5593428431405
12025520.010899372,1570.73123468937
12030884.095811808,1571.9634421151468
12036247.856836736,1573.0248100523677
12041611.305481657,1574.0457101376378
12046974.571273679,1575.1218686112243
12052337.889655821,1576.2453870870404
12057701.029598027,1577.2460334020507
12063063.72249563,1578.469261964635
12068425.928246066,1579.7828196744279
12073787.745264784,1580.9314260187562
12079149.255782252,1582.1695050646063
12084510.355593244,1583.231202465161
12089871.260472178,1584.1114679364455
12095232.063943967,1585.0851063182713
12100592.656882877,1586.3198034873137
12105952.933065437,1587.5942548423145
12111312.771194668,1588.8074681309984
12116672.233889798,1589.983350711711
12122031.380722549,1591.0850310894537
12127390.164877243,1592.094185782825
12132748.733556464,1593.1328647504502
12138107.319869764,1594.3119410268919
12143465.761834547,1595.249553495678
12148823.718071423,1596.4598986779813
12154181.1766369,1597.7674032214013
12159538.179356372,1598.9288453968018
12164894.847432435,1600.1374260481589
12170251.101472603,1601.2363271036247
12175607.072651625,1602.10697918598
12180962.950163385,1603.0894608183874
12186318.574964045,1604.1973921828333
12191673.918825047,1605.4415026998877
12197028.860795533,1606.6657145560782
12202383.316549892,1607.8322404074743
12207737.44898526,1608.9201822844875
12213091.204483021,1609.950049161105
12218444.65236736,1610.9348154890506
12223798.095932527,1612.1249359338542
12229151.400559152,1613.0871935318262
12234504.22160992,1614.2686585499048
12239856.518534834,1615.5305199457366
12245208.331490519,1616.7018506005238
12250559.77450072,1617.8908682884921
12255910.805446854,1619.01535133911
12261261.471647115,1619.9313451797443
12266612.01709672,1620.9086816649058
12271962.293699546,1622.0775365302406
12277312.20526462,1623.3726743921197
12282661.694560496,1624.5466525532904
12288010.682483625,1625.7006914471096
12293359.285072554,1626.830084530262
12298707.5050333,1627.8672773017138
12304055.369783804,1628.8715487270945
12309403.146827228,1630.09049647826
12314750.813608875,1631.0611355501167
12320097.982714703,1632.2632431109014
12325444.591346318,1633.5427797966777
12330790.603072625,1634.7665999214053
12336136.237205766,1635.9778523262025
12341481.397859957,1637.1883266292643
12346826.110316193,1638.1392763988658
12352170.674097046,1639.127454581653
12357514.963340241,1640.2078051844223
12362858.854258468,1641.52424208076
12368202.318363752,1642.7377040308058
12373545.198367478,1643.984736147262
12378887.627950413,1645.1603112131747
12384229.64305355,1646.2716059703891
12389571.193622358,1647.299745545488
12394912.582688345,1648.5137345527887
12400253.857199533,1649.5554740332816
12405594.633470695,1650.7155213600988
12410934.823424648,1652.006819379094
12416274.377146602,1653.2639652270607
12421613.474755159,1654.5011421541808
12426952.080171058,1655.7232149558367
12432290.158276187,1656.7661008591767
12437627.99688817,1657.7593612847352
12442965.556643378,1658.910239449283
12448302.647604011,1660.287460159856
12453639.26015257,1661.5608776415093
12458975.237379553,1662.809957643158
12464310.70101013,1664.0512792492182
12469645.69121395,1665.2281636282737
12474980.145605752,1666.3201006210606
12480314.326604128,1667.5735225526992
12485648.390565448,1668.7658212661074
12490981.916731149,1669.9582427830708
12496314.797225108,1671.3031632374884
12501646.963453239,1672.6609726714923
12506978.550820861,1673.9888933949655
12512309.588433053,1675.3254198368793
12517639.992695183,1676.492368819064
12522970.05057298,1677.5703898028366
12528299.75902011,1678.7091623711328
12533629.025233064,1680.0859616740352
12538957.710786644,1681.545553783048
12544285.700207153,1682.899174168127
12549613.071768455,1684.2460849248
12554939.858930767,1685.5288596975765
12560266.02124302,1686.7683328967692
12565591.752664901,1688.0908093375738
12570917.283677379,1689.4476673474546
12576242.264863467,1690.7241506535202
12581566.512273485,1692.1603629590998
12586889.948907675,1693.6800503240156
12592212.667611198,1695.1058156574334
12597534.758430883,1696.5970657199452
12602856.092922175,1697.9816853168602
12608176.887448683,1699.2128730244085
12613497.2485647,1700.5608433963894
12618817.016907115,1702.0190887631943
12624136.146211525,1703.6117011415306
12629457.292151358,1689.7041496056827
12634782.89231452,1691.078001201576
12640107.340787375,1691.2259874813483
12645441.223860903,1680.5916108299832
12650772.722214554,1680.8746146511953
12656113.533189338,1669.7246806882101
12661452.741720436,1670.0372911921247
12666800.312960092,1658.397258228376
12672146.422480887,1659.094254347105
12677500.539766893,1647.008528443291
12682853.859824888,1647.6939042327938
12688214.885296635,1635.2316548567978
12693575.739859603,1635.909596863826
12698936.53886075,1636.6483749051047
12704297.152085844,1637.5511914660544
12709657.455267237,1638.5804400116976
12715017.389910545,1639.523415594422
12720376.915918866,1640.445272287137
12725736.141088856,1641.3507367722202
12731095.029366368,1642.1471468579116
12736453.656922558,1642.91461956338
12741812.2784269,1643.8707239401558
12747170.832504865,1644.5896644217844
12752528.952854337,1645.5121845753397
12757886.620917914,1646.5377819060286
12763243.822468784,1647.474757999772
12768600.696224304,1648.4258927930512
12773957.205208957,1649.3222474310412
12779313.36324368,1650.0237169188636
12784669.455617536,1650.7628649816288
12790025.320230903,1651.6277367930882
12795380.899511239,1652.6696627749836
12800736.110867087,1653.6307624450899
12806090.837569237,1654.6101431935087
12811445.236135775,1655.5036510929815
12816799.293473916,1656.3495683774909
12822153.002978884,1657.0952832634746
12827506.690126393,1658.037391158517
12832860.298076421,1658.811100395089
12838213.50101163,1659.6913595339968
12843566.205667801,1660.7004719601398
12848918.40570242,1661.6665740833648
12854270.232988315,1662.6287845572701
12859621.67235901,1663.5394237830774
12864972.72372704,1664.2810950086705
12870323.660014288,1664.989424093662
12875674.416397573,1665.8537016511323
12881024.76655276,1666.926415525173
12886374.768160347,1667.8901380814987
12891724.294994943,1668.838181767855
12897073.414559755,1669.7714865879116
12902422.16552591,1670.6035032933933
12907770.5349231,1671.3760355220102
12913118.79548003,1672.3388666324734
12918466.998910503,1673.1409567247238
12923814.795706516,1674.059216879697
12929162.064721534,1675.0704391228594
12934508.755768118,1676.066341986904
12939855.07212681,1677.030908660055
12945200.967787111,1678.0041800716112
12950546.40028564,1678.7953838573535
12955891.661540413,1679.548556987601
12961236.706549501,1680.421103760178
12966581.347323958,1681.4644338376743
12971925.621936604,1682.461313612724
12977269.35024918,1683.4538397227693
12982612.628364114,1684.4147904318938
12987955.516446726,1685.3040270703298
12993297.94249046,1686.1286596255136
12998640.17998488,1687.0812516980588
13003982.3890389,1687.9598499542506
13009324.148806648,1688.8662264230902
13014665.371223895,1689.8996087305718
13020005.974743111,1690.9465860552023
13025346.096634211,1691.9601499809614
13030685.767752273,1692.9849254731223
13036024.905777594,1693.8522152866155
13041363.796261419,1694.6298774396505
13046702.44016576,1695.456273839094
13052040.746533705,1696.5090326824038
13057378.567436919,1697.6377081851633
13062715.8093762,1698.665367913027
13068052.559232274,1699.6834515056448
13073388.828877611,1700.6322869989333
13078724.596813923,1701.5270095763392
13084060.056313744,1702.4982907156418
13089395.42326483,1703.5093293049304
13094730.370011082,1704.436624723749
13100064.722180182,1705.511501705007
13105398.39735615,1706.6514529138235
13110731.492569031,1707.7115640059121
13116064.099372152,1708.8148879948717
13121396.099579718,1709.804127536489
13126727.714068666,1710.6560993174542
13132059.039748073,1711.5775943419887
13137389.970232273,1712.7039497662315
13142720.338012492,1713.8960002286865
13148050.064789742,1715.0631096245045
13153379.1836618,1716.1886934534414
13158707.786875844,1717.274604994789
13164035.78479075,1718.2844265421438
13169363.318787359,1719.2847183221304
13174690.6573084,1720.4584829842584
13180017.629044924,1721.4519306718862
13185343.897747288,1722.619809928529
13190669.402994292,1723.8824273039509
13195994.237675006,1725.0267576493754
13201318.451108709,1726.2929831295646
13206642.010319931,1727.4434755561913
13211964.98503082,1728.4524827067723
13217287.615068829,1729.5139684583323
13222609.740309011,1730.7022557804835
13227931.246506402,1732.0250051575151
13233252.048664998,1733.3376820030937
13238572.054752655,1734.6091934921335
13243891.43709101,1735.8572196905102
13249210.119783007,1737.0509795638434
13254528.15690049,1738.2350197846263
13259845.818284199,1739.6125117462966
13265163.081004035,1740.7721031739343
13270479.518332975,1742.123940288215
13275795.10837043,1743.5748883676222
13281112.871222313,1730.4443229858998
13286434.905589268,1731.6640132485597
13291755.634132857,1731.669124773854
13297085.811021,1721.690041812383
13302413.69361623,1721.6497259341736
13307750.763480123,1711.1706821214282
13313085.836486856,1711.5476043519213
13318429.53415988,1700.6065278523488
13323771.745106446,1701.0050401623607
13329122.07781632,1689.634442332442
13334471.565351252,1689.9665292830043
13339828.821752753,1678.0981507985193
13345185.963732991,1678.5658292336295
13350550.868745163,1666.4622375388878
13355915.89157219,1667.1279238209104
13361280.513031438,1667.8966237770214
13366644.680086797,1668.638757953239
13372008.56941151,1669.356425782365
13377372.151733758,1670.0582850407638
13382735.395013543,1670.5996440221056
13388098.575071966,1671.085788407389
13393461.651650269,1671.709420545718
13398824.437613904,1672.5276557514317
13404186.959274836,1673.2688570345258
13409549.065780053,1673.986038952423
13414910.844257634,1674.677710090289
13420272.339709569,1675.2741077986386
13425633.538626645,1675.8153003203206
13430994.694852687,1676.5301287550155
13436355.862281421,1677.115091996272
13441716.757180622,1677.7701966716586
13447077.210593192,1678.5247169909237
13452437.180216236,1679.2977956632217
13457796.84251265,1680.0071969973794
13463156.182262821,1680.734716394589
13468515.13580682,1681.294216551275
13473873.99422913,1681.7875447048173
13479232.76335464,1682.3219052921409
13484591.272365497,1683.118605856125
13489949.445400912,1683.9264219250936
13495307.191581802,1684.6277885021766
13500664.636267463,1685.352184965506
13506021.729987796,1685.9678440897585
13511378.505095378,1686.5262389324707
13516735.157073459,1687.213970208291
13522091.83474427,1687.832631757844
13527448.26109529,1688.4575707597876
13532804.237515846,1689.2025165138427
13538159.718967378,1689.9944268967836
13543514.802790321,1690.696876015622
13548869.591861397,1691.4275310137666
13554223.948192334,1692.052581284224
13559578.147319078,1692.5383007018422
13564932.216333978,1693.1187430891978
13570286.042173829,1693.8901285456402
13575639.53228849,1694.7003095181526
13580992.572570909,1695.420483804357
13586345.235146182,1696.139517028852
13591697.560860993,1696.7837165429653
13597049.517154101,1697.3801799282228
13602401.296337258,1698.025914788575
13607753.110466791,1698.7158092956552
13613104.64773683,1699.3168238181406
13618455.741835944,1700.0628810629116
13623806.312759252,1700.8723858171847
13629156.450435525,1701.597678458252
13634506.250792574,1702.3625783475343
13639855.606657214,1703.015265307745
13645204.722574288,1703.5276518705693
13650553.713099625,1704.111121043695
13655902.439983804,1704.886097171454
13661250.766529908,1705.6935407364329
13666598.670505745,1706.4308732366053
13671946.144232977,1707.1976975301416
13677293.225262731,1707.884840421742
13682639.932038529,1708.5185968293015
13687986.372991385,1709.1852673973865
13693332.763075523,1709.929266931696
13698678.992244625,1710.504170846284
13704024.682021149,1711.2791996978435
13709369.842232611,1712.1453550842668
13714714.503409425,1712.8812388949702
13720058.775639547,1713.6846338781888
13725402.59362772,1714.3942235870122
13730746.055765534,1714.9501899719485
13736089.396233054,1715.5766671684203
13741432.401750214,1716.3156786855013
13746775.055796964,1717.1528510463859
13752117.263126438,1717.9807891908138
13757458.935712876,1718.7717711789994
13762800.213528533,1719.4973389458578
13768141.064642426,1720.1797674355132
13773481.542288804,1720.830523260691
13778821.94579622,1721.646756750684
13784162.184147984,1722.2888907930142
13789501.865767322,1723.083362700828
13794840.97844,1723.9601464752623
13800179.546770059,1724.7582636258473
13805517.66720248,1725.6101799738194
13810855.313581256,1726.3899300552807
13816192.492845839,1727.0181687792608
13821529.506283278,1727.6813077630825
13826866.180798339,1728.4377753271808
13832202.45218591,1729.3544331484425
13837538.213664725,1730.22830104076
13842873.362990126,1731.1000512630687
13848208.072033582,1731.924134447479
13853542.313907888,1732.7145942941875
13858876.067166375,1733.403417063232
13864209.657948462,1734.2556425617543
13869543.055436637,1734.9910711664534
13874875.914464211,1735.8103227185752
13880208.162568757,1736.7374952356604
13885539.736452376,1737.6367578168902
13890870.84674059,1738.5178847438503
13896201.390887484,1739.433355410022
13901531.378027558,1740.167984642098
13906861.095914764,1740.8843550082959
13912190.486355286,1741.716996932263
13917519.363715887,1742.7429802218958
13922847.696093047,1743.6856321106322
13928175.341177324,1744.6401953300588
13933502.437284688,1745.581562854647
13938829.009873074,1746.4767470788058
13944154.978766402,1747.279682124136
13949480.629137205,1748.2390475290206
13954806.063362999,1749.1044752712498
13960130.954193985,1750.0291789150551
13965455.130010847,1751.0564829958316
13970778.52833748,1752.1234214594565
13976101.324903494,1753.1237369201697
13981423.494910903,1754.1804058811585
13986744.949741969,1755.1208978056975
13992066.010680368,1755.9682195242417
13997386.63710463,1756.9091139477066
14002706.72145529,1758.0130324000238
14008026.1490991,1759.1382407030017
14013344.825580362,1760.230912383129
14018662.824566254,1761.3855409421044
14023980.121221777,1762.4394025473857
14029296.736818092,1763.4654194472866
14034612.811069552,1764.558647052933
14039928.564673707,1765.6495409788004
14045243.707037712,1766.7302091680785
14050558.025100794,1767.9499084449467
14055871.431100708,1769.2318760574344
14061184.002722273,1770.4612430185207
14066495.84297421,1771.7413499829352
14071806.809947962,1772.9531061637183
14077117.117665155,1774.0488610308391
14082426.872925358,1775.2090651566532
14087740.214201376,1762.5331311248735
14093056.519418234,1763.7644775711879
14098375.482770655,1751.047002400568
14103698.277265575,1752.055458678716
14109019.828838727,1751.656865579506
14114351.032742439,1742.2315323317991
14119679.624140643,1741.9354454556717
14125017.848737886,1732.0080358688124
14130354.184446855,1731.8272891279535
14135699.215173151,1721.4215753104636
14141042.50968047,1721.578666630408
14146394.15127945,1710.7472281315827
14151744.696343355,1710.951043545762
14157103.273964768,1699.7746533986667
14162461.445172954,1700.1375864238444
14167819.572708119,1700.5348704390162
14173177.51668439,1701.1033049303487
14178535.150678743,1701.7460490967942
14183892.427467737,1702.3246219409045
14189249.297970295,1702.894886404183
14194605.86025382,1703.4261796114197
14199962.11728604,1703.8853948115848
14205318.118102474,1704.325149525589
14210674.119221842,1704.9100522681292
14216030.073439429,1705.2999080659729
14221385.598849405,1705.8562654580908
14226740.689548986,1706.510378257746
14232095.330480961,1707.0811699581648
14237449.64739045,1707.6865979227134
14242803.610324726,1708.2298423704601
14248157.224262819,1708.6145184086386
14253510.788349811,1709.0254174011068
14258864.14041419,1709.5310365459889
14264217.215703327,1710.2016964384907
14269569.914084172,1710.8199759660224
14274922.160709266,1711.392008880858
14280274.097742325,1711.954537829489
14285625.683849322,1712.4669712777202
14290976.94455246,1712.8833337850176
14296328.194667818,1713.496335185916
14301679.346994603,1713.930544224733
14307030.138913633,1714.4661529563973
14312380.441030854,1715.1111442523513
14317730.24381808,1715.7427105089737
14323079.683743225,1716.3508157139152
14328428.745915346,1716.9308794003996
14333777.423564892,1717.3647084555382
14339125.993668351,1717.7575361673728
14344474.394198192,1718.2955087001164
14349822.39649265,1719.0010002558229
14355170.060844261,1719.62672557651
14360517.265493019,1720.2542217709831
14365864.069549436,1720.856173971105
14371210.519835275,1721.3717635280368
14376556.592719944,1721.8236907159173
14381902.55939923,1722.4391618348136
14387248.477753183,1722.9197285083203
14392594.023481427,1723.4953775535096
14397939.063644445,1724.1572000159076
14403283.53918672,1724.8170092036767
14408627.649435274,1725.4435217108885
14413971.34884094,1726.0922845948396
14419314.595958248,1726.5794460261948
14424657.67450293,1727.0277792407237
14430000.556004541,1727.5804248245688
14435343.048530925,1728.2812300884532
14440685.178232208,1728.9499346078292
14446026.77350166,1729.6196006411872
14451367.932287727,1730.2605259657842
14456708.711226128,1730.8389841817836
14462049.046674423,1731.3758096105225
14467389.18299007,1731.9883667713254
14472729.29422561,1732.556831315437
14478068.977003304,1733.1406009313357
14483408.151695706,1733.8347343283554
14488746.722164953,1734.5497680201345
14494084.825006472,1735.233074042914
14499422.494587442,1735.9360892979116
14504759.632097194,1736.5139461570402
14510096.53880529,1736.9926671682354
14515433.207844147,1737.5124696019734
14520769.554267872,1738.232144110334
14526105.435114022,1739.0363196217572
14531440.752965014,1739.7407792713138
14536775.594089635,1740.4570912466152
14542109.963287773,1741.1029670206146
14547443.84123726,1741.7018682173934
14552777.41837947,1742.345572464016
14558110.911582284,1743.040604248834
14563444.006586904,1743.6477447472776
14568776.53966122,1744.3926408678462
14574108.425573183,1745.2074760261764
14579439.736637646,1745.9509728271703
14584770.576219615,1746.7377671858071
14590100.820806688,1747.4353510207106
14595430.684656287,1748.0008360689615
14600760.281789953,1748.623279872577
14606089.488863321,1749.44002990775
14611418.167592388,1750.3081932075215
14616746.231381299,1751.176961410476
14622073.67354902,1751.9889644478865
14627400.626898076,1752.7595936333669
14632727.000812365,1753.4808843150806
14638052.90116231,1754.1986979153728
14643378.614277706,1755.0185328696473
14648704.03066116,1755.7139283690678
14654028.730931832,1756.5728219489047
14659352.7135611,1757.5268579409235
14664676.016822327,1758.378626385315
14669998.71928556,1759.3271996223943
14675320.792728912,1760.1770480697994
14680642.278121892,1760.8993224652836
14685963.444092376,1761.6656917370074
14691284.11296568,1762.5111793624365
14696604.226173801,1763.5246080191916
14701923.649814354,1764.5138624118053
14707242.299315266,1765.475160791344
14712560.319697818,1766.4182190903898
14717877.695566602,1767.3127554541588
14723194.4374752,1768.1858800711934
14728510.81740107,1769.2341825802891
14733826.819606472,1770.0873804625
14739145.394466626,1757.3059951609218
14744467.892543344,1758.2412493953166
14749788.96199895,1757.8895793100635
14755119.624152109,1748.4101457712445
14760447.685573358,1748.178562817611
14765784.848348657,1737.9520701895258
14771120.275442993,1737.6592251871318
14776464.604892563,1727.0293775322355
14781807.4514995,1727.1370742012107
14787158.618989158,1716.1990402867966
14792508.75746721,1716.2951485476722
14797866.786598766,1705.0066427829815
14803224.362010518,1705.0285569607743
14808589.531077232,1693.331936584757
14813955.029909465,1693.7189784392554
14819320.587416856,1693.9764411459118
14824685.869602812,1694.320326736821
14830050.77682635,1694.7664436259756
14835415.248573085,1695.1975282324954
14840779.458674563,1695.602956951816
14846143.380646385,1696.0008500399188
14851506.982297674,1696.2501264595855
14856870.533021353,1696.4412848641994
14862234.004283499,1696.7594804851637
14867597.210360805,1697.2629028800554
14872960.16225288,1697.6983549419144
14878322.716960892,1698.1054032838645
14883684.972245075,1698.4925512873585
14889046.9591192,1698.789755060132
14894408.674264854,1699.0323844063696
14899770.363637835,1699.4342873727587
14905132.080510743,1699.7136438565003
14910493.564191502,1700.0529384474262
14915854.633268658,1700.4925637896374
14921215.242635438,1700.9578367289976
14926575.561510006,1701.3621061058243
14931935.57878888,1701.7888761531972
14937295.227186203,1702.0608132015257
14942654.800074734,1702.262760647203
14948014.316335239,1702.4996376824238
14953373.589354964,1702.9912761867615
14958732.541724365,1703.4869023416202
14964091.102607561,1703.8846756204534
14969449.383744046,1704.3126470825453
14974807.335733412,1704.6312208619122
14980164.992787082,1704.8993704500917
14985522.549104717,1705.276858883163
14990880.150352277,1705.5989246607521
14996237.532883529,1705.9150049816583
15001594.497164529,1706.3534515317851
15006950.996017521,1706.8402428754014
15012307.114890676,1707.2452802087953
15017662.965992507,1707.6780449338876
15023018.405716358,1708.0111924454918
15028373.71280319,1708.210519192072
15033728.919698846,1708.4751886676518
15039083.918171622,1708.9457644034178
15044438.599118033,1709.463447791371
15049792.861865874,1709.883525329169
15055146.77998775,1710.3088893072509
15060500.379408933,1710.6579980917804
15065853.636773318,1710.9571539901785
15071206.746012475,1711.2982379262075
15076559.912619451,1711.6892288140389
15081912.841387909,1711.9844014923685
15087265.363910038,1712.4283969573441
15092617.395753728,1712.9379633492595
15097969.015884135,1713.365746477606
15103320.331593238,1713.83556224864
15108671.23258436,1714.201535127829
15114021.917227726,1714.4267481605182
15119372.514749577,1714.7201017276896
15124722.868384335,1715.2003532065653
15130072.855868928,1715.717162325622
15135422.447871065,1716.1575606151762
15140771.636532748,1716.626532323917
15146120.478123989,1717.0018931387015
15151468.974333825,1717.3468878951235
15156817.225021305,1717.717674958908
15162165.467763541,1718.1428749784761
15167513.584397675,1718.459258770479
15172861.194348492,1718.9211910491483
15178208.305627417,1719.4897255718058
15183554.967810387,1719.9230224767123
15188901.266669363,1720.4457767054027
15194247.141385674,1720.8616526169612
15199592.698700361,1721.1216163129052
15204938.161734346,1721.4476577197045
15210283.357234186,1721.858683191858
15215628.247016348,1722.3890420435862
15220972.70959067,1722.9332564788695
15226316.68745169,1723.4218161579197
15231660.321890019,1723.8595725167493
15237003.55448282,1724.2409638424717
15242346.457376659,1724.5857406110424
15247689.329678733,1725.0876292318198
15253032.062149884,1725.4097178133193
15258374.313187674,1725.8942685526172
15263716.039065732,1726.4533083919284
15269057.266729562,1726.9519677246542
15274398.082972279,1727.492814464438
15279738.483597418,1727.9730109239654
15285078.46686454,1728.307902519367
15290418.318201255,1728.6675172714965
15295757.893184323,1729.1204865030356
15301097.092664294,1729.7379390770398
15306435.822580429,1730.3006860181758
15311774.02270637,1730.8229480590578
15317111.82884457,1731.3480663561625
15322449.189224584,1731.8120884217724
15327786.146792348,1732.1937571887504
15333123.008917436,1732.7844219208632
15338459.68131804,1733.1745548013753
15343795.908743031,1733.6672976868028
15349131.552824276,1734.2787420938882
15354466.599634396,1734.8703491423225
15359801.192670789,1735.4607796755956
15365135.295987435,1736.0356475142573
15370468.92480289,1736.4447976442575
15375802.34185329,1736.8271913378771
15381135.501344535,1737.3175407145425
15386468.192765353,1738.0380806825265
15391800.423229696,1738.6578434955545
15397132.063651087,1739.2766015251295
15402463.2036552,1739.8908161034517
15407793.857581824,1740.4279833962778
15413124.027361289,1740.8978328009198
15418453.978202026,1741.5410955965294
15423783.741394212,1742.044701408872
15429113.037209796,1742.5959225471427
15434441.712951642,1743.282387534419
15439769.693622911,1743.9888853380212
15445097.159299785,1744.6534131361998
15450424.076852558,1745.3521761549998
15455750.40293553,1745.9102506050594
15461076.40086778,1746.4053917261756
15466402.111457065,1746.9514127539805
15471727.316434119,1747.7496394198322
15477051.941380905,1748.5673465582834
15482375.88639798,1749.2869787653206
15487699.26212417,1750.0137277655156
15493022.081996206,1750.6974633355833
15498344.290853167,1751.3537628982385
15503666.099808184,1752.0479603173212
15508987.73094502,1752.7512512891035
15514308.825204553,1753.4305283498352
15519629.216612052,1754.2428126712553
15524948.823061826,1755.1209059447133
15530267.742683694,1755.9454338360088
15535586.048794359,1756.8122635860545
15540903.61278649,1757.5880037557254
15546220.686929394,1758.2499656479777
15551537.344515031,1758.9936309600319
15556853.468214005,1759.932118152919
15562168.881537436,1760.9026195661252
15567483.539382773,1761.8163482487505
15572797.443000207,1762.7894854280612
15578110.635674058,1763.6866156623164
15583423.113677094,1764.5688455572422
15588738.257777238,1751.302650239361
15594057.803385613,1752.1062594782006
15599376.31518342,1751.422328373923
15604704.293173857,1741.5276842632618
15610029.501178898,1741.3112272692033
15615363.725380769,1730.7556474799485
15620695.917731484,1730.6440313292387
15626036.74220809,1719.504411393367
15631376.174279993,1719.257515102675
15636724.100359412,1707.555292139021
15642071.25457555,1707.5479516101755
15647426.248108242,1695.750809805107
15652780.821920171,1695.817005380734
15658142.744254349,1683.650521723142
15663504.845604826,1683.869573159645
15668866.684928073,1684.036061243088
15674228.298183158,1684.1687543069393
15679589.986385765,1684.4536483166903
15684951.661188776,1684.5640105422485
15690312.949884724,1684.8244279505125
15695673.833557071,1685.1752238376391
15701034.328746654,1685.46359612498
15706394.535719918,1685.7807843683586
15711754.442643052,1686.0379788313026
15717114.056817312,1686.1295432207835
15722473.648313688,1686.242047446856
15727833.092115555,1686.4851721359933
15733192.254658114,1686.8788245603532
15738551.0827376,1687.188455289152
15743909.532171857,1687.463786241342
15749267.705283618,1687.7356526614333
15754625.582609516,1687.9109359648264
15759983.200884247,1688.048632888199
15765340.841149457,1688.3507573464192
15770698.487713603,1688.4465686129531
15776055.772709759,1688.7381319919978
15781412.633216579,1689.104228890318
15786769.021596627,1689.41153613803
15792125.14886982,1689.7292122094855
15797480.916880812,1690.0458984754457
15802836.367594976,1690.151561657985
15808191.769581594,1690.2522901666564
15813547.049612602,1690.4538472076954
15818902.03952736,1690.876811050804
15824256.706866613,1691.2079449026876
15829610.920495417,1691.5310151252825
15834964.850951767,1691.8200881381201
15840318.464911351,1692.0533061602584
15845671.761432787,1692.178424088439
15851025.053751795,1692.50356292413
15856378.327395866,1692.6567011748214
15861731.285057465,1692.9031208751196
15867083.782065203,1693.2662597456683
15872435.786758551,1693.6465674713104
15877787.463992277,1693.9733018998054
15883138.803535195,1694.3102151687135
15888489.751689553,1694.4700393368832
15893840.617600033,1694.5959485782664
15899191.323141942,1694.8297408513274
15904541.71323614,1695.21763239384
15909891.813625846,1695.5748130980262
15915241.454002568,1695.9392052143853
15920590.729075296,1696.2500301223654
15925939.69090165,1696.4873066654736
15931288.29060087,1696.6543271842474
15936636.80038749,1696.9841197127962
15941985.311546404,1697.1778967087132
15947333.521739097,1697.4430189228506
15952681.258990131,1697.8191988583578
15958028.464736931,1698.223765876748
15963375.31563576,1698.5730255854328
15968721.79830006,1698.9482651557853
15974067.841271596,1699.1621539479008
15979413.748746129,1699.3003732711657
15984759.522981094,1699.4540388610244
15990105.016439246,1699.9030462588232
15995450.12373467,1700.365815358796
16000794.750757566,1700.713967293356
16006139.009878831,1701.070823099475
16011482.898113498,1701.355923140136
16016826.385339292,1701.5911143382964
16022169.707415171,1701.8886080379082
16027513.049444638,1702.1876427287136
16032856.044062698,1702.4562531737804
16038198.570695624,1702.8583056885684
16043540.534840582,1703.3134148783186
16048882.038618354,1703.716271573187
16054223.177594893,1704.1437852186846
16059563.838660967,1704.4617000462304
16064904.255495304,1704.6371066497927
16070244.527131505,1704.915927054311
16075584.4515618,1705.3778857566695
16080923.949843762,1705.8443422478067
16086262.989594402,1706.2468205008088
16091601.584931595,1706.705004790954
16096939.742565623,1707.0399507305149
16102277.474057602,1707.3320779235619
16107614.93291348,1707.65574055543
16112952.368847655,1708.069259657066
16118289.497805094,1708.3348466645914
16123626.122585602,1708.7865563858281
16128962.151420258,1709.3227488420055
16134297.639613971,1709.769079584933
16139632.696433019,1710.2513212433341
16144967.265875243,1710.6595461630245
16150301.45437903,1710.9150702140107
16155635.477773855,1711.2495946198417
16160969.12564876,1711.756903936845
16166302.340960328,1712.3112042740386
16171635.017557193,1712.808829050247
16176967.175548092,1713.3083812977745
16182298.875085479,1713.7887414645957
16187630.077236544,1714.1762024611396
16192960.889518993,1714.5753156916585
16198291.56743395,1715.1090920758975
16203622.024832247,1715.4152224938293
16208951.87952556,1715.9415130474097
16214281.109827628,1716.5706826623157
16219609.70788348,1717.1140934591724
16224937.801209426,1717.7067248321787
16230265.3570607,1718.2449659857498
16235592.385794334,1718.637492043474
16240919.17647924,1719.0579469054917
16246245.586318407,1719.6253180430567
16251571.463396266,1720.3302239456225
16256896.749025078,1720.9638615499273
16262221.382387146,1721.5673006992963
16267545.491163556,1722.1829089265152
16272869.036929619,1722.7141284822412
16278192.038840545,1723.1975321964455
16283514.817161474,1723.9138707030397
16288837.276751058,1724.4019575812722
16294159.139727816,1725.0045785355233
16299480.273584465,1725.7527842637692
16304800.64731917,1726.4752234414552
16310120.439341417,1727.2076645446207
16315439.564925117,1727.9560779746885
16320758.033714827,1728.526126646132
16326076.13396348,1729.069912701005
16331393.805699045,1729.7548949853435
16336710.859893039,1730.6674331994886
16342027.252722966,1731.4823973910302
16347342.829661228,1732.3147170159277
16352657.739808911,1733.1377485504909
16357972.001148172,1733.918096659527
16363285.523706786,1734.6218820032384
16368598.604740767,1735.528028428145
16373911.319675671,1736.297178392189
16379223.371296326,1737.1431844970318
16384538.812165586,1723.0049424411168
16389857.13863702,1723.8399437238456
16395178.26249869,1709.5271063873945
16400503.396360446,1710.1623810764927
16405827.169418348,1709.287693683736
16411161.084107282,1698.6149904628205
16416492.438119167,1697.8944835268787
16421833.322394527,1686.8699400648727
16427171.948712658,1686.4558146247214
16432519.595950024,1674.7859880989315
16437865.50369701,1674.4700213360804
16443220.087723963,1662.263538333081
16448573.437328234,1661.8498719257725
16453935.304628126,1649.3039849032807
16459296.931265378,1649.3469144305875
16464658.38342496,1649.3544707587073
16470019.456011811,1649.5251167013348
16475380.081666574,1649.7738929337297
16480740.373199308,1649.9320617367325
16486100.393949065,1650.1356706070185
16491460.057012826,1650.1865198864512
16496819.586544305,1650.0981546918345
16502179.078507295,1650.0876635707343
16507538.351785826,1650.3108606507644
16512897.328076063,1650.5462711568134
16518255.975187693,1650.7011445062785
16523614.295157978,1650.8976175901842
16528972.309704445,1650.9600690853842
16534330.029356103,1650.9804303414305
16539687.60185606,1651.0334808297503
16545045.27312261,1651.160986520825
16550402.789627291,1651.1344825074193
16555759.92132198,1651.3161617900437
16561116.595079027,1651.592105629729
16566472.87847873,1651.7470440441048
16571828.891743906,1651.978919382002
16577184.526451204,1652.0809275580123
16582539.965506325,1652.0097783418364
16587895.344858047,1652.0055098882392
16593250.574776843,1652.1274467374324
16598605.495542292,1652.4043769866291
16603960.0248546,1652.6464469792684
16609314.185981601,1652.8146341288723
16614668.077657126,1652.9539151446595
16620021.622617502,1652.9961967907846
16625374.95879842,1653.0246845419035
16630728.360481054,1653.2171768918336
16636081.641273353,1653.1946554236238
16641434.526353536,1653.3833100530371
16646786.928781215,1653.6545884960306
16652138.928751342,1653.8448811343671
16657490.586749243,1654.0757337161879
16662841.897448648,1654.221928980298
16668192.917582655,1654.1925742389772
16673543.893350895,1654.1928347936787
16678894.643061789,1654.3684058750837
16684245.105254713,1654.6810743238857
16689595.207452564,1654.9104711489153
16694944.873596534,1655.1114967313433
16700294.213045156,1655.2514123086553
16705643.232135963,1655.3373125015744
16710991.963217441,1655.3994137317868
16716340.719228873,1655.6228426665275
16721689.422190096,1655.6333582720742
16727037.664926633,1655.8215926246194
16732385.438020954,1656.1384572197258
16737732.732979039,1656.383118949823
16743079.683498383,1656.6589566297919
16748426.253953675,1656.8771029888405
16753772.442880498,1656.8892410652263
16759118.566745998,1656.9306277671021
16764464.455753664,1657.0799021715177
16769810.03937037,1657.4528106544878
16775155.23436752,1657.7284526674432
16780499.921885055,1657.9889029715855
16785844.296653632,1658.2136761626884
16791188.284618575,1658.378617609473
16796531.923819315,1658.4440368405549
16801875.533471916,1658.7263031577236
16807219.05347451,1658.7869188615648
16812562.16627771,1658.972243316582
16817904.766144775,1659.3115868527707
16823246.82834645,1659.607866043802
16828588.5080276,1659.9212529269114
16833929.76577995,1660.2000095777485
16839270.610857416,1660.2825977836728
16844611.323221166,1660.3287542466157
16849951.832194477,1660.4976675897428
16855291.949968066,1660.9314725992135
16860631.700979173,1661.2552758567854
16865970.935626462,1661.564660103606
16871309.747325767,1661.8557940679148
16876648.14738733,1662.0456489102935
16881986.152086195,1662.1823473339841
16887324.031987503,1662.5258405996763
16892661.82941672,1662.6603293560731
16897999.24132321,1662.896464536518
16903336.083928857,1663.2808292638879
16908672.320257004,1663.6970728687375
16914008.104388665,1664.064618418583
16919343.44294546,1664.4361633240032
16924678.275417212,1664.6476959273482
16930012.887299575,1664.7697964708027
16935347.2604925,1665.0292567242584
16940681.208914705,1665.5088246471273
16946014.704768382,1665.921219155169
16951347.672327124,1666.2962782501052
16956680.180657964,1666.7366731483003
16962012.19157691,1667.018922494512
16967343.736880906,1667.2605693132882
16972675.017941702,1667.6425264211107
16978006.20839708,1667.9783313295225
16983336.974806067,1668.2575002661574
16988667.14291243,1668.7218927151246
16993996.63333795,1669.2508518988343
16999325.547390983,1669.7112542364653
17004653.99119979,1670.227030206321
17009981.839215018,1670.6166642477733
17015309.333774384,1670.8430264311567
17020636.572788134,1671.1973028332322
17025963.33691984,1671.7662784770614
17031289.558826372,1672.3441069347764
17036615.202994537,1672.8407588141952
17041940.26875155,1673.382669804661
17047264.77452677,1673.8170955010341
17052588.715688292,1674.2271089188746
17057912.246702343,1674.6710404233042
17063235.63440498,1675.2058136622393
17068558.602997564,1675.5713326414893
17073880.90961224,1676.164286303078
17079202.44319045,1676.8566467152725
17084523.312940177,1677.4684470157035
17089843.5531866,1678.1923219655491
17095163.152092405,1678.776525752353
17100482.198737025,1679.1913355644633
17105800.897760086,1679.6760578595715
17111119.09520699,1680.2878192172943
17116436.718834896,1681.0673757471995
17121753.64331493,1681.8598939969363
17127069.803202007,1682.598476375134
17132385.33484954,1683.2910389615563
17137700.175340828,1683.9410168978325
17143014.372523595,1684.5841798650342
17148328.26330721,1685.4226497259046
17153641.761627827,1686.0277665926665
17158954.40796536,1686.8545071745093
17164266.205513354,1687.83437043711
17169577.104853224,1688.7560741806353
17174887.23992611,1689.7259170387213
17180196.595046274,1690.6756817544403
17185505.118132643,1691.4610063477894
17190816.837959643,1675.4686315261451
17196132.318484023,1676.199164246318
17201446.33531875,1675.5975669934578
17206770.486140452,1664.1916330665194
17212091.32431614,1663.6339063696923
17217421.780944224,1651.3286590166902
17222749.6922479,1650.857406334221
17228086.697751205,1637.5931001398446
17233422.127721302,1637.3522336575545
17238766.488045294,1623.43906289816
17244109.526888654,1623.1538132718924
17249460.55866438,1608.978837027482
17254810.66351517,1608.889876426211
17260168.489697758,1594.22731281258
17265526.06317058,1594.0806963943915
17270890.94700956,1578.8149860453927
17276256.34425079,1578.5536656223503
17281621.638099425,1578.4242959165094
17286986.703213833,1578.5014915923693
17292351.557796452,1578.5567587214791
17297716.020652995,1578.5812428545262
17303080.220107347,1578.546092812586
17308444.171458866,1578.434081558097
17313807.837865192,1578.232913435225
17319171.494185027,1578.194082690564
17324535.272620533,1577.9821992115765
17329898.783052184,1577.8665393964507
17335261.913986158,1577.9311129212124
17340624.592201505,1578.0026595472227
17345986.98183471,1578.040203945849
17351349.09951436,1578.057953985819
17356710.87565944,1577.8968476823002
17362072.598963644,1577.6142497310861
17367434.238696598,1577.479440336662
17372795.636494115,1577.5824919322629
17378156.802240223,1577.6084090316178
17383517.598795306,1577.623078468159
17388878.06427612,1577.6507474786347
17394238.284579873,1577.5307270618257
17399598.19594025,1577.3805011351685
17404958.051352102,1577.3383455762994
17410318.036481053,1577.2073367079217
17415677.75803502,1577.0739618255664
17421037.085435446,1577.1362404141225
17426395.936558504,1577.2562543903057
17431754.464521404,1577.2830437471482
17437112.688950572,1577.3663434584896
17442470.545213535,1577.217570146061
17447828.303779274,1576.9468622856966
17453186.01008641,1576.7504370055003
17458543.4892945,1576.8794223488633
17463900.65801032,1576.9765045859226
17469257.45655865,1576.9799479233197
17474613.942515813,1577.052403000693
17479970.1108052,1576.9475191579022
17485325.98131426,1576.8140929733393
17490681.72270695,1576.767312510908
17496037.546841122,1576.6680629605153
17501393.187393963,1576.5093024538462
17506748.394901004,1576.568225253616
17512103.11221429,1576.7369517191146
17517457.467287023,1576.7538123136685
17522811.51680572,1576.8709116269954
17528165.16857058,1576.7826479292062
17533518.65968936,1576.524655785484
17538872.059566554,1576.3346493644938
17544225.247020848,1576.4581066862784
17549578.142926212,1576.6199885766714
17554930.65347049,1576.6604222507844
17560282.77604463,1576.7045904198728
17565634.590524774,1576.6319701781301
17570986.062963083,1576.5237495823758
17576337.357213404,1576.448972436809
17581688.740848955,1576.4686735056157
17587039.94432375,1576.2701108829174
17592390.705114234,1576.3513637241151
17597740.95698528,1576.5349930601246
17603090.773024026,1576.5961981440169
17608440.25843655,1576.7004942069027
17613789.361827377,1576.7037177381499
17619138.194121275,1576.482068322592
17624486.96752656,1576.3670366322874
17629835.47276865,1576.4562737407955
17635183.672956005,1576.644855981997
17640531.49061951,1576.7087332686856
17645878.885506976,1576.7859063211397
17651225.92316429,1576.8076653796315
17656572.62432024,1576.7386381462622
17661919.044841077,1576.6923341467677
17667265.47873954,1576.7993647313472
17672611.81021108,1576.661973484345
17677957.64023443,1576.7662966276782
17683302.940907627,1577.0163645309253
17688647.74924194,1577.1481150054199
17693992.20039697,1577.3425644626745
17699336.229049176,1577.436527418266
17704679.90440598,1577.2635547816344
17710023.486531332,1577.1581737358479
17715366.811991088,1577.1977861794483
17720709.785965905,1577.500197235618
17726052.36393364,1577.6783649424538
17731394.45193349,1577.7928839213505
17736736.170771442,1577.8755634949198
17742077.48861265,1577.8650210705969
17747418.446293425,1577.82741340996
17752759.377042715,1578.0096481378494
17758100.22726483,1577.9156254656987
17763440.56729292,1578.0283541831218
17768780.361022685,1578.3027657174591
17774119.604223624,1578.491225316874
17779458.435035724,1578.725166997931
17784796.803752437,1578.8989339369928
17790134.747027684,1578.841018895844
17795472.552366942,1578.7524081251333
17800810.11859728,1578.854473648934
17806147.277436636,1579.2505109581648
17811484.003601138,1579.4921547933664
17816820.131975517,1579.7342775719098
17822155.8643092,1579.9207456716397
17827491.149736486,1580.0469928044986
17832825.989277285,1580.0727213019877
17838160.700921535,1580.3435398852646
17843495.330115058,1580.3432086968444
17848829.471241128,1580.5067891682768
17854163.00481854,1580.8627514383247
17859495.896322336,1581.2157426222236
17864828.296685804,1581.54842293166
17870160.223096836,1581.8526670882543
17875491.59930323,1581.957704569038
17880822.74524738,1581.9657473493808
17886153.597963866,1582.163551176232
17891484.001270074,1582.6356236486101
17896813.941314097,1583.0288183714981
17902143.242068354,1583.3635698225826
17907472.0434647,1583.682906072729
17912800.346091513,1583.925904961889
17918128.109120384,1584.08493343173
17923455.610373206,1584.4339223332497
17928783.009537768,1584.7204826598315
17934109.893800143,1584.9546735602864
17939436.119016197,1585.4298141312674
17944761.5941059,1585.9768499583683
17950086.49487135,1586.4158140767122
17955410.838429976,1586.9539166441605
17960734.509339556,1587.26847248299
17966057.836371318,1587.4254099270886
17971380.809754446,1587.6796312169965
17976703.30210465,1588.2681976080457
17982025.25076037,1588.9144728973777
17987346.509578783,1589.4233960120207
17992667.09835202,1589.9564750559591
17997987.115518153,1590.392758020257
18003306.503272053,1590.8334754305233
18008625.410964526,1591.3324098612725
18013944.10873179,1591.8589129533702
18019262.34430891,1592.232135042492
18024579.799521923,1592.9198241254333
18029896.403565653,1593.7616142606782
18035212.233216703,1594.4459800726936
18040527.408250872,1595.2749212466547
18045841.805358753,1595.954108705389
18051158.89356699,1576.8760824863994
18056480.369336206,1577.216423954513
18061800.605502356,1576.3733431235603
18067131.12923649,1562.7547542068367
18072458.396317795,1562.0292936646906
18077795.375962276,1547.2656127172456
18083129.78615946,1546.6502919261816
18088473.458327353,1530.840826478339
18093815.251985013,1530.1898302150282
18099166.244187564,1513.8334331470464
18104516.065995675,1513.0990833904998
18109874.15272213,1496.0680127334517
18115231.165978685,1495.827042946164
18120596.053790715,1478.2892851803085
18125960.613743506,1478.1741858869107
18131324.846521508,1477.966907378033
18136688.83905773,1477.4186620059415
18142052.846001048,1476.9505491492805
18147416.72932884,1476.6495153212743
18152780.34443068,1476.6608335324954
18158143.680663683,1476.5046206339432
18163506.671776816,1476.2987442472072
18168869.40294843,1476.0700088147491
18174231.846516434,1475.6975858345404
18179594.052149735,1475.2648403845915
18184956.354336843,1475.1002214255973
18190318.667926095,1474.6022562756057
18195680.62113295,1474.372477559374
18201042.141339205,1474.3272848096728
18206403.214114834,1474.2163569142947
18211764.018379588,1474.0827498084186
18217124.50411299,1473.922240172739
18222484.683630418,1473.408889444124
18227844.871596355,1472.933662722006
18233204.909843776,1472.605039551146
18238564.75361507,1472.560421292452
18243924.311038338,1472.4244556235167
18249283.407503933,1472.2716432149505
18254642.272331156,1472.0406440757927
18260000.8271762,1471.7181731607466
18265359.117326126,1471.2894969425984
18270717.456821166,1471.1654766505571
18276075.842375748,1470.6838939262198
18281433.858084884,1470.4414435567478
18286791.41683098,1470.4176084787614
18292148.517887633,1470.3156742420679
18297505.277316757,1470.2414398246615
18302861.723535545,1470.0588523527792
18308217.83026582,1469.618537492478
18313573.92449839,1469.1231371861961
18318929.877350096,1468.8396351079834
18324285.53602854,1468.788927728853
18329640.934517268,1468.6648872836317
18334995.903806623,1468.567867954917
18340350.550648816,1468.3675556250655
18345704.90623123,1468.04361549975
18351058.93936862,1467.6547556136245
18356412.925585844,1467.5067347890492
18361767.016379826,1467.0529968035648
18367120.732743487,1466.8203874005326
18372473.997803587,1466.798101272301
18377826.748599987,1466.7391727707518
18383179.1484726,1466.677028950326
18388531.216108598,1466.5707045175325
18393882.88908636,1466.2063322597512
18399234.488422804,1465.707671640351
18404585.937718924,1465.4064205202528
18409937.12812495,1465.455909055152
18415287.999467436,1465.4279952104755
18420638.395647362,1465.282212518308
18425988.48294599,1465.130304137659
18431338.217634175,1464.8442927159847
18436687.620791312,1464.48718779099
18442036.929838616,1464.3751701083438
18447386.260435548,1464.0609650886522
18452735.30112923,1463.816982609052
18458083.8191314,1463.8127549025521
18463431.783609778,1463.8859809117214
18468779.33100806,1463.7785816592154
18474126.551839385,1463.7835250092442
18479473.307091672,1463.531056741815
18484819.920993537,1463.070322222611
18490166.41518668,1462.8353842212528
18495512.546067595,1462.8845274887892
18500858.364773184,1462.8391816642434
18506203.75753714,1462.7320649314954
18511548.710344933,1462.7295048438089
18516893.308454443,1462.4793548782004
18522237.526166495,1462.227329659349
18527581.54059302,1462.1167437917497
18532925.587551214,1461.9165136131037
18538269.386969443,1461.6227244403976
18543612.630814254,1461.6455669510658
18548955.27492407,1461.818188300008
18554297.479874037,1461.777589443245
18559639.274413716,1461.88726454668
18564980.581780467,1461.7093808050076
18570321.654692125,1461.304380652847
18575662.562781118,1461.0040473457912
18581003.156556547,1461.1091158684771
18586343.405230887,1461.2385047380783
18591683.18851519,1461.2454796511893
18597022.451604337,1461.2491939545666
18602361.35251669,1461.1100605685808
18607699.812916223,1460.942791315946
18613037.970641933,1460.8187970953657
18618376.127720814,1460.8105970900908
18623714.024913725,1460.604623882873
18629051.350453354,1460.6893299503963
18634388.018177077,1460.9291364731043
18639724.16733772,1461.0238049867037
18645059.84172697,1461.2236019939216
18650395.012330797,1461.2510526810609
18655729.818172015,1460.9303253742266
18661064.43521622,1460.7390207672138
18666398.76421709,1460.739604337804
18671732.648610536,1461.0273032174073
18677066.01229903,1461.2110452871689
18682398.80842731,1461.32153941176
18687731.171028487,1461.3920194102498
18693063.027422026,1461.349255339311
18698394.436461143,1461.2643166673486
18703725.77307803,1461.4695951749054
18709056.905030865,1461.3350652203758
18714387.41044417,1461.50553064548
18719717.219737567,1461.884806996233
18725046.369158197,1462.1861497378875
18730375.012920856,1462.5209304451632
18735703.08657024,1462.7944558881516
18741030.614138916,1462.6642450735271
18746357.917940184,1462.6311824970776
18751684.820533853,1462.7429800128166
18757011.202843603,1463.2746082658975
18762337.099360425,1463.6231070252497
18767662.245406494,1463.9780486431484
18772986.89304477,1464.24791028302
18778310.981771078,1464.458569305401
18783634.485500824,1464.5753863302214
18788957.724794697,1465.013502734455
18794280.836536203,1465.0358936100024
18799603.235047214,1465.4761594019283
18804924.866901625,1466.088340946875
18810245.65243994,1466.632011956489
18815565.82329709,1467.2137399878163
18820885.33141999,1467.8039376866298
18826204.126044296,1468.0602388840164
18831522.57732675,1468.271223572643
18836840.52345854,1468.6892066185233
18842157.841729756,1469.4174607774873
18847474.58122666,1470.122655759968
18852790.494445533,1470.7716976428528
18858105.702923443,1471.402265575467
18863420.189256843,1471.8998050171606
18868733.97663331,1472.3747026572298
18874047.296173077,1473.1810373705935
18879360.285165343,1473.7285833316514
18884672.564513683,1474.3998645349263
18889987.326252166,1451.0729143881993
18895305.77434564,1451.8376519139952
18900626.015034325,1428.1564601767338
18905951.175651863,1428.6171396360976
18911275.12192791,1427.599398830862
18916609.49877962,1408.782631235028
18921941.065155406,1407.7809620790213
18927282.34642063,1388.223766104619
18932621.22502465,1387.7482821413296
18937969.18904435,1366.9014011671472
18943315.30688693,1366.3343692571766
18948670.120426077,1344.271715429724
18954023.649028067,1343.3561325806852
18959385.627622437,1320.4412496393616
18964747.374256033,1319.869714087511
18970109.018826954,1319.0840537696242
18975470.188405745,1318.7301561845602
18980830.840745438,1318.5541320522561
18986191.131733876,1318.0818088930466
18991551.118100908,1317.7995870470143
18996910.738616325,1317.192883098754
19002270.224399745,1316.2406922900218
19007629.686204575,1315.4856656133672
19012988.914031547,1315.1104467435628
19018347.90826732,1314.817013172305
19023706.55918242,1314.4098113157102
19029064.811289266,1313.942969297658
19034422.827127427,1313.3147566394114
19039780.501802478,1312.5951879564977
19045138.00368746,1311.971171443451
19050495.65125004,1311.5084479100997
19055853.150277127,1310.6960481809867
19061210.207554623,1310.3468153643098
19066566.746380847,1310.1532338250315
19071922.847087562,1309.7585482887448
19077278.64050588,1309.3973448877946
19082634.05264343,1308.8977994648565
19087989.24299092,1307.9607142664263
19093344.42802767,1307.2078265363089
19098699.369399138,1306.7862561554812
19104054.023804367,1306.5909201546958
19109408.354454283,1306.118855071863
19114762.28909211,1305.699900960048
19120115.885269556,1305.1398412307842
19125469.18493183,1304.464431920133
19130822.197531268,1303.8358562304393
19136175.310372166,1303.4329330116489
19141528.39675201,1302.7083766137055
19146880.980818544,1302.3448592156526
19152233.004546247,1302.216540503885
19157584.559865996,1301.888342775966
19162935.759640194,1301.6573723801082
19168286.570822235,1301.2573143812328
19173637.0934418,1300.3747951395176
19178987.571341768,1299.6042202539631
19184337.875850234,1299.1600692377745
19189687.773093216,1299.0771467194884
19195037.319759205,1298.7109069097903
19200386.45726165,1298.3584009885753
19205735.246667396,1297.9423905610365
19211083.671872545,1297.324510780669
19216431.748815253,1296.6411974073105
19221779.8590382,1296.3705475045454
19227127.966843832,1295.5834362298
19232475.60004174,1295.2228681665822
19237822.663013764,1295.1353205219752
19243169.157705855,1294.9347663960007
19248515.27347684,1294.7199132098622
19253861.002762422,1294.4177959726242
19259206.311484564,1293.6504621573545
19264551.577649016,1292.963621924511
19269896.598158535,1292.513533220661
19275241.259701148,1292.367022069085
19280585.58898221,1292.1263669791153
19285929.410069775,1291.8956064470692
19291272.834155075,1291.5248979165287
19296615.87297258,1290.9444033461314
19301958.52183665,1290.3611831372245
19307301.063478846,1290.257383927424
19312643.675477624,1289.528936100623
19317985.77358283,1289.3154172137858
19323327.275274385,1289.3212677896472
19328668.119499087,1289.2199751412015
19334008.537333913,1289.1325753802184
19339348.503572427,1289.0281769861922
19344687.982005887,1288.442756034469
19350027.35090165,1287.8014967964584
19355366.46197882,1287.366138842481
19360705.18400605,1287.3988811371078
19366043.51017711,1287.3639358495625
19371381.25205445,1287.2489753254442
19376718.584569737,1287.0724190868414
19382055.474147,1286.6657740795463
19387391.875417005,1286.1912430126279
19392728.04190625,1286.126953734959
19398064.29385501,1285.6505455299425
19403400.063766815,1285.426899678579
19408735.17763689,1285.5306320196632
19414069.564534746,1285.6818210324468
19419403.48796247,1285.6553518351059
19424736.87584271,1285.7694589035768
19430069.67957681,1285.396397986783
19435402.272502735,1284.8482908093542
19440734.59096118,1284.473739013187
19446066.472064793,1284.6892829869143
19451397.949518103,1284.7762266272166
19456728.815991856,1284.7973397834407
19462059.07473587,1284.892473638669
19467388.879710425,1284.68355525144
19472718.12035623,1284.4756891166323
19478046.9993816,1284.51656641694
19483375.846825287,1284.4519312346442
19488704.32155351,1284.254257136938
19494032.021383956,1284.5451976942568
19499358.912951868,1285.0657175753643
19504685.178970393,1285.262630154166
19510010.848639056,1285.7120448421806
19515335.85225557,1285.774857166525
19520660.454399128,1285.458306102141
19525984.772552997,1285.4640328316573
19531308.516523752,1285.9079774083034
19536631.714312658,1286.4025350076947
19541954.292250812,1286.7738136878615
19547276.132117137,1287.1690751308738
19552597.36627833,1287.3363821025312
19557917.98076774,1287.453831552576
19563238.00969239,1287.7548905917024
19568557.864678245,1288.2718362334201
19573877.353186384,1288.3150960894022
19579195.970980752,1288.9796077112424
19584513.668085676,1289.8595102936617
19589830.532265246,1290.57624934994
19595146.677648995,1291.3582456812753
19600462.045015253,1292.0255867182238
19605776.74246325,1292.2152068644727
19611091.01851547,1292.580099427208
19616404.704650052,1293.4333817650336
19621717.572416745,1294.6504146508594
19627029.664652128,1295.5544092230766
19632340.897260033,1296.4806601174084
19637651.347949132,1297.385189527407
19642960.961781345,1298.1375020621015
19648269.712715495,1298.9124692881949
19653578.0385926,1300.2104840632296
19658885.951293655,1300.9978148548385
19664197.49140129,1269.9747204331275
19669511.34728065,1271.1676379882279
19674827.86129168,1239.181653617771
19680148.08317478,1239.8868061013916
19685470.275997538,1207.1609200219941
19690797.216186326,1206.8213611697322
19696125.75845562,1172.8311435059927
19701460.187203478,1172.4293809137537
19706793.727241885,1171.6175329556695
19712137.673102792,1144.659322232307
19717478.390645873,1143.784783325247
19722828.96045698,1114.7016171170349
19728177.08240004,1113.307407370605
19733534.53538431,1081.9404228003334
19738890.450062927,1081.179315511678
19744246.615518752,1079.870284126002
19749602.368541673,1078.9381011371943
19754957.59205297,1078.4178203631327
19760312.255978346,1077.8096172999121
19765666.527087614,1077.0857867070445
19771020.46254566,1076.3806880849397
19776373.997781467,1075.0693440244684
19781727.51131599,1073.5636920062561
19787080.91654927,1072.2894795932648
19792434.014741216,1071.8369772164651
19797786.75799734,1071.1934036400282
19803139.04176811,1070.3435903394234
19808491.014091235,1069.607092361103
19813842.607108373,1068.402146727271
19819193.855887353,1067.1360304825844
19824544.981245153,1066.4865849904354
19829896.23882707,1065.3122375281512
19835247.23591215,1064.4037425799506
19840597.616744112,1063.9299857237052
19845947.363683786,1063.5899793940453
19851296.71283898,1062.812195997633
19856645.65564822,1062.316948528393
19861994.14900482,1061.2044793775788
19867342.55489202,1059.744858027549
19872690.821821462,1058.7083560240526
19878038.730866138,1058.1753319646523
19883386.344708677,1057.4982910750382
19888733.474879935,1056.837419190551
19894080.14430158,1056.2186272186616
19899426.497950092,1055.1689837231233
19904772.414137363,1054.076418740014
19910118.09384955,1053.3573299447166
19915463.951609842,1052.5431959986595
19920809.56237745,1051.5803805857915
19926154.521395724,1051.1930073794767
19931498.786139112,1051.0192047409778
19936842.59541534,1050.4899081676417
19942185.93633607,1050.152194818588
19947528.807851586,1049.2322129976887
19952871.483901348,1047.8324887551096
19958214.024165813,1046.6699095840388
19963556.1989901,1046.1566942660015
19968898.0060366,1045.917120845187
19974239.301281355,1045.4840190797645
19979580.10025928,1044.9492364629791
19984920.51365281,1044.1717385691513
19990260.426091693,1043.1769639698718
19995600.02392344,1042.434276276187
20000939.71679223,1042.076153016798
20006279.164069764,1041.09150618812
20011617.978981376,1040.8870379802675
20016956.06090213,1040.889461759634
20022293.53632082,1040.5714347933058
20027630.519780055,1040.4059144856142
20032966.97376144,1039.9202219506858
20038303.105117533,1038.726866239375
20043639.08949576,1037.8165996638343
20048974.74188052,1037.4639353315592
20054309.832369428,1037.5472721760284
20059644.389571387,1037.2386091315354
20064978.39765263,1036.9998635981392
20070311.93872779,1036.6441403554466
20075644.939727865,1035.9577800606007
20080977.478761192,1035.3178070345405
20086309.974669088,1035.4043297105159
20091642.348227218,1034.6318737795657
20096974.011063468,1034.6545004857167
20102304.865225278,1035.0192435462432
20107634.979350727,1035.0893189122132
20112964.536136534,1035.3066565828008
20118293.49049717,1035.341046146826
20123621.940349482,1034.5302963975312
20128950.184175313,1033.9250409000547
20134278.044677787,1033.7354663480878
20139605.233009238,1034.3666421682715
20144931.878611088,1034.5378084264698
20150257.789253972,1034.5546631417114
20155583.202215318,1034.6682335475762
20160907.949243948,1034.4736764258632
20166232.0730842,1034.2049779444415
20171555.973736756,1034.7498396387543
20176879.843399893,1034.5370549267877
20182202.857342683,1035.0335608907528
20187524.998135727,1035.949760833543
20192846.247932896,1036.5812999632778
20198166.796500083,1037.3151043462408
20203486.63979116,1038.0147587338358
20208805.756058842,1037.949095905346
20214124.54583534,1037.9231655798353
20219442.821484514,1038.2015856902285
20224760.38876942,1039.2756191433773
20230077.278935432,1040.2832854766166
20235393.326990742,1041.2312626348394
20240708.650577646,1042.1749299373837
20246023.201974213,1042.6454433932806
20251336.943568956,1043.1732076950252
20256650.127104275,1044.5501031763265
20261963.145659298,1045.3072283343054
20267275.393885415,1046.478228922546
20272586.49796509,1048.2186632996288
20277896.442696758,1050.1863395550686
20283208.899181124,1005.3978217789563
20288525.158889383,1006.6428618855207
20293842.95900559,959.2837111741533
20299166.091856785,958.7498890111474
20304490.23211036,909.380211984098
20309820.502653297,909.4945509874904
20315149.888645355,908.9769141992502
20320489.66132157,868.2237472511131
20325826.102181442,867.3846385185083
20331172.42337892,821.7541868496367
20336516.057307392,819.763745773883
20341869.201134205,769.6748235018415
20347220.925983615,768.324376388773
20352572.480854668,766.6640171485169
20357923.383844137,765.7851735171339
20363273.601374757,765.1304045361858
20368623.37135178,763.8389611010114
20373972.72957409,762.7875244384741
20379321.655427765,761.0542603678589
20384670.39344907,758.3626451554687
20390019.08546259,756.4534443849439
20395367.403639715,755.0483655567456
20400715.37536955,754.0456067537643
20406062.956978966,752.7954214429809
20411409.999974784,751.6289021703283
20416756.712269142,749.7861950286912
20422103.014845323,747.9111113974695
20427448.95961431,746.2630923795047
20432794.999400064,745.2625638770769
20438140.975539405,743.571050050631
20443486.254947715,742.8681354276018
20448830.816849995,742.6533202075241
20454174.84918312,741.5855326598689
20459518.470363427,740.9641381125363
20464861.559395395,739.6367628161388
20470204.375968434,737.0778696317444
20475547.09831363,735.1656892041078
20480889.509396844,733.8239391518364
20486231.471357793,733.2551882914893
20491572.983034275,732.3910988506832
20496913.914766848,731.5418121341743
20502254.492464446,730.3033485200459
20507594.560605887,728.6783739297559
20512934.17759357,726.9529362237406
20518273.79334005,726.6424978940004
20523613.419562977,725.1121867055369
20528952.31851743,724.8030391175516
20534290.430157926,724.8505285198586
20539627.896015882,724.2244250058868
20544964.841378808,723.9232904760506
20550301.24048837,723.1591859245625
20555637.227573328,721.0359146060505
20560973.073838864,719.3152368687983
20566308.62053567,718.2663006022517
20571643.552039858,718.5518727485656
20576978.030687775,718.0308741759291
20582311.853944376,717.2681836895223
20587645.245456684,716.7760974102348
20592978.056563042,715.620422277979
20598310.31789973,714.3329375864596
20603642.442469936,714.4939379012294
20608974.60793735,713.5931997303901
20614305.967307925,713.5691847615988
20619636.50430743,714.2437419208413
20624966.261742692,714.4165822161254
20630295.393474806,714.5768540403915
20635623.925101563,714.6002392170578
20640951.851080198,713.3265446452642
20646279.55315805,712.1117011177446
20651606.9146409,711.410028122621
20656933.65788173,712.3697470348229
20662259.795185808,712.7125802367366
20667585.12013297,712.96414870492
20672909.872940097,713.4905074360138
20678234.03569117,713.208759365895
20683557.48607331,712.8361405473336
20688880.475061264,713.6725339880227
20694203.503077462,713.9930072454711
20699525.80580899,714.7742959589477
20704847.1452204,716.3282123987469
20710167.458486088,717.8836029322438
20715487.106987815,718.9563373360685
20720805.94214631,720.4130074765071
20726123.974813312,720.6028615891246
20731441.624483403,720.3670948484878
20736758.741384994,721.2143474885042
20742075.11076739,723.0229896364585
20747392.55419302,648.4503140406512
20752715.521084275,649.0592831578233
20758038.49732706,566.4042982860698
20763368.271093696,565.2252303500743
20779371.000124943,465.13577476046396
20790061.88230962,358.464653313404
20800765.719047874,192.1845658238486
27514889.874248754,397.8029962493886
27525539.113846358,428.5903667374222
27536185.59370531,452.30168055171646
27546829.4891698,473.3146687170479
27557471.049589768,494.9342119639932
27562790.473562732,505.5787190404885
27568109.05174376,516.4882923987989
27573426.95495123,528.9498781999396
27578744.02356398,540.8344773091776
27584060.335491363,551.9375501147227
27589375.850647863,563.2344627175835
27594690.4824506,573.5089631870162
27600004.12013613,583.0918072415584
27605316.95457934,595.7402434922078
27610628.858291566,608.6520074110715
27615939.684547566,619.8922720553962
27621249.761039477,630.4633767539156
27626557.896502737,556.1351346040477
27631874.336392354,565.7155375415566
27637190.241997503,575.6367550573469
27647837.33340848,507.4454964667176
27824399.46728059,130.97574184169474
27968657.2914826,502.9720900842148
27973993.2287154,511.0214937890785
27979328.636547953,519.2959380519173
27984663.8168138,527.8745202927962
27989998.20278647,536.44413685123
27995331.810677186,544.3218121033037
28000664.880909313,552.9333724006739
28005997.483545464,562.8731707071522
28011329.418910444,571.9037136443286
28016660.8142323,580.5820062390533
28021991.621089403,589.429858331675
28027321.731382616,596.9664520293954
28032651.089480005,604.3065283598762
28037979.857032724,614.2771554667364
28043307.945832286,624.2119525201233
28048635.285877865,632.592595815226
28053962.123831283,640.3622847830648
28059288.371566594,647.5288131950115
28064613.900587622,655.0037495447168
28069939.041294206,662.6318423407229
28075263.420581724,670.4328374201764
28080586.823796574,677.6280580414574
28085909.49112572,685.4586019481567
28091231.525308486,694.3410531224658
28096552.810458135,702.9017245137488
28101872.869753078,639.129239480158
28107200.955672063,646.9989795136898
28112528.30071688,654.5397780741698
28117864.88097325,592.2861679729324
28123199.037375133,600.8354948697128
28128542.024934396,532.5862315176123
28133883.226800635,540.9104058405103
28144581.49603057,465.52500603831305
28176715.50748421,408.4098193830637
28187423.79750937,427.4320332346151
28235590.534232598,501.3465375133353
28240940.586441945,508.4184767428678
28246290.35633179,515.5647895345473
28251639.395510945,522.5683151445855
28256987.952753987,528.9235468161058
28262336.080043487,536.7309263766165
28267683.93594805,544.8962317170201
28273031.316544943,552.1987707861599
28278378.259828456,559.2036816562947
28283724.830199163,566.6702411374624
28289070.709373154,572.0899344775405
28294416.12223073,579.3073246139461
28299761.134348184,587.6998630022669
28305105.554054897,595.2927967234773
28310449.611436754,601.9107442207724
28315793.28942504,607.7824176596298
28321136.472639494,613.5256091134102
28326479.3360414,619.580563557184
28331821.93488783,625.8569498941296
28337163.718466625,632.0818762571901
28342504.963752415,637.7267426098592
28347845.717440184,644.4705837748756
28353186.105675686,651.7962493766399
28358525.881720025,658.2666714083454
28363865.188136205,664.6236701477387
28369203.99176706,671.5186022662268
28374542.111732863,676.4645970803499
28379879.69188947,682.5881844726691
28385216.726985697,690.3152885661193
28390553.118297096,697.4766734207308
28395888.999353264,703.5954435481885
28401224.4913623,709.0464779315845
28406559.411724932,714.4608296458396
28411893.792146616,720.0144357489654
28417227.90113986,725.9022787952326
28422561.144510984,731.6571866071085
28427893.70954157,737.2703665959039
28433225.705722556,743.4340821232709
28438557.187502667,750.2342802036305
28443887.96167832,756.59288613531
28449218.155414965,762.6713490277057
28454546.50695308,707.9202462102469
28459883.665303923,712.6802992312585
28465220.131068908,717.6179564370941
28470565.335423674,662.9992323893657
28475908.979640976,669.929446656595
28481260.786122322,607.4651517120346
28486611.937000383,612.620591493634
28491970.818551965,540.7897006350618
28497329.497501366,546.1036961154697
28502688.145430572,551.8437679813082
28508046.25467908,557.4208682192129
28513403.885881256,562.796287485477
28518761.11741292,568.5090318660937
28524118.085740622,574.9379081485897
28529474.66870674,580.9766855667099
28534830.86954594,586.8670786553602
28540186.766921192,592.7218400695824
28545542.228189833,597.9607974588225
28550897.168069057,602.5378664909749
28556251.72344824,609.013474119109
28561605.940553367,615.9998061152387
28566959.663671743,621.4462958417444
28572313.191375274,626.5516168132185
28577666.364140723,630.9182285734402
28583019.15417752,635.6099204808138
28588371.817989796,640.5908045473147
28593724.03274651,645.6754001978411
28599075.61603911,650.0459437809346
28604426.819033694,654.9286383350568
28609777.671617985,660.9456561530869
28615128.14300405,666.5462024407645
28620478.19513662,671.7869609521533
28625827.848836947,676.9989564101099
28631177.05470956,681.876270247123
28636525.68874159,685.7316846651211
28641873.905595534,691.8426943556558
28647221.64396218,698.2204395109973
28652568.85759229,703.468679301366
28657915.831505667,708.1646100411344
28663262.44507478,712.399483429289
28668608.549515627,716.7110286962702
28673954.48076133,721.3551732283966
28679299.98000092,726.049121186526
28684644.768791467,730.4964508061639
28689989.15094681,735.1269792276184
28695333.015084933,740.4522343310352
28700676.48524769,745.7153419319641
28706019.44240077,750.682077224681
28711361.910318606,755.5722742067679
28716703.937505692,760.5554547528868
28722045.289406214,764.3222702483843
28727386.07137509,769.8120471493366
28732726.43941139,775.7504609861185
28738066.15959874,780.9483709717069
28743405.564079907,785.6157052092713
28748744.54501472,789.7391267135972
28754082.956195973,793.8591053087041
28759421.06358897,798.3257552840987
28764758.742375344,802.9149104957902
28770095.6174705,807.446082904522
28775431.900119346,811.6028491279061
28780767.676446434,816.5037313630078
28786102.978273254,821.8259632200484
28791437.65348057,826.7124694293993
28796771.777290434,831.551921715205
28802105.365903396,836.6249834281971
28807437.497220047,785.110316511386
28812777.96625497,789.8570684505121
28818117.8583631,795.0558539821309
28823466.866031017,748.3557460716095
28828814.16595997,752.42432819544
28834170.269396853,699.6079745194643
28839525.140359387,703.1442896558933
28844879.8160807,706.9534768316032
28850234.31589525,711.0499252910628
28855588.158561654,715.0790283406081
28860941.593370702,718.5951184979181
28866294.686762728,722.8042703750275
28871647.501518935,727.7072016709545
28876999.87006894,731.9638265078036
28882351.84035586,736.18117490649
28887703.43852178,740.8152109965938
28893054.501909986,743.8067748234857
28898405.156785928,747.9197163752979
28903755.35701112,753.3148752118614
28909105.123765893,758.1835490679092
28914454.51776934,762.1326205007549
28919803.669710483,765.7183224080168
28925152.397578385,769.2094055470334
28930500.763828266,772.7768486251646
28935848.981779624,776.7096451432521
28941196.534887865,780.4888516058236
28946543.635366898,784.0888632865222
28951890.164695784,787.9508786208467
28957236.408700638,792.5690953993644
28962582.164339002,796.8088920747333
28967927.48760473,800.8871548512939
28973272.412855737,805.2174942786396
28978616.7540759,808.4809044464971
28983960.548761055,812.2876685639839
28989303.821048025,817.2943791342063
28994646.636100877,822.2366321624538
28999988.974111766,826.1501300789246
29005331.05263797,829.7973153673605
29010672.632111788,833.1039191695577
29016013.787838586,836.5723621169394
29021354.739702452,840.3967831375021
29026695.04138817,844.2044249348291
29032034.75533617,847.7607424517337
29037373.91702976,851.4372560889101
29042712.662977837,855.8374681544531
29048050.853626043,860.0762420659237
29053388.526798166,864.162032298913
29058725.692684073,868.4622433958793
29064062.252118576,872.1701572288476
29069398.143288948,875.5028397028914
29074733.506879065,880.0951459660266
29080068.324644804,885.1963865155435
29085402.54383607,889.1963984186913
29090736.42480693,892.953297636926
29096069.75872372,896.321344118763
29101402.52618258,899.8512026729877
29106734.95692553,903.7871693095651
29112066.7555875,907.6938126194618
29117397.69452364,911.3399412765438
29122728.159736596,915.0250036945861
29128058.039717317,919.4841728926829
29133387.269761696,923.9423029727725
29138715.6792796,878.2627603310043
29144051.953929484,882.1663999444486
29149387.54857225,885.6341969691608
29154732.46071852,843.8904340845252
29160075.10853675,847.7600220202505
29165426.76754548,804.4521056627464
29170776.827456452,808.101397089733
29176126.721632093,811.2965323128476
29181476.256639365,814.0499342755935
29186825.393778127,816.897633516702
29192174.35450041,820.16259592986
29197522.957309105,823.4588624577311
29202870.856778167,826.4774385293397
29208218.481908076,829.3827285440567
29213565.66619769,833.1153047154958
29218912.41439617,837.074982481653
29224258.70824412,840.6418770233454
29229604.588422306,844.2931919407471
29234950.042650305,847.8880609827088
29240294.94450765,850.1919791639663
29245639.345524006,854.2401616470338
29250983.2610459,858.6408312792103
29256326.65373118,862.431753990415
29261669.77384061,865.6566111729649
29267012.548231393,868.4354400626858
29272354.791121386,871.3665058528655
29277696.758845687,874.5026381656248
29283038.37974273,877.8900396561319
29288379.258503918,880.9412843894906
29293719.707407113,884.1397715962324
29299059.62349965,887.6605055263074
29304399.084036533,891.6454359185255
29309737.993326947,895.2495354438163
29315076.41795964,898.8755241342319
29320414.355603464,902.6842328856737
29325751.65651225,905.2046616198102
29331088.363142975,909.0066867086216
29336424.495101433,913.3965667866738
29341760.058966745,917.4667907737435
29347095.216754515,920.8370472738445
29352429.98304182,923.7944320596575
29357764.200814426,926.8673060160836
29363097.962189194,930.0838080214614
29368431.385841466,933.5853956704264
29373763.987860717,936.852541412699
29379096.05152501,940.0467497304135
29384427.41950073,943.5155410066961
29389758.294714592,947.6292991679879
29395088.55233444,951.4143070454824
29400418.200715866,955.2257464165054
29405747.307298414,959.1575080100308
29411075.64547956,962.1535358787742
29416403.266406745,965.8166647914967
29421730.225928593,970.3613969253909
29427056.529411018,974.7548406413141
29432382.228980824,978.4391596087689
29437708.509618502,933.60172480799
29443041.396184754,936.4862293074591
29448373.368927367,938.7591116615048
29453716.02074296,903.5068147444088
29459055.343117744,905.9334972877627
29464404.488004282,866.8881550889969
29469751.322766416,869.831794592789
29475097.760189604,873.325488316153
29480443.715810966,876.5037262582947
29485789.2692832,879.6535392041087
29491134.407409217,882.977408454623
29496479.02017517,885.5439484287631
29501823.121819865,888.1269218684388
29507166.722995855,892.0506760194892
29512509.859122466,895.9154694273539
29517852.53098781,898.9211940567233
29523194.968885187,901.6782294320883
29528536.953907706,904.1254525319893
29533878.479495496,906.6772195234666
29539219.794505656,909.7095441950438
29544560.54198218,912.6230391925669
29549900.584107053,915.285038965642
29555240.20737666,917.8989329893589
29560579.414987102,921.3593572855436
29565918.072200347,924.7455815393255
29571256.271866653,927.9699511910951
29576593.947803766,931.3384700048805
29581931.110789254,934.3735427497506
29587267.620247312,936.7915491736564
29592603.5461308,940.2909474980337
29597939.008077078,944.3380922662625
29603273.882151864,947.519283817194
29608608.449345343,950.4534743734835
29613942.515372884,953.0978446496467
29619276.031383533,955.7965130851223
29624609.24317726,958.9214986594213
29629941.88355803,962.0152681465052
29635273.73032613,964.9537814382206
29640605.03425494,967.6649958865551
29645935.76560887,971.1163918449572
29651265.906591415,974.7942358270038
29656595.46289422,978.3033738783839
29661924.397848446,981.8164268837361
29667252.762997862,985.3198905273885
29672580.344538912,987.8469669027505
29677907.19225307,991.5394775777136
29683233.501886386,995.7181730744645
29688559.07695963,999.3695116342624
29693884.201616656,1002.7271682469565
29699208.74874362,1005.7245071182947
29704532.59389372,1008.7412301281065
29709855.94672566,1012.087043477728
29715178.70924815,1015.5428815698558
29720500.520620152,1018.7595209339306
29725823.42528783,975.1867468555201
29731152.102141812,978.5050838624957
29736481.1968695,934.5150748814343
29741817.006321397,937.545475829829
29747151.98487379,939.8637888922618
29752497.3461899,904.5430396389484
29757839.61133306,905.8718936988333
29763191.601949926,867.2684487037975
29768541.364891596,870.5658599757307
29773890.708392844,873.6085303011841
29779239.809479725,875.9580821353351
29784588.654779535,877.928482419519
29789937.08122047,879.8970641654788
29795285.265734226,882.0976612168588
29800633.239495456,884.6021355017286
29805980.582985,886.8319241260874
29811327.51019184,888.8615905956669
29816674.006939895,891.2247516066002
29822020.179946817,894.2890278444926
29827365.858879942,897.0340176928065
29832711.15156671,899.7333336319521
29838056.049074493,902.7175060026061
29843400.399403095,904.4376003926095
29848744.29161899,906.7520199739557
29854087.760761797,910.2314002633025
29859430.711395692,913.3208669648611
29864773.323224895,915.7929638879427
29870115.65010065,917.8861939461071
29875457.539739482,919.9147865148279
29880799.02191643,922.1857210022766
29886140.295107227,924.7640039451376
29891480.866784565,927.1353757298649
29896820.982684318,929.1153308797325
29902160.638894074,931.7057670694667
29907499.832079366,934.893211115447
29912838.49649141,937.7770915964792
29918176.700351123,940.6227362353275
29923514.446040753,943.6835175486032
29928851.60071904,945.8616186051377
29934188.19272139,948.1107863021043
29939524.254946627,951.5931877669325
29944859.75053067,955.0427530399204
29950194.78477673,957.7159878642999
29955529.468548007,960.1150371941923
29960863.67581543,962.3527581806338
29966197.375424966,964.7882867692452
29971530.785803836,967.5675231748414
29976863.501236413,970.2158115956537
29982195.583538085,972.4278028915514
29987527.150735103,975.0528872844264
29992858.112913378,978.3669347022355
29998188.481813706,981.5567406237815
30003518.35273401,984.6283349009907
30008847.622577216,987.8453615916724
30014176.280195028,990.4727252463242
30019504.22558649,992.7408061040242
30024831.51316044,996.4325302964228
30030158.193548016,1000.2502846915481
30035484.227627542,1003.2954764414812
30040809.827029012,1006.1318778318439
30046134.87243688,1008.655412067011
30051459.23612927,1011.3850949266848
30056783.52127945,968.8381281753316
30062115.102980442,971.4763020576597
30067445.636142906,973.208688951169
30072786.11257628,936.2143582476122
30078124.043152146,938.7732248520456
30083471.185655717,899.5632929207875
30088816.46969095,901.9118777155203
30094170.421483826,859.2378435395613
30099523.23469386,861.5353618266595
30104875.55685346,862.8529408607972
30110227.47108578,865.4994088655089
30115579.041575823,868.7082712277711
30120930.16799597,871.0411105189844
30126281.11024293,872.9963791613195
30131631.790362403,874.640620882431
30136982.04437113,876.3372795920802
30142332.129218943,878.3952492861267
30147681.885413967,880.5764736715589
30153031.049293157,882.4319050568733
30158379.787852317,884.2064318332006
30163728.12332583,886.5629489756202
30169076.16703171,889.2138514183114
30174423.77805537,891.6602844394783
30179771.024937235,893.9527047638301
30185117.865929436,896.5174522450798
30190464.161277868,897.8488848718993
30195809.993320376,900.4524929274348
30201155.471180506,903.5056727343056
30206500.438828457,906.1004173921353
30211845.162022628,908.2376379257794
30217189.559352163,909.9882183998807
30222533.503363267,911.7346580253854
30227877.19117175,913.8266309940057
30233220.588888597,916.1109396567533
30238563.296588052,918.1162682509614
30243905.567896854,919.8568658996196
30249247.379567143,922.1558032661701
30254588.83188239,925.0096866418769
30259929.77300387,927.5854938794207
30265270.278369192,930.0738902393412
30270610.338664643,932.8510641123248
30275949.80971211,934.3312037499231
30281288.754224867,936.8049376196764
30286627.226185948,939.9174377509495
30291965.16573708,942.8057653640226
30297302.75187161,945.0892523097168
30302639.970466554,947.0644186122962
30307976.709448636,948.9715954915189
30313313.029862408,951.1449519526603
30318649.05698661,953.6176463209313
30323984.305238582,955.8341081531846
30329319.04185938,957.6407743368095
30334653.27589169,960.1616320238307
30339987.007005557,963.2693317376547
30345320.15250477,965.9725359004153
30350652.794737227,968.7338277150011
30355984.92234181,971.7069126849165
30361316.402711406,973.6731530669333
30366647.24381232,975.8404166083
30371977.520178758,979.0748411212207
30377307.19166963,982.3583231700392
30382636.365662485,984.9004520517112
30387965.123921223,987.256151212669
30393293.321984153,989.4441946408476
30398620.329920013,946.6036013241344
30403955.933703654,948.8887357920296
30409290.739983123,950.8653530703298
30414634.5206563,909.8942717599839
30419976.58504106,911.5151413215117
30425327.1884322,868.4040332055508
30430676.71668309,870.5964863620677
30436034.231951933,823.7502889900702
30441391.357758917,825.9570111260273
30446748.087369513,827.4359424794966
30452104.396573864,828.5595469782603
30457460.33642775,831.2195738115197
30462815.920768205,833.8559268851193
30468171.18660818,835.5954048920685
30473526.320289142,837.0667122894447
30478881.143536672,838.3556290836776
30484235.622433152,839.6963752945908
30489590.04224491,841.6266955868958
30494944.002570458,843.3353153506359
30500297.437270638,844.8738627765082
30505650.54640842,846.2498065015598
30511003.368807893,848.4793288658906
30516355.817441177,850.671000417176
30521707.964126147,852.6728193338372
30527059.73034417,854.8495853376676
30532411.125888728,856.6508892083475
30537762.049571212,857.7786701404739
30543112.538173724,860.0466632518533
30548462.703799486,862.8354021277373
30553812.446327563,864.6301235671016
30559162.01966969,866.2475061401001
30564511.266738456,867.4902697800723
30569860.151331056,868.8969414926673
30575208.889687635,870.7828175308823
30580557.21601776,872.6652896253411
30585904.914809056,873.9876831103301
30591252.348334376,875.3303704174473
30596599.37933315,877.6617375798653
30601945.99773451,880.0863624383248
30607292.214558303,882.1927982141285
30612638.026364904,884.3922256210622
30617983.43136139,886.433374908897
30623328.318236485,887.5164680064377
30628672.721362736,889.9107134445765
30634016.738654047,892.7915531494202
30639360.27166366,894.8515967202208
30644703.564249117,896.6211645077717
30650046.544240072,898.0800706213241
30655389.042072345,899.6092071677147
30660731.31206738,901.5102945219537
30666073.198174983,903.5478891943071
30671414.41759756,905.1441433425657
30676755.172504198,906.8247829363187
30682095.44096728,909.0864915716311
30687435.351682086,911.5544490058869
30692774.790121228,913.8524012510866
30698113.797532253,916.0374619096946
30703452.344096903,918.487339719873
30708790.325258184,919.6911264706011
30714127.750480905,922.1097379983435
30719464.64548197,924.9436561764225
30724801.047227405,927.3873508009547
30730137.12114995,929.3491902811766
30735472.81897654,931.0464587779966
30740807.991546772,932.8202038165972
30746142.816794336,934.8381446561082
30751477.278065886,937.1307725315967
30756810.969087746,939.0187062754128
30762144.177266296,940.9395518057149
30767476.720136117,943.2842767542716
30772808.807463415,946.1256402498018
30778140.337833468,948.6888939176772
30783471.36538314,951.2166447668164
30788801.848792095,954.0523941527792
30794131.679597605,955.5731139162185
30799460.863825426,957.9274688200165
30804789.396028228,961.0154747372029
30810117.374789525,963.9302332314209
30815444.871041134,966.2042592150797
30820771.944459807,968.3764127245925
30826098.393877752,970.4714053584698
30831424.324041784,972.7129835929453
30836749.857810237,975.3960407585696
30842074.524204496,977.7239425901221
30847398.507853862,979.7517665242158
30852721.796518203,982.4618895941721
30858044.476269413,985.8032635406194
30863367.923789855,939.3530380523579
30868697.621371083,941.8817759202066
30874027.370112248,894.1540285333161
30879364.19716917,895.5171737103426
30884700.200931206,896.5337010287811
30890046.41039303,856.848017747539
30895389.76564608,858.8881198563241
30900742.908359878,814.4705942124219
30906094.156898156,815.5644870365941
30911445.09419338,816.5393568667539
30916795.682601042,817.6599885716059
30922146.191254877,819.2871575024651
30927496.160999436,820.6281596003008
30932845.720530443,821.392558979243
30938194.899771392,822.7171097100045
30943543.73786937,824.8680770163448
30948892.178602032,826.7112279023784
30954240.271153465,828.5539766516629
30959588.01175499,830.5084626989943
30964935.32753894,831.8781523999844
30970282.136272226,832.7843425469032
30975628.520421587,834.8824183592801
30980974.556424394,837.440314981261
30986320.178889222,838.8910128932649
30991665.606462453,840.2595163721962
30997010.68940987,841.2277303369287
31002355.40115532,842.4004855542207
31007699.957136814,844.1004765148941
31013044.035706133,845.750502814386
31018387.472591907,846.7817912588469
31023730.574994206,847.9533984088466
31029073.337668985,850.1467525765029
31034415.66265988,852.3252065003232
31039757.603186518,854.2213310492451
31045099.100880846,856.277265815173
31050440.146183193,858.0439361973507
31055780.658103358,858.8964746217118
31061120.66545376,861.2254974075394
31066460.224395014,863.9627094961675
31071799.30738351,865.7274471513663
31077138.12937237,867.2853530454054
31082476.57704779,868.4396126023665
31087814.586532,869.8218720954928
31093152.3354769,871.6698721034078
31098489.635513138,873.5583508645962
31103826.191034127,874.8957475271363
31109162.354966,876.1462085660223
31114498.04801584,878.4182840617096
31119833.26986069,880.9528429178965
31125168.008965265,883.1284803067404
31130502.256153677,885.3805293470913
31135836.017164394,887.6353693820415
31141169.194528636,888.4843020421895
31146501.776163355,890.8833542012785
31151833.77524298,893.8551272987143
31157165.23275768,896.100157347536
31162496.34044198,897.9654567810768
31167827.001732644,899.4728524656425
31173157.157890968,901.1819862977277
31178486.925610628,903.231197728471
31183816.284261778,905.4835061139299
31189144.765932977,907.2780246674706
31194472.79496351,908.8792680913273
31199800.150206324,911.2834066706864
31205127.01960575,914.2626015086522
31210453.25753304,916.8726845286888
31215778.937054366,919.4052224074597
31221104.01894734,922.2943473423757
31226428.35665765,923.7201637603689
31231752.005130976,926.1759042972169
31237075.01676353,929.3753534717837
31242397.34988669,932.3249606997999
31247719.177336507,934.7414162608553
31253040.473915275,936.9314574576107
31258361.096035875,939.0137810449185
31263681.145859174,941.4656430933768
31269000.714785177,944.2933804729496
31274319.30583851,946.9043767629149
31279637.126647014,949.0807810692081
31284954.26666372,951.6900553646218
31290270.71133691,955.266626869939
31295589.500406105,904.7176715463328
31300912.841076452,907.4628092367816
31306237.570212256,854.4301261972787
31311567.89253724,855.8581774467634
31316898.640108258,799.5068428246414
31322236.024352618,801.999635645846
31327573.304987352,743.8584935256312
31332918.14366895,744.9221213531714
31338262.60739575,745.4482441395937
31343617.412135005,692.4752271519194
31348969.5511719,692.7147050719722
31354331.798233382,634.2781781183376
31359691.765552334,635.0743929022427
31365051.396941286,635.0607280217769
31370410.73825065,635.3069820089331
31375769.84644032,636.7787863809408
31381128.636271443,637.9866639528423
31386487.128137946,639.075292519381
31391845.3447404,640.5336478987915
31397203.190848965,640.9170877601498
31402560.638530985,640.8986326936179
31407917.692776754,642.975214025603
31413274.430696584,644.9619765502275
31418630.92383058,645.710212266453
31423987.335402574,646.1442197944548
31429343.477149326,646.3767591194413
31434699.321511533,646.6434225402895
31440055.137053147,647.8409934493075
31445410.507520057,648.720379969875
31450765.38302179,649.248970135722
31456120.027386755,649.53219324988
31461474.40699716,651.0640181198038
31466828.421894997,652.419021836994
31472182.154314462,653.5968610923145
31477535.532786895,655.0388370638852
31482888.561345205,655.9799226434652
31488241.13232781,655.9879960441845
31493593.29863525,657.6169729629684
31498945.139136378,659.9358692104861
31504296.635948684,660.8208332184673
31509648.03881584,661.5282484116756
31514999.163847547,661.7265284502308
31520349.981490698,662.1874323644338
31525700.69257766,663.339455083963
31531050.997560564,664.5010122394697
31536400.75217837,664.744733115438
31541750.31346523,665.1241323424656
31547099.484235194,666.9048903074175
31552448.261510413,668.6533852375512
31557796.700553663,670.036272088644
31563144.77093133,671.562256615438
31568492.46517758,672.861941109479
31573839.669833425,672.8456868710934
31579186.418860584,674.8614759832983
31584532.770942446,677.420900065084
31589878.73177993,678.7277257515472
31595224.530313656,679.6511882033728
31600570.083566673,680.2274791079057
31605915.226720117,680.8861144235932
31611260.200936496,682.1377199664332
31616604.803675823,683.5503866703871
31621948.790469497,684.449685221547
31627292.384943962,685.0709242622605
31632635.579573322,686.627651069266
31637978.466715716,688.6388766376211
31643320.906668022,690.3098468556427
31648662.977153152,691.8316083219462
31654004.60068452,693.7929572008306
31659345.670475543,693.9306296276928
31664686.201186642,695.9364872647266
31670026.350850288,698.4326473210206
31675366.00118561,700.3042389883076
31680705.436449703,701.6169647657958
31686044.568830207,702.4837792906706
31691383.230575226,703.3553588614941
31696721.66344894,704.7718000359023
31702059.7738108,706.5394500030341
31707397.154241864,707.7798260474008
31712734.10193748,708.6680152558479
31718070.582660805,710.2871672552781
31723406.677773107,712.6486113093843
31728742.257726997,714.6879067599587
31734077.40227734,716.6434255105582
31739412.05430118,719.0940021287315
31744746.12998867,719.6835531136728
31750079.600362927,721.7342205121045
31755412.521045085,724.4816060914648
31760744.92144553,727.0032579001797
31766076.979413535,728.6359764552546
31771408.685114104,729.9510453618809
31776739.858622815,731.1269187173184
31782070.659796946,732.8525520489588
31787401.135678027,735.0896108384259
31792730.7854322,736.9888543069314
31798059.895485554,738.1968693007734
31803388.489058655,739.9821282755639
31808716.576480094,742.9488794041722
31814044.13280126,745.4501875592582
31819371.124012556,747.9888088858966
31824697.57305244,750.805964434506
31830023.317808773,752.3261717146722
31835348.324280232,754.3919371645661
31840672.678248394,757.6249299982871
31845996.43060011,760.9045212969348
31851319.641157836,763.1319487740018
31856641.73744413,698.2248899254913
31861972.259122975,699.365244138351
31867302.21289174,700.5002194387187
31872641.986293983,636.8041589211962
31877979.310811665,638.0403967431214
31883325.497118674,562.8292103645197
31888670.200020295,563.5889091787059
31899375.38688294,477.5965142623025
31931531.112751894,372.353487167657
31942247.47056045,372.24733398921126
32076101.338387474,391.8144728357173
32086800.775464438,395.0254843572759
32097498.33098081,396.1401512402698
32129583.219784185,402.64450405598427
32140275.53439901,404.7139864282799
32241769.787431724,435.0451341389003
32252444.46231981,439.70955515355905
32263117.16879644,442.67596755078836
32273787.468919687,448.94621747144896
32295122.974511877,455.6956885870941
32305788.43563293,460.2986268606319
40190471.93060193,253.32042301981375
40201105.9619135,307.1890502412215
40222366.18956276,392.640215035211
40232991.75398522,434.95670665170746
40532516.2525395,260.74119430937685
40543212.73168724,300.9463445707132
40553907.54014751,333.42500319867764
40585985.30248345,425.3841787353058
40596673.84078627,451.49680845769035
40607361.34567713,473.0496317940515
40623389.87953209,508.952247543612
40628731.78600417,520.4352502701045
40634073.20701383,530.7936134202276
40639414.140379764,540.4642761966902
40644754.77661481,550.9218637191085
40650095.51471396,561.3359375876112
40655435.989313714,570.217738243685
40660775.73313433,580.9562254907901
40666114.72669135,592.2195113531977
40671453.13417695,602.2830148321468
40676791.0419247,612.543906057214
40682128.360768154,621.7803913635553
40687465.31658242,629.4852041055017
40692802.129761375,638.0395230961713
40698138.497268215,647.535132557335
40703474.45408498,657.0792035107002
40708809.83606826,665.7652511706481
40714144.57424153,674.6551169855975
40719478.820231475,683.113516125931
40724812.51903873,691.015173276385
40730145.77262403,699.2146410008909
40735478.96753319,708.0950121818837
40740812.00711131,715.3711630197745
40746144.231946364,724.2333476046508
40751475.63786317,733.5507330663991
40756806.25232439,742.0939993373919
40762136.3283435,750.71932230738
40767465.74616772,759.0633355141705
40772794.608626656,765.8990380906916
40778123.282802254,773.2326095532484
40783451.52134804,781.1030966222293
40788779.03447459,789.5549202062348
40794105.974256776,797.3700818227176
40799432.191686384,805.110839073091
40804757.78965349,812.8711967920858
40810082.718736455,819.9440866503736
40815407.01301414,827.1264999766624
40820731.079212345,835.4378577268064
40826054.93644974,842.3154487545025
40831377.9970652,850.1212904785828
40836700.07111278,858.3929213476463
40842021.22476017,866.4735194960958
40847341.63072,874.2705760891183
40852661.26373713,882.0495052869228
40857976.76512502,878.2859311337568
40863307.85671897,865.9706640597759
40868634.21107175,872.3671655048017
40873959.93493553,879.8532060697339
40879292.26727688,830.0311220977001
40884624.882791094,836.7522242935756
40889963.385764144,783.6140947896891
40895303.28473107,789.865893520036
40900648.20821536,732.1100112605708
40905995.855973035,739.4069925392569
40911348.3498194,677.4416382620188
40916704.02702987,684.5202706573136
40922063.21391756,619.1525237145745
40927426.10283624,627.5928579468105
40932788.605660856,635.5394951652268
40938150.83453734,643.3549161122855
40943512.65083626,649.9592358903723
40948874.478672564,655.9694469562405
40954236.19984951,662.7325594037251
40959597.64826098,670.4829429765618
40964958.87049027,677.6121563341987
40970319.605960466,684.6060546937733
40975680.01236406,691.4909819310044
40981040.13143038,697.7201634640126
40986399.8634261,703.7216622477856
40991759.543003745,710.5331478695223
40997119.47502368,716.6755588140026
41002479.05178994,722.9550503891396
41007838.08868266,729.9934832310304
41013196.54987083,737.101739403427
41018554.60413467,743.7605842321086
41023912.34045404,750.3558321634378
41029269.63347445,756.0892493506826
41034626.86801014,761.1391075069532
41039984.06458481,766.8240190543964
41045340.976294525,773.3067243421845
41050697.517673,779.4337007998289
41056053.57423044,785.3629196200807
41061409.306075774,791.5686590805624
41066764.68378658,797.0135180042198
41072119.707509555,802.3460926431369
41077474.54740749,808.1857593288794
41082829.58030339,813.5903107592932
41088184.356686264,818.9793530829311
41093538.56317316,825.066466135374
41098892.12565282,831.3483793176264
41104245.28895661,837.125195120735
41109598.01864431,843.1478032313784
41114950.311720826,848.3012741835751
41120302.47293508,852.7987061675863
41125654.56372264,857.5905045099639
41131006.358231224,863.4802559549004
41136357.796627626,869.1206325345474
41141708.71679624,874.4169209265013
41147059.22906601,879.9204503682345
41152409.38518971,884.9704652368642
41157759.09121829,889.7390353773471
41163108.5742772,894.7959079136314
41168458.187235884,900.1054463418914
41173807.61676667,904.5930896949262
41179156.44240185,910.1085828599116
41184504.63011288,915.9075043417287
41189852.28612531,921.087096426957
41195199.54529873,926.485575988957
41200546.28935553,931.3959176330236
41205892.764329866,935.4906844273455
41211239.20624655,940.0155498948873
41216585.28816273,945.0180967717517
41221930.993151926,950.2019198074224
41227276.25308476,955.1257233261442
41232620.9638068,960.289068417597
41237965.26227653,964.9142473634106
41243309.11534487,969.3980873839748
41248652.61419528,974.0160285925899
41253996.14308548,979.0885666956558
41259339.583072685,983.3456075386224
41264682.35339683,988.4263126635794
41270024.40946771,993.8285892722037
41275365.865246676,998.6655819495218
41280706.85038727,1003.7853043118574
41286047.28266527,1008.5109728038682
41291387.325581305,1012.4327651336348
41296727.24817099,1016.5828293595738
41302066.88244985,1021.0154218379143
41307406.09099697,1026.2007016153977
41312744.75130586,1030.9719208124093
41318082.754879385,1035.7334046406834
41323420.347577415,1040.2841530755118
41328757.43986943,1044.6110518145927
41334094.0166927,1048.9112018088674
41339430.513728246,1053.6837248305983
41344766.961987525,1057.7509429374923
41350102.70230563,1062.4299331220902
41355437.71742284,1067.5061620993629
41360772.03051658,1072.2318162068145
41366105.77585601,1077.0591389983035
41371438.93888211,1081.7497058441518
41376771.540606484,1085.7102135905575
41382103.97100893,1089.7500631437447
41387436.05806986,1093.9551560112313
41392767.62601741,1098.8642003501252
41398098.592485294,1103.5328849050595
41403428.85378868,1108.1951574077743
41408758.610633,1112.8441461593484
41414087.77430542,1117.1361767660453
41419416.30045637,1121.3523915745077
41424744.54170322,1126.0684533112133
41430072.73420459,1130.1738626547422
41435400.20549749,1134.6833061750876
41440726.86641841,1139.6235763192678
41446052.643755235,1144.4769912890993
41451377.809767924,1149.26021678515
41456702.2459926,1154.0973378716217
41462025.94277624,1158.2616138879712
41467349.330164306,1162.2996884275503
41472672.24772709,1166.681275966591
41477994.52951931,1171.5684364012589
41483316.227753475,1176.2395400900064
41488637.0818783,1180.9804268277746
41493957.16872935,1185.7177024893554
41499276.59744246,1190.1069272230116
41504595.26539011,1194.4971004055094
41509913.41134486,1199.340779085595
41515231.31978722,1203.752653417705
41520548.58130143,1208.2650421067312
41525864.824337795,1213.2843259919616
41531179.98219274,1218.5051373993874
41536494.27610668,1223.4144055738002
41541807.715663694,1228.5691101235525
41547120.2384116,1233.2957167918075
41552432.117351204,1237.6268050955314
41557743.46069127,1242.2442888805772
41563053.90675046,1247.4350523828382
41568363.51384369,1252.710665145144
41573672.081843436,1257.7652095046926
41578979.7172559,1262.9231211774677
41584286.42206521,1267.9133774919924
41589592.09317989,1272.8938155475491
41594898.573844425,1244.3620358159908
41600211.277792685,1249.1488075574975
41605522.91609982,1252.9391369846455
41610844.38943314,1230.3413312239925
41616162.29751346,1234.797214150453
41621489.36906846,1210.1604340580527
41626814.10382963,1214.3699069512518
41632147.313870616,1187.8772322934967
41637479.17365586,1191.0701951838337
41642819.286549196,1162.5645177810372
41648158.899355255,1166.1533549746391
41653505.7944645,1137.0923536934058
41658852.84436782,1140.85783827166
41664206.50439596,1110.5142159686322
41669561.02675955,1113.957420805147
41674921.73590085,1082.1037834599683
41680283.904018745,1085.3004145431132
41685646.203062475,1089.0137267443308
41691008.510223426,1092.0459624847608
41696370.359374635,1095.6646069841388
41701731.64263247,1099.558715778654
41707092.45303229,1103.234296634989
41712452.891348764,1106.9010635529557
41717812.99111223,1110.3587748643079
41723172.76123634,1113.1993795137155
41728532.555336006,1116.225228755772
41733892.17950956,1119.5126683445515
41739251.43608284,1123.1355324631832
41744610.3429289,1126.6142461816669
41749968.834081195,1130.0987061528808
41755326.9843066,1133.3746832036243
41760684.79574747,1136.3987007507874
41766042.266406596,1139.432302182077
41771399.77609585,1142.8573642720355
41776757.37359553,1145.703636798796
41782114.44139924,1149.0603806952697
41787470.97387808,1152.7313163602516
41792826.997104585,1156.1150582538462
41798182.618003786,1159.58946800323
41803537.85577301,1162.8610674041317
41808892.726862475,1165.6001331339473
41814247.57076631,1168.3263161793093
41819602.26642936,1171.3256481458805
41824956.57854291,1174.9365484336427
41830310.50960523,1178.276249699309
41835663.95567015,1181.4572959682175
41841017.080896944,1184.6631464729785
41846369.7919048,1187.535411452127
41851722.13916989,1190.3899597769214
41857074.465683505,1193.7500020092352
41862426.87059296,1196.4686592125968
41867778.79366247,1199.6539545199882
41873130.11358192,1203.1057191516393
41878480.83095266,1206.438802838879
41883831.120026015,1209.7217531281453
41889181.01598786,1212.9881255723715
41894530.439951405,1215.7134514862787
41899879.803520344,1218.3646464067967
41905228.95759474,1221.1488035297807
41910577.753707215,1224.4857999352325
41915926.167105265,1227.7384277123651
41921274.0342873,1230.8799616061378
41926621.51939481,1233.8979775083048
41931968.61416205,1236.7394559472064
41937315.234332904,1239.4579271201856
41942661.73501511,1242.5962421424756
41948008.31242446,1245.350010619986
41953354.43915238,1248.2687484473922
41958699.95107535,1251.5446430344005
41964044.78788311,1254.8428788290555
41969389.18477362,1258.0013287384159
41974733.08749633,1261.2205528005918
41980076.494344264,1263.908463608729
41985419.726296455,1266.4319807185614
41990762.79242089,1269.1410262111913
41996105.408598125,1272.4000063697392
42001447.59222064,1275.5547098066165
42006789.21138999,1278.6038259801712
42012130.391104855,1281.6317040198037
42017471.10069119,1284.421362716928
42022811.302167274,1287.0831233391698
42028151.268840075,1290.0748202429559
42033491.26199395,1292.8868959910683
42038830.87815076,1295.6246901068607
42044169.80677744,1298.7789243918628
42049507.99391014,1302.0923742776113
42054845.6366905,1305.1325108949632
42060182.7649354,1308.3396794886753
42065519.319286995,1311.1613680693097
42070855.564325474,1313.651534792963
42076191.61383176,1316.3739841657969
42081527.13528834,1319.5051121998063
42086862.19494721,1322.6492492943594
42092196.688274056,1325.589838903013
42097530.62829318,1328.648422137575
42102864.00766818,1331.4966086009415
42108196.85268192,1334.2300765795137
42113529.31646228,1337.1244288901307
42118861.72487815,1340.0674114228977
42124193.71424647,1342.6994988657184
42129525.0067557,1345.8263735963178
42134855.52314791,1349.1152977796457
42140185.32725188,1352.2294715744968
42145514.563610576,1355.3561548627167
42150843.14496972,1358.3365466363161
42156171.251003325,1360.9081274004927
42161499.06454801,1363.62134503977
42166826.41075099,1366.7715489857642
42172153.104382046,1370.0864297995156
42177479.130701244,1373.1451572566418
42182804.5086521,1376.2479388135262
42188129.246424854,1379.2736699728757
42193453.34059403,1382.1558477819303
42198776.847110786,1385.0396564532634
42204100.15513722,1388.1874533315734
42209423.07038114,1390.9201023547184
42214745.18688904,1394.075596115723
42220066.40201616,1397.4711132152775
42225386.804164276,1400.7328685498094
42230706.471606135,1404.0849071268706
42236025.3616563,1407.2683539249808
42241343.55790308,1410.083886289987
42246661.34910931,1413.0227443669226
42251978.53870845,1416.1616285343985
42257296.73003167,1393.7082850412403
42262620.851688236,1396.7697449480715
42267943.71170196,1399.0018999939837
42273276.465996526,1380.903502534259
42278606.60228858,1382.9763596799048
42283945.946664155,1363.4705230880293
42289283.77531081,1365.798826589496
42294630.692118466,1345.096590778104
42299976.30887893,1347.3553409128144
42305329.88752279,1326.4665539319556
42310682.80049001,1328.9753942287102
42316035.30544807,1331.5351518210734
42321387.4280084,1333.9843338688106
42326739.12924477,1336.049549999706
42332090.76769694,1338.0189501931345
42337442.194395766,1340.2014458922254
42342793.288358435,1342.8618884008608
42348144.02470369,1345.3805882864845
42353494.24757524,1347.7577390207996
42358844.124267794,1350.1207747187043
42364193.57818262,1352.2510962193892
42369542.66235048,1354.348022945516
42374891.668551125,1356.810607312722
42380240.662525736,1358.7896217410316
42385589.25499359,1361.0841772331632
42390937.259349346,1363.6136181544591
42396284.643794775,1366.1633464912136
42401631.58854581,1368.5340799923201
42406978.12308537,1371.0155102316728
42412324.1588609,1373.1124763261205
42417670.06626247,1375.053602328513
42423015.765873134,1377.2602133521225
42428361.056379035,1379.7863462369828
42433706.00400074,1382.158851848931
42439050.41555306,1384.51063185896
42444394.33952229,1386.8657517234537
42449737.89023941,1389.0003653632732
42455080.97063673,1391.1087536364432
42460423.85358196,1393.4347746555093
42465766.75168978,1395.5237656307138
42471109.27419889,1397.6676623466074
42476451.17397445,1400.1265650898622
42481792.39211542,1402.6887282489245
42487133.13250667,1405.048513064265
42492473.38985709,1407.5382598468636
42497813.095039085,1409.6528598885777
42503152.567778446,1411.5718325307491
42508491.8084147,1413.5890852980026
42513830.63354573,1416.0959265696479
42519169.056565195,1418.5813963558812
42524506.914546646,1420.9432869528316
42529844.23550493,1423.280852528012
42535181.0954764,1425.4444757076521
42540517.42751468,1427.5604893163484
42545853.458726324,1429.8127255015847
42551189.44583191,1432.02390381834
42556525.01973727,1434.1368473392658
42561859.96000801,1436.55574409749
42567194.15322418,1439.109603218669
42572527.775308765,1441.5064268201618
42577860.86791856,1444.0275436144734
42583193.341202684,1446.2971548132052
42588525.43991334,1448.2517002394486
42593857.2625115,1450.3327202973983
42599188.70374437,1452.7122136715043
42604519.58543906,1455.2741881595032
42609849.82319843,1457.733049584795
42615179.43710019,1460.108436829901
42620508.5247602,1462.3843568186571
42625837.0182516,1464.5954767723276
42631165.0144068,1466.8169746820724
42636492.901854046,1469.2117968132814
42641820.42096526,1471.3579099303654
42647147.19914592,1473.8007499650873
42652473.173139125,1476.4328461411794
42657798.41332082,1478.9511984252774
42663123.05337674,1481.5313146565736
42668447.00303389,1484.0072835315239
42673770.353655264,1486.0995244622684
42679093.37088694,1488.327536238741
42684415.847041756,1490.748094945765
42689737.75856565,1493.4287461955955
42695058.97786577,1495.981771982883
42700379.389187634,1498.6148209620426
42705699.12713905,1501.067582121654
42711020.63527561,1480.673769316693
42716347.42990241,1482.8081255789166
42721673.42330531,1484.0603991001447
42727010.00580911,1468.6544165718562
42732343.59447682,1470.0371507626407
42737686.68680023,1454.225768136292
42743027.39181265,1455.716239266472
42748377.259481676,1439.0001967743806
42753725.72644137,1440.9798982852353
42759073.764090925,1442.5987585216012
42764421.73399838,1444.23544640233
42769769.44833374,1446.0363280998595
42775116.819960035,1448.1369105318938
42780463.805314645,1450.137841710688
42785810.23905914,1452.088293336954
42791156.32622234,1453.9652560508355
42796501.99869735,1455.7439052261484
42801847.269258946,1457.425196227924
42807192.45688091,1459.3701703683905
42812537.642794676,1460.9415073324687
42817882.33638536,1462.7761880546393
42823226.47418853,1464.8499965798446
42828570.00106206,1466.8600281911454
42833913.07670618,1468.8845786289248
42839255.722096995,1470.8425957675586
42844597.879676454,1472.5186155369274
42849939.880638026,1474.091421299161
42855281.69186502,1475.8335928526785
42860623.0490445,1477.9550317638657
42865963.971538,1479.987829735457
42871304.352998674,1481.885171356888
42876644.30938158,1483.799508152047
42881983.79744878,1485.546038828757
42887322.819183685,1487.2098391300542
42892661.673771836,1489.1525161566237
42898000.45347244,1490.8958970664262
42903338.81377924,1492.667599448453
42908676.537312105,1494.696439707735
42914013.58995525,1496.794251056422
42919350.11088317,1498.7589789766444
42924686.15668081,1500.8095947870945
42930021.636955,1502.5705952146636
42935356.85141948,1504.17471541257
42940691.82272208,1505.9568208427456
42946026.294426456,1508.0699329020958
42951360.30079084,1510.0850552699749
42956693.74402168,1512.0430837829385
42962026.64671744,1514.0653595603712
42967359.02466192,1515.8752694490934
42972690.85935988,1517.6314615840602
42978022.372802615,1519.5396390839578
42983353.81039016,1521.4238975793921
42988684.8081795,1523.155066378265
42994015.12686296,1525.208886309069
42999344.70672726,1527.3804140951588
43004673.646723084,1529.39861236407
43010002.01568921,1531.480812364001
43015329.770488374,1533.3975665023263
43020657.09808143,1535.0855974362282
43025984.13133225,1536.9048490498267
43031310.684168234,1539.068460872883
43036636.623828895,1541.264345616982
43041961.863812305,1543.3194741666923
43047286.48194699,1545.3723297181823
43052610.50532589,1547.394490276809
43057933.875502184,1549.3055631385478
43063256.73799006,1551.243151315137
43068579.4166195,1553.318125320999
43073901.65310057,1555.165857674264
43079223.124525756,1557.3127125024916
43084543.75184929,1559.5948464105318
43089863.60345486,1561.798515000786
43095182.78811554,1564.053221026084
43100501.240890205,1566.2297856399716
43105819.03652625,1568.113145112011
43111136.42390226,1570.1165608576805
43116453.19203023,1572.2974635983906
43121769.28557731,1574.7514365960615
43127084.61731673,1577.0485433530457
43132402.58322805,1558.7759834656658
43137724.70305804,1560.7538560117525
43143048.90217835,1542.1999297321358
43148378.18535942,1543.894157416779
43153706.689717345,1544.5829913211437
43159045.78792765,1530.6898701082318
43164381.96480755,1531.5337661342157
43169727.740688056,1517.3008034316604
43175071.15626286,1518.2722076653044
43180423.8700077,1503.2905769024255
43185775.16897069,1504.8521084278993
43191126.08914207,1506.1091942580272
43196476.958503105,1507.3791848932335
43201827.61374311,1508.805321484061
43207177.97017371,1510.528942840498
43212527.95571472,1512.1142768982936
43217877.442124255,1513.6374661914642
43223226.60913066,1515.1294752696926
43228575.39051928,1516.524771973597
43233923.830773465,1517.8429678868902
43239272.24909427,1519.417574682142
43244620.648165196,1520.6339788650075
43249968.62257781,1522.1010737783472
43255316.06361924,1523.7629973987866
43260662.949124895,1525.3889864288317
43266009.41928517,1527.0134041813253
43271355.50594767,1528.570041039218
43276701.137839355,1529.8880475444148
43282046.6582693,1531.1176072449682
43287391.967704475,1532.4701534433334
43292736.91859671,1534.1659783104342
43298081.491032414,1535.7055192460625
43303425.58497604,1537.2375982945807
43308769.28241461,1538.8138126554857
43314112.56010045,1540.1862980026888
43319455.44053968,1541.5278954724147
43324798.18447838,1543.0885235465566
43330140.88809784,1544.3616608018049
43335483.2252143,1545.7883629079631
43340825.01059508,1547.4051017827815
43346166.17163782,1549.094279222708
43351506.88488242,1550.6260357178303
43356847.1888534,1552.2484434039309
43362186.95488364,1553.634300600806
43367526.53396176,1554.874561226081
43372865.888718635,1556.288560623194
43378204.8469219,1557.9862062267164
43383543.40556027,1559.596831716139
43388881.42050089,1561.146958803624
43394218.9411067,1562.7165131521904
43399556.044949204,1564.1393547848206
43404892.67451931,1565.5477175867568
43410229.05614889,1567.063179732958
43415565.40102349,1568.4616520484205
43420901.37724898,1569.823917186613
43426236.75840006,1571.4412116846847
43431571.470512904,1573.18604602332
43436905.64216978,1574.7699811275654
43442239.3433959,1576.470868424077
43447572.46117592,1577.9555779600796
43452905.26206415,1579.246171201706
43458237.81032957,1580.6827401438034
43463569.94504181,1582.27262351998
43468901.623390935,1583.9944822432362
43474232.72382497,1585.6528797863134
43479563.22825891,1587.2647469209373
43484893.23753665,1588.775464786007
43490222.721053965,1590.259796239109
43495551.79203336,1591.8123669072943
43500880.752683155,1593.368212065354
43506209.388767146,1594.815995427432
43511537.32096136,1596.498817495413
43516864.52954948,1598.336742041607
43522191.0674984,1600.0311659283311
43527517.06343747,1601.8036590484094
43532842.41391628,1603.4574404324835
43538167.25493338,1604.8685543691076
43543491.80361556,1606.3889577768036
43548815.8363205,1608.078303771123
43554139.336569905,1609.9710530307716
43559462.18567275,1611.7216586003342
43564784.34068717,1613.4529600394144
43570105.874268316,1615.1334973202156
43575426.800314374,1616.7580588651442
43580747.15330375,1618.3830264469755
43586067.23886542,1620.2430335316226
43591386.975012,1621.7556872681155
43596705.97208994,1623.5740393519268
43602024.12640913,1625.534736826384
43607343.62292765,1608.8916426994294
43612668.63902695,1610.6190714643226
43617992.56465209,1611.3077875588087
43623326.11002861,1597.870332895615
43628657.67535894,1598.4440096329477
43633998.49875499,1584.425513647048
43639337.69155218,1585.515420006353
43644685.4899994,1570.9830559175803
43650032.18082157,1571.9427691238689
43655387.018385485,1556.8406770082208
43660741.40825538,1557.6907445357838
43666103.567851305,1542.0368055946458
43671466.20531724,1543.2546275396442
43676828.902436234,1544.154782368741
43682191.25341031,1545.310765596245
43687553.176927745,1546.6138620728286
43692914.6373889,1547.8361043574016
43698275.808193564,1549.0995408733156
43703636.6783861,1550.2898120429093
43708997.214829266,1551.249581937779
43714357.72809992,1552.1520598729787
43719718.11346418,1553.2176661567964
43725078.2416872,1554.5638086836432
43730438.074161336,1555.8052083419009
43735797.483219974,1556.964291818063
43741156.62304092,1558.1000901008738
43746515.445144296,1559.1273781462044
43751873.99359794,1560.0948962137018
43757232.55934729,1561.276607249898
43762591.17425504,1562.1773707390196
43767949.47856719,1563.2632956587308
43773307.331875265,1564.5092038876267
43778664.69678662,1565.7632023842584
43784021.72741903,1566.9240528239077
43789378.46884133,1568.1347540012116
43794734.80882695,1569.1205910880929
43800091.10792531,1570.0131467540607
43805447.27110841,1571.0161752912954
43810803.18466985,1572.2988626380895
43816158.81486065,1573.5231191829816
43821513.99779121,1574.6706000400172
43826868.85229376,1575.8003051985854
43832223.41329877,1576.8277054644707
43837577.61966855,1577.796848665602
43842931.78900384,1578.9007662355625
43848286.028641954,1579.8935741045013
43853639.94564309,1580.9183868799273
43858993.42071494,1582.1267439146932
43864346.38055049,1583.380219469524
43869698.96760414,1584.562282738712
43875051.2297017,1585.781247014877
43880403.080035016,1586.7849770078824
43885754.810274705,1587.6565325006327
43891106.432570614,1588.6796433610218
43896457.72858881,1589.9462084314025
43901808.69889433,1591.1341497639573
43907159.26391599,1592.2825971860716
43912509.449614674,1593.464119999722
43917859.30390602,1594.4849535764436
43923208.800190434,1595.4851026952038
43928558.14631066,1596.5705744628235
43933907.543930404,1597.5519679203474
43939256.70331215,1598.5062059232328
43944605.399189994,1599.6817424950805
43949953.55624268,1600.9659383995413
43955301.29322984,1602.1124582363013
43960648.68444699,1603.3522825850885
43965995.622130685,1604.3952295417012
43971342.371950865,1605.2668526166342
43976688.98869628,1606.244535303943
43982035.369544715,1607.383938897119
43987381.37071579,1608.638763582962
43992726.908286646,1609.8626300482458
43998072.02117634,1610.9983120925567
44003416.793388814,1612.0724111704865
44008761.151712395,1613.0693857846713
44014105.27209774,1614.0966645548965
44019449.444971636,1615.185825078238
44024793.36600644,1616.1473564333905
44030136.814667895,1617.3149437125248
44035479.68537705,1618.5760139645824
44040822.10431258,1619.738860161817
44046164.10995003,1620.9757187859143
44051505.666449726,1622.0833338482967
44056846.92003413,1622.9885558954413
44062188.04720901,1623.9684386924434
44067528.883445784,1625.190870412404
44072869.29364935,1626.4860589331047
44078209.226563565,1627.6566468474996
44083548.70367154,1628.8296499507774
44088887.76788201,1629.9663287754072
44094226.40399256,1631.0097305074798
44099564.70880449,1632.0547775143727
44104902.98182605,1633.216846549383
44110241.06262618,1634.1371561975748
44115578.624190226,1635.3065752562545
44120915.60861665,1636.604014617919
44126252.02831611,1637.8275418153823
44131588.006621175,1639.0889931437805
44136923.509273134,1640.2862858781687
44142258.57325211,1641.2633890327043
44147593.49949947,1642.2457252991949
44152928.08941112,1643.4632158045652
44158262.20083059,1644.8299235668578
44163595.84685033,1646.0533189280334
44168928.93958647,1647.2761771909366
44174261.561818,1648.467610769235
44179593.69246934,1649.5769924190665
44184925.4049492,1650.6386185289537
44190257.00047495,1651.9387234228377
44195588.37090996,1652.9475457044482
44200919.217000246,1654.1605088743454
44206249.41207191,1655.512455646951
44211578.94270678,1656.8373826655425
44216907.96058824,1658.1708142027078
44222236.44731028,1659.4561353280897
44227564.372340165,1660.5479580241445
44232892.06796004,1661.6150999581587
44238219.39107449,1662.8580024481348
44243546.18569878,1664.312918075561
44248872.463189885,1665.6642919899366
44254198.057314865,1666.972172293729
44259523.12396122,1668.2718771012906
44264847.62735008,1669.5062368699125
44270171.57594524,1670.671905140211
44275495.259231314,1672.0298999870888
44280818.72226037,1673.251006762109
44286141.59214332,1674.52076595662
44291463.75781642,1675.9738649023245
44296785.15423275,1677.4266157571524
44302105.90503824,1678.8891883559013
44307426.03885895,1680.3547983420551
44312745.45639711,1681.6262835069708
44318064.5161637,1682.838405291846
44323383.15016016,1684.0904999504469
44328701.22730062,1685.652351432119
44334018.66043022,1687.2173493105608
44339335.30962581,1688.6943232835993
44344651.25868519,1690.1887320122464
44349966.554772414,1691.6120583443453
44355281.13570914,1693.0294287438242
44360595.22855425,1694.5296214682924
44365909.0154667,1695.9512032770451
44371222.174398184,1697.366316400794
44376534.50885805,1698.995051454317
44381845.92001576,1700.7312355748218
44387156.48433153,1702.3809228230432
44392470.3253443,1687.2972014144523
44397787.6643076,1688.6897175810068
44403107.66641418,1673.2075849708267
44408432.50205786,1674.3658532088537
44413756.19239252,1674.4286970837618
44419090.042314716,1663.273020302404
44424421.072531104,1663.4362290535987
44429761.74721568,1651.5154322108413
44435100.29033228,1651.7621569820553
44440448.03716711,1639.1219792944971
44445794.37463818,1639.4428821804997
44451149.87669847,1626.444469070069
44456504.74718827,1627.1257333519095
44461859.196559444,1628.0359644536152
44467213.18137941,1629.0736076632074
44472566.74267108,1629.988900093486
44477920.00788675,1630.9702822155753
44483272.889885545,1631.8327087013026
44488625.52810966,1632.4893815425073
44493978.12549537,1633.2096171771673
44499330.50554502,1634.0792885699054
44504682.5865012,1635.1189479035356
44510034.277534924,1636.0679860846315
44515385.5898607,1636.9705613195347
44520736.595434576,1637.8313246671053
44526087.24272016,1638.6091289318395
44531437.63102828,1639.359270678405
44536788.1035574,1640.238925812345
44542138.47977819,1640.9106686496793
44547488.43969397,1641.7919106372447
44552837.92329356,1642.7938630680196
44558186.95240963,1643.726840241571
44563535.6432368,1644.6989996733282
44568883.96401203,1645.5666233909894
44574231.96241049,1646.2593486072753
44579579.9228552,1646.9438632601068
44584927.66128529,1647.8542834466714
44590275.03583746,1648.8920663065478
44595622.06072943,1649.8138295514746
44600968.66063431,1650.7424267871975
44606314.89364698,1651.6079103850345
44611660.77454222,1652.3998237029932
44617006.35687137,1653.163063943629
44622351.92687245,1654.127487990664
44627697.41491712,1654.7832724177172
44633042.49654768,1655.6958606141982
44638387.071330346,1656.7088738586372
44643731.099190295,1657.673229554479
44649074.77017606,1658.6615356419532
44654418.036741726,1659.616728867371
44659760.89776903,1660.3524836418778
44665103.67073686,1661.0934440876806
44670446.208419785,1661.960637407806
44675788.389871284,1662.9949987554064
44681130.19319001,1663.9718156779788
44686471.47705664,1664.942013066494
44691812.39737085,1665.8517145646679
44697152.93382874,1666.711086108784
44702493.06562025,1667.4818981770175
44707833.10928926,1668.4272839539744
44713173.11721524,1669.1388042912595
44718512.715182155,1670.0213362663637
44723851.80277964,1671.041867590397
44729190.29958294,1672.0489894053542
44734528.3857975,1673.0583975451118
44739866.04461464,1674.0600171480876
44745203.20792118,1674.8582105737587
44750540.23539545,1675.6168124804988
44755877.034285665,1676.4006240846493
44761213.489287905,1677.5072093007213
44766549.51221485,1678.5645480476617
44771884.975433916,1679.539321439474
44777219.99693215,1680.5060019669
44782554.61278945,1681.4014643874127
44787888.75277624,1682.2642019685343
44793222.71867499,1683.209615639023
44798556.63757557,1684.0568570892217
44803890.12453849,1684.9467065470394
44809223.05926252,1685.9962600251902
44814555.356120445,1687.091872322757
44819887.145201966,1688.138245181784
44825218.47549167,1689.2173743603767
44830549.23151941,1690.128334415974
44835879.73465545,1690.9388073024845
44841209.97661923,1691.7827764122421
44846539.833424024,1692.9405567645854
44851869.19561326,1694.0762106694258
44857197.96942088,1695.1272405244642
44862526.207109906,1696.19092150886
44867853.95731162,1697.164353593351
44873181.17889527,1698.1202289992493
44878508.07272833,1699.1193502519452
44883834.84446945,1700.0963127954687
44889161.23556805,1701.0843124544738
44894486.97754582,1702.1874036709635
44899812.0034193,1703.4202496500607
44905136.43477964,1704.5267426296189
44910460.3105681,1705.7426813449583
44915783.5511986,1706.8226474813855
44921106.34503534,1707.7354889269607
44926428.857633926,1708.759919139673
44931750.884526156,1709.8917145572082
44937072.38063869,1711.1538775405506
44942393.21953176,1712.363967968551
44947713.398675,1713.5574402856553
44953032.976720385,1714.6844768643364
44958351.95958612,1715.7849251340604
44963670.42543769,1716.9229948973707
44968988.64917284,1718.117719780304
44974306.478448376,1719.1456438143575
44979623.57173029,1720.3812019511104
44984939.886166364,1721.7533355205146
44990255.41726197,1723.0559913030152
44995570.27173747,1724.4207835865157
45000884.41979344,1725.7325005658504
45006197.88720621,1726.8794015384879
45011514.20330688,1712.1954169307146
45016835.1198533,1713.365719153766
45022154.78617436,1713.3681992940687
45027484.46238636,1702.6029089767094
45032811.34454313,1702.6455213098761
45038147.80659556,1691.1589147840941
45043482.203581326,1691.2657733863741
45048825.69848654,1679.0626102139338
45054168.12520577,1679.381975622669
45059519.41412611,1666.6808057743485
45064869.788870685,1666.9937652204844
45070228.2150009,1654.2458656608342
45075586.10689051,1654.7002312544782
45080951.819155894,1641.6564463717264
45086317.68199655,1642.3252977136801
45091683.25809712,1642.794715552813
45097048.869335756,1643.2590013979984
45102414.366000906,1643.8366367801698
45107779.6371248,1644.5850118170558
45113144.65732083,1645.2902650077517
45118509.29817946,1645.9639256982828
45123873.721733585,1646.5880110353885
45129237.884158336,1647.156515758645
45134601.80332834,1647.6382202903383
45139965.79141938,1648.2846620903874
45145329.84012426,1648.6997281058646
45150693.62702577,1649.2752739382329
45156057.03893182,1649.9975595085575
45161420.03007722,1650.700696438263
45166782.74070352,1651.4030945271288
45172145.182449125,1652.068919508173
45177507.310554184,1652.5559626497547
45182869.44156427,1652.9915628616534
45188231.472963415,1653.5445871676775
45193593.266858704,1654.2909118826226
45198954.814096555,1654.9970450659227
45204315.97749633,1655.6642572372743
45209676.8517189,1656.3075582028926
45215037.48589861,1656.8543040043871
45220397.83631464,1657.3602055330769
45225758.21555658,1657.975202440585
45231118.682165034,1658.4592603125534
45236478.86075907,1659.0032095792214
45241838.66991026,1659.7072423282611
45247198.04652673,1660.4091099657865
45252557.1075277,1661.1035785237082
45257915.89434247,1661.783066685965
45263274.33342399,1662.288281725787
45268632.733308956,1662.7134675090736
45273991.08741871,1663.2355496230516
45279349.15279395,1664.0028938761238
45284706.923212394,1664.6791342667952
45290064.34764099,1665.3100355657932
45295421.48156187,1665.9892554610929
45300778.322480224,1666.5233289042694
45306134.883104645,1667.0336745988213
45311491.41123141,1667.6471722201122
45316848.004340746,1668.114192782785
45322204.37034951,1668.6375182237514
45327560.35267936,1669.315776486432
45332915.87179197,1670.0398055091748
45338271.06086589,1670.7068996715832
45343625.96028621,1671.404251806216
45348980.47811241,1671.9286497687067
45354334.917123094,1672.3498065438423
45359689.29516155,1672.8158241969861
45365043.429643944,1673.5611001811858
45370397.25545037,1674.2792495126348
45375750.710303426,1674.9317819514756
45381103.85033364,1675.603795266319
45386456.67240877,1676.155305297378
45391809.16512304,1676.6523098081084
45397161.5773307,1677.22752253678
45402514.067241766,1677.7675507070992
45407866.345340095,1678.2443694908313
45413218.233097754,1678.9094044477922
45418569.64312477,1679.6575404703158
45423920.66635958,1680.3095447858236
45429271.41219891,1680.9885746000707
45434621.7534639,1681.5695850728823
45439971.93424865,1681.9887730799464
45445322.05142654,1682.5057763710165
45450671.93137686,1683.1407563601501
45456021.54027415,1683.8770536471277
45461370.74514127,1684.5739383926862
45466719.5693472,1685.2238164877879
45472068.090541035,1685.7929836958479
45477416.28172584,1686.330986269644
45482764.2754249,1686.9106720774287
45488112.343598165,1687.4544646238692
45493460.24634381,1687.969383281499
45498807.71859416,1688.6212867137817
45504154.69041241,1689.3773317187888
45509501.25620094,1690.03701577973
45514847.47666147,1690.7806239304568
45520193.302653536,1691.3983462722454
45525538.87163731,1691.8521504934192
45530884.37881832,1692.3555538495864
45536229.67716172,1693.0422379481274
45541574.60135031,1693.8184828270662
45546919.09027639,1694.4970918641006
45552263.2079674,1695.1718483310128
45557606.97468901,1695.8178713312416
45562950.37172295,1696.3821092916887
45568293.497354664,1696.9339885780917
45573636.65325062,1697.5657858111658
45578979.66389032,1698.0201686621251
45584322.25631227,1698.6714940774893
45589664.35214606,1699.4362925247628
45595005.965538666,1700.13747519509
45600347.20739153,1700.883405230484
45605688.05335169,1701.5526359629566
45611028.534231745,1702.057075014701
45616368.9533089,1702.5508909432158
45621709.11068192,1703.250811474293
45627048.88065169,1704.0401375363965
45632388.26610002,1704.752115946617
45637727.19267452,1705.4758573822037
45643065.72089496,1706.1435661755536
45648403.856104255,1706.7409722620853
45653741.66664158,1707.3072512865172
45659079.42270313,1708.0686254125146
45664417.03048758,1708.5432115927626
45669754.21652487,1709.2420686867197
45675090.86188507,1710.0392391480273
45680426.93791812,1710.8054420318197
45685762.60888042,1711.5916607593654
45691097.8363602,1712.3500981019508
45696432.61018013,1712.92344202281
45701767.264619604,1713.4891693438124
45707101.63475559,1714.1770695659684
45712435.60735976,1715.0010469703516
45717769.17035281,1715.796759940083
45723102.18033374,1716.591123282907
45728434.75423202,1717.33293331301
45733766.87666597,1717.9933963224653
45739098.5787119,1718.6058993545782
45744430.14617298,1719.4036200615851
45749761.57457838,1719.9562451431696
45755092.57522337,1720.6760485815885
45760422.996743985,1721.5069634392526
45765752.791584246,1722.360223229966
45771082.079192154,1723.177512712395
45776410.92867626,1724.0170718015302
45781739.20380326,1724.7210795523224
45787067.26244278,1725.3453027556654
45792395.07263747,1726.0618849224154
45797722.394179575,1727.0159648699657
45803049.191079,1727.8820115824374
45808375.41386563,1728.7118882247964
45813701.15080561,1729.5954612452365
45819026.36003205,1730.36950662959
45824351.044846855,1731.1007391277374
45829675.46075084,1731.926438458183
45834999.70080008,1732.65262343282
45840323.501494564,1733.4020149552025
45845646.67892654,1734.3180439519388
45850969.14792155,1735.3089550708726
45856291.00288993,1736.2289907838203
45861612.328413635,1737.2169362590737
45866932.98616758,1738.067967002153
45872253.26714069,1738.8077007319387
45877573.23476139,1739.583170842422
45882892.704322085,1740.632594460587
45888211.595586814,1741.6844456211415
45893529.75127004,1742.7158412914735
45898847.30505893,1743.711898007241
45904164.2688637,1744.6750272946006
45909480.57888631,1745.5789580872263
45914796.40407921,1746.5337611267928
45920112.00340565,1747.466911474175
45925427.117382124,1748.3987773053782
45930741.48026395,1749.4611523443061
45936055.01287461,1750.6512216838873
45941367.79040998,1751.7593110464538
45946679.87989414,1752.9625301399353
45951991.20852389,1754.0693356009342
45957301.89364552,1755.0323847286477
45962612.15801469,1756.0640574040867
45967921.817359224,1757.2114435169924
45973230.79109886,1758.544365082993
45978538.92148086,1759.7924273864214
45983846.22540825,1761.0457567916076
45989152.746143095,1762.306246129146
45994462.52459403,1748.2400630452155
45999775.91277929,1749.1977247612351
46005088.18967649,1748.6908247250185
46010411.06216683,1738.5592068872604
46015730.732698955,1738.2032496575362
46021060.1636843,1727.6329608037988
46026386.95872634,1727.5063260377892
46031723.13942498,1716.2956011851966
46037057.40724882,1716.282533848895
46042400.60109728,1704.2896873741413
46047742.81549724,1704.175448625359
46053093.654025845,1691.8775116999202
46058443.79987449,1692.1569078429102
46063801.96887645,1679.6259484887441
46069159.829848506,1679.833489807359
46074525.39468248,1666.9809732575113
46079891.27196698,1667.304509965766
46085256.94996972,1667.5795042022814
46090622.71253775,1668.0107694833987
46095988.544779636,1668.2124427179942
46101354.11219549,1668.6043091428246
46106719.33023773,1669.1117196116722
46112084.146063395,1669.561935923759
46117448.7187497,1670.05185450306
46122813.02557612,1670.4899784497575
46128177.05904696,1670.75972101384
46133541.11414578,1670.9739206872168
46138905.10004434,1671.3192324922052
46144268.87920855,1671.872918267702
46149632.38856635,1672.3609490680196
46154995.53592505,1672.7911408871907
46160358.4631784,1673.2044317441082
46165721.11847719,1673.5234215040662
46171083.55805579,1673.7943179883582
46176446.05915306,1674.2365505161015
46181808.61471911,1674.4401274271745
46187170.93549724,1674.8122314382722
46192532.88525028,1675.2987575605423
46197894.41192237,1675.7776080455508
46203255.69647488,1676.2110481582545
46208616.70455748,1676.6742627653646
46213977.384563684,1676.943900777452
46219338.082366504,1677.1686724184294
46224698.73974003,1677.4071744226999
46230059.18452699,1677.9646491174371
46235419.34721004,1678.4689426391496
46240779.15506718,1678.889552566144
46246138.726408675,1679.3232959430438
46251498.01391719,1679.6502994398418
46256857.03876751,1679.917295878532
46262216.0979083,1680.337122643808
46267575.189983785,1680.6001441346382
46272934.08750123,1680.9233255245297
46278292.602476895,1681.3875260116772
46283650.6932127,1681.8889031977856
46289008.46460874,1682.3220162406744
46294365.98915326,1682.792821401638
46299723.145268895,1683.1101238653014
46305080.273530364,1683.327207867045
46310437.34443042,1683.596928912904
46315794.209040835,1684.1264008074793
46321150.80556411,1684.6274290986162
46326507.0215822,1685.0628758100174
46331862.95378015,1685.4871004660406
46337218.616029404,1685.8301359154368
46342573.97589164,1686.1171111637136
46347929.316340916,1686.4975128769731
46353284.73446823,1686.80095110411
46358639.94164668,1687.087068210271
46363994.780084245,1687.5393373917525
46369349.16792881,1688.0610299329483
46374703.211528964,1688.5050291365903
46380056.984124854,1689.0043886359051
46385410.38368523,1689.3543023675115
46390763.67942992,1689.5752571060316
46396116.95073108,1689.8667580592492
46401469.96451144,1690.3843557823952
46406822.68745776,1690.8798919676863
46412175.051124565,1691.3365466317662
46417527.08508576,1691.8049272351382
46422878.8070183,1692.157010942435
46428230.23604048,1692.4777540616276
46433581.544875965,1692.8764566544671
46438932.927049994,1693.1772788843434
46444284.143667884,1693.5086925012238
46449634.95550224,1693.9482099472013
46454985.29393973,1694.493633729927
46460335.274785005,1694.9370626529212
46465684.94358463,1695.4637181548055
46471034.22244599,1695.8487989098546
46476383.32752143,1696.079344632331
46481732.37988213,1696.3508800920313
46487081.279032014,1696.7757914959777
46492429.86131338,1697.3175125261891
46497778.017588764,1697.8214243996933
46503125.83194997,1698.2772891982327
46508473.348637074,1698.6762883553415
46513820.52513278,1699.0183620999767
46519167.509172,1699.3764137411883
46524514.56007704,1699.7515501422672
46529861.46008226,1700.0021419910845
46535207.97400628,1700.4448555614345
46540554.02124425,1700.9868920187525
46545899.62954046,1701.4595105086032
46551244.91807913,1701.977480998292
46556589.81931536,1702.4216438460808
46561934.44408758,1702.6906841497616
46567279.02111151,1702.9860314525977
46572623.4099949,1703.4553842506298
46577967.44448393,1704.0478827301336
46583311.06648939,1704.534123841162
46588654.3140742,1705.0207427315615
46593997.20161485,1705.4562185831153
46599339.75004635,1705.8370006190935
46604682.01952288,1706.1982369739633
46610024.28912111,1706.6864784119896
46615366.45017647,1706.930656379832
46620708.19454042,1707.4221899851245
46626049.45583495,1708.0008712938923
46631390.199912615,1708.5086471156162
46636730.61246099,1709.063107332094
46642070.604231626,1709.5742229362484
46647410.2231238,1709.8955787077803
46652749.79200754,1710.2225457798993
46658089.095613964,1710.6922797324396
46663428.07086159,1711.2463559225027
46668766.663742095,1711.772892753446
46674104.79013874,1712.3364168437383
46679442.53852572,1712.8210114977535
46684779.91100431,1713.2512567432134
46690116.92734093,1713.6224823865566
46695453.884150766,1714.1391235731598
46700790.75871075,1714.4216392850226
46706127.211691305,1714.9083762571863
46711463.170379676,1715.5095391402488
46716798.56537817,1716.057005825559
46722133.56259272,1716.6592576134806
46727468.132567115,1717.2325271642978
46732802.244899176,1717.6365210529214
46738136.23399953,1718.0035420785869
46743469.97241973,1718.4742812577924
46748803.35539502,1719.1153806630064
46754136.3161562,1719.735975135011
46759468.72498952,1720.3316031343231
46764800.68491446,1720.9053735818084
46770132.2479474,1721.4056787692252
46775463.37193561,1721.8790693225917
46780794.35969794,1722.4355255043179
46786125.23207461,1722.8253898491848
46791455.67733519,1723.3365329260964
46796785.58561259,1723.978159796294
46802114.86179725,1724.6564306580096
46807443.66093883,1725.2725337191116
46812772.015871316,1725.9337057273842
46818099.7912648,1726.4538837675518
46823427.35479144,1726.8824749101805
46828754.677152716,1727.3635809377624
46834081.589351185,1728.1133809735366
46839408.03375121,1728.8047026878226
46844733.88975656,1729.4686701230391
46850059.21281945,1730.1492167585648
46855384.075780734,1730.740694937755
46860708.423198976,1731.3098223170073
46866032.47843392,1731.9367902626398
46871356.36963629,1732.490521369898
46876679.861352794,1733.0199136089198
46882002.74650954,1733.7430337709343
46887324.93756888,1734.5554146364927
46892646.52163519,1735.2852885725138
46897967.59022372,1736.0457115155614
46903288.0293252,1736.7349911214937
46908608.06474159,1737.2776079671469
46913927.82383913,1737.9083480983536
46919247.128121026,1738.7233536702688
46924565.84772772,1739.5977456627336
46929883.85988656,1740.3955049300291
46935201.30049388,1741.206393361763
46940518.144117095,1741.9888438727019
46945834.36692513,1742.7189654154067
46951150.1117687,1743.481731045393
46956465.63010264,1744.250342662692
46961780.67970802,1744.9190969028564
46967095.04183559,1745.7798147724222
46972408.60125999,1746.744919952927
46977721.412735656,1747.67996304448
46983033.56257169,1748.68700829605
46988344.97879243,1749.6320369712278
46993655.73856046,1750.4106903177308
46998966.110506,1751.2277148734684
47004275.935396604,1752.1742062902706
47009588.79299415,1737.8363059368387
47014905.577409804,1738.695131858981
47020220.92425687,1738.1228652613618
47025546.55108324,1727.4974744473225
47030869.269028276,1726.98059578778
47036201.81730813,1715.5562183778773
47041532.42409128,1715.3127246532974
47046872.57844073,1703.1411145190539
47052211.02934034,1702.9839848248591
47057558.15750369,1690.6769186407332
47062904.04526648,1690.6241078230535
47068258.30410035,1677.911650556378
47073611.97474306,1677.9197402304171
47078973.60887356,1664.6440441341797
47084335.571367025,1664.7055811064347
47089697.458058126,1664.8877527912516
47095059.14246397,1665.2751859038267
47100420.526751086,1665.5891870703695
47105781.565443665,1665.856829557452
47111142.38764535,1666.1036489240328
47116502.932387516,1666.2669571663896
47121863.274901606,1666.3807963467327
47127223.70631713,1666.6685819790575
47132584.16168178,1666.6860722469173
47137944.36374081,1666.9063760628828
47143304.181940414,1667.2434045987561
47148663.58726961,1667.5537868505085
47154022.715354204,1667.8805089875307
47159381.57850612,1668.1789433536158
47164740.12611329,1668.2923337012319
47170098.70340708,1668.3608710794706
47175457.18406427,1668.5135164670921
47180815.45904316,1668.8670408866924
47186173.45941642,1669.2004757046402
47191531.08375864,1669.4960282611034
47196888.446817726,1669.747095025038
47202245.56237351,1669.9293345507253
47207602.40181657,1670.048044705498
47212959.30370973,1670.2931678442817
47218316.245331556,1670.4085858051237
47223672.93399572,1670.5716870126018
47229029.24491232,1670.8941360085819
47234385.135003194,1671.2232020395504
47239740.71309684,1671.5450358895719
47245096.022213146,1671.8586924232022
47250450.98506863,1672.0018846188364
47255805.92873142,1672.0627929997263
47261160.83751835,1672.214958575323
47266515.459865175,1672.6075760978695
47271869.79283749,1672.9005751599639
47277223.78448836,1673.180696226142
47282577.49057539,1673.4918609781575
47287930.9071207,1673.669204331965
47293284.04956859,1673.8197860116495
47298637.18248663,1674.0716322712785
47303990.36060017,1674.1597766691923
47309343.322187684,1674.3146541627862
47314695.903006926,1674.62913875951
47320048.02224677,1674.98996890895
47325399.820022814,1675.3066585165666
47330751.315610595,1675.6556240826558
47336102.43155542,1675.8245387760662
47341453.48423455,1675.887573167396
47346804.49456622,1675.966338016414
47352155.27496265,1676.337470138159
47357505.76484622,1676.6997968735297
47362855.87149795,1677.0203057026251
47368205.66448576,1677.3231666629174
47373555.15202507,1677.5335743438786
47378904.307867214,1677.6838856573097
47384253.40453966,1677.9201389231266
47389602.55676513,1678.0804311305385
47394951.51545678,1678.2039431618703
47400300.07852034,1678.514521169078
47405648.1891193,1678.885230403513
47410995.90338263,1679.1991579884223
47416343.32982561,1679.5277838417796
47421690.36773543,1679.7707028036787
47427037.247745566,1679.8442936348852
47432384.0873702,1679.9954412323257
47437730.70280212,1680.3139964595057
47443077.01896013,1680.7013431086848
47448422.934003755,1681.0144369123582
47453768.5141049,1681.3434318609857
47459113.747416675,1681.5666551561455
47464458.67910245,1681.7653451761382
47469803.43376736,1682.0263168730535
47475148.23688882,1682.2331008080168
47480492.87052414,1682.3845284059869
47485837.085184,1682.694782510285
47491180.80676478,1683.125953343656
47496524.09554685,1683.4646095117719
47501867.05715387,1683.8809208792143
47507209.60194758,1684.1811028482307
47512551.895011865,1684.2990137832485
47517894.139832705,1684.4374765151974
47523236.187978804,1684.719161090535
47528577.889931455,1685.1749122088345
47533919.17175342,1685.562827012181
47539260.06739174,1685.933398676916
47544600.602620564,1686.2194262355547
47549940.76736431,1686.469739751989
47555280.65944637,1686.7098607190192
47560620.5927303,1687.00348734976
47565960.37038839,1687.142675137707
47571299.717797406,1687.463007835255
47576638.565290414,1687.9178649673988
47581976.94681703,1688.2523485751256
47587314.95285202,1688.707706705634
47592652.523644395,1689.0586028913624
47597989.763643205,1689.236197491101
47603326.93025552,1689.3857068287964
47608663.89590346,1689.7030918727369
47614000.522899926,1690.1857683525322
47619336.698341504,1690.6204117438135
47624672.35920711,1691.0305188869545
47630007.69126597,1691.3875568386766
47635342.60853704,1691.7059060952693
47640677.17913659,1691.9636079253917
47646011.70916534,1692.3776868776124
47651346.10721682,1692.5172131141774
47656680.066311635,1692.8686925420027
47662013.50583532,1693.3643502869018
47667346.38542051,1693.812970832278
47672678.824444585,1694.316300389317
47678010.82135824,1694.7624707357113
47683342.35516419,1695.0444351095266
47688673.76059334,1695.2569374960194
47694004.92676537,1695.5968513396515
47699335.73165289,1696.161332286203
47704666.06436794,1696.6830241482926
47709995.8303,1697.159576852854
47715325.19898803,1697.6268277701568
47720654.10018529,1698.0206883878957
47725982.538538024,1698.3510320893301
47731310.86450015,1698.8170117653792
47736639.04532637,1699.1473120263595
47741966.75847097,1699.5281396387659
47747293.90614172,1700.0917065118947
47752620.40484383,1700.6563841237491
47757946.41946693,1701.2236403510733
47763271.92820251,1701.818822904797
47768596.848634645,1702.2206217056969
47773921.5642475,1702.5476649231796
47779246.00855952,1702.8933862754386
47784570.02979244,1703.563857729464
47789893.556589514,1704.1998471163913
47795216.45614318,1704.7924335751293
47800538.81126833,1705.3638546431132
47805860.67927895,1705.8790398728565
47811181.99504483,1706.3680643941366
47816503.02533291,1706.9409346908917
47821823.85577889,1707.379008729769
47827144.262090325,1707.8378783285439
47832464.01494891,1708.4967415754397
47837783.03115329,1709.2549043306326
47843101.41661891,1709.9305860559546
47848419.268788315,1710.6595008076363
47853736.416954726,1711.2957072245606
47859053.15421066,1711.7730467736558
47864369.57081886,1712.3368305598985
47869685.49026248,1713.0859510279536
47875000.805726275,1713.9170718204723
47880315.3949485,1714.6601043602916
47885629.37653299,1715.4488275833428
47890942.69384211,1716.1938174898892
47896255.35232531,1716.8929741942661
47901567.506815344,1717.6494334211452
47906879.39029007,1718.3830612189513
47912190.74812331,1719.0192121724065
47917501.35831788,1719.8729842697392
47922811.10234725,1720.8443328305423
47928120.02628503,1721.789606587733
47933428.2346206,1722.820011658849
47938734.07880174,1720.6675761567346
47944051.79776885,1711.9472169569224
47949366.476013616,1712.4938883779553
47954680.68962071,1713.1914810976957
47959998.050384596,1697.650582330374
47965319.360997155,1698.2849801780942
47970639.269066915,1697.420135787498
47975969.72049703,1686.0155878998398
47981297.15486587,1685.222747607419
47986634.67962836,1672.998343697828
47991970.138325535,1672.4431672207559
47997315.45084781,1659.4342447152385
48002658.848393306,1658.994495569933
48008011.25750001,1645.8535895848731
48013362.197533384,1645.5183232251538
48018721.873147875,1631.941366343193
48024080.86635514,1632.0670970099734
48029439.60062319,1631.9829938379628
48034798.38535317,1631.8624460506765
48040157.09998298,1631.8791685886183
48045515.58743259,1632.1331118593446
48050873.76228993,1632.299625800269
48056231.60337534,1632.4320460610193
48061589.20165944,1632.5306115202404
48066946.51228925,1632.5248399341644
48072303.616213724,1632.4948028417184
48077660.81034927,1632.638064618242
48083018.023283936,1632.4864120704203
48088374.960548036,1632.5640093570219
48093731.497658685,1632.7637856177448
48099087.60746757,1632.924015376174
48104443.433041155,1633.1125195687139
48109798.98276378,1633.2752088962711
48115154.20324962,1633.2262324074534
48120509.46231098,1633.134796467439
48125864.62287683,1633.108615761954
48131219.568466514,1633.3247621465196
48136574.20867097,1633.5144958094793
48141928.47001598,1633.6682948812327
48147282.46907921,1633.76823655635
48152636.19971353,1633.7987334993672
48157989.647922985,1633.7608160082095
48163343.16199378,1633.875040955151
48168696.69256606,1633.8149036086133
48174049.96540005,1633.8310427357535
48179402.8401263,1634.0168690603448
48184755.27436779,1634.2071706990941
48190107.38797693,1634.400909276374
48195459.20736512,1634.5846911160768
48200810.6702493,1634.5719482096822
48206162.11166419,1634.4696760016363
48211513.510745764,1634.4601610045668
48216864.61743402,1634.7210636153009
48222215.40865568,1634.8798485904779
48227565.8325413,1635.0375832455713
48232915.97313784,1635.2116303552402
48238265.800045975,1635.2466374959631
48243615.337308235,1635.250922162826
48248964.85668122,1635.3788397962016
48254314.41539045,1635.279478777001
48259663.75030361,1635.2916626693213
48265012.68186738,1635.4743766602305
48270361.122655734,1635.7077873373685
48275709.2280025,1635.8931996909198
48281057.006244026,1636.1212525321184
48286404.38380148,1636.1519712844324
48291751.6962133,1636.0570337579372
48297098.94319422,1635.9795246437202
48302445.97411877,1636.1993982057961
48307792.70223478,1636.4283191635748
48313139.01104153,1636.6379590360737
48318484.98270011,1636.7998654531893
48323830.64670477,1636.8795784095723
48329175.96316708,1636.908222031537
48334521.194897,1637.0104014273686
48339866.47397296,1637.009164243906
48345211.48998584,1637.0186544296448
48350556.1328858,1637.1986473977895
48355900.27688497,1637.435756673749
48361244.0225128,1637.6407989352717
48366587.439341664,1637.8893067752986
48371930.44960897,1637.9977708466713
48377273.28342391,1637.9340436408281
48382616.08432498,1637.8977928870345
48387958.66798127,1638.1323879168958
48393300.85543172,1638.4288797938598
48398642.581405446,1638.6290504518508
48403983.98818638,1638.8452759116137
48409325.02976002,1638.9788108712714
48414665.70314417,1639.0534748809005
48420006.19513838,1639.1895483510464
48425346.7231146,1639.2805788387398
48430687.0566306,1639.2302621693689
48436026.96244381,1639.4281423724215
48441366.35744644,1639.7618672262413
48446705.25359145,1639.9894301857842
48452043.80759256,1640.2933985420907
48457381.90619291,1640.4996158730048
48462719.72027751,1640.4904273733264
48468057.48115871,1640.4847694509074
48473395.02392265,1640.7096096744353
48478732.15696904,1641.0587864489717
48484068.8467728,1641.309707527293
48489405.13201928,1641.6067607263944
48494741.00730765,1641.8020123394326
48500076.49027388,1641.9251049822908
48505411.67656801,1642.0692505965058
48510746.84090898,1642.3267683167671
48516081.85170108,1642.2874594148134
48521416.39365414,1642.5577049921812
48526750.38956744,1642.9430037544678
48532083.82291164,1643.2550247928275
48537416.84504516,1643.6305001036535
48542749.41617196,1643.9272968584944
48548081.55473335,1644.0248338625163
48553413.61790955,1644.0948012329736
48558745.41242268,1644.3290215021636
48564076.78682421,1644.722397763526
48569407.6997287,1645.087267309144
48574738.10931007,1645.4526102597779
48580068.081120946,1645.7559861140721
48585397.596750826,1645.9650795486425
48590726.71000968,1646.1652667645242
48596055.738748424,1646.5455184939262
48601384.60378177,1646.598015015354
48606712.99615282,1646.910341914458
48612040.77831506,1647.3612660107822
48617367.93098264,1647.790286871182
48622694.574081205,1648.254481461892
48628020.73057954,1648.6901370931732
48633346.33484602,1648.9296640492107
48638671.774023205,1649.0884346604353
48643996.953603946,1649.4133465746297
48649321.63048333,1649.9683656354227
48654645.776539184,1650.4053060579201
48659969.35745493,1650.8722300309112
48665292.45143327,1651.3532456787113
48670614.98893829,1651.7096351171763
48675937.00703387,1652.0108167160456
48681258.84011589,1652.481780883227
48686580.458580725,1652.765984961201
48691901.5732014,1653.1373608473575
48697222.0311567,1653.6980432174128
48702541.75039332,1654.3168874762614
48707860.866213575,1654.9287081492425
48713179.40013542,1655.5753079628166
48718497.25936442,1656.025193480066
48723814.78996738,1656.3552582635164
48729131.99808154,1656.6911033791375
48734448.69082168,1657.3824112310294
48739764.79628748,1658.0773398976298
48745080.181863666,1658.7740795968882
48750394.909204714,1659.44764858228
48755709.0290577,1660.0451475724549
48761022.48131214,1660.6155269158364
48766335.497901075,1661.3057454257719
48771648.2656183,1661.8259831331363
48776960.4720877,1662.4380264485233
48782271.89090795,1663.2118081495228
48787582.449227825,1664.1407058958905
48792892.176189326,1664.9953867677668
48798201.21551021,1665.9021774414516
48803509.42596733,1666.726186101502
48808817.025335945,1667.367879543092
48814124.19661891,1668.0606237344848
48819430.736929916,1669.0445817844297
48824736.463030174,1670.1329484785315
48830041.30405373,1671.129339738153
48835343.313165046,1668.0527025886854
48840657.82962778,1659.8039338820201
48845968.58935547,1660.472554562399
48851278.744569905,1661.1594673315717
48856593.44808793,1643.452689758081
48861911.229405135,1643.7590410297441
48867232.25400955,1625.8376860175433
48872557.02535833,1626.3623858953586
48877880.35900014,1625.0774770137268
48883214.60209849,1612.5226595094302
48888545.44036721,1611.5042457359978
48893886.77303063,1597.734847676323
48899225.67026992,1596.6483560736115
48904574.75970337,1582.2607140654623
48909921.68096944,1581.6434116914645
48915278.12235257,1566.8278890519277
48920632.74125695,1566.233134601228
48925996.63224341,1550.810429443378
48931359.45472704,1550.5972739878125
48936722.09881988,1550.33787408394
48942084.91118997,1550.2407648705932
48947447.72658213,1549.8297980843747
48952810.273955025,1549.676513898612
48958172.433758244,1549.6861671506365
48963534.19550405,1549.6394802500533
48968895.70666076,1549.6235249724928
48974256.949253455,1549.5648580019342
48979617.91324872,1549.2283610672328
48984978.96898391,1548.890355922018
48990339.964588255,1548.6153413879038
48995700.75358005,1548.617968605386
49001061.220529616,1548.5651859911943
49006421.3520027,1548.490051192743
49011781.28060807,1548.385319293191
49017140.93800659,1548.1762316836614
49022500.370282,1547.9184630290756
49027859.91616643,1547.8049780258502
49033219.51289192,1547.4005025269048
49038578.83882223,1547.1925390158854
49043937.79438828,1547.1817990554734
49049296.33566525,1547.1368237351794
49054654.59414987,1547.1011957160626
49060012.58638632,1547.0402827069374
49065370.2685177,1546.7406530688643
49070728.011990376,1546.3653865222846
49076085.68871474,1546.174552175332
49081443.13485652,1546.1743421837728
49086800.31317047,1546.0523539526127
49092157.12698323,1546.0102833848011
49097513.66751009,1545.9052763683837
49102869.96123397,1545.6909825766631
49108226.00008562,1545.4535780267438
49113582.10800925,1545.3596144372923
49118938.29149866,1544.9532212200202
49124294.18408173,1544.7604925708506
49129649.71759709,1544.7414294644063
49135004.78853669,1544.7074804963524
49140359.59217259,1544.701290394172
49145714.079372786,1544.6770696929002
49151068.22016603,1544.3889287694597
49156422.387550384,1544.0090287644318
49161776.51023184,1543.6825282822435
49167130.43812255,1543.676459228966
49172484.05148,1543.6342437269927
49177837.285019994,1543.5918482652596
49183190.27580291,1543.5296974649125
49188542.94740749,1543.3195514687197
49193895.34075383,1543.0598644962588
49199247.74096624,1542.9863734023027
49204600.21056814,1542.58417512115
49209952.47496284,1542.3684003749727
49215304.34314103,1542.325182835823
49220655.72647946,1542.332973557718
49226006.78592127,1542.29219712535
49231357.53960021,1542.291430434833
49236707.90934071,1542.083704552473
49242058.241842054,1541.701015953179
49247408.54205766,1541.404429421383
49252758.642539926,1541.353823429975
49258108.43658853,1541.324150653395
49263457.81210151,1541.3170585638056
49268806.887384444,1541.2546129642305
49274155.67997751,1541.0571252126554
49279504.14157856,1540.8311996970838
49284852.54246117,1540.701657210849
49290201.04116929,1540.4105948447266
49295549.29278086,1540.1525108477867
49300897.17815132,1540.105008345361
49306244.572458975,1540.1367244393432
49311591.596758895,1540.0962295897546
49316938.310278974,1540.1421770291286
49322284.619047984,1539.9937470396296
49327630.79069047,1539.6392834564858
49332976.96717799,1539.3044708011973
49338322.93349237,1539.327330492309
49343668.52940912,1539.3667894221117
49349013.68522555,1539.3328234578084
49354358.53289484,1539.3333931520444
49359703.03714323,1539.2034557845764
49365047.1870047,1539.0143719940233
49370391.20187699,1538.9183006662374
49375735.27800885,1538.7518237563936
49381079.18891962,1538.3962833078717
49386422.67389369,1538.3652061490438
49391765.663672425,1538.5000448256303
49397108.17843052,1538.4674773787622
49402450.376901895,1538.5610866859417
49407792.12316966,1538.5044576063733
49413133.634016894,1538.1906088932196
49418475.145140894,1537.8863206219714
49423816.43876024,1537.857329126617
49429157.36581893,1537.9189698491753
49434497.87192928,1537.9140486043584
49439837.984382585,1538.0002213644264
49445177.72144226,1537.9108863175866
49450517.10656512,1537.763757185633
49455856.22801219,1537.6624135767238
49461195.37621566,1537.5963016696194
49466534.403531365,1537.281946745495
49471872.97115406,1537.2937849645223
49477211.022333205,1537.4651479665124
49482548.54166779,1537.5098500416852
49487885.70736095,1537.6461368731366
49493222.42721498,1537.720810610055
49498558.75783382,1537.4927226148484
49503895.06143349,1537.3026241385867
49509231.12042815,1537.250510515159
49514566.805502914,1537.3824714652021
49519902.03671783,1537.472839439776
49525236.813322015,1537.6195773019015
49530571.18878561,1537.651728690513
49535905.15282935,1537.5979099433048
49541238.74266051,1537.5304881196498
49546572.31147766,1537.595992017778
49551905.767485045,1537.344875109267
49557238.76474091,1537.3754275103613
49562571.20439237,1537.5893769046174
49567903.04223855,1537.7412605775785
49573234.44559632,1537.9439066205848
49578565.39628822,1538.1444412409305
49583895.83476505,1538.0491304007196
49589226.19434918,1537.9171325242569
49594556.28624027,1537.8482395239807
49599886.00111482,1538.112701030104
49605215.26095816,1538.2532757999472
49610543.93183454,1538.4880436786634
49615872.128011174,1538.6614207267644
49621199.87608471,1538.725539999723
49626527.170617096,1538.7887543885638
49631854.3294953,1539.052355649924
49637181.334886685,1538.8441344551118
49642507.911690176,1538.960379318208
49647833.867933884,1539.2518225542913
49653159.134785704,1539.5923099530446
49658483.858559996,1539.9029558241436
49663808.06521111,1540.2651285918585
49669131.651253425,1540.4038987428537
49674455.02497727,1540.3862477745952
49679778.14461946,1540.5077001843451
49685100.79333934,1540.8731903736607
49690422.8874847,1541.2033508387883
49695744.32190211,1541.6274310796434
49701065.24273635,1542.0556095464963
49706385.56298953,1542.3236850678845
49711705.29388471,1542.5186405663567
49717024.74650783,1542.9406773136466
49722344.02411216,1543.0891862582089
49727662.793266825,1543.2494475000954
49732980.89348207,1543.7252004065642
49738298.21808937,1544.2994922296054
49743614.84089153,1544.8263320526275
49748930.857421495,1545.4474675589022
49754246.14401123,1545.8878767511667
49759560.989735804,1546.1210363028736
49764875.51324166,1546.3800093040181
49770189.52879961,1546.9553170628703
49775502.86502298,1547.6331391366466
49780815.436122805,1548.3330771719152
49786127.30629394,1549.0600071903807
49791438.48773597,1549.628235371103
49796748.924633406,1550.2110071445068
49802058.799130835,1550.8830879255079
49807366.18399641,1546.8937237636535
49812686.88638947,1536.7741009994768
49818003.51647914,1537.2509487453585
49823319.35408313,1537.937159452678
49828639.542382866,1516.0158223729957
49833962.38541354,1516.436696402138
49839288.888832346,1494.1207411448297
49844619.05247379,1493.8920823046508
49849952.600727305,1471.0248515394483
49855290.810596995,1470.840550889389
49860627.89381148,1469.2958778517984
49865976.09243823,1453.0323894309245
49871320.87107213,1451.7207646556135
49876676.405477345,1434.413445750697
49882029.051311314,1432.971143644217
49887392.179106414,1414.8052112982182
49892753.65828236,1414.3081408802698
49898115.14389314,1413.4911815119383
49903476.3154684,1413.0208639397695
49908837.107632376,1412.767584623078
49914197.51075302,1412.3654867917005
49919557.68759193,1412.0551291943843
49924917.55213689,1411.6393401923078
49930277.1774598,1410.8769732054875
49935636.903391816,1410.1022282796937
49940996.60107684,1409.5256257324204
49946356.04737812,1409.262073596983
49951715.17548198,1408.8349690664936
49957074.006201,1408.459555779186
49962432.564378805,1408.0062753806756
49967790.855495304,1407.3961653593342
49973148.94300491,1406.7913070870065
49978507.186313,1406.3650535400689
49983865.43551359,1405.5414619117041
49989223.403610595,1405.056865003584
49994580.979949,1404.771537920171
49999938.12700766,1404.398522080158
50005295.03072053,1404.0606770736097
50010651.62835501,1403.70248939005
50016007.916394345,1402.9703859768097
50021364.29146819,1402.2286124482744
50026720.64329434,1401.5952596129598
50032076.74733822,1401.3158346957175
50037432.509556316,1400.9461681625282
50042787.896396786,1400.554381608456
50048143.07823496,1400.091178928074
50053497.94018496,1399.5087772010284
50058852.57044542,1398.85358904594
50064207.316613466,1398.4815322276606
50069562.06605573,1397.58264469018
50074916.57587052,1397.0667186973556
50080270.680110075,1396.7592438341328
50085624.32952475,1396.4313944354687
50090977.67762547,1396.107848614344
50096330.74157915,1395.7568888598
50101683.42470534,1395.1216097436584
50107036.16818189,1394.3607036156272
50112388.805323824,1393.7926752823544
50117741.256503254,1393.4761999732193
50123093.39913227,1393.0287911969392
50128445.13224525,1392.6855443621064
50133796.587636,1392.3079473606774
50139147.73442177,1391.72021850816
50144498.600899674,1391.1278414846256
50149849.51019039,1390.7874176593962
50155200.48797576,1389.9570415515918
50160551.16517845,1389.4133136854257
50165901.442677155,1389.1056944852342
50171251.23525596,1388.814435579786
50176600.694421805,1388.5414552495424
50181949.836374834,1388.2238111330953
50187298.56981865,1387.629170089867
50192647.28873558,1386.8497016224155
50197995.97624726,1386.1744558743685
50203344.452869646,1385.8397069890411
50208692.56401713,1385.479806621444
50214040.21397536,1385.1347386313391
50219387.62290904,1384.793699142338
50224734.64690727,1384.2524168574494
50230081.34539519,1383.6364177549808
50235428.05227449,1383.2951377926158
50240774.821019635,1382.5701308795506
50246121.356489114,1381.8668696284428
50251467.455543086,1381.5424943055934
50256813.058208,1381.3844598443
50262158.24665332,1381.0442945887416
50267503.14210564,1380.8012936308294
50272847.56094217,1380.3177941735369
50278191.868967034,1379.5523568962292
50283536.16054377,1378.9457437500557
50288880.1628172,1378.6672795442987
50294223.87570542,1378.3274349417873
50299567.168405294,1377.9644506602735
50304910.081920885,1377.7063025436196
50310252.61829898,1377.191586179361
50315594.81471971,1376.651662637787
50320936.892230354,1376.3081189709583
50326279.0090256,1375.766393657044
50331620.929733366,1375.103948161498
50336962.365769714,1374.8051797070482
50342303.260014065,1374.7363868807095
50347643.713796906,1374.4196245588846
50352983.8137089,1374.321480331244
50358323.41707655,1373.9357839063832
50363662.7984735,1373.2241097090232
50369002.171153836,1372.6171072657569
50374341.280578256,1372.2583525449193
50379680.04597029,1371.9884410945692
50385018.340623826,1371.750498937376
50390356.16648052,1371.5729017822466
50395693.623110175,1371.133708233941
50401030.67186101,1370.7046472888705
50406367.489731595,1370.3444807388973
50411704.37761394,1369.9105014506501
50417041.05708219,1369.2365613440054
50422377.25031098,1368.9482596497612
50427712.88473874,1368.9294639441855
50433047.9942751,1368.7174846601258
50438382.71428551,1368.6511099111378
50443716.91244173,1368.47108485063
50449050.75215075,1367.8566055731974
50454384.516475365,1367.3257022399525
50459718.08014113,1366.9849993816586
50465051.247724645,1366.9217741019959
50470383.89956929,1366.7274980985724
50475716.03841555,1366.6771901727939
50481047.74458901,1366.4399049633173
50486379.00782206,1366.1384494673616
50491709.88487703,1365.8216973359142
50497040.76251821,1365.6578955983
50502371.42932351,1365.048680072039
50507701.600887306,1364.8393866530957
50513031.18239465,1364.913280524649
50518360.120431036,1364.886524236692
50523688.60814813,1364.9255869367657
50529016.5585014,1364.9581117620207
50534343.96838096,1364.553414396914
50539671.2891655,1364.179376141648
50544998.29040594,1363.8699168703647
50550324.88425576,1363.995060106609
50555650.958294325,1363.987705152951
50560976.36027254,1364.0857489334524
50566301.270909436,1364.0677466300747
50571625.661218345,1363.932960335652
50576949.55128874,1363.8287682506857
50582273.29248655,1363.9882224050946
50587596.881887704,1363.432484680879
50592919.92204877,1363.4261847838372
50598242.29704023,1363.6631474200105
50603563.91739034,1363.9403667327153
50608884.939264424,1364.201345495339
50614205.38345318,1364.490139588435
50619525.11903066,1364.484811401213
50624844.61641945,1364.2980312617983
50630163.78720935,1364.3496246987072
50635482.47430579,1364.7041337338976
50640800.493526846,1364.9383833609795
50646117.73881057,1365.29621676623
50651434.44774675,1365.7406244175877
50656750.44221733,1365.9320653072994
50662065.786513835,1366.0745000097927
50667380.83819315,1366.5664209422166
50672695.635659024,1366.6171745330255
50678009.82950807,1366.705117126232
50683323.24820166,1367.2767182150758
50688635.7726046,1368.0120990585528
50693947.53422823,1368.639367322716
50699258.56036674,1369.4871804576335
50704568.72281504,1370.0221351378802
50709878.37038639,1370.2798993748986
50715187.60336842,1370.7124578450828
50720496.18310686,1371.4969314049372
50725804.01166567,1372.338199858976
50731110.94398818,1373.2935078147807
50736413.95360393,1367.0296108896628
50741731.17819184,1356.685830649609
50747044.0043213,1356.9596438798571
50752356.34211573,1357.4260456656757
50757675.177584566,1327.9956741039982
50762995.15960785,1327.6519449817142
50768320.196873136,1297.1713265459982
50773647.126542926,1297.3549614434364
50778978.216705024,1265.949375350264
50784312.45310789,1265.7871904056387
50789650.1668183,1233.441241765611
50794991.936070666,1232.3418217640979
50800337.001259215,1198.7917186196014
50805686.977134824,1197.986165718257
50811039.350282185,1164.0669105355494
50816397.11636594,1163.0038949818234
50821756.73415732,1128.4021420355948
50827122.34624991,1126.9923686920358
50832487.70888823,1125.548305625318
50837852.937563874,1124.1033154808058
50843218.41311434,1122.6710808078526
50848583.8495897,1120.648651484585
50853948.99155215,1119.2936973579474
50859313.740299076,1118.3707757977413
50864678.11380138,1117.2450081055038
50870042.26750931,1116.2740260928256
50875406.07725725,1115.040312890119
50880769.66939405,1113.2499949450355
50886133.377145894,1111.490916465753
50891497.00013156,1110.229403391391
50896860.39087226,1109.181165613015
50902223.517823376,1107.8449265740014
50907586.32561226,1106.7522418260032
50912948.86360623,1105.308539747153
50918311.15327011,1103.7937129577238
50923673.27316809,1102.2545022805612
50929035.60036656,1100.8980742253254
50934397.91602298,1098.702368708041
50939759.94045733,1097.2786234640075
50945121.57988254,1096.342267457193
50950482.789350025,1095.2452290042875
50955843.76469606,1094.2985251145337
50961204.39506625,1093.1178136771844
50966564.72408075,1091.3331842978737
50971925.162187606,1089.5046626145408
50977285.49729904,1088.1607509045937
50982645.613806546,1087.1848927145234
50988005.46434333,1085.7933840137994
50993364.966524445,1084.5817938894784
50998724.17987395,1083.2714729082356
51004083.10493095,1081.643518812852
51009441.82543249,1080.1176036941388
51014800.75614934,1078.893510888563
51020159.736507595,1076.6435791797626
51025518.37311456,1075.1789186747014
51030876.60228919,1074.2203704382364
51036234.3592573,1073.1494184555045
51041591.86232673,1072.1989136257064
51046949.03660342,1071.0761348861722
51052305.82841963,1069.3032170886775
51057662.69896231,1067.4353831587082
51063019.55076307,1065.8733082406993
51068376.14174528,1064.9723693957258
51073732.39153643,1063.72090534862
51079088.27221937,1062.4312756872284
51084443.94029973,1061.156927801689
51089799.23844256,1059.5269840578167
51095154.28007105,1057.8556754485958
51100509.48763779,1056.645165106315
51105864.71358525,1054.431768363259
51111219.671265766,1052.8228129814474
51116574.192449264,1051.733489507559
51121928.22568757,1050.779837305401
51127281.930771075,1049.691857478626
51132635.33900051,1048.6635657485895
51137988.28363626,1047.0281211651225
51143341.27043931,1045.1206409133365
51148694.15682305,1043.48818704217
51154046.87268585,1042.6708334935054
51159399.2960717,1041.4329509251627
51164751.2807124,1040.081216169942
51170102.97005531,1038.7354902535014
51175454.33188858,1037.0712277431433
51180805.37134396,1035.4357688646128
51186156.513809234,1034.2044750314378
51191507.7632567,1032.0897151315162
51196858.697889715,1030.283647875074
51202209.20181406,1029.1710006904555
51207559.17714145,1028.2201130845565
51212908.79050551,1027.2311755791256
51218258.03563139,1026.2341834902
51223606.83147211,1024.6798709053933
51228955.583553605,1022.6941932902846
51234304.25990221,1020.9801077704105
51239652.71606673,1020.1659247907439
51245000.858661085,1018.9781981552173
51250348.537429996,1017.6349788455361
51255695.92971107,1016.4671657021006
51261042.91208285,1014.8929408821534
51266389.57156591,1013.262361594469
51271736.2032841,1012.1412091657172
51277082.934569255,1010.1529496298824
51282429.45333528,1008.2235084834276
51287775.472355984,1007.0726207848954
51293120.93906429,1006.3803772365629
51298465.95241407,1005.3945557040643
51303810.629644156,1004.4752822636732
51309154.79851079,1003.1546082229397
51314498.79668792,1001.1895884575819
51319842.74681007,999.5691043807071
51325186.43043413,998.510619071518
51330529.82981618,997.5473720772102
51335872.75850185,996.4319685701632
51341215.291001685,995.239696599752
51346557.430601835,993.7023421456502
51351899.174011275,992.1334344052474
51357240.75937074,990.9111580089825
51362582.503017515,989.187510722581
51367924.01972488,987.2040403572621
51373265.02814997,986.0468667270093
51378605.43229964,985.4949422807558
51383945.34417967,984.4680786523562
51389284.88575735,983.8465582955073
51394623.83521936,982.7766550122566
51399962.50540006,980.9059793932993
51405301.13017025,979.2234998683653
51410639.471322246,978.2198860139142
51415977.51590139,977.5234458415697
51421315.06192435,976.433923806854
51426652.084467806,975.4910134113478
51431988.74964818,974.213998207274
51437324.93415288,972.9056038838836
51442660.843424916,971.672824032707
51447996.86505584,970.3982356226702
51453332.69603827,968.2130390226125
51458667.987200074,967.1501544110452
51464002.67086559,966.7554480073147
51469336.72303685,965.95271411281
51474670.37286138,965.5759711193864
51480003.4348759,964.8035730917998
51485336.033430174,963.1981346528503
51490668.56698539,961.6837677203818
51496000.78785038,960.8248350562121
51501332.65861969,960.4682392081672
51506664.01585403,959.5793078621733
51511994.742748946,958.832001041034
51517325.062010825,957.822869973714
51522654.86279479,956.7464534295877
51527984.2079662,955.6246644272136
51533313.58251867,954.9041732285091
51538642.81654412,953.0738313710082
51543971.459008396,952.1312529650968
51549299.42937914,951.981805361778
51554626.65399779,951.7065887889544
51559953.39407298,951.6036604269591
51565279.528092846,951.3579590004483
51570604.975300506,950.1848553086202
51575930.300340995,948.9702602076215
51581255.277079,947.9809689779611
51586579.816772595,948.0635264470422
51591903.8162304,947.5268482916099
51597227.13292929,947.1757805510501
51602549.87704404,946.8850540363567
51607872.01906836,946.0851383491174
51613193.58429225,945.4527771848161
51618515.033494666,945.3854957312265
51623836.2752826,943.8572259120892
51629156.92038178,943.1018728353231
51634476.8104714,943.2836779370666
51639795.81154765,943.8148395407715
51645114.13218139,944.1218688845156
51650431.821621485,944.6453295675049
51655748.642447434,944.4415032058655
51661065.12663711,943.7129748249596
51666381.20513905,943.4699792874007
51671696.64512315,944.2653941526319
51677011.44963222,944.6537554620136
51682325.41146556,944.8828259089624
51687638.725114465,945.406337882019
51692951.223476596,945.590452597017
51698262.97219833,945.7026564385756
51703574.308266535,946.3844237685948
51708885.43905908,946.1695258119919
51714195.84053455,946.1960413499254
51719505.3278424,947.1691910121583
51724812.20849561,898.8651941680504
51730128.19575063,899.2959028669165
51735443.41384491,900.0785398108902
51740766.826489165,845.4645898395206
51746089.072007954,844.0029655555009
51751419.16118267,782.4818691579487
51756749.1434554,781.463306999698
51762085.84349314,714.0515725351439
51767423.2086382,712.4029039876091
51772766.29931008,635.8877143680467
51778111.196311206,632.6750566606975
51783461.10726343,543.0735723165305
51788813.81421821,539.3330370161661
60080347.444214806,178.04481436207533
60368421.44660852,179.4510941006184
60379094.4655995,226.6265592432876
60411101.98761775,334.1257724978527
60485716.53370717,502.6633461606782
60491042.18302631,514.5178741087343
60496367.2894128,525.2213194571507
60501691.845249906,535.9646152018094
60507015.73103535,547.0190362744961
60512339.069118336,555.6869377211153
60517661.562058054,564.6429477207882
60522983.27698415,575.0553309625657
60528304.34224332,584.9549438207312
60533625.03531625,593.8007682784073
60538945.2762706,602.7743515016818
60544264.919384286,611.4977692463244
60549583.90240635,620.823397761313
60554902.31369422,631.2573214230556
60560219.83471521,640.7060176817371
60565536.67803387,649.1738745138587
60570852.775523596,657.6609069407806
60576168.0918603,667.5225365489009
60581482.7777631,677.1382962344157
60586796.75797046,686.7389040724552
60592111.18047612,611.5643170056998
60597432.17734812,620.3073432273936
60602752.68766359,536.2820903028398
60608080.51284334,545.9222022207887
60613407.23697254,453.87535415352244
60624078.19329787,471.76994278493424
60634766.821875185,381.3253452964051
60645470.424240336,261.10299959514384
60677568.140518285,342.3022615450327
60688264.60933381,362.8061805441507
60768443.55387105,505.2093382841316
60773785.88252903,511.256645451743
60779127.47493975,519.4458892464405
60784468.54714143,528.0724587930192
60789809.35402974,535.234198325951
60795150.01090753,542.4865871509658
60800490.452963114,549.497342382588
60805830.43663617,556.566729781503
60811170.052964166,564.5847915072217
60816509.276129045,573.0179033536144
60821847.87991474,579.6323740294326
60827186.268140055,586.0789236656042
60832524.06854338,593.4317170391045
60837861.43407881,601.4350921095213
60843198.39136717,608.8417960281031
60848534.89522609,616.4033037973143
60853870.86527094,624.2170975398535
60859206.54585693,629.8384030705688
60864541.41626088,636.6630695991212
60869875.65506907,643.7875048595893
60875209.53490773,650.3246064140585
60880543.18606312,656.5325611151973
60885876.558275685,662.7661884913177
60891209.41176401,669.135274464233
60896541.81628961,675.9652034841106
60901873.78684881,683.6182189838134
60907205.04854998,689.778372463381
60912535.956761554,695.7036981671514
60917866.266950816,701.9809528927685
60923195.96454147,709.3551364289257
60928525.199358225,716.1725175658332
60933853.92822481,723.0456919651253
60939182.01383032,730.2421383726567
60944509.66488152,735.6772491488132
60949836.532595366,741.618844967845
60955162.649906054,748.4077608390628
60960488.23742538,754.8934307715631
60965813.49927118,760.6949744946575
60971138.34191586,766.6082065996663
60976462.69053259,772.6477987655345
60981786.418432675,778.891289486473
60987109.61462075,786.0383773621738
60992431.9746066,792.1427839856992
60997753.77837759,797.3868309791437
61003074.994065695,803.4864442725474
61008395.40823087,810.4161138264963
61013715.22612844,817.224088416531
61019034.40548252,824.0156609812507
61024352.86526407,830.988423845179
61029670.650022835,837.1272334145251
61034989.47948608,777.6642844375881
61040314.157179534,783.937421634605
61045639.08168076,722.9832320321499
61050971.40333683,728.1805592488181
61056303.40317654,663.4418423970257
61061643.613610655,668.5626110595904
61066983.30140168,673.7475833742947
61072333.46715926,615.1875230136186
61077680.97379998,621.4231081563506
61083028.130251355,626.3622664438253
61088375.02505107,631.327038724219
61093721.42311353,637.3557203605224
61099067.51771813,643.5657115840654
61104413.26386984,649.6193852556696
61109758.59144233,655.7427473090466
61115103.52321243,661.3672428095995
61120448.14862225,665.4719880285857
61125792.01696836,671.2975631348647
61131135.50522281,677.0356660971502
61136478.814486556,681.7993799984398
61141821.9317626,686.7685854813035
61147164.81461915,691.7316321119357
61152507.273408726,696.8269279578467
61157849.41657557,702.777198999487
61163191.08913799,708.5182377822439
61168532.268597394,712.8103023163931
61173873.25829634,717.3221020626429
61179213.62454617,722.9990968204698
61184553.60333538,728.835747405768
61189893.254826404,734.332957940579
61195232.44481411,739.9132609937274
61200571.17093977,745.383442674546
61205909.582093425,749.2931226063563
61211247.19984177,754.5205382076674
61216584.345826246,759.8840880577782
61221921.19728192,764.4761747930764
61227257.8168918,769.1129238682486
61232594.17051944,773.8082787474691
61237930.00980274,778.5182700393016
61243265.45780463,783.8735535787123
61248600.42049065,789.4261903711231
61253934.79527994,793.8348568254208
61259268.859456055,797.8772125665755
61264602.2936628,802.8630428261517
61269935.25352052,808.5237112179643
61275267.75551841,813.7149570349673
61280599.75870292,819.036828848087
61285931.18659616,824.5343018308172
61291262.297076605,828.5296835557826
61296592.59439805,833.3227727468275
61301922.22011755,838.3116913393317
61307251.463871285,842.9958514829159
61312580.40177472,847.4890602036165
61317908.96767334,852.0616552665015
61323236.97487429,856.7484804604078
61328564.45720074,861.823212289758
61333891.43118327,867.4579772374311
61339217.65807128,871.9234062495991
61344543.49447083,876.2848552170015
61349868.60283476,881.0768059687434
61355193.06306909,886.7180067848235
61360516.97350342,892.0082626122198
61365840.29596212,897.3207459990924
61371162.92255684,902.941530588459
61376485.05522451,907.1987459453678
61381806.38572652,911.7435480250776
61387126.904275425,916.9848786814625
61392446.826221876,922.0348107426512
61397766.328458086,926.6859792628458
61403085.28921939,931.5703429838485
61408403.66105923,936.3730076775174
61413721.30786217,941.4968148088774
61419038.28842895,947.2686877548185
61424354.36600661,952.3741077786193
61429669.77773661,956.8813472485226
61434984.50125123,961.6441106187348
61440298.29280155,967.4062622230836
61445614.924856186,918.9765046891591
61450935.940756164,924.3233244869884
61456258.63220571,873.9636264506084
61461586.97039788,878.4396197193405
61466916.102130465,824.833011787567
61472251.63696208,829.2587333113324
61477587.39494598,774.5712992115778
61482930.85707455,778.1719385518816
61488274.13712429,782.2575549641737
61493617.08287839,786.0101356535185
61498959.676619954,789.9503204999844
61504301.926830806,794.8299295897559
61509643.676308855,799.2681269341995
61514985.038724236,802.530486599657
61520326.073161885,806.0486205915786
61525666.56513119,810.5828781945793
61531006.71581875,815.1576022902473
61536346.47722021,819.7041984851321
61541685.76902142,824.2675153838263
61547024.624932766,828.5779434928369
61552363.13239753,831.6245469443456
61557700.93085591,835.7768032156276
61563038.305732414,840.1701559921958
61568375.40619827,843.7010291895991
61573712.25390885,847.6477259819108
61579048.765971504,851.2894135579145
61584384.83975453,855.1558166136383
61589720.49367465,859.8275743563202
61595055.628514946,864.3149843068668
61600390.16267231,867.7597656236684
61605724.417756684,871.1713848371769
61611058.10749383,875.4957766499516
61616391.31019017,880.1854645866288
61621724.0876997,884.5912132016492
61627056.3519243,889.0853199117014
61632388.08126935,893.6170805040766
61637719.465352066,896.8064220377114
61643049.98534576,900.5595847871311
61648380.04630987,904.8482603203856
61653709.68913462,908.5764786038853
61659039.040840305,912.4782562855082
61664367.9539459,916.2197921042684
61669696.35826375,920.1348212706212
61675024.28328324,924.6630750346532
61680351.63298762,929.3517673719309
61685678.27817671,933.0671316653211
61691004.53457252,936.6201061759388
61696330.110112466,940.7555264651394
61701655.10107432,945.5724675964469
61706979.5689271,950.0960632921406
61712303.45520842,954.6071034844671
61717626.653454214,959.4065868433959
61722949.41138361,962.9828329562147
61728271.274251856,966.9347112751602
61733592.44520441,971.2153134859834
61738913.10069919,975.3978586306134
61744233.35863599,979.43309498289
61749553.07973898,983.6596524848601
61754872.13011149,987.8132548681515
61760190.573223576,992.3655995575125
61765508.42936707,949.1621926703173
61770833.97275614,952.8486145746476
61776158.91790792,956.1405901603974
61781493.68127278,916.5051045179348
61786825.928950444,920.654096354921
61792167.50471418,877.9302495929228
61797507.52088695,881.8459800425794
61802856.02792468,835.9091127567101
61808203.88356435,838.9211163393212
61813559.61102725,788.1249142614372
61818914.97883151,791.5314003852179
61824277.960305974,737.1548616288276
61829641.66478795,740.1513563790721
61835005.23756368,743.4284249716109
61840368.60195011,746.5498737008888
61845731.726054825,750.1553249085127
61851094.60823491,754.5115060840408
61856457.07237792,757.9664530213108
61861819.37904254,760.5860894803045
61867181.501242466,763.8853923573873
61872543.22354906,767.9764185843728
61877904.70910881,771.7005769723396
61883265.92571805,775.5122301100346
61888626.80696958,779.4869609230051
61893987.49555793,782.5551757874146
61899347.856224686,785.3136080647888
61904707.65258524,788.6870982861906
61910067.27247831,791.9825336023893
61915426.800647385,794.7471574209599
61920786.221490555,797.9735257688228
61926145.385664165,800.9838926418656
61931504.31772582,804.2025714608765
61936862.99140711,808.2983868104716
61942221.26719695,811.7220534666014
61947579.28286124,814.2335255303453
61952937.09903276,817.0155002146815
61958294.49785701,820.7962143105003
61963651.65991097,824.4041686828851
61969008.52508031,828.0571045857305
61974365.03936897,831.7734277272588
61979721.29565207,834.9472404360547
61985077.27000305,837.1860597681601
61990432.67578782,840.2951103575992
61995787.77771935,843.4752430994437
62001142.814223446,846.1400608434369
62006497.6796691,849.0530780026453
62011852.334468216,851.9956231550375
62017206.610988766,854.9788849639442
62022560.64122275,858.8156378150666
62027914.2634089,862.138565331848
62033267.54658863,864.4942116693833
62038620.62061454,867.2456887509563
62043973.253790624,870.8018212307713
62049325.57348048,874.210729176039
62054677.60493495,877.6851964414375
62060029.26077689,881.1603153103474
62065380.59835258,884.4440034467732
62070731.689348556,886.6651814092456
62076082.128074884,889.4381912559745
62081432.28606022,892.5785116013444
62086782.25073599,895.0882173757923
62092132.05073572,898.0364476736713
62097481.58655618,900.7470939223493
62102830.79717823,903.6429180853211
62108179.66500208,907.2486456181997
62113528.10184034,910.6376448377973
62118876.08953252,913.0421060500925
62124223.87274099,915.6212535850955
62129571.20509331,918.9133276014369
62134918.18025767,922.4463874825724
62140264.81102998,925.7091619900625
62145611.054227725,929.0866730265216
62150956.873541616,932.3589100427974
62156302.50029177,934.4650776246633
62161647.4018942,937.2686579386901
62166991.9132905,940.2874690975193
62172336.207506835,942.8492377555634
62177680.278304204,945.6353089915124
62183024.127009034,948.4191510567234
62188367.54163112,951.2751063737649
62193710.563427135,954.6184981839785
62199053.137168236,958.0504945219604
62204395.224565946,960.5275459344007
62209737.00897111,963.1405978525218
62215078.26855854,966.2207658759426
62220419.123072244,969.7039075792961
62225759.58015247,972.8983564305107
62231099.6125103,976.1920290145621
62236439.15797634,979.5674996958089
62241778.491303094,981.76956860927
62247117.05034561,984.5043193051185
62252455.115938134,987.3878383371054
62257792.89082435,990.0774211877438
62263130.41358644,992.7732954916262
62268467.628157906,995.6521041537771
62273804.34218619,998.5031452229726
62279140.62757756,1001.7326529246384
62284476.42462139,1005.2739238297879
62289811.61065836,1007.9533403594305
62295146.487577125,1010.7036949125753
62300480.73997582,1013.7543591731783
62305814.43774282,1017.1808297492655
62311147.75088874,1020.4201746640526
62316480.56331114,1023.7225174786662
62321812.811043285,1027.203242566451
62327144.735595755,1029.6872407023673
62332475.91409015,1032.242569140978
62337806.357017055,1035.1675579216658
62343136.458011135,1038.038759404935
62348466.24363343,1040.7472650183804
62353795.6384712,1043.7211000992243
62359124.49163369,1046.6737441807663
62364452.83279734,1049.8976372884222
62369780.62407386,1053.6074168485156
62375107.6816341,1056.5882300179599
62380434.3183065,1059.3837837073902
62385760.30177526,1062.5096978703357
62391085.577794634,1066.157152575552
62396410.325018525,1069.5473816596927
62401734.492455155,1073.0113363095088
62407057.96695233,1076.6224167773992
62412380.96243224,1079.5502052355364
62417707.20950811,1037.9317046628641
62423037.23451125,1040.8015215122014
62428369.82186182,998.0700214690714
62433707.754491344,1000.3885943089683
62439047.59005346,956.1163542774257
62444393.4928354,958.5080404297807
62449738.99730005,961.0447564283651
62455084.1755433,964.2336033106217
62460428.866256,966.7457978701334
62465773.24753833,968.752437324632
62471117.33904217,971.1961785866861
62476460.893498816,974.1801586232161
62481804.078551024,976.9512244685127
62487146.95000435,979.8036903801094
62492489.39855062,982.7143224812502
62497831.52717651,985.2536919630224
62503173.309254274,987.1398755983198
62508514.36176272,989.4302606011208
62513855.104920074,991.9838115402813
62519195.64642884,994.0939542180083
62524535.94249297,996.617075560025
62529875.91871155,999.0163808938262
62535215.44057431,1001.45746613817
62540554.59579654,1004.6046912076938
62545893.23389018,1007.3295572482948
62551231.417348094,1009.5554512582336
62556569.28967753,1011.9515928670012
62561906.56981602,1014.684458274455
62567243.455279455,1017.5724099382637
62572579.96989249,1020.4817606703485
62577916.02591863,1023.3967797229475
62583251.63388531,1026.2513519841677
62588586.947416596,1028.0772667440528
62593921.36152545,1030.4400116518639
62599255.42241376,1033.0524743318704
62604589.17496642,1035.3094531550844
62609922.65201042,1037.844922261937
62615255.75125683,1040.391185212121
62620588.35866885,1042.8890209472604
62625920.53647797,1046.006610608048
62631252.13654646,1049.0129740256027
62636583.171271496,1051.3937287656884
62641913.83543796,1053.9078381768934
62647243.83405315,1056.6629464758862
62652573.33950512,1059.7531218333452
62657902.39529867,1062.7178999427015
62663230.91981649,1065.7122732475286
62668558.85945008,1068.8195801072466
62673886.470146395,1070.8069009302071
62679213.133684516,1073.3186596152068
62684539.231813654,1076.0474306555936
62689864.95967201,1078.5781500502217
62695190.323293775,1081.2008262058828
62700515.25329633,1083.9776506533872
62705839.5497028,1086.7355542054047
62711163.292337984,1089.860954616523
62716490.33540163,1049.8274031825854
62721821.34896933,1052.1389621931326
62727155.0612677,1009.9919775368982
62732493.75022695,1012.4452891759138
62737834.15122473,969.6597447053705
62743180.65576406,972.0882585352151
62748526.803609185,974.5773456485829
62753872.548651725,977.2534732955
62759218.14333065,978.922021790209
62764563.13584289,980.6700443527768
62769907.60656693,982.6827283360261
62775251.88884644,984.6880539931476
62780596.03899994,986.5720999905312
62785939.94057257,988.727509690606
62791283.4590177,990.7014819435886
62796626.6621194,993.0802700869481
62801969.470605716,995.9242238845065
62807311.767294735,997.9726252561518
62812653.819598846,999.7341142301946
62817995.5034877,1001.9722036557307
62823336.683340415,1004.6101913290854
62828677.5640155,1007.0591589744805
62834018.063032486,1009.6033033845283
62839358.11826944,1012.3134271583822
62844697.93569481,1014.2396189341149
62850037.173734285,1015.8759850350745
62855375.81058155,1017.9369413117233
62860714.14585129,1020.1875434902631
62866052.31860097,1022.0945916286341
62871390.15732356,1024.3020678020114
62876727.653521605,1026.3606664007348
62882064.7523032,1028.746356106551
62887401.40633085,1031.6623141755795
62892737.51265065,1033.9844647688533
62898073.22774424,1035.879529280461
62903408.60126756,1037.8750600820292
62908743.408088684,1040.5753927440148
62914077.82008572,1043.2063719602243
62919411.80359918,1045.8494392209814
62924745.26880277,1048.5882179283924
62930078.380499065,1050.855307231901
62935410.974583775,1052.4839566685955
62940742.7906977,1054.6278130319097
62946074.24878632,1057.0732699761147
62951405.44519634,1059.0490068225836
62956736.280853756,1061.4403493667742
62962066.748369835,1063.6956521880822
62967396.72697932,1066.1617740249912
62972726.20339949,1069.1645692187774
62978055.069202326,1071.7734220951563
62983383.40441108,1073.9286851684037
62988711.311616845,1076.179638023839
62994038.58443121,1078.9255507746852
62999365.35258881,1081.730948611401
63004691.60800509,1084.5772184214384
63010017.306635775,1087.396660076101
63015342.45211191,1090.2199334147044
63020667.176769875,1092.0824852618039
63025990.91475999,1094.373852337617
63031314.16917554,1097.0226180456718
63036639.28385393,1056.8427274424778
63041970.36075711,1059.1137619751667
63047302.445120804,1018.3360590362886
63052641.249954715,1020.289860536099
63057979.290045395,1022.0921524894176
63063328.18586243,990.28838291945
63068673.99236735,991.3724074834497
63074030.372528434,956.591083053848
63079384.37535172,958.4793359561245
63084738.09370069,960.6863285668242
63090091.57686859,962.8036904237389
63095444.74027935,964.9420296005599
63100797.56966885,967.1505478758397
63106150.32391907,968.192497779241
63111502.39373164,969.6580362982759
63116854.13682272,971.3892119207378
63122205.75570702,972.8174526513169
63127557.25236352,974.513737579224
63132908.55519828,976.1641339377013
63138259.54663731,977.8807387442439
63143610.220304266,980.0936783527985
63148960.53968272,982.437329970894
63154310.43755813,983.7903402087543
63159660.27877003,985.4005217467304
63165009.65391779,987.359966053556
63170358.615652986,989.6661431732703
63175707.33580814,991.7037945520283
63181055.71940731,993.8485400258822
63186403.725346066,996.0977816347763
63191751.62770682,997.3691174350619
63197098.85317018,998.8462101170053
63202445.655811496,1000.5399545661622
63207792.28857494,1002.102307053527
63213138.7932509,1003.6932975760682
63218485.073345646,1005.4795779273722
63223830.989543155,1007.2265728376763
63229176.60397733,1009.356353680517
63234521.813530095,1011.7888589903927
63239866.56938576,1013.4105604445419
63245211.13457459,1014.9816948458576
63250555.29739601,1016.8416587464123
63255898.9924905,1019.084597768549
63261242.41876993,1021.1400052898898
63266585.4702947,1023.2761375647249
63271928.09873007,1025.571499633164
63277270.54318215,1027.0041790364437
63282612.360695295,1028.3500961940058
63287953.675365634,1030.1356669250547
63293294.69714635,1031.8236964066516
63298635.59273935,1033.4591743648093
63303976.206342034,1035.2954395614945
63309316.458238855,1037.0456827774028
63314656.325309806,1039.1084867769973
63319995.752397135,1041.6194760834549
63325334.66365201,1043.4524754928655
63330673.27675181,1044.9755394302756
63336011.5678934,1046.7069363135151
63341349.307155885,1049.029787923609
63346686.67663668,1051.3055042889473
63352023.63877415,1053.5276017413507
63357360.10823691,1055.942447836568
63362696.30542975,1057.6654055514823
63368031.956756875,1058.9719961336618
63373366.90736655,1060.8332754456685
63378701.49953066,1062.8010693493522
63384035.90138768,1064.4449371596443
63389369.93581878,1066.4293693306417
63394703.62454112,1068.2765471442547
63400036.86073575,1070.4442885858907
63405369.592584245,1073.0726318402392
63410701.72707518,1075.1619268078812
63416033.47846127,1076.8808019391245
63421364.86595477,1078.748018841797
63426695.59393009,1081.0724503374959
63432025.89655516,1083.5016607183843
63437355.70722132,1085.8846045905525
63442684.96230824,1088.3193078130132
63448013.774155654,1090.4468919350356
63453342.089205265,1091.8917483222674
63458669.50105574,1093.885148550873
63463996.51842578,1096.0828486545686
63469323.19986465,1097.8782555976352
63474649.49419625,1100.1080932053733
63479975.31818222,1102.152362208521
63485300.6167595,1104.404995884057
63490625.3114097,1107.2223190202778
63495949.34783236,1109.7029560994624
63501276.652058825,1069.590050368227
63506608.32892078,1071.4179499065763
63511942.32770609,1030.4248922135841
63517281.563657135,1032.5467216360782
63522622.598068304,990.5496799178312
63527969.67159209,992.4414617166308
63533316.388464965,994.3925090455953
63538662.9599861,995.2454588004457
63544008.79647005,996.4288460273654
63549354.34114852,998.0173004549397
63554699.7374083,999.2075410503661
63560044.97084535,1000.7744643969581
63565389.960693024,1002.1852300981157
63570734.617725044,1003.7581229962384
63576078.89618315,1005.8813633533284
63581422.765805654,1007.9367290182445
63586766.23308004,1009.1010494422374
63592109.58159436,1010.6062813504439
63597452.43584717,1012.395737193477
63602794.883380346,1014.4179841537245
63608137.01370573,1016.340857617985
63613478.78034926,1018.2926639786097
63618820.12643706,1020.37507596137
63624161.33349554,1021.3241104071001
63629501.786797024,1022.6588022434909
63634841.79007796,1024.298357428746
63640181.60007165,1025.660231091847
63645521.20889288,1027.202961785244
63650860.57961849,1028.8180866681337
63656199.53814493,1030.562197744411
63661538.09417563,1032.6352574504708
63666876.196948946,1034.9078691312297
63672213.81423493,1036.3261291676226
63677551.30483678,1037.7793786772959
63682888.267974935,1039.5838692597836
63688224.69579392,1041.873238037713
63693560.788190864,1043.8832498541071
63698896.436996914,1045.9609779451393
63704231.601815246,1048.1992895625667
63709566.57062133,1049.4742485723145
63714900.78342133,1050.8252278397194
63720234.40559224,1052.5795159020147
63725567.752848454,1054.184551521934
63730900.88464311,1055.772937054571
63736233.703939,1057.5158623742288
63741566.10979794,1059.424327668269
63746898.05621142,1061.5254780064377
63752229.486919016,1064.0153445275157
63757560.34713037,1065.7868786583836
63762890.931164734,1067.3212082353334
63768221.022913925,1069.1329216806225
63773550.48460736,1071.550704275735
63778879.50735196,1073.740986423452
63784208.03622318,1075.9728863477985
63789535.975590914,1078.4068386813624
63794863.58415984,1080.130063510212
63800190.581839524,1081.6270942058675
63805516.75013086,1083.65319733343
63810842.475743115,1085.573966061367
63816167.943181634,1087.3558102197655
63821492.944244124,1089.3693406875022
63826817.516809516,1091.3958591024973
63832141.51152004,1093.715799126414
63837464.899612054,1096.457741837502
63842787.582624815,1098.6039357265763
63848109.84584302,1100.4162451691707
63853431.62758265,1102.4872096231097
63858752.60754094,1104.9605640962366
63864073.05055919,1107.5849898066492
63869392.87185077,1110.1751509977921
63874712.00901032,1112.8265061516215
63880030.58105408,1115.1898494357872
63885348.53040494,1116.9294777052662
63890665.43831959,1119.2483617201578
63895981.806214154,1121.6846882141947
63901297.70074506,1123.8029862581875
63906613.074797705,1126.368154774008
63911933.57339762,1087.1566918865894
63917256.26299838,1089.34945709646
63922583.05487523,1049.068774024666
63927913.08519269,1051.2321350950065
63933246.417450145,1008.4119135823822
63938584.31686091,1009.9927955694766
63943924.516271286,966.0230012229564
63949270.061417416,967.8569437351982
63954615.30333192,969.7134966376373
63959960.17566613,971.5456766603791
63965304.68796659,973.4447247659116
63970649.04633627,974.2301357613608
63975992.60913055,975.284062498638
63981335.88797305,976.7724345828451
63986679.01354488,977.8685711802524
63992021.975307584,979.3807641946828
63997364.64251322,980.7438576376646
64002706.98628267,982.252819213259
64008048.94615835,984.4136342469883
64013390.45343893,986.4385348858823
64018731.563741006,987.6432606167269
64024072.584426545,989.0984344351807
64029413.039452165,990.7468484352551
64034753.07045186,992.7415351133086
64040092.790008925,994.6780301384913
64045432.09508741,996.6055474576551
64050770.96315553,998.6911713342317
64056109.67336111,999.6172335504473
64061447.57600007,1000.824475773496
64066785.08932975,1002.5109963908433
64072122.331307225,1003.8130707424107
64077459.373945795,1005.3941194774986
64082796.11431489,1006.9282294496156
64088132.49646811,1008.6311102155689
64093468.43711208,1010.7779518644907
64098803.86883074,1013.053403767305
64104138.81983642,1014.4860416555125
64109473.58563645,1015.7715093167232
64114807.87803665,1017.4912558938815
64120141.617175534,1019.7778872061027
64125474.97527556,1021.8367295616308
64130807.8362661,1023.9290549643796
64136140.19488449,1026.1973922879724
64141472.32359411,1027.4838147726978
64146803.65935529,1028.8279571723797
64152134.459540084,1030.698073628644
64157464.87182108,1032.3293990991237
64162795.08404632,1034.0355349699362
64168124.91083801,1035.85718065158
64173454.317935534,1037.720114769741
64178783.21121322,1039.8895267929302
64184111.52152677,1042.4514289917408
64189439.26434602,1044.2674746838702
64194766.67140741,1045.832126036797
64200093.62861529,1047.6669291615663
64205419.901706964,1050.070814146507
64210745.70330797,1052.4596982284347
64216070.942152105,1054.8119464026454
64221395.57684133,1057.377672522984
64226719.83588144,1059.2825547957568
64232043.377448365,1060.7824650791963
64237366.078260355,1062.7623360017124
64242688.35388611,1064.8462004880778
64248010.2944536,1066.7007920179385
64253331.74083094,1069.0120810265357
64258652.66409834,1071.1796768606832
64263973.019062564,1073.5878848707998
64269292.67002915,1076.537146839244
64274611.59961919,1078.9023527332286
64279930.070524156,1080.8888126234588
64285247.93645869,1083.0653953669673
64290564.99378736,1085.761142129945
64295881.39034189,1088.4922129005772
64301197.13288423,1091.3089187991152
64306512.15076894,1094.2089040841645
64311826.525422335,1096.8798197867538
64317140.27977308,1098.8760078821201
64322459.503646694,1058.713661155329
64327780.0666156,1060.884530523162
64333105.87883039,1018.1703085513024
64338434.26634948,1020.1082729153427
64343766.86623006,975.6046913011655
64349102.95254882,977.4576345560249
64354442.286561094,931.5369701927725
64359786.023123145,933.4205669564635
64365129.50654633,934.3750864174998
64370472.86149628,935.8193229493725
64375815.60052783,937.6906958161669
64381157.97267863,939.6728231586524
64386499.98354752,941.5899659925427
64391841.598124705,943.5521069584347
64397182.824886456,945.5087122058457
64402523.88375911,946.3500771759659
64407864.08443262,947.7232372979671
64413203.94650312,949.2680136815318
64418543.652805604,950.5033757886027
64423883.15416127,952.0518014784213
64429222.387425296,953.7913519930355
64434561.204666406,955.4690367722478
64439899.61392529,957.7444197858661
64445237.50817719,959.9382771720773
64450575.03201381,961.2273221909309
64455912.40429275,962.7199000403002
64461249.151372306,964.5520975035276
64466585.416648746,966.7148927411545
64471921.32063855,968.7503100478947
64477256.74610953,970.864160724372
64482591.68762334,973.09931772354
64487926.47202315,974.367543160753
64493260.353875026,975.8243656281752
64498593.79232934,977.3587597257974
64503926.955459505,978.8672592695671
64509259.90471112,980.5351172734399
64514592.5213451,982.4130438230386
64519924.64358159,984.352077283983
64525256.30858942,986.6687389229771
64530587.381206006,989.2214922821385
64535917.96535503,990.844202060862
64541248.306864336,992.6496310244117
64546578.08628177,994.5486211768025
64551907.18584075,996.9048351020709
64557235.884413764,999.1519600910699
64562564.07508816,1001.5068385878175
64567891.668598555,1004.0224744212637
64573219.0096996,1005.6842116267936
64578545.48352783,1007.2915443934389
64583871.268755235,1009.2173373508357
64589196.67068528,1011.1121585419453
64594521.797655955,1012.9756791811311
64599846.485268496,1015.0623416461636
64605170.67886945,1017.3246387803053
64610494.291739866,1019.797143581622
64615817.2342752,1022.7404148050937
64621139.513247944,1024.7545122385905
64626461.503842995,1026.6663216766938
64631782.85049186,1029.028585590046
64637103.403538294,1031.799023789958
64642426.946561255,987.4926309115115
64647754.89938246,989.8354506081014
64653084.87258513,943.9735302532525
64658420.54038222,945.5697288351462
64663757.48929629,896.7025197508149
64669100.52754928,897.9629934674226
64674443.31943866,899.1873682896772
64679786.05763092,900.2691280679699
64685128.52793689,901.7165386265556
64690470.72864027,903.2263412713323
64695812.495485514,904.9000780846976
64701153.841001816,907.2738578077178
64706494.71488314,908.8534877390919
64711835.432376005,910.0350665305416
64717175.88653297,911.5277724175919
64722515.695382826,913.3427150918071
64727855.130921654,915.3295180846045
64733194.1687021,917.3021357146556
64738532.791789904,919.398236641681
64743871.10107566,921.1121962370485
64749209.1097083,922.0367656462669
64754546.24299097,923.4488484516802
64759883.081841744,924.9152215469658
64765219.7904872,926.160459800575
64770556.22529196,927.8422502508724
64775892.32352677,929.6470682055304
64781227.951280825,931.4205205338394
64786563.12690445,933.926418214491
64791897.75116489,935.9498088004761
64797232.11603841,937.1634817151513
64802566.256570935,938.7646781211802
64807899.645193055,940.8242111761969
64813232.573433205,943.0415415435914
64818565.06944462,945.2273328183526
64823897.06875732,947.4317092234326
64829228.60891619,949.645652338932
64834559.89081674,950.7782832592634
64839890.221788354,952.4040840779683
64845220.12182538,954.2119065420968
64850549.7799584,955.7267752504627
64855879.12086051,957.5859387767719
64861208.124226026,959.6284379576697
64866536.57666458,961.6778625007264
64871864.47595096,964.2787466343251
64877191.74428099,966.7845012740927
64882518.54666338,968.2780349903264
64887845.14454368,969.9940293630589
64893171.012869745,972.2061542150594
64898496.219278336,974.7915777528448
64903820.91762809,977.2231103685699
64909145.03851334,979.791022305351
64914468.53549131,982.4968441919109
64919791.798402704,984.0354279148696
64925114.04101384,985.8714891727604
64930435.66504744,988.0659764078786
64935756.83654241,990.0247108660733
64941077.65012142,992.2617088608549
64946397.9401277,994.5766196001882
64951717.693201356,997.0971569629315
64957036.76106937,1000.0255520830947
64962355.03624026,1003.1371066859494
64967672.676924266,1005.3431545686344
64972989.93361338,1007.3709453926384
64978306.44184107,1009.7941106818764
64983622.105964035,1012.8337581073979
64988937.131157964,1015.8248216849327
64994251.42880141,1018.9181415765685
64999564.92688341,1022.201514862481
65004877.97932001,1024.7574421454735
65010190.00239726,1027.1581077411083
65015501.065169506,1029.6995132873694
65020817.93377306,984.9337739456586
65026136.55448523,987.1382160333387
65031459.90786343,939.812047369669
65036785.988975324,942.0609054194756
65042115.77639769,892.0654182257875
65047449.3027837,894.9073644862206
65052785.6115502,841.7493661022932
65058127.0821412,843.0234376656358
65063468.113324985,844.5872646297461
65068808.55762169,846.6711013387667
65074148.66444607,848.7036845699067
65079488.35264235,850.8676891878395
65084827.59481043,853.1890066020839
65090166.62066168,854.8649274799443
65095505.19022314,855.9635074287103
65100842.99140033,857.4263953431973
65106180.55966996,859.0153820955722
65111517.97379104,860.2975360329883
65116855.09712035,862.282440236009
65122191.8565491,864.0996821238091
65127528.176790625,866.0826914934219
65132863.96874162,868.8565869687768
65138199.23181748,870.8497100876043
65143534.30966806,872.2397155376775
65148869.02153268,873.9415233941401
65154203.04192058,876.0742780489926
65159536.64717445,878.3834005685899
65164869.780403554,880.8181910312904
65170202.40158429,883.2656522115949
65175534.664287105,885.5992805294007
65180866.58674567,886.9270088553353
65186197.56362047,888.4435045373496
65191528.19634355,890.3227140332879
65196858.616862535,891.8901528634121
65202188.68733512,893.9769353699703
65207518.32050715,896.2072076700829
65212847.44749601,898.4500167633914
65218176.01003749,901.500571969953
65223503.91321293,904.0702904219024
65228831.44685046,905.9475966044065
65234158.69211008,907.9080811837405
65239485.10532222,910.183638046061
65244810.94860842,912.9416031181988
65250136.30482443,915.6279428287136
65255461.05828486,918.3512728875316
65260785.22606869,921.1841954686528
65266109.096693255,922.8885511430212
65271431.96223262,924.9375342037819
65276754.26099962,927.274981981383
65282076.17587435,929.2944074570436
65287397.68543293,931.7016311328726
65292718.71177137,934.3353087490509
65298039.07644033,937.0707446154413
65303358.76937268,940.2843597031715
65308677.66495732,943.5824191365608
65313995.997206815,945.7234718210307
65319318.24400723,894.4595658707121
65324644.05253215,896.6701513108114
65329972.34542315,843.5259677171205
65335305.599696115,846.0000486429599
65340640.614346616,789.7289022456887
65345981.49368078,792.1466456747653
65351322.33530096,793.2242672891342
65356662.38558211,794.3661436739815
65362001.94506597,795.8482570603206
65367341.310588144,797.1270455951808
65372680.51490752,798.6140521226947
65378019.415739454,800.3957153193646
65383357.966424726,802.4774002916809
65388696.05857708,804.8888914470442
65394033.58143571,807.7402817995344
65399370.71127088,809.3570547051766
65404707.72923286,810.6984748971571
65410044.23844921,812.3035576575232
65415380.12641916,814.892369512045
65420715.63446139,817.2818419331345
65426050.673619434,819.7442490981999
65431385.21702639,822.3595016787075
65436719.59381504,824.0264099733381
65442053.330411546,825.4308629064185
65447386.36453817,827.1664359310198
65452719.116660185,828.7285948426662
65458051.69098987,830.3974623096688
65463383.86740259,832.4761574993734
65468715.672118984,834.7572240750023
65474046.923231654,837.3153462001568
65479377.534566,840.4905287038819
65484707.60528917,842.4727844814228
65490037.514711425,844.0659178720791
65495366.927770264,846.2889930047687
65500695.555502295,848.9309137847445
65506023.71394616,851.584888473828
65511351.337815106,854.3326938946577
65516678.40750181,857.280195850696
65522005.116736256,859.6855503630682
65527331.30069187,861.1783086003599
65532656.58765241,863.2356631650457
65537981.41924384,865.3691710689313
65543306.01907042,867.3335218735194
65548630.08997382,869.8307618914515
65553953.701570526,872.3821777823018
65559276.75365901,875.2631211695052
65564599.049251355,878.7971934556637
65569920.642118916,881.6321357237821
65575241.881323196,883.4919561679085
65580562.669164374,885.7618194041611
65585882.5758436,888.6974307373337
65591201.856385976,891.9743312701148
65596520.45936925,895.2791885506904
65601838.35416542,898.6065642179087
65607155.68176683,901.9418068975548
65612472.54776762,904.2120954929833
65617788.26186961,906.4010835767675
65623103.39696187,909.1687689015587
65628418.074362725,911.6591082582997
65633732.17905385,914.8139744055688
65639045.58901457,918.1038282309612
65644358.28040073,921.5235199141678
65649670.15172715,925.6343058538929
65654981.05666893,929.4518643885283
65660291.357599564,932.2423278283602
65665601.08344408,935.2468279252473
65670909.74073533,938.9417045533734
65676225.32161652,890.3716322129769
65681540.8945974,893.9104363299502
65686862.46962564,840.8658896760357
65692185.222077794,844.3042136551194
65697513.404107176,785.34536912015
65702843.55184605,787.2426190639858
65708177.808902904,723.6058251396177
65713515.76412846,725.1351692386925
65718857.21979904,655.4445053336625
65724203.236195974,657.4651071323437
65729548.93516711,659.8836900452665
65734894.21381351,662.8766164240533
65740238.93532645,666.1314825071267
65745583.36205498,667.6815928114424
65750927.77269289,669.5916741960546
65756271.67507668,671.57957716068
65761614.9938033,674.3359767697928
65766958.047804646,676.9748808914803
65772300.694738746,679.7488995036035
65777642.88692805,682.6790268064983
65782985.04746448,684.2741070645736
65788326.41963632,685.7130606172386
65793667.26770593,687.3184045206342
65799007.92177472,688.8950033289564
65804348.44611097,690.658772323196
65809688.63748032,692.9331305137168
65815028.454527736,695.4143053902491
65820367.848653674,698.3224827055653
65825706.628984004,701.8772470331687
65831045.01628572,703.8166470164517
65836383.34026483,705.7920346329138
65841721.12136495,707.9708469200267
65847058.254934184,710.8287164141711
65852395.1225708,713.6416061687771
65857731.500000864,716.6511900461887
65863067.380732976,719.7557579620436
65868403.085068725,721.933592128391
65873738.16816866,723.5877221900538
65879072.52995858,725.4742753065748
65884406.635643914,727.3372616506391
65889740.54424189,729.2485700985894
65895074.03155052,732.048519241941
65900407.10933851,734.7570686756719
65905739.72881891,737.6884759914012
65911071.650708295,741.4989457040106
65916403.05512996,744.0474292516294
65921734.30455607,745.9349699707427
65927065.05870326,748.4377383109226
65932395.06470622,751.543449354544
65937724.582698494,754.6232614436116
65943053.58656858,757.8852699738204
65948382.02353656,761.2806369870781
65953710.08158287,764.1822019538135
65959037.69566636,766.1305275060465
65964364.376516655,768.3870072380428
65969690.62264074,770.6250812642384
65975016.61611535,772.8501881512416
65980342.124758676,775.817183835014
65985667.1447491,779.0131018175858
65990991.54502738,782.2266581144304
65996315.23480918,786.3061978014754
66001638.18239677,789.5334813472045
66006960.839575484,791.6986094869023
66012283.05434772,794.3668279641561
66017604.352447614,797.8515609321872
66022925.05665192,801.7123050772934
66028245.10312342,805.3925252844497
66033564.46423496,809.1800559959852
66038883.22755033,812.8548292864111
66044201.585788436,815.3672073603814
66049518.83114441,818.0192024760893
66054835.4578519,821.0043269148646
66060151.63380428,823.7284868709838
66065467.19808351,827.2816075422083
66070782.08925982,830.8299990466646
66076096.29534044,834.7454557126823
66081409.62704376,839.4010538131547
66086721.96144546,843.689598724364
66092033.719729446,846.9577990459716
66097352.288020074,789.2374772054026
66102671.15962514,792.5484894628653
66107995.55512738,729.9421882377961
66113321.80916554,733.6420632664249
66118652.55299201,664.3689304575236
66123986.20928681,667.9630956258507
66129323.93046834,589.0948110482427
66134665.160442926,590.9349580395542
66140006.065035455,592.6260386405356
66145346.72956063,594.4217075178121
66150687.2451503,597.0182934982926
66156027.36440648,600.0191817881309
66161367.15170921,602.928130438243
66166706.45486738,606.8062742404918
66172045.07229583,610.8787573662298
66177383.41239282,613.111658430478
66182721.6402958,615.2361206136057
66188059.36028556,617.8398779434256
66193396.44680737,621.2434985483582
66198733.18460709,624.726400930725
66204069.3877303,628.3370048570606
66209405.085929,632.075922305756
66214740.69546452,634.6001211065944
66220075.47963326,636.6622057401423
66225409.734046176,638.6776143141152
66230743.66162362,640.8880468732616
66236077.44075469,643.4831512824958
66241410.707438216,646.6515255855988
66246743.60051895,649.8200661837577
66252075.98889302,653.7005875726916
66257407.59880607,658.1424907720302
66262738.769844465,661.0391170897699
66268069.82337426,663.5155364627976
66273400.32097781,666.3057546577423
66278730.03609483,669.9621831129411
66284059.41903764,673.757683412049
66289388.17436641,677.6650278085203
66294716.34048381,681.6704991586754
66300044.2166093,684.9163125770269
66305371.38415628,687.0334666214422
66310697.759510875,689.3788211236281
66316023.74444378,692.075499377299
66321349.47793311,694.7811296468362
66326674.65205776,698.5474256157634
66331999.30558249,702.2906903284775
66337323.37472976,706.1401298826826
66342646.60917328,711.0061181971328
66347969.17407901,714.511542638372
66353291.52355262,717.0735687707313
66358613.297924146,720.5505664552505
66363934.13923626,724.6840439098441
66369254.391163394,728.8171585339137
66374573.965631865,733.1789539153492
66379892.8331628,737.6025713067024
66385211.19582742,741.6289489384419
66390529.02348607,744.5385208638713
66395850.80977498,673.8003498097935
66401175.556282006,676.6037508572699
66406504.09120634,597.1746335936849
66411836.700061806,600.52587913957
66417171.99818921,511.11704277731235
66422512.39896685,514.9704676011766
66427852.24218907,519.9887954196149
66433191.4932947,523.9622818646817
66438530.691264495,526.2240278632195
66443869.70841677,528.9657899427436
66449207.93220282,532.6077353620115
66454545.69797452,536.8119056363946
66465219.86365498,544.904851056081
66470556.29082368,548.9345949922051
66475892.58139155,551.3017780916323
66481227.94458761,553.6698661610362
66486562.93726752,556.2139897971979
66491897.730409905,558.5499031650867
66497232.19591274,561.8458195922333
66502566.292041704,565.7619570388975
66507899.888591014,569.7187975419251
66513232.91773245,574.5844495899278
66518565.20683867,579.1566624286256
66523897.29919996,581.6863672390205
66529229.20330521,585.0897055885583
66534560.34241782,588.7137964038716
66539890.834704585,593.1021902117087
66545220.83484755,597.2798565463368
66550550.29075571,601.610022315473
66555879.18119102,606.1416639751478
66561207.989442654,609.0254385763396
66566535.789704636,611.5815939783229
66571862.9793078,614.1084139714573
66577189.89661892,616.8264384923068
66582516.485195234,620.2092375319503
66587842.53191509,624.2183291252654
66593168.07009192,628.5918244029391
66598492.947742954,633.5416136557897
66603816.95952407,638.6535032467052
66609140.550615706,641.7440359626994
66614463.94927345,644.8199889888037
66619786.5546116,648.6011288748552
66625108.373450205,653.4752005316421
66630429.61140545,658.2344283560051
66635750.09430676,662.902377473216
66641069.897832185,667.8878441308912
66646389.40880792,671.714454288317
66651707.986944646,674.464239036665
66657025.789563775,677.6585416120884
66662343.01323843,681.1470749266811
66667659.89789158,685.0681906991117
66672980.63345257,606.9401031989752
66678304.78246911,611.3419284406818
66683631.86111268,522.6518860862766
66688963.17319561,528.5569018205656
66747742.52793774,320.8533995590367
66758430.934911825,328.9588944259663
66769118.05187935,340.3950113694566
66801169.728762195,370.9814310142433
66811850.28760242,382.44463819569955
66902571.31843075,459.6786664039345
66913235.973120585,465.9618163418406
66923898.68124669,472.3136022135923
66934559.9250326,481.9194648654342
66945219.02579485,493.55543531156445
66955875.71539348,502.43883952822307
66961203.7850871,506.34013966562895
66966531.004923075,510.95194903923266
66971857.5453692,516.6488402933276
66977183.555033565,522.2476129803199
66982508.93421809,527.756960353048
66987833.75604285,533.5601608657962
66993158.4402085,537.2678204581664
66998482.09707041,540.2469679168157
67003805.18705959,543.9074918321971
67009127.88354432,547.4176320480474
67014450.20177632,552.1257142091522
67019771.848444335,557.4120224916105
67030413.39938693,569.0128496957848
67035732.79839687,575.2961766232746
67041051.787728734,579.3634757045847
67046370.46198175,583.568394750801
67051688.257784575,588.6201559045362
67057005.21332994,594.2810332713661
67062321.57379349,600.0732302182096
67067637.075653896,606.0977561837744
67072951.86382264,612.2183720358748
67078266.315947756,617.354568067693
67083585.99561397,527.4313531765912
67088907.20012494,530.8386237404297
67179678.30354139,153.21034498890782
67190357.87879427,175.52322587700536
67323703.44110666,383.44426952076054
67334357.84371042,398.9322976744212
67345010.32033914,408.1847048410792
67366309.17602754,431.3735355918989
67376955.19363247,447.1382728336898
67419513.36284795,502.52973105270894
67424830.54601692,508.26647952693406
67430146.61683232,512.6822369537333
67435461.94051997,517.6387514056397
67440776.75413269,522.7660086209016
67446091.03498091,529.1801920063297
67451404.49066253,536.5485109513279
67456717.31203228,544.2240302068813
67462029.1942525,552.4918431833548
67467339.87585205,560.7750083812521
67477976.60516424,470.69459586098856
67590028.02122213,54.96837196445669
67712578.58173604,359.8087703248579
67723221.27492711,381.91248732774676
67733861.14607726,398.8786499051524
67755133.21002029,435.05518138926936
67765764.72674021,453.6944988724849
67802952.92779256,506.64464089040854
67808262.25919835,516.8045504748009
67813570.34323075,526.4010312148654
67818877.94284202,533.959820680149
67824184.89169401,541.667544652154
67829490.7654313,550.2766569445655
67834795.5326768,559.3932270293922
67845420.63718848,481.7869847858867
68101324.26685172,326.87146149217443
68111964.24342205,351.4387686318
68143869.01047932,406.5694228046905
68400023.49838585,117.18408039192741
68511782.84227005,422.10527250784656
68522411.57522865,442.0837266492146
68533036.71592084,463.65910172325823
68788984.52388707,360.72397626296976
68799626.93446411,384.99232382715365
68810267.33309713,405.3826445245726
68831539.66907136,441.5146029268958
68842171.76091231,464.9023556178108
68863426.4301254,503.6864051691664
68868738.1594028,513.3898078995946
68874048.99656977,523.9297432132739
68879358.77324416,534.2048552997649
68884667.69409125,544.2629830883125
68889975.83126374,554.5746698332634
68895283.37479423,563.690027466246
68900589.25653687,570.0603980465592
68911218.98281449,499.43059295120344
68921861.86648817,414.611241009575
69055308.34022638,228.1120908015281
69065976.26828763,261.71991608712636
69188502.0084396,508.355157964178
69193821.4876561,518.4166961369888
69199140.65443234,526.4513946240693
69204459.51383732,534.1452969239633
69209777.66547419,543.2822002845996
69215094.73805016,552.3097094706272
69220411.0122248,561.7867337149305
69225726.42581184,570.7208330599265
69231041.10810529,579.8665936957623
69236355.14756781,588.773826190196
69241668.64536318,596.5509368036464
69246980.91261247,602.3755491370841
69252292.72437562,609.4108763872496
69257603.93182927,617.5164848627757
69262913.99513943,626.7260438544386
69268223.25080745,635.9588616966381
69273531.53145044,645.690691102192
69278838.44203366,655.4963674005271
69284144.50333777,663.8961955122932
69289449.31098956,589.2285217549082
69294762.6687094,597.8461245077167
69300074.84947838,606.0840117905932
69305396.48932824,532.508492919379
69310715.69106139,541.5426102051845
69321369.99426135,462.3308177213831
69444139.19842573,429.9984096013036
69454804.42096531,450.72956677874504
69465468.69266728,467.4858802748222
69486789.75276628,503.49227350391766
69492118.58487678,512.332140565162
69497447.2052401,520.9412081107389
69502775.11828287,527.3745102738337
69508102.39680392,532.6771777313215
69513429.48078595,539.3558826273517
69518756.05210155,547.5026558845202
69524081.85289644,556.2957724446946
69529407.07917918,565.3966288411261
69534731.56440543,574.2951103629035
69540055.02823783,582.7136243513019
69545378.37941377,589.5047215134374
69550701.35275313,596.8404923459204
69556023.57333735,604.9443084261504
69561344.89570828,612.8855003190326
69566665.49918392,620.9044288989465
69571985.361585,628.657742052872
69577304.57381186,636.6880738285895
69582623.30310455,644.5291582768193
69587941.50642057,650.860942672425
69593258.69426662,655.5284618762323
69598575.48879889,661.7405942118573
69603891.7801644,669.1139314724878
69609206.99739932,677.0047339570365
69614521.57452178,685.5164954619945
69619835.24283184,694.0759008069635
69625147.64011253,702.261399385562
69630459.52631523,709.3165616402002
69635770.9392524,716.3938245754368
69641081.50899327,724.2305107982966
69646390.98048148,731.5632411069681
69651699.54024565,739.5318898501932
69657007.03675559,747.6459493370999
69662313.5479222,755.5694524308781
69667618.75993617,762.7449996801412
69672935.527958,715.1398764819314
69678247.61890902,719.973551601164
69683570.3277347,663.4584727484767
69688890.19969952,670.1503403494418
69694219.35945934,607.2745975149908
69699546.3952301,615.719471825259
69704882.07575367,543.5582949343484
69710216.21418662,552.4559550793496
69731584.01832756,491.19265594158423
69742265.1136234,508.2271381284804
69747604.93376222,516.5863998516534
69752944.32871991,525.0236429761721
69758283.73704213,532.8826563963398
69763622.37612973,537.8247682122956
69768960.70025085,543.0530947972317
69774298.86306803,549.7376879989051
69779636.49236518,557.7289831888867
69784973.51857702,566.1498638989406
69790310.0514077,574.378942073727
69795645.86352292,582.8185549792352
69800981.03751466,589.8881681039975
69806316.21607104,596.218714874293
69811651.06091854,603.7813360073087
69816985.18904433,610.9737774039954
69822318.66523619,618.1594495113154
69827651.64264166,625.3583915185927
69832984.0189714,632.5323391988959
69838315.87586367,639.6366047719223
69843647.60954283,646.5073780158541
69848978.64882496,651.1574156944621
69854309.11539601,655.6159923547121
69859639.40345775,661.2581013400018
69864969.15421331,668.1358007290004
69870298.17822985,675.3816277062188
69875626.63318977,682.8257005290689
69880954.35000423,690.2364757075451
69886281.18746808,696.9076831367834
69891607.97998413,702.5877901640384
69896934.37104343,708.9986955891527
69902260.01096594,715.7297055075084
69907584.8428375,722.4005013922833
69912908.99411103,729.0212542140707
69918232.442713,735.5047168750143
69923555.20335433,742.0906441497598
69928877.62498233,748.554202589421
69934199.47915268,753.9364916216882
69939520.41063242,758.298740261552
69944841.027301,763.6425399646782
69950161.08828644,770.1108337280568
69955480.18153091,776.7276648245438
69960798.65769546,783.7949728902004
69966116.22540875,791.0265166490199
69971432.6805368,797.7035704894745
69976748.80124693,803.6330141538023
69982064.47436084,809.9430856133013
69987379.35266872,816.3999960267868
69992701.4610801,761.0746967436294
69998023.19474132,767.8955506550419
70003351.34401202,707.0943765567702
70008680.2654113,713.5620789226377
70014015.03115942,646.4046093674576
70019352.00116938,652.2774239418791
70024693.53068683,573.6468654606724
70030038.28804371,579.1575457648182
70040739.87659112,500.431636393153
70046092.15612842,509.0889661634732
70051444.00866984,517.881263046228
70056795.13102205,525.9582556175825
70062146.18689229,532.7342969549322
70067497.26660354,538.9730851276012
70072848.07243536,546.6561799770002
70078198.28783378,553.9661517011658
70083548.10147154,561.4457490662071
70088897.48671578,568.433327363477
70094246.4992878,575.4598846928852
70099595.21518601,582.4206109581309
70104944.00617039,588.61277083491
70110292.08784345,592.683872041325
70115640.06345022,597.5247743734615
70120987.8855948,603.6829182553511
70126335.17422017,610.6776620019134
70131682.04572982,618.0724170985364
70137028.5142587,625.2364582459616
70142374.2656157,632.2475300076176
70147719.73927774,638.0102975277155
70153065.27775899,643.7205260494524
70158410.5348222,650.414627703819
70163755.12757866,656.404369870289
70169099.28348325,662.6443617240966
70174443.02197632,668.8919281937456
70179786.25293796,674.8698914867716
70185129.13149047,680.8987487591462
70190472.02837852,686.7978453675468
70195814.22804268,690.5103054220217
70201156.27589652,694.6270067425214
70206498.09315683,699.8073298069803
70211839.39465302,706.06812602056
70217180.15335344,712.2404220546732
70222520.52645867,718.5724831108769
70227860.16662139,724.9084541376064
70233199.33853085,730.2175858663672
70238538.56700417,735.2956799405524
70243877.43169089,740.7692266394844
70249215.70974892,746.0961757188707
70254553.45527498,751.8146097182673
70259890.66980489,757.5966535167224
70265227.30349144,763.0119798548601
70270563.51851565,768.5231218848894
70275899.64502937,774.0160266771203
70281235.12776361,777.8179546914428
70286570.26659638,781.5788001874414
70291905.1287888,786.3011990786558
70297239.50329722,792.0407486520949
70302573.18611541,797.6197645972063
70307906.4251245,803.5159346064623
70313238.91287671,809.3648674954406
70318570.71161783,814.5451747115852
70323902.52745472,819.2593262562198
70329233.9986217,824.5256651389975
70334564.85374005,829.6611734642621
70339894.9574291,834.8772668287188
70345224.5492809,840.4154867291593
70350553.44629423,845.6914610041886
70355881.799331,850.9447140111602
70361209.88277744,856.2152967401771
70366537.45431095,860.2863853382239
70371864.36074603,863.8589594549849
70377191.00750971,868.4104893317563
70382517.12201965,873.7568796257729
70387842.35382307,879.3123557393536
70393167.04704168,885.0274280213232
70398491.00839761,890.7810912854525
70403814.01283114,896.0252948222906
70409136.86378074,900.6582751107284
70414459.40147553,905.6018112736979
70419781.18174577,910.9899019939107
70425102.04758202,916.1561357688797
70430422.23898935,921.4962052159016
70435741.66998264,926.8460849615069
70441060.35098961,932.1076620241474
70446378.49192715,937.4345671265912
70451696.22634438,942.2402235224403
70457012.97046025,946.0863880580445
70462329.25926389,950.6886142247602
70467644.92981215,956.0391406000838
70472959.56272216,961.6044412983033
70478273.48687153,967.6340627613685
70483586.45062171,973.6060476728526
70488898.28244081,979.2524697889033
70494209.61793226,984.3780172325878
70499520.44325997,989.2790649097765
70504830.49435891,994.8798556778047
70510138.75578514,999.0509471372015
70515458.49866271,969.1117228752948
70520773.68921821,973.7384516404019
70526099.64627622,939.6417073182056
70531422.19740312,944.2745577437413
70536755.21254559,906.5222775343714
70542085.38957691,909.3956037453837
70547425.24477983,867.3147070235734
70552763.50223328,871.7730721327165
70558110.29394965,827.2907819509801
70563456.10985108,832.5276359701687
70568801.49306881,837.8576513454952
70574146.17977306,843.0863948105414
70579490.61629812,847.4642952708782
70584835.05221158,851.7622162570605
70590179.24998301,856.5189872679396
70595522.7876124,861.0398997934954
70600865.85681489,866.0431161124205
70606208.41723518,870.9490891140631
70611550.49038549,875.4938645819377
70616892.15708384,880.1944472642617
70622233.82514407,884.6946205952939
70627574.90323575,887.8613406778818
70632915.69056566,891.4277957115731
70638256.23978831,895.6527441124322
70643596.2095959,900.4669052881405
70648935.63036868,905.3569397777087
70654274.59716143,910.5385276213701
70659612.8185597,915.4455000746768
70664950.58808732,919.7088490759409
70670288.36485049,923.569926323843
70675625.88191637,927.998953018215
70680962.72852783,932.4036980261967
70686298.96331106,937.147954797249
70691634.63879986,941.7665143053546
70696969.76748896,946.1024381550112
70702304.37335217,950.5532631977001
70707638.83872053,954.9676096467527
70712972.80263343,958.3609398135109
70718306.30761132,961.6585887966473
70723639.5127312,965.6161463686506
70728972.14163533,970.2796838283244
70734304.03643706,974.926049944477
70739635.48112433,979.876097122935
70744966.1344925,984.6986694683447
70750296.09655647,988.9303953201497
70755625.97230324,992.6949395088232
70760955.52394114,996.84773385671
70766284.4673124,1001.3370736643444
70771612.6172553,1005.8756402808499
70776940.08964977,1010.4284153237803
70782266.8956657,1014.683549318745
70787593.11599477,1019.0670413827328
70792918.9676195,1023.4624395083222
70798244.4057587,1027.0539671035795
70803569.17984445,1030.1142445134992
70808893.53522679,1034.0026184016
70814217.31348124,1038.5723407551325
70819540.15949297,1043.149426747564
70824862.42239025,1048.0811610479275
70830183.88495135,1052.9806986113645
70835504.36595817,1057.4413359061002
70840824.6158859,1061.4973024540298
70846144.39890131,1065.66365243135
70851463.45531161,1070.1608215886781
70856781.59378105,1074.705480339423
70862098.96980745,1079.3796160066247
70867415.4912043,1083.9261023925903
70872731.18582469,1088.442564039058
70878046.25112343,1093.0386273235172
70883360.90152906,1097.371098197185
70888674.49927737,1100.5841970829301
70893987.60875206,1104.61627498619
70899299.96059518,1109.2580182335464
70904611.21711509,1114.274363235882
70909921.57652362,1119.5058562787342
70915230.97973488,1124.7295495361639
70920538.45005149,1128.2905892200938
70925857.56654245,1102.6378696811885
70931172.76743537,1105.7235709173265
70936498.67861626,1077.6993398669504
70941821.06251453,1081.5048703338484
70947153.22454321,1050.762281860632
70952482.89106265,1054.5911723972704
70957821.74221458,1021.1361438286908
70963159.10034929,1025.1311301141732
70968496.44270785,1029.0869336659284
70973833.15507181,1031.8239905871087
70979169.60682546,1035.007871977992
70984505.67522731,1038.8106585780959
70989841.04791944,1043.1115154495049
70995175.86821048,1047.3930511090534
71000510.14401998,1051.866060460903
71005843.6104678,1056.0212277305309
71011176.69308424,1059.6878817701258
71016509.62521045,1063.0873781572523
71021842.28263555,1067.261431778706
71027174.1486754,1071.2550213310878
71032505.29470797,1075.3807148935928
71037835.87444194,1079.3726956837472
71043165.86559752,1083.230765774961
71048495.27311239,1087.1417653745677
71053824.51390947,1091.0120081986765
71059153.16992433,1093.8680733486847
71064481.35017389,1097.0779686376823
71069809.10804129,1100.713215014731
71075136.14799756,1104.9227166783069
71080462.45896569,1109.16818498846
71085788.18873163,1113.6155790260634
71091113.03969574,1117.8718059862335
71096437.22263548,1121.655897506825
71101761.1967599,1125.1924443590785
71107084.69855498,1129.1155382393556
71112407.43338238,1133.2196118461982
71117729.36390226,1137.2745853380666
71123050.58085515,1141.3726458397982
71128370.97860262,1145.3512669002278
71133690.69157562,1149.341703615839
71139009.99668191,1153.4170690004944
71144328.70904323,1156.7224909270992
71149646.70030035,1159.768454929766
71154964.11472318,1163.5527159364772
71160280.78247124,1167.8828705006986
71165596.39642696,1172.2359891521069
71170911.31860341,1176.8096011444088
71176225.27650428,1181.3025337662614
71181538.17810832,1185.4904655108571
71186850.13743466,1188.1887682024283
71192173.17294005,1163.816772700634
71197492.48529513,1167.2842643982483
71202821.74907964,1140.5190664825427
71208148.24940659,1143.9607655214306
71213484.13651447,1115.057790960645
71218818.08581714,1118.4305631612579
71224161.01016872,1087.5670953033596
71229503.25757225,1090.7984289281871
71234844.95890252,1093.0712391318807
71240186.44883636,1096.1157100845392
71245527.54144433,1099.7864986970762
71250867.95401259,1103.5215605646713
71256207.94150056,1107.5457686762734
71261547.34904483,1111.3485705576377
71266886.04497819,1114.8842342694224
71272224.63040516,1117.9874202556543
71277562.99728699,1121.373105557036
71282900.91932474,1125.1090573378106
71288238.17080624,1128.4529075678788
71293574.92165965,1132.0299193231995
71298911.11309364,1135.6016057702404
71304246.74849744,1138.9768714280594
71309581.9949187,1142.414970350145
71314917.15597789,1145.7028742842203
71320251.62173225,1148.011889204469
71325585.85507679,1150.9101731551757
71330919.64262208,1154.3326937173924
71336252.71454765,1158.043998073438
71341585.20572756,1161.8325724427355
71346917.15669762,1165.6112553777743
71352248.28201018,1169.182802217563
71357579.09271196,1172.3355094325757
71362909.68704587,1175.5598067232495
71368239.80379476,1179.3270945224808
71373569.14347684,1182.7148636496647
71378897.86102471,1186.2102563633102
71384225.98985572,1189.7692277240972
71389553.4360704,1193.130868371219
71394880.31183201,1196.536846943466
71400207.03712049,1199.9212351464632
71405533.05584532,1202.512718896021
71410858.61804548,1205.3658758880313
71416183.68234992,1208.72531187483
71421507.98275252,1212.4987758191742
71426831.54680286,1216.3154067550072
71432154.41252448,1220.122889229248
71437476.39293532,1223.8013652602654
71442797.77146031,1227.1345840726653
71448118.84548262,1230.3554816043106
71453439.45517486,1234.1296694068799
71458759.16555466,1237.7678029044764
71464077.9837261,1241.5579737849187
71469396.05773419,1245.268192830844
71474713.34272942,1248.870831943467
71480029.8360746,1252.5017491408873
71485345.70665438,1255.7248207595865
71490670.8614396,1229.5489177427228
71495994.08062752,1232.157630357186
71501325.95649369,1204.6461642210268
71506656.68779482,1208.117535373732
71511995.0961495,1179.5595044405318
71517333.34830813,1183.0947143654105
71522678.54812336,1153.2062640175836
71528024.29428883,1156.1542657175853
71533370.03626084,1158.9608518075847
71538715.57125658,1162.0713549245074
71544060.65206762,1165.3109784752805
71549405.15829898,1168.5560375700043
71554749.21282162,1171.726255184768
71560092.80781686,1174.7608465327708
71565435.93866496,1177.7915116610634
71570778.93887535,1180.848082221643
71576121.73127447,1183.5015704601028
71581464.06180868,1185.706530295176
71586806.16619068,1188.4629447337647
71592147.81785212,1191.7026501776302
71597488.86176224,1194.9470290173483
71602829.51011911,1198.3525246988722
71608169.53640467,1201.6041656759262
71613508.97959787,1204.5418207418568
71618848.38396128,1207.163726121085
71624187.58729884,1210.2193824503088
71629526.27387218,1213.4680990812894
71634864.32718746,1216.4760951088772
71640201.88847987,1219.569220910109
71645538.93649842,1222.5978402549267
71650875.46135516,1225.5567816724786
71656211.69614159,1228.5109732277413
71661547.78299473,1231.2829039485068
71666883.25399067,1233.3738592775128
71672218.4563383,1236.0467183146923
71677553.20938507,1239.1705285933367
71682887.24726655,1242.3265384626802
71688220.83789875,1245.6606641122953
71693553.77461796,1248.8822430384935
71698885.98605518,1251.852946197727
71704218.01932575,1254.5362519531657
71709549.8152549,1257.4819673599231
71714881.11776969,1260.7435989320297
71720211.62931742,1263.7156085169538
71725541.55465594,1266.8127552700957
71730870.93591096,1269.9118080684707
71736199.6837769,1272.8893739820699
71741527.94475174,1275.847178217077
71746856.0402457,1278.7720966226975
71752183.4520166,1281.0720147864133
71757510.43080233,1283.7850300147315
71762836.90120398,1286.8641719398588
71768162.59057933,1290.1056417330294
71773487.65078112,1293.530327761577
71778812.04160589,1296.8474838421823
71784135.55486931,1299.9696380990172
71789458.68703277,1302.8648003758215
71794781.50459525,1305.6384209847065
71800103.82684278,1308.9556377508106
71805425.30390196,1312.1035430788004
71810745.95176323,1315.3294537775662
71816065.88969368,1318.6094552869595
71821385.09051633,1321.7187829844534
71826703.61271077,1324.8819456684537
71832021.81414394,1328.068640826544
71837339.25879897,1330.5961310897976
71842656.0851479,1333.479445912092
71847972.2716202,1336.6683749312356
71853287.51356444,1340.2004476450063
71858601.92289668,1343.6679654000627
71863915.5611429,1347.3184063868975
71869228.11645116,1350.8147709616603
71874539.20080999,1352.6237122688408
71879861.73257488,1333.8363085313895
71885180.56631127,1336.1172030544255
71890509.67862484,1315.760337444667
71895835.76213421,1318.1231917934094
71901171.52284373,1296.4514998990187
71906505.07080689,1298.8072074015477
71911847.71675156,1275.5696307496569
71917189.4807245,1278.3041695806473
71922530.88585933,1280.466065956153
71927871.92122427,1282.5368099757318
71933212.63889636,1285.0671607860686
71938552.85617553,1287.9533470648619
71943892.49378906,1290.768236028369
71949231.70014016,1293.7378871475207
71954570.26358071,1296.543951470589
71959908.3128532,1299.0533916666886
71965246.31624027,1301.4796912775746
71970584.02020808,1304.1837532441984
71975921.23187473,1306.8661524155086
71981257.80780262,1309.5682113357325
71986593.86493199,1312.4536616197656
71991929.33583568,1315.0849451802487
71997264.33667228,1317.7137693111795
72002599.05988447,1320.3690938314246
72007933.50336851,1322.6830847070803
72013267.43941562,1324.7378076883797
72018601.03746518,1327.2563531298006
72023934.09241919,1330.112093468034
72029266.39066689,1332.926790012135
72034598.2424627,1335.8732072708858
72039929.43169053,1338.7983905820859
72045259.91050582,1341.388094991167
72050590.25744945,1343.8480203442825
72055920.29033992,1346.491286078888
72061249.73162174,1349.248250261877
72066578.44986647,1351.932156262413
72071906.58642283,1354.7998088361205
72077234.04810959,1357.5537118978107
72082560.89350522,1360.2117346348457
72087887.28399262,1362.8845230856543
72093213.42600177,1365.5013760834495
72098538.8690167,1367.6454188098432
72103863.91154379,1370.208421792651
72109188.32043056,1373.0542050790825
72114511.89150736,1376.0004684303194
72119834.84228368,1378.995247740926
72125157.06112523,1381.986812747462
72130478.38050891,1384.8056765065148
72135799.36861707,1387.3882119328246
72141119.96026738,1390.0956281488611
72146439.9078208,1393.1086486774088
72151758.9358558,1395.9773780330327
72157077.19583562,1398.969885347361
72162394.7410531,1401.9777227519205
72167711.44628216,1404.86563685396
72173027.45406558,1407.7407090726451
72178343.09645036,1410.6815948189433
72183657.92583558,1413.0865606397847
72188972.10426739,1415.8721925764255
72194285.53921384,1418.9166371463841
72199597.9616847,1422.1225425631344
72204909.52202658,1425.4100904755805
72210220.16962016,1428.7314189196427
72215529.6961506,1431.928431399882
72220838.53877228,1434.9432572360922
72226146.82697755,1437.904085087311
72231454.34513175,1441.2133287329561
72236760.7273381,1444.490409015892
72242070.09561992,1421.0549410367576
72247383.11559643,1424.2493724311935
72252698.22167383,1400.3547965842042
72258018.26509291,1403.0616008237412
72263337.32232463,1404.52661530879
72268667.38518028,1387.104748462794
72273994.15231365,1388.274507523712
72279331.3699929,1369.8537109652389
72284665.77348179,1371.8465023280353
72290009.87386169,1352.4786666406867
72295351.99893466,1354.576094640047
72300703.23186348,1334.2051801045923
72306053.2834373,1336.2822815197485
72311403.38609429,1338.290181868585
72316753.26017463,1340.6285002958496
72322102.71619783,1342.8717381744666
72327451.67224906,1345.156102497796
72332800.24585053,1347.5572315806162
72338148.38287348,1349.7441717200397
72343496.15759382,1351.9241580633807
72348843.84756361,1354.1650093606274
72354191.31575742,1356.0650303913808
72359538.50628707,1357.8540185871716
72364885.38742195,1359.9718148698275
72370231.82496195,1362.3974359831773
72375577.74289279,1364.6993150321439
72380923.31691211,1367.2123590518472
72386268.3211852,1369.5310104443927
72391612.8935787,1371.601108610792
72396957.45744923,1373.4868542322652
72402301.85979754,1375.6512136408558
72407645.82133693,1378.0005363767216
72412989.18973586,1380.2877467876365
72418332.10989578,1382.6046053191103
72423674.59296735,1384.7926643904186
72429016.63582906,1386.9700917663738
72434358.47229682,1389.1265611269114
72439700.19270644,1391.1060141982414
72445041.44276091,1392.8261329104441
72450382.43891707,1394.8378576076307
72455722.96022813,1397.1785679297666
72461062.90022089,1399.5223088817982
72466402.41156134,1401.9591005310876
72471741.37606198,1404.2653767576385
72477079.76821399,1406.3595039461147
72482418.10080114,1408.2635782859427
72487756.25789222,1410.327006280064
72493093.95535041,1412.6813109015748
72498430.99396347,1414.8965896842342
72503767.52471717,1417.2020525181583
72509103.57809879,1419.4487693628685
72514439.12195706,1421.6001179251932
72519774.31456953,1423.7577795166658
72525109.40004665,1425.8717708929348
72530443.96387194,1427.5859703279646
72535778.19818234,1429.589736100894
72541111.94026971,1431.8841653897898
72546445.00043331,1434.230491416076
72551777.54199933,1436.697253313468
72557109.51550056,1439.072008009636
72562440.79752928,1441.2666366690494
72567771.88537857,1443.26518899248
72573102.74500896,1445.3268878302222
72578433.11146654,1447.7074822562395
72583762.75680658,1449.9860756001492
72589091.8082671,1452.335687537743
72594420.32597345,1454.6717084086024
72599748.20454857,1456.8943401060517
72605075.58029366,1459.0858217033035
72610402.78640543,1461.3370556162163
72615729.41920522,1463.114524441033
72621055.6138946,1465.2057864332778
72626381.2624046,1467.5200488550738
72631706.12791964,1469.9677417531439
72637030.38475777,1472.4826547802845
72642353.95882483,1474.9933906344227
72647676.70528093,1477.324996553501
72652999.05967198,1479.490828241489
72658321.09035087,1481.538372008145
72663642.6265972,1483.955588635626
72668963.38034523,1486.3936934551548
72674283.32484983,1488.9456846151295
72679602.56266062,1491.4436405042975
72684921.10342656,1493.8185009721822
72690238.92464241,1496.2209742237026
72695556.41107653,1498.6831076980252
72700873.25732538,1500.735992428371
72706189.4882765,1503.0132626269233
72711505.01313435,1505.498832936927
72716819.63991065,1508.2313038775198
72722133.37024619,1510.9352013884036
72727446.02824694,1513.030880191301
72732767.85858104,1496.1666097301443
72738087.57156084,1497.9619937739428
72743416.39876488,1479.6290974159776
72748744.07846309,1481.6778318314393
72754079.6892976,1462.7708237772533
72759414.74409622,1464.7581906367946
72764757.23974764,1445.266411311491
72770099.9996708,1447.1529113551671
72775449.62062973,1426.8911896078707
72780800.57813536,1428.822121302787
72786151.37299189,1430.4898428365925
72791501.9179157,1432.0097291909217
72796852.16394995,1433.8490906781078
72802201.9902926,1435.9549067629462
72807551.29330719,1437.9472692205345
72812900.2982724,1440.0992388161665
72818248.76228203,1442.0953846990535
72823596.8476998,1443.8568864641938
72828944.93110579,1445.4987326356309
72834292.86092325,1447.348748454747
72839640.41601053,1449.3311730433845
72844987.41771758,1451.3242417390707
72850334.00060017,1453.3380904874737
72855680.19084592,1455.2060175150398
72861025.97839448,1457.0725066355217
72866371.58895834,1458.9178132898076
72871717.12011376,1460.6077262679673
72877062.2670628,1462.09074282736
72882407.15574217,1463.8260622984908
72887751.59768035,1465.8507233371806
72893095.51063974,1467.8548535107375
72898439.02471387,1469.9664465554795
72903782.04157978,1471.9233969475554
72909124.55185743,1473.7001189081398
72914467.03526086,1475.3135191327137
72919809.35346447,1477.0659382887113
72925151.25401579,1479.0958582881208
72930492.56667674,1481.0231229606657
72935833.41831087,1482.9869181689576
72941173.84685832,1484.8968948664635
72946513.8041749,1486.7161886683778
72951853.47231595,1488.5545130481491
72957193.07457358,1490.3547003181377
72962532.26138003,1491.8015007327654
72967871.14534676,1493.5275586816967
72973209.55473009,1495.5035760412861
72978547.33973353,1497.515202668168
72983884.6670382,1499.5947442632723
72989221.49206546,1501.604129126125
72994557.69377415,1503.4464739385203
72999893.7726663,1505.1158946839917
73005229.64758137,1506.9383592033598
73010565.04867928,1508.9520204814773
73015899.84086475,1510.8343346507727
73021234.14133285,1512.8293860426006
73026567.93162826,1514.8359808710925
73031901.18363455,1516.6658963796012
73037234.0215497,1518.5120217008694
73042566.74152356,1520.4170374231733
73047898.96518032,1521.8256502887061
73053230.87206702,1523.5587508185686
73058562.2694137,1525.4849894213212
73063892.96862637,1527.5415504318294
73069223.12591694,1529.6519785858895
73074552.7260118,1531.7625532773263
73079881.60482481,1533.6833263031656
73085210.19939822,1535.4562926683288
73090538.5701634,1537.206222624379
73095866.4341144,1539.254288527151
73101193.60047005,1541.2430235193497
73106520.15569527,1543.3504841456624
73111846.1379032,1545.4274242532413
73117171.46732518,1547.372788943139
73122496.20610134,1549.2950632663144
73127820.74641444,1551.3231270632896
73133144.77144814,1552.9534866874021
73138468.28318499,1554.7188766188494
73143791.26386626,1556.718923275811
73149113.47997604,1558.8669254986835
73154434.98906748,1561.0759848896687
73159755.84132135,1563.3059132190758
73165075.87794018,1565.4225064173468
73170395.3768254,1567.3789284558034
73175714.5633937,1569.1970426793582
73181033.26611467,1571.395083033449
73186351.13548596,1573.5894545319616
73191668.18283221,1575.8621359160907
73196984.51707277,1578.1315847028588
73202300.0518939,1580.2633884005763
73207614.8598302,1582.4194976524254
73212929.19615851,1584.6293512011503
73218242.99075276,1586.6190449484245
73223556.1126691,1588.6032019408558
73228868.48173384,1590.8197659905845
73234179.95980078,1593.2940199431296
73239490.4289146,1595.7444499288715
73244800.11053386,1598.2973499987575
73250108.79453918,1600.7894424015874
73255416.54181935,1603.124176442937
73260722.83194251,1603.4224843701463
73266040.39199908,1591.6820092174075
73271353.92125253,1592.518622309407
73276677.90788195,1579.5752591985342
73281998.70763609,1580.6473743931522
73287329.4252622,1566.6700047740094
73292657.67783883,1567.7494672544321
73297995.52581887,1552.83563290605
73303332.0023985,1553.9792641283898
73308677.36987245,1538.0338996441785
73314022.00078167,1539.558656830813
73319366.19193108,1541.321622568865
73324709.81735882,1543.065805560281
73330053.0441561,1544.9135280150483
73335395.78972587,1546.6351829724583
73340737.99913913,1548.195523796444
73346080.16611852,1549.6280188580918
73351422.11145976,1551.1432823005146
73356763.64179458,1552.8920186823045
73362104.6425592,1554.6063735398016
73367445.1897789,1556.345218705575
73372785.26569337,1558.0131384251124
73378124.86071981,1559.5840687762445
73383464.14282566,1561.1728909100975
73388803.3586871,1562.762721080862
73394142.16790372,1563.971667503189
73399480.6795806,1565.4894878669882
73404818.728426,1567.1958599882837
73410156.12036915,1568.9599855913202
73415493.08897641,1570.7307347439291
73420829.55144015,1572.5195979654984
73426165.36831754,1574.1184540411527
73431501.04934831,1575.6080324287084
73436836.48043899,1577.1278355226266
73442171.48823075,1578.8989148612256
73447505.92706136,1580.5591555931305
73452839.83142926,1582.3113599525727
73458173.19928628,1584.062596121368
73463506.05082916,1585.6689369361923
73468838.45567487,1587.2876072815739
73474170.7409562,1588.952459384398
73479502.56089193,1590.2265756322781
73484834.03717232,1591.7527227610458
73490165.01224346,1593.4444812627735
73495495.2773883,1595.2722913064154
73500824.98796867,1597.084377466064
73506154.15829821,1598.9514631565182
73511482.60495691,1600.6618522360939
73516810.71706003,1602.2329918335022
73522138.60178125,1603.7938790272824
73527465.96137762,1605.6449733454244
73532792.64411886,1607.3943372153246
73538118.70941901,1609.1917479372232
73543444.18039839,1611.0466840491918
73548768.98390323,1612.753055715076
73554093.23084328,1614.4446564853206
73559417.22070508,1616.2470419720216
73564740.70151739,1617.7165766529074
73570063.70425789,1619.2817229340772
73575386.11974262,1621.053093337951
73580707.7838367,1622.9885240586073
73586028.7112466,1624.9340070317571
73591348.98540846,1626.8943455881279
73596668.45286956,1628.771043762359
73601987.32868302,1630.5150120236954
73607305.87956138,1632.1739852997707
73612623.91130452,1634.1278590178026
73617941.11874835,1636.1130768837427
73623257.46889532,1638.09829836852
73628573.13779205,1640.120286243863
73633888.01044488,1642.0598500023227
73639202.10607257,1643.9791826697901
73644515.68679065,1645.9375511666703
73649828.73814529,1647.7389061667816
73655141.0793276,1649.5034053413951
73660452.66061431,1651.4877042505634
73665763.35950455,1653.6895013864673
73671072.19965336,1654.0692447007073
73676391.89090437,1643.077754367686
73681707.87592207,1643.7563015176802
73687034.04924655,1631.48293830101
73692357.81181858,1632.1053128486446
73697691.37246187,1619.0537918193236
73703022.89988135,1620.0298014495074
73708363.43898752,1606.319500776939
73713702.8290126,1607.9259263764766
73719041.72640842,1609.402958699991
73724380.16373385,1610.833032397
73729718.3136753,1612.2588934531445
73735056.33652115,1613.643491764325
73740393.98465806,1614.7848734133022
73745731.2826064,1616.197983365345
73751068.08318847,1617.7930307203678
73756404.2287001,1619.352321916649
73761739.95422783,1621.0333719920627
73767075.1358297,1622.6304136649148
73772409.70967999,1624.0695036488569
73777744.15760618,1625.426677197137
73783078.28551842,1626.8474935471384
73788411.96403986,1628.4463940427854
73793745.0454249,1630.017970219344
73799077.56411967,1631.6417918129043
73804409.52273406,1633.189850950041
73809740.98537233,1634.6640972550217
73815072.00254722,1636.1459471512387
73820402.87910512,1637.6249899929182
73825733.29694809,1638.8372322130328
73831063.2858474,1640.2919209880838
73836392.74190809,1641.8871192492852
73841721.46018599,1643.5507312740676
73847049.65897599,1645.2182196061387
73852377.2730383,1646.8914417646774
73857704.13341688,1648.4233902478297
73863030.7157075,1649.8619487369467
73868357.00065751,1651.309592059905
73873682.74406326,1653.043730157458
73879007.78343348,1654.6375441145228
73884332.18878083,1656.311969700443
73889655.96671261,1658.02720669312
73894979.1023592,1659.5950060361586
73900301.63749892,1661.1693777045436
73905623.92728944,1662.7903544705248
73910945.66146919,1664.1328280626751
73916266.89604536,1665.6315059512895
73921587.51289362,1667.2895091287126
73926907.31649087,1669.1036849048646
73932226.3931189,1670.9072341193657
73937544.8048981,1672.7016351471045
73942862.37153228,1674.4258367659816
73948179.38424817,1676.0303198446625
73953496.01553734,1677.6061272417753
73958812.04189755,1679.451457335887
73964127.23676367,1681.2945125102767
73969441.54878432,1683.143573546254
73974755.13905388,1685.0229318526613
73980067.9257216,1686.8407402824564
73985379.9145653,1688.6362700425984
73990691.38875967,1690.4870007070904
73996002.24032108,1692.1529815256781
74001312.35682568,1693.908563115469
74006621.6764718,1695.805743922931
74011930.02068356,1697.8982691771484
74017237.37360443,1699.9969804053098
74022543.84954251,1702.1728087883612
74027854.39268357,1687.00486166304
74033167.59202103,1688.7190970659226
74038484.59738721,1673.1240202849763
74043805.5029456,1674.7465289324423
74049129.14647213,1659.261347063194
74054457.39652978,1660.7721752960786
74059784.39533627,1661.0027059879123
74065121.91491012,1649.8349971437867
74070456.64664315,1650.0741110347612
74075801.69251335,1638.2423419015522
74081144.80644384,1638.5627115370544
74086497.69913174,1625.9473293282751
74091849.32403542,1627.1051759255881
74097200.57570466,1628.4179214820674
74102551.32170954,1629.678155195713
74107901.79311846,1631.0476316983604
74113251.83228095,1632.3258905979098
74118601.46208403,1633.450673704436
74123951.10244343,1634.4953639039043
74129300.56414212,1635.6681706283734
74134649.70489182,1636.958845483036
74139998.3808375,1638.2137621573934
74145346.64904496,1639.5063375048326
74150694.5735667,1640.7069256909629
74156042.12400956,1641.880514600746
74161389.45787315,1643.0146180288339
74166736.77457528,1644.1372218376491
74172083.80876511,1645.0168809219524
74177430.58781394,1646.118390651956
74182777.00001442,1647.4021552017514
74188122.88407362,1648.6767941166563
74193468.42838503,1650.038172635791
74198813.53581879,1651.3022514538604
74204158.16592664,1652.448491456306
74209502.7411211,1653.4848637506489
74214847.19896415,1654.625373598732
74220191.27483737,1655.946986036644
74225534.84143828,1657.1592431858849
74230878.03138287,1658.4122093632968
74236220.81656726,1659.6942870303355
74241563.18542506,1660.8303025920854
74246905.24806947,1661.9735659917706
74252247.27974986,1663.1478259618862
74257588.96260267,1664.0381760597584
74262930.4128617,1665.132189474065
74268271.45078701,1666.3636044736602
74273611.93908437,1667.659826043697
74278952.00327855,1668.9743316858962
74284291.65684877,1670.2812268143332
74289630.7425823,1671.4596647085873
74294969.68259822,1672.5482825472195
74300308.47546284,1673.6500390563656
74305646.88314214,1675.0024062909408
74310984.7519223,1676.2264205870472
74316322.1632916,1677.509622105686
74321659.12635943,1678.828028161451
74326995.62393595,1680.0017830068966
74332331.71080823,1681.1730685071611
74337667.72835568,1682.3740170059043
74343003.38664992,1683.3250217168152
74348338.73789549,1684.4237882238294
74353673.67056468,1685.6563157239116
74359008.00175981,1687.0121648135732
74364341.83349635,1688.3459606783372
74369675.23167677,1689.6855448147714
74375007.9838928,1690.9311731035464
74380340.45183723,1692.0716183782774
74385672.71954916,1693.2068235198763
74391004.62416707,1694.4840739767876
74396336.00910401,1695.7724357517893
74401666.8227328,1697.1246277550315
74406997.11826248,1698.4903003998515
74412326.85239229,1699.719210822115
74417656.12370804,1700.9324215375561
74422985.19663592,1702.2295478320714
74428313.90237936,1703.3076080405929
74433642.19719528,1704.4323187244013
74438970.02335167,1705.703732364062
74444297.21597597,1707.119717131077
74449623.78495051,1708.5182467541408
74454949.8342193,1709.9494718579513
74460275.20286387,1711.2998126776934
74465600.06953633,1712.545862924022
74470924.70730661,1713.7415942928858
74476248.95285615,1715.1562166426763
74481572.54885192,1716.6041638832785
74486895.40953952,1718.0057104952782
74492217.70699286,1719.447569798499
74497539.3635686,1720.8383099182363
74502860.40589632,1722.1778880532245
74508181.08203635,1723.5244522721491
74513501.3617541,1724.8719541722917
74518821.0566067,1726.0686584253906
74524140.21679208,1727.4670566375394
74529458.6550084,1728.9979879936893
74534776.31744666,1730.5351099400043
74540093.35312545,1732.139967237872
74545409.57212104,1733.6499080625392
74550725.08193389,1735.0875445900606
74556040.24011292,1736.4296807627431
74561354.87245859,1737.9626322041913
74566668.80556628,1739.5746336981663
74571981.87284239,1741.1712086966038
74577294.12763442,1742.8588797807176
74582605.60790852,1744.467291929523
74587916.30953895,1746.0613303256466
74593226.34115477,1747.6170480202954
74598535.90102103,1749.2305496806828
74603844.67397429,1750.6464333393117
74609152.73804075,1752.306027377913
74614458.82638142,1751.8811129825287
74619775.8481149,1743.2503629650032
74625089.02290638,1743.15145448864
74630412.81807303,1733.6401168090044
74635733.27306539,1733.67282406399
74641064.1867793,1723.2325525958454
74646392.82538821,1723.3756580928502
74651731.15020502,1712.5895310924031
74657067.49386346,1713.0149449385574
74662412.97681798,1701.6445984604404
74667757.47394302,1702.76218053387
74673101.56699774,1703.7619680224416
74678445.33375733,1704.7472923207838
74683789.08686359,1705.7659956147832
74689132.51804832,1706.5587114212915
74694475.70282322,1707.5243884625838
74699818.51878078,1708.5944023288648
74705160.7948066,1709.7361718568911
74710502.66772754,1710.8680045537592
74715844.15476087,1712.015918430632
74721185.07846145,1713.0454847917515
74726525.84042512,1714.0013511029094
74731866.4764677,1714.9547361323325
74737206.76717922,1716.1547953668814
74742546.53955355,1717.2333772797876
74747885.83949673,1718.339916396218
74753224.70856036,1719.4840917334884
74758563.13689625,1720.5013827650616
74763901.16144444,1721.5173309077622
74769239.09760278,1722.5814084168378
74774576.72366598,1723.4179186927802
74779914.02049509,1724.4341697131706
74785250.91458347,1725.504379795286
74790587.21845347,1726.66892758515
74795923.0777897,1727.8273347875352
74801258.48632506,1729.0363067382366
74806593.29271002,1730.1144272076497
74811927.79971306,1731.1133099700132
74817262.13686325,1732.0950938026883
74822596.14527504,1733.1938737539765
74827929.64690806,1734.335052902896
74833262.5786246,1735.502633337651
74838595.02428187,1736.6781399197832
74843926.9490739,1737.7518173952167
74849258.41359647,1738.805430386209
74854589.67141226,1739.8961123393185
74859920.62266773,1740.837763582244
74865251.2026496,1741.8541633681637
74870581.30560377,1742.9531620960931
74875910.81402585,1744.193798030323
74881239.7279334,1745.4021220976992
74886568.14834957,1746.657153617065
74891895.92517912,1747.8187370950332
74897223.20726538,1748.8942401950326
74902550.2851267,1749.9279559509941
74907876.98835185,1751.09277069117
74913203.13887215,1752.2805568770732
74918528.64797205,1753.5102128472633
74923853.56226443,1754.8191517640203
74929177.87533896,1755.9909469108807
74934501.63454297,1757.1599816939854
74939825.00844245,1758.310373746814
74945148.05145441,1759.4558097405647
74950470.56018117,1760.4689195372757
74955792.56845596,1761.6780605819508
74961113.91972423,1762.9860560145091
74966434.51650319,1764.3037434053144
74971754.54316111,1765.6688032619218
74977073.84223261,1766.9692606724457
74982392.44368528,1768.19230282856
74987710.74185273,1769.3312536657934
74993028.56623788,1770.6397912010539
74998345.7336056,1772.0352217899554
75003662.11639887,1773.3842597175226
75008977.7383539,1774.775680222704
75014292.66484952,1776.1450760856212
75019606.87364607,1777.487807452876
75024920.4777575,1778.7837400642022
75030233.67804183,1780.1447159439042
75035545.2452351,1779.568923452252
75040867.60427798,1770.7292713808229
75046186.6822852,1770.621152883385
75051515.83833382,1761.1845497186841
75056842.40616208,1761.3705266795853
75062178.65486749,1751.3495919538846
75067512.8071939,1751.5132313137117
75072856.52448432,1740.8651876460435
75078199.41849923,1741.6503816372053
75083542.00811005,1742.6971355470305
75088884.10201868,1743.694903096647
75094225.72511528,1744.6885058006942
75099566.93823177,1745.6701924641895
75104907.75238289,1746.5739156403777
75110248.205197,1747.44970337087
75115588.62476127,1748.3631044192225
75120928.71634412,1749.1351407417822
75126268.49992162,1750.0119647175925
75131607.8942057,1750.9812455012448
75136946.7466964,1752.0166750478884
75142285.17054458,1753.0695739405958
75147623.16860636,1754.1032697814953
75152960.58520363,1755.0263153432359
75158297.80284584,1755.9018565043502
75163634.86643693,1756.7195512239539
75168971.5992199,1757.8127852747305
75174307.7787531,1758.8171857987038
75179643.41506518,1759.8236144308546
75184978.65367159,1760.8699762664528
75190313.39122942,1761.8263255860397
75195647.71690252,1762.7297009360852
75200981.91474538,1763.7152563906845
75206315.74206182,1764.5322760549566
75211649.23065148,1765.4079326706549
75216982.31124952,1766.38374390366
75222314.80244403,1767.444896379195
75227646.80857918,1768.4970799971675
75232978.30078496,1769.5865020612914
75238309.20462115,1770.5748889101205
75243639.7434816,1771.50186627917
75248970.09558856,1772.3928341396754
75254300.11592558,1773.4692584329812
75259629.54712902,1774.5415378480157
75264958.32710999,1775.6144982954856
75270286.6269603,1776.7148284472348
75275614.38605563,1777.7567905163546
75280941.60871325,1778.743293322926
75286268.56858966,1779.751700477671
75291595.18024513,1780.6603472341787
75296921.3541883,1781.6093877181397
75302247.04165094,1782.6485784113472
75307572.09431265,1783.7928558100039
75312896.52182405,1784.9247312664652
75318220.40798788,1786.1004258933242
75323543.5982217,1787.179998207683
75328866.2584959,1788.2222309509903
75334188.67614686,1789.1342856284457
75339510.70160156,1790.2685231193336
75344832.10575218,1791.4672203943014
75350152.76756316,1792.6505490431473
75355472.75840005,1793.8780972521754
75360792.12056226,1795.030005663261
75366110.8607345,1796.1716554318984
75371429.12810543,1797.2743982913116
75376747.00534315,1798.3912839776472
75382064.2859947,1799.4212430675225
75387380.98522282,1800.6098273336816
75392696.97620852,1801.8863643581603
75398012.11974156,1803.150796767432
75403326.6429447,1804.4901214689407
75408640.35870254,1805.7907983880684
75413953.26611191,1807.017637041991
75419265.76690952,1808.1802792181197
75424577.71892634,1809.4728678391025
75429888.92423576,1810.848128605782
75435198.27847849,1810.2549876217477
75440518.3332512,1802.178450561097
75445834.99836466,1801.9229974621312
75451161.91443096,1793.043107026678
75456486.21755673,1792.8782309142277
75461820.65154386,1783.4311303212612
75467153.06943811,1783.3257053931968
75472494.92851858,1773.3989545153295
75477835.66177239,1774.2813048428661
75483175.8768916,1775.183924360117
75488515.68209098,1776.1421189487269
75493855.06900512,1777.0482262994187
75499193.91728026,1777.8675754582355
75504532.62327078,1778.6397247686334
75509871.18086322,1779.412091526518
75515209.36722104,1780.386248089167
75520547.0043186,1781.2687726720374
75525884.17806432,1782.1845792213596
75531220.93234572,1783.1402239978938
75536557.21082917,1783.9739757453212
75541893.0957448,1784.7867519632036
75547228.89223395,1785.6279533030743
75552564.32752511,1786.3466661544348
75557899.42729838,1787.169595448517
75563234.11327131,1788.0623490240362
75568568.22937012,1789.0262821346369
75573901.86076674,1789.9803156817702
75579235.05379619,1790.9391015086312
75584567.64122811,1791.814325010735
75589899.95409817,1792.6249867380338
75595232.0679861,1793.4497043302242
75600563.79303055,1794.402138267871
75605894.99933635,1795.3307423135618
75611225.63675866,1796.2917045351255
75616555.79099216,1797.2975514820444
75621885.39643174,1798.2011392870374
75627214.54398465,1799.064706769559
75632543.4956549,1799.998417713526
75637872.04394622,1800.7967504980757
75643200.19150455,1801.64698620446
75648527.87606181,1802.581772619493
75653854.93882881,1803.6094822437778
75659181.4255315,1804.6145578259907
75664507.37864172,1805.6451420975554
75669832.69493087,1806.6074317413413
75675157.54507704,1807.515464165229
75680482.16209957,1808.3935522253473
75685806.39351891,1809.4200982668156
75691129.9975984,1810.4743809993677
75696452.87660801,1811.5238462755733
75701775.18272078,1812.5993096672894
75707096.88480055,1813.6294176189888
75712417.99293293,1814.621568771143
75717738.73714405,1815.5951487097363
75723059.07772209,1816.6041303993566
75728378.82589185,1817.5507544731356
75733698.03588063,1818.5929077166782
75739016.55057691,1819.7292522313596
75744334.32759564,1820.8553141744017
75749651.51048136,1822.0240640401312
75754967.88536692,1823.1491520509558
75760283.59311174,1824.2196135580211
75765598.95504874,1825.2149331640087
75770913.80588026,1826.3677502784649
75776227.95998427,1827.561693168245
75781541.28132126,1828.765051799758
75786853.83509813,1830.0596274760132
75792165.60018629,1831.278059630541
75797476.61732242,1832.4651104775908
75802787.00713089,1833.6183898824183
75808096.90867475,1834.8425680649125
75813404.79892415,1833.476296490205
75818724.00614846,1826.47733470493
75824040.35139205,1827.6167295003086
75829355.86671025,1828.7768194389175
75834669.92025913,1828.3953912108645
75839994.23819011,1820.0797840216287
75845315.66123426,1819.8319510999338
75850647.1997883,1810.8148283131525
75855976.85090813,1810.6972827970328
75861315.87822804,1801.4374492913466
75866653.59827192,1802.262929154457
75871990.862312,1803.1049448395383
75877327.71150045,1803.9513471746582
75882664.11529653,1804.7159762300566
75888000.14899679,1805.4548215081227
75893336.08621138,1806.2227578016289
75898671.64052953,1806.8705822796378
75904006.87695144,1807.6444472452238
75909341.68055281,1808.467666356787
75914675.91994414,1809.337850384788
75920009.69952558,1810.2156229952116
75925343.03990233,1811.0852066748907
75930675.78200422,1811.876423111084
75936008.29684572,1812.6296431940266
75941340.62189303,1813.3419791675055
75946672.56312793,1814.2841360296334
75952003.90439126,1815.1414645262444
75957334.6984656,1816.0179430725475
75962665.01988097,1816.9441944636762
75967994.80180137,1817.7590081083954
75973324.1503657,1818.5508532466513
75978653.31940648,1819.4227525559813
75983982.04178768,1820.1425647530716
75989310.40231465,1820.9457210950347
75994638.27191907,1821.8119976773035
75999965.5121273,1822.7522591258003
76005292.2206189,1823.6787637474197
76010618.36975873,1824.6294505624696
76015943.88577704,1825.4950664693154
76021269.00069916,1826.3232077802509
76026593.87311757,1827.1124640273329
76031918.35056515,1828.0786611789492
76037242.18537505,1829.038635250739
76042565.31374237,1830.0062300024213
76047887.89882095,1831.0104668569174
76053209.88878937,1831.9560525857564
76058531.27926491,1832.8530177216767
76063852.34840813,1833.7689136013885
76069172.96825783,1834.6159355819123
76074493.08281453,1835.523192748483
76079812.62963028,1836.488028251313
76085131.46733986,1837.537569871463
76090449.62096913,1838.5742309945003
76095767.15458204,1839.6593078215503
76101083.90097444,1840.6654782610053
76106400.05300358,1841.6503178076389
76111715.26411837,1841.3324248338747
76117040.38201526,1832.6159645820367
76122363.29249771,1832.671927185852
76127695.30649248,1823.4953670525447
76133025.76672642,1823.7418905075158
76138364.9286481,1814.1319472988223
76143703.4604658,1814.83168350032
76149041.76709753,1815.4942655254272
76154379.91171087,1816.1659288672352
76159717.7166505,1816.7713303463768
76165055.18955533,1817.4894799922747
76170392.2218054,1818.279972778217
76175728.71166839,1819.0371963959496
76181064.85313608,1819.8535850996857
76186400.47240308,1820.6178335783395
76191735.63410178,1821.313418998226
76197070.69160284,1821.9583533620944
76202405.4952694,1822.713255581679
76207739.8787921,1823.5126976536608
76213073.71460772,1824.295453664455
76218407.04825926,1825.1313958874453
76223739.91728033,1825.913152365902
76229072.34165376,1826.6617526137504
76234404.41310108,1827.365886856535
76239736.34594926,1828.0838415855508
76245067.87812969,1828.7664443272906
76250398.99142207,1829.5327071855081
76255729.62855074,1830.3599258303857
76261059.65556529,1831.1841739640874
76266389.24475949,1832.0643035796925
76271718.30486886,1832.8863820179217
76277046.74511676,1833.6400508621534
76282374.99658446,1834.3641998257594
76287702.96890822,1835.0568847822155
76293030.5297725,1835.9571207897884
76298357.47376671,1836.808789139016
76303683.8243143,1837.6884922807046
76309009.62825242,1838.56711837552
76314334.9197156,1839.3770829954706
76319659.73161337,1840.1696058574732
76324984.3273075,1840.975261288212
76330308.44133796,1841.6893567233355
76335632.1113786,1842.5179761985876
76340955.25389196,1843.3934058542307
76346277.71226472,1844.3222664579212
76351599.59007457,1845.2494119174169
76356920.90063241,1846.1808617808697
76362241.48349342,1847.0478676748846
76367561.69218849,1847.8839987177266
76372881.55339642,1848.7068934456602
76378200.90395492,1849.6399879032688
76383519.60954416,1850.581005901216
76388837.61744975,1851.5631149048018
76394154.986476,1852.5974182286968
76399471.29300112,1852.791843657217
76404796.42369926,1843.416516728214
76410120.61388302,1843.7243227956349
76415453.12104863,1833.8904805541654
76420785.22690193,1834.210876701928
76426125.08904801,1824.1837590945856
76431465.0186222,1824.6767989938726
76436812.13652836,1814.4839570500376
76442160.11176695,1815.1415284008715
76447507.6689059,1815.7277145217972
76452855.00884864,1816.2604768852543
76458202.32056297,1816.77028518159
76463549.45407075,1817.4191151067866
76468896.21054092,1818.0796239714964
76474242.50942089,1818.7239207760942
76479588.47607455,1819.390052969056
76484934.0821941,1819.9822103188715
76490279.37668467,1820.5427739928637
76495624.58700216,1821.1158612521756
76500969.62389489,1821.6183116214208
76506314.4231234,1822.1656845706596
76511658.92001744,1822.7636240133245
76517003.0040016,1823.443014348244
76522346.66881818,1824.0746581301375
76527690.0398399,1824.7611949126963
76533032.92216037,1825.3744130725272
76538375.52323687,1825.9409450728253
76543718.0874469,1826.4186790296144
76549060.47383201,1827.0471500335711
76554402.49608743,1827.7182545056776
76559744.0383939,1828.3896569896729
76565085.17293762,1829.0905186594325
76570425.93447891,1829.7143757828744
76575766.34046939,1830.3212254691061
76581106.56971748,1830.8847155079698
76586446.65624027,1831.459703677828
76591786.43238193,1831.978816990863
76597125.90511489,1832.5940139357647
76602464.96984215,1833.2795331959842
76607803.54742071,1833.940781114633
76613141.7943794,1834.6470558821698
76618479.55189615,1835.290605032022
76623816.91321571,1835.8867913438164
76629154.191912,1836.4093154234542
76634491.28134514,1837.0648908953115
76639827.98964182,1837.76871909151
76645164.17601779,1838.4491646545882
76650499.90132219,1839.1636613364842
76655835.21538603,1839.8364860277634
76661170.1245298,1840.4750960328793
76666504.75484219,1841.0625678056517
76671839.2687018,1841.6799199558416
76677173.38894156,1842.2357286862937
76682507.18858214,1842.881887959496
76687840.54002237,1843.580734112987
76693173.36473882,1844.2888598597985
76698505.76184867,1845.0538982547812
76703837.68121915,1845.7562031373834
76709169.07045223,1846.3964449733726
76714500.31234136,1847.0047951641702
76719831.35146403,1847.575066037268
76725162.00682434,1848.3477530498956
76730492.09704524,1849.0991408559617
76735821.64743523,1849.8571891343047
76741150.72101831,1850.5986721245038
76746479.32996967,1851.286817722861
76751807.52270846,1851.9363487226017
76757135.57224089,1852.614092419861
76762463.19830455,1853.2393694605425
76767790.41305564,1853.9422217415763
76773117.16024938,1854.694162150982
76778443.2832064,1855.4817244215808
76783768.91172421,1856.2811451612301
76789094.01933841,1857.0686014823161
76794418.4722393,1857.7869283955195
76799742.64159489,1858.4836053442027
76805066.53022723,1859.1169569505653
76810390.02675618,1859.9521642346228
76815712.88891587,1860.7866638888404
76821035.09145358,1861.6544230158574
76826356.74021862,1862.5058813278788
76831677.83428513,1863.2775646871416
76836998.38048378,1864.0410144597718
76842318.66503067,1864.844052099231
76847638.45154765,1865.537312925289
76852957.7801711,1866.340750115128
76858276.52153556,1867.1722854705195
76863594.55324048,1868.0838675452922
76868911.95184028,1868.974642073606
76874228.74380124,1869.8984081988394
76879544.78450234,1870.7508008431605
76884860.31289427,1871.5745505790212
76890175.5023606,1872.3606343197237
76895490.19916,1873.304978507146
76900804.17284302,1874.264117503742
76906117.3353903,1875.2258648627417
76911429.81935053,1876.2306100566122
76916741.59541498,1877.1904647037964
76922051.69174898,1876.1606391226394
76927372.73582926,1869.0138305196544
76932690.7630255,1868.261683100685
76938019.10018331,1860.5455699162158
76943344.93779235,1860.0398885918535
76948680.54634735,1851.9958843994011
76954014.08713984,1851.7209085918657
76959357.08741865,1843.3315308364495
76964698.9022982,1843.879396313711
76970040.40392782,1844.3870590983513
76975381.86528333,1844.8042033876177
76980723.15155005,1845.3799703979753
76986064.05151443,1846.0034284521284
76991404.46976924,1846.6094560256179
76996744.4940535,1847.2316851232838
77002084.13119029,1847.813226225965
77007423.38705918,1848.3507867131789
77012762.45868535,1848.852253138235
77018101.38769358,1849.3981954665528
77023439.97537962,1849.8665914410067
77028778.26929387,1850.4348517770582
77034116.15207481,1851.0620723143531
77039453.52687135,1851.6820648575692
77044790.55961263,1852.3329719654434
77050127.10766655,1852.927640454817
77055463.21872807,1853.4738186941604
77060799.24059094,1853.9502305858362
77066135.05190316,1854.529366822831
77071470.45204778,1855.1863038414654
77076805.35230266,1855.8027927407134
77082139.82255873,1856.4721478814267
77087473.83143465,1857.1148978757728
77092807.42989777,1857.6906924445984
77098140.72142814,1858.243254754179
77103473.8701005,1858.823512371772
77108806.63398872,1859.31613449067
77114139.08190441,1859.9057364314576
77119471.08399065,1860.547779024628
77124802.5402643,1861.198686849939
77130133.55234924,1861.8946425089953
77135464.09914164,1862.5468241085505
77140794.08629668,1863.1484463312422
77146123.8891212,1863.7088219571147
77151453.48929146,1864.2705877688632
77156782.66983065,1865.001475278726
77162111.25745523,1865.6726484366104
77167439.3285549,1866.3755434284703
77172766.93018876,1867.0975249736255
77178094.01337709,1867.736740729773
77183420.66797681,1868.3419089500826
77188747.15404083,1868.9723967815864
77194073.19030304,1869.5495077139724
77199398.82414609,1870.2108853242287
77204723.97413363,1870.9019786007452
77210048.49975123,1871.6400469312753
77215372.50498946,1872.384539188051
77220695.963589,1873.1182689814111
77226018.79464708,1873.7998624219206
77231341.28816667,1874.4476509635963
77236663.51894923,1875.0432231303064
77241985.33763978,1875.8321153330596
77247306.50114246,1876.6215471825528
77252626.98302943,1877.4287078251707
77257946.90303227,1878.2484687397855
77263266.24104397,1878.9934227174274
77268585.0083509,1879.7164932581454
77273903.47625431,1880.455385362632
77279221.44336489,1881.1336464997125
77284538.90165344,1881.92066315286
77289855.77384399,1882.712252199738
77295171.91816944,1883.5801901817472
77300487.40826103,1884.4376971145507
77305802.25985648,1885.3333566818144
77311116.33615136,1886.1593463551706
77316429.83916251,1886.9676892962862
77321742.9743575,1887.7320395039326
77327055.54369743,1888.6190083723293
77332366.54655294,1887.8090109877542
77337687.83748439,1880.630470622149
77343006.2361138,1880.1362296401974
77348334.54333606,1872.3874884113768
77353660.61647876,1871.9583941740163
77358996.43087848,1863.7352233456063
77364330.76741351,1863.461190180667
77369674.24137105,1854.878555980672
77375017.00925331,1855.3781769576806
77380359.37782346,1855.923907328912
77385701.28456442,1856.4620797726097
77391042.89592664,1857.0262584333627
77396384.0526904,1857.5386895610548
77401724.851543,1858.0022225636642
77407065.61373687,1858.4030395950863
77412406.16952303,1858.9245135464587
77417746.35617661,1859.4571383483599
77423086.09193952,1860.0085269162137
77428425.43655741,1860.6122680003352
77433764.35227072,1861.1384486960164
77439102.90482083,1861.627907309473
77444441.24508065,1862.073795141317
77449779.45057245,1862.5610969974284
77455117.3140946,1862.9769830594012
77460454.88764907,1863.502121032663
77465792.05562302,1864.0701236382813
77471128.70465116,1864.6219853430196
77476465.0287305,1865.216240711093
77481800.87754066,1865.7618027897627
77487136.2627491,1866.248500216386
77492471.55105811,1866.7041103016716
77497806.65646411,1867.1352106469824
77503141.43288822,1867.742151662973
77508475.69295618,1868.3409235454383
77513809.46814595,1868.9636443363643
77519142.78484744,1869.532007573599
77524475.70959347,1870.0672289064478
77529808.30449244,1870.5728713860608
77535140.7704988,1871.1002321283584
77540472.85405055,1871.561913524352
77545804.58242753,1872.1211657741615
77551135.87663433,1872.71806523709
77556466.59779012,1873.3294719347878
77561796.90738355,1873.9584326631975
77567126.73487626,1874.5631810088803
77572455.98978803,1875.11207014563
77577785.04985207,1875.632268123995
77583113.89773521,1876.1353336915563
77588442.3575707,1876.8244935930352
77593770.2363804,1877.4467001225848
77599097.56405,1878.0932150772041
77604424.4023443,1878.7596085389514
77609750.74956796,1879.3441154488028
77615076.66387114,1879.9208906631193
77620402.40636519,1880.5188206322582
77625727.70590404,1881.0212079632047
77631052.60445008,1881.6700578161986
77636376.9941628,1882.313515982538
77641700.72968926,1883.0139201866912
77647023.94915438,1883.708253202927
77652346.64309949,1884.4151583038918
77657668.67703821,1885.0486999136529
77662990.34498222,1885.6629128993477
77668311.73925163,1886.2287240996102
77673632.69571364,1886.9563898990464
77678953.03338748,1887.6908933644613
77684272.69753155,1888.4180154203345
77689591.80001828,1889.1974544802902
77694910.29191183,1889.9072680107352
77700228.21840315,1890.589659273961
77705545.8344169,1891.28161604666
77710862.94038151,1891.9203660642254
77716179.52348603,1892.6354534774905
77721495.54432301,1893.383800541015
77726810.84291722,1894.195085274476
77732125.46951936,1895.0053661949555
77737439.45238261,1895.84692080789
77742751.8271373,1894.950017309732
77748074.61185934,1887.7410645970567
77753394.97022349,1886.9476832461432
77758725.41828167,1879.319730690546
77764053.66959247,1878.9329101577428
77769391.2761802,1870.9564880929258
77774727.66986293,1871.5039228381413
77780063.67303747,1872.007029093958
77785399.28862809,1872.4851809430672
77790734.73259635,1872.9254694321687
77796069.96411024,1873.3866531291524
77801404.84313218,1873.817686696507
77806739.38000746,1874.3204443437176
77812073.46987556,1874.876999817436
77817407.05825312,1875.4182127968393
77822740.27618296,1875.9946059762285
77828072.96865302,1876.5082120805118
77833405.24530321,1876.995301120532
77838737.40207365,1877.4084434830384
77844069.32244548,1877.9487959964308
77849400.82335424,1878.5320944574037
77854731.76822521,1879.1057365988302
77860062.22406802,1879.7021508537828
77865392.2237113,1880.2657704482685
77870721.784851,1880.7976926753054
77876051.04076804,1881.2789612896504
77881380.11419399,1881.7885871480041
77886708.7400128,1882.2734749205704
77892036.99104518,1882.8303522949384
77897364.75193287,1883.4296111817894
77902691.93178847,1884.0313942567889
77908018.66888143,1884.6873896013303
77913344.86261532,1885.2851417563952
77918670.46873713,1885.83263746415
77923995.8781389,1886.3489212061738
77929320.9996935,1886.840461778877
77934645.7045752,1887.5136910654817
77939969.7983853,1888.1641597175058
77945293.30175579,1888.8336305007158
77950616.25324887,1889.4860868648493
77955938.70151728,1890.0974973358675
77961260.69208705,1890.677969814895
77966582.44447151,1891.2762827699898
77971903.67755872,1891.819200994166
77977224.46067093,1892.4604433967393
77982544.70454581,1893.1294155414307
77987864.25906786,1893.8422937149976
77993183.25082052,1894.5554179161122
77998501.65354197,1895.267274239066
78003819.32940906,1895.929691764428
78009135.83651336,1894.9640355608083
78014462.87358992,1887.7147422648677
78019787.39036088,1887.045123737668
78025121.76667958,1879.4738288002852
78030454.04112537,1879.0188849618266
78035795.78335954,1871.1540892559117
78041136.38508189,1871.5542223140392
78046476.6862215,1871.9353334699329
78051816.93052007,1872.3659358303755
78057156.86361809,1872.6989025022003
78062496.55255209,1873.1189451694663
78067835.89362781,1873.5611018221734
78073174.7558253,1874.0628022326732
78078513.2351326,1874.549093194988
78083851.34418069,1875.0485247370618
78089188.95375836,1875.4733746008205
78094526.33196571,1875.8738925363682
78099863.59074311,1876.2226564399166
78105200.60613714,1876.7033976749972
78110537.20551158,1877.2128823484018
78115873.3093423,1877.7174957970826
78121209.00183319,1878.238395186157
78126544.2777883,1878.6845274006555
78131879.18707918,1879.113636180532
78137213.96553855,1879.5452039772304
78142548.45438643,1879.9272904321363
78147882.6461034,1880.366053731434
78153216.45441268,1880.834274417212
78158549.77082211,1881.3669999215037
78163882.6140294,1881.8663182431098
78169215.0890673,1882.4090959801442
78174547.00209069,1882.8936733384628
78179878.55881958,1883.350632770373
78185209.99680765,1883.7292202403085
78190541.13387418,1884.2639475725127
78195871.81039624,1884.7844862971897
78201201.95998614,1885.3350564845434
78206531.65817945,1885.923343709217
78211860.85997722,1886.4480913335317
78217189.62159635,1886.9418206465532
78222518.12913959,1887.406790063932
78227846.34812604,1887.8824476861637
78233174.16863047,1888.3379370033085
78238501.58478764,1888.8797510839147
78243828.48325536,1889.4616304150477
78249154.78958172,1890.032928094839
78254480.67520535,1890.645906046977
78259805.97123371,1891.2068126008526
78265130.73764275,1891.7355398679356
78270455.31593674,1892.1982694882554
78275779.5601636,1892.765314026312
78281103.29994138,1893.3766911090245
78286426.43357943,1893.9838778325768
78291749.02445048,1894.6507971901863
78297071.02421607,1895.2716511870117
78302392.51261838,1895.853415551919
78307713.02765675,1895.2676729218615
78313043.42637834,1887.435604883243
78318371.9883771,1886.9784170651872
78323709.84184046,1878.8024524661444
78329046.75720777,1879.2567189858278
78334383.18821819,1879.7200373774006
78339719.24155267,1880.216165375698
78345054.88277465,1880.669945101352
78350390.03601292,1881.0812046555948
78355725.06712078,1881.4460881176938
78361059.94259305,1881.8290611402767
78366394.45156784,1882.36169457171
78371728.4416562,1882.8301257403689
78377061.99965028,1883.3359234832278
78382395.1457762,1883.8547392170592
78387727.84756893,1884.2974927423538
78393060.2099181,1884.699034518103
78398392.46344489,1885.1254724995579
78403724.31127106,1885.4986928871567
78409055.8435981,1885.9582876643879
78414386.96432102,1886.4402234972574
78419717.53337048,1886.9653210755628
78425047.67180142,1887.4929671591653
78430377.3638898,1888.006023352201
78435706.48747082,1888.4717130154716
78441035.38627462,1888.9021400195747
78446364.06994112,1889.3195742428297
78451692.37006852,1889.8772015547406
78457020.13634558,1890.425058312146
78462347.35458176,1890.9642576799683
78467674.11260603,1891.5439043267397
78473000.37483948,1892.0514431891174
78478326.20408233,1892.5277823563947
78483651.85465199,1893.0380144950086
78488977.05568166,1893.469656374844
78494301.85748376,1893.9837481820302
78499626.2103077,1894.5208694311682
78504949.94962378,1895.107843666933
78510273.17290749,1895.7043464608084
78515595.86862686,1896.3084894857902
78520917.93533023,1896.8579507629938
78526239.59602277,1897.3948347193877
78531560.99312043,1897.8652464724557
78536882.00792536,1898.4860800492354
78542202.41662405,1899.135247852013
78547522.14374812,1899.7811327020963
78552841.30339415,1900.4363148139917
78558159.88755369,1901.0720501651815
78563477.15099764,1900.1926436465988
78568804.82985932,1892.8405951448399
78574130.23418921,1892.1531720453304
78579465.41381265,1884.4089670928527
78584798.80719359,1883.9356802865473
78590141.4406841,1875.9649259234166
78595483.07898322,1876.3576510389723
78600824.426481,1876.7807445542446
78606165.29376513,1877.143709746843
78611505.86825213,1877.4795662546494
78616846.39659025,1877.7242571487675
78622186.74969651,1878.1173955573279
78627526.74181466,1878.5510626154055
78632866.25999603,1878.9786318603135
78638205.38252285,1879.4074196313802
78643544.14736354,1879.8049610758922
78648882.55363782,1880.1718446809223
78654220.79832546,1880.4980126455462
78659558.8653548,1880.843508173168
78664896.61311516,1881.1445347609315
78670234.06406511,1881.5343404734592
78675571.11918098,1881.9739176672979
78680907.69088417,1882.4042186341599
78686243.92955999,1882.8714059854738
78691579.6879619,1883.2729361366871
78696915.03187618,1883.6476408674469
78702250.27667049,1883.9445341465394
78707585.3264284,1884.3414626336278
78712919.9686248,1884.8410344169788
78718254.08474475,1885.2864899535891
78723587.80445124,1885.7487528286774
78728921.12237622,1886.2089990418217
78734254.00853787,1886.6241478920092
78739586.6174667,1886.9856240264949
78744919.09528294,1887.3594569281083
78750251.1712486,1887.7230743208925
78755582.91648914,1888.1526063459514
78760914.22522858,1888.617725711521
78766244.99754892,1889.0957170752006
78771575.3599962,1889.6116665738316
78776905.2416144,1890.0819528545053
78782234.58495165,1890.5066687239637
78787563.74992731,1890.8881819113565
78792892.6990256,1891.2516923231683
78798221.264111,1891.8085311393615
78803549.27609459,1892.3298280412694
78808876.75318979,1892.8501018105876
78814203.74694082,1893.3638246008727
78819530.27871372,1893.8337784905573
78824856.40791254,1894.264016059009
78830182.37647603,1894.7263901109761
78835507.87247227,1895.1326470525437
78840832.96526088,1895.617502699066
78846157.59340441,1896.1304193339329
78851481.59827082,1896.672503924871
78856805.13260825,1897.2481181438986
78862128.09653275,1897.8158072160822
78867450.43215418,1898.322031188759
78872772.02336839,1897.9431349711174
78878102.9769485,1889.67979282442
78883432.7147186,1889.5030935795148
78888771.04047541,1881.0764511719642
78894108.8012651,1881.510179201598
78899446.17218553,1881.9418164446245
78904783.16914901,1882.2991753047131
78910119.82045956,1882.63449099614
78915456.39564465,1882.9773511405044
78920792.66120546,1883.2470046692429
78926128.63953301,1883.6273385296631
78931464.27434133,1884.0055795241337
78936799.41149981,1884.4340995423042
78942134.16216666,1884.8735771566594
78947468.52141237,1885.3201779960254
78952802.3621589,1885.6981780641609
78958135.92850341,1886.0588823794653
78963469.35613726,1886.3474057227827
78968802.5401133,1886.7805865741834
78974135.26057835,1887.2363705753203
78979467.45090365,1887.7088928361434
78984799.22865888,1888.1659426486847
78990130.57973939,1888.5960146109362
78995461.50654791,1888.9795921392665
79000792.30158432,1889.349604586764
79006122.78413987,1889.7186537292446
79011452.90793447,1890.1062775311564
79016782.63419332,1890.5339203096423
79022111.86393985,1891.0223593874357
79027440.5796281,1891.4849646274274
79032768.9017179,1891.9820843322
79038096.63417356,1892.4256349096809
79043423.95486636,1892.8496496630669
79048751.11936282,1893.1810399933672
79054077.9833998,1893.659133720217
79059404.37966844,1894.1656825164675
79064730.19559328,1894.687883155152
79070055.5080406,1895.2413157224478
79075380.30061676,1895.7358675390942
79080704.62232055,1896.2044508611352
79086028.64793433,1896.6367631693088
79091352.36352095,1897.0889510474847
79096675.6156636,1897.4976752143614
79101998.43559757,1898.0108727137415
79107320.71432647,1898.5654843570971
79112642.34115914,1899.115530089005
79117963.50779283,1899.7147517778624
79123284.04449709,1900.2599393010516
79128603.32194072,1899.464958707951
79133932.82737818,1891.857981458004
79139260.38737606,1891.232968882722
79144597.46140984,1883.405510835389
79149933.28011787,1883.7931082378723
79155268.69443326,1884.219873005294
79160603.6861674,1884.6211469185262
79165938.30646974,1884.979512922203
79171272.65976684,1885.2991248744736
79176606.88577506,1885.6441124989217
79181940.73233493,1885.9208976620293
79187274.28621642,1886.2976299476927
79192607.43907338,1886.7030874035322
79197940.05361354,1887.1364209058002
79203272.29684378,1887.5660725315577
79208604.10282451,1887.988137293102
79213935.38158816,1888.360950918373
79219266.4938327,1888.6927602494334
79224597.42082262,1889.0255281989382
79229927.97014876,1889.5311364708862
79235257.98909044,1889.9670831573053
79240587.52923538,1890.4295257274434
79245916.60827461,1890.8996423898277
79251245.2417131,1891.2970542571863
79256573.50249508,1891.6893357833453
79261901.60860147,1892.1068376440305
79267229.29274464,1892.4130574066517
79272556.6322308,1892.870259742427
79277883.50654179,1893.3203212380722
79283209.78453413,1893.8245235135087
79288535.59617674,1894.339069766667
79293860.9146293,1894.8312826745896
79299185.62937059,1895.2678337306183
79304510.04706568,1895.6901439505502
79309834.2223447,1896.0475376956267
79315158.01212624,1896.5869236942558
79320481.22825597,1897.124060470063
79325803.84281117,1897.6401610027667
79331125.96109857,1898.2032487014628
79336447.53958945,1898.7050317179487
79341768.62031026,1899.1831979436765
79347089.47344646,1899.6645742570554
79352409.84528208,1900.0777597241117
79357729.75375323,1900.5829307128938
79363049.16865006,1901.114126887151
79368367.92251554,1901.7030669917967
79373686.08131137,1902.3072256063974
79379003.6661,1902.9198664258363
79384319.77207126,1901.9082217649106
79389646.21619432,1894.6872413759
79394970.45865688,1893.7764685693473
79400304.68831894,1886.1999836601062
79405636.90882793,1885.6652891069132
79410978.4550401,1877.780911080152
79416318.94704351,1878.1314826597145
79421659.09031163,1878.4497866846143
79426998.8933406,1878.7322417533642
79432338.61988233,1878.9928379952742
79437678.12232634,1879.2609055893447
79443017.32461028,1879.5129032941838
79448356.22857298,1879.8302184450217
79453694.72160862,1880.1992083357218
79459032.78253822,1880.5662431842904
79464370.50852443,1880.9567759259214
79469707.75982028,1881.2682498000759
79475044.66322276,1881.569973874609
79480381.48816033,1881.7735364731577
79485718.11891763,1882.1248732401268
79491054.38346118,1882.5226844990673
79496390.16370085,1882.9164207252093
79501725.5266241,1883.3021240848575
79507060.48851675,1883.661442602834
79512395.07107656,1883.9852087225242
79517729.46012083,1884.2707567532448
79523063.67150936,1884.5869108951554
79528397.51867594,1884.8366111119535
79533731.06393212,1885.1890507513483
79539064.17573039,1885.575449182934
79544396.7753093,1885.987917888625
79549728.97887094,1886.4104342603562
79555060.71894059,1886.7908430951743
79560391.98335904,1887.1413833087965
79565723.10927129,1887.4190832545764
79571054.05837946,1887.7539181590166
79576384.5585114,1888.2288812088943
79581714.51214102,1888.6645723826034
79587044.00874428,1889.1124241558275
79592373.05227153,1889.542802358511
79597701.64695558,1889.9349489738127
79603029.91028415,1890.275029128422
79608358.0127159,1890.6472840600052
79613685.65045944,1890.9778626391872
79619012.92734921,1891.387230702804
79624339.74115855,1891.825640102469
79629665.95355251,1892.30782766293
79634991.72879612,1892.801619736657
79640316.9787387,1893.2732715026607
79645641.6203103,1893.6895647312929
79650966.01880819,1894.0811377865962
79656290.15760054,1894.422835865766
79661613.8504298,1894.9722197289234
79666936.92816813,1895.5048480847843
79672259.40654886,1896.011390488826
79677581.39362219,1896.5334276723815
79682902.31781161,1895.9095574181779
79688232.88585195,1887.9958989170007
79693561.97220203,1887.512667050979
79698900.26344773,1879.1464543371546
79704237.76075494,1879.4603362650264
79709574.93695444,1879.7759875098816
79714911.60426152,1880.1306120629065
79720247.93388125,1880.5024680616273
79725583.85545531,1880.8738035327572
79730919.27494945,1881.1774739143953
79736254.49182615,1881.4642040566189
79741589.56778763,1881.6735444654594
79746924.3997559,1882.0655995163986
79752258.75244124,1882.460890476907
79757592.6315591,1882.8632624139036
79762926.09542325,1883.2609768813538
79768259.14556429,1883.590511192393
79773591.82004991,1883.907499438177
79778924.39152741,1884.2211266509773
79784256.61639883,1884.4590844497661
79789588.51053275,1884.7904828989574
79794920.04133403,1885.1420143932737
79800251.04801048,1885.5476434488291
79805581.61109164,1885.9696163758717
79810911.7522661,1886.3960196160908
79816241.33693276,1886.7416120458986
79821570.58607177,1887.0951911866373
79826899.70546922,1887.3370913623871
79832228.53440543,1887.7361555193013
79837556.8874385,1888.1759959245337
79842884.68192446,1888.6365647624154
79848211.98586977,1889.0940997426644
79853538.81718843,1889.5038470946056
79858865.20418288,1889.8904502645762
79864191.37816054,1890.2612666158675
79869517.19751993,1890.609008217663
79874842.61093117,1890.9563308151648
79880167.5917943,1891.3798390880975
79885492.03314178,1891.8594978165193
79890815.89045809,1892.3189881547494
79896139.30613981,1892.8397973629428
79901462.10558622,1893.2945753441647
79906784.37674375,1893.7320572765504
79912106.43792625,1894.0986345074796
79917428.11467467,1894.5684306084904
79922749.27044585,1895.0892383703788
79928069.80040349,1895.62004546631
79933389.75435622,1896.1915227987304
79938708.3379096,1895.1626378645824
79944037.2216983,1887.8477159309646
79949363.80789886,1886.978808346985
79954700.47102934,1879.2179036521966
79960035.2516883,1878.48087455437
79965379.5844867,1870.4324523577639
79970722.89088286,1870.7219932092987
79976065.73625636,1871.0258706587697
79981408.30039379,1871.3319592617377
79986750.48247814,1871.6013610655991
79992092.24401385,1871.8298576200018
79997433.95994003,1872.00075248629
80002775.54069608,1872.1893027627004
80008116.82710193,1872.5358179646487
80013457.69056281,1872.839433635073
80018798.17033315,1873.1633238785205
80024138.26347113,1873.4512662591205
80029478.04132412,1873.715322656684
80034817.58241062,1873.9369544486547
80040157.05789617,1874.176044690244
80045496.17411472,1874.3433373600485
80050835.0401492,1874.6097795766102
80056173.55655134,1874.911586345339
80061511.56665558,1875.2521256380937
80066849.25706284,1875.599352756468
80072186.53259748,1875.9259165203007
80077523.31757072,1876.1875755767937
80082859.98087886,1876.426042600901
80088196.48869802,1876.6031524730665
80093532.73170547,1876.9766846560387
80098868.46157566,1877.351488594739
80104203.72207218,1877.7075617749003
80109538.60781232,1878.0509018505418
80114873.12098742,1878.3510051456058
80120207.28509676,1878.6313274340007
80125541.36318167,1878.9152952537215
80130875.0883349,1879.0864083686831
80136208.49144489,1879.4092242419983
80141541.5345088,1879.7357497877247
80146874.02780451,1880.1017908233691
80152206.14106268,1880.4932498432056
80157537.80967735,1880.8796233654173
80162868.92570019,1881.1996959043195
80168199.80185123,1881.5098094485293
80173530.48922694,1881.7278458513276
80178860.8754672,1882.1288101838354
80184190.75067091,1882.549044199083
80189520.11889283,1882.9717300128987
80194849.01344697,1883.392011103255
80200177.44065495,1883.7404777679767
80205505.45339961,1884.086474913042
80210833.31721398,1884.4252577512077
80216160.7763886,1884.6806046120187
80221487.86755787,1885.037779167152
80226814.53198746,1885.4189261235726
80232140.61455187,1885.861804377398
80237466.21503454,1886.297347668927
80242791.33637065,1886.7708772838496
80248115.81847125,1887.1658774929763
80253439.90125208,1887.5597490645644
80258763.78045696,1887.8632968166614
80264087.26647303,1888.3226237186448
80269410.21142763,1888.7783910279725
80274732.56171921,1889.278573370203
80280054.3843321,1889.7992346041285
80285375.63038948,1890.2606747201635
80290696.36508484,1890.7020803497005
80296016.8120119,1891.131708596032
80301336.81520443,1891.5315914914515
80306656.34531203,1891.9294620096634
80311975.3680189,1892.4205377022213
80317293.75966154,1892.9712959974706
80322611.47454329,1893.5245985963393
80327928.64221957,1894.1245412937474
80333245.10668917,1894.6543437177986
80338560.9350297,1895.1785323049776
80343876.46485218,1895.6187761004117
80349190.64810042,1894.4439861577837
80354515.26751782,1887.3556262722636
80359836.99202728,1886.4379123371875
80365168.81960078,1878.8604780803635
80370498.40439172,1878.156734547934
80375837.64174432,1870.1395120937136
80381175.80965403,1870.3395593876367
80386513.85705315,1870.553928092217
80391851.52373016,1870.7256915828668
80397188.94782992,1870.9840173872462
80402525.98249803,1871.2848018504328
80407862.52954803,1871.6074130703012
80413198.72694978,1871.9506422388235
80418534.49089642,1872.2574364105542
80423869.78374891,1872.5230134523945
80429204.96707092,1872.7231803535497
80434539.97845362,1872.9727607626598
80439874.58505958,1873.355783362389
80445208.69784158,1873.692414837471
80450542.40790085,1874.0531734027188
80455875.68783855,1874.39657048959
80461208.54817867,1874.700160430118
80466541.10706878,1874.9541456442403
80471873.55319664,1875.2405556661708
80477205.55428007,1875.4341188441701
80482537.25689211,1875.7348993033218
80487868.54752329,1876.0711969406805
80493199.26555935,1876.4557438581821
80498529.58434509,1876.8560534200255
80503859.44694275,1877.2150626407347
80509188.7361888,1877.5402836434405
80514517.82281268,1877.8291795156642
80519846.70039694,1878.0621997380924
80525175.19479361,1878.5016117194089
80530503.12007587,1878.928511527296
80535830.5133262,1879.323869060724
80541157.4539111,1879.7501831035352
80546483.912077,1880.1138089709273
80551809.95727599,1880.4580206590917
80557135.84256312,1880.8217806703078
80562461.2474621,1881.0802971100115
80567786.24296089,1881.4440440066855
80573110.80385062,1881.843809135193
80578434.73594408,1882.2881387745415
80583758.1594089,1882.7743848593518
80589081.06402285,1883.2441134599367
80594403.3073311,1883.6618130521244
80599725.17071891,1884.0730174892235
80605046.75546975,1884.3721937233356
80610367.94131961,1884.8804902535003
80615688.487368,1885.4021904091571
80621008.37184519,1885.929726050063
80626326.90606447,1884.860520031753
80631655.77999397,1877.4353521135217
80636982.11399843,1876.5160740811723
80642318.70651491,1868.6174880862243
80647653.34812695,1867.816226511815
80652997.64092444,1859.556958246897
80658340.87797736,1859.7691010426968
80663683.70540895,1860.047166583175
80669026.16393283,1860.3047572620148
80674368.30469967,1860.5963496765914
80679709.97145832,1860.802270459562
80685051.36730184,1860.9987353887173
80690392.72136019,1861.0915039123197
80695733.87708727,1861.3364440417668
80701074.6627502,1861.6291156070686
80706414.99583176,1861.9261374268458
80711754.96049163,1862.192786414727
80717094.56846647,1862.438690571162
80722433.83348522,1862.6554483643754
80727773.00001381,1862.8636347198872
80733111.92775804,1863.0347696014744
80738450.5624579,1863.1844411744673
80743788.88557464,1863.4259121383852
80749126.79280223,1863.727466615842
80754464.24214652,1864.0300214061942
80759801.3422452,1864.3701212782848
80765137.96984783,1864.628298921355
80770474.19378735,1864.87492496002
80775810.34359576,1865.0220463012745
80781146.2858168,1865.3122803278184
80786481.76444928,1865.65573574938
80791816.75259496,1865.9508759711557
80797151.379862,1866.2738994983672
80802485.58445057,1866.587845854369
80807819.37451337,1866.8624810740166
80813152.9526406,1867.0828816724502
80818486.35471955,1867.3178285456543
80823819.32502693,1867.5027966540702
80829152.00763978,1867.78583374246
80834484.25352018,1868.1108707424517
80839815.95798868,1868.4632767372912
80845147.27071235,1868.839335070428
80850478.08994037,1869.1782384290434
80855808.38640617,1869.4783881292053
80861138.52640691,1869.7087590052474
80866468.43529981,1869.9751233830248
80871797.88735357,1870.3896938155465
80877126.80209501,1870.7807110333586
80882455.23903538,1871.1846790585523
80887783.17827184,1871.5583483883388
80893110.65145557,1871.9061827754379
80898437.7672981,1872.2033824659509
80903764.71091339,1872.5391096176804
80909091.13671917,1872.7699043625294
80914417.19783644,1873.117632704325
80919742.77822834,1873.504386821678
80925067.75003037,1873.935402607948
80930392.225185,1874.4090843386418
80935715.57707246,1873.6952990745722
80941048.5318397,1865.4652312670698
80946379.8613335,1864.8413926619128
80951720.72266312,1856.1241973328908
80957060.7487184,1856.4328008586717
80962400.28139195,1856.7286585740508
80967739.3877933,1857.0039599967017
80973078.14090116,1857.2865751829913
80978416.52834243,1857.5080126259127
80983754.60915923,1857.7123084678728
80989092.64438821,1857.9252176607354
80994430.31371158,1858.025386552963
80999767.69479358,1858.2303383235471
81005104.76197152,1858.4774040731702
81010441.3280143,1858.7667477416971
81015777.50536157,1859.0915344035232
81021113.29551773,1859.3908731154515
81026448.56156304,1859.6381003065765
81031783.59606528,1859.8685502261985
81037118.50003316,1859.9804834211009
81042453.13686419,1860.3202682284816
81047787.26884879,1860.6611029248645
81053120.92695683,1860.9735447499208
81058454.18997721,1861.312635871538
81063786.99424006,1861.5942287627306
81069119.42035545,1861.832848853406
81074451.75540417,1862.1073077907997
81079783.6659192,1862.297272049205
81085115.26254912,1862.5257689016305
81090446.48981531,1862.8237054675851
81095777.1854586,1863.1838776098157
81101107.41595651,1863.5532828849177
81106437.20506227,1863.9466131099796
81111766.4190401,1864.2471288619413
81117095.24899548,1864.5468390961883
81122423.93707554,1864.751474745896
81127752.28237347,1865.093142929524
81133080.11867473,1865.4931144380648
81138407.38858497,1865.904925740424
81143734.17387305,1866.2820465054474
81149060.47237366,1866.6452116826592
81154386.30364114,1866.9877328781663
81159711.91416124,1867.3252524514676
81165037.14090289,1867.6094036362533
81170361.93586469,1867.8849985798233
81175686.27615884,1868.2590471994972
81181010.05295028,1868.697756665759
81186333.2229673,1869.1446674161198
81191655.88802333,1869.6354010116152
81196977.91503385,1870.0504956978023
81202299.38467367,1870.4592684178544
81207620.60564125,1870.7636110954356
81212940.89990166,1869.9701031575894
81218270.95920831,1861.7603297734677
81223598.89488441,1861.245971175637
81228936.16623169,1852.6349417842525
81234272.3183641,1852.8780682988843
81239608.10180809,1853.1275813295272
81244943.67547509,1853.3117367928476
81250279.10375848,1853.5127188424624
81255614.1291061,1853.6600214854316
81260948.84293899,1853.9136091007322
81266283.1459503,1854.208075777685
81271616.90525046,1854.5289813186937
81276950.32137978,1854.8840038880467
81282283.23009124,1855.1870895854913
81287615.62998146,1855.4402896412132
81292947.90180598,1855.6270140691404
81298279.95136856,1855.8282737166721
81303611.6027728,1856.1911571326339
81308942.75249742,1856.5384940377198
81314273.4358142,1856.9067828411644
81319603.63328817,1857.2263963123003
81324933.40514728,1857.5282299564426
81330262.82805899,1857.7937205971798
81335592.10252726,1858.0666396416855
81340920.91896516,1858.2510637372102
81346249.34400785,1858.5547579389497
81351577.35940155,1858.9035641509593
81356904.76788166,1859.2696856731445
81362231.73835404,1859.6944998369158
81367558.1846095,1860.0884404320286
81372883.9958861,1860.4272340123455
81378209.55131671,1860.750231101949
81383534.84167925,1860.9817150658648
81388859.71499348,1861.39901097475
81394183.98256849,1861.8303704484954
81399507.70808297,1862.2801563628034
81404830.87626173,1862.723977220257
81410153.51302737,1863.09519554403
81415475.68315335,1863.4764070481287
81420797.64725804,1863.8632720483647
81426119.07125236,1864.1400679874432
81431440.0357481,1864.5297488421716
81436760.47630373,1864.9641448963869
81442080.23016517,1865.467966672319
81447399.37966374,1865.9948182174617
81452717.9654432,1866.5142119915658
81458035.79935879,1866.985095094178
81463353.16457088,1867.4450182402115
81468669.46839991,1866.3752836885076
81473996.04438668,1858.4262760998088
81479320.04562134,1857.6699849863392
81484653.78253116,1849.2535532757756
81489985.64118193,1848.7138169063235
81495326.7854031,1839.8717371647704
81500666.96664731,1840.0310671609104
81506007.09999284,1840.2112297343017
81511346.90249386,1840.299319108206
81516686.46771918,1840.425889863896
81522025.71977429,1840.6304040712537
81527364.53379546,1840.8980477234127
81532702.91625391,1841.1607981909058
81538040.95747524,1841.4607387110195
81543378.5122086,1841.6851851754275
81548715.71445672,1841.887882336128
81554052.85768625,1842.0065481729177
81559389.73104842,1842.2210287233038
81564726.17913061,1842.4989786819453
81570062.16951197,1842.8208670266579
81575397.77777126,1843.1187401846978
81580732.9334723,1843.3740852246988
81586067.70924887,1843.5977686106237
81591402.338705,1843.8238573758483
81596736.68351252,1843.9838470415116
81602070.68817163,1844.1236941604175
81607404.34411067,1844.3796830907302
81612737.56232843,1844.703064527834
81618070.2263608,1845.0195053982868
81623402.55403587,1845.3563587418744
81628734.33233066,1845.6530270784158
81634065.63414505,1845.9116130923555
81639396.83121812,1846.0805288609547
81644727.74404672,1846.3466703337863
81650058.1857763,1846.6985567967008
81655388.09630151,1847.0240383372623
81660717.5647208,1847.3939836158902
81666046.53128575,1847.7234646484653
81671375.05453119,1848.0335195219918
81676703.30428474,1848.3036473399416
81682031.30446541,1848.5888942351444
81687358.81058347,1848.742537650694
81692685.96759616,1849.0686073468376
81698012.64176257,1849.424957355406
81703338.67310505,1849.8226438269678
81708664.2730643,1850.245053602609
81713989.30233964,1850.6396602963407
81719313.71995546,1850.9924230836289
81724637.91069202,1851.2804345706581
81729961.8031301,1851.5881006446054
81735285.16802715,1852.043714249882
81740607.89311789,1852.472940859318
81745930.08484943,1852.9173438675443
81751251.6913516,1853.3852488818106
81756572.103143,1852.5181371214715
81761902.60127035,1844.01009127691
81767231.23492646,1843.3040762041642
81772569.37001431,1834.261128950273
81777906.41190755,1834.4508593547057
81783243.11294469,1834.6908756600583
81788579.30643624,1834.9721511991952
81793915.1127374,1835.2860062521668
81799250.4949339,1835.5503142460732
81804585.34314333,1835.7695762916696
81809920.00637515,1835.9681182331858
81815254.53540932,1836.062654260387
81820588.72334968,1836.4073843631913
81825922.37132427,1836.7157938223918
81831255.55627458,1836.999090710606
81836588.34771562,1837.3249266477496
81841920.7013908,1837.5842717491344
81847252.67262748,1837.8365433039826
81852584.54786567,1838.0824116230544
81857915.98123108,1838.2199186360745
81863247.06488551,1838.4469762975255
81868577.75939292,1838.734140873822
81873907.89944224,1839.0839045853738
81879237.55279233,1839.4400617026592
81884566.76031777,1839.804666490328
81889895.38056263,1840.1098121686223
81895223.6368379,1840.3957934796842
81900551.72931734,1840.606250338217
81905879.43015477,1840.9806222678044
81911206.54077649,1841.3552752737278
81916533.093948,1841.7645641475988
81921859.17716902,1842.1499093672812
81927184.72423023,1842.5053835220351
81932509.79268707,1842.8275527112141
81937834.68377993,1843.1675046010073
81943159.09437624,1843.4203943819869
81948483.06573625,1843.7142107192267
81953806.568334,1844.0873126836207
81959129.46337771,1844.5321807733326
81964451.76846188,1844.9970202228476
81969773.51720251,1845.48635401914
81975094.5963656,1845.8977932692208
81980415.13442273,1846.3093379186248
81985735.42116395,1846.6187655934427
81991055.29321212,1847.0167501710762
81996374.54458535,1847.5311698597468
82001693.08742414,1848.0837115208992
82007011.00488137,1848.6072247532984
82012327.48942387,1847.4715206107758
82017654.41933379,1839.4021668283754
82022978.8699193,1838.4215797939437
82028313.5133624,1829.75494779789
82033646.03174393,1828.9105174886083
82038988.22345933,1819.9054924579111
82044329.20538796,1820.1411610669272
82049669.69015834,1820.3813610530933
82055009.89950296,1820.6568805735644
82060349.62452453,1820.8719491511367
82065688.9205322,1821.0457624168464
82071028.16341224,1821.1372000632132
82076367.21862967,1821.2790269533862
82081705.8892772,1821.5309615323797
82087044.09359087,1821.8101236523398
82092381.88443258,1822.0885489168445
82097719.25462034,1822.3024585719254
82103056.25902504,1822.5195499778708
82108393.04554759,1822.6855989605813
82113729.67786896,1822.8829929219214
82119065.89771947,1822.9499713200817
82124401.80916081,1823.1733413717736
82129737.32893513,1823.4352731898039
82135072.286727,1823.716522262817
82140406.90550457,1824.0463352146974
82145741.02378982,1824.3267566035631
82151074.6175899,1824.5588878988942
82156408.06195143,1824.7326237771517
82161741.35371375,1824.8625398555866
82167074.24019352,1825.2344635112127
82172406.5226586,1825.5782854522556
82177738.33051047,1825.8883651569793
82183069.7060132,1826.1890520720085
82188400.65092447,1826.469955583549
82193731.22764923,1826.730351402425
82199061.66724819,1826.9593047092387
82204391.62721065,1827.0850242391828
82209721.21700141,1827.3542065101783
82215050.39532623,1827.6721375227376
82220378.96052009,1828.0199891414948
82225707.07769082,1828.4181878438274
82231034.68068017,1828.7967042632215
82236361.64033996,1829.1107925180243
82241688.31899878,1829.4254542557687
82247014.77712281,1829.5972432620097
82252340.79769033,1829.9992100682973
82257666.18444999,1830.4019551968058
82262991.03988692,1830.8390078841403
82268315.33717917,1831.2768827395678
82273639.08667365,1831.6367223071234
82278962.35000977,1832.006774190274
82284285.41394244,1832.363589249593
82289607.88891271,1832.6134258299758
82294929.923963,1832.9818524952184
82300251.45997536,1833.3944286039898
82305572.30221227,1833.8794616501807
82310892.0205009,1833.2469362320771
82316221.4420976,1824.225190852115
82321548.74483246,1823.7051869986185
82326885.39592755,1814.1175565183612
82332221.30579714,1814.2223819162894
82337556.95402469,1814.4587355539427
82342892.11108215,1814.7186095200618
82348226.77861902,1815.035933423245
82353561.03953643,1815.3421787277016
82358894.8417128,1815.5857299860327
82364228.26405443,1815.8227921025668
82369561.5560857,1816.0627508833327
82374894.45479378,1816.1605078437804
82380227.02206998,1816.3383651246063
82385559.21578854,1816.5941045657494
82390890.90275483,1816.9123653016106
82396222.07782727,1817.2366638372919
82401552.83478895,1817.5959055749547
82406883.03180072,1817.8927958686704
82412212.76752977,1818.1699255553885
82417542.36655715,1818.3586688234004
82422871.67449968,1818.620089848835
82428200.46173693,1818.94668934618
82433528.68932144,1819.341041521871
82438856.39100927,1819.744950669738
82444183.5547176,1820.0609818307416
82449510.26447357,1820.3963466125047
82454836.72157522,1820.6803974085465
82460162.79801929,1820.9740670958106
82465488.40221678,1821.159835136509
82470813.58168288,1821.510368574087
82476138.2407704,1821.9242957517158
82481462.22676332,1822.3475115056085
82486785.74278983,1822.7959964655656
82492108.61987346,1823.2126249935113
82497430.86240524,1823.6053340693484
82502752.88043538,1823.9181888632336
82508074.52992336,1824.3056866469708
82513395.5576211,1824.759337944659
82518715.89049964,1825.2458562197048
82524035.65523645,1825.776917423225
82529354.79351561,1826.2666043183876
82534673.31823166,1826.7379763421573
82539991.39983791,1827.166688174383
82545309.09965162,1827.619764061946
82550626.11409265,1827.9426728969793
82555942.63538729,1828.4234103040396
82561258.52883123,1828.9709578134305
82566572.99257694,1828.2725367769538
82571897.43379368,1819.3686549152476
82577219.46452597,1818.8160710318123
82582550.85413861,1809.2528504539403
82587880.79937784,1808.7631683930804
82593220.04755351,1798.6168779560946
82598558.54943673,1798.9239433992182
82603896.50062509,1799.1829725748917
82609234.0286021,1799.4441467838844
82614571.15842882,1799.704408980885
82619907.89613521,1799.9149299196793
82625244.32111226,1800.1065944178843
82630580.67845796,1800.2963313511423
82635916.56041239,1800.3537800641523
82641252.15132351,1800.5239457755586
82646587.4032993,1800.7640839448854
82651922.121747,1801.0435030092115
82657256.44089103,1801.3525973747228
82662590.32984857,1801.655147600012
82667923.6374792,1801.8895913225433
82673256.69943531,1802.1218109206613
82678589.64295408,1802.2162663909114
82683922.22848153,1802.5593972893341
82689254.2231104,1802.8620513039498
82694585.71741188,1803.1917914443843
82699916.78986947,1803.5302459091802
82705247.35415344,1803.8139862091616
82710577.51455294,1804.0660865618227
82715907.55845094,1804.350898293803
82721237.09674747,1804.4751966693195
82726566.25363994,1804.7324666737245
82731895.02058771,1805.0381309678405
82737223.20831758,1805.4136957093656
82742550.90499388,1805.8196181039548
82747878.09003162,1806.2289854355013
82753204.63754739,1806.5578920111575
82758530.76015213,1806.8904801690044
82763856.68404591,1807.0994378848327
82769182.2580903,1807.4468312098975
82774507.20401196,1807.8847793118364
82779831.4929103,1808.343777920802
82785155.2546282,1808.774566580888
82790478.45933478,1809.1732967533721
82795801.14989662,1809.5691622479071
82801123.57602477,1809.9606243130713
82806445.5016458,1810.2347037601014
82811766.91022408,1810.5598232483735
82817087.8217257,1810.9831075211528
82822408.10850073,1811.475646661243
82827727.73130079,1811.9835068989125
82833046.80388975,1812.5633562235735
82838365.110953,1813.0618007984679
82843682.2144642,1812.4331409973843
82849009.36540282,1802.7880213400333
82854334.62297417,1802.2847250905588
82859669.07687692,1792.2252583092716
82865002.08251752,1791.9470231589767
82870343.80995707,1781.5367861994096
82875684.95336077,1781.716174590669
82881025.7591501,1781.8955130090455
82886366.42738712,1782.027349136239
82891706.88315032,1782.1500658646364
82897046.98176502,1782.16742215691
82902386.79065742,1782.3504696668072
82907726.24500729,1782.5977376272265
82913065.18657334,1782.8339856964444
82918403.82007214,1783.1378254058307
82923741.9534306,1783.3649210595943
82929079.60568647,1783.5579814287742
82934417.18688962,1783.6879444032197
82939754.56772965,1783.8257625718381
82945091.5673561,1784.0628198825539
82950428.05343817,1784.3565314373814
82955764.09563503,1784.6634652841665
82961099.69783898,1784.9088093858652
82966434.90227412,1785.1501198335366
82971769.84243992,1785.3423129457894
82977104.63725127,1785.5049430739723
82982438.94176587,1785.5882915604827
82987772.9443832,1785.789990727491
82993106.5763942,1786.0735507225681
82998439.64607093,1786.3759737411335
83003772.33098811,1786.729121237496
83009104.50974654,1787.0522457435643
83014436.09651393,1787.3157607601252
83019767.47694826,1787.555430103063
83025098.69124272,1787.709525259159
83030429.47821976,1788.0895237524987
83035759.637057,1788.4240467244867
83041089.30223282,1788.8100145391707
83046418.45985305,1789.1682743798399
83051747.14908928,1789.4852553938572
83057075.42778724,1789.779064793901
83062403.5480597,1790.05768373068
83067731.0910583,1790.2142874893566
83073058.28413583,1790.5161159476825
83078385.01117803,1790.8707104240902
83083711.10393365,1791.282294819772
83089036.70513539,1791.7117239106221
83094361.77199668,1792.1561402390641
83099686.13573639,1792.5263809955597
83105010.13857436,1792.9054738670745
83110333.86383988,1793.1305864432904
83115657.21640895,1793.5381661969636
83120979.88081083,1794.0072311263682
83126301.88528262,1794.5408893460228
83131622.7988694,1794.0563884216833
83136953.25086918,1784.0072837558794
83142281.96821459,1783.585573781459
83147620.07719694,1773.0539372325554
83152957.27647646,1773.0370389822485
83158294.1956187,1773.1788852528762
83163630.7931472,1773.392486205927
83168966.9094452,1773.6800750293032
83174302.57811709,1773.9671529536172
83179637.85575129,1774.2840943555243
83184972.56973079,1774.5424153083818
83190306.92158139,1774.782391560654
83195641.16423976,1774.92631323659
83200975.14559394,1775.1737480250922
83206308.55106358,1775.4592855414753
83211641.4324105,1775.7996975975661
83216973.91502336,1776.1532669541066
83222305.87557264,1776.4346218327985
83227637.42438453,1776.71619929912
83232968.81047714,1776.9788424061035
83238299.78414093,1777.106531332581
83243630.37622643,1777.2878947918368
83248960.55747919,1777.5843583063604
83254290.24149133,1777.971938914066
83259619.36201942,1778.329486147851
83264948.07482848,1778.762396460083
83270276.1448891,1779.1175770716723
83275603.67839178,1779.4542245967473
83280931.0607926,1779.7112150311586
83286258.06007022,1780.0359986007206
83291584.52409513,1780.4062967487266
83296910.36098842,1780.836975435401
83302235.66600092,1781.2893461686442
83307560.38267222,1781.6917786839122
83312884.58806437,1782.0863958773668
83318208.49100278,1782.4552574918616
83323531.97295743,1782.7902254177316
83328854.89741805,1782.9759820106137
83334177.37785316,1783.3962194733704
83339499.32810643,1783.8686246023387
83344820.57311407,1784.3538682006215
83350141.283544,1784.905059199994
83355461.31945698,1785.4030464191303
83360780.62979017,1785.8867667512611
83366099.63295309,1786.3152621118913
83371418.25850356,1786.7615529561535
83376736.18839815,1787.3419870093094
83382053.35277149,1787.9002057364019
83387369.2277849,1787.1760510411193
83392695.13100295,1777.5545141375708
83398018.58872809,1776.9841956543821
83403351.79379545,1766.6570731611191
83408683.518181,1766.1563924798445
83414024.26208393,1755.1837590520238
83419364.28177638,1755.32646097615
83424703.97976798,1755.5524515819995
83430043.16670704,1755.8260758896542
83435382.00230525,1756.1224818193718
83440720.39717734,1756.3819997359078
83446058.24703257,1756.5928966784359
83451395.92035079,1756.7795155921553
83456733.48758365,1756.8960500274309
83462070.66976558,1757.228069144463
83467407.28363796,1757.4765036532624
83472743.44743365,1757.7651845310181
83478079.19419025,1758.0626450200898
83483414.52588314,1758.3191657475838
83488749.5064593,1758.5440392200562
83494084.40321082,1758.7654358012246
83499418.74480374,1758.8193848444228
83504752.81297466,1759.0110928035178
83510086.51927297,1759.2854819399818
83515419.68267794,1759.634681248588
83520752.37028545,1760.0008469621566
83526084.62265535,1760.3585322737572
83531416.25607124,1760.6804387487848
83536747.55338219,1760.9671838102754
83542078.67603087,1761.1767031503045
83547409.42866436,1761.5564230901985
83552739.51635896,1761.911705797916
83558069.06947905,1762.3070214300817
83563398.17075634,1762.7086413606619
83568726.72161084,1763.0486589531836
83574054.81434818,1763.3825965731692
83579382.751909,1763.7077216182665
83584710.13007961,1763.8588101150535
83590037.08652796,1764.132542965895
83595363.6262046,1764.5005790504224
83600689.58949381,1764.945234564721
83606014.97639257,1765.4350415827844
83611339.83528675,1765.9123786476387
83616663.99574183,1766.3301673004134
83621987.64139517,1766.7537029958303
83627311.04455003,1767.0517587110016
83632634.08581436,1767.4943950700253
83637956.39997996,1768.0032117193282
83643278.00528412,1768.5350234150217
83648599.04226187,1769.055263493406
83653919.44896516,1769.574791996162
83659239.23959641,1770.064243826109
83664558.72812128,1770.5222356747956
83669877.62417987,1770.9118108120822
83675195.46143143,1770.3199597280386
83680522.85298371,1759.6725529067176
83685848.42698379,1759.4437723469412
83691182.86053821,1748.2869214485079
83696516.23587157,1748.2135767866005
83701857.92882517,1736.5781057657314
83707199.25234738,1736.7773309095207
83712540.52270103,1736.8992693171247
83717881.61914898,1737.0836507452605
83723222.27973446,1737.3179328110718
83728562.41482408,1737.6324446312713
83733902.1428105,1737.9084642494413
83739241.45037648,1738.1426644264016
83744580.37322935,1738.363815802088
83749919.13433053,1738.5420467838408
83755257.64413077,1738.6680276952802
83760595.76009017,1738.6844607899093
83765933.5690264,1738.896414226172
83771271.02715716,1739.1814203607087
83776607.96497633,1739.4785407136512
83781944.53593962,1739.8398362641765
83787280.61329135,1740.1324414141027
83792616.13954736,1740.3966026628862
83797951.52409977,1740.5680010453293
83803286.75366376,1740.7881426549907
83808621.48304756,1741.1722589645428
83813955.61855476,1741.50090275561
83819289.30767363,1741.8332059322684
83824622.53380558,1742.1626603556583
83829955.29640874,1742.481354654576
83835287.7605608,1742.7430844358717
83840620.04449768,1742.97824437396
83845951.74940003,1743.0614368573565
83851283.15058008,1743.3162685798995
83856614.15844531,1743.6655268544162
83861944.55736566,1744.0576822644969
83867274.52777247,1744.49038927033
83872603.94474556,1744.8900270779145
83877932.721944,1745.2449065748986
83883261.20902513,1745.5777833124391
83888589.4955158,1745.8621129693706
83893917.30623202,1746.3318012432378
83899244.41428396,1746.7232216618122
83904570.96940805,1747.2234480631323
83909896.94875555,1747.674278286037
83915222.3947217,1748.098052395575
83920547.3744512,1748.4885392136832
83925872.15470402,1748.863883422149
83931196.26930346,1749.0830439831886
83936519.92354266,1749.4567663252876
83941843.1224084,1749.9246191167852
83947165.64547321,1750.4465236808853
83952487.6076359,1751.048979655141
83957808.94698271,1751.6184230550273
83963129.0868919,1751.3038705490783
83968458.6279775,1740.112940557133
83973786.88649032,1739.7366673775668
83979124.05364622,1728.0309682504717
83984460.40146379,1728.356373014792
83989796.2350701,1728.7065874461057
83995131.6246156,1729.0483820451407
84000466.56162612,1729.3249219061304
84005801.1044331,1729.6229455192472
84011135.55904576,1729.8719976644866
84016469.5251763,1729.9354584244047
84021803.11282405,1730.1062370846544
84027136.38298161,1730.4020343109469
84032469.15887392,1730.789303503018
84037801.41599697,1731.1748553369225
84043133.25556144,1731.5946311476541
84048464.46052174,1731.9581370049764
84053795.20957527,1732.3093645577583
84059125.79111204,1732.5429605731301
84064456.0983756,1732.917092364782
84069785.78415814,1733.3201666222335
84075114.83821554,1733.8273439237896
84080443.3642355,1734.2598610947548
84085771.35722613,1734.661921485567
84091098.83754401,1735.0757944200914
84096426.10122651,1735.4367167793814
84101752.8621449,1735.661095448497
84107079.18038622,1735.91191369918
84112405.03756486,1736.3179153548153
84117730.35943381,1736.8355707449987
84123055.03508797,1737.3444336225014
84128379.21367577,1737.9200673549822
84133702.69780307,1738.4281113739387
84139025.51112999,1738.9167949675116
84144348.06351914,1739.3496059808601
84149670.21426155,1739.7982863385482
84154991.75717685,1740.3406125981808
84160312.51962654,1740.932023608369
84165632.66908641,1741.5253232386988
84170952.15625556,1742.1244832009854
84176271.00837775,1742.6929196512565
84181589.44536616,1743.2407386404227
84186907.37708457,1743.7031535927567
84192224.6198382,1744.030354357809
84197541.34914503,1744.6407558717533
84202857.45469773,1745.3233147467035
84208172.68826823,1746.0695712995025
84213487.29496957,1746.8401053938987
84218800.62207349,1746.60407363952
84224123.27524823,1735.4816684932257
84229444.19691968,1735.2674063762372
84234774.32277788,1723.3804400090416
84240103.20093141,1723.410765558699
84245440.30856574,1711.0919315961348
84250777.023386,1711.4511884106687
84256113.28801693,1711.7849160246901
84261449.11196771,1712.1007339960674
84266784.64978555,1712.3754138744744
84272120.04874839,1712.6268478165962
84277454.85859773,1712.6396690229628
84282789.4179131,1712.8755555947905
84288123.63912039,1713.223024140461
84293457.28472623,1713.6292117587868
84298790.52293211,1714.0846495733954
84304123.2362412,1714.5012909732106
84309455.32356997,1714.871111113016
84314787.1117623,1715.2161791991266
84320118.71224104,1715.5098917900066
84325449.88979681,1715.9771991141577
84330780.38289915,1716.382983145844
84336110.37724788,1716.8295432143734
84341439.87262282,1717.322536469516
84346768.8012782,1717.7216928175405
84352097.29176754,1718.1337635881173
84357425.61680238,1718.5042719508665
84362753.29420231,1718.6536864139039
84368080.57299669,1718.9862290918447
84373407.45658794,1719.4282197190291
84378733.72594692,1719.9593162412082
84384059.43831801,1720.5482714763712
84389384.60272734,1721.1135242162968
84394709.03286989,1721.6251555695048
84400032.97228524,1722.1346893627906
84405356.66486397,1722.5267365104576
84410679.90255782,1723.1235986009267
84416002.37198463,1723.722931002299
84421324.13973396,1724.3240959797965
84426645.287021,1724.9365810390884
84431965.80264717,1725.4974464632946
84437285.72831722,1726.1044774108752
84442605.36859721,1726.6323118157325
84447924.3209378,1726.999163408427
84453242.689631,1727.4833285329903
84458560.52605832,1728.0918211109233
84463877.64970562,1728.8055395682609
84469194.06685291,1729.547562568601
84474509.80785343,1730.3836451593413
84479824.6909732,1731.133823845941
84485138.36804885,1731.0142383152179
84490461.6291379,1719.2912213342347
84495783.29470716,1719.207148579853
84501113.58268301,1706.8932174984614
84506442.75261584,1707.0297153682307
84511780.04941095,1694.2051035756672
84517117.13089205,1694.5403186274289
84522453.8183833,1694.8799842509775
84527790.34516564,1695.179756034631
84533126.51748605,1695.3178831339314
84538462.28783464,1695.4196292485344
84543797.73163334,1695.7171778574034
84549132.79227725,1696.1510122096581
84554467.27848206,1696.5995716163497
84559801.3597968,1697.079527148617
84565134.8914603,1697.5172274022425
84570467.81505454,1697.9114973621731
84575800.56659971,1698.2477073200173
84581133.0691718,1698.5902565204099
84586465.09110297,1699.010732980015
84591796.47332221,1699.4989979776897
84597127.34194712,1700.037019141845
84602457.64640307,1700.4675857420752
84607787.4740349,1700.9426377518648
84613116.96921033,1701.3466282130985
84618446.1537637,1701.653231716082
84623774.75718555,1701.7846599959066
84629103.01290092,1702.2091153749227
84634430.82508962,1702.719941609108
84639757.93289839,1703.2669341973315
84645084.59582046,1703.8798404503414
84650410.64785655,1704.4711168605454
84655735.96012552,1705.0077146997514
84661060.95085865,1705.5107928206346
84666385.61570328,1705.9840855780546
84671709.71683668,1706.560684811613
84677033.10501984,1707.1493820547548
84682355.8781086,1707.8209230860027
84687677.97920895,1708.4341259414175
84692999.45472905,1709.0407272283478
84698320.44326787,1709.618757484866
84703641.11693475,1710.162815115416
84708961.00048736,1710.4418020429378
84714280.44388162,1710.9904269041251
84719599.33309427,1711.647669272739
84724917.45666508,1712.420043985329
84730234.88573928,1713.202170135582
84735551.65608442,1713.9966639950223
84740867.53504094,1714.7754559989546
84746182.816204,1715.5240044206473
84751497.32105441,1715.3681363182511
84756821.03399657,1703.3571812269333
84762142.90259574,1703.4818614408239
84767473.25192653,1690.769067293279
84772802.74811612,1690.951414740442
84778140.17452203,1677.5959050953888
84783477.64604409,1677.961454696605
84788815.06174438,1678.2606080272697
84794151.92908356,1678.3449111596242
84799488.492353,1678.537715948561
84804824.7486426,1678.8958440409083
84810160.51469494,1679.3817781892085
84815495.79881847,1679.8979205033759
84820830.64015315,1680.4236888627674
84826164.84286958,1680.8655837104652
84831498.61318554,1681.2946295459124
84836832.2332814,1681.5788477311373
84842165.54008913,1682.0856039196747
84847498.20911972,1682.5690397566473
84852830.27839907,1683.0855157599437
84858161.90488759,1683.587767335127
84863492.97616923,1684.0781800000564
84868823.57057905,1684.544130064262
84874153.99098192,1684.9913859580913
84879483.84347495,1685.2162145979898
84884813.26103717,1685.458804091076
84890142.32524523,1685.9009525853808
84895470.87279706,1686.4607520907143
84900798.82257763,1687.0709677661168
84906126.24176562,1687.7209435581713
84911453.01579724,1688.3180811001514
84916779.15323097,1688.885586494018
84922105.0440011,1689.3529361961937
84927430.60777098,1689.934114942781
84932755.47289819,1690.5643597569008
84938079.58972983,1691.2762881878573
84943403.14536649,1691.928239734124
84948726.03525476,1692.5686671420283
84954048.32424529,1693.216077011175
84959370.25064604,1693.8137772636032
84964691.65851569,1694.2448272745908
84970012.43002796,1694.6295222049623
84975332.70913081,1695.2425909557019
84980652.41099702,1695.9959005578257
84985971.33112755,1696.7434071293037
84991289.65927029,1697.6165582515862
84996607.17842163,1698.4354074579076
85001923.87186137,1699.222570384641
85007240.13248272,1699.940265514986
85012555.90884617,1700.6806353214954
85017870.6257249,1700.762293961703
85023194.18939357,1688.3145895750963
85028516.21550363,1688.601009707625
85033846.58628169,1675.4480098411145
85039176.208158,1675.6744379854858
85044513.83573034,1661.8923876904535
85049851.78936316,1662.159798066268
85055189.22423983,1662.19909846481
85060526.40632956,1662.5384971336098
85065863.25420755,1662.9915810243988
85071199.49629448,1663.488085344671
85076535.36773787,1664.0766640651116
85081870.73601188,1664.6257735313661
85087205.44043918,1665.1177955111978
85092539.87931867,1665.5485694943673
85097874.10360654,1665.9126574107754
85103207.9192344,1666.4314148350304
85108541.0980813,1666.961015737785
85113873.75245261,1667.5684942754217
85119205.84482452,1668.1062920502106
85124537.44960561,1668.6134007045514
85129868.63434581,1669.1363020898216
85135199.6432839,1669.5363961169699
85140530.00864333,1669.7193423560357
85145860.01505269,1670.1302509202696
85151189.62227552,1670.6686581053414
85156518.59019917,1671.3120247207182
85161847.05072069,1671.9523150186906
85167174.96609725,1672.6350675260467
85172502.1336646,1673.261758106087
85177828.85436922,1673.8542574222647
85183155.32538241,1674.2982354460064
85188481.35891391,1674.9911588384778
85193806.64066975,1675.6202625419762
85199131.30014373,1676.3519244975523
85204455.34118663,1677.1034351941935
85209778.72705589,1677.7642420575094
85215101.53837287,1678.4744372081393
85220424.09174553,1679.0812721656907
85225745.87602852,1679.4565144336016
85231067.19204436,1679.9566303607842
85236387.99795102,1680.6448218896126
85241708.12493812,1681.4902025858503
85247027.52677834,1682.3397896239733
85252346.2940721,1683.1922845933686
85257664.24042073,1684.0597622597707
85262981.45141062,1684.8788764775677
85268298.29243281,1685.5860371513756
85273614.61629426,1686.4614763215127
85278930.03847514,1687.3862531714274
85284244.22295843,1687.6620744890838
85289567.37554424,1674.865395576794
85294889.01955676,1675.16193355544
85300218.96878543,1661.627667054583
85305548.57438329,1661.8785618349964
85310885.8903047,1647.4631241107554
85316223.43839101,1647.6403526784195
85321560.72090228,1648.045783717231
85326897.58879133,1648.5691330496584
85332233.8996414,1649.1545987107409
85337569.79719274,1649.7708733820912
85342905.14650258,1650.3589569427206
85348239.90582903,1650.8925411152882
85353574.4943282,1651.2960409742677
85358908.87033506,1651.7706345404054
85364242.66427998,1652.3529144668657
85369575.80844878,1652.99824192214
85374908.49346992,1653.6012372517791
85380240.59505866,1654.1889319073362
85385572.1851712,1654.7668131902833
85390903.51874503,1655.2936514571854
85396234.42630647,1655.7221519816753
85401564.75158165,1655.9526386467826
85406894.73805268,1656.47877914447
85412224.2794351,1657.115455850771
85417553.17258722,1657.8190670604313
85422881.56192778,1658.590642130182
85428209.32144876,1659.279501617844
85433536.36247976,1659.9645643891595
85438863.10131972,1660.533678244457
85444189.53217387,1661.1096297046533
85449515.42351504,1661.852707169028
85454840.52011704,1662.6129050870325
85460164.98704703,1663.4000325800355
85465488.835362,1664.1504033489937
85470812.04943049,1664.9236477984887
85476134.78631267,1665.6534622389693
85481457.13992263,1666.2706506143559
85486778.73141703,1666.6449910083782
85492099.85968752,1667.3297893849067
85497420.46123284,1668.144806308932
85502740.25730483,1669.0199899634235
85508059.46696351,1669.9720128992917
85513377.92385842,1670.9248392508312
85518695.49066117,1671.8100095078003
85524012.51795962,1672.682088910426
85529329.14437465,1673.371954822023
85534645.15694088,1674.331465879953
85539960.267808,1675.309373376192
85545274.56730977,1676.4035798749774
85550587.71084023,1676.8611987311324
85555909.49192634,1663.5620602784809
85561230.07759494,1664.0295832555719
85566559.0122264,1649.9014456725108
85571887.35012446,1649.949901266949
85577223.3077006,1635.1536167308154
85582559.82755002,1635.659008798439
85587895.8072749,1636.3011611194029
85593231.30744362,1636.9334938052268
85598566.35375744,1637.6323211373315
85603900.75515568,1638.2783494803953
85609234.71385631,1638.861471744299
85614568.53113174,1639.320618354715
85619901.9761378,1639.9419139920124
85625234.76406144,1640.54570669894
85630566.99990688,1641.2824409298664
85635898.70371892,1641.996021023127
85641229.82352754,1642.6146658395526
85646560.45591006,1643.2994420243672
85651890.89459924,1643.8848998782132
85657220.69975492,1644.1784012278597
85662550.09187157,1644.6762068150904
85667879.05863717,1645.293895451359
85673207.47085814,1646.0725225904555
85678535.2398097,1646.861281313524
85683862.5201628,1647.6797841610316
85689189.0771043,1648.485962914315
85694514.9855321,1649.2320476755615
85699840.63652907,1649.8300662408712
85705165.91921978,1650.5526249759869
85710490.4849871,1651.3427965620035
85715814.31245673,1652.211313522294
85721137.56027998,1653.0881590696763
85726460.08223312,1653.9281121231093
85731781.98438351,1654.8026857241375
85737103.52188237,1655.6162131742806
85742424.40382117,1656.211348505954
85747744.60456492,1656.7713765037608
85753064.32822475,1657.5918579893712
85758383.4257517,1658.541057489813
85763701.69838905,1659.5494738938435
85769019.33066264,1660.6173392963162
85774336.169646,1661.6302257954148
85779652.11135972,1662.6602414745873
85784967.61515224,1663.5497029345404
85790282.60962534,1664.5085534969503
85795596.80475466,1665.5962578819601
85800910.0043043,1666.7890836692354
85806222.04597782,1667.2891869670614
85811542.86284366,1653.9899166055884
85816862.23462933,1654.5296242508616
85822189.94166738,1640.4069277909348
85827517.21514107,1640.7319651704431
85832851.93107352,1625.6253668476793
85838187.09367707,1626.1494856681152
85843521.90136808,1626.809422099565
85848856.08930151,1627.4980961240096
85854189.83289789,1628.2888533818295
85859523.02944389,1629.043999894747
85864855.54337065,1629.7661435220896
85870187.76834951,1630.3990318588085
85875519.77310172,1630.9215412803828
85880851.34268992,1631.6287868846946
85886182.17610054,1632.3991689550026
85891512.45469338,1633.2466666680134
85896842.1352343,1633.9931641817905
85902171.26500909,1634.762833570276
85907499.9416761,1635.497710127729
85912828.35514756,1636.107410261397
85918155.99834195,1636.5570796231877
85923483.2464759,1637.2139414821374
85928810.04736017,1637.9946020392854
85934136.14557715,1638.8618001990903
85939461.73101306,1639.7981312226057
85944786.65738948,1640.744851162376
85950110.77650495,1641.6267217587153
85955434.39431897,1642.4651958719032
85960757.70143086,1643.1349662720718
85966080.5200103,1644.0380727977947
85971402.53103991,1644.942128722892
85976723.82083772,1645.9917495015663
85982044.3918461,1647.0000126379487
85987364.26488695,1647.9659442880047
85992683.47928382,1648.9877283794588
85998002.32573749,1649.887949443215
86003320.23882245,1650.5186081025008
86008637.63414146,1651.3680998850668
86013954.41022587,1652.3569369518323
86019270.41864862,1653.5152098577548
86024585.61635834,1654.6794617175585
86029900.09160979,1655.8672548966074
86035213.60488842,1657.092009343248
86040526.28819065,1658.2536904727008
86045838.49592309,1659.2738655726462
86051150.06004484,1660.495167080586
86056460.59525742,1661.7614318881463
86061769.85264377,1662.5247715243563
86067087.66379072,1648.935718213362
86072404.12687616,1649.6746805429123
86077728.41845794,1635.2622885766782
86083052.63272722,1635.9045506037494
86088383.9398967,1620.5021748230756
86093715.74177654,1620.8837068568682
86099054.3066974,1605.1877329710346
86104394.18244332,1605.8642992616128
86109733.52185008,1606.5708777623063
86115072.47400153,1607.3502761984823
86120410.87934661,1608.099666297829
86125748.72249542,1608.8000322191267
86131086.42496546,1609.3335344959264
86136423.94290963,1609.9477837336435
86141760.88844141,1610.6158907963847
86147097.21940555,1611.4201318903617
86152433.10282403,1612.1711609921063
86157768.43522081,1612.9180352528956
86163103.2698215,1613.6616291561522
86168437.87152241,1614.3511674150893
86173771.99522221,1614.883012432786
86179105.56598254,1615.2869015187925
86184438.80458632,1615.9601517200429
86189771.62722485,1616.7426143007588
86195103.83340852,1617.6039438253702
86200435.54574092,1618.5092220669649
86205766.68041153,1619.3614525262835
86211097.10300502,1620.2020855286441
86216427.25587365,1620.9173954812804
86221757.15278552,1621.5973663872228
86227086.51132146,1622.4423442164334
86232415.10772891,1623.3507525163755
86237743.13022697,1624.2678848386856
86243070.55010816,1625.1759367193313
86248397.36143957,1626.08480052275
86253723.74679267,1626.966826409983
86259049.71370128,1627.7115639585809
86264374.91207346,1628.2757958279467
86269699.66492575,1629.093861235623
86275023.93868661,1630.026296504246
86280347.46798426,1631.0233207093584
86285670.43460749,1632.1299671007334
86290992.68959354,1633.2000302477368
86296314.12064883,1634.239006079095
86301635.03960678,1635.2063371407407
86306955.62842102,1636.071950166274
86312275.59543736,1637.1401592355817
86317594.66943346,1638.257742264258
86322912.97292805,1639.490750525484
86328230.50338,1640.6169020246184
86333547.30856943,1641.770244015156
86338863.4307842,1642.942988138113
86344179.08902581,1643.9884962125143
86349493.61762613,1644.5757994225423
86354815.59789352,1629.4527075893166
86360137.8019082,1630.3066724474115
86365466.50528093,1614.7426654185406
86370796.23326032,1615.6252885603203
86376131.89093807,1599.6370232302565
86381469.21706259,1600.4530150252483
86386806.13691266,1601.191396786746
86392142.92260846,1601.7836860562602
86397479.42459743,1602.50458342965
86402815.2884129,1603.234943085469
86408150.60174066,1604.1503714284097
86413485.41435131,1605.018751746506
86418819.68657525,1605.809135050906
86424153.48727153,1606.6680043292104
86429487.12567446,1607.3601960931755
86434820.07607079,1607.8094430137812
86440152.61181408,1608.4762426905988
86445484.78936173,1609.2465723127743
86450816.42822103,1610.1429193153094
86456147.51714161,1611.055724933334
86461478.12558052,1612.0605301147457
86466808.02534878,1613.0203088790656
86472137.33447333,1613.9259978392454
86477466.4229267,1614.664007343162
86482795.1682419,1615.4925411947083
86488123.23461497,1616.370712751302
86493450.63708805,1617.4225246439878
86498777.44470488,1618.4515817858676
86504103.58639441,1619.4026000339818
86509429.15143456,1620.4334515486394
86514754.39941175,1621.3550145264883
86520078.9312173,1622.075678552262
86525402.86007553,1622.844889838594
86530726.3006778,1623.8017249389675
86536049.18319948,1624.8945649476707
86541371.29741925,1625.9806561714288
86546692.82512175,1627.1464638457671
86552013.61490142,1628.3316005248425
86557333.55845307,1629.4661097029364
86562653.10838068,1630.5294291646044
86567972.20046683,1631.562294389893
86573290.53556342,1632.650591317883
86578608.00973073,1633.8820485916137
86583924.80354951,1635.1639826722965
86589240.7504223,1636.4530120860668
86594555.91975446,1637.734984133031
86599870.53293383,1638.9765624388015
86605184.25130317,1639.749371236621
86610505.55914158,1624.6871980256967
86615826.65934701,1625.5327673265665
86621154.9279481,1610.1010828715407
86626483.6176787,1611.0409018226344
86631818.74216862,1595.1643820075483
86637155.18430692,1596.0620441455833
86642490.97610363,1596.9440291386159
86647826.50184257,1597.7051831197286
86653161.8762121,1598.4082059506552
86658496.82201208,1599.2764338254965
86663831.04242088,1600.17551975981
86669164.7594755,1601.1440415859568
86674497.94691442,1602.0759568041017
86679830.59971015,1603.0089283613681
86685162.86482343,1603.9051838797525
86690494.80226855,1604.6589667492606
86695825.9555412,1605.1742006287063
86701156.81644964,1605.9985040033569
86706487.2709193,1606.8880911151273
86711817.0980768,1607.8988562014708
86717146.40240164,1608.97431506253
86722475.11872107,1610.0265735025168
86727803.1072756,1611.085887032853
86733130.62757596,1612.0550600579704
86738457.89627714,1612.9382987482006
86743784.68811168,1613.9356209807986
86749110.69099219,1614.9758047468572
86754436.04555355,1616.1429540586682
86759760.76047155,1617.2367211611459
86765084.83570576,1618.3371817193783
86770408.32818098,1619.451903880797
86775731.48573129,1620.43064222684
86781053.72474566,1621.220291118373
86786375.45495772,1622.242765699678
86791696.66345274,1623.344296894727
86797017.14110754,1624.5485555804987
86802336.95760497,1625.809021573512
86807656.06286575,1627.135452379441
86812974.29383652,1628.4319633220573
86818291.81241627,1629.7002641619029
86823608.9072794,1630.7756302099472
86828925.47788516,1632.040448751531
86834241.10696301,1633.315077959216
86839555.88929348,1634.8092932934803
86844869.83004163,1636.269280877367
86850182.91288577,1637.6485079001327
86855495.19523397,1639.1418847134341
86860806.78455648,1640.137814843467
86866125.94910628,1625.1941283212545
86871444.65231937,1626.0363681600818
86876770.59155059,1610.6102316252204
86882096.98212814,1611.6612978352805
86887429.72855306,1595.7682160996276
86892763.78249359,1596.7602073786818
86898103.54940625,1580.4885978674993
86903445.25010334,1581.3475648934227
86908786.82993631,1582.0711334381897
86914128.2137952,1582.8616523788717
86919469.09967995,1583.647038022529
86924809.420627,1584.5750490453338
86930149.31964436,1585.5320247759673
86935488.70528184,1586.4225288178518
86940827.64786667,1587.3739410590522
86946166.39551848,1588.201832542664
86951504.62294659,1588.7434283837495
86956842.37220523,1589.358749458331
86962179.80230452,1590.1570688115905
86967516.87863308,1591.0899481533252
86972853.37536761,1592.02028217591
86978189.48184574,1593.03917760464
86983525.00765988,1594.0790144443151
86988859.88219714,1595.0545621463393
86994194.51246604,1595.9182938039044
86999528.92391227,1596.7792013931899
87004862.82885659,1597.7035218163587
87010196.04245876,1598.7332215487668
87015528.7669874,1599.815358813024
87020860.88984697,1600.8409044818163
87026192.50280283,1601.8945313242405
87031523.76378757,1602.8768411832084
87036854.54079312,1603.6371811455554
87042184.61412314,1604.3524125563001
87047514.31992736,1605.3151235549346
87052843.6092036,1606.3379606973951
87058172.21706544,1607.4362729825525
87063500.35327786,1608.5702638122325
87068827.87231347,1609.7585780687396
87074154.60234499,1610.9072077977128
87079480.92745557,1611.9639696057002
87084806.8933959,1612.952185184755
87090132.36258543,1614.0340408091906
87095457.04204609,1615.1955303418645
87100781.08541732,1616.479181042678
87106104.41459897,1617.6932121779491
87111427.1152788,1618.9227619252335
87116749.28045598,1620.1659980846782
87122070.9732551,1621.2204400268515
87127391.74065882,1622.0331541184632
87132712.01603349,1623.198131970746
87138031.76325604,1624.4195100835423
87143350.7205072,1625.7587389695454
87148668.98741087,1627.15373845487
87153986.520165,1628.557859723939
87159303.08988613,1629.9070056211349
87164626.05352288,1614.206467559961
87169950.38463266,1615.2406897153523
87175280.50745319,1599.0414827352902
87180612.40882757,1600.0391297229971
87185949.29768161,1583.6101236732804
87191288.97975467,1584.577693943497
87196628.17422444,1585.526237000673
87201966.97373284,1586.507229926259
87207305.62199166,1587.3352621895312
87212643.51226856,1587.9192269849636
87217981.11832899,1588.65808985165
87223318.39455256,1589.5414605234876
87228655.21082754,1590.583924836334
87233991.52160537,1591.6079996984251
87239327.38695489,1592.65661052079
87244662.62022755,1593.7378746382387
87249997.3342146,1594.744362152645
87255331.86501928,1595.633590095146
87260666.03719243,1596.634631137257
87265999.58881196,1597.6022485059973
87271332.5739347,1598.7139911307468
87276665.04726067,1599.8118485724633
87281996.94750434,1600.8725635059645
87287328.35098174,1602.008947830996
87292659.55022316,1602.9897634742003
87297989.96235126,1603.7176048419306
87303319.89681493,1604.5721827194477
87308649.44218133,1605.5828714449244
87313978.50261982,1606.7377680670847
87319306.94326256,1607.8877842100198
87324634.83953956,1609.082564491155
87329962.06820217,1610.296962323013
87335288.60344245,1611.4927170969142
87340614.82187676,1612.5655305138675
87345940.65979828,1613.7316365187876
87351265.75466235,1614.8779371862988
87356590.14529178,1616.1701749034398
87361913.94622745,1617.4316393791992
87367237.0403803,1618.7089185755228
87372559.4859789,1620.0224281391036
87377881.57171607,1621.2384489251558
87383202.90247111,1622.2530115227455
87388523.4489738,1623.283662030984
87393843.51479954,1624.5230173003097
87399162.98858054,1625.8612363495115
87404481.6852976,1627.3022593767207
87409799.7119144,1628.756704158323
87415116.91683182,1630.2278694313818
87420433.21615931,1631.6968457472194
87425748.96909185,1633.0503267440356
87431064.24044326,1634.440023158262
87436378.6836519,1635.9008765316087
87441698.55366936,1620.1033826095709
87447020.12684675,1621.4846152235548
87452346.56763636,1605.2702572400817
87457675.64740203,1606.4802018902044
87463009.1647058,1589.9424764652765
87468346.26662424,1590.7060729423351
87473686.88855757,1573.675251110587
87479031.88660063,1574.4874102720516
87484376.65345614,1575.3811023948801
87489720.92895131,1576.3220479459171
87495064.89518261,1577.3824142011854
87500408.38664411,1578.3747815587121
87505751.30054176,1579.3837879619189
87511093.9299308,1580.3026452269464
87516436.4474613,1581.1405965360884
87521778.59964728,1582.1195191505553
87527120.11191615,1583.1208105426738
87532461.18681355,1584.163307712384
87537801.82615843,1585.163695180385
87543142.0207189,1586.2040192626039
87548481.88478774,1587.2132363009355
87553821.5419738,1587.9928162409126
87559160.45972681,1588.6159911285545
87564499.12063614,1589.4997625010064
87569837.50379534,1590.4423272799163
87575175.3820962,1591.4971837295539
87580512.84686106,1592.6233903738653
87585849.83581418,1593.7053934502992
87591186.18810202,1594.830295665823
87596522.120578,1595.871577288181
87601857.85397959,1596.8237739157664
87607193.23453593,1597.9044665705683
87612527.93193954,1598.9604451987466
87617862.10823984,1600.1166802210082
87623195.79491651,1601.2254416110768
87628528.95105146,1602.3433567929276
87633861.67247014,1603.4971355770735
87639194.19241384,1604.4740457804091
87644525.87834047,1605.2274566134986
87649857.20182402,1606.136256421088
87655188.15903331,1607.1912775184435
87660518.59704721,1608.3871116190792
87665848.48624031,1609.6108648325408
87671177.81780902,1610.8243868573418
87676506.48737201,1612.0805635336844
87681834.5525212,1613.2825682581129
87687162.328733,1614.3482536027573
87692489.69916461,1615.6024236476849
87697816.34766038,1616.7872563965782
87703142.30372795,1618.1058218140604
87708467.69205181,1619.3881516496506
87713792.45573503,1620.6734857225288
87719116.61624001,1622.0305536439948
87724440.49766585,1623.1974647020506
87729763.49236673,1624.132755514342
87735085.89844419,1625.2203295071326
87740407.83993013,1626.4608923674546
87745729.1837263,1627.8192370858944
87751049.85493986,1629.222454449537
87756369.87330362,1630.7005111407773
87761689.08060521,1632.1662886770264
87767007.47348723,1633.6266648513024
87772325.39689973,1634.9281324990739
87777642.85471046,1636.3210445871125
87782959.48410137,1637.8052531188375
87788275.20107819,1639.4157013249
87793590.15165032,1641.0138265819996
87798904.26320954,1642.562653278122
87804217.60837334,1644.239191625642
87809530.3945717,1645.803774382273
87814842.30342579,1647.0926763313178
87820153.24493563,1648.4577054100946
87825463.40647185,1649.873041711488
87830780.80601564,1635.1436657108907
87836098.19899231,1636.5977348373763
87841422.05511004,1621.3287674109008
87846746.91329439,1622.6930369824183
87852077.2571587,1606.969988646825
87857409.76222612,1608.0896627472878
87862747.54951674,1591.945690373398
87868088.08399308,1592.9830932233624
87873428.04577093,1594.0800377468418
87878767.60089372,1595.2072628722312
87884106.63241966,1596.3171273487644
87889445.2339211,1597.4546454535096
87894783.54190151,1598.571801440578
87900121.51008159,1599.421765474744
87905458.81955175,1600.099308540435
87910795.83215275,1601.117789611171
87916132.55794336,1602.1941685878762
87921468.69869378,1603.3614608388934
87926804.43425071,1604.5396199217278
87932139.65633781,1605.7498392156863
87937474.1800481,1606.968503421539
87942808.34365255,1608.0975465915005
87948142.22752734,1609.121594845355
87953475.70677182,1610.2869084415127
87958808.49945462,1611.4704859047608
87964140.76684672,1612.7265650674858
87969472.47954081,1613.9573611852268
87974803.65696922,1615.200990534193
87980134.41332792,1616.471257022427
87985464.86439574,1617.4776449448557
87990794.48319697,1618.2813856463931
87996123.71468644,1619.3879225696132
88001452.58258778,1620.5688982711513
88006780.83801553,1621.8746396256763
88012108.53951563,1623.1908417488658
88017435.683758,1624.5299985104684
88022762.06196576,1625.9199654520157
88028087.87017855,1627.23243971435
88033413.31640755,1628.4596336842292
88038738.25210012,1629.7553025450518
88044062.42547084,1631.0624984746785
88049385.93747546,1632.512798440627
88054708.78478245,1633.9273231927982
88060030.93663362,1635.3444641738454
88065352.49137846,1636.836451892657
88070673.68819515,1638.1276554210058
88075993.88627614,1639.2056923057164
88081313.55022977,1640.4670091754865
88086632.6575223,1641.8657350195094
88091951.08691916,1643.4067576020552
88097268.78246024,1644.9730514920607
88102585.72444883,1646.5646160739057
88107901.81765398,1648.1970930385671
88113217.05359328,1649.8087911164664
88118531.75127114,1651.332946713568
88123845.82595474,1652.9725341262997
88129164.6676156,1637.5059349789321
88134485.75625649,1639.0594233501802
88139811.06256011,1623.3480435579852
88145139.65874147,1624.6468923468037
88150471.82295348,1608.8346256599882
88155808.4891195,1609.8861872833843
88161147.99991113,1593.581258365394
88166492.40129058,1594.3763686470688
88171836.5901351,1595.3296314866548
88177180.45854883,1596.379687107881
88182523.88977765,1597.5195182174716
88187866.93967207,1598.6511255178996
88193209.49304369,1599.786806575409
88198551.49509002,1600.9176762516336
88203893.31039666,1601.8979426807573
88209234.90728424,1602.9644622897888
88214575.96809451,1604.032791378442
88219916.47774394,1605.20949069771
88225256.59778686,1606.3429931416256
88230596.22100821,1607.4608374027973
88235935.40608306,1608.6560231556314
88241274.41609587,1609.7314782872481
88246612.94687447,1610.5678943353953
88251950.90111919,1611.3550905529619
88257288.59872559,1612.407746484504
88262625.97725081,1613.5295641804003
88267962.80391178,1614.750229575885
88273299.23570512,1615.9837707684817
88278635.11134346,1617.2117948945322
88283970.32924251,1618.440441615309
88289305.23950614,1619.571555028724
88294639.86445424,1620.7078126254114
88299973.9629999,1621.8932788885688
88305307.39949377,1623.1078337776776
88310640.37082769,1624.3492034195676
88315972.79316816,1625.6088641403958
88321304.6959168,1626.887775317449
88326636.24302119,1628.1408985779844
88331967.37416978,1629.151845115344
88337297.7438655,1629.9884138002203
88342627.78411534,1631.1462187799013
88347957.45078512,1632.3561110087794
88353286.50256366,1633.6925556912895
88358615.0242948,1635.0260651450776
88363942.98193419,1636.3748352878656
88369270.18572168,1637.767924698736
88374596.91092351,1639.0662238527966
88379923.29676846,1640.3297743357343
88385249.1249481,1641.6835795102998
88390574.13112897,1643.0645260975853
88395898.5405883,1644.4881274799886
88401222.31066637,1645.8890168511787
88406545.43450813,1647.3165359022466
88411868.01118506,1648.7780162296917
88417190.21237373,1649.9862234841435
88422511.47163588,1651.049843242277
88427832.21066485,1652.3600920061544
88433152.46978714,1653.7780495826653
88438472.02093878,1655.2834307983408
88443790.9130386,1656.8667935174485
88449109.0381142,1658.4570242525645
88454426.30949414,1660.0640514233662
88459742.84133701,1661.628530037982
88465058.86564094,1663.0987592557192
88470374.29696468,1664.6924977317544
88475688.74540406,1666.3120936000453
88481002.32254957,1668.1121521304826
88486315.06688306,1669.8084627649346
88491626.95346439,1671.5462443709916
88496938.0219621,1673.3709953531943
88502248.44444934,1674.7802276126026
88507565.60768674,1660.3986471235048
88512883.0943332,1661.688872368891
88518207.00824231,1647.049549684579
88523532.1424039,1648.4572528671697
88528862.86981845,1633.5585884027726
88534195.65879974,1634.864319589145
88539533.32105649,1619.7110289865554
88544873.72204193,1620.8907798976018
88550213.90533395,1621.9507441295505
88555553.82137756,1623.0709576151207
88560893.20159687,1624.1724302077312
88566232.00844197,1625.4307869679942
88571570.3721086,1626.6729412918107
88576908.2206155,1627.854361862976
88582245.60600103,1629.156824177343
88587582.81206019,1630.284265326318
88592919.39073311,1631.1145422218462
88598255.50145134,1632.058046938341
88603591.2795171,1633.1875887036358
88608926.69185425,1634.423638982225
88614261.5332051,1635.6479444203342
88619595.9677476,1636.9483280122201
88624929.79076402,1638.2734459395926
88630262.96512395,1639.5596640049687
88635595.81613599,1640.728091715308
88640928.36559121,1641.9540421402453
88646260.31564541,1643.190512898715
88651591.59041826,1644.5431074804683
88656922.35768224,1645.9015852960142
88662252.49583614,1647.198372998389
88667582.09164034,1648.605650599311
88672911.3622465,1649.8917311327782
88678240.05041614,1650.9011661655597
88683568.0496435,1651.889406301837
88688895.65901688,1653.1672158807326
88694222.851739,1654.5105853597422
88699549.34863509,1655.9063347807758
88704875.35486408,1657.3296877476744
88710200.6833311,1658.7941303593484
88715525.19241795,1660.2427354297126
88720849.23351423,1661.6181214252026
88726172.85242242,1662.9295741092508
88731495.86681832,1664.340887972851
88736818.03623205,1665.8200736689846
88742139.57985727,1667.338202767442
88747460.37999652,1668.8705016226447
88752780.48788075,1670.4121943162236
88758100.03204812,1671.986558777686
88763419.03293031,1673.2913168365353
88768737.05770992,1674.4521166575946
88774054.53668329,1675.9213133005599
88779371.44776529,1677.4716194050638
88784687.55835596,1679.1335353153727
88790002.935023,1680.837191119632
88795317.52129209,1682.5522853516006
88800631.10753438,1684.284380429342
88805949.57174732,1669.7854191684874
88811270.73603654,1671.1834333770398
88816596.08421913,1656.4736442043093
88821924.61435527,1657.840921465189
88827256.59360702,1643.0195169265712
88832592.81214386,1644.2413103882063
88837931.96774721,1629.356774282614
88843276.15684006,1630.5390653493405
88848620.21217398,1631.4944046565872
88853963.56479621,1632.2776689314596
88859306.65313922,1633.2387437665757
88864649.49754949,1634.2989891971513
88869991.93179649,1635.4591198576074
88875333.95619327,1636.6661441215483
88880675.54371981,1637.8244926766133
88886016.59096996,1639.0533620255449
88891357.17676294,1640.197837147121
88896697.5618575,1641.250472741635
88902037.64507358,1642.3743562966288
88907377.12748948,1643.5336804061978
88912716.09587592,1644.7850038869271
88918054.62088808,1645.9643139871196
88923392.6479776,1647.177527633343
88928730.24369416,1648.4630110133637
88934067.6915297,1649.5428069227441
88939404.4179944,1650.3651851155182
88944740.77397734,1651.3724266866177
88950076.81641147,1652.5085736843319
88955412.43749836,1653.7552979245186
88960747.55027613,1655.0391131203069
88966082.18124484,1656.3000980285221
88971416.22080153,1657.6154777163936
88976749.65335043,1658.8761294702067
88982082.80739416,1660.0647372331505
88987415.6274576,1661.281853688752
88992747.7998574,1662.4578678487824
88998079.36197576,1663.8105470220246
89003410.43335345,1665.1437783840963
89008740.89721166,1666.4322021095775
89014070.79717028,1667.8334653495442
89019400.44679004,1669.0775618926466
89024729.35015371,1670.071312205294
89030057.71141566,1671.1193618034627
89035385.66329035,1672.4109085671164
89040713.16475493,1673.7612991059075
89046040.01671174,1675.1432361299312
89051366.35233642,1676.5664992034503
89056692.02101433,1678.0075571587518
89062016.92186932,1679.4236586931897
89067341.40390347,1680.7536406311187
89072665.43825942,1682.123505038048
89077988.77502,1683.5273924705878
89083311.3326804,1685.04017961932
89088633.22979395,1686.5117692482695
89093954.42952685,1687.9719750443066
89099274.9372498,1689.5422990039742
89104594.99275625,1691.0133819476164
89109914.3594413,1692.273584527188
89115232.81352498,1693.5214753856717
89120550.75963762,1694.9902762091185
89125868.12573823,1696.5355177359722
89131184.70106709,1698.129228161603
89136500.60322864,1699.8167286597811
89141815.67508976,1701.4879653684745
89147129.79879843,1703.164286515249
89152443.23733656,1704.793738427227
89157756.13241112,1706.3315727049026
89163068.19498605,1708.031103163434
89168379.22974093,1709.835056891238
89173689.38899945,1711.661538262138
89178998.50300674,1713.30209619091
89184314.28899986,1700.2310233806818
89189630.65579182,1701.8232782894484
89194953.16341738,1688.0094182257174
89200276.86605167,1689.0575155777656
89205606.01575498,1675.028347316076
89210937.693261,1676.2827647299173
89216273.99548206,1662.1907222212778
89221613.49588326,1663.4051721499727
89226952.53837737,1664.6608308634627
89232290.95599663,1665.9249636825305
89237628.95449255,1667.1086537843416
89242966.70310037,1668.2112407562652
89248304.11414918,1669.3278643230187
89253640.8660798,1670.5458243366797
89258977.13411905,1671.886461230908
89264312.86848505,1673.1297532587644
89269648.062768,1674.3893755326771
89274982.80675608,1675.7279786774054
89280317.30210845,1676.8061571770018
89285651.050504,1677.6837489986112
89290984.41220544,1678.8640837751427
89296317.41932946,1680.0718467742674
89301649.89874944,1681.3599627700823
89306981.89514083,1682.6863178115295
89312313.3734781,1684.0333094979756
89317644.16982263,1685.402348022803
89322974.37475698,1686.7015774139172
89328304.23648275,1687.9076187096816
89333633.71284866,1689.1504124055193
89338962.48496108,1690.4825391357144
89344290.60583398,1691.936682503631
89349618.12530291,1693.288759418742
89354944.99849975,1694.6591791429607
89360271.29565127,1696.1258992221947
89365597.2718606,1697.4062982727319
89370922.42108294,1698.4530145745593
89376247.00940058,1699.686781752477
89381571.09597719,1701.0530907584268
89386894.64293501,1702.505994933074
89392217.49098578,1703.944871189793
89397539.74521825,1705.4321318067873
89402861.26137722,1706.9726864197487
89408181.96592768,1708.4600969919093
89413502.188198,1709.880334357907
89418821.86752859,1711.3887835683008
89424140.73314922,1712.8278786031892
89429458.76937582,1714.4543841289442
89434776.09260872,1716.0549944298155
89440092.60027003,1717.630747004503
89445408.31385098,1719.3240858728443
89450723.51344101,1720.8866249545772
89456037.8186623,1722.2886534845381
89461351.21854329,1723.6731205584247
89466663.93075,1725.2969168761274
89471981.76500078,1712.001508706835
89477301.83052649,1713.5161012422884
89482626.21661434,1700.0351257499694
89487953.75579709,1701.4311997388213
89493284.78784947,1687.7820216604464
89498620.04644185,1688.9370053598693
89503958.64982645,1675.1258646717802
89509302.0052354,1676.2506355573696
89514644.76948716,1677.4516264289648
89519987.14116621,1678.6394182139222
89525329.0275205,1679.789254861279
89530670.46327579,1681.000842557523
89536011.62345926,1682.1568730546333
89541352.43080659,1683.0801167220745
89546692.57223842,1683.9544016678096
89552032.47672144,1685.032464459493
89557372.08318141,1686.1622184904375
89562711.19792989,1687.3593903199803
89568049.91007757,1688.5663288205046
89573388.14839211,1689.7945607391464
89578725.77287246,1691.0250952798913
89584063.02447075,1692.1593764470779
89589400.05817454,1693.2769712599074
89594736.615591,1694.4593571349499
89600072.50533499,1695.6999557825068
89605407.93658166,1696.9719004205813
89610742.82057306,1698.2019570732912
89616077.18252887,1699.4644798438915
89621411.12469214,1700.7467994575504
89626744.75577341,1701.7720223697204
89632077.59526081,1702.7051451940588
89637410.10659033,1703.8536934612107
89642742.24587467,1705.0720218859747
89648073.84392548,1706.3664393388492
89653404.95439284,1707.6697597184266
89658735.50784194,1708.9470545897425
89664065.3938141,1710.2839675815283
89669394.75527762,1711.5185069768727
89674723.76925533,1712.7152392929518
89680052.3637687,1713.9879967676025
89685380.18679975,1715.3253518817394
89690707.37275979,1716.6992512101544
89696033.98935823,1718.027319327024
89701359.98490164,1719.391252769684
89706685.412033,1720.816128405027
89712010.48550206,1722.0555400693388
89717334.66079031,1723.10464205967
89722658.3049593,1724.3642835897613
89727981.49280415,1725.7192768556101
89733304.05500148,1727.119254594731
89738626.00049073,1728.5847406112148
89743947.27316985,1730.0559963454466
89749267.78056459,1731.5686754649253
89754587.54064739,1733.0024606624258
89759906.79423891,1734.3582987727068
89765225.56398317,1735.8073992681163
89770543.43010856,1737.3120108190951
89775860.48885247,1738.9509688007956
89781176.77461451,1740.4855736674099
89786492.27816917,1742.050055493611
89791806.99457617,1743.7282815282708
89797121.20011915,1745.2265892451278
89802434.36807795,1746.5617607992178
89807746.76078211,1748.0269084807182
89813058.42280608,1749.6600597202832
89818369.3471321,1751.3838435802747
89823679.36108232,1753.0728132651225
89828988.54002662,1754.8628294873847
89834296.73936154,1756.6988562145164
89839603.85966967,1758.4987446850193
89844910.13783684,1760.1317134916344
89850222.65979251,1747.9105500393694
89855536.07431689,1749.4474462187525
89860854.7181955,1736.982382492666
89866175.29383756,1738.4463024425459
89871500.49771647,1725.632037380247
89876828.53745706,1727.023873006102
89882160.83504662,1714.0443230202213
89887496.77663328,1715.0240822428516
89892836.06398429,1701.761334070898
89898179.96856737,1702.8170277306028
89903523.59291928,1703.8915573956347
89908866.7574932,1705.0285172859574
89914209.54038978,1706.1588702125962
89919551.88022079,1707.315546766571
89924893.6626268,1708.4615127717402
89930235.14249682,1709.5078763026422
89935576.4182461,1710.5688860942983
89940917.23640703,1711.6769723948673
89946257.45821278,1712.8238836773123
89951597.27685195,1713.9969973895818
89956936.59553288,1715.1415289070724
89962275.4515754,1716.3359697488663
89967613.98534271,1717.5154446158292
89972952.14819473,1718.4496821858213
89978289.63246398,1719.340062570026
89983626.81965092,1720.4413090559565
89988963.68024622,1721.5810829368475
89994300.01412424,1722.771988432754
89999635.93110538,1723.9504076328112
90004971.36080186,1725.1842755208945
90010306.1547521,1726.4048484455545
90015640.52456135,1727.528747651657
90020974.62118326,1728.6300843252266
90026308.26304005,1729.8142533375958
90031641.23133819,1731.0332824469535
90036973.70062192,1732.324012722642
90042305.59121217,1733.555610010085
90047636.9290069,1734.8023082324892
90052967.80057694,1736.1056137198768
90058298.30395164,1737.1792335544094
90063628.01380269,1738.1190652236724
90068957.31506553,1739.3423938921107
90074286.18847325,1740.5670084897927
90079614.49491358,1741.8704259812773
90084942.25280397,1743.1734253642667
90090269.44367951,1744.4848059746537
90095595.9097019,1745.842550473098
90100921.78941923,1747.1038538391447
90106247.24937317,1748.3122037117291
90111572.2515467,1749.5669329567886
90116896.47453365,1750.9096270740106
90122220.02671568,1752.3280972126267
90127542.94369572,1753.6965876567006
90132865.16812688,1755.0785110283393
90138186.73832531,1756.5492473698935
90143507.90081736,1757.8340690605282
90148828.11779182,1758.9402024055726
90154147.70314538,1760.2506667864388
90159466.7503472,1761.6547365193576
90164785.12905473,1763.1104449674147
90170102.79368389,1764.609876390514
90175419.72357133,1766.115544945252
90180735.83695067,1767.6423188957071
90186051.10715163,1769.1284554872418
90191365.80042318,1770.5323107118156
90196679.86728568,1772.0389000249083
90201993.04651576,1773.5853830313638
90207305.2838593,1775.3084355786275
90212616.6493493,1776.9237329018822
90217927.12869895,1778.5640064888528
90223236.71786767,1780.3134250328544
90228545.6612288,1781.935583563891
90233853.49022715,1783.4045990805223
90239160.37705605,1784.9780158892897
90244466.34998195,1786.636536448227
90249778.2691561,1775.061074435897
90255091.33481549,1776.5972302488303
90260409.55754845,1764.7171978117412
90265729.92115928,1766.171847471705
90271054.55124824,1754.0311226774709
90276382.45117319,1755.2243475038986
90281714.33272442,1742.896017057506
90287050.15423629,1743.9983875801022
90292389.12265961,1731.7476978813106
90297732.77728511,1732.8584571154126
90303075.95968845,1733.916025609508
90308418.71519332,1735.047204543483
90313761.22593048,1736.1162035433715
90319103.29741362,1736.9826943771714
90324444.79715778,1737.8578063661325
90329786.01203686,1738.9073549501986
90335126.93269596,1739.9912283089652
90340467.34099792,1741.0944610783533
90345807.40560158,1742.2004479227373
90351146.97039567,1743.347941025963
90356485.95265202,1744.4521022077877
90361824.59591734,1745.4778428198074
90367162.99505065,1746.4692095343282
90372500.97257556,1747.5526974191253
90377838.34662889,1748.7123445474726
90383175.25623783,1749.8966316391493
90388511.63087568,1751.0190948011616
90393847.51177318,1752.1986475787153
90399183.01395082,1753.371833576518
90404518.14473855,1754.316484063714
90409852.54569514,1755.2513450814972
90415186.58744799,1756.3542328550232
90420520.26248796,1757.4963704792053
90425853.37617794,1758.6737491757735
90431186.06220478,1759.854491494279
90436518.1937761,1761.0713230243066
90441849.67237233,1762.272860903863
90447180.68305793,1763.4143400524456
90452511.34555969,1764.480128210406
90457841.60444659,1765.6060505593507
90463171.12319857,1766.8216247754747
90468500.11013989,1768.1166074942048
90473828.49229833,1769.3523346688023
90479156.26628278,1770.5724135806383
90484483.5008385,1771.8904489012748
90489810.3518848,1772.970675440284
90495136.37678984,1773.9344199944849
90500461.9009976,1775.1684637315789
90505786.9612664,1776.4088381971026
90511111.40608525,1777.6989771776755
90516435.27034248,1779.0056948482506
90521758.51502568,1780.3247840650322
90527081.00050452,1781.67866099771
90532402.82222047,1782.9462745753353
90537724.15339515,1784.1441605842422
90543044.98665099,1785.4406193036132
90548364.99550533,1786.8009977138988
90553684.26351228,1788.2455388213598
90559002.84421365,1789.6402104117515
90564320.66562328,1791.0265616557258
90569637.74863456,1792.522691908
90574954.35428517,1793.8531418255598
90580269.90286966,1795.0738286942915
90585584.77718136,1796.412550999451
90590898.98839545,1797.8788821223134
90596212.4529262,1799.3812393376566
90601525.14640048,1800.9250423472586
90606836.99619058,1802.4987426732628
90612147.92889094,1804.085481493925
90617457.9057607,1805.6364777607864
90622767.17169878,1807.1291050064633
90628075.69954927,1808.6983741411677
90633383.15065889,1810.149878714859
90638696.88730147,1799.4511188169113
90644011.34415153,1800.8816293712978
90649331.43903063,1789.7238139004078
90654653.17822687,1791.0891209448876
90659980.17076339,1779.6600885067078
90665309.57957008,1780.618042041302
90670643.41739763,1768.9193055395915
90675980.6969776,1769.978399189962
90681317.62639798,1771.076210239232
90686654.04630081,1772.1499937734181
90691990.08122817,1773.284589083571
90697325.54680552,1774.430163323213
90702660.4062463,1775.522604306097
90707994.90230852,1776.54699801948
90713329.10056734,1777.570053882737
90718662.7859536,1778.6447894627597
90723995.85625148,1779.8308492499227
90729328.40988386,1781.033323733004
90734660.36729951,1782.1344903090753
90739991.78270796,1783.3458505376805
90745322.82252172,1784.4853268988222
90750653.35899554,1785.433862309665
90755983.16306816,1786.445067495706
90761312.54080777,1787.589339460657
90766641.49127431,1788.7640054818667
90771969.8128146,1789.953545860886
90777297.64642492,1791.1504671407286
90782624.85967539,1792.3910877831154
90787951.35638703,1793.6025104905523
90793277.34057027,1794.7307791835276
90798602.9103386,1795.8626333256084
90803927.92031114,1797.0685708332448
90809252.1734976,1798.3343630296717
90814575.81700404,1799.657624534001
90819898.77381763,1800.9117652199104
90825221.05827962,1802.2039106836978
90830542.75289066,1803.5465682532076
90835863.91423489,1804.6789718314233
90841184.17003511,1805.73045880496
90846503.86733297,1807.036994318131
90851822.97886932,1808.3456479152126
90857141.37862512,1809.7223800170862
90862459.07776509,1811.1000006250345
90867776.03966051,1812.4902459556733
90873092.13194057,1813.9127047245638
90878407.48686533,1815.2542552083323
90883722.22419862,1816.5564404327024
90889036.30286685,1817.9857278610825
90894349.39538608,1819.4513612756632
90899661.63661122,1821.00492683947
90904973.05133283,1822.5104582024142
90910283.55760048,1823.9876246093802
90915599.00612536,1813.218419323446
90920916.9526226,1814.4398379101092
90926238.93187806,1803.154106066498
90931564.15245163,1804.2939296769375
90936893.1851681,1793.1455702449937
90942226.26448238,1794.2345897605474
90947558.05710286,1793.6655188787536
90952900.50813127,1786.212832947824
90958240.92032866,1787.2235795712331
90963580.85786892,1788.1788525368613
90968920.538372,1789.0727013795463
90974259.94113493,1790.0215137633174
90979598.81150089,1791.0127244696594
90984937.13744606,1792.1287683051949
90990274.99408478,1793.1142423944518
90995612.36801846,1794.1322493820603
91000949.28109337,1795.2083933870672
91006285.97840871,1796.1513356520145
91011621.98754826,1796.9893691430516
91016957.54780693,1797.9073792045656
91022292.73644747,1798.91931232578
91027627.51266688,1799.964114022216
91032961.81727394,1801.0096837504045
91038295.6270015,1802.0866635740063
91043628.8764128,1803.1606881777543
91048961.5406763,1804.1920154037823
91054293.84758867,1805.1621531526105
91059625.80734956,1806.1543115004965
91064957.20962203,1807.2099359885372
91070287.9645993,1808.3790528306856
91075618.19278842,1809.4761030949408
91080947.84763691,1810.5611129668057
91086276.93376252,1811.7131208694618
91091605.67913854,1812.7733462427423
91096933.79159546,1813.6841027376026
91102261.18573083,1814.6761820153843
91107588.16837272,1815.7757513216347
91112914.67735519,1816.9076515914514
91118240.56455883,1818.0284121342904
91123565.93297228,1819.2265037783018
91128890.6273091,1820.4109218920794
91134214.60601294,1821.5613570755825
91139538.05719984,1822.649903600831
91144861.0892399,1823.7850700151125
91150183.43584329,1824.9458767719304
91155505.00827396,1826.2089357864486
91160825.92884044,1827.4753257094935
91166146.12842387,1828.6734632229704
91171465.63217883,1829.955800191545
91176784.5650912,1831.2210327360167
91182102.87199616,1832.3065926649701
91187420.22760133,1833.3889458035503
91192742.48643255,1822.8105182141103
91198067.57807384,1823.9364091569232
91203396.78672296,1813.2584615419705
91208729.61549401,1814.297160510577
91214066.04168808,1803.603962849537
91219406.62189098,1804.5495454623263
91224746.85240118,1805.448598379385
91230086.82910755,1806.2805732498518
91235426.4866121,1807.1864996597772
91240765.52532165,1808.1513987533974
91246104.15876791,1809.1761026749243
91251442.30630474,1810.139911346749
91256779.9901025,1811.0963986031804
91262117.26278204,1812.1296122331778
91267454.25954574,1812.9434361059834
91272790.58975893,1813.6844032819988
91278126.5370387,1814.630424546006
91283462.16946994,1815.5898291601397
91288797.31587249,1816.5635217107865
91294132.04872169,1817.5610107577643
91299466.29178189,1818.5887344555615
91304799.93930937,1819.608115301813
91310133.11477102,1820.5547673150074
91315465.95594116,1821.4434060173853
91320798.43086319,1822.4118712971826
91326130.24858513,1823.4333369555607
91331461.54528242,1824.5475821315317
91336792.29347439,1825.577537193629
91342122.49138421,1826.5933999866893
91347452.16360043,1827.7059309066678
91352781.53072733,1828.635103741334
91358110.1305229,1829.4585713681495
91363438.24876325,1830.4633116930925
91368765.9246847,1831.5026709834606
91374093.06780644,1832.5798925346116
91379419.67335188,1833.6297770979818
91384745.7122026,1834.7299396470544
91390071.08449517,1835.8541620592782
91395395.81879188,1836.8981987646762
91400720.10612912,1837.9331337581757
91406043.95138443,1838.9787115982338
91411367.09399451,1840.0751769484696
91416689.52103141,1841.282546932432
91422011.3300799,1842.4312556664308
91427332.45114113,1843.574002202495
91432652.91276696,1844.7984230995248
91437972.9346652,1845.9150310311013
91443292.07547887,1846.8865003220205
91448610.57573557,1847.9747847672973
91453928.46942957,1849.168674484978
91459245.73329812,1850.4017590860622
91464562.25214139,1851.621852029065
91469883.29917526,1841.4414109997308
91475207.26935108,1842.5677793124878
91480535.0298864,1832.241460913782
91485866.74624337,1833.1535245369625
91491201.97366908,1822.8244849043822
91496541.67720276,1823.6775972814037
91501880.85273379,1824.6101871531378
91507219.63742578,1825.5361725795449
91512557.97481304,1826.4201291959896
91517895.8533405,1827.380304136912
91523233.48064296,1828.2721899804746
91528570.60206003,1829.0294347357203
91533907.14289686,1829.7880067983774
91539243.37943822,1830.7108245478935
91544579.27943638,1831.6346188724403
91549914.66007668,1832.5722690319503
91555249.63695903,1833.5088040342498
91560584.11099936,1834.4724309644105
91565918.00632395,1835.4004547733139
91571251.53046097,1836.2638007774792
91576584.73858608,1837.1830940225414
91581917.44709544,1838.1057360983066
91587249.52427684,1839.0911929205563
91592581.15698633,1840.10628029492
91597912.24797103,1841.0640249082078
91603242.79662079,1842.0774308289535
91608572.94944653,1843.076657495021
91613902.65847914,1843.9074719401478
91619231.61517459,1844.7166035258324
91624560.1957739,1845.7048258554237
91629888.34854876,1846.6914536804588
91635215.91656707,1847.7150881895996
91640542.98689204,1848.7314096098821
91645869.4847844,1849.763468646508
91651195.30545345,1850.7979527384957
91656520.61591026,1851.761618108191
91661845.49539848,1852.7195065640085
91667169.86140767,1853.7596953101322
91672493.47358663,1854.8415962907716
91677816.47391854,1855.9420904271874
91683138.84041625,1857.0151602141352
91688460.58242334,1858.0912785046412
91693781.73746556,1859.2421806087582
91699102.44148771,1860.2288950827044
91704422.24057022,1861.141577910425
91709741.46624923,1862.2219129739717
91715060.15622897,1863.3500304805673
91720378.15114868,1864.4923185595499
91725695.50672635,1865.6673668952674
91731012.13632834,1866.864606668381
91736327.96110363,1868.0699900560298
91741643.04764134,1869.2040240187434
91746962.19961064,1859.2022383172066
91752285.02833216,1860.252302496411
91757611.0147969,1850.3242249277087
91762941.32402147,1851.3576691043882
91768270.3864601,1850.8541974973643
91773609.71128541,1843.7370016877987
91778946.80377905,1843.4868389490705
91784294.04151995,1835.9354402353085
91789639.30339937,1835.5918489405137
91794994.19149196,1827.8071115495836
91800348.28820625,1828.5237189903173
91805702.10071106,1829.2567622349688
91811055.65276277,1830.009661126869
91816408.87016402,1830.767245369701
91821761.7119199,1831.5254539746436
91827114.18232594,1832.2262767475065
91832466.50239347,1832.9160443424312
91837818.6201477,1833.6169385757294
91843170.31246793,1834.3269789710985
91848521.61724514,1835.143939133373
91853872.61511339,1835.886651566843
91859223.24063833,1836.6189505393065
91864573.52977747,1837.414560907811
91869923.70846738,1838.1108409785875
91875273.36510557,1838.6687379928735
91880622.73710313,1839.329579090396
91885971.85695168,1840.058488266896
91891320.70572549,1840.8130124347824
91896669.19886167,1841.5464401097433
91902017.39146608,1842.32161986921
91907365.18452378,1843.1071685107675
91912712.5437088,1843.8276782475155
91918059.6871655,1844.5158116219409
91923406.6308123,1845.20882757561
91928753.16639876,1845.9464230282929
91934099.23757698,1846.7841540078211
91939444.95039287,1847.565239963402
91944790.25520451,1848.2964631784928
91950135.16984172,1849.1268397154934
91955479.91508201,1849.8477296607991
91960824.2160066,1850.4209442217646
91966168.05766012,1851.1072572513867
91971511.63448027,1851.865520841729
91976854.92214072,1852.6456711801936
91982197.79614836,1853.3969725849897
91987540.34653588,1854.2146061818207
91992882.43772097,1855.0112731182187
91998224.05039899,1855.7687698938814
92003565.36517923,1856.4775526429648
92008906.46323454,1857.2563716772029
92014247.07862109,1858.0204984191546
92019587.16319661,1858.8551955162718
92024926.85834284,1859.6823799764463
92030266.10745339,1860.450942148873
92035604.90844424,1861.2895940559258
92040943.43413493,1862.0824018337348
92046281.5607405,1862.7326857893977
92051619.08534245,1863.4037739088678
92056956.30824621,1864.2111224139626
92062293.1910558,1865.013987072468
92067629.59322722,1865.828055711611
92072965.61056021,1866.6699967527497
92078301.13422868,1867.5167720754414
92083636.09578948,1868.3322775306847
92088970.67312764,1869.088569939239
92094304.94117129,1869.8830182544614
92099638.7441277,1870.7107185467987
92104971.91970669,1871.5756053176608
92110304.62086502,1872.4400470565388
92115636.81619217,1873.2790614989856
92120968.52312808,1874.1379202609019
92126299.80630673,1875.029311243025
92131630.71291801,1875.7627448347075
92136960.87669353,1876.4834211530097
92142290.6309481,1877.3278737098171
92147619.9791181,1878.2099571322863
92152948.79241472,1879.104309246864
92158277.10420191,1880.0108157924744
92163604.8334837,1880.9186347515881
92168931.93122815,1881.8233422468656
92174258.51022911,1882.6678741083513
92179584.67698586,1883.5002905442384
92184910.36723909,1884.4353288447926
92190235.28166638,1885.374359307406
92195559.59968838,1886.3812024783733
92200883.31062488,1887.3191363571796
92206206.38739341,1888.2382560053372
92211534.2947631,1879.072521331969
92216865.31791808,1879.8059428326208
92222200.40822555,1870.3241566863205
92227539.210283,1871.0469950284944
92232881.95387821,1861.7388186990697
92238228.98069428,1862.4312489814938
92243575.73066422,1863.1529040802413
92248922.0939469,1863.862815442682
92254268.04126738,1864.5735255279878
92259613.62324674,1865.2274162724002
92264959.01554164,1865.8706312669497
92270304.1540645,1866.560292092105
92275648.81040302,1867.266247119744
92280993.04988678,1868.0466682113952
92286336.93131304,1868.7415980847425
92291680.40813014,1869.4521373182176
92297023.52631602,1870.2145518425746
92302366.49858578,1870.8704103735674
92307708.85760778,1871.4020750143043
92313050.93327983,1872.0650918397519
92318392.72535312,1872.778982673152
92323734.1783511,1873.5113938539541
92329075.25408079,1874.2429792505434
92334415.95202711,1874.9889067989404
92339756.20050153,1875.7430762096258
92345095.98925436,1876.4332332034023
92350435.52640283,1877.1241745478114
92355774.77555,1877.814232609013
92361113.52198906,1878.5281311382585
92366451.80023731,1879.3462209090162
92371789.68067938,1880.102863664751
92377127.09620005,1880.8346940004108
92382464.08098467,1881.6348059820566
92387800.85092771,1882.35883842934
92393137.04549535,1882.937412096454
92398472.81915878,1883.5951165518843
92403808.23640224,1884.3674384590504
92409143.31331803,1885.1546315645012
92414477.89785098,1885.9214916734618
92419812.06572828,1886.696659580823
92425145.7332552,1887.4922773184544
92430478.856965,1888.2358954247134
92435811.64125508,1888.949944343513
92441144.10154776,1889.712278194416
92446476.05572371,1890.4679286749126
92451807.42727739,1891.310947562294
92457138.32321386,1892.132236070702
92462468.69857381,1892.9068767263584
92467798.56548515,1893.7572040720734
92473128.09949611,1894.5648768110252
92478457.10856882,1895.234983294335
92483785.47192699,1895.9105347171085
92489113.46056193,1896.7472841654653
92494441.02719484,1897.5818062421724
92499768.01843102,1898.4240555835167
92505094.51738538,1899.2717071877187
92510420.45604852,1900.1479311069568
92515745.73763588,1900.9880797554622
92521070.54851487,1901.784587873678
92526394.93884766,1902.6278573417997
92531718.74539825,1903.5003436937277
92537041.82116725,1904.406461881282
92542364.3401058,1905.3305350194182
92547686.2113414,1906.2230782450117
92553007.46955858,1907.139218702947
92558328.1987499,1908.086447204112
92563648.41133659,1908.891476811193
92568967.761166,1909.693490177236
92574286.57666063,1910.624899095999
92579604.84305945,1911.5954467773768
92584922.42763038,1912.575053187397
92590239.36970808,1913.5697941736194
92595555.57226814,1914.573610324947
92600870.9886373,1915.5718961795071
92606185.62982003,1916.331424163811
92611506.89438587,1907.842574721129
92616829.29504076,1908.6319521798844
92622157.40446979,1900.0425672139759
92627487.37888491,1900.8623257732434
92632822.66546094,1892.135892091986
92638160.54127963,1892.826688526579
92643503.29153909,1884.1173921775776
92648849.49632427,1884.6729013994382
92654195.1508661,1885.162175101518
92659540.53247182,1885.7883344760758
92664885.67966099,1886.4540784616495
92670230.47396012,1887.1115889957734
92675574.97807553,1887.7963310348762
92680919.08026944,1888.4695697527998
92686262.74875727,1889.1382030945754
92691606.04822664,1889.754182356087
92696949.14119509,1890.3680667103206
92702291.9574875,1891.0250891267015
92707634.2704062,1891.696810489564
92712976.1588772,1892.4360436170641
92718317.66858698,1893.0938637551214
92723658.75907286,1893.766788811429
92728999.47976112,1894.492173861994
92734340.0393982,1895.1132121692458
92739679.97050638,1895.6260020601867
92745019.59770977,1896.2669963302546
92750358.92516021,1896.9544659750986
92755697.88681577,1897.6566107937037
92761036.46180126,1898.3656851850187
92766374.62145105,1899.0790282205476
92771712.30701113,1899.791476019358
92777049.528667,1900.446624804762
92782386.47731897,1901.107476632911
92787723.11201985,1901.7772976263705
92793059.21688175,1902.47075351788
92798394.82964697,1903.2522756928345
92803730.01824611,1903.969546370235
92809064.73228821,1904.6681080469602
92814398.99385077,1905.4348630684622
92819733.0212912,1906.129055914741
92825066.4450134,1906.7009092634094
92830399.4250177,1907.3332188040015
92835732.03034693,1908.088223945497
92841064.2550831,1908.8402924025586
92846395.9809572,1909.5942500822018
92851727.23099647,1910.3434916021538
92857057.97016501,1911.1071125914673
92862388.14991628,1911.8253183104644
92867717.95549805,1912.5194029401043
92873047.40803534,1913.286332932526
92878376.28328928,1914.0427623645141
92883704.53185448,1914.855684946549
92889032.29853545,1915.647442100223
92894359.5136534,1916.408272511846
92899686.17397268,1917.2372084739452
92905012.47130339,1918.0255104698035
92910338.21073218,1918.6857255524706
92915663.26747166,1919.3661485956452
92920987.9084635,1920.192372371976
92926312.07849868,1921.015898906105
92931635.64492907,1921.847951847789
92936958.6826388,1922.7037921725787
92942281.09277871,1923.567485262895
92947602.8008827,1924.3877095699297
92952928.49149303,1915.795976357953
92958258.19258513,1916.5084197024619
92963587.37458034,1917.2631407997624
92968915.9105995,1918.0514639135536
92974243.273338,1917.5047431091903
92979580.59769794,1911.1776031628888
92984915.98773581,1910.7929953689952
92990261.08141704,1904.2321579596755
92995604.83959709,1903.8592125487846
93000957.6722656,1896.9415318686474
93006309.63615118,1896.7808221654861
93011670.66362439,1889.8361600783069
93017031.41006507,1890.3870207911386
93022391.92512706,1890.9408619786127
93027752.15489629,1891.4927854377831
93033112.02286527,1892.022477237186
93038471.69844481,1892.5143270659496
93043831.24271144,1892.9998000551236
93049190.58326791,1893.5239361044319
93054549.51371542,1894.0723063614153
93059908.18599993,1894.657998127036
93065266.54882504,1895.1804911742488
93070624.63274878,1895.7138304572118
93075982.49332857,1896.2963614243417
93081340.23712291,1896.7227500334961
93086697.5302797,1897.1080111197475
93092054.64159396,1897.6313166551522
93097411.58598742,1898.1742172799877
93102768.22847404,1898.7103245658657
93108124.64330494,1899.264367815796
93113480.7446261,1899.814702000505
93118836.49245702,1900.3542338595657
93124191.99018371,1900.844717203745
93129547.34320849,1901.3211456060997
93134902.49437885,1901.8743277098463
93140257.19672118,1902.425463930931
93145611.59003104,1903.0138243649926
93150965.6821354,1903.5438740758486
93156319.46020184,1904.0746279830714
93161672.96860987,1904.6714462394402
93167026.36779402,1905.1444542544868
93172379.23818478,1905.5042545581923
93177731.94594638,1906.0353160071527
93183084.44063094,1906.5796691992505
93188436.6365846,1907.1438020976082
93193788.54583938,1907.6826895769373
93199140.14802705,1908.2489900394278
93204491.34786534,1908.8040251985153
93209842.24353069,1909.3030681581197
93215192.9625213,1909.7998592128097
93220543.4996143,1910.3226417474161
93225893.60134093,1910.8860587042336
93231243.30838351,1911.5098125559753
93236592.67405589,1912.0438937255162
93241941.6847061,1912.5905256653473
93247290.38645232,1913.189390574386
93252638.98671211,1913.6894088915612
93257987.04299462,1914.1036052297172
93263334.82396199,1914.6256388226493
93268682.36880314,1915.1912833449846
93274029.5952389,1915.7675524362228
93279376.50535925,1916.3491083501522
93284723.04740174,1916.9326009989747
93290069.17416759,1917.5073939990575
93295414.91617502,1918.0304630500696
93300760.44553587,1918.564268444852
93306105.72056746,1919.115423463495
93311450.52721801,1919.6793950238439
93316794.91459751,1920.3174964211773
93322138.94358505,1920.893484230007
93327482.56980048,1921.4508074607274
93332825.82057671,1922.073692387
93338168.91098806,1922.6247968248097
93343511.46320727,1923.0562645161422
93348853.67270398,1923.5596848073596
93354195.57974574,1924.1659907741812
93359537.18421476,1924.7799936987221
93364878.36505452,1925.374730218331
93370219.17452508,1925.974784246091
93375559.53919333,1926.5843347261282
93380899.43368544,1927.1362381699412
93386239.05266121,1927.6882700734436
93391578.40056612,1928.274527458375
93396917.28809468,1928.8497139318831
93402255.67386307,1929.5084449591363
93407593.63709326,1930.134290120497
93412931.14577949,1930.7138534292178
93418268.21921703,1931.3685541660443
93423605.04190104,1931.9689905430992
93428941.38682716,1932.4564642889404
93434277.22344476,1932.9801790827698
93439612.72111432,1933.6210075381587
93444947.87163432,1934.2714753937462
93450282.51801194,1934.9057939924674
93455616.75912125,1935.5508754013897
93460950.49966659,1936.2108458471102
93466283.67888997,1936.819385625801
93471616.49565649,1937.413742087335
93476948.96187001,1938.021301718066
93482286.09468964,1930.0844783669675
93487626.40261428,1930.6935670951498
93492970.98758376,1922.774501787147
93498319.435022,1923.2676997158956
93503667.5553992,1923.8141097260761
93509015.46749961,1924.3530272441112
93514363.11413297,1924.7398334115405
93519710.33320367,1925.1373584428702
93525057.31164593,1925.6686376518905
93530404.08666116,1926.207758175767
93535750.48062958,1926.7234349539526
93541096.61908792,1927.266848303782
93546442.3667618,1927.8160917266234
93551787.69456229,1928.320274326602
93557132.77126883,1928.800402353902
93562477.66121972,1929.2793828522877
93567822.25595617,1929.8348726414763
93573166.31908406,1930.4015320464055
93578510.02738284,1930.9673331806418
93583853.37133399,1931.4852749790293
93589196.35551204,1932.0271588808196
93594539.05245382,1932.6054862116243
93599881.52966425,1933.0510213888983
93605223.45417373,1933.4531903276138
93610565.12008464,1933.9902213862958
93615906.53198302,1934.5514596796636
93621247.54918553,1935.1102961158897
93626588.23344888,1935.6801369633747
93631928.50056864,1936.2391998217645
93637268.31858853,1936.7871051079567
93642607.79713991,1937.2955536131922
93647947.02172206,1937.8049782520911
93653285.92838134,1938.3838727058187
93658624.2799518,1938.9641737466516
93663962.21474098,1939.5749698867603
93669299.74783336,1940.1369809208152
93674636.8415164,1940.7008039242512
93679973.55972715,1941.3244375800914
93685310.06402208,1941.8340243474493
93690645.89551102,1942.264745906782
93695981.43924479,1942.8258475142454
93701316.65996015,1943.4214622548143
93706651.45899908,1944.0225192999167
93711985.85106428,1944.6258971383204
93717319.80419585,1945.229591989109
93722653.25141129,1945.8350825878651
93727986.23399305,1946.3922400300896
93733318.91195229,1946.974484919283
93738651.20072828,1947.590905668615
93743982.88776267,1948.1908133753204
93749314.07385413,1948.8646167929667
93754644.79641275,1949.4738649300293
93759975.01644193,1950.079207099248
93765304.75843439,1950.750401793077
93770634.24678487,1951.339797550982
93775963.05169342,1951.828839451854
93781291.41745399,1952.424389783748
93786619.35571301,1953.051927655169
93791952.34858163,1945.3932112128387
93797288.254175,1945.9595364451575
93802628.70791638,1938.2764738893006
93807972.65727302,1938.7888536997903
93813320.69268657,1931.0538731176716
93818672.99422327,1931.4777804018727
93824025.13210827,1931.9318010657796
93829376.90226968,1932.3701873196758
93834728.32360174,1932.8721083992168
93840079.47326487,1933.3345501518756
93845430.31441177,1933.7657591130546
93850780.85938874,1934.2718062773947
93856131.32292667,1934.7093315434304
93861481.38772582,1935.0369688992466
93866831.15582988,1935.4501599020427
93872180.70340309,1935.935840364082
93877530.0310708,1936.435916462095
93882879.02675122,1936.8937525876804
93888227.77536944,1937.3902769111146
93893576.14848158,1937.8727841355358
93898924.15344694,1938.3006168038876
93904271.9731001,1938.7297355989576
93909619.64377852,1939.1925898241388
93914966.92968759,1939.6517313669794
93920313.80590583,1940.1822224538914
93925660.36909276,1940.6712842470663
93931006.58566083,1941.1173955361194
93936352.47344092,1941.6312181994947
93941698.2137143,1942.0950226715931
93947043.62209477,1942.4548283049662
93952388.6137719,1942.850257055533
93957733.39067566,1943.353804972498
93963077.91848335,1943.852018172941
93968422.08564946,1944.3441435521254
93973765.96177235,1944.8524307368145
93979109.4597071,1945.3580394903527
93984452.5298981,1945.8153097860823
93989795.36384422,1946.2596755010115
93995137.99822101,1946.7464294438034
94000480.24799201,1947.2508897980229
94005822.01365261,1947.7760159254647
94011163.45081615,1948.2885995383313
94016504.49507642,1948.7711865655099
94021845.17877029,1949.2827229870536
94027185.6242311,1949.8009475402787
94032525.76432188,1950.2078422573827
94037865.38436618,1950.6017600210293
94043204.75964816,1951.1318176050397
94048543.8415455,1951.6614052994573
94053882.52272944,1952.1959893624783
94059220.863451,1952.7289090932786
94064558.78957886,1953.2619211998933
94069896.22992745,1953.7605813577388
94075233.36977571,1954.2400127741116
94080570.24089071,1954.7360717749245
94085906.74353996,1955.2656947162445
94091242.7013915,1955.8189633271063
94096578.25779592,1956.3774172975966
94101913.40054084,1956.8925325348207
94107248.11984035,1957.426865277615
94112582.49540249,1958.006748698193
94117916.6095101,1958.4626344837584
94123250.11196803,1958.8681089545125
94128583.2992911,1959.4261865750898
94133916.14639342,1959.9999769729807
94139248.53443234,1960.5763907687672
94144580.51852436,1961.1566172827038
94149912.03108212,1961.7290497262493
94155243.0088362,1962.2910536770576
94160573.56224947,1962.8130422020186
94165903.79613766,1963.3804106109203
94171233.61594224,1963.9700952793232
94176562.80418995,1964.5493905982116
94181891.49931857,1965.1741508589034
94187219.72679257,1965.7635414355348
94192547.43008295,1966.3433201255443
94197874.66002637,1966.9830898520572
94203201.60032691,1967.537340488513
94208527.80093512,1967.992832219682
94213853.60912058,1968.58981352611
94219178.99652874,1969.2289299438744
94224503.87469625,1969.875145277335
94229828.25121923,1970.526908158883
94235152.06659958,1971.180011618734
94240475.19793506,1971.6909263212142
94245804.43852419,1964.417639529868
94251135.55818334,1964.8768954428328
94256472.38462582,1957.5866705046476
94261811.52322331,1958.0499284139235
94267155.77084225,1950.7929988148874
94272503.05865036,1951.2141902579326
94277855.09164168,1943.8903401625546
94283210.68564099,1944.3328661499997
94288566.24466161,1944.703133234883
94293921.38023745,1944.979255417751
94299276.31597354,1945.3288748847153
94304631.0704586,1945.7615228580698
94309985.62839168,1946.202453202045
94315339.89250346,1946.6085601261634
94320693.92788425,1947.031911556937
94326047.63037217,1947.4477249014715
94331401.01692902,1947.809194753793
94336754.27138132,1948.1820212283426
94342107.39825228,1948.5755173236523
94347460.1679461,1948.9716609853785
94352812.60318847,1949.4487473790118
94358164.75038323,1949.8709185777648
94363516.58220379,1950.2501554865369
94368868.11482948,1950.713281584473
94374219.57644022,1951.0996327129658
94379570.69137807,1951.380074698461
94384921.47308418,1951.7318323316179
94390272.09336208,1952.1693043003497
94395622.49631795,1952.6042983295642
94400972.59599604,1953.0226824398937
94406322.4371326,1953.464930841766
94411671.93532687,1953.8924043164407
94417021.07715859,1954.2722992632537
94422370.04417528,1954.6543711632912
94427718.85823749,1955.0911525949755
94433067.28705,1955.5099252233406
94438415.30510667,1955.9661253006864
94443763.06586781,1956.401881490994
94449110.49283531,1956.8055494394055
94454457.59480031,1957.2619938632943
94459804.55676222,1957.6873685536898
94465151.20620355,1958.0017953837144
94470497.45396255,1958.3344152527175
94475843.50397669,1958.78746252088
94481189.32966621,1959.2408824221836
94486534.79319653,1959.6855130044357
94491879.98516418,1960.1264375437463
94497224.82186104,1960.583355952144
94502569.23997103,1960.9817520488843
94507913.44360915,1961.3917922177925
94513257.45291083,1961.810473170515
94518601.13464677,1962.2449308799676
94523944.33968364,1962.7095587126526
94529287.24119174,1963.1944295569517
94534629.75351852,1963.6140845017856
94539971.91556215,1964.0717666782682
94545313.83359538,1964.5501619573952
94550655.48412204,1964.8906546366202
94555996.66827291,1965.2169856005235
94561337.60218623,1965.6868424765141
94566678.29609574,1966.1623455082379
94572018.58837365,1966.6191145832388
94577358.5937069,1967.0924532596132
94582698.19877258,1967.5754238132229
94588037.3376059,1968.0122612541045
94593376.18507856,1968.4338003605149
94598714.79494657,1968.8747620194479
94604053.0758332,1969.3573624216533
94609390.8197658,1969.8505847123192
94614728.18391047,1970.3689411102614
94620065.13179407,1970.8220355492895
94625401.6853241,1971.2980197663933
94630737.90486851,1971.8137763635734
94636073.89539303,1972.206693020489
94641409.30909766,1972.5541415294583
94646744.42763476,1973.0462167517505
94652079.25027652,1973.5644789883472
94657413.63325663,1974.0599517776882
94662747.67671521,1974.5838145318394
94668081.25374037,1975.1002317999958
94673414.30661611,1975.5810120730052
94678746.97737071,1976.039762033716
94684079.3664813,1976.4989090862848
94689411.40619977,1977.0140994362307
94694742.8768294,1977.5485320885787
94700073.85403402,1978.124383355754
94705404.35788223,1978.622943518503
94710734.38778858,1979.1380324374452
94716063.98639701,1979.7021641326382
94721393.35090035,1980.178451295699
94726722.04874142,1980.58030208385
94732050.34673782,1981.105295533318
94737378.26654197,1981.6703371424846
94742705.70909882,1982.2421405515474
94748032.68470883,1982.7955771521194
94753359.16810971,1983.3728688342264
94758685.06262234,1983.92842210719
94764010.44381395,1984.4459557475068
94769335.4432513,1984.9803708265972
94774660.03246337,1985.5672064509072
94779983.97399555,1986.1502447058865
94785307.32754223,1986.8022779229411
94790630.12598726,1987.39688429976
94795952.34262024,1987.9683448761302
94801273.99157481,1988.6223522023754
94806595.29061243,1989.200676137381
94811915.89183144,1989.6743722491337
94817235.93909201,1990.2641246349083
94822555.46510264,1990.927568939078
94827874.4616243,1991.6083764433972
94833192.81755899,1992.2610687330136
94838510.57889286,1992.9290784903974
94843827.66055188,1993.5984337692535
94849143.8790559,1993.90088782859
94854467.36762555,1987.2482102960957
94859791.55840142,1987.641995692271
94865122.26385345,1980.8914018372475
94870454.16697106,1981.3042624928753
94875792.23157588,1974.4831899329256
94881132.23717634,1974.833587870779
94886477.89567903,1968.0012182743349
94891826.30450207,1968.389830112833
94897174.39513898,1968.6713197336103
94902522.10679922,1968.9791596454293
94907869.62390943,1969.399583240871
94913216.92088865,1969.8212944194972
94918563.86612697,1970.2317609397953
94923910.54277977,1970.6390810603216
94929256.87127347,1971.0583623604998
94934602.79156266,1971.4179063267618
94939948.51117523,1971.7953056235501
94945294.0470852,1972.1808778545203
94950639.26384623,1972.5847667235153
94955984.01334177,1973.0158514862942
94961328.4614445,1973.4570684525993
94966672.53371622,1973.839297475411
94972016.26931483,1974.2632614751756
94977359.78387001,1974.697476993856
94982703.02509142,1975.003299867224
94988045.81281668,1975.3095593523565
94993388.36314666,1975.7428505975224
94998730.68046202,1976.1852959742866
95004072.60870016,1976.6051620299945
95009414.25855546,1977.0401046432228
95014755.51082791,1977.4800743656504
95020096.32016191,1977.874080675137
95025436.85926092,1978.2570418169976
95030777.17550501,1978.667085401927
95036117.16824791,1979.1191027888194
95041456.63346294,1979.5728291606988
95046795.73092303,1980.0388689130223
95052134.43684043,1980.4508266015007
95057472.76333657,1980.8886411197134
95062810.78021488,1981.3587131636996
95068148.57030544,1981.716044504187
95073485.7969404,1982.029822006635
95078822.75033724,1982.485638883336
95084159.42049229,1982.9640973244411
95089495.66649555,1983.4170430721356
95094831.57461825,1983.895953826934
95100167.04335302,1984.3611404689282
95105502.0234232,1984.7966042201156
95110836.63971965,1985.2138942989286
95116171.00479297,1985.652917786054
95121505.00020088,1986.1365649940913
95126838.42730458,1986.6241700226778
95132171.40355492,1987.145714504458
95137503.92379661,1987.5976321153955
95142835.98642527,1988.0685273753736
95148167.64754368,1988.5820758245766
95153499.09814608,1989.0039143789409
95158829.89040984,1989.3731528870849
95164160.30216403,1989.8655720404038
95169490.36152312,1990.3871822065462
95174819.9534192,1990.9084339989165
95180149.11646372,1991.4273622133896
95185477.78271176,1991.948827826133
95190805.88889764,1992.4447554670664
95196133.5223943,1992.9112733929903
95201460.8050132,1993.3946620961588
95206787.7019563,1993.9353720673028
95212113.97020046,1994.469473590824
95217439.67947486,1995.049782187126
95222764.87403823,1995.582066600353
95228089.52909581,1996.100037142712
95233413.64764398,1996.6949805069376
95238737.47075322,1997.2087773360495
95244060.60291903,1997.6258562599464
95249383.21146533,1998.1710093418747
95254705.35832137,1998.7664021968105
95260026.99050994,1999.3802669742345
95265348.04966362,1999.9502978485882
95270668.5707826,2000.5688545883297
95275988.42685181,2001.16605361221
95281307.6355244,2001.7155763438193
95286626.36895636,2002.2960638509262
95291944.61190763,2002.9070126838926
95297262.16853425,2003.531098777581
95302578.90187517,2004.0097133241602
95307902.08304149,1997.4583195525972
95313226.52754839,1997.8610028856206
95318556.84246515,1991.2395552299743
95323889.3825462,1991.6402211120087
95329227.27017576,1984.8334225305837
95334567.80517219,1985.1406879403357
95339913.39607283,1978.4719175346718
95345262.35683112,1978.86198725322
95350610.97849815,1979.2339368697117
95355959.34029058,1979.6108956515427
95361307.36264516,1979.9911228705948
95366654.99345896,1980.3115084723322
95372002.43785922,1980.6511423445158
95377349.72504428,1980.9986624881788
95382696.70833234,1981.3776851016935
95388043.2313264,1981.7773400419571
95393389.45200959,1982.1686705107588
95398735.3240147,1982.5138214163328
95404080.8789903,1982.9035840005608
95409426.24375466,1983.2895565873562
95414771.33400893,1983.561753237474
95420115.98094513,1983.8554204196798
95425460.40681489,1984.2515774364
95430804.60519987,1984.6629077230666
95436148.43558958,1985.0479290704525
95441491.99060886,1985.4448079886574
95446835.15691361,1985.8387354303813
95452177.91328624,1986.1884023928271
95457520.4266428,1986.5318472426352
95462862.73841313,1986.907724538884
95468204.73677205,1987.3212960066855
95473546.22942735,1987.7362558440773
95478887.37257859,1988.1473820471454
95484228.15518402,1988.5187985822301
95489568.57534745,1988.9147395332686
95494908.72282815,1989.3377162776058
95500248.64895736,1989.6615964233108
95505588.02786753,1989.9424664658975
95510927.1614641,1990.3638650848957
95516266.02318224,1990.7969484271705
95521604.47817305,1991.218067217214
95526942.61399801,1991.65175940275
95532280.32469127,1992.0637902610677
95537617.57884745,1992.4562127858205
95542954.5012354,1992.8303153551249
95548291.19503954,1993.2514613827896
95553627.52148288,1993.6922496137483
95558963.29241335,1994.119409783959
95564298.66352642,1994.5753350445787
95569633.62879202,1994.9901314905192
95574968.15924096,1995.4120193803426
95580302.31334665,1995.871061679288
95585636.25587802,1996.2558332088797
95590969.55592051,1996.5698077826125
95596302.55125059,1997.0189981910564
95601635.21428125,1997.4912517364253
95606967.44057216,1997.9583907976278
95612299.26519868,1998.4286778621606
95617630.62756665,1998.8943736603853
95622961.46847795,1999.3388551185985
95628291.86956021,1999.753971371207
95633621.96009918,2000.203409953316
95638951.67224921,2000.6905989149511
95644280.7830038,2001.1645770636596
95649609.39011931,2001.6848024587775
95654937.52490656,2002.150952141674
95660265.15772638,2002.6102455767054
95665592.31442203,2003.1280868738922
95670919.21442473,2003.5727849411828
95676245.45476073,2003.9572398537423
95681571.221443,2004.4183828170462
95686896.59058258,2004.9604163755919
95692221.4751408,2005.4933519201597
95697545.85210238,2006.015227268153
95702869.6848582,2006.556621367004
95708192.93248188,2007.0713049470846
95713515.60960089,2007.5522811757235
95718837.86577837,2008.0622163366697
95724159.71969676,2008.6254981850336
95729480.88409208,2009.1683651547
95734801.39192061,2009.780518416537
95740121.31347142,2010.3502298150693
95745440.6154633,2010.886311673838
95750759.31162383,2011.494739436252
95756077.53126362,2011.9157506904012
95761401.682025,2005.3663129892675
95766727.55724207,2005.747257418365
95772058.97449422,1999.2790113789022
95777392.95850621,1999.7071396398644
95782731.8954062,1993.1907791631895
95788074.00168908,1993.5696251797908
95793420.62013808,1987.0623797438059
95798770.8576747,1987.3451791563202
95804120.93298648,1987.649476127826
95809470.88210924,1987.9617982012853
95814820.50817388,1988.313779987278
95820169.71399282,1988.685507211392
95825518.61614841,1989.0181601101644
95830867.2065996,1989.3281055862788
95836215.49926889,1989.6748206764296
95841563.65131654,1990.0085789887305
95846911.52603574,1990.2632705945182
95852258.97137049,1990.5304293823451
95857606.22616151,1990.8958062676534
95862953.24591568,1991.2671427052987
95868299.93043557,1991.6244230633258
95873646.3399994,1991.984025918176
95878992.3874255,1992.331752838383
95884338.04177976,1992.6378969335642
95889683.50029358,1992.9490297821355
95895028.77097175,1993.2858406357523
95900373.72581579,1993.641869053329
95905718.23214288,1994.0182417177714
95911062.42312554,1994.3861360780793
95916406.26207697,1994.7149505390391
95921749.76403491,1995.0654810178983
95927093.04319267,1995.4377843611057
95932436.09096755,1995.711090031805
95937778.65068638,1995.9624859079063
95943120.99186775,1996.3555328905074
95948463.0733872,1996.745156823938
95953804.76684617,1997.1218977968028
95959146.17297034,1997.5028419847172
95964487.18735045,1997.879875409761
95969827.75745615,1998.2160885395847
95975168.05128919,1998.5477160791443
95980508.1188073,1998.917527728155
95985847.88353781,1999.2840475981977
95991187.16100203,1999.6794323816212
95996526.04719472,2000.089967728913
96001864.53864464,2000.4438921777967
96007202.65143143,2000.8158362940492
96012540.4427859,2001.2281449895202
96017878.04081264,2001.5488164428566
96023215.06502959,2001.8123262576148
96028551.7988665,2002.2288862044952
96033888.24330392,2002.6495901976512
96039224.26832299,2003.0629306337214
96044559.93335377,2003.461446289143
96049895.19224283,2003.8678854462878
96055229.95931047,2004.2482398361378
96060564.36147861,2004.6077463038864
96065898.48735842,2004.9858785030185
96071232.30693151,2005.4107890431576
96076565.57820033,2005.8219883644708
96081898.3988217,2006.279250335823
96087230.78794147,2006.6877183240579
96092562.7169774,2007.0874138413578
96097894.2326939,2007.5439832825175
96103225.53014117,2007.9234476675947
96108556.19284812,2008.2295695915334
96113886.47966021,2008.6541827103374
96119216.41326985,2009.1187551195635
96124545.91418764,2009.5959035014619
96129874.94316,2010.0309177369995
96135203.53539254,2010.5005042063792
96140531.56663278,2010.9426834080884
96145859.10135368,2011.3486668913624
96151186.28932606,2011.7837537830383
96156513.11475626,2012.2487924874865
96161839.3575629,2012.699450638483
96167165.03839238,2013.219188915792
96172490.19831884,2013.7040675390717
96177814.81417596,2014.150483759544
96183138.91370924,2014.672169539901
96188462.69613549,2015.1389405248215
96193785.81306814,2015.533510648451
96199108.39576586,2015.9904335364342
96204430.52198961,2016.5370786259364
96209752.1575749,2017.0875293046713
96215073.19886518,2017.6081740833047
96220393.63865817,2018.041304073215
96225719.71690533,2011.7288362414934
96231047.88819407,2012.0777006058088
96236381.3385522,2005.701741888179
96241717.78755367,2006.0783297979458
96247058.88392715,1999.7344843644887
96252403.34188531,2000.0931361147268
96257752.12397112,1993.7714434195125
96263104.86829925,1994.0469116785027
96268457.33115073,1994.3568628308071
96273809.6920947,1994.6537900732496
96279161.76907948,1994.847340115284
96284513.51672019,1995.0695127664858
96289865.08225866,1995.4035138783015
96295216.45895608,1995.7314809735406
96300567.49641384,1996.0262739876325
96305918.33262034,1996.3347934788494
96311268.83179063,1996.6489467295842
96316618.96707034,1996.9045311307377
96321968.94494146,1997.1823669781825
96327318.7911579,1997.4689993749512
96332668.35148853,1997.7832953894115
96338017.47565104,1998.120719404386
96343366.30891147,1998.4447296351445
96348714.81930804,1998.7288741883776
96354063.02614547,1999.0430292864492
96359411.05668376,1999.3645075445106
96364758.85839017,1999.5935979667652
96370106.22403702,1999.8182696696795
96375453.3975834,2000.15770834706
96380800.35723223,2000.5002793407987
96386146.97495787,2000.824126630938
96391493.33103265,2001.1513389060951
96396839.32914177,2001.4649772598964
96402184.94812106,2001.7448173107243
96407530.35309367,2002.0258115366894
96412875.58020295,2002.3383984796633
96418220.52042311,2002.6772396372467
96423565.0102197,2003.0191235249988
96428909.1722334,2003.3651842088993
96434252.9839043,2003.669587340463
96439596.46188892,2003.9877281601528
96444939.68950218,2004.3295249980288
96450282.73471797,2004.6006812410305
96455625.24802518,2004.8143988988625
96460967.56188464,2005.176969889035
96466309.6253058,2005.540560767604
96471651.31367454,2005.895800638063
96476992.6786643,2006.2342561994453
96482333.69993137,2006.5742766705657
96487674.28306092,2006.891395781357
96493014.57408944,2007.1922644153492
96498354.65912896,2007.5369299555773
96503694.4698485,2007.8894206309583
96509033.76422323,2008.239713433577
96514372.68619174,2008.6234104329963
96519711.22464201,2008.9614570778767
96525049.36892915,2009.3029232363765
96530387.17545438,2009.6873891346831
96535724.80845109,2009.9931051584174
96541061.85918786,2010.2316955741549
96546398.63399492,2010.610119933245
96551735.11318803,2011.0030726292364
96557071.19636847,2011.390507322546
96562406.90783207,2011.749987122365
96567742.2476833,2012.1314839429149
96573077.09999527,2012.486830671197
96578411.56739406,2012.8178892323504
96583745.77000602,2013.1752839363312
96589079.68390393,2013.5798097788952
96594413.0425916,2013.9574275437474
96599745.94418003,2014.3836727519927
96605078.41781169,2014.7789645569796
96610410.42695071,2015.1386172602236
96615742.013847,2015.5741513648081
96621073.37969333,2015.936013452288
96626404.1480599,2016.2171670960508
96631734.5411328,2016.6212595553989
96637064.54320161,2017.0646276739285
96642394.12890789,2017.5229364514412
96647723.2379814,2017.9360824232238
96653051.89661138,2018.3705163592335
96658380.01304041,2018.7838493618458
96663707.62542026,2019.1612897097352
96669034.90520743,2019.5629702723945
96674361.82072085,2020.0075483092508
96679688.17370553,2020.443673591488
96685013.94810072,2020.9259636601187
96690339.23512621,2021.3816481653316
96695663.97686969,2021.806139275563
96700988.18947962,2022.293437310499
96706312.08193187,2022.740986204568
96711635.3470333,2023.1064146361912
96716958.04194954,2023.5340914366052
96722280.28891154,2024.056720424098
96727602.05422275,2024.573461823704
96732923.24268036,2025.073933130976
96738243.8822683,2025.5834959846982
96743563.90049139,2026.0884421199037
96748883.2535345,2026.5515188075356
96754202.1582988,2027.0381810324593
96759520.59043668,2027.5640765137248
96764838.37186062,2028.1168032940286
96770155.4031498,2028.7020700389073
96775471.78094019,2029.2586587452322
96780787.48919713,2029.7989127967344
96786102.53440228,2030.3725683180805
96791417.0436441,2030.9573716181687
96796730.77842085,2031.1484463713925
96802051.3218241,2025.185658372604
96807372.66826218,2025.5212411586022
96812700.53088568,2019.556759845851
96818029.78776588,2019.8541636709124
96823365.05026563,2013.8074007878536
96828702.38647617,2014.1070755184962
96834045.11101949,2007.9883961156313
96839390.67890821,2008.2582095934122
96844736.07451658,2008.5574437607002
96850081.18940601,2008.8768978020742
96855425.84363987,2009.2017523613558
96860770.16896366,2009.5442282259664
96866114.11633578,2009.8279137473137
96871457.71968117,2010.146703861633
96876801.06583014,2010.4709938514059
96882144.23115177,2010.7206392846856
96887486.85830477,2010.950599764198
96892829.2568741,2011.297195077755
96898171.39950755,2011.651053944801
96903513.16250359,2011.9790078328906
96908854.62656724,2012.3267805984842
96914195.70159313,2012.6538300018653
96919536.33841239,2012.9476451122669
96924876.67303516,2013.245547593324
96930216.8193615,2013.5638345629163
96935556.65516844,2013.915195661842
96940895.97644195,2014.2576509889832
96946234.89689098,2014.6424689972253
96951573.42866124,2014.9670343635214
96956911.55846162,2015.2958149140138
96962249.34064494,2015.6608043537599
96967586.94924265,2015.955952556494
96972923.9559729,2016.1994801190756
96978260.67291184,2016.5688886480116
96983597.08105467,2016.9529909553698
96988933.09354171,2017.3290730480699
96994268.7273457,2017.692958751738
96999603.95435135,2018.0602307552272
97004938.69029579,2018.398786780922
97010273.03586422,2018.7186732357607
97015607.12221532,2019.0643090470662
97020940.91908224,2019.4682589872584
97026274.13500038,2019.839850094111
97031606.86754672,2020.2483753232102
97036939.1684389,2020.6260465551811
97042271.00667961,2020.9774209711886
97047602.41697957,2021.3901570676621
97052933.60585931,2021.7510390998132
97058264.15667328,2022.0533444716257
97063594.29092535,2022.421560534214
97068924.0531946,2022.8692270701952
97074253.386064,2023.3001858171895
97079582.24190807,2023.7080691110455
97084910.6243115,2024.134337898711
97090238.46959807,2024.5339704902954
97095565.79950857,2024.9016771608167
97100892.7852117,2025.2969110405252
97106219.41719474,2025.7460330636773
97111545.45410103,2026.1708297994219
97116870.89003856,2026.6461456943446
97122195.82145904,2027.0949732999497
97127520.19615796,2027.5131653081708
97132844.02048695,2027.989364794701
97138167.50632542,2028.422759856813
97143490.36534137,2028.7879144865171
97148812.63767993,2029.223829259
97154134.42840259,2029.7396030030516
97159455.72340243,2030.2559681513972
97164776.41959542,2030.7451881903403
97170096.56293209,2031.2582101858302
97175416.02936068,2031.7516442626086
97180734.8382106,2032.2034088719818
97186053.17919475,2032.6879499903903
97191371.07690538,2033.18778346028
97196688.32352652,2033.7195597888
97202004.79204994,2034.2901683896393
97207320.62088458,2034.859879149912
97212635.72508669,2035.4004694735422
97217949.98054975,2035.6462075192803
97223271.36938736,2029.9061279196362
97228593.46582255,2030.0881196492173
97233921.91745715,2024.1621330326707
97239251.86731157,2024.484855221856
97244587.89067397,2018.603960052765
97249925.92259465,2018.8761528950547
97255269.5772538,2012.947239846066
97260615.86201297,2013.245861707107
97265961.728007,2013.4944062473003
97271307.3794387,2013.7554417593385
97276652.86341019,2014.0419167499192
97281998.0545659,2014.3372205644566
97287342.7949196,2014.6449485130006
97292687.19084471,2014.9859146002852
97298031.19954748,2015.2553709597664
97303374.86565761,2015.559883799569
97308718.2611208,2015.8723214232557
97314061.47389527,2016.1068931245222
97319404.1807381,2016.3354826651548
97324746.6115826,2016.6813434635658
97330088.78252165,2017.0326379701232
97335430.55073228,2017.348332430728
97340772.02840841,2017.6798562393194
97346113.09861921,2018.0002451299404
97351453.71103555,2018.2767027205814
97356794.03813666,2018.5593478391452
97362134.15992494,2018.8543567721597
97367474.03128135,2019.1764428882966
97372813.38404745,2019.5148520233329
97378152.31704545,2019.8841838779265
97383490.84341696,2020.1950994179244
97388828.96987647,2020.5127288009078
97394166.73963675,2020.8621459485107
97399504.33000298,2021.1483053468226
97404841.32562578,2021.4007814485965
97410177.99259068,2021.762625185669
97415514.34702909,2022.1438132350393
97420850.28494748,2022.508516746882
97426185.84801005,2022.863928193684
97431520.97966452,2023.2195079899452
97436855.61177711,2023.5427961611147
97442189.85773857,2023.8576369234434
97447523.84176262,2024.1807763507616
97452857.54717307,2024.5697837549144
97458190.6653324,2024.9388822018586
97463523.27472177,2025.3323581089862
97468855.45700507,2025.699233148552
97474187.16961007,2026.0480992586129
97479518.43475859,2026.4530207223702
97484849.46644029,2026.7912543619427
97490179.86834346,2027.079799643878
97495509.84543683,2027.4578514042423
97500839.45004188,2027.8891298545352
97506168.59949633,2028.3131193037584
97511497.27939524,2028.704171413757
97516825.48581642,2029.1271665473141
97522153.12433925,2029.5168913094087
97527480.24197653,2029.878355116859
97532807.01227538,2030.2649210817067
97538133.43633455,2030.6965822495742
97543459.25537612,2031.1131881281315
97548784.46932127,2031.6003058523293
97554109.12223783,2032.0455226591462
97559433.1990021,2032.451772712956
97564756.72391947,2032.9214771645268
97570079.89415044,2033.3525795262033
97575402.4185211,2033.7145438046966
97580724.37925091,2034.1389668743914
97586045.82781023,2034.6531336300513
97591366.768569,2035.1686733426577
97596687.06868382,2035.6404529373867
97602006.82560426,2036.1416768572874
97607325.91092408,2036.6418050309428
97612644.29721385,2037.0915794050702
97617962.20244183,2037.5884639994042
97623279.62712854,2038.0975202015934
97628596.35684052,2038.6173592251278
97633912.32383104,2039.1854111621296
97639227.42976128,2039.3601017250007
97644549.76566958,2033.787977303718
97649872.475008,2033.9872963613718
97655202.10179761,2028.3116178931987
97660532.88111201,2028.4600428918939
97665869.83947442,2022.645887380302
97671208.66212025,2022.9185386652437
97676553.43845582,2017.175464097188
97681900.53378233,2017.462642249239
97687247.35502368,2017.7500710338577
97692593.81354332,2018.0328370132818
97697939.85278948,2018.2693120936
97703285.68353033,2018.5228000768998
97708631.3547487,2018.7991994063912
97713976.71364367,2019.0870988656893
97719321.61278068,2019.383326759495
97724666.16528325,2019.7126039369784
97730010.32313685,2019.974209417756
97735354.13515313,2020.2670988301668
97740697.67336759,2020.5725474974245
97746041.00893478,2020.8014627300633
97751383.84801753,2021.0171713306318
97756726.40794006,2021.3595988710056
97762068.69812942,2021.7039566292808
97767410.57456046,2022.016332218932
97772752.14281178,2022.33036085791
97778093.30399589,2022.6423120839377
97783433.99919735,2022.9093897831303
97788774.41622512,2023.1827075039944
97794114.61825213,2023.4671023120086
97799454.56610581,2023.7846596412423
97804793.99336687,2024.116421574889
97810132.98759302,2024.4775449299905
97815471.55913581,2024.781640799348
97820809.72401422,2025.0925486613087
97826147.52519937,2025.4336187921208
97831485.13134694,2025.7135947689533
97836822.14671333,2025.964848412216
97842158.8193648,2026.3238296329387
97847495.16882673,2026.7011605794075
97852831.08439097,2027.0573359912757
97858166.61876322,2027.4013796936488
97863501.71441822,2027.7488449955713
97868836.3025669,2028.0629217439105
97874170.50336991,2028.374638024547
97879504.43576397,2028.6899707561531
97884838.08971503,2029.0640982614286
97890171.14694883,2029.4298605561337
97895503.67688066,2029.8278224740611
97900835.76211107,2030.1921025525737
97906167.35851768,2030.5353213333979
97911498.49777687,2030.9366616572786
97916829.39104418,2031.269966730272
97922159.65724684,2031.5446260401793
97927489.50218104,2031.9317479842832
97932818.94598049,2032.3577233637648
97938147.91576865,2032.7786403146263
97943476.3967375,2033.1675890445408
97948804.39827968,2033.5869602479029
97954131.80773899,2033.9704092383754
97959458.6892622,2034.3299335399568
97964785.2212534,2034.7118778419817
97970111.39755589,2035.1266803792969
97975436.96705264,2035.5404018015934
97980761.91741867,2036.0260229755836
97986086.28522868,2036.4718846219898
97991410.0544386,2036.8779837117017
97996733.25509568,2037.3460592244094
98002056.08729394,2037.7788564503649
98007378.24886781,2038.1482349910377
98012699.8356012,2038.5701468465036
98018020.8940333,2039.087800366615
98023341.42161904,2039.6039522880249
98028661.27769266,2040.0752509743415
98033980.57210556,2040.5715427433659
98039299.19574161,2041.0693634976967
98044617.09013076,2041.5249492801145
98049934.49332738,2042.0212527657782
98055251.3907009,2042.5383943781317
98060567.56628932,2043.0606970565204
98065882.93909776,2043.6466270240176
98071197.43822476,2043.8510409605724
98076519.0119278,2038.3509039780015
98081841.07058477,2038.5741320363784
98087169.88873884,2032.9701435977286
98092499.9861631,2033.147636290171
98097836.0937332,2027.4143069854026
98103174.19973585,2027.6958161507432
98108518.095635,2022.033215142371
98113864.4543198,2022.3165697183729
98119210.51626962,2022.598998411051
98124556.2055883,2022.8707700345922
98129901.47385225,2023.101706202413
98135246.53407936,2023.3517849784882
98140591.44503465,2023.631616047716
98145936.0131239,2023.9186186928996
98151280.09778604,2024.2112608789444
98156623.8321101,2024.528967475159
98161967.16335747,2024.7914613350786
98167310.1393342,2025.076453921241
98172652.83509916,2025.3824668241116
98177995.29932667,2025.6188076683538
98183337.25054945,2025.8176038239517
98188678.94174051,2026.1574938627182
98194020.34835744,2026.4947364442746
98199361.32952541,2026.8128560437997
98204701.97181244,2027.1172107183613
98210042.21296576,2027.4263728066164
98215381.9765083,2027.6917290419653
98220721.4517644,2027.9661519346191
98226060.69857073,2028.2475107468722
98231399.67098945,2028.572013255845
98236738.1153473,2028.8989564508224
98242076.11439882,2029.2585154142741
98247413.6706743,2029.566730938563
98252750.80088021,2029.877802629561
98258087.55376972,2030.2225772458291
98263424.08516859,2030.5038131280078
98268760.01609692,2030.7447455599681
98274095.61450335,2031.1075836691857
98279430.86727019,2031.4849410357926
98284765.6690953,2031.841529681806
98290100.06676696,2032.1803558578588
98295434.0213641,2032.528609538308
98300767.45404267,2032.8445341397037
98306100.48390639,2033.1622271748106
98311433.2293511,2033.4821657532345
98316765.68401523,2033.8456217437097
98322097.53182557,2034.206507503065
98327428.85956365,2034.625926511886
98332759.68262976,2035.0051003718686
98338089.96945429,2035.3423028760355
98343419.78521919,2035.7509376063824
98348749.34189838,2036.1025416856348
98354078.25308761,2036.3780516673685
98359406.73730616,2036.773435525902
98364734.77329625,2037.210500256761
98370062.31398737,2037.6416820608238
98375389.32434708,2038.0411033410305
98380715.8424038,2038.46550260903
98386041.73249671,2038.8557137129515
98391367.07067764,2039.2246050950828
98396692.04663591,2039.6147528987565
98402016.63129653,2040.030290831607
98407340.59425843,2040.4549909607074
98412663.86944105,2040.8807297128483
98417992.20551442,2035.15217106062
98423323.27867024,2035.467731389544
98428658.93277672,2029.7281898920014
98433998.23587053,2030.0098540464112
98439341.6345605,2024.1863230530757
98444689.0655787,2024.4030486995446
98450036.25020531,2024.709128582399
98455383.17576654,2025.0079983224066
98460729.73606819,2025.259418519359
98466076.01313682,2025.5367037275073
98471421.89646262,2025.790960085992
98476767.39270522,2026.007889804084
98482112.72220317,2026.2612088100664
98487457.91073789,2026.5190528759035
98492802.71764098,2026.7779281130593
98498147.05785447,2027.0914550118314
98503491.05540021,2027.3815582177938
98508834.66145477,2027.63259606116
98514177.90895948,2027.9209407113583
98519520.95492128,2028.1929022075453
98524863.67860578,2028.4060198490856
98530205.96490581,2028.6329658289444
98535547.9850479,2028.9594088493263
98540889.72259897,2029.2836389372071
98546231.05272825,2029.5689473636824
98551572.05615433,2029.87090432819
98556912.63836138,2030.1498656672584
98562252.77939157,2030.3955038341821
98567592.69694823,2030.6602355062369
98572932.44307803,2030.9443868705514
98578271.82366687,2031.2485540994594
98583610.65806368,2031.5775564903774
98588949.09246784,2031.9096670411486
98594287.08536509,2032.2035718456018
98599624.66913153,2032.5135178640044
98604961.95059684,2032.823103541123
98610298.95791514,2033.0748112961724
98615635.40116258,2033.3248123237236
98620971.54811059,2033.6808604927626
98626307.35751955,2034.0377030638201
98631642.70404775,2034.3686032865398
98636977.68218818,2034.7165794258171
98642312.18018895,2035.046574748954
98647646.15957297,2035.3302053170194
98652979.81384867,2035.6438222337529
98658313.22213918,2035.9553930938164
98663646.25265752,2036.3113848273545
98668978.6810814,2036.6712211273311
98674310.60986167,2037.0703775221239
98679642.04790331,2037.410884693719
98684972.99844517,2037.7610442465143
98690303.52862146,2038.1321795763918
98695633.77343786,2038.4453249946073
98700963.35702892,2038.733492636282
98706292.5548547,2039.1406589274638
98711621.33966039,2039.5609651303876
98716949.59177461,2039.957745127107
98722277.38756174,2040.3550255167224
98727604.6304702,2040.7456801026037
98732931.27429178,2041.099480903991
98738257.46245137,2041.4625127514269
98743583.31420416,2041.8287960209038
98748908.77697411,2042.239273493837
98754233.5466863,2042.671753651687
98759557.688926,2043.1314012355072
98764881.27206191,2043.5558187182826
98770204.2556852,2043.9643511027816
98775526.67490369,2044.4268338540633
98780848.74239199,2044.8283083659644
98786170.07775189,2045.1676549923327
98791490.89532284,2045.6397110146197
98796811.17196557,2046.1440284142468
98802130.83524849,2046.6427666851578
98807449.86734661,2047.1181369832625
98812768.12733048,2047.283233194452
98818093.37082848,2041.871446537213
98823419.28255716,2042.0109709803348
98828751.98903732,2036.5071194860548
98834086.21804716,2036.690181832677
98839426.52484414,2031.1684361265852
98844768.76226345,2031.4967286105827
98850110.61322322,2031.7915701976576
98855452.04241961,2032.0491450196314
98860793.09757313,2032.3574693215999
98866133.98650886,2032.627774687979
98871474.40429702,2032.840822004696
98876814.45364712,2033.1147439723454
98882154.19191818,2033.4590644851287
98887493.589882,2033.7963040393906
98892832.55275956,2034.0897292983052
98898171.16229528,2034.413192701432
98903509.29052028,2034.6963090031422
98908846.97981279,2034.9570985286937
98914184.43608482,2035.2441070748082
98919521.68817416,2035.5446801595117
98924858.48250641,2035.8487779136997
98930194.7275457,2036.2143346722485
98935530.54748347,2036.5522230630563
98940865.89637704,2036.8486239044703
98946200.8065454,2037.1881413132814
98951535.43881594,2037.506737106943
98956869.65867455,2037.7714629311772
98962203.37779497,2038.0509975678
98967536.73646438,2038.4343432930243
98972869.7229087,2038.8169798217805
98978202.19929835,2039.1541328257606
98983534.26423454,2039.5180847273616
98988865.81217799,2039.8621398249493
98994196.8046783,2040.1698256811578
98999527.48449196,2040.5073332418965
99004857.88556252,2040.8516861836001
99010187.81396137,2041.2126172258972
99015517.1001112,2041.6151150201451
99020845.87831256,2042.0241463728744
99026174.08890393,2042.3851022017684
99031501.77702245,2042.7751228677437
99036829.04852177,2043.1670155954425
99042155.91893512,2043.4893718360026
99047482.15734285,2043.8232344843118
99052807.93926874,2044.2725222954882
99058133.25981635,2044.7274267205794
99063457.95636204,2045.1560752375494
99068782.13947402,2045.5769190280853
99074105.72347744,2046.0074693976792
99079428.62932064,2046.3918527489702
99084751.07691304,2046.799380984355
99090073.10567054,2047.210891175499
99095394.62461382,2047.678099447989
99100715.39741814,2048.1440582153964
99106035.51778315,2048.649131792614
99111354.88197112,2048.9413293823554
99116680.43462093,2043.4487515183598
99122007.55773005,2043.753239498063
99127340.61073668,2038.1706149773756
99132675.71413432,2038.3484189742014
99138016.23272595,2032.8245719468687
99143359.67508875,2033.1387334361816
99148702.7259007,2033.431824569369
99154045.4429521,2033.7129147492378
99159387.77951157,2033.9937392850727
99164729.66528922,2034.2421240415526
99170071.24010223,2034.4987878992422
99175412.62755792,2034.7627547836355
99180753.77692932,2035.0428854026281
99186094.41348775,2035.3306304414893
99191434.62462993,2035.6677944685825
99196774.41497745,2035.9669935319107
99202113.76177585,2036.2326433530234
99207452.73897745,2036.5517750787967
99212791.55672297,2036.825339610416
99218129.82472831,2037.0263172085968
99223467.78574386,2037.3453737951777
99228805.40100957,2037.6946904027936
99234142.60195531,2038.033094630911
99239479.37891151,2038.3492315122887
99244815.76427628,2038.67948128899
99250151.6199035,2038.9688630336714
99255487.05777365,2039.2528814546486
99260822.26914816,2039.5477608823219
99266157.20834477,2039.8629892114313
99271491.61642762,2040.1911167647304
99276825.49555567,2040.576969588341
99282158.89789106,2040.9220408581502
99287491.79316838,2041.2333151151715
99292824.23372523,2041.5957185492553
99298156.42971855,2041.9195057937488
99303488.0689548,2042.1912505780178
99308819.25903381,2042.5231097110657
99314150.04908593,2042.9291072995952
99319480.39767958,2043.3300544693104
99324810.20237316,2043.6869702362305
99330139.55737475,2044.0728489410883
99335468.3386068,2044.4266972680969
99340796.56315978,2044.7585957946155
99346124.45981395,2045.1319861479255
99351452.01722868,2045.516465555987
99356778.97780794,2045.8937154348637
99362105.30203754,2046.3196962133309
99367431.09710811,2046.7392919747692
99372756.28444898,2047.1277338667974
99378080.90469587,2047.5526507518625
99383405.1305774,2047.9503932555485
99388728.80231096,2048.300265998296
99394051.86230798,2048.672816411505
99399374.43088403,2049.1601374877177
99404696.4746412,2049.642868417319
99410017.85360211,2050.0998576906154
99415338.64465643,2050.5684871404424
99420658.77417299,2051.0146722438158
99425978.1846417,2051.4349033962812
99431297.12520812,2051.8881141333495
99436615.61758211,2052.3449867093263
99441933.4446997,2052.859430099556
99447250.43748786,2053.385301150045
99452566.74277054,2053.9145151973303
99457882.32201794,2054.426477179635
99463197.16925076,2054.951942965869
99468511.38357146,2055.4833581331295
99473825.01997751,2055.967040571717
99479137.77716796,2056.457401240458
99484449.86554664,2057.072787691041
99489760.9885094,2057.165783984795
99495079.7137326,2052.0942584121854
99500398.34662573,2052.2289617241727
99505724.08924255,2047.0021660164025
99511050.30699112,2047.111360940442
99516383.32847552,2041.7708233672145
99521717.8076834,2041.9102901206174
99527058.638004,2036.5588228045156
99532401.23835364,2036.8563260601181
99537743.40234399,2037.1780677893742
99543085.14104506,2037.454046766802
99548426.48011018,2037.727139795476
99553767.46426979,2038.0308671995683
99559108.27246295,2038.2815473345725
99564448.53785102,2038.4901902291365
99569788.51016217,2038.8121641835573
99575128.16046585,2039.149579898643
99580467.35774346,2039.4643539932113
99585806.18371962,2039.782599114858
99591144.56460318,2040.0888383334807
99596482.44681458,2040.356743945084
99601819.96883464,2040.6423654651155
99607157.27654886,2040.9248177033114
99612494.30043098,2041.2464400569818
99617830.72816141,2041.5844506575327
99623166.64590701,2041.9532490215481
99628502.10383719,2042.2667846377283
99633837.09591416,2042.5745858947846
99639171.63854282,2042.9221002460574
99644505.9782377,2043.224252914189
99649839.7304909,2043.4695776193148
99655173.0807765,2043.8010203640602
99660506.07044402,2044.188989997574
99665838.58937751,2044.5592514563557
99671170.62156194,2044.9156252718658
99676502.17914225,2045.2846080028962
99681833.15977108,2045.613933783235
99687163.6448124,2045.9424140536955
99692493.84274852,2046.28156975894
99697823.7063923,2046.6516009578884
99703152.94225384,2047.0258528231382
99708481.56734887,2047.457077612254
99713809.65170807,2047.848602283438
99719137.15807025,2048.2113912037007
99724464.1213751,2048.6237531682436
99729790.76541337,2048.9824679308244
99735116.81410922,2049.3198049546154
99740442.30059178,2049.7028780404653
99745767.3009593,2050.1634674501547
99751091.77885523,2050.6267962093534
99756415.61868906,2051.041002343794
99761738.91289671,2051.4970111330417
99767061.53229302,2051.9119371958623
99772383.48616436,2052.311367567817
99777705.00620785,2052.737617789979
99783026.09224963,2053.1958711810667
99788346.52191974,2053.6628466482994
99793666.1591698,2054.173722008893
99798985.03135875,2054.4839032453165
99804310.13692622,2049.1338938994163
99809636.6408877,2049.422881602591
99814969.11268383,2044.0142580071301
99820303.7574904,2044.2212504634667
99825643.72244242,2038.7458998134807
99830986.52924272,2039.069436502722
99836329.0250738,2039.3882974051628
99841671.06845878,2039.675356725711
99847012.76564893,2039.9737157443192
99852354.04454488,2040.2533149612877
99857694.82679926,2040.4945408098642
99863035.386783,2040.77358706884
99868375.75302711,2041.0337217807928
99873715.73869336,2041.3368562200467
99879055.18920581,2041.664612335587
99884394.19617824,2041.9965524090153
99889732.72834891,2042.2797743072324
99895070.84597787,2042.5786463421962
99900408.64911784,2042.8895247704606
99905746.18106376,2043.1377034035102
99911083.18824852,2043.3793042273153
99916419.86296912,2043.7339791315733
99921756.18098395,2044.0925943006946
99927091.9863921,2044.4288411632072
99932427.41050076,2044.7709558508586
99937762.32926434,2045.0972204497225
99943096.6918252,2045.3780421459523
99948430.7265312,2045.6948774268922
99953764.50191207,2045.99387376269
99959097.89692326,2046.3506495070262
99964430.66886921,2046.7149805164481
99969762.91577436,2047.097958464102
99975094.63842128,2047.4421937190036
99980425.85914475,2047.7825922645172
99985756.62786385,2048.1534395043436
99991087.12333894,2048.474093562852
99996416.97379221,2048.7508778858814
100001746.43565021,2049.150722952866
100007075.46090259,2049.562237469984
100012403.90689148,2049.957828226269
100017731.85968582,2050.3464523705156
100023059.28497443,2050.7448216998782
100028386.04818903,2051.1010596499505
100033712.32130066,2051.477830886772
100039038.24232084,2051.8635284640936
100044363.72189309,2052.2708316499265
100049688.50970471,2052.6778838207847
100055012.67016806,2053.1457954831326
100060336.21074063,2053.5762711733414
100065659.11837584,2053.9855496927175
100070981.44184169,2054.434207206638
100076303.39929917,2054.843248017704
100081624.62881218,2055.2073233610895
100086945.31456396,2055.662610905155
100092265.43657656,2056.1726730327805
100097584.86941005,2056.5880452465885
100102909.74164258,2051.2045038083816
100108236.85893904,2051.5558419758454
100113568.89479771,2046.1042552511065
100118903.84742403,2046.379579015599
100124243.57642998,2040.9357923220282
100129587.0089644,2041.2100124174076
100134934.51025058,2035.811069193372
100140285.99805318,2036.0761377963647
100145637.1765133,2036.3251946766882
100150987.99847876,2036.5314727606715
100156338.49832718,2036.7896932694562
100161688.89731574,2037.0015309040775
100167038.93503922,2037.1613900787704
100172388.70301096,2037.3695351692152
100177738.22829375,2037.6572284747906
100183087.47273527,2037.9412114111383
100188436.32996139,2038.178630790223
100193784.90397632,2038.448643068571
100199133.0639323,2038.6709774124529
100204480.85119057,2038.8810146712462
100209828.49659407,2039.1105506009642
100215176.00033312,2039.356071004623
100220523.11676477,2039.6201367945264
100225869.74141483,2039.9176304150958
100231216.0052591,2040.1792534633619
100236561.90155856,2040.4129466919799
100241907.438724,2040.681572057229
100247252.80623142,2040.9201336666197
100252597.86904076,2041.1328876728262
100257942.53265204,2041.342471087547
100263286.93961646,2041.6506092371383
100268631.04604408,2041.9561447756425
100273974.72256629,2042.234708096472
100279318.05292709,2042.5246463845247
100284660.96005927,2042.776389840374
100290003.41967468,2043.0111440617559
100295345.68687107,2043.2772550285829
100300687.7591811,2043.5416959346371
100306029.45221291,2043.8351482908872
100311370.6040036,2044.1550677717241
100316711.35877374,2044.444616481393
100322051.69227098,2044.7234657095503
100327391.6226191,2045.003619213714
100332731.27925973,2045.2908388782769
100338070.65422007,2045.5401245358382
100343409.51403293,2045.7620032298403
100348748.11238068,2046.0979201549585
100354086.36662048,2046.4275240245129
100359424.13911228,2046.7551987696284
100364761.51887687,2047.0690248531796
100370098.44759968,2047.3729086468165
100375434.84740818,2047.6423525288867
100380770.96588516,2047.945351413439
100386106.83274734,2048.2425295985886
100391442.28029753,2048.593658319008
100396777.13357496,2048.9330241604966
100402111.52678864,2049.2831617460643
100407445.43214336,2049.610314439552
100412778.85476919,2049.9315798200996
100418111.88821235,2050.2727279567803
100423444.65869443,2050.566371354247
100428776.82627207,2050.818263357195
100434108.66093202,2051.195538366843
100439440.0851689,2051.5809616356887
100444770.95915785,2051.9562487209623
100450101.36936837,2052.327029182563
100455431.25405923,2052.690234598785
100460760.53370354,2053.016097495407
100466089.39003171,2053.37035693523
100471417.93487523,2053.734503872272
100476746.0424641,2054.1174973988673
100482073.48575458,2054.5156263433782
100487400.3152121,2054.9310137124103
100492726.61278132,2055.316029335816
100498052.34021209,2055.70500969671
100503377.53773727,2056.1038765170906
100508702.42871386,2056.4777888346507
100514026.60609712,2056.8159775088407
100519350.30603543,2057.2422110985704
100524673.51199247,2057.7082519685778
100529996.10419609,2058.168682741193
100535318.07376911,2058.6199427684933
100540639.4194973,2059.0676281799288
100545960.05780485,2059.4848836946685
100551280.08179875,2059.92408137559
100556599.67146467,2060.369989496229
100561918.75410609,2060.859424565198
100567237.02789527,2061.35285696132
100572554.5281943,2061.8960853729154
100577871.33243576,2062.4006926319407
100583187.3852458,2062.888353678504
100588502.7339383,2063.428159364661
100593817.5967663,2063.910573713855
100599131.68614037,2064.3752259001253
100604445.04407148,2064.901389148763
100609757.71263285,2065.5103875759237
100615069.6386108,2066.1259872484934
100620380.6912007,2066.704128648723
100625690.97837901,2067.321470057081
100631000.06582808,2067.332934740768
100636316.83205321,2062.4295833223005
100641633.47451566,2062.5331606420154
100646957.5127875,2057.5289451786157
100652281.90820439,2057.6819851542423
100657612.96195264,2052.6118923674894
100662945.12277085,2052.8027262664946
100668283.5617902,2047.6224822644867
100673623.72687702,2047.8122495615862
100678969.99811064,2042.6148012464462
100684318.66192682,2042.8125887232522
100689666.95862234,2043.0104128378653
100695015.00992389,2043.3075165842642
100700362.7698486,2043.5989882087783
100705710.09889549,2043.8647940843862
100711057.11362042,2044.1438682261721
100716403.72490896,2044.3899274227188
100721749.88229547,2044.61106965764
100727095.86716019,2044.871652487453
100732441.65228225,2045.1105802007346
100737787.09611237,2045.385470269989
100743132.03209166,2045.6930043345535
100748476.57922976,2045.9859843590154
100753820.69418319,2046.2420343456022
100759164.4367786,2046.51043478238
100764507.92629111,2046.778377690584
100769851.18890427,2046.9981551061107
100775193.99152878,2047.220105707586
100780536.49749885,2047.5433401060006
100785878.68582281,2047.8627439065503
100791220.39992823,2048.158155786596
100796561.77483581,2048.4672359011984
100801902.69431315,2048.748833478669
100807243.1065913,2048.9956716130155
100812583.26032732,2049.286664711924
100817923.20816456,2049.562242570083
100823262.76377422,2049.884571797897
100828601.74874301,2050.219769563559
100833940.26609454,2050.5464951338126
100839278.31821091,2050.8357391778777
100844615.95242779,2051.1304442344726
100849953.22344795,2051.4390376266933
100855290.28982583,2051.713904116211
100860626.79970051,2051.954064804696
100865962.98039353,2052.3026010851017
100871298.78896064,2052.6619552588863
100876634.06943321,2053.008492365359
100881968.93008474,2053.3580801119842
100887303.28632718,2053.691375020314
100892637.06814834,2053.9801905202426
100897970.47290908,2054.3071772917747
100903303.60815959,2054.627596088135
100908636.37222956,2054.997101456883
100913968.4684502,2055.3727809913826
100919299.9956353,2055.770315017208
100924631.00893407,2056.1072527373226
100929961.51641953,2056.46047393226
100935291.52964482,2056.824677166557
100940621.29150881,2057.157763407964
100945950.41547687,2057.4539249645645
100951279.09995483,2057.83873413706
100956607.35228966,2058.2613881587154
100961935.02928598,2058.6700123071087
100967262.1605347,2059.0775249511785
100972588.7306609,2059.4880937304392
100977914.62961942,2059.853217868118
100983239.98491882,2060.2480857289133
100988564.9616554,2060.6454360562407
100993889.48166084,2061.0784126202543
100999213.28431568,2061.5171730730067
101004536.38963573,2061.9967454048633
101009858.87354101,2062.4358622491595
101015180.69308883,2062.8576621164466
101020501.90021305,2063.3284727809564
101025822.70890602,2063.7474500201847
101031142.83098356,2064.1395271666056
101036462.332049,2064.596349948461
101041781.23807164,2065.1250501860864
101047099.49043688,2065.6559520173287
101052416.974816,2066.1515474374755
101057733.80749361,2066.6781331114594
101063049.83307174,2067.169806822908
101068365.0729291,2067.666846835485
101073679.54768199,2067.75758537782
101079001.51290093,2062.8873707340276
101084323.62584026,2063.0376326529204
101089652.51246625,2058.0773578837457
101094982.33151843,2058.2638715777052
101100318.53058504,2053.1829838686235
101105656.30155933,2053.372357405971
101111000.28256507,2048.262794544982
101116346.51773867,2048.474984510786
101121692.37182882,2048.6906856545957
101127037.96135153,2049.0014763021395
101132383.23007725,2049.305143900104
101137728.04098706,2049.585995750747
101143072.51640704,2049.8806444022953
101148416.55368781,2050.1372498338947
101153760.11852661,2050.376469133341
101159103.49054968,2050.6540799942013
101164446.62103754,2050.9180008155213
101169789.37510142,2051.2073944793437
101175131.60105237,2051.53147342845
101180473.40940925,2051.8378475247578
101185814.76233323,2052.1137160952376
101191155.71357314,2052.3964936700854
101196496.39265083,2052.678836880411
101201836.80662563,2052.9231760364396
101207176.7454758,2053.1644612641458
101212516.35626566,2053.509923023451
101217855.61618295,2053.848146767556
101223194.36181505,2054.1640560347882
101228532.7372409,2054.49308463927
101233870.62394601,2054.791313045238
101239207.96524726,2055.0592280257233
101244545.02619998,2055.3749961881945
101249881.82672818,2055.6651621977167
101255218.21416931,2056.0134779137634
101260553.99666731,2056.3679929316586
101265889.28587201,2056.715367120083
101271224.07714295,2057.034590241039
101276558.40396783,2057.3531279624217
101281892.33788446,2057.685520021394
101287226.02265915,2057.988176319938
101292559.11598605,2058.257714403677
101297891.83757284,2058.6356016868713
101303224.14854021,2059.021683240485
101308555.88085599,2059.3965806258643
101313887.14679964,2059.768804793967
101319217.87739514,2060.1340753204995
101324547.97664084,2060.4532030234436
101329877.65374455,2060.8227689625664
101335206.99043873,2061.1803155956914
101340535.88833405,2061.5675317143814
101345864.1189212,2061.962776552544
101351191.75162858,2062.4035182035072
101356518.78390545,2062.7925008850884
101361845.23891045,2063.1753053286548
101367171.14694196,2063.5849216017027
101372496.73795603,2063.9550029420066
101377821.64418188,2064.2994799100306
101383146.0637287,2064.741915072439
101388469.95254715,2065.2070700969057
101393793.19705509,2065.673647039292
101399115.80506125,2066.1284278756407
101404437.7872868,2066.580922350832
101409759.02810621,2066.99560413063
101415079.64386089,2067.4444382004554
101420399.79933816,2067.899137173412
101425719.40720932,2068.3992696940495
101431038.21645218,2068.9017063637048
101436356.2421396,2069.41551285903
101441673.58344747,2069.9297660594293
101446990.17046666,2070.4139755048336
101452306.0296759,2070.9464797594846
101457621.39737593,2071.445047626292
101462935.94663154,2071.93734671358
101468249.74876906,2072.466275611318
101473562.86839,2073.079434409132
101478875.19790651,2073.6852619167685
101484186.38176912,2073.7312802535107
101489505.26063497,2069.0387966549893
101494823.8342145,2069.1060704993697
101500149.56281142,2064.2354964515016
101505476.00944304,2064.36602028516
101510809.3363846,2059.4526462882754
101516143.7823898,2059.6468946354903
101521484.38965167,2054.710649791292
101526826.83229414,2054.999104915746
101532168.85054387,2055.264094216458
101537510.46752504,2055.5579264469984
101542851.86818172,2055.8230325087166
101548192.93667921,2056.0710195211345
101553533.557405,2056.3207804747854
101558873.87084319,2056.66217678283
101564213.81281306,2056.993110367095
101569553.25664242,2057.307241495149
101574892.30874541,2057.6335902528185
101580230.85971794,2057.9160692806677
101585568.8980492,2058.192661041974
101590906.6781619,2058.5047404814222
101596244.20437446,2058.815367923173
101601581.2333999,2059.166175726874
101606917.6465278,2059.523374314009
101612253.60367,2059.8457757821698
101617589.08976887,2060.1753394738344
101622924.08466734,2060.4944280885097
101628258.74053459,2060.8105407968255
101633593.07939348,2061.1143482115785
101638926.83544858,2061.3902126529647
101644260.23594236,2061.7807979736212
101649593.21271233,2062.1573916125667
101654925.61518216,2062.5255841651633
101660257.54732707,2062.902113820346
101665588.93305105,2063.2509846994058
101670919.69601665,2063.5713822080434
101676250.08542395,2063.9433368549403
101681580.1309377,2064.309073780072
101686909.65594769,2064.7162660684094
101692238.48140228,2065.124556760558
101697566.73291324,2065.5302534361863
101702894.40821818,2065.912910054009
101708221.52417973,2066.2978438467985
101713548.14718233,2066.67972952467
101718874.44129206,2067.045160579733
101724200.02456473,2067.4073749414742
101729525.13303176,2067.8523150137185
101734849.71741524,2068.3119847228345
101740173.62507857,2068.752792880719
101745496.96364804,2069.209121941478
101750819.62560405,2069.652106522769
101756141.5571349,2070.04876261789
101761462.93051048,2070.503126782175
101766783.84189214,2070.9460040837744
101772104.20540746,2071.4499210598233
101777423.7413397,2071.929840615006
101782742.36446533,2072.1454845459425
101788067.83494534,2067.29576494131
101793394.11051773,2067.4721714937004
101798726.82258187,2062.5520068918404
101804061.30733263,2062.721772504523
101809401.68237476,2057.71099614405
101814744.3065392,2058.0111923083045
101820086.59746625,2058.3341463190727
101825428.45185423,2058.645515622244
101830769.89388339,2058.9502818231317
101836110.92748818,2059.2538357376707
101841451.44646318,2059.509693202186
101846791.56626922,2059.7961413825547
101852131.45152411,2060.0714731818016
101857471.07332855,2060.3827198757062
101862810.16180772,2060.709326724943
101868148.7151349,2061.0591535111753
101873486.81131601,2061.371873357543
101878824.44675829,2061.659940604046
101884161.65072294,2061.982658405095
101889498.6609364,2062.261076253835
101894835.19220094,2062.534387445974
101900171.27809422,2062.85741202801
101905506.99673274,2063.227483271932
101910842.25602576,2063.5837860685415
101916177.00485902,2063.930761842191
101921511.30438764,2064.2796571198464
101926845.02830288,2064.583588801959
101932178.24490882,2064.9020946208016
101937511.17647852,2065.2339043785464
101942843.76216719,2065.595768205718
101948175.7753596,2065.97682332171
101953507.15005168,2066.3670749867406
101958838.00859116,2066.733658841881
101964168.32166737,2067.0789751745006
101969498.11927839,2067.454145465559
101974827.58249286,2067.7986405452016
101980156.5798037,2068.1338792026213
101985484.99854301,2068.48032348282
101990812.97740677,2068.9152336472425
101996140.44857451,2069.3397632623546
102001467.2713204,2069.739125992484
102006793.5832708,2070.165348138604
102012119.23875712,2070.5482621592187
102017444.22264859,2070.9232082019166
102022768.80050547,2071.348785138285
102028092.94775268,2071.7452515481164
102033416.49903244,2072.1903500366902
102038739.29135278,2072.6697829017553
102044061.41357899,2073.1418042228297
102049382.85337876,2073.584353429006
102054703.64921163,2074.0299168793326
102060023.90739702,2074.4762817937126
102065343.67010047,2074.9205631400027
102070662.54080534,2075.0929126676756
102075988.08026442,2070.294834685715
102081314.8265792,2070.566277517633
102086647.57677734,2065.6770920438207
102091982.18443552,2065.9239085412446
102097322.4339578,2060.9884466556255
102102665.02995849,2061.225906154206
102108007.37384334,2061.5133633670425
102113349.49209292,2061.7834624003744
102118691.25495563,2062.1011520933034
102124032.45463538,2062.40887909891
102129373.23111686,2062.7294847199837
102134713.56745954,2063.019156097542
102140053.47710596,2063.3041500249074
102145393.02817973,2063.596104714903
102150732.40135524,2063.8585371888303
102156071.25000837,2064.1077026032135
102161409.76605953,2064.4565290961564
102166747.91305391,2064.79956330839
102172085.53666495,2065.1254470746053
102177422.77415577,2065.450009871892
102182759.53116454,2065.7730364358413
102188095.72437651,2066.0423996942955
102193431.55540027,2066.365318411098
102198767.10600859,2066.6770263340263
102204102.298503,2067.0347334961652
102209436.89141211,2067.369633160584
102214770.95055999,2067.743895754733
102220104.5023222,2068.082540749297
102225437.556937,2068.402439151642
102230770.15884613,2068.7446518499028
102236102.53531195,2069.0530435753085
102241434.32409638,2069.3559241430476
102246765.70265736,2069.7404491283714
102252096.62950823,2070.1373515275213
102257426.99950726,2070.524951634422
102262756.84830971,2070.9068194472034
102268086.16349016,2071.288582515379
102273414.84101342,2071.6267942618547
102278743.00416717,2071.9953560713843
102284070.80625816,2072.365848344186
102289398.1974135,2072.758739090535
102294724.9260547,2073.174831135658
102300050.98828116,2073.6174523220607
102305376.4613918,2074.0429129156805
102310701.2954294,2074.4251540495743
102316025.5633762,2074.852989022305
102321349.45926608,2075.2466877449824
102326672.71798798,2075.627595537695
102331995.40405224,2076.051774489065
102337317.54367651,2076.5395868583837
102342639.05633588,2077.016301624606
102347959.84886739,2077.4794559820766
102353280.03566004,2077.957365939511
102358599.36504231,2078.190670553959
102363924.97117236,2073.341172119926
102369252.17197667,2073.605992350823
102374585.35790375,2068.742751574342
102379920.54331757,2069.0110610324477
102385261.06043956,2064.160671277286
102390604.2867895,2064.448603900558
102395947.07892494,2064.7089868684952
102401289.49349885,2064.986526139492
102406631.70971993,2065.2400044704805
102411973.58270927,2065.499488394343
102417315.02781214,2065.7559058531124
102422656.17189409,2066.0980081952653
102427996.95432428,2066.4211282674987
102433337.23432904,2066.717680641066
102438677.15253648,2067.0267164148727
102444016.60136995,2067.3005300276227
102449355.53802885,2067.5634180595853
102454694.24839664,2067.871404028966
102460032.68491529,2068.162588420388
102465370.71519616,2068.4664666718195
102470708.18896528,2068.8107775839885
102476045.19388448,2069.1481180631326
102481381.71252121,2069.455105006502
102486717.79265328,2069.7604766310633
102492053.55047244,2070.0572198933473
102497389.01139593,2070.358712462321
102502723.94288382,2070.644946032331
102508058.50231925,2071.024175151566
102513392.65524444,2071.3863244393233
102518726.24026473,2071.7339067395837
102524059.39190951,2072.08261024716
102529392.02726522,2072.409755163844
102534724.06441809,2072.7117808392213
102540055.76156685,2073.0677156422375
102545387.1265445,2073.40350515076
102550718.03424346,2073.78866702018
102556048.26794171,2074.1676977544803
102561377.96674472,2074.5600264244144
102566707.11780757,2074.9312992044147
102572035.72227417,2075.291595578742
102577363.85883184,2075.662877386352
102582691.67697637,2076.009398208352
102588018.84987773,2076.3488317659476
102593345.57707484,2076.7914520262125
102598671.78450069,2077.2213502674795
102603997.336341,2077.6499476943545
102609322.33958918,2078.0609013842773
102614646.74352136,2078.4776138842576
102619970.43014021,2078.8475777974327
102625293.60864002,2079.279105912915
102630616.36486006,2079.6831934927727
102635938.56549522,2080.1473829568085
102641260.01482596,2080.6036510517683
102646580.7564124,2081.0754799548695
102651900.85717086,2081.5379457925574
102657220.27872604,2081.986197047328
102662539.05342151,2082.455909314565
102667857.42171997,2082.9024514322014
102673174.97488236,2083.351367320214
102678491.90782249,2083.872793135224
102683808.19204243,2084.418782029768
102689123.70517641,2084.9545950566894
102694438.4740375,2085.493105515629
102699752.47016548,2086.0346480469857
102705065.58940107,2086.5362610205602
102710377.94285873,2087.0860282091926
102715689.69793272,2087.621684874411
102721000.78416115,2088.207459749117
102726310.5763787,2088.123730647487
102731628.31227322,2083.8040427018814
102736945.41641726,2083.802087449558
102742270.10455748,2079.273731011188
102747594.88584307,2079.333405271749
102752927.05252258,2074.706479375598
102758259.96118847,2074.7670293036826
102763599.62240258,2070.123834468201
102768940.79547852,2070.4603989356633
102774281.56986934,2070.776958357504
102779621.86535281,2071.070324966775
102784961.8016723,2071.3807244233185
102790301.22776024,2071.646222650697
102795640.1879509,2071.9223649471182
102800978.91582595,2072.220015038671
102806317.36268316,2072.5304328400184
102811655.30815533,2072.8561773810297
102816992.7011734,2073.2048419778475
102822329.63419439,2073.5389121881744
102827666.06892782,2073.8453361548613
102833002.04603028,2074.1682386476377
102838337.74349342,2074.4542462595514
102843673.07789463,2074.7592374972255
102849007.89244615,2075.0770421271595
102854342.29683752,2075.4658813807937
102859676.25866772,2075.8303498154937
102865009.66399275,2076.169141473514
102870342.62627445,2076.537340800895
102875675.02572027,2076.85541153949
102881006.83968733,2077.1692802642365
102886338.3269826,2077.52678141167
102891669.47840892,2077.8658580670276
102897000.13753882,2078.2397265081895
102902330.13555385,2078.642313540713
102907659.56277919,2079.0319902557176
102912988.42289169,2079.394506954026
102918316.75188717,2079.7628277977933
102923644.64943142,2080.1187920572856
102928972.17498493,2080.487163247664
102934299.04279242,2080.8561479000027
102939625.416539,2081.3079279507083
102944951.27623379,2081.7394102550293
102950276.46622956,2082.162061578171
102955601.09161107,2082.5850162872493
102960925.09435573,2082.9973414030146
102966248.36468829,2083.372966767915
102971571.15769982,2083.8134482297496
102976893.50197463,2084.2186037501547
102982215.27220948,2084.6775570554905
102987536.28604396,2085.1392847563043
102992856.62050962,2085.6392786487254
102998176.22146642,2086.118334699686
103003495.1221503,2086.572779190446
103008813.38437866,2087.0464227620946
103014130.94580022,2087.0165947307414
103019455.91886337,2082.5420454137698
103024781.15531301,2082.6516925512456
103030113.53251621,2078.146044735456
103035446.66212454,2078.278739627666
103040786.46839045,2073.703372132106
103046127.75765483,2073.9893710294054
103051468.5361869,2074.2314741812797
103056808.9760151,2074.5211797085553
103062149.19235538,2074.7927422592848
103067489.08126529,2075.110228625798
103072828.44380523,2075.421348275933
103078167.30760632,2075.7509973306956
103083505.72669871,2076.060485785294
103088843.69627555,2076.3474320466066
103094181.24709669,2076.6526018875547
103099518.60118288,2076.9422940554746
103104855.41422872,2077.219164838601
103110191.87165688,2077.5666785048884
103115527.92205779,2077.9262538151033
103120863.48220193,2078.2740275693277
103126198.53116624,2078.601642824213
103131533.15345877,2078.9390703583576
103136867.19079307,2079.2377861231353
103142200.75960419,2079.5582037718796
103147534.04478744,2079.888457615577
103152866.97577472,2080.23527349457
103158199.31336063,2080.5960528482306
103163531.06371818,2080.9747637948
103168862.31422871,2081.34408931081
103174192.99157678,2081.688087965803
103179523.16425492,2082.0488882214772
103184853.03505185,2082.3837462299116
103190182.36084116,2082.7233392933426
103195511.16656993,2083.108957203815
103200839.49626198,2083.5395347579056
103206167.28192452,2083.9463662376606
103211494.43963373,2084.3374461448707
103216821.08359376,2084.744088526444
103222147.06944413,2085.109198640626
103227472.42509529,2085.487464298639
103232797.39605744,2085.8880914971323
103238121.93929937,2086.312681917531
103243445.80123764,2086.7378769390116
103248768.93658696,2087.192702737724
103254091.4527531,2087.6419055895863
103259413.2961025,2088.079550937229
103264734.4816705,2088.5172634195533
103270055.1878897,2088.9379596881554
103275375.31434661,2089.393874245601
103280694.7017221,2089.8375536963745
103286013.50250632,2090.3713496384566
103291331.39764819,2090.390998339327
103296656.7559194,2086.009760580034
103301982.31210308,2086.0878256786023
103307314.91075876,2081.595284249985
103312648.24739003,2081.6591339482743
103317988.43617961,2077.149034210135
103323330.30280723,2077.4254493698945
103328671.77124467,2077.729331669318
103334012.68567246,2078.0426323430015
103339353.15995625,2078.3534780405107
103344693.20101443,2078.6487746135076
103350032.80233538,2078.932873554002
103355372.08912873,2079.203088187287
103360711.13176635,2079.4873357340266
103366049.64564943,2079.7721264453594
103371387.80656078,2080.130108289511
103376725.57605928,2080.4649168884775
103382062.83411458,2080.7918496288416
103387399.66142078,2081.1133026960665
103392736.01702079,2081.4190860664194
103398071.8049437,2081.6928299438177
103403407.27009818,2082.0137039721035
103408742.4654042,2082.3147368571763
103414077.221198,2082.6756027245406
103419411.37407014,2083.016659042269
103424745.01712176,2083.370875182472
103430078.15139262,2083.7208664108502
103435410.77488688,2084.045421718084
103440742.96140474,2084.375769088358
103446074.89304805,2084.7016101886247
103451406.18440256,2085.0346697453742
103456737.0626915,2085.434543508677
103462067.47179207,2085.8242902751567
103467397.29571241,2086.2101540769177
103472726.59605224,2086.5827476687145
103478055.33872072,2086.946695215449
103483383.45082638,2087.2734027049923
103488711.09319721,2087.651852248716
103494038.38409844,2088.0095448044026
103499365.21051802,2088.4232416476348
103504691.34096016,2088.828313665569
103510016.82204746,2089.2607600577912
103515341.69795385,2089.678112855341
103520665.94821243,2090.0813653447503
103525989.60787967,2090.4869843346487
103531312.9207007,2090.884345668025
103536635.52510355,2091.300508029395
103541957.52863671,2091.771129122035
103547278.95424931,2092.2557082522726
103552599.69066215,2092.720200186679
103557919.74980532,2093.1921936228778
103563239.13889259,2093.6599881003226
103568557.48301409,2093.5754098771636
103573883.48462948,2089.2593907945816
103579209.78893308,2089.2592748128
103584543.47512989,2084.8756840828996
103589877.81773344,2084.969822904558
103595218.83458307,2080.587503947485
103600561.26006185,2080.8712855586
103605903.25992118,2081.139649379729
103611244.86703733,2081.4178225301885
103616586.27939272,2081.6699071217836
103621927.29557689,2081.945352652676
103627267.8836134,2082.246222630285
103632608.12954381,2082.5877905972998
103637947.9645846,2082.9024442438417
103643287.31423499,2083.1992286189734
103648626.28375363,2083.510590048585
103653964.73333868,2083.772135707549
103659302.71700636,2084.0506906710457
103664640.46346755,2084.337811181109
103669977.95027632,2084.6496040468346
103675314.92418762,2084.9816511958747
103680651.30302837,2085.3288912346106
103685987.2252029,2085.654374992484
103691322.67051052,2085.9732452809294
103696657.62653033,2086.2928783697507
103701992.28033704,2086.5784735296565
103707326.55763221,2086.900362855944
103712660.29450913,2087.2212576394813
103717993.62892555,2087.619485548871
103723326.50022173,2087.979609745477
103728658.79935865,2088.3256843148365
103733990.63643804,2088.6887444695863
103739321.90254809,2089.01096811763
103744652.58001482,2089.3285236304664
103749982.92047073,2089.682393417781
103755312.9213542,2090.03027885977
103760642.39884204,2090.408180838857
103765971.2070898,2090.810688654011
103771299.42030959,2091.2055821087647
103776627.063679,2091.5816548458843
103781954.14529917,2091.9544437412355
103787280.76954216,2092.3121713042374
103792606.99728785,2092.6820231812853
103797932.57493554,2093.071951120254
103803257.62993994,2093.529274374675
103808582.13855709,2093.9664457297417
103813905.96618688,2094.3929882623024
103819229.21402611,2094.8278507233376
103824551.77771622,2095.245940585394
103829873.61114721,2095.6272178067748
103835194.94984712,2096.0776878600514
103840515.83616135,2096.4758561971003
103845836.1406836,2096.954759403193
103851155.64355886,2097.424234020984
103856474.2109699,2097.496622079342
103861800.06442231,2093.2109852150165
103867126.30584003,2093.284190887836
103872459.48256658,2088.906572784711
103877793.95696998,2088.9993078243215
103883134.80576734,2084.5940241015023
103888477.45656446,2084.9255308473234
103893819.74065398,2085.2338626886244
103899161.56048489,2085.525584798062
103904503.0042107,2085.810055557636
103909844.03091778,2086.09492427089
103915184.53992201,2086.328856422696
103920524.72253393,2086.6126417474984
103925864.70013347,2086.8689665565507
103931204.36268517,2087.166952795345
103936543.50738977,2087.4723768351905
103941882.14781076,2087.812622800955
103947220.33010791,2088.1170570283393
103952558.05737503,2088.408180047448
103957895.36108047,2088.6972486053573
103963232.48655595,2088.970852534023
103968569.11303556,2089.267709133764
103973905.31823055,2089.622960961973
103979241.1208193,2089.9762710590385
103984576.42354214,2090.306181972688
103989911.25327727,2090.6349726329645
103995245.6199343,2090.9575681535794
104000579.41476543,2091.237439667377
104005912.76020412,2091.55335037247
104011245.83384266,2091.8547497806285
104016578.60315594,2092.180224373585
104021910.79457057,2092.5387426876205
104027242.36235398,2092.9217207786614
104032573.41935916,2093.2745751798616
104037903.9399502,2093.614299243582
104043233.95479797,2093.9639779398904
104048563.65621154,2094.2872241032546
104053892.83223186,2094.6401107594215
104059221.47384031,2095.02697452339
104064549.63409105,2095.449156937145
104069877.24849562,2095.8423474497113
104075204.24536529,2096.218547062507
104080530.73142824,2096.6147297034463
104085856.56458756,2096.96221026146
104091181.78750585,2097.329688840217
104096506.6347552,2097.710886267647
104101831.06370658,2098.0920572118193
104107154.89094056,2098.506808354996
104112478.00144617,2098.96390473422
104117800.44388759,2099.421485913165
104123122.20068175,2099.8389010974633
104128443.32927433,2100.267961828901
104133763.96786126,2100.669631828501
104139084.0417862,2101.1190254692483
104144403.2256308,2101.2095308375947
104149729.56747386,2096.9845451643405
104155056.61208037,2097.1416053108424
104160390.19998756,2092.8076841870848
104165725.16717868,2092.9661666560796
104171066.31372184,2088.5871835946423
104176409.35977384,2088.8142495629786
104181752.20826727,2089.0773220430506
104187094.85348715,2089.321199389086
104192437.14463311,2089.6051672694434
104197778.90802203,2089.900472219259
104203120.24514736,2090.1985418324234
104208461.16384415,2090.481317720978
104213801.65924664,2090.749020558519
104219141.83998488,2091.0101487749216
104224481.78730664,2091.276388430937
104229821.26711303,2091.5522915889733
104235160.3920541,2091.895822367066
104240499.14556807,2092.213597367407
104245837.37227575,2092.51060676853
104251175.23270093,2092.814246809089
104256512.61712965,2093.1047341043663
104261849.4547574,2093.3550732245117
104267186.00695734,2093.666144869831
104272522.3083324,2093.9298172906147
104277858.2340614,2094.257314305828
104283193.58367199,2094.582699987299
104288528.43765429,2094.9262881435425
104293862.781286,2095.257920131306
104299196.64788234,2095.561908997627
104304530.08303031,2095.8710584177197
104309863.28002521,2096.167178733719
104315195.90227136,2096.4893703126263
104320528.11939187,2096.880913997937
104325859.87233804,2097.246361121768
104331191.05404514,2097.59545138577
104336521.76160559,2097.9397892904008
104341851.95087332,2098.2861294823024
104347181.51269831,2098.583859227235
104352510.65296748,2098.934971204673
104357839.49493699,2099.2654197764173
104363167.90494959,2099.617828672756
104368495.67176671,2099.992493330178
104373822.83168209,2100.408461929618
104379149.40527254,2100.791113757425
104384475.3981798,2101.156811147548
104389800.85039335,2101.533413898933
104395125.96347791,2101.892424752218
104400450.4417693,2102.2690751363234
104405774.40508822,2102.704561469037
104411097.81148528,2103.148751101826
104416420.57492402,2103.5736141616717
104421742.68421607,2103.9881612649283
104427064.1892499,2104.4156275473647
104432384.97862679,2104.8019244936804
104437705.13160446,2105.223983912128
104443024.73961864,2105.4183527662112
104448350.91236484,2101.0956906769534
104453678.3586408,2101.3208993003
104459011.6747457,2097.021738632026
104464347.02509253,2097.263973055729
104469687.85992555,2092.91810357485
104475031.32368913,2093.1212262681943
104480380.16700591,2088.769735125938
104485732.17262764,2088.9916604212563
104491083.87510523,2089.2378246959724
104496435.31980337,2089.513184571375
104501786.45122801,2089.761901206878
104507137.19550754,2089.9853531311414
104512487.6679729,2090.222303316045
104517837.74274072,2090.412050867699
104523187.47000797,2090.6181133475825
104528537.0844675,2090.828664710204
104533886.55299497,2091.042472058471
104539235.6729898,2091.292596661394
104544584.34449698,2091.572964609498
104549932.63301931,2091.8290838243415
104555280.55343166,2092.056366836284
104560628.13357048,2092.29981765485
104565975.54312204,2092.499209915898
104571322.70647824,2092.729585889962
104576669.49352479,2092.980248522846
104582015.99605621,2093.2834510009766
104587362.16271828,2093.5466798010802
104592707.90508568,2093.793773231978
104598053.33320358,2094.051917417045
104603398.33933987,2094.269971496642
104608742.93183564,2094.4893990179753
104614087.36234672,2094.7288177646087
104619431.61200628,2094.9649940481568
104624775.4925356,2095.232036774747
104630118.8722656,2095.5133756073997
104635461.86731514,2095.7963233707223
104640804.46053879,2096.064576162739
104646146.65132135,2096.3203645698723
104651488.58783795,2096.5469692037136
104656830.28574644,2096.8060419117296
104662171.53084825,2097.078295500257
104667512.46534216,2097.4073547376006
104672853.03404972,2097.697368451349
104678193.13290973,2097.9759268671028
104683532.86406556,2098.254475040786
104688872.16067779,2098.509226303878
104694210.96430393,2098.74635943837
104699549.54098307,2099.0294957613305
104704887.89149754,2099.2765662107904
104710225.85060377,2099.5715319535343
104715563.28468549,2099.876719927284
104720900.28971551,2100.187937641309
104726236.82271881,2100.5034869778556
104731572.89713973,2100.7801371788487
104736908.62177664,2101.051452157307
104742244.12161806,2101.3317698703345
104747579.07443172,2101.6377366018573
104752913.67723657,2101.9991891014483
104758247.85208982,2102.330826260158
104763581.49373247,2102.6550918884573
104768914.68525435,2102.9695300503186
104774247.40338057,2103.2756103116003
104779579.54364465,2103.544053569277
104784911.33863448,2103.8639189259366
104790242.87542029,2104.1415273731614
104795574.02052559,2104.476280683645
104800904.54989693,2104.826156173274
104806234.53135245,2105.1852560559464
104811564.00092398,2105.5408901425712
104816892.94427039,2105.868423963957
104822221.3952045,2106.195322801493
104827549.58088522,2106.5210490783797
104832877.14441815,2106.872635907863
104838204.27452615,2107.274160454324
104843530.8928958,2107.6699559285275
104848856.91499053,2108.0533299138474
104854182.35409573,2108.423854649035
104859507.24173833,2108.794415456922
104864831.48247135,2109.1277846629355
104870155.19002463,2109.5071862616046
104875478.5510508,2109.8710846704607
104880801.46330827,2110.250919380111
104886123.66839449,2110.6646466684947
104891445.16532521,2111.1149057702414
104896766.04541378,2111.5385151625096
104902086.26432578,2111.9514225769185
104907405.85275237,2112.3630173224233
104912725.03515391,2112.7563242962647
104918043.53818575,2113.2022331450216
104923361.39348549,2113.6820198021956
104928678.61006452,2114.182122476014
104933995.11589655,2114.6550162397425
104939310.87627879,2115.117706801062
104944625.95515732,2115.6004159749714
104949940.22735016,2116.0379024338727
104955253.7477099,2116.511662291924
104960566.73600577,2116.984234119738
104965879.15778379,2117.474081714451
104971190.74623436,2118.0018986472064
104976500.97876509,2117.647569061679
104981819.82781917,2113.9257831863515
104987137.51840483,2113.651609331373
104992463.48415159,2109.765595216225
104997789.16288133,2109.556402098441
105003122.77239054,2105.6102099056416
105008456.51751782,2105.5318450492628
105013797.7998765,2101.5970517924984
105019139.95264089,2101.878699475796
105024481.6259323,2102.137303959749
105029822.96299262,2102.4067129170217
105035163.84398222,2102.6382283416215
105040504.26672159,2102.867518103911
105045844.5008427,2103.1222194096067
105051184.52277656,2103.3566755696056
105056524.164446,2103.6382012593276
105061863.27727221,2103.9378653727094
105067201.95180127,2104.2377800459167
105072540.1779775,2104.520792898184
105077877.97074787,2104.7943815034178
105083215.45209806,2105.0420219547937
105088552.66215245,2105.317755201019
105093889.41330604,2105.602918685207
105099225.78683326,2105.9495940094653
105104561.75633457,2106.264588527122
105109897.19262533,2106.5612722392543
105115232.2274732,2106.8667012409037
105120566.7632788,2107.150775564608
105125900.74031928,2107.4067944547996
105131234.43462664,2107.719646410603
105136567.86112668,2107.981900894275
105141900.88134806,2108.304706639511
105147233.3036509,2108.6397742517283
105152565.21479289,2108.984462482951
105157896.59342134,2109.320910548642
105163227.47177613,2109.6312386600025
105168557.90274364,2109.9388716003805
105173888.05791035,2110.244102138943
105179217.63673379,2110.5794853615766
105184546.7820959,2110.9806083882163
105189875.42823498,2111.348987311661
105195203.46794872,2111.7036642996027
105200530.9967483,2112.053287758298
105205857.98020674,2112.4003216457368
105211184.30994506,2112.7054196341996
105216510.21241198,2113.0641647540683
105221835.79753578,2113.3952838830373
105227160.90899953,2113.758913366852
105232485.33250034,2114.1440473356784
105237809.13340044,2114.5650709696943
105243132.31454393,2114.9617111636967
105248454.8774975,2115.3384117827704
105253776.87085314,2115.720019839874
105259098.48275587,2116.095356274294
105264419.40621407,2116.503560786625
105269739.79763553,2116.949859940343
105275059.58225375,2117.4066256705546
105280378.6658319,2117.845441743006
105285696.8417593,2117.8302130295715
105291022.4345255,2113.860371379465
105296348.32477918,2113.858738677344
105301681.22471032,2109.8287652151953
105307015.37521033,2109.8824422127327
105312356.24475205,2105.841574567948
105317698.70813315,2106.097747452936
105323040.70080104,2106.3897465659634
105328382.31072664,2106.6621429622146
105333723.4893178,2106.9122253978594
105339064.28476666,2107.1578628172083
105344404.90532713,2107.37950904181
105349745.13079792,2107.6474942306536
105355084.99574256,2107.942085905686
105360424.49547821,2108.2550963872063
105365763.57724966,2108.5404865473565
105371102.19085498,2108.8044716709974
105376440.42801401,2109.0799303425774
105381778.18329117,2109.312013370471
105387115.50288178,2109.5643180725424
105392452.6336563,2109.8186290192248
105397789.48654132,2110.082341763068
105403125.88729505,2110.3662210641432
105408461.76731925,2110.6762875939403
105413797.20428216,2110.990311284362
105419132.14560866,2111.274171927885
105424466.65248114,2111.5573522323402
105429800.88534804,2111.808750781107
105435134.73061663,2112.1124434100016
105440468.11563453,2112.4303446658237
105445801.10360597,2112.785112488293
105451133.63538377,2113.1117165286537
105456465.60161759,2113.4163322611034
105461797.14106068,2113.7301602806538
105467128.14085664,2114.010047207601
105472458.59485851,2114.2932098752694
105477788.77364162,2114.598055003028
105483118.65493236,2114.8921645817563
105488448.02610163,2115.226444856752
105493776.77244514,2115.5835031760116
105499104.98327002,2115.93853595571
105504432.64630339,2116.2849653959793
105509759.76250388,2116.6143734169245
105515086.46289818,2116.9294440516387
105520412.78084528,2117.2802028544484
105525738.50117044,2117.632273061958
105531063.74633278,2118.0535637512467
105536388.44755672,2118.4367652674623
105541712.49388947,2118.814844209587
105547035.97510418,2119.190547508684
105552358.85415228,2119.546358761874
105557681.04764816,2119.88236890603
105563002.81791128,2120.269685983666
105568324.2091234,2120.6025794198986
105573645.03824152,2121.012732931095
105578965.09386313,2121.451129296566
105584284.33725025,2121.6105358953882
105589610.22917955,2117.6135168955657
105594937.27361709,2117.768975908349
105600270.56232497,2113.7136810489556
105605605.90999706,2113.870437689989
105610946.96209913,2109.8525879506715
105616290.5104677,2110.079423067347
105621639.50912593,2106.1098566630244
105626991.38504477,2106.3219327670167
105632342.9751277,2106.525685586013
105637694.25344908,2106.721408092189
105643045.13537239,2106.8805220813783
105648395.82638355,2107.0843968097943
105653746.45129353,2107.2627440437136
105659096.832638,2107.4787228812947
105664446.78994961,2107.7024815675395
105669796.38991499,2107.948638370833
105675145.64352615,2108.1728813461687
105680494.56005791,2108.3747726696847
105685843.19237372,2108.5734784708866
105691191.73124512,2108.760896710534
105696539.90308377,2108.975410642957
105701887.84979822,2109.239938581374
105707235.49779344,2109.492391684219
105712582.75897075,2109.72343574107
105717929.68454263,2109.9413027844885
105723276.27804886,2110.1592996271356
105728622.44604826,2110.3312873683135
105733968.35041313,2110.5478214562745
105739314.13942222,2110.735637442257
105744659.75324091,2110.9514340751157
105750004.93758155,2111.1985277370945
105755349.66048357,2111.4689504290277
105760694.0165742,2111.710083242506
105766038.0040349,2111.935942110111
105771381.64444077,2112.154984639374
105776725.16251361,2112.3528596264914
105782068.30654672,2112.601515144894
105787411.13883805,2112.87589927539
105792753.64130494,2113.1564428108745
105798095.74487199,2113.407943036222
105803437.45270266,2113.6462773302737
105808778.80265188,2113.888756453923
105814119.70700684,2114.085546921519
105819460.25758907,2114.321008191168
105824800.66299748,2114.531222332911
105830140.87078892,2114.768487749445
105835480.60660627,2115.0450007863305
105840819.8352895,2115.3295483471793
105846158.68098411,2115.6005045587444
105851497.09475006,2115.850451147732
105856835.11602674,2116.100757382888
105862172.9456905,2116.315880059715
105867510.40858343,2116.587566941439
105872847.46541807,2116.8719727772605
105878184.19308002,2117.1839955141686
105883520.50313084,2117.466270184348
105888856.33071597,2117.733957336719
105894191.76602878,2118.0086818237946
105899526.71013533,2118.2460475824937
105904861.19699547,2118.4979442977283
105910195.4795226,2118.7521184889843
105915529.50369938,2119.0098133017987
105920863.05122118,2119.310647346012
105926196.03321417,2119.6224848960487
105931528.56838469,2119.9352919540747
105936860.61262968,2120.236024192084
105942192.17648055,2120.5267987737507
105947523.41663776,2120.7802315616063
105952854.31758554,2121.0814513723008
105958184.70901567,2121.403748602476
105963514.69148122,2121.769034671586
105968844.19793333,2122.094230263507
105974173.13043621,2122.4073137958508
105979501.61198533,2122.72407734287
105984829.54467268,2123.0126223662282
105990156.90483323,2123.299187348247
105995483.9593081,2123.620072457593
106000810.69771041,2123.906654016323
106006136.94356482,2124.260153509222
106011462.49292624,2124.643558404843
106016787.45247266,2125.00141858915
106022111.86280914,2125.353508746931
106027435.71776992,2125.69433025673
106032759.09237997,2126.0176812020973
106038082.11648922,2126.3635569542885
106043404.50973864,2126.7313871707956
106048726.39049555,2127.15772812452
106054047.72075585,2127.551971982555
106059368.36563177,2127.9307763991746
106064688.43881018,2128.315004935838
106070007.87712666,2128.693723976434
106075326.58087215,2129.040274203504
106080644.80226797,2129.440059485423
106085962.61097938,2129.7912043196925
106091279.86864817,2130.1999811154906
106096596.33680929,2130.6377280801516
106101912.09156807,2131.1065813432247
106107227.1245889,2131.5525306715217
106112541.44011593,2131.984920846678
106117855.078684,2132.414544822396
106123168.2382472,2132.842284865753
106128480.15816447,2132.4355490690355
106133800.8059939,2128.898781808048
106139120.55825387,2128.640875985926
106144448.47065614,2124.9921470900354
106149776.06385413,2124.7914452305645
106155111.48381181,2121.084729184772
106160447.10167985,2120.914802084944
106165790.23154095,2117.1853135086185
106171134.54302047,2117.373208675964
106176478.6327428,2117.5959526110896
106181822.283369,2117.8276918326314
106187165.50168194,2118.0920821984787
106192508.35459986,2118.345572011887
106197850.78744496,2118.5696366390894
106203192.86475113,2118.7878798008674
106208534.79894808,2118.9826327728088
106213876.34676366,2119.226917824076
106219217.5942578,2119.5008989535704
106224558.49021207,2119.7805526885013
106229898.97498327,2120.0301593076097
106235239.04450843,2120.264915954021
106240578.75099191,2120.508723380132
106245917.9995286,2120.7038819544014
106251256.87218785,2120.9348612141544
106256595.57959674,2121.1514493443324
106261934.07306756,2121.3774358172736
106267272.11330992,2121.644675595902
106272609.66470222,2121.9377197067743
106277946.76982552,2122.2207050189036
106283283.40600334,2122.4631189050506
106288619.65074436,2122.719915197914
106293955.66910878,2122.9374756677153
106299291.32420053,2123.2066250468743
106304626.57489811,2123.502308500226
106309961.43780564,2123.823007970473
106315295.86166836,2124.1079814033583
106320629.7649468,2124.3797210095086
106325963.28371339,2124.661863747009
106331296.27376592,2124.8977564127385
106336628.78076912,2125.1489258293527
106341961.06378075,2125.410072933172
106347293.07643023,2125.6535069947645
106352624.63072877,2125.9545809271463
106357955.60926594,2126.277241451201
106363286.09982459,2126.5939330569345
106368616.06647864,2126.8941435307247
106373945.54666899,2127.1893082449933
106379274.66905338,2127.449869320983
106384603.44020407,2127.7561808307296
106389931.7155385,2128.0715400532563
106395259.54166722,2128.440729172158
106400586.87881283,2128.774797620609
106405913.60040876,2129.0916929424816
106411239.8514608,2129.41864510004
106416565.53790814,2129.72161175259
106421890.58946365,2130.013687662658
106427215.30006106,2130.3474094181374
106432539.6542077,2130.650117486671
106437863.48824194,2130.9967634482896
106443186.65268676,2131.3708927303733
106448509.22507758,2131.7482541302666
106453831.17314695,2132.1222296546703
106459152.52440824,2132.4710006446107
106464473.36403242,2132.8054819265685
106469793.80910769,2133.162338788038
106475113.59236465,2133.550884896643
106480432.83611871,2133.990115978658
106485751.48039117,2134.401975537806
106491069.40352704,2134.803350733581
106496386.68936634,2135.2013300669623
106501703.3091404,2135.593303980776
106507019.16297759,2135.9580075539784
106512334.47147618,2136.3760957711384
106517649.33619633,2136.7579600471704
106522963.576392,2137.210567180329
106528276.96590005,2137.6711413371186
106533589.56995353,2138.1510022598973
106538900.96266195,2137.708893496371
106544221.0008759,2134.2340084616762
106549540.10215244,2133.895072170683
106554867.71032669,2130.3035941210205
106560194.93199225,2130.101497616971
106565530.09504761,2126.545319128888
106570865.51865008,2126.43612550701
106576208.37403601,2122.8272064190555
106581552.15429193,2123.0426846508135
106586895.56465317,2123.2526114803404
106592238.53302397,2123.4169327308905
106597581.21437155,2123.62865612882
106602923.76864941,2123.8048040126573
106608266.11933398,2124.020765594063
106613608.02819498,2124.266402032226
106618949.45177566,2124.5280351691767
106624290.48749843,2124.769449019817
106629631.12273145,2124.994234963333
106634971.3809939,2125.21100768415
106640311.48500012,2125.4035683745165
106645651.20398773,2125.653659075273
106650990.59567037,2125.923473049659
106656329.63746479,2126.199960106254
106661668.25162497,2126.4496209727668
106667006.43282406,2126.689814661894
106672344.22208261,2126.9318723448373
106677681.54218163,2127.129843518975
106683018.4704205,2127.360325923397
106688355.22665884,2127.5705860024786
106693691.75365867,2127.8106740433986
106699027.76121083,2128.0956573351887
106704363.23142076,2128.381724052757
106709698.2904131,2128.6492769170654
106715032.88662875,2128.907581154272
106720367.0512879,2129.16096956777
106725700.97130464,2129.379930599356
106731034.52151343,2129.6505146260934
106736367.63160628,2129.9442758767404
106741700.3750775,2130.2648688304034
106747032.66192397,2130.5514358893643
106752364.41942091,2130.823601283979
106757695.74850725,2131.1026663829543
106763026.55550003,2131.345901018796
106768356.85498154,2131.6024429144622
106773686.90475234,2131.8702625491287
106779016.6767216,2132.126635660383
106784345.939971,2132.430562503654
106789674.60706806,2132.7584045497633
106795002.76227747,2133.0738278003273
106800330.3750698,2133.391617100444
106805657.46831831,2133.685754663182
106810984.18750577,2133.9512282871824
106816310.53967926,2134.2723683958493
106821636.33105068,2134.6046899504436
106826961.6579948,2134.9770301062135
106832286.47729409,2135.3188142395898
106837610.6742455,2135.6485371136664
106842934.34970786,2135.9827549976735
106848257.41954534,2136.291127113268
106853579.84914444,2136.591158379918
106858901.67638434,2136.490831480586
106864231.21050274,2132.817288055802
106869561.29793908,2132.7938920291426
106874898.30064403,2129.1907651066654
106880236.45430824,2129.4418784898235
106885574.20105422,2129.691802176888
106890911.54075167,2129.922451103335
106896248.53678371,2130.1314257031436
106901585.34284145,2130.3572433763093
106906921.70682955,2130.613320898951
106912257.73767425,2130.915010843042
106917593.37812698,2131.184337038521
106922928.52077691,2131.437081192029
106928263.26221381,2131.686883192043
106933597.56755914,2131.921677579849
106938931.35379432,2132.1260336199925
106944264.84821604,2132.382429705971
106949598.1511865,2132.5970752330936
106954931.09900618,2132.8758461000043
106960263.4694979,2133.16130570261
106965595.3288208,2133.4583448257054
106970926.70922881,2133.7313742725146
106976257.63918197,2134.0021055206144
106981588.13376066,2134.25630316749
106986918.41727665,2134.498500140448
106992248.18195185,2134.800078704862
106997577.54472114,2135.1373240949333
107002906.44979319,2135.4565047849283
107008234.7979469,2135.7565391177454
107013562.66590537,2136.0487812994634
107018890.01683712,2136.336255628887
107024216.77487785,2136.5803054369294
107029543.10702287,2136.877864421073
107034869.1604956,2137.137210370597
107040194.844891,2137.4392589168356
107045519.92248364,2137.7650854501994
107050844.38148619,2138.1207904595744
107056168.28272185,2138.4602185460676
107061491.60584426,2138.7818464999723
107066814.3827596,2139.1000412915346
107072136.82394418,2139.3918780136037
107077458.723199,2139.73272528079
107082780.10379873,2140.1164243256044
107088100.93275459,2140.508360731699
107093421.13727504,2140.874800031097
107098740.67695576,2141.2268900115396
107104059.66438727,2141.592645271601
107109377.94262926,2141.9153950632654
107114695.27252115,2141.630459037038
107120020.93309468,2138.104126014833
107125346.55373853,2137.9030481723985
107130679.82168287,2134.3857295209905
107136013.39935316,2134.314046660864
107141354.26174624,2130.791134498433
107146696.15942359,2130.995555859425
107152037.71246698,2131.1978400833927
107157379.07537252,2131.3638660886904
107162720.16558862,2131.5832310147434
107168060.90695295,2131.8211401206686
107173401.34709615,2132.087858927711
107178741.41769674,2132.3205054653686
107184081.02626804,2132.5340420215584
107189420.30848707,2132.7558689783505
107194759.14800626,2132.9381723153156
107200097.56805287,2133.1303708081123
107205435.83741835,2133.3485602407504
107210773.8898244,2133.5392142237047
107216111.54950689,2133.7725359328742
107221448.7200416,2134.0449549839896
107226785.45813423,2134.293860231155
107232121.75740486,2134.530678584908
107237457.66418442,2134.7589984338256
107242793.27566169,2134.9569250754807
107248128.6387904,2135.1982047013466
107253463.59440821,2135.4455703776266
107258798.19531675,2135.7482530700804
107264132.39730129,2136.0105484043747
107269466.07872406,2136.2550761289685
107274799.37212421,2136.5056199052838
107280132.19856521,2136.7298905306398
107285464.5034884,2136.944826519619
107290796.55912142,2137.196302584807
107296128.37411106,2137.4155547224627
107301459.8088275,2137.6802240628713
107306790.6593261,2137.978281608505
107312121.021199,2138.275788263613
107317450.86930671,2138.560358957719
107322780.2360311,2138.8193071364076
107328109.20724969,2139.0633804992563
107333437.91168164,2139.3262182456965
107338766.10541055,2139.623994284516
107344093.88510475,2139.96727308175
107349421.19151947,2140.279319422907
107354747.90904129,2140.572645759924
107360074.14082393,2140.8644147754226
107365399.86119875,2141.147050873763
107370724.95866978,2141.3956899235973
107376049.68118629,2141.7000583033255
107381374.08893797,2141.97702647099
107386698.03916045,2142.2904385209836
107392021.34895079,2142.6228777648266
107397344.0726921,2142.9631133733246
107402666.22316687,2143.3061065863403
107407987.79164694,2143.623662490388
107413308.59820911,2143.491011222989
107418637.14292766,2139.929579405365
107423966.11830227,2139.895703595869
107429302.29991414,2136.4037248767786
107434639.58278702,2136.431530756378
107439983.50994569,2132.915196943806
107445329.1225803,2133.0902049029846
107450674.42340566,2133.269816618481
107456019.31851958,2133.4082837681794
107461363.9513118,2133.5901892615525
107466708.49727586,2133.74474171395
107472052.83611715,2133.9267255362347
107477396.76630104,2134.13118402545
107482740.28134532,2134.358916577796
107488083.4424329,2134.5719115971006
107493426.2236732,2134.7575324054174
107498768.66971952,2134.94663167977
107504110.99732845,2135.1058322241934
107509452.9981904,2135.309676411872
107514794.71945816,2135.5502794146496
107520136.12214059,2135.791310023947
107525477.13103768,2135.9987427149526
107530817.75357234,2136.196472830452
107536158.06344059,2136.4018930488073
107541497.91043511,2136.5625011625852
107546837.41835962,2136.754769295924
107552176.79313374,2136.9401773777927
107557515.96450204,2137.1292565309186
107562854.71259472,2137.3563208618416
107568192.98842111,2137.606624483176
107573530.86543645,2137.841289750042
107578868.32322596,2138.0571218938167
107584205.39490233,2138.2726784126976
107589542.27099362,2138.4443265640716
107594878.8443244,2138.6741249164843
107600215.04328403,2138.934438190681
107605550.89576267,2139.21038167238
107610886.33748855,2139.4519207246403
107616221.2970588,2139.6782700244985
107621555.89504857,2139.9137739823964
107626890.0061006,2140.1057167343056
107632223.67866793,2140.315522277567
107637557.16743538,2140.533468674426
107642890.4316708,2140.7383290135745
107648223.24706227,2140.990168419759
107653555.52802534,2141.280767844595
107658887.35018446,2141.541127631159
107664218.69915694,2141.796303856834
107669549.61053236,2142.039938906501
107674880.21602479,2142.2456881707144
107680210.52874975,2142.503817211
107685540.39018992,2142.783657319312
107690869.84644033,2143.1023440743134
107696198.86572887,2143.380871737636
107701527.32666984,2143.643937611346
107706855.35800986,2143.912587387561
107712182.86724271,2144.1531023083016
107717509.82166356,2144.391385185623
107722836.487368,2144.6628702370435
107728162.86647496,2144.903784505032
107733488.81025967,2145.1937911989135
107738814.11274326,2145.516466027443
107744138.87536655,2145.83709993008
107749463.07173544,2146.146980938361
107754786.73361038,2146.433159280496
107760109.95165227,2146.70238071775
107765432.83943684,2146.994900529027
107770755.16288804,2147.324338459049
107776077.00882807,2147.6991632814206
107781398.31637357,2148.041167095734
107786718.96819933,2148.3665114147093
107792039.06582019,2148.6909661756376
107797358.57955584,2149.007591917381
107802677.40150599,2149.2941566254995
107807995.77750768,2149.6339001497417
107813313.33028103,2149.0576374369066
107818639.68954054,2145.812741985065
107823965.12473953,2145.4099068778996
107829298.9332039,2142.1206743917032
107834632.45903109,2141.816413657908
107839974.02012078,2138.4810765910383
107845316.07712503,2138.6493451239257
107850658.02222978,2138.811681218688
107855999.57663047,2139.024164495023
107861340.90472415,2139.264127806109
107866681.9003678,2139.4919416059047
107872022.47903046,2139.6954259544445
107877362.69292682,2139.8824422176262
107882702.55831023,2140.074329275256
107888041.97818503,2140.2269575747323
107893381.10859583,2140.425818858182
107898720.11197515,2140.5951467395184
107904058.85873893,2140.7942796060142
107909397.15453865,2141.0155011315446
107914735.00090632,2141.259055706689
107920072.4502323,2141.4894432627934
107925409.47909206,2141.692149009682
107930746.13454884,2141.8980005131752
107936082.63188949,2142.0779666890976
107941418.74463521,2142.303104971782
107946754.54161502,2142.5659680826375
107952089.97004475,2142.826914935886
107957424.96121463,2143.060983722634
107962759.49197753,2143.2793492053443
107968093.66399153,2143.504657420054
107973427.3344039,2143.68588637992
107978760.61426915,2143.9026198158967
107984093.71346216,2144.110946107094
107989426.54328305,2144.323751829812
107994758.90197039,2144.574619623435
108000090.74372269,2144.8507280783397
108005422.12696739,2145.1130682860567
108010753.02688316,2145.3534736128586
108016083.50171524,2145.5927640547907
108021413.71675517,2145.7943445023184
108026743.55503163,2146.0576004302784
108032072.96796235,2146.3435427912937
108037401.98175946,2146.6508230773666
108042730.5225102,2146.924101108584
108048058.50926165,2147.1810587850678
108053386.06919815,2147.4475330731384
108058713.07924835,2147.674112042966
108064039.57598369,2147.9196702833146
108069365.82116547,2148.1875549453257
108074691.72361097,2148.4383635822815
108080017.10850972,2148.7230902543374
108085341.89151396,2149.0384395274605
108090666.15563408,2149.3438485933357
108095989.85822918,2149.6504426943134
108101313.01939128,2149.932338873364
108106635.8016601,2150.1852872669824
108111957.83792374,2149.8016621099737
108117288.19936489,2146.5345438094582
108122618.35255714,2146.300151433032
108127956.49082696,2143.005400290821
108133295.01346907,2143.20310839353
108138633.18632102,2143.4058744988656
108143970.96102323,2143.5811493973015
108149308.28266028,2143.7454987673145
108154645.42612006,2143.950304324109
108159982.38770594,2144.118241876538
108165319.00711867,2144.330161813229
108170655.1137644,2144.5771310394457
108175990.78982233,2144.8040640697022
108181326.06690712,2145.03400781948
108186660.93156494,2145.2405062028724
108191995.47821723,2145.4263696299545
108197329.82258078,2145.6373179981333
108202663.73714688,2145.8817199129808
108207997.33337952,2146.1572429777893
108213330.52720919,2146.4066251409436
108218663.21764372,2146.639389482029
108223995.49726985,2146.8668975180335
108229327.34156369,2147.0826596483676
108234658.6643414,2147.269356528227
108239989.70361559,2147.5049672076734
108245320.53002055,2147.713348203326
108250650.94748947,2147.9746178186097
108255980.80815268,2148.2402113466337
108261310.18906875,2148.50529691647
108266639.0943613,2148.7745115472076
108271967.52115807,2149.0184576704723
108277295.52198894,2149.251658515297
108282623.29077844,2149.479618898999
108287950.52967715,2149.762646075825
108293277.40875565,2150.079811432472
108298603.81921768,2150.3780070229573
108303929.67304784,2150.6565228859936
108309255.02762026,2150.928205356933
108314579.86198948,2151.1977248392154
108319904.1021043,2151.426797319395
108325227.91334058,2151.708545696429
108330551.44603373,2151.9574979284102
108335874.57292415,2152.244545903816
108341197.06769133,2152.5658624864654
108346518.94102918,2152.8932351732483
108351840.26445284,2153.2141276579664
108357161.00631249,2153.5151968921405
108362481.19975968,2153.813100904654
108367801.06657259,2154.0843352270563
108373120.37143005,2154.421370576315
108378438.73416173,2154.0009190025967
108383765.69084734,2150.8175058488105
108389092.05392765,2150.4687294914047
108394426.55523902,2147.206765210253
108399761.0742516,2146.933788869996
108405103.33573501,2143.627077105384
108410446.31701042,2143.7854445153166
108415789.20088466,2143.9336644608143
108421131.93080816,2144.0959233297995
108426474.2347496,2144.2930713675296
108431816.09503074,2144.499693595176
108437157.61782543,2144.69659103619
108442498.76211274,2144.8796190311296
108447839.55941482,2145.055065631987
108453180.19185866,2145.1920920630396
108458520.56267193,2145.3887969897605
108463860.60570696,2145.6081333997377
108469200.35283437,2145.845753687401
108474539.73299114,2146.0455389773037
108479878.6802044,2146.2307974182613
108485217.30440621,2146.4199206738926
108490555.50591671,2146.5708554919997
108495893.31677411,2146.7408498802115
108501230.9927994,2146.926816546078
108506568.46327142,2147.107743621023
108511905.52493414,2147.315588472191
108517242.10234523,2147.5467497877125
108522578.28725179,2147.756676850831
108527914.0775914,2147.9767947810446
108533249.46648902,2148.173763198235
108538584.62281774,2148.331527421542
108543919.52214605,2148.5539869650606
108549254.0101385,2148.792408544516
108554588.16488682,2149.065781262121
108559921.92253917,2149.295738605253
108565255.19184114,2149.511943432938
108570588.06910284,2149.729971490253
108575920.50013092,2149.920710611704
108581252.44460359,2150.1063887462424
108586584.16882764,2150.3264130647135
108591915.67516512,2150.51517021488
108597246.79782741,2150.758334173204
108602577.3339949,2151.0267452193502
108607907.39297433,2151.276653039461
108613237.00165942,2151.530933405081
108618566.14406724,2151.762422203716
108623894.91787685,2151.9718151405723
108629223.43740769,2152.2098031055325
108634551.46670173,2152.483703040518
108639879.11242759,2152.788086487432
108645206.30387793,2153.061527443136
108650532.93616678,2153.3259470490166
108655859.09852101,2153.5810266674753
108661184.75669295,2153.8236654324883
108666509.84920898,2154.0389610729894
108671834.58902024,2154.309677905908
108677159.05985448,2154.5394710866203
108682483.0824961,2154.8279574588796
108687806.20793834,2154.599708813165
108693137.14372207,2151.3498597611706
108698468.29540534,2151.1928880211676
108703806.9101888,2147.909843374467
108709146.50095637,2148.064458050047
108714485.99572204,2148.214730081886
108719825.09271874,2148.4269445988066
108725163.92870219,2148.662573688548
108730502.42712891,2148.8785681978643
108735840.49429347,2149.072324945318
108741178.20634222,2149.2588202473826
108746515.5313528,2149.4379250612847
108751852.40756956,2149.577552895548
108757189.00745024,2149.768198836814
108762525.47127107,2149.925537646934
108767861.6761903,2150.1195623830768
108773197.39911889,2150.3461529944584
108778532.65940574,2150.5715869207143
108783867.5299271,2150.7912429368243
108789201.98256238,2150.9863457907595
108794536.06365354,2151.17482559723
108799869.98509222,2151.3454366163996
108805203.50153087,2151.5771342426515
108810536.66569886,2151.830021541303
108815869.49028116,2152.0787121310586
108821201.87122583,2152.3005522407175
108826533.80481578,2152.5127165546455
108831865.33283746,2152.725466211132
108837196.3685488,2152.8978736801405
108842527.01594107,2153.111539805889
108847857.47772372,2153.303463150982
108853187.66667844,2153.5128937867175
108858517.32986727,2153.7670438920577
108863846.44816418,2154.025528870668
108869175.13678052,2154.278976569857
108874503.33963849,2154.5201352672107
108879831.0833459,2154.7550546819075
108885158.55755416,2154.9508195458943
108890485.64544724,2155.2114090636865
108895812.28853312,2155.497993008072
108901138.50976256,2155.800707152355
108906464.23489521,2156.064961595588
108911789.40372549,2156.3185262217194
108917114.12841946,2156.57490482665
108922438.28531364,2156.794731139023
108927761.91874667,2157.0403683668314
108933085.27930252,2157.2990403753956
108938408.30732168,2157.534980909886
108943730.83379512,2157.8202750115606
108949052.69608907,2158.1490778059806
108954373.62623969,2157.742305933946
108959702.92772867,2154.558938115807
108965031.93223512,2154.231701378185
108970369.08643594,2150.9908756325676
108975706.84273878,2151.1828753145505
108981044.24886055,2151.387474019974
108986381.34286173,2151.631269524312
108991718.09235188,2151.8321018998518
108997054.39085953,2152.0168303161295
109002390.3517496,2152.205528107885
109007725.89428832,2152.366325966
109013060.98848991,2152.523348718157
109018395.90347189,2152.7188492878117
109023730.62589103,2152.8780971478423
109029065.00896126,2153.0836442260975
109034398.86660247,2153.319720065349
109039732.29128326,2153.541922215115
109045065.29117759,2153.758071086833
109050397.8746206,2153.963240932241
109055730.12846354,2154.1357855544966
109061062.1973991,2154.3281630095626
109066393.82250372,2154.573326369184
109071725.10087752,2154.8462532096523
109077055.97528334,2155.0828182279583
109082386.33452438,2155.3033663210344
109087716.32327247,2155.5236236468995
109093045.83382465,2155.726930398035
109098374.8194973,2155.901584054892
109103703.5223118,2156.133891063787
109109031.99727574,2156.323775236988
109114360.11454521,2156.556143432933
109119687.67592813,2156.8183922113944
109125014.70035014,2157.086992720687
109130341.22894672,2157.341005323912
109135667.29048648,2157.5795172356297
109140992.90995888,2157.803654937218
109146318.29069805,2158.025089278822
109151643.14604723,2158.3024049297364
109156967.6220168,2158.6123245549
109162291.61960387,2158.9036038086742
109167615.03881943,2159.1715371602318
109172937.95834298,2159.4318065539146
109178260.35510214,2159.6926280317625
109183582.1455119,2159.9143876155863
109188903.49759737,2160.194405873115
109194224.53159115,2160.4425069722274
109199545.15241893,2160.7131949454765
109204865.14855844,2161.017347100753
109210184.53187068,2161.3346743616603
109215503.35563214,2161.660770937753
109220821.17629567,2161.1918582107687
109226147.52332501,2158.030832137243
109231473.62375206,2157.638335327575
109236807.84738885,2154.4965840528553
109242142.22113769,2154.278646342278
109247484.39403692,2151.1573822096598
109252827.31564192,2151.322075933773
109258169.86122146,2151.4687981938937
109263512.12251689,2151.6209748903116
109268853.98308039,2151.7284697559626
109274195.54264931,2151.87189041623
109279537.01331943,2152.005725176558
109284878.32033579,2152.148803097278
109290219.21970828,2152.3308694117745
109295559.68743195,2152.5208318468995
109300899.8302127,2152.702994827446
109306239.58778256,2152.8657422526067
109311579.01475239,2153.026722181711
109316918.28002368,2153.150233455732
109322257.28059077,2153.3363860080544
109327595.98662707,2153.535672125846
109332934.37962963,2153.758285439411
109338272.41578826,2153.941432252448
109343610.0164409,2154.1091324309136
109348947.30877398,2154.2852416486726
109354284.16818689,2154.419963301275
109359620.6428957,2154.574670961095
109364956.97845502,2154.755171153169
109370293.09506513,2154.908487210817
109375628.85353018,2155.0987957416733
109380964.12943481,2155.3197111648105
109386298.9939706,2155.523863767404
109391633.45059241,2155.713830049339
109396967.52849583,2155.8978849044493
109402301.34733142,2156.050811373748
109407634.91626069,2156.2540978533116
109412968.1180503,2156.47353982073
109418300.97136557,2156.731095405155
109423633.43908401,2156.9452008187645
109428965.41375504,2157.1391058647814
109434297.02655795,2157.3414923161235
109439628.19233479,2157.51922868478
109444958.8629381,2157.6911465198145
109450289.32016058,2157.9006904174485
109455619.54738997,2158.072944821471
109460949.39836124,2158.2912269547683
109466278.69192538,2158.5384473895033
109471607.52083266,2158.7864872790315
109476935.87035373,2159.0154592947556
109482263.7712132,2159.2371222280117
109487591.30451645,2159.432282230398
109492918.58966385,2159.645175013835
109498245.3912795,2159.9081490051067
109503571.81794877,2160.2039595370134
109508897.7949058,2160.46402223268
109514223.20207652,2160.708199949609
109519548.16881955,2160.9471680941883
109524872.62865953,2161.172690853509
109530196.25331476,2160.857605746551
109535527.88257656,2157.6784884310555
109540860.02860345,2157.447088694829
109546199.71487738,2154.2903590810247
109551540.30886623,2154.4678638685496
109556880.52489035,2154.6499599639733
109562220.38107714,2154.824544176593
109567559.88261788,2154.9786743670193
109572899.08739382,2155.1178749451833
109578238.18468378,2155.2542587042035
109583576.89887626,2155.4434132632696
109588915.38099189,2155.662402880468
109594253.53417742,2155.858703372076
109599591.26467794,2156.0298983626103
109604928.65724568,2156.1917087164557
109610265.68839522,2156.350276173706
109615602.28083368,2156.4702280949014
109620938.61665316,2156.646971909656
109626274.7981845,2156.788223660887
109631610.74290621,2156.9522159773123
109636946.24081133,2157.15445645065
109642281.2939083,2157.3620269787148
109647615.9571702,2157.5650982693396
109652950.20445614,2157.7334835941756
109658284.1088076,2157.909793439724
109663617.8612898,2158.063932892109
109668951.2366935,2158.2655472409333
109674284.28261541,2158.507406260162
109679616.96796001,2158.7398669337845
109684949.21197489,2158.9387134058384
109690281.0175166,2159.1308063509787
109695612.45367882,2159.325516082823
109700943.38979058,2159.4733733630255
109706273.95452976,2159.665824660706
109711604.33740553,2159.8412878903478
109716934.45933984,2160.021510664484
109722264.10106784,2160.2506845674384
109727593.22419816,2160.489792309478
109732921.9252835,2160.720668237177
109738250.14752933,2160.93239970118
109743577.94271071,2161.145248931114
109748905.48464997,2161.3204110073525
109754232.64606197,2161.562280295443
109759559.41223687,2161.8178714001565
109764885.75432394,2162.0968287550722
109770211.62753828,2162.3385098370836
109775536.95222211,2162.565075780294
109780861.84871197,2162.7985372914954
109786186.21904503,2162.9964231038634
109791510.06127812,2163.216961983289
109796833.64617708,2163.4564982363454
109802156.88259317,2163.6867343051626
109807479.3083893,2163.347719596583
109812809.7457004,2160.247184910595
109818140.20920108,2160.0077825779967
109823478.35626808,2156.889894648552
109828817.25974062,2157.0391007264056
109834155.96896937,2157.153312260021
109839494.46278569,2157.3187376263454
109844832.63038222,2157.51182198648
109850170.51084128,2157.7350714914314
109855508.04866764,2157.9120979802865
109860845.15541025,2158.077299625524
109866181.92660579,2158.2408554607787
109871518.3085509,2158.376717730745
109876854.26377682,2158.5087454436743
109882190.06597362,2158.6770014859526
109887525.70002875,2158.811054789927
109892861.01129043,2158.9877757486033
109898195.83013485,2159.189969513929
109903530.26020584,2159.3923969298226
109908864.2732499,2159.576696405419
109914197.90793505,2159.749591031595
109919531.2519617,2159.8987688815073
109924864.40550344,2160.0726687359947
109930197.1308626,2160.284523955901
109935529.58440676,2160.5296117550447
109940861.66253254,2160.739577042787
109946193.24980652,2160.932693877111
109951524.4739725,2161.12021179525
109956855.26923488,2161.291827929243
109962185.5732714,2161.440144425291
109967515.62826376,2161.6377760616056
109972845.46978667,2161.7986192155836
109978174.95614015,2162.0135269334182
109983503.920477,2162.2375833677647
109988832.419204,2162.470428191219
109994160.46474963,2162.7012890686747
109999488.0412219,2162.9083885623736
110004815.21729833,2163.09843322115
110010142.18803793,2163.290538370259
110015468.65781674,2163.5391339090593
110020794.78053539,2163.8196735256192
110026120.45363426,2164.0741069214723
110031445.58929946,2164.307942518262
110036770.25580707,2164.5310041399252
110042094.44320314,2164.753157962373
110047418.07355945,2164.9393017092607
110052741.31069154,2165.1794551465164
110058064.28217036,2165.3874248906277
110063386.88071671,2165.635646214749
110068708.83466291,2165.9147001723395
110074029.81355977,2165.4300237336547
110079359.37909797,2162.392400097628
110084688.4945981,2161.9863586113
110090025.84221704,2158.9122546625454
110095363.52494003,2158.560645715539
110100709.06577757,2155.5441909640704
110106055.43845133,2155.7192461319096
110111401.57572399,2155.881289814284
110116747.39515507,2156.0177968798503
110122092.88452531,2156.1343896728645
110127438.10660261,2156.252635790696
110132782.96985339,2156.3314175744486
110138127.57920279,2156.448424985983
110143472.1300848,2156.552789352167
110148816.54671825,2156.6753578675175
110154160.5668475,2156.827755655906
110159504.1964474,2156.986507695172
110164847.53461948,2157.138546945772
110170190.52260569,2157.2697394934494
110175533.2138202,2157.399467493422
110180875.79218142,2157.494985866335
110186218.11490774,2157.65450403675
110191560.1896111,2157.826314819301
110196901.98282562,2158.0156640198493
110202243.45053951,2158.1665711755263
110207584.5308158,2158.3013627442065
110212925.33567078,2158.442806822372
110218265.74990593,2158.5419882583906
110223605.82675032,2158.6671245707325
110228945.80438763,2158.8128338029896
110234285.59393248,2158.9362610581193
110239625.05532607,2159.093879673512
110244964.07728417,2159.2810823145182
110250302.73165403,2159.447294665625
110255641.02426927,2159.599008282878
110260978.98443475,2159.7466304311315
110266316.74985139,2159.8634700175353
110271654.28562188,2160.0369162203433
110276991.5066571,2160.2236648387084
110282328.41898555,2160.4420080950663
110287664.98999289,2160.615222275491
110293001.12994836,2160.769586329944
110298336.95617217,2160.9316903315853
110303672.37840472,2161.064603659561
110309007.37292133,2161.200122999771
110314342.21509811,2161.3677370414803
110319676.87247035,2161.5042357712096
110325011.18816791,2161.6837323772825
110330345.00030956,2161.893267409422
110335678.40851602,2162.087186133975
110341011.39834799,2162.2713617183804
110346343.99164896,2162.452860180465
110351676.29567893,2162.5963862427343
110357008.39967734,2162.7706887321706
110362340.08384944,2162.9913993355967
110367671.43534823,2163.242264153825
110373002.40170644,2163.451203636444
110378332.85706396,2163.6413611036014
110383662.96793799,2163.8330608650313
110388992.61530772,2164.0023568891243
110394321.7645906,2164.1520742199536
110399650.66868377,2164.3551596244265
110404979.34958187,2164.519967965436
110410307.67840779,2164.725665784426
110415635.47291033,2164.9600632509846
110420962.76392208,2165.1944572314314
110426289.57522054,2165.4154501657804
110431615.94345386,2165.623719038904
110436941.91108504,2165.815771794674
110442267.64355189,2166.016018502724
110447592.8589681,2166.2671192347634
110452917.71629284,2166.552211228276
110458242.11480692,2166.807990321401
110463565.95140748,2167.0416323181757
110468889.32669784,2167.2680218757805
110474212.20056908,2167.492415453605
110479534.49523395,2167.681326025195
110484856.40256159,2167.9311223351624
110490178.01224697,2168.146931014266
110495499.2134494,2168.392328441044
110500819.80096334,2168.662381603326
110506139.36511633,2168.0529225845753
110511467.79380217,2165.1090646501166
110516795.44402675,2164.58910704383
110522131.65608741,2161.584338114079
110527467.87388787,2161.1397306892068
110532812.25755136,2158.1915760067127
110538157.19049574,2158.3712071096325
110543501.85553369,2158.532710019464
110548846.18366756,2158.6656651863
110554190.17886977,2158.784260692958
110559533.90575252,2158.9063098426927
110564877.24438189,2158.982323375165
110570220.33718699,2159.1038784542316
110575563.35668728,2159.2064444953926
110580906.21662638,2159.322019178556
110586248.69218038,2159.475934859827
110591590.77438907,2159.636280477186
110596932.54820375,2159.7871066765274
110602273.97021644,2159.915600767224
110607615.09277795,2160.0457930153643
110612956.10126626,2160.1427123031435
110618296.82904875,2160.305825851569
110623637.27550513,2160.495970524201
110628977.42888094,2160.6854629061936
110634317.23529339,2160.834865613626
110639656.65867205,2160.9720099031174
110644995.79404719,2161.114760380255
110650334.51358235,2161.2136177437487
110655672.90706174,2161.3440748595553
110661011.18332937,2161.4872604880584
110666349.28169788,2161.6078681716526
110671687.03064322,2161.7702199265636
110677024.31515534,2161.9658346992455
110682361.21196818,2162.1307165207086
110687697.74515128,2162.2844309006523
110693033.93268934,2162.4353618072496
110698369.93303129,2162.553113634849
110703705.67155108,2162.734539195467
110709041.07297342,2162.928758311461
110714376.14917389,2163.150828357668
110719710.86506616,2163.3263300265244
110725045.14667287,2163.4878502988213
110730379.08651134,2163.65408904216
110735712.59920028,2163.786428962273
110741045.68479034,2163.9291621261023
110746378.60394666,2164.1009882303383
110751711.3179115,2164.245233105453
110757043.66110724,2164.432015196098
110762375.47970717,2164.6472789444233
110767706.87865679,2164.8446291386495
110773037.84429336,2165.0352226171876
110778368.39540213,2165.222173861514
110783698.64672735,2165.37063121213
110789028.66885313,2165.556281382807
110794358.24774681,2165.785945652283
110799687.4694023,2166.0445183304655
110805016.28264788,2166.2601749313617
110810344.56425071,2166.457591502294
110815672.48106097,2166.6586063285267
110820999.90323287,2166.8345342137754
110826326.80846106,2166.994942805395
110831653.4479521,2167.207989503854
110836979.58967187,2166.8939338612017
110842313.62097292,2163.846142073823
110847647.9691406,2163.664945141145
110852989.70910168,2160.6588946246197
110858332.49867254,2160.79171012984
110863674.99410862,2160.911394001236
110869017.24630295,2161.0087278294295
110874359.4135612,2161.1247587367448
110879701.2260886,2161.2903888688193
110885042.8180541,2161.4811079345445
110890384.11772008,2161.639061265953
110895725.01789363,2161.7743545843664
110901065.63569243,2161.904434409632
110906405.9036756,2162.0203908772482
110911745.7789314,2162.106052659909
110917085.4709987,2162.2503556833676
110922425.059838,2162.3448362641807
110927764.42245963,2162.488237165305
110933103.34389383,2162.6649099599163
110938441.85938275,2162.827696036792
110943780.02914676,2162.9814991532044
110949117.8579946,2163.116462281523
110954455.38201274,2163.2451365427837
110959792.81202482,2163.3621665793894
110965129.87326032,2163.540275241684
110970466.64461455,2163.7445131936747
110975803.11973558,2163.927495066896
110981139.1936097,2164.0865849075617
110986474.9073899,2164.234121019208
110991810.26360476,2164.378345768822
110997145.18373455,2164.484932622353
111002479.82434283,2164.6412598167717
111007814.3318318,2164.7685358600734
111013148.60966441,2164.9287099601056
111018482.3966689,2165.115842003658
111023815.72501084,2165.3039716013427
111029148.68207668,2165.4881295264177
111034481.23246734,2165.6542751075212
111039813.40452406,2165.81833945734
111045145.41057698,2165.9521784619533
111050477.03760664,2166.1543004852224
111055808.3142299,2166.3816884010366
111061139.23101541,2166.6061210869193
111066469.71411137,2166.793757973965
111071799.75429986,2166.971095043473
111077129.41396567,2167.148537992109
111082458.58516045,2167.285942640201
111087787.36123276,2167.463934184806
111093115.95248236,2167.6406465627642
111098444.27387749,2167.815743156126
111103772.12886451,2168.0277509184607
111109099.41033496,2168.271216208805
111114426.2246153,2168.478153836923
111119752.59129071,2168.683453652826
111125078.22022375,2168.298348001635
111130412.18534397,2165.2466859475344
111135746.3327646,2164.974481121889
111141088.28812449,2162.0230001279306
111146431.07821313,2162.201432670904
111151773.56767485,2162.3330432366874
111157115.70432232,2162.454252702659
111162457.55468829,2162.5737827868343
111167799.04662967,2162.6555169184494
111173140.20920214,2162.754971153362
111178481.2777294,2162.8728464463866
111183822.22815631,2162.974403375445
111189162.86849445,2163.118158305574
111194503.05384031,2163.284272231929
111199842.90246725,2163.426850133374
111205182.41178644,2163.568308096635
111210521.59319502,2163.694612035906
111215860.57875688,2163.7907606706854
111221199.38360746,2163.9385983824004
111226537.83721514,2164.1109961788625
111231876.02962697,2164.3093832823542
111237213.89532544,2164.4655745005866
111242551.34835294,2164.61135165152
111247888.48703127,2164.751410803196
111253225.25000812,2164.864493316756
111258561.61824526,2164.972584116198
111263897.81792845,2165.117259722663
111269233.86908607,2165.24478714248
111274569.55817105,2165.417379239465
111279904.77449429,2165.595469939505
111285239.62155725,2165.760671303886
111290574.08275212,2165.9271260332766
111295908.1675358,2166.0791326288377
111301241.97315326,2166.2086634980465
111306575.60850854,2166.359481759769
111311908.8026162,2166.5543441295404
111317241.72554122,2166.783535961415
111322574.28059195,2166.969139649127
111327906.37678945,2167.1384436057206
111333238.11777575,2167.3045368552885
111338569.42974395,2167.455622442821
111343900.27287897,2167.5815885897805
111349230.86405203,2167.7597925625573
111354561.26965575,2167.905293323923
111359891.3453551,2168.0932053534093
111365220.9107648,2168.2903839228593
111370550.00587355,2168.4932884492164
111375878.66902743,2168.6986582284894
111381206.89330357,2168.873586936502
111386534.73972052,2169.0446936762155
111391862.39123988,2169.214115857918
111397189.55443795,2169.4441123768047
111402516.3437298,2169.6958126890945
111407842.74198312,2169.9258095833693
111413168.64158458,2170.1354264362644
111418494.08053833,2170.333822423045
111423818.79534087,2170.002965645234
111429151.37670499,2166.9379859807277
111434484.33820486,2166.694649088117
111439825.10762903,2163.669218852204
111445166.96848264,2163.7887749441593
111450508.40657488,2163.9346171575016
111455849.45965226,2164.075703929881
111461190.21675318,2164.2145093038826
111466530.64039537,2164.3353077069182
111471870.75452213,2164.452811225632
111477210.78145461,2164.5452228036834
111482550.48200074,2164.702393051011
111487889.9161775,2164.882597579281
111493229.06891865,2165.056307466285
111498567.86589602,2165.1964353956023
111503906.30320169,2165.321322215296
111509244.43884216,2165.447893481151
111514582.17440128,2165.534949156472
111519919.61016148,2165.661116186243
111525256.95002164,2165.789274431204
111530594.07540882,2165.9248541386514
111535930.78188644,2166.0778252754553
111541267.05982894,2166.245082654108
111546603.00618318,2166.3986201186317
111551938.57193446,2166.549399015081
111557273.78781983,2166.6835038895265
111562608.86184642,2166.7925951116667
111567943.61091775,2166.9704510290962
111573278.04075798,2167.1591835786176
111578612.14939854,2167.3669052825726
111583945.87899393,2167.530383036331
111589279.18199253,2167.6773752737954
111594612.13826005,2167.8329260092887
111599944.6739114,2167.95104979658
111605276.8022681,2168.0876193617123
111610608.7700746,2168.2462377416596
111615940.52474348,2168.384897745485
111621271.87568139,2168.5631120932967
111626602.70287292,2168.767978115092
111631933.12118559,2168.9477585653517
111637263.12041308,2169.1258982484524
111642592.71519493,2169.291644231416
111647922.04951067,2169.43282659315
111653251.08781391,2169.6259346707034
111658579.69573677,2169.8416316250814
111663907.95207696,2170.0843731644386
111669235.7880066,2170.2854923337854
111674563.12020528,2170.4760183398307
111679890.04370804,2170.663615903077
111685216.49207003,2170.8223929296846
111690542.4497669,2170.980962335928
111695868.14287263,2171.175372271776
111701193.58163854,2171.354912608683
111706518.55061547,2171.5799098829693
111711842.6606128,2171.2626627380155
111717174.77437878,2168.2830519859826
111722507.07501918,2168.0301369630197
111727847.00772177,2165.0512353359945
111733187.77471644,2164.8197228278186
111738536.04199372,2161.8770625437664
111743885.5819053,2161.99972127153
111749234.96605362,2162.1541822506556
111754584.10973065,2162.264580332491
111759932.92541666,2162.3566982580173
111765281.51598103,2162.441654773609
111770629.8203628,2162.511811192442
111775977.79635705,2162.5599210396304
111781325.665405,2162.657067550005
111786673.47753163,2162.7266921082037
111792021.08398677,2162.82749764559
111797368.32343268,2162.9440529984327
111802715.25093994,2163.060030109872
111808061.89691652,2163.168026211375
111813408.25528486,2163.2560057865085
111818754.39006902,2163.3410422858196
111824100.46901883,2163.4252422966797
111829446.2432628,2163.550949906906
111834791.8174709,2163.71233226582
111840137.14325745,2163.844749518229
111845482.11779547,2163.952108721829
111850826.83674157,2164.051463771164
111856171.27496089,2164.1441012064734
111861515.32395881,2164.1984169433726
111866859.21321581,2164.312350769893
111872203.01173715,2164.3870727009557
111877546.64502299,2164.5005389171083
111882889.86305661,2164.638250665083
111888232.71580075,2164.771352479979
111893575.26747462,2164.8927820822073
111898917.50924341,2164.996669069651
111904259.46840182,2165.101887257332
111909601.37105137,2165.1901633223383
111914942.94222935,2165.333185304616
111920284.26450476,2165.507100910408
111925625.31991975,2165.663286934364
111930966.01653196,2165.785186588153
111936306.40561827,2165.8984020517028
111941646.49192359,2166.012801563281
111946986.17448597,2166.0836762904437
111952325.61356014,2166.2039133393855
111957664.95609775,2166.3038244229547
111963004.11727248,2166.4271969919514
111968342.85166048,2166.571711843583
111973681.19004521,2166.724962617223
111979019.19594733,2166.8665271187206
111984356.83951604,2166.9973853848173
111989694.15556812,2167.116689237936
111995031.37121364,2167.2167958619384
112000368.24164684,2167.3846496146543
112005704.8153169,2167.5670316030096
112011041.08656323,2167.7516050340546
112016376.98508234,2167.898091755706
112021712.51601034,2168.0354076461076
112027047.69114392,2168.169855044381
112032382.460917,2168.2658000717697
112037716.87865293,2168.395606891249
112038801.07645641,2.4839209808e-08
112043051.16167435,2168.5361955012854
112048385.23183198,2168.666904699916
112053718.87805204,2168.8272011439785
112059052.04994917,2169.0166581174662
112064384.84915222,2169.181988187881
112069717.23902442,2169.3383148870653
112075049.25473969,2169.4848253703703
112080381.0760694,2169.60841647956
112085712.57996848,2169.792601725808
112091043.6942303,2169.998138252452
112096374.4568643,2170.2209572215147
112101704.82258475,2170.398495668122
112107034.73194551,2170.5655714487834
112112364.25793396,2170.732629034266
112117693.33237495,2170.865370503847
112123021.96046156,2171.0136730356703
112128350.38276422,2171.183667815102
112133678.58312662,2171.346905755686
112139006.32895488,2171.55069239366
112144333.51102322,2171.762756212557
112149660.24665996,2171.9570129170406
112154986.53195064,2172.147475702311
112160312.3711509,2172.339802403051
112165637.88804606,2172.4951582419058
112170963.11630256,2172.6960571287354
112176287.52831014,2172.3408244947723
112181620.18301423,2169.4495828425024
112186952.92919467,2169.1587023202173
112192293.40299532,2166.2197590998453
112197634.5154658,2165.972429222079
112202983.05483483,2163.041067938388
112208332.73730494,2163.0829716785474
112213682.34166843,2163.1704046681484
112219031.88727324,2163.23799452326
112224381.21012752,2163.332732784489
112229730.1656446,2163.4424160128183
112235078.82064329,2163.549729497937
112240427.19642167,2163.6448073978936
112245775.30895035,2163.726130466419
112251123.24195796,2163.788211373231
112256471.11146572,2163.875731472962
112261818.65294981,2164.0001352758322
112267166.02106169,2164.156867572483
112272513.14009097,2164.273504008526
112277859.91925964,2164.370955557965
112283206.45592529,2164.4589953829573
112288552.70847832,2164.5361939789022
112293898.61415231,2164.5818878336895
112299244.39680949,2164.688149923227
112304590.09157176,2164.758158345949
112309935.59178492,2164.862426790946
112315280.70494704,2164.982590128851
112320625.51479739,2165.1059845222658
112325969.99810426,2165.2201214594725
112331314.18791726,2165.30607523912
112336658.1422344,2165.397743314253
112337740.8411061,7.497419584e-09
112342002.04194301,2165.4831051214533
112347345.61395653,2165.6115061007995
112352688.95964143,2165.7769278432097
112358032.04722095,2165.9159684871015
112363374.77703124,2166.027397940179
112368717.22694351,2166.1299881645273
112374059.37777543,2166.2250409865737
112379401.14357461,2166.2831139695627
112384742.7114629,2166.394986282953
112390084.18637355,2166.4822465329876
112395425.47510867,2166.6025198102175
112400766.34042938,2166.7381453421726
112406106.8386638,2166.8833333155467
112411446.98901756,2167.0126579710104
112416786.80832988,2167.119357781931
112422126.3347936,2167.2299817699077
112427465.7763606,2167.3200366857805
112432804.86481054,2167.4739928036297
112438143.68330616,2167.6536002451903
112443482.20781453,2167.8206619901716
112448820.36398521,2167.952191558143
112454158.18200447,2168.074775751483
112459495.68192263,2168.1929758939996
112464832.77068226,2168.2714409766463
112470169.57071531,2168.3958921069493
112475506.25711471,2168.51667143383
112480842.73202838,2168.643790850915
112486178.7837701,2168.8003913755665
112491514.35707247,2168.970823820433
112496849.57785231,2169.1120327608796
112502184.43319488,2169.252891176257
112507518.93536492,2169.385356727318
112512853.3014807,2169.4903675853625
112518187.31847161,2169.659463387522
112523520.98723568,2169.858105559548
112528854.32563546,2170.060118074127
112534187.27231678,2170.218433207503
112539519.80786407,2170.3679722897896
112544851.97179127,2170.515882280076
112550183.6936362,2170.623134267079
112555515.02855563,2170.7585822748524
112560846.18805519,2170.9076426887223
112566177.13752699,2171.047373379925
112571507.65881485,2171.225157685977
112576837.64453767,2171.4220046858645
112582167.22371699,2171.5962350352984
112587496.36549327,2171.759222018871
112592825.1092858,2171.9239117819047
112598153.5905884,2172.0568497014897
112603481.77024913,2172.249522355187
112608809.48655811,2172.465399449311
112614136.83257309,2172.709768469555
112615223.1874574,1.2166292864e-08
112619463.75290036,2172.907714332031
112624790.16440076,2173.091264652151
112630116.18113035,2173.2802565919283
112635441.672549,2173.4327312331407
112640766.66611652,2173.5889303420613
112646091.38778824,2173.7895124171882
112651415.56653376,2173.453772906205
112656747.68691498,2170.4981837094883
112662079.98982899,2170.2786367154404
112667419.8084131,2167.362815927143
112672760.43552487,2167.1764116035447
112678108.2790848,2164.27351752871
112683457.65256412,2164.321740432629
112688806.94909547,2164.4101767778243
112694155.93465391,2164.5325432342356
112699504.72606762,2164.681676446213
112704853.27701129,2164.786325773643
112710201.49240391,2164.8714665654866
112715549.4904328,2164.954998091347
112720897.18206742,2165.0157137510228
112726244.54951149,2165.0576154221812
112731591.8174478,2165.150634649617
112736939.01155902,2165.2184243398833
112742285.9951214,2165.3225950738815
112747632.58860208,2165.4290252444507
112752978.87108625,2165.5361228329434
112758324.86202824,2165.6417999449422
112763670.56571814,2165.7195578764977
112769016.0669952,2165.796201417019
112774361.4972068,2165.8818219765026
112779706.59189558,2166.003040373788
112785051.50131464,2166.160248857757
112790396.15085357,2166.2865390359484
112795740.4513369,2166.391947303119
112801084.47341168,2166.482650717724
112806428.21890968,2166.568478044116
112811771.5766372,2166.616610348382
112817114.77305305,2166.7237450758385
112822457.86914082,2166.8047748649024
112827800.75451761,2166.9195591898006
112833143.2447309,2167.039001461076
112838485.39065062,2167.166702563603
112843827.1991821,2167.284516981547
112849168.69886613,2167.3800628319414
112854509.92832197,2167.476638049229
112859851.0878168,2167.5598045815555
112865191.88737436,2167.7047062603438
112870532.445852,2167.882550946072
112875872.70517308,2168.0329011807225
112881212.59717517,2168.154919934214
112886552.17102341,2168.264676138091
112891891.43296765,2168.3741637389217
112897230.27998611,2168.4382147338792
112902568.89064625,2168.556033097741
112907907.3955965,2168.6657247542125
112913245.66492724,2168.7891928420418
112918583.50750071,2168.930624509983
112923920.9373361,2169.0907675418143
112929258.01028119,2169.221837718638
112934594.7193614,2169.3431417212714
112939931.11127841,2169.46001871917
112945267.39438047,2169.559550740976
112950603.32643837,2169.713916802382
112955938.9537243,2169.9041907790297
112961274.26136965,2170.085344093044
112966609.1815051,2170.226448208656
112971943.73629992,2170.3625312567738
112977277.93452652,2170.4930116133696
112982611.69759071,2170.584133461255
112987945.12105156,2170.711267520029
112993278.38436784,2170.8475809430365
112998611.4497481,2170.9754772668953
113003944.07480286,2171.1418802176913
113009276.19186784,2171.324147526309
113014607.91688216,2171.476992342049
113019939.237625,2171.6249806548108
113025270.18183069,2171.7746945078925
113030600.91091226,2171.9006691585237
113035931.28592482,2172.0799858615956
113041261.26688321,2172.2854212674547
113046590.88256346,2172.5080649101733
113051920.0857076,2172.684807185271
113057248.82298148,2172.848547900411
113062577.17948672,2173.0187783816655
113067905.05355273,2173.146905221871
113073232.4730689,2173.292750975753
113078559.66386437,2173.471244971514
113083886.59294236,2173.6380841722003
113089213.05407833,2173.827857920838
113094538.97137487,2174.0443411207407
113099864.38717934,2174.2530275775753
113105189.30452518,2174.436873976027
113110513.7713352,2174.627155056715
113115837.63711387,2174.248633780879
113121169.63287415,2171.322256599305
113126501.8227736,2171.09417820393
113131841.69219488,2168.2442620223333
113137182.34049265,2168.055520990907
113142530.19407894,2165.179013572211
113147879.46297136,2165.257112590893
113153228.41754313,2165.304429879862
113158577.06001095,2165.3406102462573
113163925.6300547,2165.425939652718
113169274.11201535,2165.4821415131764
113174622.39048328,2165.5730906796666
113179970.2964088,2165.6835127175063
113185317.8853611,2165.7815945904567
113190665.19208014,2165.8645632459693
113191748.12436181,3.526645288e-08
113196012.23644179,2165.939209700014
113201359.10981736,2165.9970798435993
113206705.89761232,2166.0861418208824
113212052.34842181,2166.206739016072
113217398.59811763,2166.3580717115237
113222744.59716906,2166.471137106767
113228090.2570771,2166.567357098631
113233435.67031594,2166.652695487765
113238780.77563974,2166.723987437913
113244125.52767411,2166.7679485871204
113249470.14887667,2166.86873358117
113254814.67738365,2166.9418486264667
113260158.9561336,2167.057637017141
113265502.80915429,2167.171498034786
113270846.3527919,2167.2827116006874
113276189.58984047,2167.3935658071387
113281532.51354022,2167.477361314518
113286875.20842189,2167.559926031088
113292217.82989399,2167.6450673299023
113297560.07314901,2167.781611675179
113302902.10018113,2167.949639539206
113308243.83770867,2168.0858722913745
113313585.20508757,2168.1975500086123
113318926.27857424,2168.297930838161
113324267.04593371,2168.3945539899323
113329607.40524063,2168.449079572136
113334947.56122519,2168.562477272604
113340287.60523221,2168.6519289621174
113345627.41773029,2168.768972973181
113350966.80614609,2168.900306507539
113356305.8199825,2169.036549761176
113361644.49107657,2169.1591730785585
113366982.82451168,2169.2609569468323
113372320.85695729,2169.369605964168
113377658.79574557,2169.463608319098
113382996.33815302,2169.6082249380984
113388333.62853655,2169.7876069623167
113393670.59906727,2169.9555767723296
113399007.18612176,2170.089102747397
113404343.41871868,2170.2125099922728
113409679.31299914,2170.3359506423094
113415014.76553534,2170.4161689748003
113420349.91320027,2170.540071597461
113425684.89719288,2170.6744853539494
113431019.65407419,2170.7922269134365
113436353.98030445,2170.946397232815
113441687.83730203,2171.1172152210665
113447021.30934858,2171.261808390535
113452354.38858116,2171.3902271355582
113457687.1086035,2171.5255935411824
113463019.65307122,2171.646581903443
113468351.82581173,2171.816685707098
113473683.64356287,2172.012003272443
113479015.10828783,2172.2164695690735
113484346.1638285,2172.380046562611
113489676.77611004,2172.524876275082
113495007.03007367,2172.6791035669244
113500336.81460837,2172.794493881772
113505666.1760246,2172.9345438233527
113510995.33230694,2173.098420741875
113516324.23307453,2173.256639445325
113521652.63395579,2173.4385528170355
113526980.4982956,2173.6393108661046
113532307.92519693,2173.8294185970103
113537634.87275721,2173.9966544971676
113542961.3823699,2174.1728253325996
113548287.6186035,2174.318329323946
113553613.48416486,2174.5190919762777
113558938.8916253,2174.7342646554807
113564263.89593817,2174.991415199438
113569588.45015271,2175.2042126758047
113574912.44455571,2175.3931568024873
113580235.74530053,2175.054431174849
113585566.96345527,2172.0914738309525
113590898.36642106,2171.791852536002
113596237.57798515,2168.8926481780627
113601577.70076637,2168.674695257023
113606925.102972,2165.82707419223
113612273.7702428,2165.9298892425595
113617622.14929219,2166.0204511328197
113622970.23971602,2166.0938059747336
113628318.07062969,2166.1640944703367
113633665.75890194,2166.2169845719213
113639013.32246082,2166.309503376861
113644360.56424147,2166.422699015597
113649707.60733412,2166.5719953418566
113655054.40700673,2166.6789094411542
113660400.8579338,2166.764536377887
113665747.07958339,2166.8490279297666
113671092.98339553,2166.911371522822
113676438.54020353,2166.9510601209745
113681783.98932162,2167.049470288002
113687129.34566887,2167.1097096888416
113692474.4743666,2167.2180227358704
113697819.1771907,2167.3399986967943
113703163.54240806,2167.4425950435298
113708507.60386309,2167.533146288163
113713851.39208333,2167.6168021417743
113719194.95491508,2167.689845580664
113724538.44387893,2167.773466032577
113729881.55138922,2167.904841837101
113735224.44064833,2168.060502353181
113740567.06958285,2168.187170058517
113745909.3374093,2168.29662912586
113751251.32298781,2168.390758478007
113756592.98379494,2168.4755663053456
113761934.26154223,2168.52413120107
113767275.36301191,2168.63648731532
113772616.35720003,2168.7172993735626
113777957.08207391,2168.839033202785
113783297.3646676,2168.967876123195
113788637.2836462,2169.088634986306
113793976.88244013,2169.2030042175934
113799316.15156212,2169.299449229817
113804655.13252592,2169.399794239007
113809994.02456291,2169.496319826649
113815332.49516295,2169.642156161283
113820670.70877779,2169.817461521944
113826008.62193319,2169.973984684101
113831346.14952506,2170.1038123654603
113836683.34328139,2170.221424805807
113842020.18408605,2170.333461922868
113847356.60280621,2170.407772988878
113852692.74963777,2170.5296495031516
113858028.75035316,2170.654113052283
113863364.48233362,2170.7860508126764
113868699.74153438,2170.932561235939
113874034.56775537,2171.0807488773025
113879369.0535836,2171.224373867197
113884703.12445521,2171.3464651142017
113890036.85090792,2171.4720036842573
113895370.43087849,2171.5899762841887
113900703.59495048,2171.7508756069155
113906036.44224595,2171.9375334582905
113911368.94741349,2172.1293769783333
113916701.03758135,2172.285200944232
113922032.70123217,2172.4259447249847
113927363.99284223,2172.5723189509627
113932694.8182869,2172.677232922901
113938025.25157204,2172.8161294644196
113943355.47850876,2172.976145370517
113948685.42605285,2173.127961529459
113954014.87220256,2173.302352826654
113959343.78801164,2173.4928449177614
113964672.28779492,2173.6617359309475
113970000.32799312,2173.817415355732
113975327.95314065,2173.978642216439
113980655.33563903,2174.1196991765214
113985982.29493456,2174.322921401819
113991308.79894972,2174.5365147415114
113996634.90974355,2174.7793973324438
114001960.56603855,2174.9817001659726
114007285.69719668,2175.168911265792
114012610.36503528,2175.3560966051377
114017934.50333227,2175.5053206703797
114023258.12998207,2175.6733953253515
114028581.45971549,2175.8734571455493
114033904.13560387,2175.4685586171763
114039234.93617395,2172.593797780538
114044565.62557577,2172.3006573312723
114049904.1264958,2169.4291660603067
114055243.15425697,2169.1734424026176
114060589.64356212,2166.3221847794885
114065937.4548656,2166.373922689797
114071285.10808885,2166.467004834237
114076632.44599347,2166.5721065039875
114081979.59137635,2166.7193747709916
114087326.48310225,2166.8198649212613
114092673.03943841,2166.901893995636
114098019.35250185,2166.980681259386
114103365.35216698,2167.034603208313
114108711.01353648,2167.078560015304
114114056.56680745,2167.1761211917214
114119401.99028726,2167.2558360927374
114124747.14537244,2167.3560433785556
114130091.88152228,2167.4651526653565
114135436.30270755,2167.5706419916523
114140780.40965217,2167.6598023994097
114146124.22008827,2167.741808757554
114151467.82541633,2167.819533887848
114156811.30094215,2167.90826836906
114162154.43164702,2168.0271938686087
114167497.33285081,2168.186376904499
114172839.9689908,2168.3145420299825
114178182.20719455,2168.4180158414756
114183524.18568577,2168.515834865551
114188865.8222246,2168.5998515078627
114194207.04989931,2168.648763349228
114199548.10992683,2168.7649532750434
114204889.02536559,2168.8530123620217
114210229.6701364,2168.9821370822224
114215569.8591968,2169.1053538325646
114220909.67924038,2169.2277904343982
114226249.14644761,2169.338348155143
114231588.28601526,2169.436030160671
114236927.139564,2169.5358819070816
114242265.89065062,2169.635807652795
114247604.21604192,2169.7794749069676
114252942.28035149,2169.9586554547504
114258280.03011043,2170.1127553555334
114263617.36638981,2170.2375015134394
114268954.3903539,2170.355599920022
114274291.0452995,2170.467228881739
114279627.25388008,2170.536990247741
114284963.21041662,2170.667724720424
114290299.00110172,2170.794530017542
114295634.4805177,2170.939283200611
114300969.47407627,2171.091150047838
114306304.02040994,2171.2495888156086
114311638.17541684,2171.387325628374
114316971.93257232,2171.5116544222124
114322305.34366968,2171.63841134309
114327638.61593805,2171.757301488146
114332971.46024565,2171.916476088967
114338303.94838722,2172.1211407823216
114343636.08677486,2172.3128338044226
114348967.7804245,2172.467425304544
114354299.0744153,2172.6193763017022
114359629.95680416,2172.7618312352024
114364960.3447698,2172.8652547923894
114370290.36772664,2173.0118750491342
114375620.1644286,2173.16941972394
114380949.68183553,2173.329093948325
114386278.66327475,2173.5164939882297
114391607.09321596,2173.7086701470716
114396935.0832386,2173.8753499312006
114402262.60908027,2174.0319622945035
114407589.7089764,2174.2012753822837
114412916.56227912,2174.351883132817
114418242.95972893,2174.5483055996333
114423568.9043917,2174.772889193678
114428894.43575054,2175.0158668653467
114434219.48949069,2175.2222265260743
114439544.01566975,2175.407545846714
114444868.09459797,2175.6048512797124
114450191.60624756,2175.756458039493
114455514.5976256,2175.9317536359554
114460837.28246376,2176.1479799235494
114466159.56356356,2176.355151711331
114471481.31058298,2176.564722463421
114476802.43670163,2176.8105685168143
114482122.99556494,2177.04521055354
114487442.697459,2176.7115254190267
114492770.34339109,2173.791602455723
114498098.32405236,2173.5138119322874
114503433.92986847,2170.6406307482844
114508770.26791134,2170.4838919846275
114514113.84244311,2167.685397051413
114519458.81360589,2167.795941003637
114524803.41533573,2167.882384340679
114530147.76567812,2167.9716314362104
114535491.76788007,2168.0274990107846
114540835.41726579,2168.077058474471
114546178.94942276,2168.1813042791996
114551522.32149793,2168.2682076240553
114556865.39939867,2168.3756374830587
114562208.03947292,2168.4952638897767
114567550.33349322,2168.598486125554
114572892.30395555,2168.687423496112
114578233.96858735,2168.7791152402115
114583575.42564136,2168.8552510621885
114588916.71659032,2168.9533498643527
114594257.64470342,2169.0847322975483
114599598.30895746,2169.251084681669
114604938.68573967,2169.3872717282725
114610278.65969267,2169.4999178592534
114615618.33985032,2169.609667264399
114620957.62879401,2169.6967695746607
114626296.50477207,2169.754341512107
114631635.19628039,2169.8805218449666
114636973.72685184,2169.972609320508
114642311.9417362,2170.111484224876
114647649.65395094,2170.253560551888
114652986.97113793,2170.38327386728
114658323.92645456,2170.4961374955933
114663660.5237746,2170.602654507713
114668996.82443938,2170.7113336242046
114674332.99044515,2170.8290075135615
114679668.68800241,2170.9766751990774
114685004.10294752,2171.1622936624185
114690339.19024733,2171.327279628684
114695673.83204031,2171.463367860581
114701008.14222369,2171.593661835488
114706342.04322867,2171.714031673619
114711675.4725856,2171.79609146824
114717008.62351228,2171.941149779814
114722341.56343667,2172.077359589913
114727674.16025205,2172.241500692649
114733006.22531168,2172.4077019069427
114738337.81332897,2172.5712531952736
114743668.98116492,2172.7245183329896
114748999.7154913,2172.862541183401
114754330.06763369,2173.003962226037
114759660.24449408,2173.142293557415
114764989.94065309,2173.316888804312
114770319.2371444,2173.5368449230455
114775648.14977823,2173.7456563149126
114780976.57299952,2173.9187402175176
114786304.55611794,2174.0895920202474
114791632.08007255,2174.2507036264924
114796959.061772,2174.373191780462
114802285.63840872,2174.541507527327
114807611.93882294,2174.722047087049
114812937.90021321,2174.9075092666935
114818263.2611,2175.117699416362
114823588.02385946,2175.3302321443934
114828912.29497749,2175.5191927228766
114834236.04857269,2175.6969265720636
114839559.32283464,2175.8915503749217
114844882.30273215,2176.068316630848
114850204.75778663,2176.2876992634647
114855526.70586468,2176.5374115523337
114860848.18620346,2176.8083705883587
114866169.12655847,2177.045925073316
114871489.4744522,2177.2603277249723
114876809.30989473,2177.4889492838493
114882128.5053258,2177.6739768352904
114887447.10895649,2177.882243002963
114892765.33209218,2178.1367745775237
114898083.06831458,2178.3884791275495
114903400.1725175,2178.6339104761737
114908716.2593812,2178.290710506284
114914040.42067581,2175.4104762567626
114919364.44200395,2175.115882370409
114924696.18963449,2172.2153042466452
114930028.59476447,2171.973202278082
114935368.40106413,2169.1262718033067
114940709.23253319,2168.9870965063883
114946057.1126599,2166.2250731306694
114951406.63397926,2166.322233916008
114956755.81195714,2166.393651088176
114962104.75406829,2166.4654030744287
114967453.37849253,2166.5046980990287
114972801.67519791,2166.5385746701395
114978149.87484981,2166.6282462147747
114983497.93088517,2166.70346038763
114988845.70525262,2166.7960288914082
114994193.0612151,2166.8985559774105
114999540.09962507,2166.9822407042957
115004886.83848211,2167.0512331266223
115010233.29910256,2167.1256645439876
115015579.5907854,2167.1825200733924
115020925.73039082,2167.2653615060353
115026271.53018099,2167.3775993873837
115031617.0982974,2167.5256831445477
115036962.40508525,2167.643292509275
115042307.34011933,2167.7369202779378
115047652.00634822,2167.8286007187226
115052996.3023346,2167.8924175992106
115058340.23103711,2167.9320287863075
115063684.00706178,2168.0343403805737
115069027.65680127,2168.1155768077983
115074370.99175943,2168.235227160015
115079713.85657345,2168.3542936434383
115085056.37434866,2168.4625598028265
115090398.55578104,2168.5523708388573
115095740.41110305,2168.638072962184
115101082.03260188,2168.718098084414
115106423.5311032,2168.8148073850844
115111764.59319805,2168.937768450106
115117105.42620036,2169.103348665479
115122445.95877488,2169.243958781854
115127786.08665213,2169.3646068181606
115133125.89681081,2169.471619556482
115138465.33130446,2169.561573739276
115143804.3513752,2169.618278013185
115149143.14354287,2169.7376028482067
115154481.75878899,2169.8514431418453
115159820.05498026,2169.990327137444
115165157.86059801,2170.1219494553256
115170495.25549443,2170.25419373542
115175832.27918674,2170.3783560409797
115181168.9336313,2170.4764339411163
115186505.26603012,2170.5919958364575
115191841.45096171,2170.7121787181486
115197177.16179669,2170.8483868537055
115202512.59147859,2171.0310268377143
115207847.68597011,2171.2052029474803
115213182.3511178,2171.3543011276947
115218516.60410064,2171.4868574991806
115223850.47125477,2171.6145308438895
115229183.85551657,2171.7055337479023
115234516.89763609,2171.842180487306
115239849.70887506,2171.98762153619
115245182.19522154,2172.1530742538175
115250514.1288641,2172.3193742996036
115255845.58349855,2172.4858405279633
115261176.61876854,2172.641089414085
115266507.18604758,2172.7778658802035
115271837.34965344,2172.931760106056
115277167.30952793,2173.069928442976
115282496.78192474,2173.2402249754155
115287825.85081314,2173.449878784395
115293154.52451761,2173.671204262063
115298482.72652999,2173.8614206147554
115303810.43218616,2174.0340335531837
115309137.68779287,2174.2110877720343
115314464.38403864,2174.3439909236754
115319790.61013448,2174.5075119540165
115325116.55373602,2174.6998930969066
115330442.12058964,2174.9046191299544
115335767.0825937,2175.108865468936
115341091.42443237,2175.3314185735217
115346415.25421643,2175.5244968366037
115351738.5606431,2175.7220301660473
115357061.32969695,2175.9171991994726
115362383.77416204,2176.09917918436
115367705.69955944,2176.3312711240637
115373026.81393544,2176.0360729476492
115378355.86159663,2173.2244821459412
115383685.16481584,2173.007888917154
115389021.90680465,2170.1441524140037
115394359.46733178,2169.96058924785
115399704.10725397,2167.091362623522
115405050.13371775,2167.1413161583796
115410396.03808144,2167.242630290464
115415741.77305734,2167.343412789512
115421087.14764664,2167.445060778483
115426432.07844388,2167.5546613212937
115431776.68478955,2167.648303176035
115437120.96128568,2167.73037363715
115442464.92024311,2167.811000956389
115447808.72174148,2167.881854621739
115453152.30644777,2167.9846513718494
115458495.53928082,2168.0950168579316
115463838.53023227,2168.2586036971297
115469181.23144999,2168.386623663112
115474523.54006249,2168.490657936426
115479865.54325351,2168.590902140859
115485207.18091781,2168.6680663719067
115490548.40968008,2168.724245004394
115495889.45822537,2168.842713584375
115501230.31997381,2168.955761216008
115506570.80142482,2169.08232877623
115511910.8325972,2169.2007706828927
115517250.51474604,2169.3300927327336
115522589.78461322,2169.435653341975
115527928.69887248,2169.539100943075
115533267.34701428,2169.6390046065303
115538605.81307198,2169.752879883263
115543943.84310062,2169.8828765419858
115549281.6017849,2170.064524963891
115554619.02668107,2170.2232160145586
115559955.99171652,2170.3530826192073
115565292.63063319,2170.480488565044
115570628.8520249,2170.5930575673265
115575964.59284416,2170.668585439881
115581300.07838276,2170.8129628103943
115586635.32694103,2170.949599985491
115591970.20033021,2171.1033902374393
115597304.55724075,2171.255893897658
115602638.46887806,2171.4125014332362
115607971.94116229,2171.5466440834207
115613305.007387,2171.6731977854583
115618637.72065903,2171.812556653261
115623970.2314255,2171.9476166818504
115629302.22778095,2172.1062124033942
115634633.8941455,2172.318896849488
115639965.1734563,2172.51959980657
115645295.95777372,2172.690714154399
115650626.2971001,2172.848784455488
115655956.1997265,2173.004809386802
115661285.54482794,2173.1204371607882
115666614.52017713,2173.285893753146
115671943.19678761,2173.460628076755
115677271.50781778,2173.644808568392
115682599.2107243,2173.8439517824577
115687926.36323059,2174.038063135224
115693253.0207641,2174.2196070910145
115698579.16910769,2174.3832303986883
115703904.85047069,2174.5719665643965
115709230.26031725,2174.7442677377608
115714555.10418558,2174.9401941984643
115719879.4992908,2175.184263108964
115725203.42906383,2175.440902264845
115730526.81229982,2175.6693093523263
115735849.62772882,2175.8784895543167
115741171.91819046,2176.095250390556
115746493.5628567,2176.268126126489
115751814.66020492,2176.473684728344
115757135.38303451,2176.7137110226204
115762455.62966837,2176.963637319708
115767775.17758079,2177.2108711675605
115773094.0201237,2177.4814186443623
115778412.25359613,2177.7238233391945
115783729.86119303,2177.9710294072343
115789046.83253382,2178.2179721197244
115794363.04200017,2177.7785663749896
115799687.45456731,2174.9522869243183
115805011.62805061,2174.6524498729336
115810343.70465882,2171.8671771894956
115815676.12549762,2171.647169987002
115821015.96874478,2168.8142029791015
115826356.69119646,2168.6227620336176
115831704.4905535,2165.7850455050802
115837053.72111857,2165.827136715031
115842402.83916003,2165.921363612074
115847751.79432455,2166.016859674665
115853100.38576068,2166.111318502886
115858448.54238904,2166.2090105861485
115863796.40166044,2166.2924537112285
115869143.93919452,2166.3644937807144
115874491.16947499,2166.4372561197474
115879838.26305585,2166.5014806283098
115885185.13419394,2166.593434991804
115890531.68159704,2166.693198301807
115895877.99798283,2166.846214210015
115901224.04153825,2166.9663211171005
115906569.70183608,2167.0588076121294
115911915.07480589,2167.1530274579018
115917260.08621007,2167.218520170586
115922604.70892806,2167.2640748049535
115927949.16922733,2167.372397140382
115933293.45873785,2167.473499695621
115938637.39268112,2167.5870646946664
115943980.88558061,2167.704363139015
115949324.03125124,2167.823682648641
115954666.7798858,2167.9065587438777
115960009.20213604,2168.003766614123
115965351.37914647,2168.0912047836
115970693.37802722,2168.194480936882
115976034.961922,2168.311808722443
115981376.29028356,2168.480754663882
115986717.31646138,2168.628069014083
115992057.90796296,2168.7483812134633
115997398.19133882,2168.86463178154
116002738.05843806,2168.957911788453
116008077.48873307,2169.021995468237
116013416.69049744,2169.1504624033723
116018755.67704344,2169.279050161134
116024094.30423114,2169.4297815318214
116029432.40991153,2169.5690064947976
116034770.09450984,2169.7110196174303
116040107.35535695,2169.829666399999
116045444.22971697,2169.945104955869
116050780.7801337,2170.062650041613
116056117.15502433,2170.186857969639
116061453.03590676,2170.3314990905183
116066788.60308684,2170.5282566778524
116072123.82311834,2170.710424970298
116077458.57058233,2170.8618835641073
116082792.93975884,2171.007156026185
116088126.85641682,2171.1411744660895
116093460.25999524,2171.235813652372
116098793.3308325,2171.390337456977
116104126.14098799,2171.533861656183
116109458.61033349,2171.7146203863967
116114790.47731745,2171.8943101915893
116120121.81382155,2172.0755805049057
116125452.69441041,2172.238898296897
116130783.09943296,2172.3843759579795
116136113.07234986,2172.5498083939306
116141442.82839358,2172.7018459600044
116146772.04433928,2172.8801139812526
116152100.83285636,2173.101867323796
116157429.20138963,2173.334686550834
116162757.04326017,2173.5389759918075
116168084.38407107,2173.729453038906
116173411.21950236,2173.917110348868
116178737.45206517,2174.058312520012
116184063.21647406,2174.2426309688726
116189388.63377675,2174.451493399347
116194713.62946928,2174.680913558102
116200037.95312092,2174.9073643540078
116205361.63896903,2175.1498875141797
116210684.76274285,2175.361571762083
116216007.30053732,2175.5703013259545
116221329.27554241,2175.793708714055
116226650.89900492,2176.0019442899993
116231971.92277002,2176.234904143193
116237292.41556168,2176.5068129455753
116242612.33221997,2176.8144238256955
116247931.6392736,2177.093617512748
116253250.28273578,2177.3430733729947
116258568.07747963,2177.1269994956842
116263893.36797953,2174.210210977623
116269219.00058316,2174.0220880970064
116274551.99984801,2171.1672297608698
116279886.0972083,2171.0633806243636
116285226.94974962,2168.2355059680717
116290569.3000591,2168.3677877802293
116295911.28852017,2168.4743697584636
116301252.89362207,2168.56376549074
116306594.15333177,2168.663785037327
116311935.23391458,2168.75469097118
116317276.0160097,2168.8697941956802
116322616.4357222,2168.996971834364
116327956.55805926,2169.175490635214
116333296.34794371,2169.3252846180876
116338635.69756572,2169.445056754637
116343974.70578054,2169.569818612461
116349313.27579708,2169.661515531786
116354651.40372758,2169.7370458920186
116359989.30854118,2169.872502151282
116365326.98408526,2170.005160088502
116370664.23539953,2170.155764776668
116376000.94599622,2170.3115749557874
116381337.23223367,2170.4619984796836
116386673.06053786,2170.574772984414
116392008.49211508,2170.7091876255035
116397343.61761856,2170.8302017237093
116402678.47718008,2170.969773600507
116408012.85058333,2171.119548439448
116413346.89393003,2171.3270500020562
116418680.56162485,2171.5146918046207
116424013.71421325,2171.672405864433
116429346.48053902,2171.830324321541
116434678.74630758,2171.9647175253835
116440010.48693272,2172.070021141729
116445341.9147862,2172.2425165949735
116450673.0293777,2172.4178955957614
116456003.68885322,2172.605452573317
116461333.75342888,2172.791930470275
116466663.30148569,2172.982185976126
116471992.3303215,2173.147546874117
116477320.87340431,2173.312314848372
116482649.00000516,2173.4878592326945
116487976.83727746,2173.655838247504
116493304.08599104,2173.846888646258
116494391.00943539,1.8156470106e-08
116498630.91758503,2174.098139042503
116503957.28610145,2174.3406595299034
116509283.06748232,2174.5518649388914
116514608.33391935,2174.7535906564926
116519933.05910088,2174.9531160487877
116525257.1297348,2175.1109268600253
116530580.75284459,2175.3216067001786
116535903.97682148,2175.541591404981
116541226.72317047,2175.7836567772433
116546548.74620229,2176.032433426324
116551870.12526749,2176.2766861740993
116557190.89076298,2176.511672472293
116562511.03189121,2176.7312482474613
116567830.59027752,2176.980464649223
116573149.76012886,2177.212003258782
116578468.21762457,2177.4602479453497
116583786.11774103,2177.7648193978134
116589103.4270389,2178.0888737280425
116594420.04996954,2178.3902917760247
116599735.96915913,2178.6708296802944
116605051.2046755,2178.958925722562
116610365.64316085,2179.2063843475926
116615679.38696323,2179.4891946141615
116620992.58944774,2179.809435424295
116626305.14890489,2180.146676603018
116631616.82589842,2180.496463898365
116636927.59960088,2180.8657206720336
116642237.56700286,2181.198457257703
116647546.71070236,2181.541633579702
116652855.0139438,2181.9045444171134
116658162.6816488,2182.261767498784
116663469.48685354,2182.6396086435084
116668775.42799392,2183.055333112551
116674080.51071566,2183.531023191733
116679384.67637536,2183.9883624563577
116684687.82210943,2184.4267957520906
116689990.00352108,2184.8819463234736
116695291.11354078,2185.3162937851303
116700591.12229301,2185.761057384556
116705890.2231594,2186.278289099265
116711188.34277137,2186.826379816904
116716485.25547242,2187.3904205657764
116721780.83651817,2187.9788536379824
116727075.164545,2188.580819135417
116732368.18466674,2189.1796764365663
116737659.88464177,2189.829128957709
116742950.32981102,2190.4820288191354
116748239.47048244,2191.191133331309
116753527.02738902,2191.9368689409644
116758813.10643804,2192.796784435697
116764097.5869691,2193.6827015003432
116769380.23489276,2194.5874030377263
116774661.0808804,2195.5500719891684
116779939.90997674,2196.558179634216
116785216.56731683,2197.613932656065
116790491.10940056,2198.826798852277
116795763.38699529,2200.137135125345
116801033.10661489,2201.6148731735047
116806299.79488003,2203.2519273531607
116811563.24758154,2205.1083779333185
116816823.10752039,2207.244375766494
116822078.79482625,2209.7491618149834
116827329.59492841,2212.9001150826407
116832574.5450692,2217.050323914234
116837811.2043092,2223.532743390316
116843038.9250332,2246.7878632546185
