Event_Midpoint_s,Duration_s
9492554.755346209,441.6174440247237
9503379.519461222,456.6472247176798
9514204.016474744,474.4957410937236
9525027.62972417,491.25794365494085
9535850.511364635,505.5143193818758
9541261.921550922,513.5000779768651
9546673.665828247,519.8877213926689
9552085.27896232,526.7742325454863
9557496.559475275,534.6747963794746
9562907.434322316,542.8358447555136
9568318.061790079,550.5180150117981
9573728.531183686,558.0317192948755
9579138.694159856,564.4691965987249
9584548.938925276,569.9438952898013
9589959.218925541,575.8318666380419
9595369.477513332,583.0529729313976
9600779.54546308,589.9853647583727
9606189.317752672,596.3567562951512
9611598.962053202,603.0142254256812
9617008.377802072,608.6454798135615
9622417.613243373,614.243421193265
9627826.922838308,620.5279972903052
9633236.552889403,625.7189184073909
9638646.028455144,630.9746368739425
9644055.168232383,637.3889997794868
9649463.903676836,644.1674683304695
9654872.392737601,650.3311606191469
9660280.721340032,656.6396429850461
9665688.723808782,661.8335946416418
9671096.82543536,666.3700497387588
9676504.973936504,671.177468633713
9681912.990297832,677.3995718534072
9687320.863145879,683.0320747468763
9692728.486931551,688.4376933688447
9698135.914602444,694.0229309622817
9703543.154141841,698.7407512514055
9708950.189935455,703.4557015517847
9714357.33520738,708.7879598615762
9719764.766667569,713.239509241226
9725172.04203776,717.7732070808358
9730578.967397485,723.2585318744686
9735985.482475255,729.0369468602923
9741391.771128774,734.296064081874
9746797.873735184,739.7093818747919
9752203.657543829,744.1063287739295
9757609.54846935,748.0439113782779
9763015.49398868,752.2993419234468
9768421.296243278,757.7149417382175
9773826.915652085,762.5029260294465
9779232.262787731,767.1340876454378
9784637.403816957,771.8999251024821
9790042.371866582,775.9982745846717
9795447.121345298,780.0598827184641
9800851.976235133,784.6798130232967
9806257.101874413,788.5560622599241
9811662.064428883,792.5868008099492
9817066.68379337,797.423053006747
9822470.900332289,802.4712661599895
9827874.889678877,807.1310510434512
9833278.682061115,811.8570005147128
9838682.157005416,815.7257933449837
9844085.721511807,819.2160020723106
9849489.352392314,823.0989895952299
9854892.840078268,827.9100725794415
9860296.137730997,832.1502576840139
9865699.135800702,836.2677041910215
9871101.925516143,840.4477596756773
9876504.537047734,844.1226154231947
9881906.92468198,847.7090961430569
9887309.416394603,851.8389334870399
9892712.143200587,855.2666683178862
9898114.70372003,858.9300051012694
9903516.91964333,863.2731736960902
9908918.73476474,867.7627408097446
9914320.319836283,871.96378585128
9919721.700745562,876.1698514669602
9925122.765892783,879.6549424884639
9930523.904224053,882.7888822280124
9935925.106662087,886.3324717180567
9941326.17282848,890.6297591576822
9946727.045570692,894.4737897647557
9952127.591903431,898.2125090663001
9957527.937419858,901.9817025857831
9962928.09083703,905.3282520688092
9968328.021782648,908.5684062393365
9973728.042927988,912.3257890743059
9979128.283494322,915.4301729565342
9984528.347836303,918.7989901945871
9989928.06469877,922.746072687857
9995327.379193062,926.8000882088704
10000726.458965184,930.6154976194887
10006125.32573802,934.4173774858953
10011523.876013987,937.5920594263092
10016922.489132393,940.4436476490432
10022321.165342828,943.6694777353605
10027719.711105667,947.5431201408223
10033118.045509845,951.0564325772826
10038516.037132815,954.4950675690059
10043913.82794675,957.9593961283214
10049311.421034006,961.0405804433192
10054708.78780885,964.0178231696408
10060106.220658444,967.4589644352832
10065503.877610594,970.3387413551444
10070901.344309282,973.4577227590914
10076298.459571017,977.0757214920977
10081695.16754404,980.7847984815774
10087091.634190816,984.2635887041279
10092487.877496744,987.7454333041542
10097883.800004061,990.6619383105915
10103279.782145733,993.2844190489984
10108675.823404957,996.2025995518064
10114071.736651616,999.7146400505035
10119467.412560593,1002.9521352209733
10124862.736111064,1006.1488333017712
10130257.860262398,1009.3962489623823
10135652.77710918,1012.2565156137066
10141047.469169172,1015.0372382261921
10146442.202641428,1018.235416586208
10151837.168842277,1020.9514384707197
10157231.93045432,1023.8543988424537
10162626.331889153,1027.1930278229422
10168020.317570219,1030.6171414062142
10173414.051050521,1033.8051947191873
10178807.557707377,1037.0280272886123
10184200.735119447,1039.7448009082636
10189593.965259517,1042.1643325399793
10194987.242431939,1044.7829107930409
10200380.396296114,1047.985978178008
10205773.310808305,1051.0286075892182
10211165.875425357,1054.0408714091284
10216558.23806048,1057.1335838244959
10221950.374724772,1059.8223223854743
10227342.287119608,1062.450406359319
10232734.215916272,1065.4390577735535
10238126.365845105,1067.9980585261837
10243518.301891766,1070.7071654807928
10248909.861935487,1073.8080503009942
10254300.997068876,1077.0000415870916
10259691.862511275,1079.9647170066219
10265082.501332939,1082.9747373984046
10270472.80313004,1085.5558419046122
10275863.137937145,1087.805956352046
10281253.490320371,1090.2013745746729
10286643.758399231,1093.1577591791474
10292033.788798645,1096.0924731904306
10297423.448116126,1098.9385695121416
10302812.916734478,1101.8652754788789
10308202.12027973,1104.4051593317104
10313591.102077063,1106.8742821215021
10318980.058139924,1109.6671004973712
10324369.216164025,1112.0345726432367
10329758.184597662,1114.5672251330368
10335146.763201881,1117.4649266994409
10340534.90562016,1120.466078498478
10345922.767107923,1123.284263798105
10351310.383243963,1126.1170284206974
10356697.669037927,1128.5890616295087
10362084.94269924,1130.6958803225284
10367472.240235684,1133.0615228262675
10372859.42159064,1135.805679697823
10378246.38328625,1138.5777017608077
10383632.942513643,1141.2788830846475
10389019.287895136,1143.9439913136976
10394405.377436733,1146.3632125725853
10399791.214348326,1148.63287629672
10405177.05006163,1151.270080235321
10410563.045503145,1153.5790452191418
10415948.925134422,1155.8985746851713
10421334.368587261,1158.6274823862918
10426719.340344265,1161.535095896274
10432104.040788744,1164.1621024267247
10437488.458438499,1166.9495724702158
10442872.534990678,1169.2637180329943
10448256.584478151,1171.2547257927674
10453640.674751343,1173.3860149771135
10459024.551716076,1176.0876800286048
10464408.230449574,1178.6807057729707
10469791.61290696,1181.182973970319
10475174.694035223,1183.8115525719209
10480557.531900804,1186.0323339672789
10485940.105620751,1188.2596065717426
10491322.61009333,1190.6577704056574
10496703.738013702,1183.9301346230272
10502091.17989634,1184.834676834238
10507476.132984225,1178.5954970787052
10512867.167443005,1180.013316002383
10518255.76501694,1173.7877161350043
10523650.676576229,1174.9753071471487
10529043.124431461,1168.596377901726
10534442.07091688,1169.0507055565613
10539838.96670207,1162.499512502383
10545242.287727814,1163.5137176073263
10550643.315803505,1157.3709815713905
10556050.518518986,1158.2806786837466
10561455.474609677,1152.075105001728
10566866.675011534,1152.754876650022
10572275.682248274,1146.0319256510725
10577691.095316825,1146.8895753895285
10583104.77692292,1140.000362983977
10588524.735184211,1140.5855332824124
10593942.517972028,1133.8548494798479
10599366.231805664,1135.2098536276899
10604787.927413633,1128.1326170564926
10610215.64627365,1129.4421813923914
10615641.420920238,1121.80198541884
10621073.338722251,1122.42862201341
10626504.997794729,1124.0750041460042
10631936.548463957,1126.124746329117
10637368.039743027,1128.1529268255508
10642799.276933922,1130.20414186058
10648230.393554173,1132.1867435207719
10653661.360429706,1133.9114352238005
10659092.20997835,1135.5517574409187
10664523.129350476,1137.4552349762723
10669954.312961508,1139.0125772238698
10675385.413995072,1140.6991449976058
10680816.25164076,1142.7287921886793
10686246.78056471,1144.8651134984457
10691677.13547393,1146.8194725106862
10697107.360615402,1148.812831905626
10702537.365261456,1150.44387655328
10707967.4829151,1151.819730368936
10713397.72711842,1153.3471755846647
10718827.922035573,1155.3039548436832
10724257.977309996,1157.178194351495
10729687.775749687,1159.0589356534604
10735117.459265148,1160.9066495759425
10740547.018547093,1162.531546849623
10745976.44200856,1164.05192093599
10751405.990635356,1165.9086090028977
10756835.770128395,1167.2987051673463
10762265.453346027,1168.9407170945929
10767694.86824611,1170.894826942011
10773123.976969386,1172.8939567697128
10778552.907413604,1174.76840233024
10783981.704941286,1176.6549284852454
10789410.28288487,1178.1631716036236
10794838.998666137,1179.4754244306364
10800267.813824402,1180.9005221331076
10805696.575394806,1182.8105271391748
10811125.189487405,1184.5691458119836
10816553.571126958,1186.3963786492955
10821981.813290892,1188.1356399247538
10827409.940873025,1189.6729469461288
10832837.928981658,1191.0955882212738
10838266.079988157,1192.8941944673466
10843694.4394561,1194.1377809045011
10849122.685589554,1195.7353478892192
10854550.659350244,1197.613070808185
10859978.314667199,1199.4809154021552
10865405.815607378,1201.3322432565772
10870833.154338876,1203.1052770768083
10876260.298763642,1204.5249787233752
10881687.582348691,1205.78763977939
10887114.907684058,1207.1591580306015
10892542.201891657,1208.9802724802792
10897969.337172305,1210.708533470843
10903396.235326149,1212.4512429216613
10908823.00257535,1214.1342814111247
10914249.64652991,1215.585668159923
10919676.15157079,1216.9546711567116
10925102.826431975,1218.6369312670968
10930529.701188877,1219.796649299291
10935956.434318801,1221.366564016112
10941382.878943628,1223.1776928278357
10946809.006129764,1224.924326394062
10952234.989825888,1226.7036662978908
10957660.808023997,1228.3657538850825
10963086.445866762,1229.6766056056238
10968512.244048426,1230.8893705645673
10973938.06078099,1232.1886885592664
10979363.828321405,1233.952076528767
10984789.420125604,1235.562209708747
10990214.793089915,1237.1780905145888
10995640.035738805,1238.7746554362707
11001065.151933163,1240.1315509370258
11006490.135350792,1241.4602859727797
11011915.304544087,1243.0399298357308
11017340.65688185,1244.2050972319935
11022765.831015661,1245.682593268302
11028190.705062589,1247.4058652231593
11033615.276614523,1249.070194340665
11039039.715415608,1250.6932980615345
11044463.976094514,1252.2745073317872
11049888.07568547,1253.4598565272704
11055312.347279083,1254.5926054258412
11060736.67366865,1255.869074938235
11066160.87832293,1257.5071063581502
11071584.92624807,1259.0398188431873
11077008.739901524,1260.6000370807099
11082432.445575902,1262.1046428753448
11087856.000829967,1263.3950275527745
11093279.458390558,1264.6670921733642
11098703.115971064,1266.1969208946318
11104126.935780745,1267.296121162546
11109550.54277868,1268.717799520754
11114973.867553204,1270.374308631067
11120396.915574824,1271.969790764248
11125819.804272525,1273.5366408463394
11131242.514614599,1275.0615040889265
11136665.06232474,1276.1666988859843
11142087.770792563,1277.26009891554
11147510.548119407,1278.5172919622148
11152933.174052518,1280.1570338299462
11158355.62477021,1281.6303423753122
11163777.862766242,1283.1850079948788
11169199.962373506,1284.5749845038888
11174621.90769559,1285.844554642528
11180043.750092411,1287.0477282515415
11185465.820858046,1288.5276467059966
11190888.000994842,1289.5480856789995
11196309.949148238,1290.9593253422079
11201731.606421964,1292.571325188711
11207153.00046403,1294.036697163322
11212574.23414226,1295.5533432571701
11217995.30407259,1296.9489121125312
11223416.22391232,1298.0011467587437
11228837.30582455,1299.1018703962927
11234258.39041316,1300.308507023271
11239679.380083382,1301.8854342070565
11245100.14754439,1303.3220096037958
11250520.714644793,1304.7161741715695
11255941.13882436,1306.0300048508004
11261361.430101216,1307.207025498188
11266781.623586321,1308.397798099244
11272202.045742031,1309.7165697291862
11277622.573486678,1310.7165195129026
11283042.875653949,1312.0350182088976
11288462.869813876,1313.5868813196494
11293882.579886787,1315.0297792779393
11299302.151525177,1316.4905641906578
11304721.514532698,1317.8441966533992
11310140.773398653,1318.8261560218982
11315560.186638478,1319.8196317927757
11320979.614440914,1321.0397808352732
11326398.893567884,1322.4621637342902
11331817.996933958,1323.8460460211784
11337236.859488416,1325.2318687605841
11342655.621772243,1326.4897270592853
11348074.206478052,1327.6088358560035
11353492.740300953,1328.747092046226
11358911.484931767,1330.0253086689893
11364330.33849669,1330.9790578753273
11369748.923288884,1332.2570198960768
11375167.202331318,1333.7424795349057
11380585.23829469,1335.121875147068
11386003.110978326,1336.5184251918122
11391420.791150205,1337.812582634444
11396838.364902776,1338.735179174877
11402256.072890721,1339.6913572671651
11407673.795246573,1340.854964504496
11413091.355873354,1342.3026171340525
11418508.732605003,1343.5904357845338
11423925.906571444,1344.96369468059
11429342.93754359,1346.116141607989
11434759.816593107,1347.2232021602858
11440176.63717594,1348.3065365067873
11445593.702746196,1349.5528640879884
11451010.81988349,1350.4267062609156
11456427.70019491,1351.6975851720565
11461844.26665995,1353.158708136692
11467260.552802376,1354.422069734645
11472676.701286761,1355.7989852128462
11478092.619413551,1356.9993289479505
11483508.47902068,1357.8847267149965
11488924.479937848,1358.7927816181248
11494340.435408007,1359.9698353810795
11499756.252398297,1361.2881505029304
11505171.892644973,1362.5794467229418
11510587.304827878,1363.9001098988188
11516002.581865508,1365.0515939870847
11521417.677673971,1366.1134064817788
11526832.744706629,1367.194856144248
11532248.023767997,1368.370929141994
11537663.348325618,1369.2669370590763
11543078.396539835,1370.4929897075708
11548493.114060158,1371.862122401265
11553907.579402957,1373.075785706618
11559321.907237004,1374.369673544085
11564736.003505273,1375.5150553519452
11570150.052865267,1376.3507107082057
11575564.243345756,1377.2200428830765
11580978.401905853,1378.3357679533133
11586392.38718833,1379.6048909464414
11591806.172043636,1380.7931165300206
11597219.769548507,1382.0639242384652
11602633.201574393,1383.1234059757303
11608046.485381871,1384.1412618673394
11613459.733600857,1385.1723083758848
11618873.219028493,1386.2843507319474
11624286.713116944,1387.1283819157877
11629699.95721622,1388.3138151153958
11635112.883423809,1389.6563047876905
11640525.534592832,1390.8276031674395
11645938.052322775,1392.1028170418608
11651350.316479318,1393.1994490473314
11656762.545412073,1394.003321278347
11662174.898753881,1394.8441560899619
11667587.215635426,1396.0174283889621
11672999.34705724,1397.2553580843278
11678411.281703783,1398.4120091522675
11683823.001966756,1399.6134145529334
11689234.577887906,1400.6201424402932
11694645.976268372,1401.592050545661
11700057.356481414,1402.5829515770297
11705468.971541015,1403.6429158615058
11710880.581273252,1404.4468419436398
11716291.91148824,1405.5917677729851
11721702.908600716,1406.902733912132
11727113.650478417,1408.0405022792838
11732524.237097068,1409.2639808917804
11737934.586354714,1410.3119189182905
11743344.904972427,1411.0852752510445
11748755.354626559,1411.9210610923922
11754165.707902905,1413.0003308021596
11759575.92357631,1414.1895634778632
11764985.91793937,1415.3595852753954
11770395.706731439,1416.5047605242335
11775805.33453217,1417.5180619442433
11781214.780580895,1418.4364314925829
11786624.223377619,1419.4370204808881
11792033.859487362,1420.4137055905762
11797443.49172419,1421.2626690882926
11802852.840593772,1422.3674639242804
11808261.852066038,1423.5841824352917
11813670.627371138,1424.6875138001076
11819079.257879375,1425.8236741474493
11824487.645911528,1426.8344330983662
11829896.000627633,1427.5681112075663
11835304.458782207,1428.3664731509411
11840712.875800325,1429.4159633115246
11846121.122632824,1430.584742691765
11851529.116196278,1431.651867623037
11856936.946423283,1432.7643779782045
11862344.581182413,1433.700673280245
11867752.070740793,1434.6022110600002
11873159.535309635,1435.5563019702145
11878567.237567397,1436.4739685978477
11883974.877909658,1437.2668444336812
11889382.273009906,1438.336407838964
11894789.33795454,1439.5283981485227
11900196.126216922,1440.604011312859
11905602.788237879,1441.7286730279366
11911009.173825197,1442.7012359582584
11916415.544277746,1443.4119175664184
11921822.004640171,1444.161292717252
11927228.417858474,1445.2525857249268
11932634.612319397,1446.3855381181718
11938040.584067697,1447.3952831851097
11943446.36818958,1448.4672630736188
11948851.976439772,1449.3538838349457
11954257.414686061,1450.2239167738535
11959662.837544205,1451.1179131993376
11965068.503574023,1452.028046091354
11970474.095330339,1452.7599379261958
11975879.430915533,1453.8034685900645
11981284.43629185,1454.9864886622977
11986689.157063005,1456.025145369394
11992093.739278546,1457.1369433290579
11997498.037541673,1458.0716120730392
12002902.32441074,1458.7634190807203
12008306.711922335,1459.4951164302072
12013711.005796174,1460.5826004322737
12019115.096592223,1461.6682680320037
12024518.973474694,1462.666965847056
12029922.630361436,1463.6968101029463
12035326.129170395,1464.56501638518
12040729.43369746,1465.396851328908
12046132.736830922,1466.2605697075717
12051536.257249048,1467.149102473821
12056939.71236274,1467.852409633495
12062342.886864876,1468.8673380210193
12067745.725329049,1470.024581047591
12073148.289860725,1471.0264670384609
12078550.697787665,1472.1126923201512
12083952.82710605,1473.012557124256
12089354.937648175,1473.6823430435368
12094757.14928836,1474.4019216600616
12100159.24236218,1475.453348610547
12105561.149356974,1476.5039405792222
12110962.836131673,1477.4907522172912
12116364.291820908,1478.4844417780077
12121765.589275135,1479.333991562563
12127166.682247983,1480.1339667550387
12132567.775780158,1480.9778968581481
12137969.071254704,1481.8356391664997
12143370.305213979,1482.5187915834833
12148771.244910931,1483.502854251066
12154171.841675028,1484.6277310714963
12159572.167803418,1485.598565743156
12164972.326236691,1486.6551454922035
12170372.207165392,1487.525961817945
12175772.061380774,1488.1743351208315
12181172.010932345,1488.8758317271222
12186571.834110793,1489.8933704364256
12191971.472356055,1490.9155476594556
12197370.883648554,1491.8783194166858
12202770.058930933,1492.8404402280335
12208169.071070587,1493.6663037408375
12213567.87373541,1494.4406620969578
12218966.67169319,1495.2582074104716
12224365.666338649,1496.089510097288
12229764.594457882,1496.7499777079015
12235163.225582171,1497.7045370709673
12240561.51039673,1498.796972906644
12245959.516752519,1499.7412973610635
12251357.353166545,1500.7669305900502
12256754.904711956,1501.6147300106632
12262152.4235909,1502.2431331994544
12267550.03176879,1502.9187903198124
12272947.51331757,1503.9138919731045
12278344.795293232,1504.911904246643
12283741.845816042,1505.837465061129
12289138.657883372,1506.7728810695942
12294535.298980512,1507.5696145961704
12299931.730453765,1508.3249588502745
12305328.143279051,1509.110120744095
12310724.759037925,1509.9196178860907
12316121.294517368,1510.5553670089466
12321517.542387953,1511.4816437260943
12326913.442571914,1512.5394763303696
12332309.045054058,1513.4623579372194
12337704.482831046,1514.455204171683
12343099.62180993,1515.2857186030735
12348494.721369334,1515.895907406236
12353889.895806147,1516.5372628524676
12359284.966076475,1517.5052246645478
12364679.80563617,1518.4885143553395
12370074.401116947,1519.3681950268317
12375468.773770556,1520.284114170999
12380862.951160535,1521.0482702562456
12386256.933773762,1521.7923925393995
12391650.871001279,1522.5579734831654
12397045.026599264,1523.3329447456572
12402439.084757209,1523.9612205221567
12407832.874091536,1524.8548961979309
12413226.309251387,1525.862686987544
12418619.431003986,1526.7702388059254
12424012.393736547,1527.71976477093
12429405.053633388,1528.5377738624172
12434797.65552892,1529.125288180546
12440190.310143244,1529.7458587429842
12445582.894617604,1530.6368698245876
12450975.24278941,1531.616290454088
12456367.3111756,1532.4747874305385
12461759.186653512,1533.3689927729183
12467150.828977639,1534.1272727238545
12472542.29475602,1534.8529040638082
12477933.697649915,1535.6298962969763
12483325.290520135,1536.3600938814684
12488716.807832528,1537.0142109840194
12494108.035806319,1537.8741885769216
12499498.89173747,1538.8302211241935
12504889.46410823,1539.710164341695
12510279.850686515,1540.6089895749842
12515668.717700863,1537.9159916426288
12521064.081452826,1536.3041945200814
12526458.54135982,1536.9087939240183
12531852.765091093,1537.4077848217223
12537251.767407289,1531.1190820202332
12542649.925728496,1531.6970712956681
12548052.816916268,1525.3476260583095
12553454.96603887,1525.7984749965503
12558861.87301295,1519.300434141884
12564268.21604696,1519.7252167726906
12569679.697157562,1513.3090927041512
12575090.604205381,1513.6031193106364
12580506.234444203,1507.3834506002665
12585921.123694936,1508.2668663887603
12591335.78648699,1509.0692681223009
12596750.334248377,1509.891727217684
12602164.65494138,1510.6059639097964
12607578.959231552,1511.0919241752406
12612993.366010975,1511.6180173020375
12618407.756407335,1512.412288002559
12623821.958457094,1513.2849820198264
12629235.95171313,1514.0398934616555
12634649.788969785,1514.8325225425908
12640063.472484434,1515.4784961838598
12645477.011467315,1516.098476619705
12650890.558254963,1516.7323209856575
12656304.34937898,1517.3994425676274
12661718.09946146,1517.9106627495762
12667131.614727339,1518.688191566266
12672544.831359593,1519.5885836876296
12677957.80523932,1520.3565270911402
12683370.64771012,1521.1935426948987
12688783.253298476,1521.8648424781436
12694195.85535849,1522.335832209009
12699608.57698465,1522.8648242014729
12705021.203726977,1523.6519672008303
12710433.695155561,1524.4749332453325
12715845.980341693,1525.2623653878165
12721258.073062086,1526.012699710542
12726670.029896723,1526.6619884699528
12732081.815639779,1527.237771494496
12737493.640627116,1527.8967910084625
12742905.666668382,1528.5053073350764
12748317.67381466,1529.0461270506098
12753729.409684006,1529.7896594213476
12759140.823454775,1530.6353175263034
12764552.029694894,1531.380654252846
12769963.082653804,1532.1619162983757
12775373.92427106,1532.8033952666779
12780784.764091788,1533.2505388243233
12786195.702259177,1533.766230684685
12791606.58823908,1534.4560652979796
12797017.312532764,1535.2654330814335
12802427.77690255,1536.0120113789192
12807838.111667287,1536.7439161843733
12813248.264556436,1537.354084537862
12818658.276394103,1537.913444478198
12824068.308457017,1538.5525807334193
12829478.57353284,1539.1089712963494
12834888.76396036,1539.652217064674
12840298.728802517,1540.3671655453575
12845708.38922585,1541.1689619814952
12851117.816665558,1541.882378245136
12856527.125765856,1542.6307627569886
12861936.188159736,1543.2332990782165
12867345.264570298,1543.6614032066282
12872754.415180527,1544.136072222127
12878163.520842873,1544.9020531157514
12883572.436745465,1545.6661971792023
12888981.134439867,1546.3519646301081
12894389.65753555,1547.0709603789896
12899798.02846771,1547.6365266192552
12905206.237476967,1548.1787707605013
12910614.487611689,1548.777691804562
12916022.960301634,1549.3168899948205
12921431.37398777,1549.8119896619546
12926839.524803218,1550.5071278519024
12932247.34040155,1551.3004470910796
12937654.951540083,1551.9838705053726
12943062.398883063,1552.732583096018
12948469.621773247,1553.292762957323
12953876.867152685,1553.6999412143668
12959284.196979715,1554.167701522143
12964691.410344345,1554.8682273882034
12970098.48104709,1555.5909976705757
12975505.330955528,1556.3046826993143
12980911.990471547,1556.9687273215377
12986318.513772136,1557.5311409627097
12991724.85611443,1558.032551657025
12997131.26473802,1558.6351729885391
13002537.87827671,1559.1488886062145
13007944.436872255,1559.6293169161843
13013350.725114346,1560.2991736047547
13018756.678086732,1561.064581097483
13024162.429131819,1561.7339599441066
13029568.007460732,1562.4568477977837
13034973.363108028,1562.9954631931716
13040378.73310523,1563.3837454206114
13045784.187474778,1563.869842124744
13051189.49907577,1564.554421999011
13056594.668953056,1565.2612306410483
13061999.601440134,1565.9493212952027
13067404.35247052,1566.5939501495086
13072808.946459444,1567.1333450781756
13078213.360002441,1567.6049766994006
13083617.837820087,1568.1879036910195
13089022.50553624,1568.6531186254754
13094427.133461261,1569.1161817555885
13099831.489698157,1569.7623879593984
13105235.508406824,1570.501892644072
13110639.321021466,1571.1540878515502
13116042.959261958,1571.8527858838816
13121446.373026486,1572.3783946146236
13126849.794938808,1572.7489097948896
13132253.282345278,1573.2119565617886
13137656.646380862,1573.880014199327
13143059.866755517,1574.579008265579
13148462.834965266,1575.2427139250583
13153865.624992909,1575.8710621015996
13159268.244653184,1576.3890332192045
13164670.687461058,1576.848161850342
13170073.180871448,1577.4107636702606
13175475.859581104,1577.8435882280519
13180878.492938748,1578.2886402772904
13186280.853298629,1578.9130770925108
13191682.872983644,1579.628419990987
13197084.680964125,1580.2580611650892
13202486.315533014,1580.9340538323543
13207887.719721068,1581.4422907982566
13213289.131587783,1581.7959234808889
13218690.595529186,1582.2259420851983
13224091.950313676,1582.8768056514152
13229493.15570278,1583.5597829559517
13234894.104743933,1584.2004516734153
13240294.874389298,1584.8177270904534
13245695.46372811,1585.315758367919
13251095.875209188,1585.7616607688542
13256496.329288883,1586.303647513454
13261896.96583547,1586.7165482682253
13267297.548830098,1587.1427988839391
13272697.85705538,1587.7462085034724
13278097.82151549,1588.4390572656341
13283497.569154965,1589.0470196181977
13288897.14198769,1589.7018150260155
13294296.478810886,1590.1918175781843
13299695.820596918,1590.5294353526263
13305095.209764417,1590.9389024042139
13310494.48858429,1591.5718991573776
13315893.612815864,1592.2348032987557
13321292.477729369,1592.85378958146
13326691.15849299,1593.4506198109686
13332089.6556052,1593.9301401312105
13337487.970108384,1594.3571921418888
13342886.324098505,1594.8783143468584
13348284.855092207,1595.2751478911448
13353683.3316071,1595.6818607110358
13359081.531110285,1596.2646631736075
13364479.38403414,1596.9367007102928
13369877.01546932,1597.5260924553202
13375274.467393287,1598.161223256915
13380671.678917345,1598.633919694861
13386068.888363605,1598.956403955213
13391466.148778362,1599.3602068947528
13396863.282250976,1599.9747039531933
13402260.256694598,1600.6139419334984
13407656.969649728,1601.2126506841148
13413053.489417491,1601.779431459879
13418449.829943374,1602.2418862260297
13423845.978600143,1602.645105479733
13429242.169794029,1603.1451771909806
13434638.532069204,1603.5344413061482
13440034.841218065,1603.920918081289
13445430.870553574,1604.4837694924036
13450826.550640635,1605.1366724786612
13456222.004965816,1605.7077149675865
13461617.272910127,1606.324758876078
13467012.294721184,1606.7772075268495
13472407.308119094,1607.0854768995957
13477802.384779898,1607.4846914120335
13483197.304311868,1608.080165920484
13488592.057027012,1608.6876457820515
13493986.55655969,1609.2675612498927
13499380.84980543,1609.81395212067
13504774.969185311,1610.2609274587908
13510168.884371925,1610.6464712105703
13515562.84648404,1611.1251930498763
13520956.982936934,1611.5253370168273
13526351.048640048,1611.8910269363028
13531744.831504505,1612.4360166920344
13537138.26156599,1613.0716345411925
13542531.459107116,1613.6182320176918
13547924.46733906,1614.2188281647939
13553317.217954528,1614.6497063011266
13558709.961474236,1614.9448347778145
13564102.768055744,1615.301364704883
13569495.421848,1615.8775156330555
13574887.898920141,1616.4609193244555
13580280.131613862,1617.0233036701022
13585672.137093136,1617.554932460428
13591063.984022513,1617.987913726641
13596455.625440646,1618.3778845757315
13601847.288701031,1618.834442492558
13607239.129117774,1619.2316177112211
13612630.886749886,1619.5760280115899
13618022.361045783,1620.1048328712704
13623413.475903546,1620.7248581461508
13628804.343491597,1621.2480457943038
13634195.025570164,1621.8337000398828
13639585.442277715,1622.2624932402484
13644975.841223659,1622.543895994713
13650366.285500577,1622.8620438419975
13655756.64793951,1623.4444625717601
13661146.781433128,1624.0280312645318
13666536.648349019,1624.5301234836925
13671926.3204976,1625.0696159806612
13677315.783162437,1625.4767845483566
13682705.063207967,1625.8574608559957
13688094.321908519,1626.2862527182072
13693483.769106885,1626.6616184587422
13698873.10890669,1627.0269902265388
13704262.19377027,1627.533331268831
13709650.933494488,1628.105881040607
13715039.403711649,1628.6240819767404
13720427.69933526,1629.1500322372606
13725815.728313312,1629.5831352759283
13731203.71124409,1629.8503728014514
13736591.741522007,1630.1807250937845
13741979.686715221,1630.6427811916146
13747367.439102583,1631.2304131773985
13752754.890795281,1631.78089785561
13758142.146690572,1632.2826822131387
13763529.196831563,1632.714085991922
13768916.042605298,1633.0723750123716
13774302.873888804,1633.5142065397436
13779689.850403953,1633.8838072938026
13785076.772399724,1634.2192708898076
13790463.381688274,1634.7094005297342
13795851.147130284,1627.8355373372437
13801241.520757888,1628.3153214262186
13806631.37356051,1628.2160796277717
13812026.465013944,1623.2429416202967
13817420.395972334,1622.8471529625724
13822819.870976664,1617.7564494259125
13828218.156923302,1617.5973279239192
13833621.74729675,1612.7609469082763
13839024.041192608,1612.6253392433134
13844431.58026092,1607.7434678717689
13849837.915025163,1607.4705115912247
13855249.538069265,1602.491105610739
13860660.120777907,1602.1871267235647
13866076.377520338,1597.3045719517288
13871491.52438437,1596.87534293042
13876911.945914295,1592.2044048910618
13882330.934700927,1591.977749425449
13887755.309701411,1587.4295340021765
13893178.367052697,1587.0918431927776
13898606.877138639,1582.589916211701
13904034.578320028,1582.7459089144413
13909462.390914498,1582.953797957425
13914890.215373361,1583.3489258703576
13920317.88121893,1583.8181065481037
13925745.346220871,1584.203917943326
13931172.695657734,1584.6183979731359
13936599.920806793,1584.900488792654
13942027.025888931,1585.154634766203
13947454.20771445,1585.471696011513
13952881.619628798,1585.7351679526985
13958309.011841092,1585.9595617152231
13963736.189006737,1586.3519189646634
13969163.08423315,1586.825500035515
13974589.815382546,1587.2161149359747
13980016.418689245,1587.6486289941338
13985442.846345076,1587.92447086811
13990869.319294406,1588.0601795557545
13996295.890203977,1588.2656706195562
14001722.403460069,1588.673485624027
14007148.807360927,1589.1216545460638
14012575.00911671,1589.5278708607866
14018001.07719671,1589.925983880709
14023427.01736093,1590.1977616404945
14028852.82983976,1590.4297768271356
14034278.73949057,1590.742056060068
14039704.869102227,1590.9607238373173
14045130.955075497,1591.183033907068
14050556.825557772,1591.5603970047353
14055982.408680579,1592.003019400075
14061407.84225425,1592.3703270971741
14066833.144133646,1592.773751892853
14072258.26819635,1593.004493004288
14077683.467776142,1593.1227297251753
14083108.764091292,1593.3321731275844
14088533.970569555,1593.7371539733758
14093959.070309741,1594.1465570672046
14099383.957000595,1594.5142519333422
14104808.724122155,1594.852496140624
14110233.36735171,1595.0932116789295
14115657.895419437,1595.2878239617226
14121082.547773179,1595.598956296903
14126507.392494971,1595.754767479516
14131932.173005767,1595.9756680208397
14137356.739748176,1596.3433853861416
14142781.028554486,1596.7518294620716
14148205.158067435,1597.0961164407092
14153629.172142025,1597.4684508372577
14159052.992294624,1597.6647797259805
14164476.924832614,1597.7639401955043
14169900.946040181,1597.9121037954892
14175324.88502635,1598.3246193515483
14180748.695487859,1598.676236964609
14186172.327714944,1599.0184024112107
14191595.8101211,1599.3334024789428
14197019.198184716,1599.555233202807
14202442.459666485,1599.7098903359547
14207865.880988495,1600.0185492859507
14213289.462652503,1600.1232723829003
14218712.98194995,1600.3488076217034
14224136.287775509,1600.7075049011721
14229559.309647378,1601.080303736051
14234982.186024299,1601.4343616009746
14240404.930511296,1601.7771373164462
14245827.491333034,1601.9552658652672
14251250.1673492,1602.0453040247146
14256672.899473796,1602.1691685108049
14262095.574821744,1602.56772901156
14267518.107433341,1602.930644193613
14272940.44893435,1603.2476085673084
14278362.65851501,1603.565347511646
14283784.750231547,1603.7630922218304
14289206.721705284,1603.9203295494071
14294628.856458534,1604.1901677697326
14300051.146961328,1604.3219039072092
14305473.356516201,1604.5274163532408
14310895.332834313,1604.8669179841795
14316317.027055414,1605.2148557197147
14321738.611539925,1605.5258496036267
14327160.04298289,1605.834537209325
14332581.31867161,1605.9654590734153
14338002.709459938,1606.0321138345714
14343424.152809214,1606.1724179220123
14348845.513806006,1606.5298318910877
14354266.745225612,1606.8750208807094
14359687.759633156,1607.1659188947135
14365108.681327032,1607.4410565223934
14370529.459188059,1607.605582013237
14375950.155747496,1607.7340144508785
14381371.016608587,1608.0040003456568
14386792.060651774,1608.063785126978
14392212.97206423,1608.2494524730182
14397633.665494226,1608.5803593241012
14403054.091112679,1608.9042824244193
14408474.365164697,1609.2178845913502
14413894.51073344,1609.5061879987088
14419314.489356207,1609.616976220738
14424734.592749873,1609.6628311642717
14430154.747730149,1609.7974036350881
14435574.803113312,1610.1507325133848
14440994.724999238,1610.4724419410654
14446414.436285619,1610.77150677131
14451834.035253083,1611.0194646013188
14457253.496228058,1611.1882116809218
14462672.8648657,1611.297365461652
14468092.418957455,1611.5598110498445
14473512.11965411,1611.5924495025467
14478931.677858537,1611.7934859069348
14484350.998703692,1612.1114825695165
14489770.05579065,1612.3903440090605
14495188.972550916,1612.6889266407309
14500607.758429253,1612.9391981244128
14506026.388609326,1613.0203838500256
14511445.15971215,1613.0722580950642
14516863.953373304,1613.202768473273
14522282.657905933,1613.548245300467
14527701.194685528,1613.8379409240138
14533119.532615129,1614.0868237710647
14538537.756483652,1614.3008661538706
14543955.853978077,1614.4309806033796
14549373.868729215,1614.5196263419775
14554792.070229704,1614.7348532779674
14560210.421149911,1614.7443233461759
14565628.623766424,1614.9168878957894
14571046.58431069,1615.219625089311
14576464.27825704,1615.4912754408422
14581881.838946752,1615.7751304449946
14587299.243216425,1616.0120277638014
14592716.509297324,1616.0603027779844
14598133.91442815,1616.069819732345
14603551.366472924,1616.1994679793524
14608968.693190351,1616.5094427712925
14614385.873585232,1616.7680966738758
14619802.853257837,1617.0378092433666
14625219.712402064,1617.220157697676
14630636.437745517,1617.3537054013332
14636053.090156369,1617.413292593683
14641469.944595095,1617.642526440519
14646886.901659146,1617.6260378094432
14652303.692899957,1617.8142451837366
14657720.243614411,1618.10250118348
14663136.543271288,1618.3202041712916
14668552.712177087,1618.5865900793988
14673968.733185861,1618.7733860481696
14679384.625051424,1618.806134753484
14684800.665396238,1618.8296110227816
14690216.694344003,1618.9380191306025
14695632.649950894,1619.232057116353
14701048.421352021,1619.4804316795812
14706463.991936976,1619.6870770512
14711879.449392786,1619.8449390902115
14717294.787326932,1619.940878619508
14722710.05546831,1620.0040930497908
14728125.51606111,1620.1603446290198
14733541.090808667,1620.1428348449062
14738956.504176464,1620.292422673008
14744371.66417106,1620.569504107358
14749786.562343061,1620.7987369300456
14755201.336574627,1621.046175286331
14760615.932999289,1621.238272524129
14766030.423126636,1621.2358413971824
14771445.046313588,1621.200319118308
14776859.697621489,1621.3361447349748
14782274.218293719,1621.5967811220032
14787688.595226942,1621.8168733979605
14793102.76490499,1622.053466534648
14798516.816452518,1622.188303844886
14803930.7251768,1622.2848973963382
14809344.581385167,1622.3206299397277
14814758.643311776,1622.5119339478758
14820172.79363105,1622.4500538718148
14825586.752555436,1622.6163430902984
14831000.460686333,1622.8819139909826
14836413.925392771,1623.043505292383
14841827.260710547,1623.2799152870089
14847240.430906292,1623.4150047245346
14852653.499094473,1623.3997435812346
14858066.72102314,1623.3921974993368
14863479.920185976,1623.4950463718956
14868893.04058777,1623.722418853309
14874305.959131988,1623.9290390540564
14879718.668591434,1624.1071286655829
14885131.277605504,1624.2338329560616
14890543.74276528,1624.282597133894
14895956.164904086,1624.321344745534
14901368.779574223,1624.4373735477889
14906781.505484391,1624.3815412165234
14912194.035702014,1624.507158290934
14917606.307834774,1624.7420095092173
14923018.331614306,1624.9124376235663
14928430.233677594,1625.1220604088066
14933841.955801845,1625.2632441636324
14939253.582146358,1625.2204099830703
14944665.35435228,1625.169135742842
14950077.128634613,1625.2583656093038
14955488.762280608,1625.5034972050598
14960900.217487298,1625.6711985755492
14966311.510476993,1625.855533217533
14971722.651566276,1625.933645718527
14977133.679412318,1625.9816723811846
14982544.652472515,1626.0010244724547
14987955.855926938,1626.1058351610764
14993367.12411303,1626.0168148189778
14998778.21702326,1626.1289347827585
15004189.053851262,1626.360307941629
15009599.624962198,1626.5109373494427
15015010.077398967,1626.717130438799
15020420.334811578,1626.836181393761
15025830.510909941,1626.7769409648201
15031240.820614828,1626.7094331298501
15036651.126627594,1626.823208860659
15042061.27497792,1627.0494701469786
15047471.249121465,1627.2180711926892
15052881.038209386,1627.3856324052722
15058290.693644293,1627.467865504169
15063700.193965023,1627.4979195111018
15069109.654584862,1627.5058910362761
15074519.327275066,1627.585837445783
15079929.069163403,1627.4914483378332
15085338.606581183,1627.5893761305867
15090747.870602943,1627.7849409887476
15096156.897991106,1627.9174045474588
15101565.798911214,1628.0913334497773
15106974.514302516,1628.1898251397688
15112383.153625073,1628.1121879007144
15117791.928076291,1628.0284416598845
15123200.67892031,1628.0797390741643
15128609.312126571,1628.288131804497
15134017.75274446,1628.44099922647
15139426.026815591,1628.5924150241779
15144834.148932744,1628.6617160261712
15150242.133844413,1628.674303143206
15155650.085553873,1628.6875060685525
15161058.243255733,1628.7441541098865
15166466.454299029,1628.654433972057
15171874.457403317,1628.7378377648497
15177282.186130237,1628.9168940637664
15182689.674606727,1629.0317313499277
15188097.040827923,1629.1888674267511
15193504.209434409,1629.2676613528
15198911.308537532,1629.168207112249
15204318.541647414,1629.0686513768692
15209725.769612536,1629.1265937500525
15215132.835455762,1629.317293508375
15220539.702893332,1629.4255940116268
15225946.416461157,1629.5612675794212
15231352.96715576,1629.5885754254698
15236759.395008678,1629.584097151373
15242165.784841485,1629.569771629726
15247572.399721041,1629.603653703072
15252979.049002854,1629.4811610962622
15258385.506725086,1629.5504378149865
15263791.695508108,1629.7279797008973
15269197.627313469,1629.8259210637118
15274603.43907254,1629.980968095442
15280009.03813396,1630.0400378169675
15285414.573557815,1629.9243044615816
15290820.239558889,1629.8112211020314
15296225.89706204,1629.8914036704784
15301631.373874871,1630.0625578959446
15307036.657498289,1630.1586574032538
15312441.768305426,1630.2730193063032
15317846.727654098,1630.2754905688084
15323251.551856743,1630.2518473987595
15328656.343726214,1630.2169331290108
15334061.360747563,1630.2304434821801
15339466.411532257,1630.0807650065065
15344871.260764975,1630.1378614849318
15350275.836246585,1630.3116963767548
15355680.153035816,1630.39501739342
15361084.34058673,1630.544593817774
15366488.31325507,1630.5852065975464
15371892.223760618,1630.4539033772471
15377296.26378347,1630.329791738696
15382700.276063105,1630.404583885693
15388104.119183611,1630.5602857179133
15393507.770131972,1630.6469451404034
15398911.23707547,1630.7409346451605
15404314.560890233,1630.7307050087743
15409717.735923894,1630.6891452180619
15415120.884847734,1630.643658732451
15420524.249804728,1630.6371796181456
15425927.64517638,1630.469363383506
15431330.83228029,1630.5125573010637
15436733.737939222,1630.6756240918326
15442136.388294984,1630.7449249104957
15447538.901208073,1630.8821901822248
15452941.199425869,1630.9069237168906
15458343.434971701,1630.76082163976
15463745.7982125,1630.6232102755466
15469148.120044235,1630.6801694143057
15474550.284842305,1630.821681345176
15479952.254075749,1630.9042974817326
15485354.03072788,1630.9821609943763
15490755.665891178,1630.9614137937203
15496157.143292788,1630.9045453282738
15501558.59656269,1630.8497706468327
15506960.258305961,1630.8255973806158
15512361.949007057,1630.64379933809
15517763.422244294,1630.6726892034276
15523164.607403649,1630.8219419702523
15528565.538659304,1630.8773500187176
15533966.327109948,1631.0022067632779
15539366.89840959,1631.0125694069068
15544767.405198643,1630.8519432890885
15550168.037310284,1630.6996031807143
15555568.621607242,1630.7383582200391
15560969.052761622,1630.8660530949148
15566369.283865865,1630.9392653063599
15571769.317907928,1631.0031375803524
15577169.208308231,1630.9702675129656
15582568.935728446,1630.8993783563938
15587968.637080422,1630.8328418398623
15593368.54290397,1630.7934396624287
15598768.47486539,1630.5970161027521
15604168.184080463,1630.6115093882997
15609567.600688923,1630.7473672973904
15614966.760464603,1630.789223564962
15620365.773565095,1630.9014173908613
15625764.565866396,1630.8989274580463
15631163.290120203,1630.7244548628369
15636562.137692856,1630.5573512968917
15641960.934818232,1630.582946303417
15647359.573929496,1630.6970282089828
15652758.010128649,1630.755165241685
15658156.245600652,1630.8065912608017
15663554.333295928,1630.7588413493572
15668952.255121462,1630.674752490634
15674350.145485623,1630.5928420364278
15679748.239515722,1630.5404794082033
15685146.3563807,1630.3256618464566
15690544.250459693,1630.3257129908204
15695941.84978131,1630.4493137464235
15701339.184421951,1630.4779586639806
15706736.370415082,1630.5780968949116
15712133.329871709,1630.5643017266357
15717530.216108691,1630.3766291225775
15722927.22373043,1630.194313502057
15728324.184071116,1630.2109961699612
15733720.971402913,1630.3116662763418
15739117.55333062,1630.3483881211987
15744513.933389956,1630.3894751677558
15749910.157900851,1630.3243675625176
15755306.21759359,1630.2285586483035
15760702.23595686,1630.1284347352507
15766098.46131845,1630.0660304635114
15771494.706887757,1629.8364795302925
15776890.728831185,1629.8219051222757
15782286.455943456,1629.931876582822
15787681.90618863,1629.9473991476384
15793077.20865393,1630.0350225389207
15798472.276239265,1630.0115885046134
15803867.263954319,1629.8110797086376
15809262.370084953,1629.6114650163477
15814657.441268248,1629.6160190078035
15820052.316059254,1629.7037909282913
15825446.978994964,1629.7149259947175
15830841.445548791,1629.7502743432472
15836235.74105715,1629.6686227085238
15841629.87899007,1629.5642676760724
15847023.960522054,1629.447555010534
15852418.254017325,1629.3779478769957
15857812.56046768,1629.1323214091663
15863206.651668888,1629.1019360694538
15868600.446740655,1629.1907261487672
15873993.954385748,1629.19307252297
15879387.317755882,1629.2609462984553
15884780.438241199,1629.2308676262596
15890173.469388964,1629.017887244098
15895566.61534018,1628.797969386589
15900959.740230534,1628.7644393065875
15906352.655866716,1628.843243221762
15911745.350029558,1628.839485259673
15917137.856046727,1628.872706136633
15922530.169067547,1628.7886995149377
15927922.332863847,1628.6765319755934
15933314.429661024,1628.5604687630107
15938706.725302221,1628.4844917309022
15944099.036879232,1628.2467595777875
15949491.12147985,1628.2004069547704
15954882.89733043,1628.2583672225674
15960274.39384492,1628.2499640105573
15965665.736784993,1628.2926967545209
15971056.844684366,1628.2566037324311
15976447.848262737,1628.0334218266976
15981838.967295175,1627.7989056527988
15987230.043631807,1627.7012586419025
15992620.953001797,1627.7697624295847
15998011.632558329,1627.779860769525
16003402.114956386,1627.8032972888998
16008792.411519878,1627.7412413589018
16014181.705339115,1625.902311157226
16019577.341149596,1622.1908583040147
16024971.936895058,1622.0948248397524
16030366.568391956,1621.8066394201994
16035764.354634697,1614.3133984983317
16041162.821969567,1614.319464590345
16046564.418130457,1606.8466589114869
16051966.873436943,1606.8180506575036
16057372.526591828,1599.302379904987
16062779.094781846,1598.9879103667895
16068189.239022698,1591.2543589608554
16073600.330592744,1591.0520321823517
16079014.786318569,1583.62202452307
16084429.978486966,1583.5165074166298
16089848.568815013,1576.070480738666
16095267.873079566,1575.8575896362736
16100690.70457655,1568.273977586857
16106114.294142362,1567.989129184863
16111541.874364775,1560.4901683442383
16116970.18127868,1560.0530257086175
16122402.197432872,1552.648080615654
16127834.549794845,1552.6016698882124
16133266.68357509,1552.4500083883117
16138698.732109303,1552.377927621797
16144130.602362137,1552.181223123519
16149562.46058518,1551.7905379553945
16154994.49386328,1551.406172282033
16160426.5175152,1551.22457560547
16165858.446700303,1551.1377283962272
16171290.219345331,1551.0267479119236
16176721.844145214,1550.893568572408
16182153.373136654,1550.6631921372987
16187584.780492708,1550.365756444689
16193016.241547862,1550.1119067760255
16198447.924238797,1549.838470924862
16203879.662323061,1549.4721499549141
16209311.220302299,1549.2928961502575
16214742.53439212,1549.2057752450955
16220173.653114941,1549.0435716144357
16225604.701785373,1548.9307201639674
16231035.551867912,1548.696778798318
16236466.429719111,1548.2781352279126
16241897.481799494,1547.8792054813398
16247328.49784991,1547.7247979984093
16252759.416311326,1547.606303125723
16258190.169198507,1547.473458374563
16263620.779354999,1547.3166165742696
16269051.282715129,1547.0602545376728
16274481.671945224,1546.7377122857674
16279912.136600621,1546.4957692708774
16285342.827084072,1546.1643822552467
16290773.52100594,1545.8114754358503
16296204.036730243,1545.6211812465178
16301634.306742169,1545.5124591386025
16307064.390271705,1545.3318921756781
16312494.40673768,1545.1825622488805
16317924.225287108,1544.9054466658858
16323354.104077822,1544.4589268219595
16328784.123618597,1544.0373684886554
16334214.121661257,1543.8935913984633
16339643.997829564,1543.7432696967435
16345073.685241124,1543.5942631264388
16350503.251974678,1543.3969401553643
16355932.728694446,1543.1051310078012
16361362.085395033,1542.7429078259681
16366791.556856133,1542.4860283162902
16372221.25629679,1542.088745166079
16377650.974559734,1541.7215126310307
16383080.489511918,1541.5149968774201
16388509.735742493,1541.3916172147865
16393938.827752676,1541.1960719962033
16399367.81109288,1541.0351695795873
16404796.623201594,1540.7140783979776
16410225.525256965,1540.2400285132676
16415654.561590953,1539.7983919485641
16421083.560656268,1539.583968277916
16426512.447115108,1539.3922301920024
16431941.142056212,1539.2234867704447
16437369.72205041,1538.9983710532113
16442798.208558403,1538.6785900931595
16448226.580829564,1538.2893114653193
16453655.088925155,1538.029851397972
16459083.819060748,1537.574153084753
16464512.52732903,1537.207239000072
16469941.03188272,1536.9978351437912
16475369.263432046,1536.8474450052836
16480797.348434763,1536.6547963051194
16486225.316425674,1536.4704543116104
16491653.11093038,1536.1180537050109
16497081.014513614,1535.6232370237267
16502509.017107533,1535.1659752633586
16507937.003180165,1534.9627848737807
16513364.868781034,1534.7765894969189
16518792.534307342,1534.5679728635089
16524220.097537577,1534.3549307850635
16529647.549290933,1533.9969691256244
16535074.888386076,1533.6053161479156
16540502.386602225,1533.318967347158
16545930.081399634,1532.8510725552505
16551357.727711044,1532.4819416227995
16556785.156777902,1532.2591229220127
16562212.301755602,1532.0788867368021
16567639.337983143,1531.8726755285923
16573066.227465734,1531.66221668643
16578492.961650716,1531.2674258575898
16583919.818867916,1530.7578470873316
16589346.739211611,1530.3137679639597
16594773.655621454,1530.107879358482
16600200.442023467,1529.9096497591652
16605627.02141157,1529.6796412584613
16611053.499873077,1529.4379166879844
16616479.860267105,1529.0538811079432
16621906.120026048,1528.6432976599904
16627332.551717926,1528.3482229612548
16632759.166311473,1527.8573885808676
16638185.707301939,1527.4746157674795
16643612.02602931,1527.2465279597427
16649038.067951495,1527.0415799501372
16654464.016649565,1526.7922917012984
16659889.816813009,1526.5480152973926
16665315.471975088,1526.093812831868
16670741.268136788,1525.5545550526256
16676167.139190903,1525.1482051059488
16681592.930589695,1524.9320850183897
16687018.619854636,1524.6940367422615
16692444.084351698,1524.4317790923662
16697869.461498145,1524.1568908192817
16703294.708590234,1523.7370269138103
16708719.881603451,1523.291935525036
16714145.249836702,1522.9957315888857
16719570.804621607,1522.4491853311274
16724996.242677184,1522.037391640676
16730421.471189488,1521.8036319530913
16735846.442743666,1521.5753232243644
16741271.27683026,1521.3176598004125
16746695.991048422,1521.051062022009
16752120.546979144,1520.5645649508174
16757545.263890775,1519.9934299680353
16762970.077947993,1519.4973775653252
16768394.795074506,1519.2634428969118
16773819.378003886,1518.9973476120076
16779243.772219893,1518.7270110967602
16784668.076956294,1518.4180920431495
16790092.251045253,1517.9836007831907
16795516.35635358,1517.5159067033387
16800940.6735967,1517.1965266773827
16806365.159038264,1516.6146549129014
16811789.507344507,1516.2092244272876
16817213.636285696,1515.9653977648418
16822637.51773327,1515.7042644599642
16828061.26293538,1515.4326665837793
16833484.884305425,1515.139517298663
16838908.35454589,1514.6114819146674
16844331.988875844,1514.0349989909548
16849755.710141245,1513.544042406211
16855179.330620673,1513.3387091032273
16860602.794616617,1513.0482497361952
16866026.08858658,1512.762655683051
16871449.25955578,1512.3996975166287
16876872.322200023,1511.9541329835488
16882295.30758765,1511.4631270559391
16887718.526940074,1511.116586860609
16893141.87406503,1510.4947189959441
16898565.08281714,1510.1012782440714
16903988.04609576,1509.8559217618463
16909410.749763694,1509.5376001859734
16914833.34641921,1509.2579489043137
16920255.7997899,1508.8999105034263
16925678.14518682,1508.334084746541
16931100.661700938,1507.7359284883398
16936523.211548228,1507.2517534768065
16941945.69700025,1506.9723476360082
16947368.021159805,1506.6635818873933
16952790.151854496,1506.3119478977987
16958212.198791318,1505.916302842403
16963634.125976376,1505.4175138016167
16969056.00217128,1504.9177736392783
16974478.10767012,1504.4958975216111
16979900.345535778,1503.8548040959179
16985322.4356961,1503.4202308937597
16990744.276069146,1503.1605531387193
16996165.863105603,1502.8455354482505
17001587.34339876,1502.5452657601115
17007008.658560358,1502.181342068901
17012429.883102894,1501.5687803165981
17017851.276436813,1500.9209403866678
17023272.724009063,1500.4508631470012
17028694.06078349,1500.1328120827409
17034115.24637897,1499.8005397785832
17039536.23326023,1499.4767780268223
17044957.138065677,1499.052268980557
17050377.895720687,1498.5373443845708
17055798.63160244,1498.008999379796
17061219.589573134,1497.6008156784214
17066640.68415854,1496.9183674612525
17072061.57676307,1496.4940639391803
17077482.232417367,1496.213508144063
17082902.679680422,1495.8455740753864
17088322.990653172,1495.526068319174
17093743.161060352,1495.1167428155115
17099163.232243016,1494.470176203087
17104583.468286224,1493.8362800778175
17110003.735157058,1493.333252073066
17115423.902744148,1493.0622936625646
17120843.885278586,1492.6778490412817
17126263.7138298,1492.3395006598294
17131683.4084453,1491.8529793248742
17137102.994558506,1491.3258229097821
17142522.55922376,1490.7779297352222
17147942.373897422,1490.337928904581
17153362.2736459,1489.6066859735986
17158782.005434822,1489.1751255506676
17164201.486769162,1488.8922667170636
17169620.718517657,1488.4786953458606
17175039.846912846,1488.1593589595548
17180458.786187842,1487.7119162607612
17185877.67792621,1487.0315544121
17191296.748416517,1486.3420832853017
17196715.80823339,1485.8501792875988
17202134.769889638,1485.4845340431812
17207553.567265004,1485.1042110458666
17212972.184103053,1484.748779949317
17218390.688580334,1484.2625401057999
17223809.05523181,1483.7054101308868
17229227.426024284,1483.1575986546377
17234646.02794349,1482.6731474903677
17240064.696788225,1481.9180087306347
17245483.188407585,1481.4683927638323
17250901.418868504,1481.1428536452058
17256319.42051221,1480.7003532217261
17261737.325075917,1480.3450813897446
17267155.027393848,1479.8597561983008
17272572.700827565,1479.1350783563094
17277990.554283228,1478.4180722899337
17283408.416855287,1477.955655985062
17288826.12278641,1477.5604183732637
17294243.66638927,1477.1164071258413
17299661.036671095,1476.7333714555514
17305078.29433182,1476.1694856565587
17310495.41809592,1475.5772833985025
17315912.55747968,1474.9884720902633
17321329.939034276,1474.4529699061452
17326747.3824918,1473.6749052691962
17332164.618419666,1473.2060858529785
17337581.582823697,1472.8897668432428
17342998.327862944,1472.427459740081
17348414.954924982,1472.061677652244
17353831.386548672,1471.5405256401536
17359247.803902224,1470.7819903951406
17364664.39533798,1470.046453317948
17370080.952605702,1469.526382959787
17375497.41101185,1469.113760563238
17380913.688681606,1468.6927320521363
17386329.79858827,1468.2587388820048
17391745.79424679,1467.6991241617918
17397161.644083,1467.0604142479485
17402577.541477505,1466.4880033615507
17407993.654381536,1465.8954942186172
17413409.816598274,1465.151788825392
17418825.755497184,1464.6579173539862
17424241.416784074,1464.2809568297848
17429656.882775687,1463.794284679482
17435072.242841788,1463.3620297039295
17440487.40216803,1462.8053908017755
17445902.55754486,1462.0031272736658
17451317.865430944,1461.2331695659648
17456733.182794627,1460.7198949814156
17462148.359121043,1460.2918772329497
17467563.335806053,1459.771487239554
17472978.181406137,1459.3196909287442
17478392.888319973,1458.6792272905388
17483807.475132484,1458.0247221399932
17489222.101236966,1457.395433522582
17494636.986919828,1456.7671851528116
17500051.869743362,1455.9349258229736
17505466.54851716,1455.4258197588335
17510880.953000825,1455.0724558813743
17516295.138191648,1454.5570498673046
17521709.210216668,1454.1490107730822
17527123.06344896,1453.5471101064927
17532536.934032787,1452.7165697724888
17537950.977421615,1451.9432271577248
17543364.94209192,1451.4221689256706
17548778.819550194,1450.9453531017523
17554192.49900652,1450.4746417184792
17559606.012250297,1449.9839991511117
17565019.39950302,1449.3577902847817
17570432.640413854,1448.6514586234198
17575845.9528176,1448.0618280690771
17581259.47313742,1447.3590702400024
17586673.002524838,1446.5905769979063
17592086.2969211,1446.0493412454532
17597499.30094372,1445.621890142313
17602912.116747912,1445.0833250809885
17608324.82295408,1444.5973477094763
17613737.314529225,1443.9611373168423
17619149.837130874,1443.093814008588
17624562.502643682,1442.2708942224488
17629975.17194365,1441.712229575728
17635387.673536565,1441.2152413457534
17640799.95061464,1440.6462754470217
17646212.113158718,1440.1441605522998
17651624.119472194,1439.4381509723546
17657036.0056654,1438.7146720025805
17662447.949462086,1438.0659386087502
17667860.149707686,1437.3128171423148
17673272.304600526,1436.4800633643813
17678684.262367215,1435.9184031338423
17684095.938485704,1435.488694790803
17689507.39866544,1434.9200277997436
17694918.76285591,1434.4386503821497
17700329.884234335,1433.7494613942897
17705741.056380622,1432.8453040767843
17711152.359237645,1431.9818032212738
17716563.622215383,1431.4887121302575
17721974.73491536,1430.9443577293232
17727385.66038995,1430.3572234688108
17732796.418985255,1429.8064522484592
17738207.061253663,1429.0663432860015
17743617.555184145,1428.3000261328893
17749028.144055113,1427.6328720555828
17754438.970241845,1426.8324059274364
17759849.767114058,1425.9630603637115
17765260.32127312,1425.3751013988403
17770670.564091504,1424.9295238712027
17776080.62631329,1424.3465472348848
17781490.541193057,1423.8268012946182
17786900.250188448,1423.088613826789
17792310.017885834,1422.1405915641244
17797719.924057994,1421.2890551339076
17803129.771893315,1420.6517331005969
17808539.47581909,1420.0729345831073
17813948.93209872,1419.5013334258224
17819358.271254063,1418.889974618445
17824767.463477883,1418.1424036091935
17830176.51467599,1417.3121493253018
17835585.661140107,1416.6520106803648
17840995.03815298,1415.7707753892957
17846404.389932726,1414.941325967631
17851813.498551298,1414.3240705797775
17857222.299784206,1413.8113795054605
17862630.918697223,1413.216552004998
17868039.39335333,1412.646999782496
17873447.660233486,1411.8902928614907
17878855.979212243,1410.9036500244579
17884264.40245355,1410.0091100975126
17889672.811990093,1409.3496349733518
17895081.076874774,1408.7740985070666
17900489.069295038,1408.171485981487
17905896.960841548,1407.5722440991008
17911304.67280807,1406.7868953411412
17916712.25805726,1405.9518543559564
17922119.913372,1405.2690319853257
17927527.80785211,1404.3353966899558
17932935.641016144,1403.4810618694191
17938343.227296174,1402.8391140577694
17943750.49963175,1402.2953267458774
17949157.586088553,1401.65179432895
17954564.536164228,1401.0501081951456
17959971.26468868,1400.239318923575
17965378.069799803,1399.213202601337
17970784.975942116,1398.2259646634977
17976191.866239104,1397.5420708687557
17981598.594643373,1396.8994914979403
17987005.07449658,1396.2649109667545
17992411.432604577,1395.6371839117307
17997817.635628868,1394.812885908492
18003223.700842835,1393.9424496487607
18008629.858270083,1393.2350039282182
18014036.255875073,1392.2874590099063
18019442.569038987,1391.4049942265642
18024848.63139047,1390.738850595947
18030254.373918556,1390.1630266997374
18035659.939234067,1389.4892780328178
18041065.35397867,1388.854487932187
18046470.54439458,1387.9854204455403
18051875.81811165,1386.9185372396657
18057281.214114185,1385.9369799128788
18062686.54295168,1385.2270595291654
18068091.710577685,1384.519974455303
18073496.624617644,1383.8521167630736
18078901.40548318,1383.1537198220417
18084306.047460172,1382.289766891756
18089710.54174443,1381.3584533162953
18095115.146703236,1380.6240709882716
18100519.977306243,1379.619882822577
18105924.730931558,1378.7075549305562
18111329.22944773,1378.01651900944
18116733.403169975,1377.408233510887
18122137.403153013,1376.7148168982676
18127541.24034972,1376.0460996282573
18132944.854024984,1375.136840097361
18138348.54609093,1374.0271201649318
18143752.359379537,1373.0483161557308
18149156.092745937,1372.3096734204305
18154559.6725833,1371.5729348639572
18159962.977320544,1370.868436660417
18165366.151849244,1370.11373493361
18170769.18090379,1369.208325198879
18176172.060764015,1368.2252330093115
18181575.051909816,1367.4610377305103
18186978.259782087,1366.3889425183784
18192381.39337735,1365.4443277753512
18197784.267376952,1364.726339173823
18203186.81208088,1364.0860176937451
18208589.180626456,1363.3745519950353
18213991.37945533,1362.6715306704286
18219393.352447186,1361.7273208771808
18224795.39978496,1360.5734599301895
18230197.558647837,1359.5722218875494
18235599.641485345,1358.8043786972253
18241001.572134722,1358.0452380746735
18246403.21103573,1357.3033550046675
18251804.724018645,1356.5067997807791
18257206.07997742,1355.5598310694036
18262607.285937328,1354.5322883369015
18268008.598916832,1353.735823851132
18273410.12543226,1352.601373290251
18278811.573531196,1351.6202676934413
18284212.756990172,1350.8726398507222
18289613.606532622,1350.2007365296527
18295014.275538426,1349.4626274212021
18300414.77104698,1348.725175898125
18305815.03565676,1347.743050597232
18311215.37206479,1346.5430277218188
18316615.813582964,1345.5047159847506
18322016.181792434,1344.7056099863219
18327416.394852072,1343.9158249964419
18332816.30694873,1343.1354938189147
18338216.09227361,1342.301928607287
18343615.713460155,1341.3125357419449
18349015.181538746,1340.2416547848068
18354414.7532282,1339.4108918127058
18359814.53688572,1338.228891159812
18365214.23597172,1337.2071322908498
18370613.665246613,1336.4271520573222
18376012.75568421,1335.724041745973
18381411.661346003,1334.9512778144026
18386810.389827427,1334.1792718898696
18392208.88066552,1333.1540057736865
18397607.44105544,1331.9055071164844
18403006.106625263,1330.8239496233994
18408404.693517707,1329.9906453427693
18413803.119282916,1329.1569869811299
18419201.241165154,1328.336549213116
18424599.22941255,1327.4669522427505
18429997.052955728,1326.4336816760942
18435394.717657212,1325.3189318796128
18440792.484360926,1324.4515887170587
18446190.46222626,1323.2363299333674
18451588.34991617,1322.1692106027363
18456985.96254691,1321.3537977322374
18462383.231094774,1320.6198818789742
18467780.310460422,1319.80276495676
18473177.20952522,1318.9960392443334
18478573.86173987,1317.9219656936277
18483970.582184892,1316.622160154901
18489367.41290091,1315.4829304008133
18494764.154453274,1314.6123338996902
18500160.72438978,1313.7235882910452
18505556.99638138,1312.861450462371
18510953.122589,1311.9654408860943
18516349.08759149,1310.8871971118342
18521744.88677906,1309.734335264683
18527140.785379518,1308.8278206321927
18532536.900152184,1307.5946718610912
18537932.91077303,1306.4765934037396
18543328.64040125,1305.6219028517453
18548724.02051262,1304.8576995396222
18554119.203578886,1303.9838059191745
18559514.20836891,1303.1421033285178
18564908.952455055,1302.0186115228885
18570303.765884068,1300.6643424359336
18575698.688477732,1299.4303041745093
18581093.52589594,1298.5212201084823
18586488.175158296,1297.5875175919973
18591882.539079133,1296.6817671449373
18597276.749691416,1295.7855498345682
18602670.791680556,1294.6618854422086
18608064.666348506,1293.4863267957653
18613458.62514707,1292.535634473019
18618852.813801453,1291.2814651251456
18624246.87538704,1290.1052965187027
18629640.64871645,1289.20720785561
18635034.067698948,1288.413742034571
18640427.274431963,1287.490980458021
18645820.310559835,1286.6136108653345
18651213.07077505,1285.4604390385
18656605.896324847,1284.0488296938252
18661998.801257644,1282.7019775358124
18667391.666921694,1281.753465641649
18672784.33761458,1280.8270561924119
18678176.71401787,1279.8744214744568
18683568.95444266,1278.9833720325785
18688960.98548118,1277.8133410467583
18694352.859335907,1276.6052702410395
18699744.78005228,1275.6057796418888
18705136.92790619,1274.2670017147248
18710528.958605908,1273.028848504727
18715920.69361879,1272.0853820960508
18721312.06999544,1271.2637758342505
18726703.21781443,1270.3194231553978
18732094.195236504,1269.4069861337457
18737484.896897793,1268.2449616482863
18742875.631229,1266.7732410768144
18748266.439672418,1265.4550988914712
18753657.21133532,1264.4643780168603
18759047.80199706,1263.5238878904545
18764438.06004149,1262.521309174415
18769828.179166675,1261.5316417388253
18775218.081783347,1260.3142881780673
18780607.807551958,1259.0050156621294
18785997.58975759,1257.952289138667
18791387.586619668,1256.5920130892157
18796777.49381552,1255.2850503282448
18802167.09761868,1254.3006936828087
18807556.321080152,1253.4569287120992
18812945.33136705,1252.4692354986464
18818334.127152402,1251.5716109023206
18823722.653771844,1250.3382234941319
18829111.20154106,1248.8059849399351
18834499.85827363,1247.4236902425396
18839888.349737152,1246.4373751896542
18845276.70925057,1245.4075617691983
18850664.81476519,1244.4061130387515
18856052.682666495,1243.3798470768588
18861440.401482463,1242.0994176919828
18866827.905383114,1240.776578246132
18872215.470886663,1239.6377137093964
18877603.25034857,1238.2928136146584
18882990.940941505,1236.7763005793197
18888378.307524562,1235.7536639192285
18893765.30032664,1234.959804745158
18899152.037977397,1233.8837482258482
18904538.601820923,1232.995798735317
18909924.84068153,1231.7299488391895
18915311.09023728,1230.1427731787908
18920697.424277294,1228.6483392074592
18926083.678053375,1227.7188261115962
18931469.75343388,1226.6673135622405
18936855.543729983,1225.5005362107115
18942241.12730089,1224.4961197765092
18947626.50172651,1223.1422502474034
18953011.69140701,1221.7779033346148
18958396.88054305,1220.5964352917078
18963782.286104757,1219.207774693713
18969167.611140672,1217.7117541638077
18974552.625118006,1216.6349005383117
18979937.25604517,1215.7312213832272
18985321.631536808,1214.621866918159
18990705.8116186,1213.6160818035858
18996089.69313587,1212.3351773759669
19001473.54279712,1210.6800957549835
19006857.49288948,1209.2020692051117
19012241.33079487,1208.0291320279848
19017625.032025505,1206.943724016066
19023008.435021054,1205.8827411561467
19028391.590539586,1204.801649555571
19033774.570156846,1203.4761119062487
19039157.304608874,1202.0339168482415
19044540.049093083,1200.766316104553
19049922.985306762,1199.4306932496777
19055305.88265073,1197.7328800940693
19060688.431748874,1196.6188600378487
19066070.597902194,1195.785939609026
19071452.463742655,1194.6333518363206
19076834.143329237,1193.6828174813836
19082213.822937064,1186.0926193705338
19087600.5732572,1181.7481972387206
19092986.322468773,1180.084009837056
19098371.846839793,1178.533821347161
19103762.774033688,1165.1433803594277
19109152.18513002,1163.448774183727
19114546.9485614,1149.7989673747427
19119940.35827911,1147.8936877670167
19125339.11368155,1133.6086683527997
19130736.737986755,1131.7526635899926
19136140.101296373,1117.3126368346689
19141542.35329681,1115.0440557869972
19146949.81907934,1100.7214533647702
19152355.85512635,1099.1544083976685
19157767.1775713,1084.700210616481
19163177.254075993,1082.944975434411
19168592.623608965,1068.2114177434555
19174006.860502962,1065.5787437072295
19179426.828930445,1050.5195761152772
19184845.61516264,1048.556483201769
19190269.93396302,1034.0758698049528
19195692.795199096,1031.8259078615547
19201121.214102674,1017.373568148535
19206548.45344363,1015.294757289828
19211975.544271037,1013.1085143317455
19217402.729166772,1011.1700058364205
19222830.17537536,1009.0413180324476
19228257.676305573,1006.7124436208825
19233684.903649863,1004.9494109685943
19239111.8222266,1003.4449196836922
19244538.591943283,1001.6597742106296
19249965.236197703,999.9670616124619
19255391.678953577,997.8785534520716
19260818.17239324,995.3130355994996
19266244.80552343,992.9809331014267
19271671.49119261,991.2806202372337
19277098.075309332,989.4892227247979
19282524.445219524,987.5001399725531
19287950.67161873,985.6466078938465
19293376.801459264,983.3689270624058
19298802.79549927,981.0431492109401
19304228.90233001,978.9792714036238
19309655.29864426,976.6270488523915
19315081.695147377,974.1155499355635
19320507.82391468,972.2633240266273
19325933.627800334,970.703446526524
19331359.290867534,968.8136405582186
19336784.79043213,967.0551226070245
19342210.099813152,964.7542012626577
19347635.49380433,962.0117884269225
19353061.03561829,959.6219480589184
19358486.582742594,957.6663966769387
19363912.03973254,955.7540677400953
19369337.240516488,953.6235266852942
19374762.35614949,951.6383420185847
19380187.31849062,949.1781214176692
19385612.16744052,946.695340242221
19391037.136737168,944.5329578504505
19396462.408237804,941.9161573116805
19401887.590522133,939.3377096079287
19407312.537855003,937.3754871249288
19412737.182814006,935.637248745795
19418161.6659157,933.5982195765638
19423586.036113,931.6581498930666
19429010.16941169,929.1131095995323
19434434.429314915,926.2053562598228
19439858.828633375,923.6654920291444
19445283.188924607,921.8350316349465
19450707.440809693,919.6780923032054
19456131.456016596,917.3751523656356
19461555.367703795,915.1211363213556
19466979.130915884,912.4534112339611
19472402.781631317,909.7154795152139
19477826.593889274,907.4605243627002
19483250.68032694,904.4752409394841
19488674.669681456,901.7542759776404
19494098.413351722,899.6675127831777
19499521.85711239,897.7473274404313
19504945.127733763,895.5518282506827
19510368.296786286,893.4312856684614
19515791.213248845,890.6286425140866
19521214.301979095,887.5070541024097
19526637.49917015,884.5824635246345
19532060.671154026,882.6033072058183
19537483.70215599,880.1890591490629
19542906.53112956,877.7456931665183
19548329.228620593,875.3595993190385
19553751.814225163,872.4917151450677
19559174.253011405,869.5256550671784
19564596.902606294,867.0964717460063
19570019.803836312,863.8599736831828
19575442.6066892,861.0234829246779
19580865.14319608,858.7950291677988
19586287.358763564,856.644247682568
19591709.430828713,854.3846259343302
19597131.365837812,852.0283467593897
19602553.075524304,848.9775712918927
19607974.956235863,845.6200337626797
19613396.908628277,842.5369335730264
19618818.845910285,840.3484293481199
19624240.646303073,837.8399776774237
19629662.20799023,835.1583698970321
19635083.682709046,832.5689625627425
19640504.999880392,829.3855014856217
19645926.18240193,826.1960475475621
19651347.56603669,823.5427778611001
19656769.24019158,820.0256514685268
19662190.78107883,816.9569071322926
19667612.045358002,814.5441529525244
19673032.99003458,812.1801256162516
19678453.80569645,809.6135674236036
19683874.4642531,807.0140261294578
19689294.915030252,803.5270136198255
19694715.548476834,799.8221888821035
19700136.27047953,796.6554843161077
19705556.909841456,794.2255162720021
19710977.474368963,791.3285062609689
19716397.769649446,788.3957106813305
19721817.99485981,785.3486226381433
19727238.046959914,781.8526550955671
19732658.006506346,778.2710031148256
19738078.20755934,775.4795562825848
19743498.684057787,771.3442372538889
19748918.976592492,768.0514800342889
19754338.991627667,765.4567611174267
19759758.698205326,762.7683963385339
19765178.22330315,760.0133356839384
19770597.629751872,757.1089685077145
19776016.810852125,753.2282858076597
19781436.209303338,749.2442745769363
19786855.70555048,745.4723995236855
19792275.115315616,742.8538412688076
19797694.352507826,739.5374442177665
19803113.39590764,736.2999139722742
19808532.300650988,732.9545592474325
19813951.0863111,729.0884461037895
19819369.734274924,725.1008315285261
19824788.66114354,721.9172508078582
19830207.802458636,717.2935133777773
19835626.79801918,713.7060531281068
19841045.483289093,710.8314957767625
19846463.83091268,707.747435881537
19851882.063805435,704.7823194372918
19857300.11547854,701.4397384707111
19862718.003320757,697.0347894313629
19868136.09586001,692.5204298395481
19873554.204207,688.6331907622241
19878972.228122577,685.4472698875873
19884390.152601074,681.7989442591077
19889807.80072566,678.0978739447243
19895225.397356287,674.147649247994
19900642.80741197,669.6924966590145
19906060.159994498,665.222126892048
19911477.76166882,661.6187076418028
19916895.652826797,656.2179007656118
19922313.31616413,652.1089546489494
19927730.683316927,648.8691183068686
19933147.731808014,645.4209528307133
19938564.640063692,642.0594975149443
19943981.36461531,638.3131181486324
19949397.917004365,633.2133260478413
19954814.66373825,628.0809950990679
19960231.43711962,623.5821756058854
19965648.130475953,620.1768982788244
19971064.70651605,616.0208226416507
19976481.066771537,611.9536333609174
19981897.305317927,607.3354840021764
19987313.391157866,602.3427184756772
19992729.379534353,597.2315675687189
19998145.69353557,593.0893265975137
20003562.22227625,586.8563635892501
20008978.525712498,582.293176295187
20014394.49144988,578.6007015983587
20019810.116767153,574.3385254294618
20025225.62569721,570.441834497638
20030640.935786556,565.8193490427108
20036056.11662551,559.7949177012927
20041471.51651798,553.7429327330505
20046886.894266013,548.5095592643747
20057717.354253642,539.1243168831847
20063132.26693285,534.203973005613
20068547.12542705,528.7693838994135
20073961.78303357,522.6891937821168
20079376.39143578,516.6288478115937
20084791.29685379,511.61427955584475
20090206.45168176,504.16112093111815
31528846.512409627,112.78387823646555
31539615.174883157,96.18017403743558
31550383.18813873,92.64155721313983
40967804.345814876,409.4079749004491
40978640.92759384,425.89857729304975
40989477.05317081,440.7667672676322
41000314.01249333,454.03185015300573
41011150.10360846,470.8047023902206
41021985.13646738,486.78511115506797
41032819.55019997,499.0360041372797
41038236.937914014,504.6928272862301
41043654.251090705,511.7558455044667
41049071.4601297,518.9997726247595
41054488.51389811,525.7283715481342
41059905.395272985,532.3497827008132
41065322.13767002,538.2580360893647
41070738.69813385,543.7313789953791
41076155.287625,549.816692851449
41081572.2240266,555.3984995886412
41086989.226392455,560.2540526839997
41092405.90632096,566.4685244054647
41097822.19997083,573.2535431204815
41103238.26416884,579.5224839952978
41108654.198941454,585.818788435435
41114069.89330684,591.349693659512
41119485.60793359,595.5881865154304
41124901.45654697,600.20152358634
41130317.30834198,605.8685258874873
41135733.010403834,611.780838147356
41141148.489687346,616.99967690589
41146563.84809881,622.4842142116474
41151979.039485864,627.1490046540498
41157394.08331128,631.7349176164876
41162809.14346846,636.7125230713784
41168224.60619912,641.265296916718
41173640.05187909,645.1955815808776
41179055.21911569,650.4685536394386
41184470.01939987,656.3483922264774
41189884.573795535,661.6084275223504
41195298.99257776,667.117947458769
41200713.15003298,671.6940182618118
41206127.358935945,675.3390119023521
41211541.70368564,679.3199016894589
41216955.988385394,684.4279188401631
41222370.13944619,689.3801127327145
41227784.09493922,693.9860768867741
41233197.861228235,698.6432546368187
41238611.50837736,702.6978370594021
41244024.95934444,706.6051182994593
41249438.47964295,711.0079392520732
41254852.34605153,714.9148094997427
41260266.22780517,718.4963787570044
41265679.775824726,723.0941854103257
41271092.93271415,728.1470327458569
41276505.89756951,732.7416127969104
41281918.68410763,737.4254206835502
41287331.25001406,741.3867022914715
41292743.86743968,744.5744818142471
41298156.61169326,748.2122816411475
41303569.32161799,752.4265903558429
41308981.902476184,756.757123125753
41314394.19161696,760.8373894591393
41319806.367157884,764.9946537822457
41325218.35650042,768.5674147546493
41330630.19699315,772.0135407360676
41336042.062860705,775.9507788489434
41341454.272541076,779.2439345947264
41346866.44332104,782.4832291805799
41352278.338928066,786.5985774820183
41357689.87798188,791.1034407763115
41363101.189484395,795.1643760782481
41368512.35412952,799.410134824031
41373923.245538734,802.9023069669784
41379334.21251857,805.7692207261165
41384745.275777265,808.8812257436971
41390156.3012443,813.0209928588226
41395567.20559787,816.8500632130908
41400977.89307168,820.5246066808872
41406388.3784728,824.2626692062986
41411798.74957293,827.4684825177703
41417208.91786334,830.5915395296802
41422619.16624222,834.1292273603686
41428029.73520264,837.1712875445783
41433440.271339126,840.092567645228
41438850.46898465,843.8383124786119
41444260.27719946,847.9496519010584
41449669.9101031,851.6172125176472
41455079.33372476,855.470183994498
41460488.531233124,858.5656749996883
41465897.803889535,861.1505186004698
41471307.20653901,864.1559468762871
41476716.48502229,867.6911274668266
41482125.69030846,871.1336545408362
41487534.60483694,874.6428955655582
41492943.36004746,877.9857393631069
41498351.96406993,880.997054847976
41503760.377634175,883.7794816656437
41509168.87158871,887.1161232384588
41514577.64000043,889.7930489423898
41519986.37619221,892.6698260501787
41525394.780811064,896.1027524700439
41530802.8064245,899.7430396183871
41536210.65391654,903.1347810106854
41541618.30944364,906.5362844952156
41547025.73050812,909.4110556706842
41552432.296531916,909.4702344442663
41557846.177049816,902.5119053902813
41563257.19918594,903.3529674782159
41568675.33215636,897.1560345337966
41574090.306427665,897.7270224803791
41579512.43287213,891.7611882056485
41584932.53397978,894.4844739308571
41590352.51559385,897.163630284899
41595772.579913184,900.224601671354
41601192.965326555,902.7087280321298
41606613.25657889,905.3004991537041
41612033.278774224,908.5434444514152
41617452.980300955,912.0079883302832
41622872.49995314,915.1342425439643
41628291.903303124,918.3627225627431
41633711.05482023,920.9686516013744
41639130.34519909,923.2059514925284
41644549.75120937,925.6470074477979
41649969.1160334,928.918580691535
41655388.34813767,931.8315813346306
41660807.34823575,934.6603215932864
41666226.21620409,937.5850276126446
41671644.967283405,940.0620744264543
41677063.56918108,942.4838230016535
41682482.31139674,945.3037628002046
41687901.34123577,947.5504992840104
41693320.27091417,950.0216059401714
41698738.93120467,953.0560191008802
41704157.2683638,956.2131815137457
41709575.44009402,959.1847818693759
41714993.4749646,962.1297267182572
41720411.27904038,964.5389259871608
41725829.210011676,966.6079089911166
41731247.217404544,968.9830996643223
41736665.209628716,971.9764460534336
41742083.08010224,974.7955123724372
41747500.66890004,977.4362012310248
41752918.17534824,980.2074099301111
41758335.50590284,982.4904895443624
41763752.71674218,984.7924067847748
41769170.04261851,987.45257268305
41774587.67568163,989.5306952449996
41780005.14668315,991.8680006070754
41785422.34092641,994.6833467185124
41790839.22499929,997.5980951480692
41796255.94510345,1000.271505050413
41801672.52393295,1002.9915937439928
41807088.872401774,1005.1206857118672
41812505.37638706,1007.0477937245757
41817922.00145501,1009.2379164389943
41823338.5327239,1012.040904645417
41828754.93705055,1014.5117009705237
41834171.09475274,1017.0670891504126
41839587.11869338,1019.5296186276272
41845003.02277718,1021.7179546973825
41850418.77847514,1023.7744631550595
41855834.716702096,1026.3142801392892
41861250.88862337,1028.1138161139588
41866666.93364986,1030.3759566893398
41872082.69698252,1033.047293185061
41877498.13083911,1035.7182391044641
41882913.41427342,1038.3477659640837
41888328.534132935,1040.8639854593932
41893743.44868975,1042.8908212167519
41899158.51017626,1044.7100809205788
41904573.61602902,1046.8149592635068
41909988.69215181,1049.4084406800941
41915403.65094856,1051.8562846105108
41920818.31172494,1054.2495319621805
41926232.89442674,1056.58004162881
41931647.30059088,1058.6023502659364
41937061.5940701,1060.5928081430995
41942476.03410441,1062.995976920599
41947890.748425744,1064.6903770453064
41953305.25256074,1066.8269719728878
41958719.48140904,1069.3413682957948
41964133.40639274,1071.8338520699306
41969547.15615677,1074.221761540743
41974960.76436529,1076.5781666260948
41980374.14899574,1078.4207388644654
41985787.705193676,1080.138488604495
41991201.35109779,1082.043668348558
41996614.92234591,1084.5075286100987
42002028.334418915,1086.6923814906054
42007441.49232671,1088.9820700717987
42012854.51618068,1091.160893745727
42018267.416737355,1093.0950689304955
42023680.16612019,1094.919603737405
42029093.097507924,1097.1417476824686
42034506.24616446,1098.687751920038
42039919.23563038,1100.7659454355849
42045331.92972644,1103.1616082668404
42050744.29636637,1105.482487195619
42056156.524246305,1107.8327770382612
42061568.56682171,1110.023375851455
42066980.42572812,1111.770277427612
42072392.4379257,1113.3672679915285
42077804.46852973,1115.2015550537114
42083216.46748689,1117.4656896042247
42088628.34921556,1119.663428906411
42094039.93083925,1121.7999296165885
42099451.444247335,1123.8732796176992
42104862.76423453,1125.6687899694757
42110273.990197584,1127.4421653725096
42115685.38923436,1129.6062127631194
42121097.0262914,1131.0786469400455
42126508.423611306,1133.0249121240777
42131919.53962372,1135.2933851570317
42137330.35638916,1137.490392552323
42142740.9865083,1139.6557304998182
42148151.468720384,1141.7529868741476
42153561.73844847,1143.3740023326836
42158972.18779179,1144.9364039959628
42164382.681910045,1146.5824888258667
42169793.11065072,1148.8115520883598
42175203.34182576,1150.8185410418773
42180613.34394639,1152.8270421657871
42186023.20190685,1154.7927755713415
42191432.93345488,1156.4827714452542
42196842.52605443,1158.146890677359
42202252.304612644,1160.1223121934581
42207662.280698605,1161.577561354176
42213072.06526743,1163.3967655484437
42218481.5531632,1165.5396229195082
42223890.72892773,1167.6470465307166
42229299.75746487,1169.6646088901373
42234708.59483294,1171.6724900379577
42240117.242706835,1173.1690931005967
42245526.04831155,1174.6040135568435
42250934.94058245,1176.2435459199066
42256343.705417685,1178.3596232379266
42261752.31409103,1180.2254202229328
42267160.693806835,1182.2131659116076
42272568.913202144,1184.0885913368584
42277977.00013404,1185.7499472737609
42283384.939857446,1187.3387316678693
42288793.092531,1189.2503127870773
42294201.39272286,1190.636563473039
42299609.49957789,1192.4226234592568
42305017.28621282,1194.4655563647777
42310424.753060214,1196.4274623104916
42315832.08607307,1198.3495436197002
42321239.220963016,1200.2292961812248
42326646.18185964,1201.6450460678661
42332053.31271055,1203.0007414312622
42337460.50713542,1204.5492196799382
42342867.559447974,1206.5004944941024
42348274.463196516,1208.2895162140555
42353681.121505655,1210.1850986091276
42359087.64362259,1211.9716266601179
42364494.012878515,1213.552408051434
42369900.25514652,1215.0733011134728
42375306.714206874,1216.9251721478556
42380713.31203651,1218.2487627197415
42386119.697217256,1219.9764265217934
42391525.766731605,1221.9275338729935
42396931.52268321,1223.7720006341144
42402337.13400679,1225.6083612131074
42407742.55165005,1227.381634536442
42413147.7933254,1228.7268562659283
42418553.21460984,1230.045090474022
42423958.675037935,1231.5105835713107
42429363.99920769,1233.3573942979983
42434769.15109431,1235.0766466911512
42440174.04964144,1236.8504307846213
42445578.82801242,1238.5557519053361
42450983.44037757,1240.042620896997
42456386.78348186,1238.60555768912
42461797.391608074,1235.695882532374
42467206.65303678,1236.9447646892163
42472615.678335816,1238.5381534805892
42478028.72266065,1227.8324415166344
42483441.60999723,1229.6009536255774
42488854.35377828,1231.3594076641054
42494266.92895527,1233.055116106874
42499679.341767915,1234.3260083773685
42505091.94330085,1235.6157020083672
42510504.59463436,1237.025738352205
42515917.14195492,1238.8456958298873
42521329.497658834,1240.4944107928638
42526741.627225935,1242.1388288278365
42532153.642651625,1243.7611470220315
42537565.513672516,1245.1447770276989
42542977.289843,1246.5376498686599
42548389.270261854,1248.1619349326245
42553801.42590876,1249.3564061758486
42559213.36274975,1250.8930061515655
42564625.00897115,1252.6867074991035
42570036.37197614,1254.4112512715224
42575447.58514571,1256.1068573318207
42580858.615016654,1257.755463894764
42586269.48832861,1258.9516713352887
42591680.53363451,1260.1463732407096
42597091.65391774,1261.5100594681678
42602502.63010329,1263.2915815965036
42607913.42464083,1264.881203941304
42613324.01911134,1266.5434614279093
42618734.46205224,1268.045031212808
42624144.77380651,1269.4192533442642
42629554.96253788,1270.7344469318948
42634965.3982683,1272.305062288489
42640375.960793465,1273.4286343704553
42645786.315567225,1274.9547913846222
42651196.35970943,1276.697259809449
42656606.10508884,1278.2810943973623
42662015.718395755,1279.9183912774035
42667425.14143627,1281.4322056010776
42672834.44061823,1282.5762295473248
42678243.908583015,1283.7061576376864
42683653.41879935,1285.0528186752792
42689062.78929329,1286.6678416418213
42694472.002731025,1288.2007451898562
42699880.962267116,1289.7702434339649
42705289.82641834,1291.216452379115
42710698.515633196,1292.5061993153395
42716107.13316167,1293.7669786132665
42721515.97345221,1295.290204721247
42726924.94393511,1296.3533508758178
42732333.665413156,1297.8099895749413
42737742.097017445,1299.4765102232986
42743150.26626148,1300.987779611537
42748558.27313975,1302.5570806932378
42753966.115026616,1303.9939766068132
42759373.81088755,1305.0882961073262
42764781.68135021,1306.2297755917004
42770189.53819014,1307.494479203789
42775597.311158806,1309.0779763604746
42781004.87773029,1310.5666706808959
42786412.20637989,1311.9994641291864
42791819.43266555,1313.3769477084725
42797226.49520843,1314.5774047175141
42802633.48502319,1315.8154771002985
42808040.68180444,1317.2090979044788
42813448.04597264,1318.2335298195737
42818855.14609913,1319.5935076784663
42824261.95279101,1321.1872753974837
42829668.5021399,1322.6733707112885
42835074.867605835,1324.1885213927217
42840481.06880603,1325.5947197861933
42845887.10983445,1326.6349507731215
42851293.31183634,1327.727932891129
42856699.53807761,1328.9226390504825
42862105.652483836,1330.5009438505285
42867511.53731245,1331.9305201778204
42872917.22011951,1333.3102651772294
42878322.75893648,1334.6136412154042
42883728.15736024,1335.7777124512827
42889133.46006559,1336.966979897865
42894538.9858269,1338.2706823379442
42899944.646547325,1339.267082228543
42905350.06078915,1340.5659136273648
42910755.1670492,1342.1018005090955
42916160.000739455,1343.5423109019766
42921564.661373325,1344.997247666131
42926969.13953652,1346.3610695431432
42932373.46930451,1347.34682514599
42937777.945894934,1348.373423257138
42943182.46735276,1349.5394120470842
42948586.843352765,1351.0717033629808
42953991.00212491,1352.4397456843735
42959394.96769113,1353.7881939438817
42964798.7713434,1355.0288619852356
42970202.43742276,1356.1645840696706
42975606.00185006,1357.297270308343
42981009.800484024,1358.5510568288678
42986413.70117109,1359.5069234127602
42991817.3646596,1360.7612752600664
42997220.712217495,1362.2421913668004
43002623.774465844,1363.6256931814721
43008026.67533368,1365.0248758419757
43013429.37905693,1366.3377666311646
43018831.946297236,1367.2779900865792
43024234.65175786,1368.245335768771
43029637.39566065,1369.3846583218656
43035039.98151591,1370.8550191507707
43040442.36280114,1372.1703936098047
43045844.547442414,1373.4864779245888
43051246.564262964,1374.6725620963239
43056648.4395392,1375.7760312730288
43062050.21263822,1376.8577777084622
43067452.22370139,1378.0738892245026
43072854.32038736,1378.984282247363
43078256.18034156,1380.1980463580574
43083657.71924719,1381.626072034448
43089058.96440517,1382.9512566217845
43094460.05275144,1384.300923093176
43099860.93521293,1385.562223441782
43105261.68643641,1386.4642526438188
43110662.57110148,1387.382195653055
43116063.48499973,1388.4879597374759
43121464.23294596,1389.89763740585
43126864.78186214,1391.1663203721434
43132265.1282581,1392.4446088551908
43137665.30455655,1393.5832810678555
43143065.33376806,1394.6504748847724
43148465.25946608,1395.6874104742558
43153865.42079446,1396.863340578939
43159265.66181392,1397.7331965558553
43164665.66355993,1398.9040411969045
43170065.34100193,1400.2811012321547
43175464.72030536,1401.5555564774534
43180863.94028811,1402.858913512707
43186262.950982966,1404.0736665811314
43191661.82731511,1404.9418290614458
43197060.83230203,1405.8227384841023
43202459.86028916,1406.889224109499
43207858.72124764,1408.2515267857295
43213257.37894968,1409.4761531045488
43218655.83059798,1410.7055284860737
43224054.108363196,1411.8015885580887
43229452.23699179,1412.8281174246426
43234850.257761076,1413.8251229444309
43240248.50676313,1414.9517925407367
43245646.83740028,1415.7883860111385
43251044.92541284,1416.9112654266487
43256442.68779884,1418.2391058238875
43261840.15128699,1419.4729045648041
43267237.44615699,1420.7322749632315
43272634.533407144,1421.906049300777
43278031.47458131,1422.7441256590973
43283428.539536126,1423.599541182748
43288825.6252841,1424.6209626934517
43294222.547968276,1425.9462270332388
43299619.25424666,1427.1300023337515
43305015.75128898,1428.3028271735343
43310412.07068539,1429.361542572753
43315808.24006587,1430.3441717217288
43321204.29575656,1431.3070826395387
43326600.566542275,1432.3811393316023
43331996.93067322,1433.1895791057182
43337393.04560699,1434.2633741376117
43342788.83526139,1435.5439235632925
43348184.32992873,1436.738913313369
43353579.63900159,1437.958711140673
43358974.748680875,1439.0907094712968
43364369.692514315,1439.9048773798468
43369764.75909249,1440.7458480922132
43375159.84095704,1441.7117272487812
43380554.77086845,1442.996211519861
43385949.46362791,1444.146623336566
43391343.93674509,1445.2583826262955
43396738.23747671,1446.2871456643597
43402132.37987104,1447.2205865251167
43407526.40792298,1448.155965658116
43412920.63118297,1449.189628059449
43418314.97671532,1449.9634162881534
43423709.05385513,1450.9936552675167
43429102.81224616,1452.2287455371577
43434496.28682746,1453.3746805137703
43439889.55134274,1454.5614753526863
43445282.632944815,1455.6406161013474
43450675.52649868,1456.4405305156622
43456068.549835786,1457.2734448184763
43461461.54500241,1458.1915023616848
43466854.42167693,1459.404739684077
43472247.05345262,1460.5302784478104
43477639.43007511,1461.5886066455737
43483031.66985744,1462.5991830544745
43488423.71735465,1463.487724115412
43493815.67049382,1464.3889912925072
43499207.79732937,1465.4338106787106
43504600.06091694,1466.1563436081067
43509992.03456524,1467.1698846147517
43515383.69993085,1468.3634026293964
43520775.07950086,1469.4397768651065
43526166.25427545,1470.5882633738177
43531557.243423976,1471.6042729764404
43536946.711999014,1468.3091631798297
43542343.019902624,1466.9476481042748
43547738.30555023,1467.8395049745673
43553133.30989026,1468.6007043844822
43558533.326007664,1461.8347895846068
43563932.27503148,1462.5266969805448
43569336.31476483,1455.6784167040034
43574739.39607082,1456.1801388551364
43580147.608299695,1449.2420473365064
43585555.24841009,1449.895580872396
43590968.24102278,1442.8783488774457
43596380.38495809,1443.8403971338917
43601792.26766057,1444.969071891644
43607203.912765875,1445.9844143324765
43612615.394141495,1447.0615397442689
43618026.7396607,1448.0182880949105
43623437.942986384,1448.7253940108296
43628849.31159024,1449.4607011383084
43634260.68297683,1450.284725799563
43639671.97802633,1451.3937861735894
43645083.06660084,1452.4168555482433
43650493.9578027,1453.3801711985257
43655904.73179963,1454.2790010044553
43661315.378612645,1455.0782254795986
43666725.95369753,1455.8766352449102
43672136.75127388,1456.772683384011
43677547.69280053,1457.433774784297
43682958.41880763,1458.335092052445
43688368.866309635,1459.426433609622
43693779.05984551,1460.4368024551804
43699189.101664744,1461.471409634637
43704598.97867322,1462.4207738672028
43710008.73221914,1463.0771987664082
43715418.63074241,1463.744455479241
43720828.57423869,1464.5698673141353
43726238.38546047,1465.6605451883838
43731648.0183051,1466.6310033817203
43737057.469230756,1467.600861741468
43742466.776592046,1468.4488032604313
43747875.959922895,1469.2452896353927
43753285.06932698,1469.9936888206516
43758694.42441864,1470.8884763431852
43764103.873736374,1471.5052532800144
43769513.11727883,1472.3988909956483
43774922.07234028,1473.4559898362013
43780330.755012125,1474.3983732090871
43785739.311893426,1475.3983498313119
43791147.67868516,1476.2877555940386
43796555.95456176,1476.9154314881346
43801964.38879983,1477.5374909976756
43807372.82435852,1478.3599858267805
43812781.12264712,1479.33110404268
43818189.268181056,1480.2728304378213
43823597.18745348,1481.2309493260213
43829005.00407892,1482.045923976921
43834412.65881296,1482.7988157222192
43839820.27349092,1483.5179488561525
43845228.11167018,1484.4134305738246
43850636.06386782,1484.9867552697126
43856043.774857454,1485.8679780048014
43861451.211669005,1486.8881117734738
43866858.40787666,1487.7580395681468
43872265.45791256,1488.7197941930967
43877672.34023053,1489.5399690135914
43883079.12570553,1490.135310284478
43888486.067867376,1490.7799972771008
43893892.969692566,1491.5669578842408
43899299.79096837,1492.5130366321964
43904706.41085221,1493.4189354068492
43910112.807462096,1494.2817045400363
43915519.10993048,1495.0789362507805
43920925.252739295,1495.7703606607179
43926331.36211871,1496.466971936856
43931737.6811018,1497.2746420838005
43937144.12228009,1497.840128142823
43942550.315038875,1498.6600778915843
43947956.235012315,1499.6282297618304
43953361.92562104,1500.5013462816528
43958767.463021345,1501.4120479454925
43964172.83529107,1502.224473651021
43969578.10105789,1502.7865249600127
43974983.50518578,1503.3926352554752
43980388.886348635,1504.138428795001
43985794.17468926,1505.1066260268567
43991199.25729351,1505.9660323256278
43996604.15519934,1506.7985093742107
44002008.91291508,1507.5579219561305
44007413.53794025,1508.2299816975533
44012818.11777003,1508.9087500171458
44018222.917457186,1509.6660227552604
44023627.81171114,1510.2139154218999
44029032.473092884,1510.999083161194
44034436.84657876,1511.9212148256292
44039840.96480559,1512.761554116118
44045244.95922589,1513.6358603250756
44050648.756718695,1514.4260548044383
44056052.46610464,1514.9552942310052
44061456.32744936,1515.4939927338175
44066860.16443556,1516.2159847615144
44072263.85860731,1517.1272513385127
44077667.3802131,1517.9382987465024
44083070.72972231,1518.782442447719
44088473.91871907,1519.4912174405356
44093876.98362124,1520.1542482710029
44099280.00067328,1520.8040076691518
44104683.25267381,1521.5582006341929
44110086.5710417,1522.074617980222
44115489.66929813,1522.8376364653618
44120892.4765878,1523.7270338991038
44126295.0148319,1524.5268706994214
44131697.43662815,1525.3731997971797
44137099.648375556,1526.1301452267012
44142501.77640745,1526.6319022464522
44147904.051130004,1527.1456987994118
44153306.30554957,1527.8573359633388
44158708.39651309,1528.7383360421409
44164110.31133796,1529.5137712309436
44169512.05377187,1530.3242596511882
44174913.6337948,1530.991606091081
44180315.08831217,1531.6257621205548
44185716.48995107,1532.2420852784248
44191118.134341724,1532.9628909019407
44196519.83824453,1533.446707606845
44201921.32653925,1534.1787460284415
44207322.525844,1535.0398111325867
44212723.44894615,1535.8092850598657
44218124.254109226,1536.6283012755723
44223524.84468702,1537.3550951037876
44228925.350233234,1537.8331980117393
44234325.9972139,1538.3232466412187
44239726.6242219,1539.0181799546613
44245127.07714155,1539.8700512352934
44250527.35032953,1540.614914302119
44255927.44958476,1541.393542674245
44261327.38556308,1542.0318924456687
44266727.19091145,1542.6387344099874
44272126.939695776,1543.2261191716718
44277526.93153303,1543.9165441830023
44282926.97996068,1544.3737580898114
44288326.81270804,1545.07580029222
44293726.355754174,1545.9062863073991
44299125.61975438,1546.647050260565
44304524.762589365,1547.4368841238456
44309923.689206235,1548.1358956564363
44315322.52637064,1548.5917838405744
44320721.50205869,1549.0590556215707
44326120.4548404,1549.7251183337823
44331519.233616084,1550.5493202954992
44336917.82808275,1551.2673728529874
44342316.24687655,1552.0157613879414
44347714.49781108,1552.6293194199584
44353112.61868553,1553.2103086134748
44358510.68066711,1553.7748444396702
44363908.97852917,1554.4376473060372
44369307.333424225,1554.875066423184
44374705.46835284,1555.5478705657206
44380103.31029244,1556.344790720634
44385500.874587946,1557.058450392959
44390898.31290188,1557.817176358098
44396295.536222644,1558.4906646593593
44401692.662760645,1558.9259606939393
44407089.9269434,1559.3713359822445
44412487.16191363,1559.9980181304786
44417884.23372852,1560.7959080743733
44423281.116239786,1561.4908510859175
44428677.820911445,1562.2104812086445
44434074.35348611,1562.8102515025057
44439470.75371793,1563.3668199476442
44444867.093595065,1563.91142431036
44450263.65542086,1564.5493267473812
44455660.27904671,1564.9707051977034
44461056.67418866,1565.6150541060977
44466452.77094596,1566.3798904399864
44471848.59422595,1567.0679481957877
44477244.283902936,1567.7958770229632
44482639.76351388,1568.4460064366233
44488035.13831058,1568.8648615530424
44493430.6482398,1569.2891704576318
44498826.12114044,1569.878209156169
44504221.44504871,1570.6508215174194
44509616.578452095,1571.3318542546622
44515011.52230526,1572.014802631129
44520406.3000796,1572.6096529220554
44525800.93123029,1573.1378358902673
44531195.493825145,1573.6554792956908
44536590.25466733,1574.2486266356234
44541985.107861236,1574.647089475908
44547379.71124017,1575.2601094042752
44552774.02634261,1576.0037837260668
44558168.09201828,1576.6693897312687
44563561.98926988,1577.374598261566
44568955.70440007,1577.9870182966206
44574349.2900623,1578.3933585202226
44579743.00123197,1578.8376490172382
44585136.66289858,1579.408963668404
44590530.22380677,1580.1396407201012
44595923.55088767,1580.8098390930945
44601316.64275419,1581.4424938358281
44606709.61526917,1582.0208967015403
44612102.406671144,1582.510749626147
44617495.140249655,1582.9938007884302
44622888.05671481,1583.5994935837325
44628281.07930289,1583.9601568429473
44633673.843100406,1584.5698441097709
44639066.32654501,1585.2998338583495
44644458.550875604,1585.9052890780433
44649850.605149865,1586.599667016881
44655242.46286255,1587.1691192630965
44660634.19767841,1587.5625409376603
44666026.0742472,1587.970783643351
44671417.88694593,1588.5380861356653
44676809.56386034,1589.195643239813
44682201.04711653,1589.8455928290289
44687592.27531068,1590.5102964592631
44692983.375679515,1591.0550694584742
44698374.29509191,1591.5600615367014
44703765.139309004,1592.0081576786802
44709156.18802209,1592.6241318394982
44714547.29778731,1592.9537436705118
44719938.181898355,1593.5438681161472
44725328.763924755,1594.2527250790574
44730719.04331125,1594.8605459109413
44736109.178119935,1595.5332466833288
44741499.090534456,1596.1206183903862
44746888.880426295,1596.4931213779776
44752278.78296486,1596.8404787085765
44757668.67383983,1597.3855918578222
44763058.39753112,1598.0832841792835
44768447.936923556,1598.699517054576
44773837.2532022,1599.33047970786
44779226.39487841,1599.8498999101032
44784615.3852912,1600.3397247544988
44790004.26748367,1600.7670299963654
44795393.34826129,1601.3092095722784
44800782.4954838,1601.6453810137218
44806172.74655196,1594.2780527435632
44811565.79727974,1594.938950725524
44816958.27410227,1594.9789019517991
44822356.02991134,1589.7478841299073
44827752.571718186,1589.748689061983
44833154.39510895,1584.2310716785214
44838555.341215946,1584.0027427896314
44843961.7364262,1578.6403194176175
44849367.0038302,1578.7457267393324
44854777.516133696,1573.551156482212
44860186.84039287,1573.528327584868
44865601.47777021,1568.3067820942758
44871014.9764137,1568.1271476209124
44876433.89995711,1562.9033965400645
44881851.99730698,1562.7552913097832
44887275.72835463,1557.5624889396815
44892698.528902575,1558.066876432592
44898121.08453561,1558.6990762318205
44903543.39891178,1559.2315540489976
44908965.61725566,1559.8225415688264
44914387.675939396,1560.3065874303359
44919809.67255612,1560.5992197140315
44925231.84914598,1560.898970003293
44930654.01685671,1561.356208089826
44936076.11693448,1561.9210231777167
44941498.05513215,1562.4722601999574
44946919.80147406,1562.9910725077887
44952341.476723626,1563.4458016109404
44957763.02945448,1563.814590747039
44963184.574042745,1564.181113180082
44968606.348473355,1564.6296616134505
44974028.24804672,1564.9005120703803
44979449.96681773,1565.3783353649599
44984871.440040365,1565.9653535243592
44990292.688527696,1566.4757707262665
44995713.849969484,1567.0282798462342
45001134.84284362,1567.4960662524786
45006555.78484342,1567.7495313596378
45011976.892440684,1568.011267343334
45017398.01953402,1568.480848854568
45022818.99911344,1569.067639737054
45028239.8358317,1569.573916464047
45033660.52256524,1570.0939429358045
45039081.10135315,1570.5042373181827
45044501.55540788,1570.868208899488
45049922.00708983,1571.2100396533046
45055342.7097114,1571.6388166950853
45060763.501906805,1571.8845512829366
45066184.10153664,1572.3435402850362
45071604.44664261,1572.910621312069
45077024.58344939,1573.3920921345687
45082444.628633894,1573.9128194894047
45087864.508466974,1574.3441958900253
45093284.358347975,1574.5732009799203
45098704.36806802,1574.815926398273
45104124.37998593,1575.2307585550218
45109544.27325744,1575.7891476578134
45114964.00185817,1576.2576045843607
45120383.608675495,1576.7508778456083
45125803.084681295,1577.1217401864542
45131222.464837246,1577.4578178894335
45136641.8528689,1577.7884538766225
45142061.50594923,1578.1755665715839
45147481.21337772,1578.396978083204
45152900.745039605,1578.8403063187056
45158320.032297716,1579.3965793303414
45163739.09909897,1579.8517131291665
45169158.07529454,1580.3685028602308
45174576.86814888,1580.7610985204406
45179995.65009605,1580.9655310786209
45185414.586707845,1581.1946441630482
45190833.508404955,1581.6482846084118
45196252.31241411,1582.1747524352643
45201670.95859192,1582.6441469708657
45207089.45192026,1583.0919809050788
45212507.84712038,1583.4460993801458
45217926.11335785,1583.744219849868
45223344.427329324,1584.0749590118774
45228762.97965439,1584.4243054565497
45234181.57764577,1584.6646191515206
45239599.96633547,1585.0884335269461
45245018.093297675,1585.6016607521447
45250436.045519,1586.0290089542696
45255853.89380702,1586.4859996660814
45261271.57996129,1586.8420708786082
45266689.26548566,1587.0154233679093
45272107.09114024,1587.2333379685685
45277524.93132843,1587.6284531754397
45282942.65115772,1588.1346755159204
45288360.169533014,1588.5506585693538
45293777.58900765,1588.9784186744084
45299194.87484267,1589.2881134829204
45304612.06767026,1589.5720810604475
45310029.29627568,1589.8743895507087
45315446.79596332,1590.181959748958
45320864.2879363,1590.3804456304165
45326281.60508458,1590.7910637201062
45331698.67088723,1591.3024630780205
45337115.531383574,1591.7085784846108
45342532.29571682,1592.175528951193
45347948.86725991,1592.4964898347848
45353365.46646633,1592.6535290092668
45358782.21927459,1592.8617619688682
45364198.917729564,1593.2782264185544
45369615.52322881,1593.7404459153458
45375031.9480198,1594.174276229146
45380448.2289202,1594.5666082485654
45385864.40406957,1594.879578612972
45391280.45339795,1595.121246491643
45396696.582145125,1595.446393455275
45402112.929073185,1595.6966695365668
45407529.28958997,1595.9342783268278
45412945.43797068,1596.3168570904422
45418361.31410504,1596.7720653731287
45423777.02485737,1597.1635092403787
45429192.63038824,1597.567755921908
45434608.06391766,1597.8643818599107
45440023.54002603,1597.9980886860897
45445439.14112072,1598.1822198495618
45450854.76040463,1598.551558316698
45456270.22565741,1598.9952799679775
45461685.48004773,1599.361489914674
45467100.640204296,1599.7492275179122
45472515.66785099,1600.009035740781
45477930.59168011,1600.240190660991
45483345.58950455,1600.5168377411314
45488760.839458965,1600.7376866867116
45494176.05969201,1600.9290099878394
45499591.10257568,1601.2943481098284
45505005.87313296,1601.7462786751432
45510420.47123251,1602.1053639154857
45515834.95509881,1602.515383363442
45521249.25801877,1602.7648144100442
45526663.62778151,1602.8799959361631
45532078.12605549,1603.0460136473962
45537492.55610694,1603.4234893344155
45542906.87866843,1603.8195400451002
45548321.02115489,1604.20293131741
45553735.02679862,1604.5433584865677
45559148.9322904,1604.79575631439
45564562.704522766,1604.9837457633396
45569976.59452316,1605.2663988354955
45575390.70526982,1605.4469487866918
45580804.818960376,1605.6326227729007
45586218.72346904,1605.9767472229757
45591632.34996769,1606.3959571356904
45597045.81740536,1606.7467455741412
45602459.16386327,1607.1316564650738
45607872.335035615,1607.3664776907583
45613285.570131466,1607.4619534974147
45618698.907657936,1607.6115702502764
45624112.20252895,1607.9768446137841
45629525.38997565,1608.3746845073304
45634938.37624073,1608.7351466526025
45640351.24019058,1609.0867793823709
45645763.975644,1609.3166062080418
45651176.59106722,1609.507736501733
45656589.30630502,1609.7768735449504
45662002.2487199,1609.9331148243261
45667415.15480601,1610.1077417370466
45672827.85061888,1610.4339271045787
45678240.265592836,1610.827002247885
45683652.52669674,1611.1443491166506
45689064.67034937,1611.5051528575218
45694476.630033724,1611.6971164984043
45699888.681982145,1611.7737996222488
45705300.85154862,1611.895121993055
45710712.94268941,1612.2472749888066
45716124.91930078,1612.586550664332
45721536.71373549,1612.9253378553153
45726948.36471926,1613.2278145720159
45732359.92374529,1613.4361499826862
45737771.3504179,1613.5859951654656
45743182.91357895,1613.8411272637254
45748594.68604049,1613.9647941230633
45754006.429698706,1614.1289835606137
45759417.963308245,1614.4414734524062
45764829.212835595,1614.8078262833806
45770240.31863709,1615.1224144727157
45775651.292715386,1615.4578454748707
45781062.08957842,1615.6293518847283
45786472.97645918,1615.6902408043172
45791883.96916227,1615.8354134361848
45797294.87528426,1616.17663830099
45802705.67458427,1616.5111593397573
45808116.263623506,1616.8158390624549
45813526.73505563,1617.0843826154482
45818937.093286455,1617.2657724812693
45824347.33495654,1617.3935215002248
45829757.710608795,1617.6333578769372
45835168.2904499,1617.7081072586006
45840578.82870813,1617.8616192703978
45845989.15696424,1618.1600032053339
45851399.20305239,1618.5013307162176
45856809.097924374,1618.80612834462
45862218.867346786,1619.1185917583384
45867628.45404422,1619.2754497438552
45873038.138176754,1619.3190310246393
45878447.90651658,1619.41929280743
45883857.61905687,1619.7452633558441
45889267.22103704,1620.0768385183628
45894676.61225,1620.3576300120556
45900085.895598754,1620.628701801408
45905495.04474671,1620.7842224558417
45910904.089966506,1620.9075868389914
45916313.26870038,1621.1377897480013
45921722.64568694,1621.2078983167987
45927131.94996479,1621.3446678005123
45932541.045407176,1621.6255103729377
45937949.866641864,1621.9418200627374
45943358.53079736,1622.2084526817894
45948767.07947541,1622.4985804258163
45954175.43558582,1622.625089728143
45959583.91256806,1622.6522133606998
45964992.47134747,1622.7080374373022
45970400.98759431,1623.0222556775366
45975809.35605004,1623.3140734144006
45981217.53180444,1623.5719918960522
45986625.58217058,1623.8368193413125
45992033.51730172,1623.976594821455
45997441.331286944,1624.087237581052
46002849.28966566,1624.274999619053
46008257.445256636,1624.346000823651
46013665.51858673,1624.4727183089285
46019073.372472614,1624.732051749951
46024480.953200184,1625.0324079858115
46029888.39453827,1625.2716253314156
46035295.71214248,1625.5366311472949
46040702.839818925,1625.6239291497652
46046110.09149568,1625.6319787341606
46051517.44987965,1625.6990442076678
46056924.69908105,1626.0130445140494
46062331.82566943,1626.2542446935945
46067738.772412196,1626.4972766005935
46073145.569434695,1626.7129465456403
46078552.27853076,1626.8427997242447
46083958.85501705,1626.9120972261342
46089365.60955691,1627.1046887774548
46094772.5195408,1627.1343961933942
46100179.378798924,1627.2460874251412
46105586.01300082,1627.4911735459546
46110992.35337748,1627.766743807277
46116398.57380588,1628.008550210864
46121804.641894154,1628.2596060701321
46127210.53932623,1628.3328992151532
46132616.548170835,1628.328984954057
46138022.64814084,1628.4212946469645
46143428.63671705,1628.6940770709853
46148834.519690454,1628.9295166413933
46154240.18648732,1629.156552608979
46159645.735068955,1629.3451779308925
46165051.1674081,1629.4499632809127
46170456.48704591,1629.4944180574234
46175861.9683188,1629.6915242019634
46181267.60486239,1629.6669272431536
46186673.17709329,1629.773348315384
46192078.536229745,1630.009556951242
46197483.60559267,1630.2567957121662
46202888.53929794,1630.496764140033
46208293.3257486,1630.726634191371
46213697.93728716,1630.7955632331696
46219102.66343558,1630.778609473764
46224507.45059159,1630.836211870515
46229912.176033765,1631.0892353662518
46235316.780673936,1631.3331262999461
46240721.15385447,1631.5366297981896
46246125.42591009,1631.7229838743135
46251529.558100514,1631.803906096466
46256933.59145802,1631.849046789127
46262337.7664252,1632.0208831184552
46267742.114485145,1631.977402186011
46273146.36193167,1632.0669481218629
46278550.402051285,1632.2884535935477
46283954.16417605,1632.5164002055953
46289357.77350368,1632.7391449190372
46294761.25130348,1632.9478072949069
46300164.54092772,1633.0023306515982
46305567.95434248,1632.9690484959876
46310971.41977775,1632.9756390762977
46316374.84428616,1633.2273933079243
46321778.12987007,1633.4629625323578
46327181.19522428,1633.646657560527
46332584.15361333,1633.8275970339614
46337986.96979723,1633.8914682237046
46343389.6860299,1633.9345957279247
46348792.53976642,1634.0767719985456
46354195.57766855,1634.031642168154
46359598.49500816,1634.0980202455157
46365001.200353295,1634.300819316365
46370403.632889405,1634.5139271842609
46375805.905555665,1634.7129230981272
46381208.0540462,1634.9040579347225
46386610.00640552,1634.9386758577161
46392012.08815666,1634.8878819472773
46397414.2261172,1634.8588938280222
46402816.31634015,1635.1033708629125
46408218.259364694,1635.3189216081287
46413619.994262904,1635.4869932455922
46419021.612192824,1635.6556228537872
46424423.091936335,1635.705156904347
46429824.46595824,1635.7373854927803
46435225.98022165,1635.8565665070641
46440627.67850617,1635.8085091789055
46446029.25034091,1635.8538004488828
46451430.603454046,1636.0381743941523
46456831.68400875,1636.2364104242095
46462232.6035765,1636.4125089771694
46467633.39926805,1636.5878261342125
46473033.99537116,1636.602852065742
46478434.72271564,1636.5354409888812
46483835.511710115,1636.482783485646
46489236.243501365,1636.7145153679908
46494636.82402617,1636.908894568548
46500037.2011591,1637.0615137744421
46505437.45440835,1637.2154882432267
46510837.57154282,1637.250309571823
46516237.57886943,1637.2675547164313
46521637.727467164,1637.3682640983386
46527038.05661119,1637.3091789466619
46532438.25790116,1637.3359560219405
46537838.236393854,1637.503027682511
46543237.940747015,1637.6854777003782
46548637.48290717,1637.8432922841744
46554036.89924864,1638.0029758047224
46559436.11345879,1638.0016417207614
46564835.45815809,1637.918033362825
46570234.86422428,1637.8475631263038
46575634.2107292,1638.063127440839
46581033.40379987,1638.2407155514436
46586432.391470574,1638.3777304600815
46591831.25371613,1638.5159556774433
46597229.97716163,1638.5348048000435
46602628.58919637,1638.5365130573207
46608027.33958062,1638.6220078517513
46613426.26943912,1638.5425512556078
46618825.06904471,1638.5532968368443
46624223.64554589,1638.7039762056331
46629621.94524985,1638.86938620805
46635020.07918727,1639.014880112506
46640418.08484395,1639.158680801209
46645815.88574704,1639.1450122592942
46651213.81416615,1639.0458201262857
46656611.79730986,1638.9626104921838
46662009.726771034,1639.1586406716106
46667407.5027232,1639.3240407396158
46672805.06378559,1639.445009504931
46678202.50343069,1639.5664813442936
46683599.79659216,1639.5681885593901
46688996.97947838,1639.552101133901
46694394.29434108,1639.626601641322
46699791.78545301,1639.5173612330457
46705189.14715682,1639.5148344950585
46710586.288312,1639.650885489445
46715983.14792093,1639.798273917544
46721379.83958127,1639.9352725441447
46726776.396536,1640.063891183443
46732172.74897858,1640.0401043442575
46737569.222279385,1639.9268361711224
46742965.74233858,1639.8428578204996
46748362.2149184,1640.0134403934594
46753758.538160205,1640.1658918074004
46759154.628235586,1640.271079951508
46764550.60414321,1640.3713653027303
46769946.424492866,1640.3564371479551
46775342.13526749,1640.3141559151595
46780737.97493833,1640.385890359939
46786133.97641475,1640.2427644267652
46791529.86387593,1640.2303038931873
46796925.53187005,1640.3519162719435
46802320.90670309,1640.4814489203895
46807716.11931905,1640.610467178459
46813111.18088003,1640.7268171869991
46818506.04476105,1640.690540941942
46823901.01697971,1640.5626815370981
46829296.0387562,1640.4980245570432
46834690.99007151,1640.6358308808447
46840085.80745705,1640.7609003128862
46845480.37652876,1640.8567327822554
46850874.82825018,1640.9253456246736
46856269.12997194,1640.8999194015066
46861663.31047863,1640.8223874833532
46867057.63289558,1640.8922311717238
46872452.09305882,1640.7305351129658
46877846.4757179,1640.700350220858
46883240.62800292,1640.8022726711051
46888634.46856052,1640.9216537332718
46894028.16356791,1641.0313760602453
46899421.686927624,1641.1397309085119
46904815.01906646,1641.079203924892
46910208.44799183,1640.9328657464994
46915601.95441616,1640.8751990691073
46920995.331922874,1641.001485315658
46926388.58522899,1641.081083712617
46931781.61039668,1641.1694099525141
46937174.48147999,1641.2132857520105
46942567.236756034,1641.1843857358904
46947959.84380223,1641.09150374701
46953352.61193458,1641.1273649334012
46958745.509823926,1640.9881917675405
46964138.34272992,1640.9291282919307
46969530.92466743,1641.005923286942
46974923.19540257,1641.1247259978616
46980315.32216745,1641.1967788110037
46985707.28574527,1641.2902209223237
46991099.03837684,1641.2071621855266
46996490.895951785,1641.0409343059018
47001882.84731662,1640.9195204993039
47007274.67854356,1641.0555244856048
47012666.35086852,1641.1188797681352
47018057.81810606,1641.1874902354066
47023449.116064556,1641.2524448757868
47028840.29142525,1641.206333982453
47034231.31435865,1641.1262623503812
47039622.46224626,1641.1207701363626
47045013.783328794,1640.9884069388577
47050404.99929843,1640.9081714431106
47055795.97475532,1640.9692430482576
47061186.65438415,1641.0734535486952
47066577.149102315,1641.1236401804367
47071967.50027294,1641.2068986336253
47077357.62362705,1641.1314858239623
47082747.848539375,1640.9530736251575
47088138.13734434,1640.789524969533
47093528.35623077,1640.885138139148
47098918.413555935,1640.9738928212823
47104308.23806427,1641.031568703324
47109697.92735851,1641.0912316397637
47115087.452540986,1641.0261493985745
47120476.843873,1640.9331437279145
47125866.34290165,1640.9384460652307
47131256.00593471,1640.772695684799
47136645.577435896,1640.6720038074404
47142034.905274056,1640.7201827064875
47147423.921816505,1640.8133209596756
47152812.75173597,1640.8727189872893
47158201.428853676,1640.9488421790677
47163589.881998084,1640.877839161608
47168978.41006742,1640.685706391156
47174367.00202484,1640.5344224880614
47179755.51876852,1640.6174358070418
47185143.8875118,1640.7046352420446
47190532.000956066,1640.754139543372
47195919.97310003,1640.7749150732939
47201307.785271086,1640.7051399134511
47206695.4468234,1640.5829469607652
47212083.206879616,1640.5670594447456
47217471.13351573,1640.374348858341
47222858.9998451,1640.255218308699
47228246.61918094,1640.2862679882264
47233633.91731998,1640.3718029554866
47239021.032007895,1640.4223479106581
47244407.97364353,1640.4897593946907
47249794.69424244,1640.403835991263
47255180.51128577,1638.0968700288527
47260572.98153341,1634.8474070927127
47265964.13761552,1634.8830907287017
47271355.13023008,1634.8516912546506
47276749.758814074,1627.719138948722
47282144.76919993,1627.6452333854377
47287543.50971235,1620.3631414844945
47292942.67738619,1620.1393659617725
47298345.80551399,1612.8900503522382
47303749.7141673,1612.6095706110134
47309157.44339042,1605.2581994462348
47314565.53526928,1605.1668842124818
47319977.22500084,1598.0351058553094
47325389.32399461,1597.9466706274898
47330805.22606745,1590.8143481613072
47336221.463221565,1590.5702766240474
47341641.8096254,1583.1875489072304
47347062.71567559,1582.8760043748555
47352487.66698462,1575.8121096700352
47357912.867244564,1575.6940764217093
47363342.064725585,1568.7072307835635
47368771.483085856,1568.62055129855
47374200.794331275,1568.429612838787
47379630.02458564,1568.1963269066227
47385059.41322146,1568.0810410048673
47390489.0187119,1567.7735305086183
47395918.578407295,1567.557001320628
47401347.958141424,1567.4866656463346
47406777.09513959,1567.4580352777834
47412206.10905171,1567.3743705019765
47417635.02932658,1567.313769298589
47423063.790892534,1567.0695553809737
47428492.70618471,1566.7253565579495
47433921.754320845,1566.4533866657114
47439350.73271114,1566.41086077877
47444779.629059575,1566.3195697798826
47450208.344985,1566.2500187158284
47455636.976882376,1566.1243924502105
47461065.51446398,1565.9070370721145
47466493.98360533,1565.6400333416784
47471922.62670631,1565.522686486323
47477351.47837795,1565.1533404938305
47482780.25026108,1564.9420927337906
47488208.84588089,1564.868203753409
47493637.204936385,1564.80787349348
47499065.44783528,1564.7177498038077
47504493.59334909,1564.6315241457462
47509921.58796583,1564.353093827961
47515349.75268199,1563.9935243971015
47520778.050739594,1563.721108234053
47526206.263332866,1563.6705200341378
47531634.3747,1563.5461728971425
47537062.31353782,1563.4593360271342
47542490.15424366,1563.3140486753455
47547917.91447901,1563.0849015835404
47553345.60478407,1562.7838861676219
47558773.50821,1562.6414485688315
47564201.5895731,1562.2351613854016
47569629.60274948,1562.021727045739
47575057.41558078,1561.9399722628823
47580484.99107329,1561.8467061549243
47585912.4570343,1561.7454581792201
47591339.82579913,1561.6299766868453
47596767.052754276,1561.3214616700297
47602194.459287874,1560.957060965061
47607621.96657317,1560.639698301459
47613049.4141657,1560.595271050234
47618476.71143901,1560.4946113522815
47623903.85567299,1560.3936656899593
47629330.90233461,1560.246397411096
47634757.849323496,1560.0039124126622
47640184.72480961,1559.7079965424145
47645611.833523184,1559.5530970818363
47651039.098180406,1559.1572357440944
47656466.25813506,1558.9415767042756
47661893.20921225,1558.8519817775255
47667319.93318214,1558.727119005784
47672746.54950589,1558.614204302634
47678173.0632961,1558.4670484070368
47683599.45226467,1558.1213571919113
47689026.03156339,1557.7432194634666
47694452.69681201,1557.4265092198439
47699879.29859858,1557.369925431004
47705305.73991005,1557.2449224886502
47710732.03632557,1557.098577069842
47716158.23919452,1556.9064951771345
47721584.35050555,1556.6278863882292
47727010.411136836,1556.312780936397
47732436.711994804,1556.116258762629
47737863.15884384,1555.6878051445576
47743289.49144561,1555.4572730945713
47748715.60419112,1555.3621757031328
47754141.48253945,1555.210262747269
47759567.27267113,1555.0921234944626
47764992.93325485,1554.905061164841
47770418.5133224,1554.5225076690847
47775844.2803599,1554.1031422280596
47781270.11472091,1553.8117515562444
47786695.88612139,1553.6820135307075
47792121.52691868,1553.5402964895547
47797546.98667092,1553.3650028206794
47802972.39088044,1553.1407298360273
47808397.6874328,1552.8220656815934
47813822.969956666,1552.5033818552556
47819248.487199925,1552.251444499367
47824674.15136707,1551.8077557663057
47830099.686711356,1551.5498906354194
47835525.00243663,1551.4447367736204
47840950.09454697,1551.28848251036
47846375.100211896,1551.1500051375733
47851799.960226715,1550.9483791438615
47857224.760326676,1550.527106228295
47862649.74683778,1550.0725870197896
47868074.801730156,1549.792741604509
47873499.76896728,1549.6333454215433
47878924.599538855,1549.472989141254
47884349.25739916,1549.3124055705327
47889773.85310125,1549.0598459782407
47895198.32578011,1548.7291077058883
47900622.80553439,1548.3871982067983
47906047.5180197,1548.1292810005334
47911472.37336211,1547.6559189376987
47916897.057101205,1547.4031260650906
47922321.52986847,1547.2793131294247
47927745.81854321,1547.085066251608
47933169.99657077,1546.9313105045453
47938594.0427211,1546.6970974003864
47944018.02880664,1546.2458991670583
47949442.21003258,1545.7752021146507
47954866.4475875,1545.4757530007366
47960290.57987588,1545.3090125265703
47965714.56631908,1545.0940024602864
47971138.41848971,1544.9274247924714
47976562.17566681,1544.610066493598
47981985.833560705,1544.2688135838239
47987409.50087091,1543.8979933409291
47992833.436870016,1543.6112189195164
47998257.47201059,1543.0988921322707
48003681.35025527,1542.8430692586783
48009104.99263364,1542.7099544898301
48014528.44025983,1542.4666747805222
48019951.80085089,1542.2939101357856
48025375.00639442,1542.014509023476
48030798.19946067,1541.5321830543137
48036221.59255609,1541.0436015501998
48041645.01361427,1540.7219468036456
48047068.33482549,1540.5298662314558
48052491.49467802,1540.2884014573226
48057914.53836401,1540.1000372168585
48063337.47407426,1539.7562868439632
48068760.32007445,1539.3880307162235
48074183.19778814,1539.0138505825576
48079606.343013376,1538.6820962366974
48085029.55987068,1538.1550132131965
48090452.61929933,1537.8845869965187
48095875.44728714,1537.7467617004554
48101298.073551856,1537.4832819387887
48106720.61303827,1537.31415697176
48112142.97815438,1537.000562882103
48117565.35261604,1536.4877315916335
48122987.91981038,1535.9862137731723
48128410.48521416,1535.6951959235605
48133832.96579359,1535.4895992070171
48139255.28683377,1535.2709516625791
48144677.46923316,1535.0372475065856
48150099.563017026,1534.6892049651774
48155521.536798276,1534.279267283437
48160943.58800483,1533.922593908084
48166365.87106681,1533.5345579320156
48171788.21602062,1533.0415426787074
48177210.37402474,1532.752273828253
48182632.28830829,1532.5605620630777
48188054.04011132,1532.2794658610019
48193475.713630304,1532.0449522095762
48198897.213741586,1531.6965494145081
48204318.74554925,1531.1478682528823
48209740.446417466,1530.6158183233536
48215162.18155388,1530.344196604872
48220583.777773775,1530.1196439041096
48226005.216478236,1529.8191401833133
48231426.53732935,1529.5617554807006
48236847.76894027,1529.157541255269
48242268.88664137,1528.723663101427
48247690.09771842,1528.328306629042
48253111.54163149,1527.9085948510988
48258533.02927909,1527.370415621151
48263954.313749574,1527.0710013906069
48269375.34757075,1526.883364972483
48274796.23438313,1526.5771344035627
48280217.020702615,1526.3376487435116
48285637.64393979,1525.9492828782636
48291058.318416454,1525.3744163958288
48296479.1621636,1524.8487859338316
48301900.01497502,1524.4975514393036
48307320.760202274,1524.24987527986
48312741.30640278,1523.9565902733468
48318161.77310348,1523.6866964645005
48323582.10869499,1523.260937876689
48329002.355145454,1522.8049613400274
48334422.69390336,1522.4126845351345
48339843.29462142,1521.9146047843321
48345263.8722805,1521.3915620040668
48350684.29766126,1521.0692402288573
48356104.48356618,1520.84895754893
48361524.48978565,1520.5317844396234
48366944.42519524,1520.2775166976642
48372364.159004055,1519.8467990849067
48377783.98042663,1519.2452255878795
48383203.96131171,1518.678751165475
48388623.90614053,1518.3951013442686
48394043.749356896,1518.0954542210284
48399463.40701574,1517.8119897885274
48404882.950550884,1517.4750674085908
48410302.40116435,1517.0364559016061
48415721.7410328,1516.5272456510975
48421141.21769561,1516.144010267724
48426560.931046925,1515.5794882440082
48431980.65067784,1515.0747110521263
48437400.17692093,1514.7322195907266
48442819.441332035,1514.4667127021862
48448238.559317335,1514.1473059906784
48453657.571214795,1513.844856970958
48459076.41468421,1513.3882126919332
48464495.356675394,1512.7551989565106
48469914.426313065,1512.151044197491
48475333.51861465,1511.78872225854
48480752.48754948,1511.476029809138
48486171.251742415,1511.1646053135778
48491589.92601227,1510.8388827248389
48497008.48768929,1510.3698735252449
48502426.945851296,1509.8528117122357
48507845.54392946,1509.4585410854038
48513264.37977354,1508.8650730317047
48518683.181410015,1508.3517984743503
48524101.787906975,1507.9958544984281
48529520.12639786,1507.6995175192499
48534938.335564815,1507.3591418009169
48540356.424303345,1507.027980454954
48545774.34809248,1506.5179839259852
48551192.38925821,1505.8570158710045
48556610.57094638,1505.2974216784362
48562028.71365056,1504.923858017295
48567446.75006691,1504.5826976593657
48572864.55636809,1504.2440700569337
48578282.289992504,1503.8501963436154
48583699.90116663,1503.345393243242
48589117.4201724,1502.786324006546
48594535.090460725,1502.3764215708884
48599952.98829751,1501.70000977265
48605370.83673562,1501.1686391317846
48610788.489221975,1500.801240714554
48616205.87537431,1500.4782128777329
48621623.1215532,1500.121853564348
48627040.26112843,1499.7672296431867
48632457.22373514,1499.226238867841
48637874.32715361,1498.540522118225
48643291.53728454,1497.8925845048411
48648708.7475735,1497.5214771805122
48654125.8292894,1497.1587444451916
48659542.7059123,1496.7858635151008
48664959.50004022,1496.4039996896213
48670376.17305643,1495.8577947217568
48675792.75259372,1495.2878453476867
48681209.492861256,1494.8426610415595
48686626.46361574,1494.1590030978252
48692043.35836473,1493.610713811594
48697460.04933636,1493.2169062821092
48702876.47611063,1492.8702758742477
48708292.791589364,1492.4741928511353
48713708.98096439,1492.086746389068
48719125.00491211,1491.4794041116252
48724541.17980609,1490.763096690071
48729957.46995057,1490.1723308766125
48735373.68676991,1489.7904885095309
48740789.81037959,1489.3663452666929
48746205.711791046,1488.9743594465588
48751621.53487471,1488.5093243603728
48757037.23698374,1487.9364972145006
48762452.85980017,1487.3088453293303
48767868.66025037,1486.8811571699216
48773284.66617442,1486.08653670451
48778700.58282809,1485.5268150302295
48784116.30991489,1485.1303387668581
48789531.77657085,1484.7395229047506
48794947.10729694,1484.3520052519114
48800362.326309994,1483.9340943288685
48805777.367814116,1483.3131444572373
48811192.57959669,1482.57534466781
48816607.87399062,1481.8680338067875
48822023.1617092,1481.4826416389776
48827438.30450214,1481.0524649927888
48832853.25777924,1480.6350492723484
48838268.10678871,1480.183203091529
48843682.84856382,1479.5870948194772
48849097.495219246,1478.9563507762416
48854512.34474234,1478.468087588242
48859927.37847149,1477.7125591394508
48865342.33056634,1477.1221118277854
48870757.06478017,1476.6988297202188
48876171.52867145,1476.2848650438536
48881585.90098352,1475.842136803705
48887000.1244853,1475.396104944552
48892414.19902869,1474.7064757366945
48897828.44049846,1473.9291481634605
48903242.78637811,1473.3110299357172
48908657.04681892,1472.8852930941125
48914071.2020758,1472.3845477570585
48919485.13721045,1471.9414485590264
48924898.98029885,1471.4092248371064
48930312.711637855,1470.784632978407
48935726.36681247,1470.087575382064
48941140.24192082,1469.588904710498
48946554.28500021,1468.7122718280482
48951968.244485386,1468.1127906386498
48957381.983296074,1467.685700770484
48962795.45212622,1467.2320975974799
48968208.79982575,1466.80605855617
48973622.0249102,1466.3208571617874
48979035.095405824,1465.6118186375802
48984448.34709515,1464.816759515631
48989861.6633293,1464.0833198769772
48995274.936239645,1463.645438900569
49000688.05334519,1463.1317903686643
49006100.98997253,1462.62344989018
49011513.83373168,1462.1022897129792
49016926.55588741,1461.412466204448
49022339.21001895,1460.7101691499875
49027752.088161334,1460.167208611409
49033165.14517338,1459.3248090677264
49038578.08858486,1458.660942678117
49043990.821050055,1458.1999687350485
49049403.296757914,1457.7360205093098
49054815.649647854,1457.2406653108649
49060227.87267056,1456.7426509378358
49065639.93455102,1455.9689280770297
49071052.17781349,1455.1256090021677
49076464.54503176,1454.371844570991
49081876.815012604,1453.9326015330475
49087288.92416222,1453.3854788164913
49092700.866392285,1452.8954011272854
49098112.6856387,1452.3356006243703
49103524.3959193,1451.6563158093456
49108936.01325107,1450.9221988007641
49114347.88097451,1450.3558301841474
49119759.879055284,1449.4712720200514
49125171.76891967,1448.8283094742974
49130583.41312538,1448.3453846303642
49135994.794900686,1447.8180794597895
49141406.075059064,1447.2975516308557
49146817.21589561,1446.7402118664706
49152228.21358988,1445.9205709441187
49157639.41584559,1445.0537224956001
49163050.70507366,1444.2764079092701
49168461.89762136,1443.7638142008536
49173872.92562781,1443.1824440093137
49179283.76638386,1442.616220867299
49184694.52312131,1442.0164831344443
49190105.1532335,1441.2677072051097
49195515.72672352,1440.5008858422298
49200926.54432989,1439.8974612591214
49206337.50900725,1438.9706325141046
49211748.33853393,1438.2760282403992
49217158.94763231,1437.769030878529
49222569.307249255,1437.2289819652115
49227979.5455025,1436.6803604421975
49233389.64598236,1436.1059538791628
49238799.59484515,1435.2386318556182
49244209.73894814,1434.3540762366365
49249619.9786877,1433.5531233971935
49255030.1287315,1433.0717110377532
49260440.0832615,1432.4534318191688
49265849.87731225,1431.8638759156136
49271259.55008929,1431.2217232270125
49276669.110259116,1430.4392804193908
49282078.599680446,1429.6376457060214
49287488.33744703,1428.972621129556
49292898.20995832,1427.9993492289786
49298307.95258451,1427.267298621156
49303717.45473005,1426.736742248807
49309126.69833513,1426.1736236314043
49314535.83155764,1425.601881717202
49319944.807948075,1425.0006806919757
49325353.64882142,1424.0869493093257
49330762.67758608,1423.13017148455
49336171.81095425,1422.3111571823708
49341580.83676596,1421.793837351065
49346989.69959648,1421.1504444416798
49352398.393682405,1420.5652918764877
49357806.95554701,1419.866996610763
49363215.40839983,1419.0720949597553
49368623.79160544,1418.2390341483851
49374032.43324247,1417.55750327359
49379441.18192337,1416.533513292666
49384849.79623492,1415.7966793408484
49390258.15187705,1415.2412934414474
49395666.24179231,1414.6150802300085
49401074.23550743,1414.0181485168744
49406482.058797985,1413.3573942903759
49411889.764423646,1412.3914387711936
49417297.6660801,1411.3827235792555
49422705.66452053,1410.5445018581577
49428113.53508917,1409.9559416799668
49433521.24791089,1409.2728092349525
49438928.78501502,1408.6675569707618
49444336.20528125,1407.918358273643
49449743.50326775,1407.0888639543039
49455150.73660825,1406.2052037229994
49460558.252050884,1405.5020728913846
49465965.85232007,1404.4236774059902
49471373.312955365,1403.6674483300471
49476780.519549064,1403.094916119742
49482187.46045817,1402.413799140871
49487594.30399462,1401.7869168733819
49493000.97954065,1401.0662169094455
49498407.54840544,1400.0580695692433
49503814.30692294,1399.0211400504838
49509221.14187318,1398.169840275048
49514627.858663805,1397.5285305181915
49520034.421456404,1396.8120747685152
49525440.78040856,1396.1511306835682
49530847.04997074,1395.378386899332
49536253.16757871,1394.4942074647772
49541659.249441914,1393.57591064276
49547065.59199127,1392.8341646234207
49552472.023074485,1391.7080403343139
49557878.28911961,1390.9121795621165
49563284.304865986,1390.302953237029
49568690.078664735,1389.5851942245235
49574095.74074406,1388.9194151151305
49579501.24627107,1388.153264577374
49584906.634644695,1387.0989578679087
49590312.22067764,1386.0531811736485
49595717.83932274,1385.145025682455
49601123.386380956,1384.48065183308
49606528.75050507,1383.7322076402252
49611933.91279717,1382.9778312346966
49617338.98929631,1382.1610889398196
49622743.921440266,1381.2032026685802
49628148.8281367,1380.266241497307
49633553.98070831,1379.4459188559563
49638959.25597666,1378.2738665482916
49644364.34617543,1377.4083172223864
49649769.19107088,1376.7575423808362
49655173.801030666,1376.0368716856356
49660578.27764129,1375.33949374967
49665982.6012816,1374.5607875778592
49671386.78803593,1373.453446596036
49676791.16477644,1372.372876359172
49682195.60096412,1371.4132046621473
49687599.94489861,1370.7764762122285
49693004.074999064,1369.9823873845037
49698408.04127714,1369.1802324842888
49703811.88152827,1368.3043450141834
49709215.601949334,1367.3046155346262
49714619.27020027,1366.3288305752399
49720023.20105354,1365.4274896922047
49725427.24468016,1364.2101840702956
49730831.11948448,1363.2913133886004
49736234.73456754,1362.6105085007803
49741638.09608676,1361.8723400067804
49747041.331335984,1361.1406387510174
49752444.39503725,1360.3438902063838
49757847.32679244,1359.177167086754
49763250.437431164,1358.0234349855896
49768653.64720476,1357.0326669498759
49774056.72802305,1356.3756010379489
49779459.59920082,1355.5304422968336
49784862.32218029,1354.718968795464
49790264.89091422,1353.7880185692477
49795667.34853874,1352.7629483511005
49801069.736983016,1351.7342890383288
49806472.40660803,1350.785216660089
49811875.15658857,1349.5170460692086
49817277.75312976,1348.5649342031593
49822680.07562623,1347.8543454280923
49828082.12738234,1347.0751745096572
49833484.06804639,1346.3035921705623
49838885.817798644,1345.469877880077
49844287.448204406,1344.2431760976037
49849689.25295822,1343.016457324732
49855091.16726038,1341.996678018378
49860492.93147676,1341.2964485499542
49865894.50051303,1340.4010640638564
49871295.91887488,1339.5737771250492
49876697.17467915,1338.5932330615303
49882098.31677972,1337.5339007191865
49887499.38635978,1336.4525775217332
49892900.74434826,1335.4679794044312
49898302.162512116,1334.1427929314173
49903703.43060547,1333.1567024941137
49909104.41589657,1332.4113999346043
49914505.12116761,1331.585547642223
49919905.72343,1330.7727867981303
49925306.12259582,1329.8952154117944
49930706.40863787,1328.6094696839023
49936106.8680195,1327.3200281307509
49941507.43419231,1326.2632554362015
49946907.84271119,1325.517335027627
49952308.06193061,1324.5720870158607
49957708.1257595,1323.7115585696379
49963108.02406435,1322.6816557455938
49968507.80513437,1321.5755016300825
49973907.51222134,1320.4430347985653
49979307.50953324,1319.4157487727623
49984707.560877815,1318.0289132797575
49990107.459566824,1316.9983788123136
49995507.070660375,1316.2147027775372
50000906.396955736,1315.346263162994
50006305.61976058,1314.4922101372201
50011704.63396527,1313.5716237106938
50017103.5318481,1312.226854746244
50022502.602314696,1310.8828305706882
50027901.77645963,1309.7774052633854
50033300.79274669,1308.995471827789
50038699.61458456,1307.999543152471
50044098.27905217,1307.08740540667
50049496.77424557,1306.0071586956658
50054895.15054603,1304.8416485297212
50060293.449672155,1303.6595675442366
50065692.036205955,1302.5773729097084
50071090.684165835,1301.1250048998227
50076489.17203986,1300.0370768578473
50081887.37090479,1299.2106433403758
50087285.28471617,1298.305494081387
50092683.08567489,1297.4096799332394
50098080.67972637,1296.4469140908677
50103478.144375205,1295.0431736224095
50108875.7818169,1293.6547478454843
50114273.51561268,1292.489069473682
50119671.10243243,1291.6768458858176
50125068.47868363,1290.6302374182885
50130465.6938705,1289.6429388176946
50135862.74088499,1288.5128106125499
50141259.66551293,1287.2715161905462
50146656.51329386,1286.040616839402
50152053.637778126,1284.8993199604981
50157450.84770427,1283.3733780753646
50162847.87963194,1282.2194912435157
50168244.62774955,1281.3450445351061
50173641.09918376,1280.3995362729274
50179037.43977882,1279.4599813733353
50184433.583914675,1278.4436594795745
50189829.57911408,1276.9810476398675
50195225.75394393,1275.562509569131
50200621.993054405,1274.3323837744058
50206018.114290774,1273.4684870944857
50211414.010740615,1272.3714259360927
50216809.72299012,1271.2908441084155
50222205.29101244,1270.1173218651265
50227600.71910747,1268.7882668182854
50232996.08876259,1267.502397579739
50238391.71215613,1266.3296324847297
50243787.44636942,1264.721564711316
50249182.97358116,1263.5178269494127
50254578.2264517,1262.592085286985
50259973.21688388,1261.5718409929866
50265368.06587924,1260.5789767671495
50270762.72519905,1259.475585393957
50276157.23111021,1257.9505113334446
50281551.93210287,1256.4849935137213
50286946.64229793,1255.2011098031949
50292341.26919352,1254.2208975750693
50297735.68742009,1253.067357214148
50303129.86828306,1251.9477353125078
50308523.946871825,1250.7368379803952
50313917.85022061,1249.353704397046
50319311.71428473,1247.9842199938307
50324705.8271373,1246.8269393891246
50330100.02280828,1245.1294925510838
50335494.01282371,1243.9114094390497
50340887.718626626,1242.9488220799244
50346281.144824475,1241.825070176073
50351674.45028177,1240.7809098703972
50357067.5444631,1239.5953612002502
50362460.50392584,1238.000540957783
50367853.65305165,1236.4133257421859
50373246.82614436,1235.103348793758
50378639.87722711,1234.025916895343
50384032.758618414,1232.7947597504783
50389425.3907158,1231.6932721431458
50394817.90915548,1230.4113078495493
50400210.24627182,1228.9975953468572
50405602.511707135,1227.5281798194346
50410995.05700981,1226.3365340171426
50416387.65651041,1224.5402504720544
50421780.07213704,1223.2722446442212
50427172.19426111,1222.2624760193614
50432564.00422153,1221.0812457373227
50437955.70594499,1219.9879327853364
50443347.175522916,1218.7586169539577
50448738.50389349,1217.077470665803
50454130.01570625,1215.3810130884697
50459521.58163856,1213.9959811078186
50464912.99836015,1212.8869049682341
50470304.241680466,1211.5744578467609
50475695.25626514,1210.4422653329264
50481086.115639254,1209.0742191911143
50486476.827561624,1207.6024200402503
50491867.44154068,1206.074918554742
50497258.32784731,1204.8001224155819
50502649.28466842,1202.9168425752707
50508040.05676657,1201.5554070704939
50513430.51871279,1200.4688467727929
50518820.659739375,1199.2742623252816
50524210.68979426,1198.1213327712076
50529600.48250679,1196.8801237015487
50534990.10530826,1195.1213339088274
50540379.90707674,1193.3524289220188
50545769.767884515,1191.8789975796954
50551159.50398431,1190.7966475682988
50556547.656293996,1185.483413569042
50561942.882717624,1179.7702155907525
50567336.43654081,1178.292453008306
50572729.82538441,1176.5923615503589
50578127.74656233,1160.7965486223607
50583525.71950876,1159.2633143666321
50588928.41214425,1142.8281561742833
50594330.75854676,1141.144841320449
50599737.44101641,1125.3838773899033
50605143.65558488,1123.9262898306272
50610554.412696965,1107.9329004872536
50615964.77052602,1106.338664902082
50621379.66788332,1089.4882554269045
50626794.527673885,1087.2463431167926
50632214.21230122,1070.627285923039
50637633.563394256,1069.1742926864933
50643052.79783103,1067.3795489995891
50648471.84319596,1065.778543192564
50653890.77197468,1063.8867905146628
50659309.59218307,1061.8847425014783
50664728.365169756,1059.801130732603
50670147.46694064,1058.0618517437001
50675566.668987066,1055.5178200786363
50680985.7217775,1053.6989138316098
50686404.5242297,1052.2275615061667
50691823.05953509,1050.5195144192046
50697241.52657736,1048.950419864126
50702659.80824354,1047.134035048016
50708077.99480447,1044.7724165964844
50713496.41047509,1042.457733177258
50718914.84260227,1040.5180194497852
50724333.23935961,1038.8589475664014
50729751.50636556,1036.9856850763595
50735169.55993938,1035.1525734403021
50740587.54216549,1033.1621883264027
50746005.39820895,1030.938734786458
50751423.24815795,1028.7790638651245
50756841.39506169,1026.7928805179706
50762259.681578375,1024.1121339552817
50767677.799311146,1022.1043357292502
50773095.65991122,1020.5221130054733
50778513.24981707,1018.7869095897103
50783930.76981524,1017.113997662376
50789348.07536724,1015.2491268348713
50794765.30383412,1012.6889239840027
50800182.74290583,1010.1566120908365
50805600.24035172,1008.1639203800762
50811017.63506456,1006.408479558666
50816434.9227593,1004.387055274794
50821852.01808059,1002.5594700680679
50827269.02343147,1000.3863771467982
50832685.87999782,998.0755010545569
50838102.74263223,995.7435889005255
50843519.91988474,993.7072564145652
50848937.1962108,990.8268888624989
50854354.2754615,988.7785111305578
50859771.09250517,987.1173863704812
50865187.68376859,985.1497652538453
50870604.17835401,983.3535484142512
50876020.48518305,981.2410720766378
50881436.71723797,978.4958406689939
50886853.16378526,975.9309590935269
50892269.615525335,973.7696077934988
50897686.05821136,971.9488080628871
50903102.324795716,969.7878876720083
50908518.42659878,967.6549078029744
50913934.41367235,965.3033725435916
50919350.29378929,962.7566847204614
50924766.18788602,960.3331219815095
50930182.396642774,957.9425423683813
50935598.69378244,954.9144306092994
50941014.79921152,952.6681120600856
50946430.62270651,950.8541558993197
50951846.187463954,948.8212279165245
50957261.685017295,946.892510957472
50962676.944024146,944.6714653565081
50968092.168541305,941.6884996374451
50973507.60671204,938.7912990110731
50978923.09246344,936.563691385526
50984338.44879834,934.5032797946283
50989753.67318381,932.1266586646575
50995168.726393275,930.0004111423781
51000583.67389868,927.3712078674566
51005998.477321915,924.681193225381
51011413.30546597,922.033860335062
51016828.45660987,919.5492557665043
51022243.68831533,916.2473636034506
51027658.70111454,913.9127455660907
51033073.43099745,912.0270602889459
51038487.94870256,909.7130402077003
51043902.34826354,907.6439351882973
51049316.54882426,905.1136971629483
51054730.71389415,901.8998598582334
51060145.07380849,898.947793748065
51065559.43364633,896.4462514134198
51070973.76958661,894.3113069042629
51076387.90298069,891.8460780946018
51081801.894676164,889.3362174214983
51087215.765266016,886.5782075801201
51092629.50420224,883.5855190864806
51098043.288549714,880.8426025322299
51103457.40726691,877.9161487428255
51108871.587011546,874.5067930844542
51114285.54505899,871.9079752275945
51119699.204007685,869.7785850753153
51125112.6402042,867.3883899941959
51130525.97825022,865.0919020119139
51135939.09506534,862.3842986115651
51141352.19326787,858.8703998554882
51146765.478760034,855.6392784599602
51152178.808061406,853.0604282908726
51157592.03608272,850.7106326303644
51163005.048216954,847.885244885095
51168417.93473036,845.1478501891718
51173830.68408591,841.9781047919663
51179243.312034264,838.7137354544318
51184655.973454654,835.6658310949894
51190069.009935215,832.3946513992191
51195482.08331104,828.5928482140328
51200894.935640134,825.7709572021422
51206307.474127196,823.5515127138832
51211719.781201996,820.9318307403621
51217131.97538714,818.4916264163712
51222543.94347271,815.4894920896581
51227955.91976735,811.6573620850121
51233368.07750957,808.0811563914933
51238780.22799616,805.2971173627054
51244192.30422045,802.6819321443375
51249604.2012789,799.7326111082677
51255015.94330125,796.7121998478335
51260427.57329752,793.3261248267543
51265839.03183354,789.7155569271326
51271250.5807938,786.4767629424239
51276662.47581272,782.8714563970316
51282074.41002554,778.8404509732468
51287486.08588498,775.7448341488068
51292897.418565035,773.1816163475645
51298308.55172274,770.2807331820318
51303719.56569244,767.4591779441386
51309130.361443065,764.1026640496923
51314541.17212315,759.8264032417671
51319952.17846276,755.9139129528196
51325363.15508438,752.6094223442915
51330774.067258656,749.6547904938716
51336184.74982462,746.3547336721193
51341595.34130912,743.0136311364279
51347005.77051143,739.2222342042822
51352416.06865191,735.194528122229
51357826.442890786,731.6796480528398
51363237.17714121,727.5476079643961
51368647.933714055,723.14937276101
51374058.451653674,719.7255336129715
51379468.62781601,716.7913106175093
51384878.58675349,713.5165953902624
51390288.442421265,710.3179442614797
51395698.054945454,706.5154781733982
51401107.708752185,701.7188872687813
51406517.53132247,697.2200882749576
51411927.38158798,693.6075312813628
51417337.10539626,690.2025011006672
51422746.59986425,686.3198658497706
51428156.01106621,682.6162107560942
51433565.259577684,678.2218561273979
51438974.380912505,673.7129766897654
51444383.57406639,669.6694933809001
51449793.17491439,664.9893209843667
51455202.745795466,659.8885325326042
51460612.09034059,656.0408994574459
51466021.10123187,652.8031456816451
51471429.86887185,649.0479589964245
51476838.539893284,645.5496162524711
51482246.935384,641.1345723832965
51487655.40164324,635.6771862436058
51493064.049210206,630.5093852934299
51498472.66663696,626.6938692654052
51503881.13975167,622.6619411431063
51509289.4402494,618.2254494347528
51514697.591321446,613.8839526690763
51520105.62586305,608.7781836544978
51525513.48238352,603.5272475290533
51530921.46660238,598.8632558019505
51536329.83537409,593.4493369257837
51541738.21791671,587.5096286308034
51547146.31803233,583.0394549857724
51552554.04747114,579.3061889555231
51557961.565447964,574.931129856715
51563368.94757929,570.8245005278121
51568776.08638925,565.5933600315593
51574183.30023279,559.1335207342605
51579590.70381667,553.1232903819705
51584998.02475745,548.2240887170325
51590405.240467645,543.3609639690585
51595812.25006687,538.3389519820217
51601219.142855905,533.1165067436782
51606625.89276737,527.1404798321743
51612032.47125777,520.7818647156664
51617439.18957911,515.3760984857411
51622846.27211052,508.70522503975417
51628253.36578834,501.87398622531634
62488890.614658706,214.96052135577438
62499667.70220465,216.28394653494348
62510443.895914994,214.7996375082366
62521219.58844597,215.52657858347652
62531995.335302085,212.08612823164492
62542770.78600124,212.67248191567512
62553545.58768004,210.60159217706843
62564319.808285855,209.7366494594358
72683900.90276803,340.0122785003684
72694763.03710158,360.0760625946452
72705625.89951938,378.837853974308
72716488.50420502,399.0089345520338
72727350.14101236,419.32821315758326
72738211.14115085,436.4660214820951
72787085.19640994,505.7331982324383
72792515.84118126,510.8507424177491
72797946.34942515,517.742243345077
72803376.59659979,525.663049035568
72808806.54275593,533.2732606855411
72814236.37723528,540.7259557687073
72819666.04627077,547.9623956166784
72825095.54284899,553.5591442847959
72830525.2909186,558.9914121411871
72835955.166905,565.2574876755655
72841384.93160178,572.2340475775823
72846814.5951306,578.4422607822249
72852244.04331623,584.9458087072503
72857673.42889346,590.8382640316414
72863102.64502713,596.3268917996224
72868531.83300626,601.7570082035801
72873961.35462774,607.9135743366487
72879391.07631978,612.1063579034941
72884820.62337261,617.715648247156
72890249.90489125,624.1628109332792
72895678.90400656,630.3152157412355
72901107.79129922,636.3986364285747
72906536.50437394,642.2787307966992
72911965.0755278,646.7746857549628
72917393.89176059,651.2700948973602
72922822.84236148,656.4278707696662
72928251.66985954,662.304905756187
72933680.3713955,667.3966773072939
72939108.90504941,672.8795170899934
72944537.32519972,677.7527166177355
72949965.61503309,682.4011690284251
72955393.8770314,686.962039832551
72960822.4945262,692.01608325696
72966251.2580867,695.4258723131188
72971679.84205681,700.303045383686
72977108.14956445,705.8772753250412
72982536.19533986,711.0000776102281
72987964.11312498,716.3744854470692
72993391.86742662,721.2498160011534
72998819.50326788,725.100459631718
73004247.38692528,729.0847504352124
73009675.29520719,733.4763496140818
73015103.176058,738.5729205057557
73020530.87058002,743.2582494980072
73025958.42182854,747.9204460573346
73031385.85641876,752.1242908129307
73036813.15389541,756.1389097337019
73042240.42928347,760.2114265464741
73047668.08055222,764.4769714670896
73053095.8388228,767.5346054538684
73058523.39818846,771.8473826609285
73063950.67551436,776.7781411969665
73069377.70383032,781.1830031869304
73074804.62225477,785.9243585055854
73080231.35650493,790.0760865170083
73085658.02214257,793.4013199757287
73091084.93256064,796.9366662948019
73096511.83085246,800.9462725510298
73101938.70598096,805.3169677982719
73107365.39489467,809.3895352395759
73112791.9311328,813.3919027688675
73118218.36674589,817.0894602424958
73123644.67511776,820.5638903276234
73129071.01869406,824.2477466967869
73134497.69328344,827.7902799046271
73139924.45832151,830.5823230083518
73145351.03083777,834.4064450904451
73150777.3253618,838.785201873488
73156203.36450155,842.7347213518915
73161629.32783397,846.9592459514822
73167055.05548415,850.627742868438
73172480.77609079,853.5488602563605
73177906.73277819,856.6756301227604
73183332.67101087,860.4355908523466
73188758.58700748,864.2534811776447
73194184.31853232,867.8892876721548
73199609.88768089,871.4973134526585
73205035.36163028,874.8121604304847
73210460.70465408,877.9233155706128
73215886.12542519,881.285369010071
73221311.8517284,884.3479489176842
73226737.63292938,886.9544308863537
73232163.21553108,890.4411860659756
73237588.5127045,894.3764221513579
73243013.56705274,897.9623618563853
73248438.55693105,901.7573928717388
73253863.28797041,905.045564378111
73259288.05361287,907.6618110156555
73264713.03705575,910.4055840245868
73270138.01665208,913.9499204996896
73275562.91359662,917.3222823730928
73280987.65284236,920.630300403137
73286412.2113373,923.9910638827569
73291836.69585927,926.9677267600332
73297261.0206405,929.7958335169722
73302685.4714656,932.8897332423539
73308110.19283064,935.6219570684781
73313534.9634589,938.1059322126481
73318959.50257853,941.2931206421803
73324383.74825634,944.842603018936
73329807.81656249,948.1821002157881
73335231.78422335,951.5482326542387
73340655.53627607,954.516754367866
73346079.33315955,956.8865525485005
73351503.28643219,959.4887685081619
73356927.27209859,962.6339893625363
73362351.1713249,965.8615168787389
73367774.83797838,968.8080766257219
73373198.42175117,971.7945497495698
73378621.8648729,974.4280564299424
73384045.20797011,977.0134651253431
73389468.6663751,979.8454236189554
73394892.4496251,982.2069749337495
73400316.20976466,984.4787063672725
73405739.76356041,987.4309450464175
73411163.01888059,990.7424337343386
73416586.10658681,993.8033814325236
73422009.07440296,996.914291312203
73427431.83234069,999.5689459907023
73432854.66066472,1001.7341344891881
73438277.64472598,1004.1861562427734
73443700.61233044,1007.0781686264747
73449123.53684033,1009.9845735781414
73454546.21117921,1012.7963471612234
73459968.80684622,1015.5710171968019
73465391.24610193,1018.0267992013119
73470813.59683476,1020.3964948305752
73476236.08781752,1023.084134490924
73481658.86969778,1025.1874260723343
73487081.5967266,1027.3826903606537
73492504.13795958,1030.1340494050803
73497926.3997472,1033.1392227168749
73503348.48978242,1035.9327205998886
73508770.47769228,1038.808552904401
73514192.22260022,1041.194167197299
73519614.07890913,1043.203904724686
73525036.07065706,1045.4128937650933
73530458.05832061,1048.2670058349395
73535879.93906444,1050.8941883856617
73541301.6241274,1053.4582815433469
73546723.1787726,1056.014875080474
73552144.62869307,1058.2802786576426
73557565.95108494,1060.4540656903218
73562987.4720688,1062.987072939215
73568409.22659537,1064.8975681116767
73573830.95483243,1067.0429029976203
73579252.44535618,1069.6155457957293
73584673.63053712,1072.3297245515575
73590094.69798787,1074.9263002363243
73595515.64232245,1077.5068528327645
73600936.37490152,1079.6813362572605
73606357.23323537,1081.551032904767
73611778.19044639,1083.6251804729363
73617199.18545958,1086.2673406671404
73622620.05698662,1088.6964898457272
73628040.71440828,1091.0409412509355
73633461.26578374,1093.4502836084616
73638881.70080186,1095.5145095797554
73644302.02472478,1097.5552124361902
73649722.5563099,1099.8825743522657
73655143.32049629,1101.6310928888938
73660564.03627215,1103.6001611348602
73665984.50815257,1106.014703932647
73671404.66293913,1108.5845734916245
73676824.72107562,1111.0034943178498
73682244.61190869,1113.4470822197518
73687664.31881154,1115.4174140846558
73693084.17378694,1117.1343469294748
73698504.1439319,1119.1464040849896
73703924.0769641,1121.4670967323186
73709343.92220168,1123.7329934029613
73714763.4957353,1126.0087367346916
73720183.02195093,1128.2233389195053
73725602.37629367,1130.168856638437
73731021.65628056,1132.057784399753
73736441.13656083,1134.2586832913294
73741860.8443274,1135.8221129840176
73747280.44292924,1137.71763688552
73752699.83222422,1139.9976521531964
73758118.95155743,1142.358795005852
73763537.92719421,1144.6096970787792
73768956.80302815,1146.850480885331
73774375.45018822,1148.6645949709941
73779794.27435383,1150.2981421237268
73785213.19987652,1152.062872630506
73790632.11991642,1154.383871313738
73796050.88272214,1156.4557470837974
73801469.43909702,1158.5047012064795
73806887.90373133,1160.575831576384
73812306.24516918,1162.3645337290357
73817724.4958937,1164.1267515216527
73823142.98958278,1166.1788993472792
73828561.67766303,1167.644594128114
73833980.25367716,1169.4667514900789
73839398.62752713,1171.6302224372014
73844816.72258997,1173.814548664206
73850234.69368419,1175.9659802901767
73855652.53259489,1178.042645800272
73861070.16890967,1179.717296242065
73866487.97352983,1181.2484078073333
73871905.87603422,1183.025847939464
73877323.75710894,1185.1849644354188
73882741.50664724,1187.1799930142315
73888159.00385241,1189.112399739418
73893576.44639532,1191.0399794557052
73898993.71998395,1192.7100511244469
73904410.93535888,1194.3757610391976
73909828.37545985,1196.3209793529636
73915246.01028542,1197.6713230683574
73920663.49760064,1199.4032068038161
73926080.76975876,1201.4399556452613
73931497.78732249,1203.4681729826564
73936914.66884908,1205.4436250152437
73942331.43167488,1207.3805527230973
73947747.98992713,1208.9039404663215
73953164.74834695,1210.3418465372226
73958581.61351113,1211.9225501191545
73963998.44654062,1213.9561328004331
73969415.10731179,1215.760439034827
73974831.56887794,1217.634978544662
73980247.91741513,1219.4149619570871
73985664.15988994,1221.0187354112284
73991080.30643235,1222.5526693068077
73996496.72427355,1224.3702614432634
74001913.28811242,1225.5886208955171
74007329.74075954,1227.2620501401798
74012745.97536896,1229.2124632288994
74018161.9242603,1231.0941407238588
74023577.76871161,1233.0380985321376
74028993.45425436,1234.841471054089
74034408.9742588,1236.275450328615
74039824.68278597,1237.6337935847441
74045240.44799346,1239.2363046004393
74050656.17735177,1241.1108314418434
74056071.77073081,1242.8674316794388
74061487.11014237,1244.6347561263003
74066902.38867106,1246.295681741649
74072317.5105204,1247.7843767957318
74077732.58179158,1249.2460762528156
74083147.88573188,1250.9900894885343
74088563.37090461,1252.1093350461467
74093978.67784984,1253.7016350905228
74099393.76795556,1255.5608485386465
74104808.60853626,1257.3121487300853
74110223.30788028,1259.1210549699003
74115637.88117968,1260.810133809964
74121052.27550879,1262.1394687989714
74126466.87945071,1263.4297083459146
74131881.5657051,1264.8419482218194
74137296.19469333,1266.6302680892609
74142710.6328069,1268.243047966624
74148124.88443969,1269.9389883386834
74153539.02259074,1271.506500654857
74158953.04651207,1272.9309996529664
74164366.99693933,1274.3011872488783
74169781.21756631,1275.9077985862193
74175195.57045041,1276.9775864864855
74180609.79753798,1278.501796642117
74186023.79285684,1280.2681265133167
74191437.5135878,1281.9129171981192
74196851.13597488,1283.6648548533108
74202264.58361247,1285.2457617308348
74207677.89535274,1286.4879178061185
74213091.40099831,1287.682460859905
74218504.93630332,1289.0716850207414
74223918.44434296,1290.7282018892693
74229331.80596937,1292.3224447878486
74234744.92768832,1293.910630433831
74240157.98997913,1295.3881530727783
74245570.88644136,1296.718085493867
74250983.75965098,1298.0445440907565
74256396.8904987,1299.5852467016962
74261810.16980956,1300.6098700950874
74267223.25354026,1302.0417896458243
74272636.10481878,1303.7154107185495
74278048.71280435,1305.2801612272401
74283461.18177931,1306.8975892419278
74288873.51257361,1308.4081127000745
74294285.6938537,1309.5573226202337
74299698.08836517,1310.7232173744605
74305110.54392217,1311.9852106391718
74310522.92757362,1313.6070625524349
74315935.10583977,1315.0383109090792
74321347.11812514,1316.5387615247453
74326758.99901566,1317.9319922559514
74332170.77128312,1319.1920303069828
74337582.4833955,1320.4316705831707
74342994.46170853,1321.8207575891122
74348406.54465309,1322.8157873071784
74353818.49320073,1324.168201718228
74359230.19585566,1325.745844377935
74364641.63719398,1327.2338006144876
74370052.98605877,1328.7435068914199
74375464.15259327,1330.1768751277084
74380875.20284466,1331.2367067994514
74386286.44440241,1332.2797502306466
74391697.78900151,1333.5455162501994
74397109.00809824,1335.056751282445
74402520.0532667,1336.4133282895705
74407930.92962041,1337.8877826665876
74413341.67391007,1339.2023353915877
74418752.30099656,1340.4251972990353
74424162.8785321,1341.60585935536
74429573.74172415,1342.9536256986237
74434984.66292064,1343.913935864153
74440395.44122754,1345.232319419194
74445805.96449609,1346.7334982683276
74451216.23113458,1348.1126905247143
74456626.40880363,1349.5461646226756
74462036.40133151,1350.875036731724
74467446.2933867,1351.8684357926813
74472856.39877716,1352.8818187010033
74478266.56483315,1354.0820587997068
74483676.60670291,1355.4811019189215
74489086.46121824,1356.775326821012
74494496.13633525,1358.1330938990068
74499905.70802452,1359.3752803032644
74505315.14853804,1360.5046603700262
74510724.5678014,1361.6294067793615
74516134.25915769,1362.8949726084197
74521544.02135693,1363.811418939981
74526953.62393288,1365.0524038518176
74532362.98535788,1366.4820433305222
74537772.10439068,1367.80467068105
74543181.11481208,1369.166351734777
74548589.94679579,1370.4326326160174
74553998.67392409,1371.365165644148
74559407.60776354,1372.3551330595258
74564816.60091834,1373.4971879822779
74570225.48502299,1374.8667325959896
74575634.14795034,1376.101841491332
74581042.64812596,1377.3654423040266
74586451.03053598,1378.5409013598091
74591859.28785639,1379.6003173616432
74597267.52218428,1380.6737132819896
74602676.0148568,1381.8318793275416
74608084.58415222,1382.7053218904534
74613492.99041253,1383.8704133816823
74618901.14833584,1385.2304117018514
74624309.06539945,1386.5100620410926
74629716.87074329,1387.8075935713534
74635124.492126,1389.0282763014193
74640532.0129781,1389.904485513801
74645939.72115763,1390.8149013128675
74651347.5075472,1391.9002829381463
74656755.1793587,1393.2383343075883
74662162.63803177,1394.4298844666266
74667569.95199455,1395.672474572853
74672977.11552581,1396.7736391564324
74678384.16730759,1397.8021002391342
74683791.18607086,1398.8296191922082
74689198.47469352,1399.928278151955
74694605.81461547,1400.7489909388255
74700012.99820311,1401.870840642935
74705419.91721177,1403.1739371061524
74710826.57954037,1404.3702100434368
74716233.14540896,1405.6143805937688
74721639.51161435,1406.7591680119342
74727045.80236034,1407.5834796257184
74732452.27801484,1408.408271546575
74737858.83552924,1409.4583146122677
74743265.24057794,1410.6972947134964
74748671.45315374,1411.8372702041654
74754077.51085012,1413.056208327634
74759483.43179199,1414.0954168858025
74764889.2240211,1415.0842936588979
74770294.98652473,1416.0501630542194
74775701.03290115,1417.1173638907137
74781107.10978825,1417.8884418205846
74786513.02648519,1418.9729275300037
74791918.67923993,1420.2273940338684
74797324.07865874,1421.3407654658631
74802729.37855823,1422.5308805843727
74808134.48188743,1423.591343117473
74813539.52315368,1424.374186842311
74818944.74815778,1425.1677951759368
74824350.03101848,1426.1832091091821
74829755.16899396,1427.3340532548536
74835160.11850533,1428.430009243923
74840564.88614908,1429.5702782607632
74845969.54861182,1430.5700427146803
74851374.05798937,1431.495902676535
74856778.56211661,1432.41336350324
74862183.33408152,1433.4288484127508
74867588.13683094,1434.1617520107159
74872992.76245224,1435.1910342329816
74878397.12931111,1436.3891676065414
74883801.26141606,1437.4514809133952
74889205.28082827,1438.5855486787984
74894609.11428457,1439.5860617891572
74900012.88232741,1440.3293941990569
74905416.83442003,1441.1085136626625
74910820.80827014,1442.0733314681406
74916224.6672214,1443.1723834165384
74921628.32947542,1444.2288474598688
74927031.79984988,1445.2853844115689
74932435.17700002,1446.242853023666
74937838.39331944,1447.1063392404938
74943241.62202546,1447.990597417906
74948645.09701902,1448.941410217405
74954048.62068531,1449.6386668023727
74959451.9525997,1450.6093370189592
74964855.02684502,1451.7488025040745
74970257.87915632,1452.7746969363436
74975660.604927,1453.858589614321
74981063.15274954,1454.8159195628634
74986465.62553963,1455.5223041579682
74991868.28067113,1456.2770742558373
74997270.94011813,1457.186948949615
75002673.50097445,1458.247825436155
75008075.85169981,1459.2646389541485
75013478.01611707,1460.2561862110629
75018880.08245122,1461.168679564632
75024281.99134488,1461.9810322269238
75029683.91492556,1462.8340324225146
75035086.07284692,1463.723745762567
75040488.2935394,1464.3838526732382
75045890.3166647,1465.3019988349658
75051292.07992862,1466.387962412928
75056693.62526216,1467.3773291421128
75062095.03438433,1468.4161555434737
75067496.2686011,1469.3348702016124
75072897.42061529,1470.006025646086
75078298.7517978,1470.7274746249668
75083700.08607201,1471.5857721263803
75089101.32429446,1472.6106388432213
75094502.34170255,1473.587613199522
75099903.17892256,1474.529341218693
75105303.91072665,1475.3984970799625
75110704.48849505,1476.1687217017031
75116105.0776974,1476.9869668692636
75121505.89527133,1477.8268042964532
75126906.78083992,1478.4520351622568
75132307.46628605,1479.3247851224608
75137707.88961247,1480.3628042267226
75143108.09472498,1481.3124106200437
75148508.15844429,1482.3086582706146
75153908.04707798,1483.1885444699356
75159307.8498328,1483.8261928969453
75164707.82935965,1484.5113906078452
75170107.8109648,1485.3264453283905
75175507.69552287,1486.3105774779374
75180907.35544482,1487.248793877828
75186306.83469124,1488.1487517587807
75191706.20612127,1488.9789764603356
75197105.42245986,1489.7122311612638
75202504.64789365,1490.4924187221175
75207904.09749305,1491.294663403817
75213303.6143217,1491.8854379680097
75218702.92898788,1492.718800687031
75224101.98076378,1493.7134982500097
75229500.81253454,1494.620375366094
75234899.50102073,1495.5758338720016
75240298.01256713,1496.4156779718405
75245696.43722598,1497.021807349791
75251095.03782414,1497.670180216497
75256493.63524139,1498.450136879668
75261892.13412152,1499.3882014190087
75267290.41144572,1500.2889519112282
75272688.49990508,1501.1534528752677
75278086.48426117,1501.9491878155854
75283484.30752277,1502.6501295851765
75288882.13863492,1503.3887218396394
75294280.19156323,1504.1648635315955
75299678.30486159,1504.7215819713417
75305076.214726,1505.521614768924
75310473.86228505,1506.4775822352522
75315871.28534444,1507.3387459080382
75321268.56738278,1508.2549318005408
75326665.6679026,1509.0541610225282
75332062.68401942,1509.6300582075862
75337459.8753789,1510.2381903781625
75342857.05959107,1510.9923114958726
75348254.13857953,1511.8822991684538
75353651.00438397,1512.7452443289935
75359047.66916096,1513.5850267967362
75364444.23477611,1514.348335086669
75369840.63173339,1515.0246087941603
75375237.0301058,1515.717166964993
75380633.65399778,1516.4754973469526
75386030.32257357,1517.0003317138217
75391426.79164252,1517.7734516396763
75396822.99809638,1518.69539419083
75402218.96770859,1519.508903887136
75407614.8040982,1520.38800857695
75413010.44901814,1521.1498522584966
75418406.01502079,1521.6957180890126
75423801.75346938,1522.2554964706212
75429197.50072451,1522.983734196731
75434593.11771598,1523.8273451643945
75439988.53017546,1524.6511003034375
75445383.73923178,1525.482644949335
75450778.84049389,1526.2114669719092
75456173.77543895,1526.8722834051052
75461568.6904509,1527.520770074362
75466963.84418963,1528.260643198417
75472359.02570148,1528.7540334484406
75477754.02301435,1529.501747017409
75483148.75174546,1530.3904084111223
75488543.22128461,1531.1629607765117
75493937.56640822,1532.0099593955943
75499331.70673373,1532.7473987593212
75504725.76685753,1533.2648981850678
75510119.99532506,1533.769937729908
75515514.26294613,1534.457319706095
75520908.36745359,1535.2796766294177
75526302.26749673,1536.0688451110384
75531695.98536578,1536.8952417309197
75537089.56338406,1537.5861398758234
75542482.99409366,1538.2309779783075
75547876.37835649,1538.8536332772599
75553270.00697471,1539.5599398813474
75558663.66563836,1540.0268419122044
75564057.14992546,1540.736552739972
75569450.3546417,1541.5845434474422
75574843.28568809,1542.3427878139078
75580236.09212522,1543.1587495930446
75585628.68910064,1543.89341044849
75591021.18698403,1544.3878758069002
75596413.84805167,1544.856994881415
75601806.56128956,1545.4928673642958
75607199.12172115,1546.3270296293376
75612591.46581918,1547.0912064007834
75617983.64246869,1547.870062837561
75623375.65499008,1548.5410384970519
75628767.53084646,1549.1484171508346
75634159.34911938,1549.749223960865
75639551.38506617,1550.4053460829323
75644943.47569022,1550.8498709969563
75650335.38522504,1551.5096621484063
75655727.02150965,1552.3207708814766
75661118.39204735,1553.0737560923912
75666509.61652772,1553.8568105037489
75671900.64541782,1554.5772710558508
75677291.54789862,1555.0551050354622
75682682.61577831,1555.5332268855677
75688073.72278157,1556.1287645132434
75693464.70321257,1556.9354352300247
75698855.43668003,1557.6701628349042
75704245.98476616,1558.3822443531699
75709636.39289185,1559.042879476688
75715026.64569198,1559.607428559278
75720416.8435274,1560.1776430042187
75725807.2461448,1560.8181506956385
75731197.72204146,1561.246560467887
75736588.0054517,1561.8792204605688
75741978.02563307,1562.6540853390075
75747367.78453532,1563.3668732143717
75752757.38584758,1564.1133418040463
75758146.79951486,1564.7949936714508
75763536.07453181,1565.2545174115473
75768925.53345203,1565.7177069230333
75774315.00252001,1566.2640647889866
75779704.34634289,1567.0063159715053
75785093.45480348,1567.7181746180954
75790482.35346796,1568.4120357331763
75795871.13346718,1569.0599113655098
75801259.74520132,1569.6127138069432
75806648.29666024,1570.1558022346833
75812037.05946009,1570.8084896543717
75817425.8708676,1571.2117805196522
75822814.49852197,1571.8351796019963
75828202.8479851,1572.579389042797
75833590.91992857,1573.2483956104627
75838978.84775615,1573.9673790958348
75844366.57891685,1574.6214649647725
75849754.17143095,1575.0663654879158
75855141.93225689,1575.4621916608953
75860529.7318483,1575.9754115112082
75865917.39325199,1576.695176105285
75871304.8426861,1577.3826926904667
75876692.09147337,1578.0970129949467
75882079.18302493,1578.7276986525449
75887466.1195721,1579.2794153812458
75892852.95090295,1579.7948067733514
75898239.97709925,1580.3973841771538
75903627.07743493,1580.7760518467996
75909014.00218669,1581.3498805067372
75914400.64610802,1582.0643408523356
75919787.00579372,1582.7332950256985
75925173.20505181,1583.4255650175346
75930559.21579319,1584.0825223737086
75935945.05344802,1584.5151159026507
75941331.05001862,1584.9199000212773
75946717.08752266,1585.4003063401144
75952103.00365146,1586.1255590763037
75957488.67593779,1586.790553056566
75962874.13651367,1587.436247518234
75968259.45431425,1588.0520105251192
75973644.59876998,1588.5499762864454
75979029.65555698,1589.0402399268705
75984414.89941949,1589.6513978076787
75989800.21870667,1590.008335384759
75995185.35153712,1590.561371124713
76000570.22200155,1591.2542600347813
76005954.80214263,1591.89112379907
76011339.21860673,1592.5876062314244
76016723.43868531,1593.2115852562044
76022107.488105,1593.6431716960642
76027491.68570511,1594.0142576756389
76032875.87651755,1594.5102184293135
76038259.97676122,1595.1842845346816
76043643.90250196,1595.8053536955974
76049027.55920763,1596.4659541269075
76054411.0616575,1597.021042051629
76059794.40828352,1597.5338165166543
76065177.63797092,1597.9764297643783
76070561.06039676,1598.5525601793806
76075944.53163911,1598.8870727056942
76081327.86860454,1599.4046132898166
76086710.93425104,1600.0538206367187
76092093.69186847,1600.6802772645476
76097476.30326037,1601.3098469739832
76102858.71561289,1601.9251884006567
76108240.92084226,1602.3379713665936
76113623.2772973,1602.7019883340201
76119005.65558468,1603.102689484764
76124387.93949428,1603.780686136769
76129770.01812963,1604.4174320722573
76135151.84279235,1605.0435086089067
76140533.53056778,1605.618555994145
76145915.02646615,1606.0955436129289
76151296.4144725,1606.5377890593302
76156677.95738356,1607.128279902159
76162059.5746714,1607.4017174240585
76167441.02769187,1607.9131823849175
76172822.22533847,1608.5587544380312
76178203.09295507,1609.1579666664527
76183583.80483066,1609.8130561251983
76188964.29475616,1610.415312771352
76194344.58296445,1610.8245724538142
76199724.99159026,1611.1610457722722
76205105.4466996,1611.6221620610652
76210485.73990358,1612.2691650018855
76215865.84810308,1612.828116546328
76221245.71312721,1613.4453822778923
76226625.3883961,1613.9886062730188
76232004.92168954,1614.4634116730954
76237384.29878174,1614.8865723050658
76242763.83348362,1615.4210084467609
76248143.45952085,1615.7459944152163
76253522.93361925,1616.2124733072574
76258902.13649306,1616.809268206829
76264279.85211019,1614.5192434442051
76269664.08050716,1612.5471819613772
76275047.01946539,1613.118452986056
76280429.65375072,1613.3542605537662
76285816.95123222,1606.4481491287104
76291204.19650595,1606.6452243879398
76296595.84119235,1599.9952994032283
76301987.28678918,1600.43636803094
76307382.90712963,1593.7565939115725
76312778.4391148,1594.141819444366
76318178.2071028,1587.3138588847503
76323577.92915533,1587.5553220969641
76328982.21674107,1580.836838721778
76334386.70680627,1580.9432931610268
76339795.49505296,1574.1690375755652
76345204.12578994,1574.592419140289
76350616.92650223,1567.9919475891252
76356029.62215398,1568.4057449656557
76361446.67463711,1561.8564286392962
76366863.54297164,1562.0451584394764
76372285.13680995,1555.3158603718193
76377706.73975797,1555.446597901957
76383132.95574635,1549.1180396960626
76388558.9548555,1549.647192779158
76393984.7850674,1550.20070714877
76399410.51405844,1550.6915269295448
76404836.16239613,1551.0945260080653
76410261.73510621,1551.4377825782365
76415687.54997505,1551.9200319496579
76421113.49331115,1552.1342789965938
76426539.38109928,1552.560036447213
76431965.0807563,1553.118025773672
76437390.52481595,1553.6391439734757
76442815.88394438,1554.20820242746
76448241.10167813,1554.710643885365
76453666.19564937,1555.0311774524966
76459091.47899239,1555.2888702812195
76464516.82313547,1555.6310019390892
76469942.16268913,1556.178209986882
76475367.36213014,1556.7124097623048
76480792.37327278,1557.2371523848917
76486217.30587621,1557.7043003030062
76491642.1266988,1558.0765943556835
76497066.9038652,1558.424666950254
76502491.90339807,1558.8666735964546
76507917.03082676,1559.1035071496049
76513342.06430264,1559.5056066641018
76518766.90633363,1560.0361738755612
76524191.51223522,1560.5297624080831
76529616.05571821,1561.0514669983227
76535040.43784313,1561.5242960296998
76540464.72353041,1561.7980064614123
76545889.19959646,1562.0214738767775
76551313.73611915,1562.3705321321963
76556738.2422242,1562.8882139698537
76562162.61421244,1563.394720805171
76567586.79576659,1563.8755858534018
76573010.91120706,1564.3105464904625
76578434.90656555,1564.6421750501436
76583858.87952454,1564.9557244514651
76589283.08394165,1565.375412235015
76594707.41524243,1565.5839562767735
76600131.63232622,1565.9598727566897
76605555.6585038,1566.4737761367885
76610979.46681246,1566.947152096258
76616403.1776501,1567.4331935622413
76621826.7554555,1567.8809379937622
76627250.2368078,1568.117616596562
76632673.91534978,1568.3075760564072
76638097.70803343,1568.612785725708
76643521.4169683,1569.110012934607
76648944.96801844,1569.5741696992527
76654368.37036446,1570.0544043593927
76659791.68523113,1570.4593082786485
76665214.8931963,1570.7845202155331
76670638.0895693,1571.0832852509927
76676061.52833837,1571.4819805877094
76681485.05593854,1571.6750144838313
76686908.45647058,1572.0541920994408
76692331.65658918,1572.5495667534792
76697754.6537371,1572.9889231105853
76703177.55046512,1573.4547784294857
76708600.31315349,1573.8663651046372
76714022.9950432,1574.0725401865077
76719445.88031745,1574.277143783422
76724868.84894039,1574.5865482956178
76730291.74092673,1575.0871828816216
76735714.44182898,1575.5312096828866
76741137.01721764,1575.967724514232
76746559.48556757,1576.3284661235707
76751981.86378303,1576.6279983674783
76757404.2372635,1576.9128599815108
76762826.85695383,1577.2598898840222
76768249.5483081,1577.4260037069264
76773672.11638907,1577.794484731461
76779094.46918064,1578.2797261935798
76784516.61058737,1578.6752327522481
76789938.67402749,1579.1281704287776
76795360.58343296,1579.4865506947951
76800782.45848775,1579.6665374603742
76806204.53339633,1579.8454775767932
76811626.6514061,1580.1711359055441
76817048.70184068,1580.6030760177641
76822470.58106746,1581.0334658707363
76827892.30786744,1581.4295368730468
76833313.96403573,1581.7639256370262
76838735.51247817,1582.0199250683145
76844157.09923661,1582.3080385670926
76849578.90651782,1582.5935475267493
76855000.8009864,1582.7562612824818
76860422.55570628,1583.0917314189546
76865844.09369668,1583.5485292984426
76871265.44087057,1583.9535846366261
76876686.69691493,1584.3826419040704
76882107.7910567,1584.7386743206162
76887528.86086632,1584.8892128541975
76892950.108527,1585.0226217688169
76898371.44358334,1585.348965202381
76903792.66584714,1585.7820502215575
76909213.72474946,1586.1881042292823
76914634.6541969,1586.606213625296
76920055.48319007,1586.908911710637
76925476.20021623,1587.170307058678
76930896.96975558,1587.4253394289708
76936317.97053814,1587.7225903914505
76941739.02158286,1587.8602049697604
76947159.90993868,1588.1988149442577
76952580.58218054,1588.6438512057657
76958001.09828429,1588.998884989977
76963421.5001986,1589.4116262699447
76968841.76282285,1589.716853145166
76974262.00736696,1589.8478254023928
76979682.41975361,1590.0003903935672
76985102.90559381,1590.2945292975835
76990523.29701008,1590.7336824815154
76995943.48505585,1591.101520225654
77001363.57998428,1591.4862304102253
77006783.5456002,1591.744302346932
77012203.42915195,1591.9833661395423
77017623.36439966,1592.2377736979845
77023043.52712756,1592.4773263221543
77028463.71826532,1592.5987696172915
77033883.77738361,1592.9229242094714
77039303.61403795,1593.3530212412848
77044723.26306725,1593.6751956309834
77050142.82639405,1594.0804906314154
77055562.20687185,1594.3512157272742
77060981.6169946,1594.4584973133828
77066401.22214712,1594.568877011182
77071820.8540789,1594.877850559917
77077240.38115561,1595.2414264997467
77082659.73627545,1595.612592072425
77088078.959548,1595.9911501139534
77093498.08284722,1596.2509312793607
77098917.08985744,1596.4632424745141
77104336.1876213,1596.7213258519198
77109755.48126157,1596.9215790252524
77115174.79992534,1597.0697920767873
77120593.95649989,1597.3775967966321
77126012.8783287,1597.7599678059005
77131431.64337759,1598.0637478592728
77136850.3231408,1598.4307072994616
77142268.81876764,1598.6712374524218
77147687.36746202,1598.760387740199
77153106.10229918,1598.8532106835955
77158524.8773196,1599.1619589964776
77163943.50756902,1599.503121708115
77169361.96022913,1599.812618101453
77174780.30782112,1600.1681538797493
77180198.54752366,1600.3709794215579
77185616.68958205,1600.5590115697905
77191034.93025155,1600.7844899000163
77196453.38436943,1600.9439638914
77201871.84741677,1601.0523712270108
77207290.15794794,1601.3442890419255
77212708.23435026,1601.7322776186506
77218126.14765732,1602.0262501433847
77223543.96342914,1602.3894531368705
77228961.59492272,1602.6029889674596
77234379.29276414,1602.66723788576
77239797.1737124,1602.7564460116898
77245215.04984961,1603.0450796415455
77250632.82140838,1603.3752887084333
77256050.41205288,1603.7089766043832
77261467.88995963,1604.0248021511095
77266885.2622316,1604.2296783191869
77272302.52758816,1604.3852646005362
77277719.92405343,1604.626793066208
77283137.50012618,1604.7365240293725
77288555.07550481,1604.8790042443259
77293972.49003291,1605.1532894138454
77299389.66899559,1605.4845475891502
77304806.70517683,1605.7630119255311
77310223.66106853,1606.0723655661968
77315640.42795615,1606.260268350335
77321057.27906962,1606.3095568345077
77326474.27807103,1606.3721891469347
77331891.31578566,1606.6708986635247
77337308.20315978,1606.9903126760305
77342724.90849967,1607.2512979138935
77348141.52238196,1607.5467305892146
77353558.03222929,1607.7031395669148
77358974.44678235,1607.848539683289
77364390.99505013,1608.0446254578742
77369807.74271181,1608.144461785785
77375224.46558452,1608.2339702914546
77380641.02095735,1608.4996187829133
77386057.33773378,1608.84371651875
77391473.51409137,1609.1028141461122
77396889.5850261,1609.4192733989748
77402305.47473568,1609.5716064469218
77407721.46160553,1609.5955004665313
77413137.6187153,1609.671640176468
77418553.74113604,1609.9328180430812
77423969.77068333,1610.226395348056
77429385.60765775,1610.5212816252642
77434801.34452507,1610.7930387421661
77440216.96381067,1610.956186831883
77445632.49041803,1611.072403251467
77451048.17672308,1611.303960203476
77456464.02374062,1611.338100859601
77461879.83458848,1611.4750858904947
77467295.47798134,1611.7199128326763
77472710.8841206,1611.9970269074206
77478126.15695588,1612.2502840439536
77483541.35277277,1612.5046849201108
77488956.35791405,1612.6407006304387
77494371.48323345,1612.6611536085773
77499786.74433336,1612.6921304794466
77505202.0258875,1612.9861136982377
77510617.14543031,1613.2608022866982
77516032.09093139,1613.4870656371525
77521446.93587677,1613.7434847296827
77526861.67639387,1613.8694320187285
77532276.32030374,1613.968031302085
77537691.13415636,1614.1355609242055
77543106.10782202,1614.162969118749
77548521.05431437,1614.2453070511554
77553935.81865126,1614.4804258729193
77559350.33490996,1614.7676462598365
77564764.72964697,1615.009302328331
77570179.00549805,1615.270145316218
77575593.10824096,1615.3694666504502
77581007.34821922,1615.3609528884072
77586421.74113823,1615.406364976059
77591836.09742554,1615.6343340376384
77597250.33400527,1615.873979725647
77602664.35842119,1616.1323652101898
77608078.29812853,1616.3391151882324
77613492.12492825,1616.467975930799
77618905.86215018,1616.5300259201078
77624319.7764657,1616.7135533209675
77629733.83776024,1616.688722449758
77635147.87138319,1616.7989446880692
77640561.71911031,1617.0233466769837
77645975.32158525,1617.2614912164918
77651388.80254668,1617.492308004283
77656802.1696605,1617.714331089419
77662215.37158884,1617.798733254881
77667628.71422756,1617.7732566155585
77673042.1795017,1617.7677789870781
77678455.65601663,1617.9830642379877
77683869.0025969,1618.2149695172052
77689282.14020573,1618.456189149849
77694695.1918873,1618.6731973342114
77700108.12329793,1618.7836730602164
77705520.9753386,1618.8494402026813
77710933.99589735,1619.0183470161155
77716347.16358908,1618.9971351998543
77721760.26580264,1619.0974636093188
77727173.17839408,1619.3003921007873
77732585.84881818,1619.5151488578722
77737998.40931655,1619.7233589114658
77743410.84519039,1619.9241162385845
77748823.11630894,1619.9688778388283
77754235.54911613,1619.9264639282567
77759648.12900259,1619.937883045114
77765060.65362954,1620.139640030769
77770473.04908559,1620.3236472367994
77775885.2446409,1620.548332119996
77781297.34132229,1620.7034652929763
77786709.34677932,1620.7960159680547
77792121.26967855,1620.8218663715077
77797533.38842441,1620.9756736577442
77802945.63437037,1620.9030548788774
77808357.8339223,1620.99265712552
77813769.84562275,1621.1947170987985
77819181.60639161,1621.3867636036034
77824593.25936568,1621.6013608541916
77830004.77835405,1621.7823286790824
77835416.1419149,1621.8162487598643
77840827.66139138,1621.7592324596455
77846239.30131781,1621.7746336200298
77851650.90636052,1621.971917752935
77857062.38415606,1622.167285712132
77862473.64338186,1622.3690816540204
77867884.82330814,1622.514296251957
77873295.88164012,1622.5846375057124
77878706.8717525,1622.60111226097
77884118.05096525,1622.7370600388995
77889529.3588064,1622.6452199951073
77894940.5948376,1622.7144703563893
77900351.64002061,1622.9034499982506
77905762.44387937,1623.0801412853025
77911173.12902543,1623.2738569053745
77916583.69192542,1623.4393402490794
77921994.09462468,1623.452247738061
77927404.66556747,1623.382768528771
77932815.33579612,1623.3489571907317
77938225.99055447,1623.538531840201
77943636.50111708,1623.720045504493
77949046.81443503,1623.9040566567207
77954457.04046988,1624.0512636882358
77959867.1437092,1624.099789270528
77965277.18400998,1624.1111512805344
77970687.41410024,1624.2230196315052
77976097.77357261,1624.1415451867101
77981508.04442504,1624.1926951841713
77986918.12495406,1624.3555097031945
77992327.97331315,1624.5144161434757
77997737.71529648,1624.6689606256596
78003147.32945643,1624.8137630619228
78008556.78416674,1624.7897783527515
78013966.41622356,1624.7008663058325
78019376.17020805,1624.674256542462
78024785.86693004,1624.8612339203
78030195.41077381,1624.9828183196
78035604.78285103,1625.1545955438407
78041014.03360039,1625.2565501452646
78046423.20077306,1625.2993901753414
78051832.28848973,1625.2773008083489
78057241.60163912,1625.3681652778153
78062651.0007693,1625.2440385367952
78068060.34757029,1625.285881275969
78073469.4962893,1625.4414351557755
78078878.38592182,1625.5818516305878
78084287.19302015,1625.7495224784236
78089695.84112372,1625.8763868584056
78095104.35133298,1625.83666370624
78100513.03122024,1625.7316599424187
78105921.80979475,1625.7406470201615
78111330.51348314,1625.8955438185285
78116739.09476112,1626.0152980818323
78122147.46938708,1626.1695171892836
78127555.75874127,1626.244343373231
78132963.93158007,1626.262607333705
78138372.05021982,1626.2171829941244
78143780.38172506,1626.3233917715372
78149188.80042441,1626.1540607287093
78154597.13550542,1626.1903862759837
78160005.28502467,1626.3456385981497
78165413.18763736,1626.456090600579
78170820.98502743,1626.6184998282195
78176228.63820134,1626.7247040451145
78181636.14914337,1626.6785208657384
78187043.83966221,1626.56917275618
78192451.59187558,1626.5257506389569
78197859.32961869,1626.6682686579297
78203266.9178604,1626.8021802715766
78208674.29698148,1626.934372680844
78214081.59739459,1627.0171815790122
78219488.76482478,1627.0140968537726
78224895.89136586,1626.9811231157794
78230303.20981112,1627.048614851503
78235710.63544527,1626.895329588687
78241117.93629825,1626.9085085298166
78246525.04697777,1627.0410850867252
78251931.9340537,1627.136696301498
78257338.70566562,1627.2660817945014
78262745.35067812,1627.3535012704187
78268151.84302774,1627.2825074560583
78273558.52250841,1627.153560826348
78278965.28272386,1627.0591820170712
78284372.01032329,1627.2050279939265
78289778.57307093,1627.3117678416586
78295184.96325848,1627.435911252232
78300591.24283907,1627.5023735081477
78305997.4116662,1627.4929029297418
78311403.5270449,1627.4522357511223
78316809.84987925,1627.484985705157
78322216.27018477,1627.3407538940303
78327622.58005624,1627.3333551075257
78333028.68430738,1627.4404749091411
78338434.559148,1627.524747430145
78343840.33616751,1627.6211365851768
78349245.97221145,1627.6947973415156
78354651.46598785,1627.5953057818956
78360057.14479052,1627.4392383367444
78365462.93560967,1627.370792838465
78370868.63478447,1627.501443883646
78376274.16876018,1627.5610949376087
78381679.5399642,1627.6766574251599
78387084.78703524,1627.7113119996002
78392489.94098517,1627.6925641451662
78397895.03422983,1627.6182026932688
78403300.35113509,1627.6382469347038
78408705.73787028,1627.4668242388661
78414111.04379234,1627.4499357749867
78419516.14419164,1627.5417358517548
78424920.99828714,1627.6093958943436
78430325.7779747,1627.693468675944
78435730.38868591,1627.7520760965533
78441134.87347569,1627.6309596843503
78446539.53708826,1627.4522736264837
78451944.30515231,1627.4119552211118
78457348.9737473,1627.5142668332549
78462753.49668731,1627.5449368665252
78468157.8378675,1627.6497440842088
78473562.05776599,1627.6501034685277
78478966.18115108,1627.6164040227218
78484370.24938947,1627.5093286719189
78489774.54216,1627.5218911299287
78495178.89714089,1627.2947494751402
78500583.18015584,1627.2721598456692
78505987.25882778,1627.359632301691
78511391.08218935,1627.4071404739757
78516794.83077282,1627.4986198607528
78522198.40039529,1627.5378893954405
78527601.8514547,1627.405373487693
78533005.47819003,1627.2095811311328
78538409.17778462,1627.174337809096
78543812.80291566,1627.2540463981622
78549216.29066776,1627.2877087074012
78554619.5710181,1627.3717237482701
78560022.75132084,1627.355631190882
78565425.81614321,1627.3001895840216
78570828.83800246,1627.178489834364
78576232.0722269,1627.178560327068
78581635.37867633,1626.9123381324966
78587038.5891267,1626.8833958287967
78592441.59552774,1626.9648774123445
78597844.35505968,1626.988717378612
78603247.02164285,1627.0808711613624
78608649.51612614,1627.0982214548276
78614051.8886894,1626.9553954105816
78619454.44278955,1626.7453831622431
78624857.04079296,1626.6652294487305
78630259.61249983,1626.722829039466
78635662.03974214,1626.76781003085
78641064.24518628,1626.8237794879608
78646466.36583437,1626.8023886692738
78651868.35644302,1626.7224370394845
78657270.31263433,1626.59585086407
78662672.46659523,1626.5811277067023
78668074.70201805,1626.2978816929146
78673476.82076502,1626.2543005220239
78678878.73330604,1626.3219004102898
78684280.40546496,1626.3301171282758
78689681.97051325,1626.4091790465666
78695083.37302944,1626.40987190717
78700484.64866413,1626.2527657216876
78705886.11060353,1626.0311989233999
78711287.60970782,1625.914651273201
78716689.0888087,1625.9562399760068
78722090.41336787,1625.9970095143444
78727491.51712725,1626.0310935569355
78732892.54062517,1626.0005330664067
78738293.42722209,1625.9013531118705
78743694.28253248,1625.7653908425518
78749095.33249573,1625.7345719509924
78754496.46720046,1625.4400324612277
78759897.47308522,1625.3793324627568
78765298.27129295,1625.431017605192
78770698.83237001,1625.4243614200661
78776099.27863406,1625.48701432357
78781499.56654084,1625.4723823306322
78786899.72355151,1625.299553663772
78792300.06885722,1625.0642695081533
78797700.4491013,1624.9259675718408
78803100.8095577,1624.9532802173514
78808501.00784682,1624.982252981453
78813900.98714842,1624.9985080005727
78819300.88468651,1624.9551013224407
78824700.64243728,1624.8391102901903
78830100.36870858,1624.6898332857188
78835500.28821976,1624.643300190579
78840900.2914718,1624.3330795403572
78846300.16187412,1624.2563284042478
78851699.82313329,1624.2928804983057
78857099.24643019,1624.2710016339445
78862498.5527385,1624.3193195276797
78867897.69920626,1624.2896475129105
78873296.71257101,1624.1012985735642
78878695.91334766,1623.8495214670443
78884095.14733733,1623.6964639386797
78889494.36080955,1623.7080623604165
78894893.41245809,1623.720571127783
78900292.2411688,1623.7238079938832
78905690.98692472,1623.6631658281524
78911089.59186397,1623.533001437314
78916488.16310479,1623.3663193063155
78921886.9271246,1623.3048353922889
78927285.77073698,1622.9725444292792
78932684.4848083,1622.8812863902044
78938082.98808642,1622.9039931719035
78943481.24825642,1622.866364862536
78948879.3948545,1622.902940813357
78954277.37432623,1622.8584871341327
78959675.22042218,1622.6548144152491
78965073.24980366,1622.3837113226493
78970471.31174064,1622.2258710529243
78975869.35086766,1622.2218366587613
78981267.23444885,1622.2113078803754
78986664.88891909,1622.2064329332363
78992062.45455992,1622.12428132562
78997459.88218538,1621.9825908957262
79002857.27015585,1621.7942094700388
79008254.85226604,1621.7181956467357
79013652.50392185,1621.361295947498
79019050.03835398,1621.2559060749095
79024447.36131594,1621.2640598498226
79029844.43187155,1621.2109351357171
79035241.39955562,1621.2333874522246
79040638.1866588,1621.1754577031702
79046034.84029979,1620.9531281850743
79051431.6694894,1620.662892164435
79056828.54332924,1620.5242096037218
79062225.36485665,1620.509015499851
79067622.03506213,1620.4588953918171
79073018.48092549,1620.4526535224286
79078414.81993791,1620.3429686908496
79083811.03075932,1620.1967342519804
79089207.18992396,1619.981355812695
79094603.55955091,1619.8899621857327
79099999.98322973,1619.5229879301294
79105396.31569546,1619.3948824795652
79110792.43376487,1619.3812654139986
79116188.28489138,1619.3199418195636
79121584.04987468,1619.3133294715844
79126979.62132688,1619.2473271793424
79132375.05898234,1619.0051374916893
79137770.66648331,1618.6959839983695
79143166.35141306,1618.5530944765887
79148561.94018587,1618.5249973907244
79153957.37116742,1618.4331544173665
79159352.5954851,1618.4213623406342
79164747.68902446,1618.2972823174664
79170142.67165023,1618.1407122275953
79175537.5869889,1617.9127262128375
79180932.72022884,1617.8027083118343
79186327.89726086,1617.4522897524869
79191722.98990488,1617.2998097995448
79197117.86413889,1617.2588657242377
79202512.4724527,1617.187226664343
79207906.99430558,1617.1419345895392
79213301.32878077,1617.0648721336036
79218695.51519911,1616.8039935225129
79224089.87414193,1616.4815538017672
79229484.33244638,1616.2904589073637
79234878.67739634,1616.2614204119373
79240272.84066692,1616.1549408590474
79245666.8188786,1616.125224237036
79251060.65864214,1616.0050855283698
79256454.38929936,1615.8330287772835
79261848.04597904,1615.610739672523
79267241.91525242,1615.4768071769834
79272635.84290898,1615.143431134597
79278029.66097498,1614.9638606633387
79283423.25371596,1614.9025686012105
79288816.59462874,1614.8186926466826
79294209.82328956,1614.7533258474032
79299602.89002782,1614.6612464050029
79304995.7850813,1614.3931029269256
79310388.8576189,1614.0648758294476
79315782.02010511,1613.7910375524436
79321175.10540725,1613.7566945987812
79326567.99675323,1613.6669117754293
79331960.70088229,1613.6163887410642
79337353.2745149,1613.5032037982037
79342745.71553507,1613.3066577162265
79348138.09068795,1613.0849149154972
79353530.65537342,1612.9406567458673
79358923.29938011,1612.5806190260694
79364315.79635091,1612.3835143459219
79369708.07957521,1612.3164710204205
79375100.12061515,1612.213365729886
79380492.02301195,1612.152108652063
79385883.77807102,1612.0436255761754
79391275.34880678,1611.7763740227547
79396667.0959909,1611.4458481655759
79402058.88943042,1611.1575336955543
79407450.66412205,1611.091699633209
79412842.25305833,1611.012855261085
79418233.6070124,1610.9375760536225
79423624.86784507,1610.8089554905812
79429015.9617308,1610.5876469075124
79434406.99478017,1610.3271218918173
79439798.21020724,1610.2034684852401
79445189.4948403,1609.7756160483723
79450580.65179315,1609.5763723650393
79455971.60430399,1609.5073890301799
79461362.28357928,1609.388451484985
79466752.83541402,1609.338592276965
79472143.2096607,1609.2213579031202
79477533.41041431,1608.9425379154575
79482923.76933399,1608.5863423086219
79488314.18842453,1608.3464054647252
79493704.53266151,1608.2542734101128
79499094.71874842,1608.1252381019208
79504484.66570976,1608.0461532704965
79509874.4921525,1607.8703217708426
79515264.18825032,1607.6490530017704
79520653.79232432,1607.356934618897
79526043.6085532,1607.2025496530462
79531433.46650209,1606.7710510129714
79536823.2462723,1606.5465271368903
79542212.80057013,1606.44343150763
79547602.07235281,1606.3273708477643
79552991.23113528,1606.2344044781937
79558380.21020143,1606.1063397651278
79563768.99501272,1605.800114650408
79569157.93711731,1605.4222492234735
79574546.980657,1605.1149688436456
79579935.95187354,1605.02683537631
79585324.71976121,1604.8746197169783
79590713.27660884,1604.7801939033632
79596101.6977332,1604.6361776496722
79601489.97936809,1604.3925328263715
79606878.1660139,1604.1114925704933
79612266.52858318,1603.937547150892
79617654.98096968,1603.5286303345063
79623043.30772336,1603.2796911274468
79628431.41447099,1603.1571006050888
79633819.25476323,1603.025757942596
79639206.94662504,1602.9098439399932
79644594.48551829,1602.772513922117
79649981.81465405,1602.4727273170347
79655369.29675266,1602.083798160526
79660756.8556739,1601.724194075146
79666143.30769987,1599.0826709476044
79671536.25314432,1596.0928773748074
79676927.78437285,1595.9622137371114
79682319.165107,1595.685178224522
79687714.69749269,1587.9700512405177
79693110.28027204,1587.5424743112615
79698510.33145908,1579.8769640324604
79703910.64355674,1579.2901510631636
79709315.14018737,1571.5332883749015
79714719.61266397,1571.2592852710388
79720128.14157565,1563.62975605545
79725536.70603222,1563.3532507947157
79730949.48285268,1555.7296505092381
79736362.21771841,1555.2317592362829
79741779.5150829,1547.384306747142
79747197.00713031,1546.814936332172
79752618.96288261,1539.3115158019057
79758040.84501499,1539.090880888211
79763462.54384835,1538.8801151116302
79768884.16907299,1538.6309433403333
79774305.68588354,1538.2669583695738
79779727.15106355,1537.8689625109569
79785148.83886005,1537.5711247111687
79790570.65131727,1537.0244495782129
79795992.40088616,1536.6772131926361
79801413.97743036,1536.4610593629382
79806835.32408935,1536.225528913138
79812256.5932773,1536.0356339199457
79817677.72458616,1535.7768299892475
79823098.71899591,1535.3368132416517
79828519.9054119,1534.8275459548304
79833941.1887085,1534.440259888265
79839362.45521793,1534.2174837533648
79844783.58345269,1533.9787770226849
79850204.50369322,1533.7471495721743
79855625.37428951,1533.4552292792284
79861046.1157884,1533.0631396810331
79866466.83610255,1532.6542201048455
79871887.77085733,1532.3452563309697
79877308.83292283,1531.7712793010962
79882729.77871351,1531.4038641240493
79888150.55124114,1531.1773276722945
79893571.12310241,1530.9127183750602
79898991.59977055,1530.6803992620173
79904411.96122305,1530.3966009897767
79909832.1853489,1529.9146909463252
79915252.6156335,1529.3761010836552
79920673.17738393,1528.9745258062107
79926093.67014499,1528.751363608433
79931514.00874154,1528.4369913630942
79936934.18231612,1528.2014176984917
79942354.26588023,1527.8538498060027
79947774.25831302,1527.457684418456
79953194.22893952,1526.9957991300598
79958614.43601166,1526.6627577928712
79964034.73674603,1526.002603286322
79969454.95777547,1525.6399360527378
79974874.99503963,1525.4203728691155
79980294.81395197,1525.1293860174865
79985714.53563233,1524.9191746408492
79991134.12461269,1524.6108450179
79996553.59813108,1524.105299362876
80001973.29121509,1523.559325849359
80007393.05940717,1523.0893880086119
80012812.81643164,1522.846734790855
80018232.38082643,1522.5551279536446
80023651.80398385,1522.2647510543773
80029071.12515825,1521.9074681850268
80034490.35986133,1521.4636659485868
80039909.57824253,1520.9959600316338
80045329.03382416,1520.6013591478709
80050748.56547213,1519.9789220130413
80056168.02168898,1519.5802507499748
80061587.28872299,1519.3252416578323
80067006.33522792,1519.0154313247078
80072425.32286651,1518.7420077708712
80077844.14437376,1518.4083741058284
80083262.88376373,1517.8503007179793
80088681.84111215,1517.2496731424092
80094100.91041355,1516.822086161848
80099519.90241154,1516.5247566795917
80104938.7342977,1516.1731145711879
80110357.41150764,1515.8681910762505
80115776.00644748,1515.4760853268674
80121194.50415158,1515.007254269221
80126613.01990075,1514.5226656913665
80132031.7793769,1514.111881722629
80137450.58612283,1513.4675561611393
80142869.29786234,1513.052449072338
80148287.83320709,1512.7820622294298
80153706.16263166,1512.4623183183116
80159124.41729003,1512.1699243327478
80164542.50634898,1511.8205945024706
80169960.5147432,1511.22753005797
80175378.73088714,1510.6306246788404
80180797.0615288,1510.198775650908
80186215.31327766,1509.9289516178205
80191633.37002082,1509.5550157981966
80197051.3118473,1509.2385911477375
80202469.12748978,1508.8113020011483
80207886.8595691,1508.329803573492
80213304.60535462,1507.8318101150724
80218722.59942968,1507.3750868963152
80224140.621345,1506.7027166110563
80229558.54924592,1506.2790203377003
80234976.27506869,1505.9949955643867
80240393.78669536,1505.630266272799
80245811.24529052,1505.3214151119018
80251228.51754315,1504.9249156565984
80256645.74969731,1504.2977072980195
80262063.19546543,1503.6476190859366
80267480.7365336,1503.2173698217837
80272898.1706212,1502.8742556045172
80278315.43999343,1502.4973158855764
80283732.56546618,1502.1661801941607
80289149.60442474,1501.71545936101
80294566.5252994,1501.1949850226679
80299983.50446963,1500.6809261624815
80305400.71629463,1500.1862356446177
80310817.96735245,1499.4972918103817
80316235.09439936,1499.043141555347
80321652.02349482,1498.7341439224995
80327068.76965688,1498.371286080359
80332485.43177386,1498.0387522054036
80337901.9242683,1497.6235582312274
80343318.36662307,1496.9695328921123
80348735.00986925,1496.3276654827712
80354151.74945305,1495.8604761685635
80359568.38742685,1495.5481102829444
80364984.82395852,1495.145675722482
80370401.16855651,1494.7828832728526
80375817.3714497,1494.2812473014235
80381233.49415818,1493.753758407773
80386649.65899824,1493.2257390889242
80392066.08116893,1492.680497933095
80397482.48356745,1491.9686126874585
80402898.79156968,1491.5125756361028
80408314.88728821,1491.1932872150137
80413730.7720847,1490.778771005635
80419146.61343771,1490.422000535255
80424562.25028726,1489.9529445684225
80429977.89305876,1489.2575666194462
80435393.75388819,1488.5816305143949
80440809.64602423,1488.140178106808
80446225.444516,1487.722966339448
80451641.06266113,1487.31047680118
80457056.54403275,1486.9105254971564
80462471.94046707,1486.400448014823
80467887.2189079,1485.8122293410122
80473302.59111099,1485.2754706972128
80478718.1829714,1484.6741302326725
80484133.81140742,1483.9498689166503
80489549.3011686,1483.4606734116405
80494964.57855357,1483.1156608576787
80500379.69203198,1482.7024361428532
80505794.71212539,1482.322227724428
80511209.55560504,1481.8325739406139
80516624.39077912,1481.1074011386145
80522039.40446223,1480.4144295070412
80527454.51159526,1479.9267532419124
80532869.51035556,1479.5713220302423
80538284.29697521,1479.113609719953
80543699.00161275,1478.6962022154994
80549113.56209789,1478.1264919106552
80554528.03913914,1477.5352682134194
80559942.5974478,1476.9862071783796
80565357.39613986,1476.3336659507445
80570772.17862168,1475.5729686186087
80576186.8507046,1475.0734584127756
80581601.2978134,1474.7188860423917
80587015.5504215,1474.2494275304814
80592429.73502663,1473.873241347484
80597843.70715435,1473.3266572719428
80603257.71280603,1472.568740514334
80608671.92176437,1471.865828910693
80614086.17238922,1471.4041713701752
80619500.3239682,1470.9391342362376
80624914.26954249,1470.4796290352792
80630328.07078351,1470.0230378709841
80635741.78889598,1469.435362879709
80641155.37757038,1468.7886623617574
80646569.08375305,1468.2139061326554
80651982.98026562,1467.5008236649967
80657396.9145021,1466.7371765898747
80662810.6863988,1466.21224446396
80668224.22206542,1465.8223747935926
80673637.62597863,1465.3346882702565
80679050.92061344,1464.9123002527497
80684464.03072564,1464.323384904787
80689877.17946374,1463.5293148008877
80695290.51699859,1462.8047021834382
80700703.89342487,1462.266290032056
80706117.19383748,1461.7686024678003
80711530.26316178,1461.2597190969943
80716943.22925596,1460.7715932238107
80722356.08409579,1460.132004796405
80727768.8519721,1459.450527615437
80733181.74992402,1458.8707895530283
80738594.83611758,1458.1015588300538
80744007.92899553,1457.3038533358035
80749420.89404695,1456.7549482204158
80754833.63316648,1456.3479365046785
80760246.21983652,1455.8381438050008
80765658.70468536,1455.408629715554
80771070.98087052,1454.7810604972724
80776483.31020305,1453.9577919760413
80781895.82243116,1453.2079541241417
80787308.38055098,1452.730085789515
80792720.82051869,1452.198756616321
80798133.05111462,1451.6596441482898
80803545.15055747,1451.1380917564086
80808957.15500982,1450.4571507673254
80814369.04835536,1449.7400676019051
80819781.0876746,1449.1222391186793
80825193.30860949,1448.2938431252892
80830605.5481429,1447.459517293114
80836017.6331752,1446.885961708296
80841429.47501792,1446.4670357846708
80846841.18250464,1445.9353512462685
80852252.769892,1445.479456478925
80857664.16237621,1444.8115125172878
80863075.62008777,1443.9425875242441
80868487.25411884,1443.1653283425903
80873898.90199853,1442.6252330342115
80879310.4714654,1442.0703663098184
80884721.82758588,1441.5509552350304
80890133.05648027,1440.998573343143
80895544.18308201,1440.3083951680974
80900955.19556814,1439.5582102131996
80906366.3760264,1438.9455793638879
80911777.72119226,1438.0643740395521
80917189.0750674,1437.2451654408728
80922600.25596151,1436.643450444483
80928011.18357602,1436.163827065171
80933421.99268273,1435.604304778677
80938832.68328802,1435.0888027045594
80944243.18273734,1434.381077600784
80949653.76431404,1433.4738054760105
80955064.51115409,1432.668771455929
80960475.27167435,1432.0718210309226
80965885.94095291,1431.48433755411
80971296.3780981,1430.9180428083214
80976706.727312,1430.3461972313753
80982116.93912172,1429.6114065498627
80987527.06105697,1428.8244296212652
80992937.34726061,1428.1915972714178
80998347.7937752,1427.2376162301937
81003758.2350814,1426.382845724069
81009168.52715844,1425.753585053927
81014578.57508314,1425.2372888317545
81019988.488772,1424.6490164524796
81025398.30214888,1424.1106951284626
81030807.89695995,1423.3631392038892
81036217.58857733,1422.4275751884609
81041627.42027064,1421.5538749941331
81047037.29423736,1421.0102317420708
81052447.03161277,1420.390804297919
81057856.56343032,1419.7338341058003
81063265.99264802,1419.1237381172489
81068675.30761862,1418.3159132579226
81074084.52655979,1417.5023894922258
81079493.91901836,1416.8040683892193
81084903.49871685,1415.815640931245
81090313.06430073,1414.8682100733788
81095722.46947166,1414.2105628879053
81101131.61887617,1413.7092045535558
81106540.63099979,1413.0962762430263
81111949.51644424,1412.5680300516096
81117358.18611184,1411.7690737906541
81122766.96096723,1410.782326543626
81128175.90975052,1409.9002688900791
81133584.82320108,1409.3131421064284
81138993.646107,1408.6411519080655
81144402.2690625,1408.0273851604302
81149810.75631505,1407.3637427001938
81155219.14009959,1406.5642446482266
81160627.4071053,1405.689660994178
81166035.87840222,1404.9991004141607
81171444.4703211,1403.9415708447646
81176853.08288059,1403.0278504788341
81182261.49627109,1402.3434130603168
81187669.6336474,1401.7682303233546
81193077.6805584,1401.1221987666402
81198485.58246294,1400.51728126213
81203893.29891482,1399.6744130511634
81209301.12481894,1398.6444378098754
81214709.0853295,1397.7457517056869
81220117.04832223,1397.051415470943
81225524.92062317,1396.3552394665596
81230932.55322883,1395.697672657257
81236340.10742764,1395.0103312877056
81241747.51261507,1394.1571562256347
81247154.83601823,1393.2486351999207
81252562.3586859,1392.5517086903026
81257970.02401674,1391.4018270808879
81263377.66545598,1390.474836949743
81268785.14370838,1389.7512575308915
81274192.35846409,1389.112998393928
81279599.456417,1388.4455571894316
81285006.43911631,1387.7812676821595
81290413.2100554,1386.8991095913725
81295820.10982296,1385.8394950750187
81301227.12105398,1384.8757634414058
81306634.17805864,1384.1910776573307
81312041.08166024,1383.457884714328
81317447.75159362,1382.7054397985269
81322854.34896311,1381.9828037664977
81328260.79898468,1381.0539461005026
81333667.16922726,1380.1129907114082
81339073.73587447,1379.3398488390924
81344480.4715033,1378.1362101994175
81349887.15940394,1377.1308111952453
81355293.69974346,1376.374893362054
81360699.98844677,1375.7234690152713
81366106.134807,1375.021069833772
81371512.1758257,1374.340183589045
81376917.98012407,1373.4068477892006
81382323.92059027,1372.296568325223
81387729.98653395,1371.2768591139422
81393136.07908605,1370.648427200635
81398542.01112604,1369.8520077465164
81403947.73529145,1369.0434030074516
81409353.3570643,1368.2665121588366
81414758.85064663,1367.2885933011594
81420164.24943782,1366.2953147471924
81425569.85485502,1365.4492111562338
81430975.61900957,1364.1923816330823
81436381.34515503,1363.1089047675034
81441786.9086398,1362.3187500569522
81447192.21099165,1361.6594126003488
81452597.37630266,1360.9220110957183
81458002.42059566,1360.233910533677
81463407.22879492,1359.2438651459597
81468812.17765684,1358.0727392032838
81474217.25831446,1357.013791175831
81479622.32630526,1356.3602771519613
81485027.2559795,1355.5123645160945
81490431.99370833,1354.6940988040787
81495836.59995975,1353.8642643871055
81501241.09232512,1352.853771105217
81506645.47579567,1351.8095136657214
81512050.08738786,1350.9325511893567
81517454.8384861,1349.607819767035
81522859.56911038,1348.483169796684
81528264.11190706,1347.6540921144342
81533668.37174715,1346.9571526817651
81539072.51506919,1346.1879133410364
81544476.5101297,1345.4667121262821
81549880.28476328,1344.4207275664746
81555284.20841712,1343.1844546206848
81560688.26318075,1342.092485837088
81566092.27372593,1341.3525478271115
81571496.17150615,1340.4538308314352
81576899.86861908,1339.6408925062076
81582303.42930983,1338.7442054670307
81587706.87920648,1337.7057533771354
81593110.21704672,1336.6050002274037
81598513.79481281,1335.7120646611086
81603917.50197586,1334.3120847139776
81609321.1919273,1333.1735338137864
81614724.68013608,1332.3046189500474
81620127.87121566,1331.540986352555
81625530.9583592,1330.7432402097734
81630933.88090558,1329.957918628221
81636336.59417917,1328.8578787962992
81641739.46466881,1327.5627386757153
81647142.46132413,1326.4363734677618
81652545.40733796,1325.5961455753295
81657948.24050504,1324.651225058386
81663350.84989436,1323.8122620907934
81668753.34325798,1322.8484548752094
81674155.71142946,1321.766087398872
81679557.97229785,1320.605895256041
81684960.47765782,1319.6848993748995
81690363.11450002,1318.2039238334341
81695765.72485144,1317.0411199629298
81701168.13518576,1316.131750865958
81706570.24428214,1315.2992190511568
81711972.24743305,1314.4694143238216
81717374.08485079,1313.6145363260441
81722775.71358724,1312.4611977340064
81728177.50287467,1311.110552307815
81733579.4124159,1309.9435492135535
81738981.27790049,1309.0277384950618
81744383.01632328,1308.0379166050939
81749784.51255293,1307.1448953549252
81755185.915068,1306.1265083455041
81760587.17129797,1304.9859607892727
81765988.32532093,1303.7640558820653
81771389.72465006,1302.7993670268056
81776791.25917824,1301.2341606684804
81782192.758606,1300.025265951355
81787594.06359191,1299.0707595002332
81792995.06665203,1298.1782890262016
81798395.95729591,1297.3084692799703
81803796.68503642,1296.3918017266858
81809197.19977205,1295.1824307623924
81814597.87568781,1293.772196982166
81819998.66582528,1292.553430238322
81825399.41979855,1291.5794213848276
81830800.0346099,1290.5392967696234
81836200.39698802,1289.5855363969436
81841600.6762272,1288.5116493024898
81847000.79735245,1287.3076657610013
81852400.81820807,1286.022999543834
81857801.08467926,1285.0066944800435
81863201.48955531,1283.356023465969
81868601.85400671,1282.0861577208993
81874002.02549781,1281.080409895168
81879401.89233723,1280.134081345768
81884801.64224358,1279.2185760482776
81890201.2286062,1278.2475101469627
81895600.59737998,1276.9769886676404
81901000.12788847,1275.49862424157
81906399.76866809,1274.2179136585141
81911799.37312241,1273.1883592213828
81917198.83422284,1272.0898986844086
81922598.04042605,1271.0808122800695
81927997.16254967,1269.94491054234
81933396.1240986,1268.6769745569918
81938794.98272274,1267.3270110855983
81944194.08978777,1266.2558431419993
81949593.33738562,1264.5185336189302
81954992.54353125,1263.1771598889964
81960391.55195978,1262.1131874534854
81965790.2488977,1261.1169071503225
81971188.8284225,1260.1511365490273
81976587.23810366,1259.1325833824349
81981985.42668295,1257.7946780191473
81987383.77791114,1256.2378557542042
81992782.23775642,1254.8843245992648
81998180.65119463,1253.8006409329255
82003578.92582287,1252.635097550285
82008976.95174214,1251.576539845548
82014374.88003035,1250.3709615658186
82019772.6560351,1249.037465677824
82025170.32209079,1247.619781039176
82030568.24123687,1246.487730946345
82035966.30259486,1244.6609712203958
82041364.32496169,1243.2310626880862
82046762.13953418,1242.1004821643114
82052159.633435,1241.0627396344319
82057557.01131353,1240.0405770700895
82062954.2105962,1238.9857536631273
82068351.18384063,1237.5749193366928
82073748.3194312,1235.930403226517
82079145.56151728,1234.4879483785817
82084542.74572489,1233.3693678532254
82089939.79999518,1232.1309791108843
82095336.62204923,1231.0133086641931
82100733.32006955,1229.739018944601
82106129.88383742,1228.3292264926858
82111526.32816459,1226.8438292406317
82116923.02710648,1225.6334571871193
82122319.87285908,1223.7150515318544
82127716.67998028,1222.1647086530159
82133113.27027595,1220.9615823690774
82138509.53564326,1219.8965401046464
82143905.67546831,1218.8091451508399
82149301.63984379,1217.7285807765404
82154697.3632333,1216.2468184158183
82160093.24471131,1214.512586105267
82165489.23287292,1212.956715658509
82170885.16493729,1211.8425445577502
82176280.96016778,1210.537218561934
82181676.54580162,1209.317464785999
82187071.98948161,1207.9891477607462
82192467.3008294,1206.4776658559767
82197862.48583901,1204.9217602277204
82203257.91853897,1203.607220516673
82208653.51224253,1201.5910598802393
82214049.0557806,1199.893057265388
82219444.38932236,1198.6132857454413
82224839.40650915,1197.5173366192516
82230234.27146079,1196.3595370816156
82235628.98251553,1195.2352655896975
82241023.42587687,1193.6832251125704
82246418.01918101,1191.8657632377508
82251812.71652713,1190.1922058847358
82257207.38808249,1189.0805677218252
82262601.89034323,1187.7069938834704
82267996.18470575,1186.3403345531742
82273390.34592177,1184.956111326972
82278784.35800272,1183.3235713466363
82284178.2478489,1181.6869617503155
82289572.36683556,1180.2671760396456
82294966.6733024,1178.1417727034932
82300360.9042845,1176.3157162883126
82305754.94719027,1174.9534370680178
82311148.68862663,1173.784074948813
82316542.24599901,1172.5527377537749
82321935.67545801,1171.3357717210586
82327328.81345876,1169.7124888531177
82332722.09463325,1167.8096906621781
82338115.47023055,1166.0186188620683
82343508.85744241,1164.8314954274902
82348902.04396288,1163.3887319071493
82354294.99752422,1161.8900875589136
82359687.8521497,1160.4275449363186
82365080.52921426,1158.68290029853
82370473.09789579,1156.9525410699232
82375865.87374747,1155.4630747359497
82381258.86087418,1153.2138270220014
82386651.75224449,1151.307834367442
82392044.47153969,1149.8554474648772
82397436.89096035,1148.5627690332788
82402829.11168745,1147.2578407073515
82408221.21197864,1145.9086440889498
82413613.01864567,1144.2113659500023
82419004.96119744,1142.198862473824
82424396.98608948,1140.30981282013
82429789.05456153,1138.9102824877505
82435180.9087641,1137.4014877478235
82440572.49780071,1135.8586937321693
82445964.02483436,1134.311912420911
82451355.3408925,1132.504021500837
82456746.5547098,1130.6569925744973
82462137.97878502,1129.1464463332545
82467529.59443861,1126.7541707866133
82472921.13385956,1124.796367288423
82478312.47393602,1123.2406615466107
82483703.48332204,1121.834985705321
82489094.32779661,1120.440676030149
82494485.01546505,1118.9976052123889
82499875.44088842,1117.203462848
82505265.98198226,1115.0379990351132
82510656.63226093,1113.0632227589103
82516047.25771575,1111.492880541905
82521437.7419097,1109.8757395066
82526827.9723676,1108.3453386692238
82532218.09106703,1106.6677480653195
82537608.03076243,1104.7996878412378
82542997.81994084,1102.8255947920281
82548387.83915648,1101.1882585279384
82553778.02926463,1098.7115793806984
82559168.18944816,1096.5272332542506
82564558.10889737,1094.8594952682568
82569947.68257134,1093.467193219961
82575337.07170913,1091.97728293143
82580726.30515967,1090.5555299633577
82586115.24494985,1088.6625044059103
82591504.28719842,1086.3604508135818
82596893.46971744,1084.1942757326615
82602282.61446269,1082.716040922143
82607671.56483008,1080.99636494197
82613060.30369867,1079.2107202334005
82618448.90557031,1077.449082211495
82623837.32950127,1075.3552202411624
82629225.61544815,1073.294289349321
82634614.08580755,1071.488768268093
82640002.80456392,1068.8826908606093
82645391.42452076,1066.4636635527568
82650779.86184745,1064.661388511204
82656167.97737269,1063.119008687332
82661555.85920902,1061.5059329475132
82666943.62374118,1059.8957869909373
82672331.07366571,1057.9213131364777
82677718.61525497,1055.4780074230935
82683106.26806366,1053.1337608184926
82688493.92790695,1051.362085835958
82693881.4144046,1049.565212019938
82699268.63079837,1047.728497416186
82704655.76985781,1045.8600090198784
82710042.68090096,1043.7026559243034
82715429.44879797,1041.474507331611
82720816.40892859,1039.6173834413971
82726203.58717689,1036.8823670027148
82731590.71808276,1034.363945736014
82736977.61747372,1032.4164236432227
82742364.1645395,1030.7572332860577
82747750.49010544,1029.0231964139778
82753136.68164414,1027.317755370557
82758522.56592591,1025.2285425038065
82763908.52332166,1022.6014999268308
82769294.62473218,1020.0635113617784
82774680.69082712,1018.1682052284177
82780066.58856028,1016.2683449907022
82785452.25939813,1014.3452835422888
82790837.79979049,1012.3515868638294
82796223.14445005,1010.0354592088496
82801608.3146423,1007.6851291093362
82806993.64814262,1005.627855843527
82812379.23429483,1002.7724139654647
82817764.7599461,999.912804370463
82823150.05262548,997.7996517520644
82828535.00551888,996.1230654673242
82833919.69043344,994.2336566151973
82839304.25668512,992.5008842257424
82844687.19150548,986.7811661646884
82850077.73040077,976.481191614555
82855466.59418087,973.667985708092
82860855.4707118,971.6851339558209
82866248.15481667,948.7178322313732
82871641.03959325,946.3490431299679
82877037.79923443,922.6403453402776
82882434.83063774,919.7833893987776
82887835.69477926,894.8752459929472
82893237.21130532,892.2399292284903
82898642.99080548,866.0460373490142
82904049.23178732,862.3554495345319
82909459.29630259,836.096403997687
82914869.54235527,833.7449043061769
82920283.61422855,806.8193822763305
82925698.02315527,804.261396018511
82931116.27790341,776.0744111267409
82936534.97461729,771.9711397604397
82941958.13180634,742.1220085335842
82947381.5680775,739.0364435589092
82952804.88476689,735.6164018631587
82958228.02431671,732.2779720828833
82963651.05658402,728.9640902698261
82969073.96513538,725.0553230246043
82974496.73692931,721.0608901429189
82979919.75232323,717.535827588363
82985342.98861304,712.8798331733378
82990766.23699766,708.3586161018613
82996189.29203296,704.7851183665321
83001612.05507503,701.6097647629325
83007034.6720932,698.1125851432348
83012457.18832466,694.7769132951535
83017879.4477612,690.7231834683371
83023301.8461664,685.8873311327606
83028724.44684689,681.281602753688
83034147.10798298,677.6417629247674
83039569.6322978,673.6824747150843
83044991.93319352,669.6873878269552
83050414.1816006,665.8856473635965
83055836.28908662,661.2808383877702
83061258.2933804,656.7168696298118
83066680.55158459,652.5905736088569
83072103.0385578,647.0750295881892
83077525.52043736,641.8154071329756
83082947.81333576,637.7734745610858
83088369.80181266,634.2277234392268
83093791.66246293,630.2934634403402
83099213.38306251,626.5266909444525
83104634.8573654,621.7754146381023
83110056.49778841,616.2036448219114
83115478.33772546,611.0952660806947
83120900.21404904,606.8584545574197
83126321.97157092,602.2501251364595
83131743.476653,597.7470173727057
83137164.94870737,593.1870423448986
83142586.23992984,587.8495335001853
83148007.45417525,582.4635728157341
83153428.92814627,577.724768408857
83158850.60415949,571.0072223970483
83164272.23491763,564.9717783763707
83169693.69342299,560.2574190472019
83175114.88444628,556.0016967214309
83180535.92075562,551.3166230561478
83185956.84731343,546.8763787083298
83191377.48217705,541.0774852950385
83196798.32076716,534.4698803508601
83202219.35767247,528.27253369756
83207640.36831361,523.6624407803716
83213061.25550938,517.9552887146783
83218481.96050186,512.607331058175
83223902.54389974,506.83914440037734
83229323.00764641,500.43095663511383
83299787.23107195,412.66634625445704
83310626.8657225,397.7686334898922
83321466.03851356,380.2282444286798
83332305.98969026,360.51876818148685
83343145.8325481,342.29806446366
93120672.19725119,364.6424645043012
93131486.0967022,372.620840619858
93142299.62471081,375.7313980587992
93153112.59849878,382.5238852277662
93163925.34793155,389.34750627521817
93174737.75222349,392.5827842163667
93185549.2917564,398.59583438400114
93196361.01615374,402.19470423078064
93207172.78145424,405.49501460412785
93217984.33865528,412.19344024645306
93228795.5644723,415.0343040479929
93239606.24610476,420.6225701748508
93455755.47548339,493.46670661571386
93466559.96929026,495.54377422405213
93477364.24207635,500.17832944772823
93482766.17088696,501.02921777219944
93488168.10556963,501.7124252200702
93493569.86942738,503.6973692341892
93498971.58223741,505.83316692636424
93504373.20656249,507.7845766557714
93509774.70611526,509.9154037860421
93515176.10227406,511.5125187744659
93520577.48262414,511.43424522554415
93525978.39362717,513.0384894898268
93531379.26418781,514.9144286685606
93536780.17494205,515.4678713181854
93542181.195648,516.5703087500264
93547582.25159286,517.2205013494581
93552983.20630628,518.3092273031862
93558384.16735837,520.6176468517956
93563784.99114199,522.4952991129794
93569185.68444104,523.1835670684338
93574586.37620454,523.6986451770297
93579986.89499496,525.4617309645128
93585387.3623607,527.4021498496941
93590787.73550181,529.1673218778785
93596187.98224379,531.1012033412368
93601588.12239313,532.5139519060249
93606988.2490422,532.3476998887184
93612387.90149294,533.805245741092
93617787.513305,535.4925741254889
93623187.16483824,535.9202883036617
93628586.92352565,536.8740124331184
93633986.71523981,537.3907036477331
93639386.40624678,538.3405960813845
93644786.09800391,540.4542675526368
93650185.64980124,542.1536527544779
93655585.07724321,542.6915904891196
93660984.50254434,543.0914835045974
93666383.75303231,544.6729988836657
93671782.94499272,546.4321314599267
93677182.0412977,548.0358248991765
93682581.00672051,549.7987143409729
93687979.86325659,551.0697177855302
93693378.70828806,550.7984620606485
93698777.07771024,552.1229824005336
93704175.39829005,553.6178768024799
93709573.76038706,553.9436504355117
93714972.23239242,554.791905721738
93720370.72650078,555.202398510987
93725769.12823705,556.0379185918208
93731167.51748219,557.988864415222
93736565.76352845,559.539262471367
93741963.88777435,559.9403551384592
93747362.01767273,560.2860586694718
93752759.96827014,561.7145525694589
93758157.84406292,563.2991043404076
93763555.62785429,564.7564228478825
93768953.27499126,566.3667498974813
93774350.81213704,567.5274570386828
93779748.33785541,567.1265149229095
93785145.39017336,568.3173587092788
93790542.37887125,569.6147675495964
93795939.41758518,569.8611877693561
93801336.57177253,570.6254355004752
93806733.73040628,570.961735374842
93812130.80876546,571.6782913041692
93817527.85873881,573.4898641957575
93822924.75921415,574.924386583236
93828321.5398506,575.2137703677545
93833718.3430685,575.586528355624
93839114.94658299,576.8665406079988
93844511.44961841,578.2804232756446
93849907.86760584,579.5998937666441
93860700.31861465,582.1364594969971
93871492.15823635,582.6866466145759
93876887.76646648,583.8059322475724
93882283.4452849,583.9897104655381
93887679.23960665,584.6479472004416
93893075.02326939,584.8997390606485
93898470.72652012,585.4533738399814
93903866.3889916,587.1304670209881
93909261.8976054,588.4916223120713
93914657.3016585,588.6816339362945
93920052.72734426,589.023436597493
93925447.90253223,590.1052350763446
93930842.97609381,591.3704886758774
93936237.96932004,592.5971085773783
93941632.84157087,593.9313979154808
93947027.5798325,595.0017180441371
93952422.31658295,594.300081557717
93957816.62757859,595.3256879923895
93963210.82043567,596.3643631580262
93968605.10159387,596.5143772842127
93973999.48825613,596.9926663754045
93979393.8498143,597.2566187270761
93984788.11792481,597.6075114945702
93990182.34285188,599.1958496233658
93995576.4309872,600.5047262074681
94000970.38890986,600.2822390946762
94006364.41111067,600.399877345762
94011758.12035803,601.5682580625905
94017151.75041984,602.7913185225752
94022545.31507154,604.0121433329689
94027938.7511249,605.2405335063731
94033332.05755521,606.3637858105053
94038725.35192868,605.6657268987296
94044118.26881842,606.2833365835355
94049511.044334,607.3700625483884
94054903.90025814,607.4201644058021
94060296.8297163,607.7055950741706
94065689.77392855,608.0348308322738
94071082.58224407,608.3071028076274
94076475.37926692,609.8493433525886
94081868.03971007,611.0383098188363
94087260.49996752,610.9481407374583
94092653.04923014,610.7744294734584
94098045.36442874,611.930992094037
94103437.58313183,613.1880105664873
94108829.71872272,614.2317552134813
94114221.71739982,615.3669777351079
94119613.6000081,616.345173728269
94125005.47081447,615.6918878758265
94130396.86901797,616.0323513909151
94135788.19852826,616.9967382654127
94141179.57348071,616.9080672605296
94146571.02916281,617.23347814605
94151962.52326103,617.3318808414235
94157353.89145848,617.6850180374986
94162745.22250783,619.0229576164156
94168136.40335195,620.1213890617769
94173527.43608141,620.1970181894077
94178918.52121888,620.1403368388678
94184309.37112938,620.8914349124648
94189700.11918756,621.9642380207797
94195090.77304362,622.9171334031907
94200481.28648637,623.9231288646474
94205871.65323907,624.8121861387322
94211262.03277531,623.9920553725196
94216651.9365814,624.6472303027992
94222041.72252004,625.4093064779354
94227431.56582026,625.3452077726819
94232821.52539238,625.6457843424682
94238211.45255542,625.6568871788852
94243601.30742514,625.8852721157436
94248991.07679483,627.1253312108983
94254380.712063,628.2339213188557
94259770.19595487,627.9085918819881
94265159.78833032,627.8358444245991
94270549.04443184,628.6210764408199
94275938.18713847,629.5803167884837
94281327.28733476,630.5133619018583
94286716.22472751,631.4283972395397
94292105.02064848,632.4340060569369
94297493.81699906,631.5454220255247
94302882.21281877,631.997104428956
94308270.42589954,632.7766892885911
94313658.71348959,632.6610468021919
94319047.0880745,632.7556533159309
94324435.46207978,632.896117020619
94329823.70419537,632.9201692236807
94335211.91433011,634.1235618057057
94340599.98701312,635.2268067592204
94345987.83074611,635.0175611949643
94351375.80555475,634.6276443507818
94356763.52642256,635.4334046348041
94362151.10543413,636.5280412330785
94367538.61098689,637.2796596930125
94372925.96130511,638.179128968136
94378313.16765213,639.0756639649138
94383700.39379233,638.2240532819105
94389087.11928381,638.2903844725066
94394473.7581161,639.0267904170155
94399860.40520187,638.8145931333215
94405247.14792116,638.9203167740943
94410633.92760712,638.8021222616615
94416020.57699855,638.9330740361461
94421407.17005254,639.9130541738454
94426793.63038465,640.9604794629054
94432179.92705384,640.8068165661698
94437566.27947615,640.4784657172299
94442952.36395873,640.8806628961481
94448338.32158713,641.8445161376562
94453724.2006994,642.5922835529107
94459109.92201316,643.3860581998335
94464495.46728736,644.3111478882558
94469881.0510094,643.3440996180309
94475266.20777327,643.6027812176414
94480651.16751574,644.181515405882
94486036.15869817,644.0314540026973
94491421.25537916,644.0059445188192
94496806.34028481,644.0123861463625
94502191.31579277,643.9492233728483
94507576.22615579,644.9067072935651
94512961.00167124,645.9619964608723
94518345.54459612,645.5662882907208
94523730.2358791,645.0496015474748
94529114.6411569,645.5739355563935
94534498.87264477,646.5788880280563
94539883.02410567,647.1871098036343
94545267.02640817,647.9493591072803
94550650.8521347,648.8775481029048
94556034.71687031,647.9402691634971
94561418.10982089,647.7251316352124
94566801.37757154,648.3138267194165
94572184.62886804,648.0683968915779
94577567.9895803,647.9749977645695
94582951.38795209,647.8186315769176
94588332.70589922,637.6547053167546
94593721.99072026,631.1083733965868
94599109.45684601,632.0873211879973
94604496.7100841,631.8498310789046
94609889.4918183,598.257092885347
94615281.02349068,598.2533839883405
94620677.77153955,564.1984788234727
94626073.54772322,564.7552215387727
94631474.56233856,528.380281209633
94636874.53384005,529.2899010584349
94647684.04932216,488.12890162586615
94658501.93557003,445.31986326085956
94669329.26605207,397.44689860546674
94680165.45042259,345.85745607229336
103604790.6989786,504.31536417554264
103610197.64133327,511.4984228787191
103615604.37784009,517.8491114565821
103621010.9925683,524.1456313386616
103626417.6724737,530.5314625593894
103631824.69362585,535.9517773444641
103637231.63222808,539.6972100454291
103642638.55559623,545.4588822482913
103648045.26975779,552.5340130249424
103653451.65481494,559.2594580023392
103658857.99215381,566.3302631140363
103664264.0262522,572.8410677688462
103669669.9101745,577.9344266578918
103675076.02424337,582.8676548162921
103680482.21484764,588.8840224208321
103685888.32019387,595.1176810478123
103691294.21131392,600.7146387814048
103696699.94435512,606.5690362376856
103702105.51800582,611.7293492209108
103707510.94201824,616.9040194228978
103712916.45498647,622.1661583836683
103718322.28542069,626.6694220301831
103723728.06311223,629.7156309897522
103729133.78356999,634.5763295188392
103734539.28648196,640.5787382778472
103739944.48410642,646.1555460658478
103745349.59641536,652.2069481976014
103750754.42394406,657.6217050208438
103756159.11105618,661.9219360553167
103761564.03776668,666.1321115508492
103766969.00629026,671.2016293072049
103772373.9004302,676.4159002866911
103777778.56895584,681.3430761468203
103783183.05038093,686.3165837272818
103788587.40146673,690.7903506086424
103793991.5774799,695.2106545461377
103799395.86073782,699.7957156238894
103804800.43462197,703.7174907780291
103810204.99257478,706.4382750133673
103815609.4457195,710.6801625362905
103821013.6732949,715.890340459543
103826417.62155083,720.6979805899964
103831821.45260356,725.9539870728318
103837225.01937355,730.6340726669487
103842628.45175208,734.3709901824918
103848032.13807045,738.0903664445018
103853435.8364962,742.4049360422314
103858839.47520284,746.9138367343121
103864242.86204922,751.3181532500521
103869646.06194988,755.685806380156
103875049.13646582,759.6708329726064
103880452.02599135,763.5424310198359
103885855.0280459,767.6288668750606
103891258.29771122,771.1274314578664
103896661.574928,773.6399713520473
103902064.72110043,777.4188905958576
103907467.63782856,782.0181766339858
103912870.28894444,786.265748257139
103918272.80783518,790.8975946204283
103923675.07155386,795.0461937129589
103929077.20566839,798.3566223649266
103934479.6036809,801.6938456986481
103939882.00503807,805.4630739129195
103945284.34519206,809.4549402838516
103950686.41393779,813.4140852509563
103956088.30115059,817.3269770858833
103961490.06264462,820.919786429234
103966891.6378364,824.3766018257829
103972293.3216601,828.0575433493174
103977695.25593515,831.2240742774466
103983097.20772986,833.5478310108828
103988499.01857473,836.9644326593675
103993900.59728439,841.090841500351
103999301.91289295,844.9081848142864
104004703.09273,849.0590569882913
104010104.01767862,852.8001686066391
104015504.81742726,855.7768677133485
104020905.88557076,858.7916801149076
104026306.95558214,862.1741718180587
104031707.95776266,865.7700232736643
104037108.68280733,869.3582257916896
104042509.2298752,872.9157373812627
104047909.64652555,876.1820025509937
104053309.87647144,879.3142594337128
104058710.20780532,882.6545519571848
104064110.77825347,885.5522383079233
104069511.36705256,887.6880443317465
104074911.81206363,890.8109118984394
104080312.02122685,894.5657808875701
104085711.96313,898.0401770679919
104091111.7704678,901.8195886331254
104096511.31932978,905.2342010923076
104101910.7465488,907.942934007984
104107310.44277756,910.6769262980429
104112710.1379044,913.7724301405543
104118109.76129717,917.0538724462667
104123509.11463754,920.3360682948035
104128908.28485814,923.6044069419113
104134307.32399747,926.5930224802228
104139706.17377904,929.4633165667785
104145105.11648625,932.5113102645325
104150504.29190621,935.1863333716772
104155903.4809153,937.1323436707505
104161302.52704398,940.0102163539866
104166701.33239284,943.4679046552781
104172099.86168152,946.66084435169
104177498.26021312,950.1506806003792
104182896.39413339,953.2955893886851
104188294.40855761,955.7846038903796
104193692.68903613,958.2702024994458
104199090.96424823,961.1547867511115
104204489.16535874,964.179255283831
104209887.11383688,967.1983219330875
104215284.86858821,970.2286155823485
104220682.48976459,972.9719842901088
104226079.91797225,975.6266156143433
104231477.42784646,978.4150078178037
104236875.16875507,980.9008280849764
104242272.91363493,982.6530306640717
104247670.52458203,985.3213727562036
104253067.8906633,988.536293729329
104258464.96545367,991.4926900386672
104263861.9195327,994.7505976636022
104269258.59706871,997.6690710219948
104274655.15547211,999.9738281648077
104280051.97251084,1002.2379038899935
104285448.7877719,1004.9832105354263
104290845.5146242,1007.7944399648723
104296242.01229095,1010.5601141496848
104301638.30384481,1013.3894878180195
104307034.45694076,1015.9056774190075
104312430.41894107,1018.3803448306146
104317826.4445835,1020.92989341032
104323222.70797595,1023.2512627132962
104328618.9562452,1024.8212027302975
104334015.09721161,1027.3028044471457
104339410.99430194,1030.3028849564323
104344806.57539257,1033.0585777489869
104350202.05837937,1036.1033831879865
104355597.24325185,1038.8324537566218
104360992.30679286,1040.974761436306
104366387.61579677,1043.0427418021357
104371782.94269451,1045.6153739762149
104377178.16179404,1048.257238566842
104382573.16644932,1050.7551003696424
104387967.97156142,1053.422285592932
104393362.61527972,1055.7342232780102
104398757.08418941,1058.0624351838921
104404151.59694347,1060.416755065349
104409546.3700903,1062.5817769263956
104414941.09487386,1064.0518160556846
104420335.75716376,1066.3457517424495
104425730.17703709,1069.1214637278395
104431124.25667451,1071.7146550242383
104436518.26695082,1074.5166383597875
104441911.9660927,1077.087808715292
104447305.53031541,1079.077963878675
104452699.3217862,1080.9951427632882
104458093.18961495,1083.443425371373
104463486.88040696,1085.9735353948552
104468880.33623526,1088.2513062611251
104474273.6458245,1090.7654568638463
104479666.74832062,1092.9460282606876
104485059.71682525,1095.1194489387276
104490452.69475408,1097.3455870368398
104495845.93518879,1099.3717768719969
104501239.12186493,1100.8541352382351
104506632.23818605,1102.9810614275336
104512025.10319671,1105.5123217935
104517417.65233383,1107.9585750234255
104522810.1017539,1110.5010004826786
104528202.27625215,1112.9313857254015
104533594.28535725,1114.8002428487669
104538986.533251,1116.6284717095807
104544378.84603028,1118.7092603542965
104549771.02395141,1121.1133561506592
104555162.93023278,1123.3602636444634
104560554.69093135,1125.688150534716
104565946.2721069,1127.8277352180228
104571337.68075837,1129.8473072997763
104576729.11113028,1131.9735303792334
104582120.7802117,1133.942255676828
104587512.44084993,1135.3290679146726
104592903.96684392,1137.321021045566
104598295.23319706,1139.750828061157
104603686.19396953,1142.0604475243838
104609077.0211801,1144.5450971351024
104614467.59544863,1146.830222050748
104619857.99675333,1148.6209318418198
104625248.63726924,1150.326672316317
104630639.28088473,1152.386834118376
104636029.80107373,1154.6533139655764
104641420.11074866,1156.758668735239
104646810.21055932,1158.960949762085
104652200.1552862,1160.9033602502743
104657589.92172782,1162.8284024405982
104662979.67633945,1164.757072711028
104668369.71690491,1166.6369628263335
104673759.6958836,1167.8257304311064
104679149.60462704,1169.7098984810868
104684539.26253216,1172.0057395477677
104689928.56889677,1174.190819271642
104695317.77475001,1176.5484654439572
104700706.69593139,1178.7198411049383
104706095.43047696,1180.404111522561
104711484.37894927,1181.9736215940748
104716873.39561132,1183.9298969971555
104722262.24168457,1186.110135217641
104727650.85217457,1188.0375406530468
104733039.30044976,1190.154721424625
104738427.54203899,1192.010878054383
104743815.6389371,1193.8322704539034
104749203.68712597,1195.6640972533721
104754592.00453217,1197.4442576178412
104759980.29232225,1198.6256842670855
104765368.5038672,1200.375117820358
104770756.45692185,1202.499898199525
104776144.06746149,1204.5833915610813
104781531.56650455,1206.766704418022
104786918.8009206,1208.8467290862611
104792305.81959708,1210.4525399473803
104797693.05847703,1211.95670111845
104803080.33989625,1213.6866474628175
104808467.48315988,1215.7872713326676
104813854.38264264,1217.6854953660775
104819241.1218353,1219.683171803533
104824627.67109892,1221.523040122402
104830014.03539614,1223.2415029597034
104835400.35804908,1225.0015601763496
104840786.94441442,1226.7437729334806
104846173.51052125,1227.8676177172017
104851559.95655543,1229.50906074418
104856946.13922979,1231.5439242427456
104862331.98526905,1233.5368822271637
104867717.69697589,1235.6409393089548
104873103.17094655,1237.63033089584
104878488.41489561,1239.1953822672592
104883873.85465865,1240.6163786342756
104889259.32625158,1242.3342712700517
104894644.68256333,1244.3631961780752
104900029.82992011,1246.169734791177
104905413.66320741,1245.5229197464496
104910804.51223935,1241.3802367812784
104916193.52746882,1243.0070363565692
104921582.47143146,1244.6113328772221
104926975.4082873,1232.2539236200878
104932369.06972474,1233.2621755545674
104937766.3435908,1220.7279955533031
104943164.2010076,1222.7083969084488
104948565.36932863,1210.5176842517408
104953967.27351917,1212.6071788806744
104959372.60462783,1200.412085859463
104964778.56876606,1201.9691766078085
104970188.44429718,1189.199480293431
104975599.22041138,1190.9720279483938
104981013.62311721,1178.8299896440694
104986428.60959831,1180.6994050460637
104991847.25168526,1168.527823567906
104997266.44654986,1170.33037013164
105002689.4174952,1157.9555782543957
105008112.96649426,1159.7198378704
105013540.85518081,1147.5068300548144
105018969.26595011,1148.7070456566892
105024397.61573589,1150.4816904721142
105029825.77038026,1152.6362046474296
105035253.6648385,1154.7182886430196
105040681.49127363,1156.8870088348908
105046109.14080255,1158.950521877226
105051536.6510408,1160.5425730902843
105056964.4177837,1162.0481685761044
105062392.29605055,1163.8251159384658
105067820.07952036,1165.9120805046891
105073247.68412037,1167.7669904994034
105078675.18761586,1169.7755326059132
105084102.55131108,1171.527552260122
105089529.82136755,1173.2538923517147
105094957.11032668,1174.9641970289906
105100384.72407918,1176.651705502603
105105812.34365046,1177.755965311994
105111239.9251266,1179.4684995005593
105116667.3127783,1181.56097790018
105122094.43648802,1183.532808273032
105127521.48304522,1185.643816269941
105132948.34175502,1187.5639977136013
105138375.09524122,1189.0474248158682
105143802.10254715,1190.5001894106472
105149229.19678701,1192.1595208437896
105154656.21265507,1194.1269482903217
105160083.02306129,1195.8999442363427
105165509.75648877,1197.7754788819962
105170936.33798164,1199.4204842453441
105176362.83372657,1201.0460775986926
105181789.3878908,1202.6786568379089
105187216.24654342,1204.1815264593574
105192643.10832155,1205.2576055980285
105198069.91730596,1206.9017957024314
105203496.51633103,1208.899570981435
105208922.8746892,1210.768056964809
105214349.15024906,1212.7637419013108
105219775.23015277,1214.5496546463376
105225201.24803938,1215.9237869051922
105230627.51123196,1217.3046317938217
105236053.83771859,1218.913106725492
105241480.0815204,1220.7651842891423
105246906.10510677,1222.4976520308996
105252332.05549847,1224.238341505078
105257757.85116372,1225.8158381624057
105263183.5564579,1227.327678729962
105268609.34073123,1228.9079533502113
105274035.38519256,1230.2543277494979
105279461.41928944,1231.3740886073026
105284887.40362738,1232.9437483149723
105290313.18071638,1234.81475464042
105295738.72495662,1236.5579388688957
105301164.22889277,1238.4251770607384
105306589.49147664,1240.0715449145277
105312014.73942424,1241.3622371993415
105317440.214057,1242.6330800303074
105322865.71967407,1244.2838821139794
105328291.14553411,1245.9582612003483
105333716.40739243,1247.628143675433
105339141.52674982,1249.2692381902336
105344566.5551005,1250.7333338156484
105349991.45907933,1252.1464211703824
105355416.51173058,1253.6768796327428
105360841.77506816,1254.8936620163179
105366267.08805908,1255.9463577560302
105371692.28708218,1257.454670174484
105377117.2581082,1259.2562924918416
105382542.03172186,1260.9430912581854
105387966.72608249,1262.7375823452116
105393391.19534695,1264.2915120382556
105398815.68097605,1265.4982327641333
105404240.3631772,1266.6940670405902
105409665.08993237,1268.3110157833048
105415089.71182182,1269.9060342588884
105420514.1765788,1271.485901965874
105425938.51679155,1273.091895937407
105431362.747017,1274.4643644376808
105436786.85471003,1275.8134025593754
105442211.13466711,1277.262556924768
105447635.61475332,1278.3955180304822
105453060.12780489,1279.4397774984038
105458484.50960574,1280.8910300991765
105463908.65832578,1282.592425525873
105469332.64838798,1284.199969730499
105474756.53987508,1285.880159208197
105480180.21307448,1287.3160779064851
105485603.92715612,1288.4504464517042
105491027.83159406,1289.6668596863956
105496451.7467596,1291.2173437716458
105501875.57570767,1292.7509336721569
105507299.19879797,1294.2303319784637
105512722.74769409,1295.7217507432001
105518146.14204189,1297.0126055751484
105523569.45573199,1298.3083391644798
105528992.94567755,1299.7146688361872
105534416.6162533,1300.7739428018303
105539840.26460673,1301.792898987808
105545263.79514772,1303.2055478438735
105550687.09673604,1304.8214627399968
105556110.24443457,1306.3118149977886
105561533.3044625,1307.8995622990712
105566956.13177823,1309.2180575770167
105572379.04063112,1310.2788703339543
105577802.12238215,1311.4366371312392
105583225.21229297,1312.9475799230045
105588648.21659173,1314.3911129069731
105594071.00751175,1315.8056916011237
105599493.72642854,1317.2099133553932
105604916.295997,1318.4404004037185
105610338.78990303,1319.654014426506
105615761.4843693,1320.9983838034523
105621184.33438568,1321.9189240856508
105626607.16134316,1322.9322744730523
105632029.86693849,1324.2928813119854
105637452.33591382,1325.8229573071837
105642874.6387794,1327.2535339351994
105648296.87025814,1328.7645479486275
105653718.8500636,1329.9976162785533
105659140.9517263,1331.0094315626561
105664563.24868771,1332.080067645243
105669985.54019608,1333.5575191646822
105675407.69980222,1334.8597613419538
105680829.68872668,1336.2334451695633
105686251.54666053,1337.5681823320215
105691673.30818449,1338.756935817199
105697094.95929338,1339.884185410393
105702516.84713481,1341.1667707061351
105707938.84382686,1341.963020150595
105713360.85642077,1343.005245187008
105718782.71389984,1344.3151588172632
105724204.31390321,1345.732435354235
105729625.79741567,1347.1691102129655
105735047.17203523,1348.557539023076
105740468.33176854,1349.7341446606035
105745889.62918727,1350.6976696963288
105751311.03937455,1351.75719781299
105756732.49737446,1353.1232032549906
105762153.82241797,1354.4436582347366
105767574.92783056,1355.705547783048
105772995.97635107,1356.9524875057466
105778416.88376494,1358.0440339431439
105783837.73588715,1359.1246199491206
105789258.81695242,1360.3404319063186
105794680.0261033,1361.0673339793693
105800101.2099902,1362.0452682893044
105805522.26092914,1363.3133293453413
105810943.0569966,1364.6907147854597
105816363.7349288,1366.070190691945
105821784.28904118,1367.411647635884
105827204.63269296,1368.5063819191005
105832625.1255547,1369.4054368660952
105838045.73593651,1370.4372747448226
105843466.35563312,1371.7421230734385
105848886.8645871,1372.990335330451
105854307.16528939,1374.2623604143726
105859727.38990794,1375.4438079574354
105865147.47729743,1376.5112968227195
105870567.5068506,1377.5313400886564
105875987.78962022,1378.7181551036024
105881408.16457993,1379.388921015914
105886828.50396825,1380.379836192048
105892248.71253559,1381.603507515269
105897668.6775406,1382.8764510652486
105903088.53105302,1384.1827103436071
105908508.27117184,1385.4362019176979
105913927.79472576,1386.4532431021962
105919347.49220002,1387.3343906496043
105924767.27636558,1388.3012479187719
105930187.10272971,1389.5991569458947
105935606.76208319,1390.7719576924817
105941026.24165405,1391.9308499420968
105946445.62611221,1393.0630895110069
105951864.90267028,1394.058155233648
105957284.12415785,1395.044696933902
105962703.5943646,1396.1379879567232
105968123.1527502,1396.7883503342284
105973542.68419324,1397.7256729994542
105978962.05744225,1398.907030614998
105984381.16271566,1400.1310110905392
105989800.19530843,1401.3843134503618
105995219.0607837,1402.58188357114
106000637.7533713,1403.5221203277608
106006056.6391178,1404.3404629283618
106011475.61470059,1405.319551947933
106016894.59227046,1406.4795026018328
106022313.43337964,1407.5971853537023
106027732.05805703,1408.7282892534304
106033150.62864004,1409.8161547135303
106038569.05855367,1410.7579847896634
106043987.47152382,1411.6956771191508
106049406.12785798,1412.7452782159826
106054824.87742253,1413.3408687113108
106060243.56274796,1414.246244741568
106065662.11013424,1415.3850984611909
106071080.41524483,1416.5605688884305
106076498.62197039,1417.764122115803
106081916.68344897,1418.92397276064
106087334.55706751,1419.806260580327
106092752.62424836,1420.568065160693
106098170.80949974,1421.4939459883167
106103588.9437971,1422.67751145288
106109006.9550357,1423.7204578013138
106114424.79775879,1424.8615671102602
106119842.52098417,1425.8597758736753
106125260.13788965,1426.8048253626898
106130677.7207572,1427.6859775716914
106136095.5695711,1428.705840285372
106141513.44192836,1429.271040538801
106146931.27858175,1430.2018539392052
106152348.94704664,1431.3191813366002
106157766.36523724,1432.3856608662318
106163183.70494948,1433.542350378078
106168600.89169274,1434.591269473551
106174017.91837633,1435.4237758109152
106179435.14897811,1436.1883729799947
106184852.45679621,1437.0693697814831
106190269.78316279,1438.1786825021652
106195686.92424297,1439.2124661315627
106201103.89783704,1440.2310748003335
106206520.78045493,1441.2243603892978
106211937.5294737,1442.0928658552168
106217354.26957913,1442.9594300494734
106222771.25713971,1443.865080654447
106228188.27876666,1444.4525580723016
106233605.2237913,1445.3065605422607
106239021.99733286,1446.3636820603938
106244438.55343078,1447.4236850801185
106249855.01933701,1448.5047014625661
106255271.34300531,1449.5266320504147
106260687.49960771,1450.2963043467016
106266103.86321294,1451.0183499267139
106271520.33845752,1451.8610035203149
106276936.76852849,1452.9715723465524
106282353.00643656,1453.9150267259643
106287769.10657133,1454.8919823344218
106293185.08944136,1455.7857918387435
106298600.98785877,1456.6150213304118
106304016.88065657,1457.4279548782397
106309433.04040968,1458.2782595528465
106314849.2067378,1458.8061755757772
106320265.32487519,1459.6342828221077
106325681.2782903,1460.6834890787884
106331096.99698994,1461.6913112070558
106336512.62873016,1462.7630770922349
106341928.09991813,1463.7300351995614
106347343.42554237,1464.4645250143728
106352758.9491962,1465.1549941152894
106358174.55300573,1465.9924215122319
106363590.1385629,1467.0488026208798
106369005.53841297,1468.0081141226904
106374420.77267474,1468.9466663208514
106379835.91451846,1469.8301266124695
106385250.93177363,1470.6214783784137
106390665.97033635,1471.4226379259665
106396081.2481277,1472.2227676973962
106401496.54674843,1472.7776254436485
106406911.75474985,1473.576296123078
106412326.78139043,1474.5614069677665
106417741.60257034,1475.5136032871567
106423156.33868377,1476.4989577351516
106428570.91934517,1477.4107042826083
106433985.37113526,1478.088764532876
106439400.02684182,1478.7405789600411
106444814.79160719,1479.5390091995514
106450229.4885751,1480.532555029119
106455643.9836005,1481.3958843071182
106461058.35274579,1482.326357137842
106466472.59329699,1483.137513733795
106471886.74910955,1483.9064250076685
106477300.91641988,1484.6524679231325
106482715.33272123,1485.3984997435878
106488129.74842556,1485.8899339364627
106493544.11079203,1486.671119221134
106498958.28682448,1487.6426945764315
106504372.23627518,1488.54474914127
106509786.10925972,1489.5361652964007
106515199.79676674,1490.395267590286
106520613.38189363,1491.0415194294471
106526027.16652061,1491.6508168755518
106531441.03246161,1492.4681091326759
106536854.82135338,1493.4003809594387
106542268.43738231,1494.2565789704727
106547681.88824826,1495.1424438757006
106553095.25033486,1495.9119297380198
106558508.49434054,1496.638379253805
106563921.78340413,1497.3562326286337
106569335.30086698,1498.0891450232182
106574748.8312505,1498.5577276210042
106580162.2566981,1499.3122116279153
106585575.49302943,1500.2573996739661
106590988.53594035,1501.1117912068325
106596401.46882716,1502.0529846035624
106601814.24494115,1502.8661670877477
106607226.92167126,1503.478951313058
106612639.80919908,1504.0864831234335
106618052.76066428,1504.792301924152
106623465.67266455,1505.6873864930387
106628878.36063963,1506.5233094972411
106634290.93062277,1507.3769662644756
106639703.37384322,1508.12499363921
106645115.72981761,1508.820176591925
106650528.12900555,1509.5323027529623
106655940.75436498,1510.180662931437
106661353.37012585,1510.673450587899
106666765.91536817,1511.3904227200417
106672178.27065082,1512.2792628349164
106677590.41602531,1513.1022036532484
106683002.49518557,1513.9992815083301
106688414.37290536,1514.7738947070648
106693826.18225765,1515.3498472421695
106699238.17901771,1515.8917409640633
106704650.2474268,1516.6780430500016
106710062.22821933,1517.5247612945682
106715474.03686227,1518.308341539979
106720885.6823543,1519.1404688448524
106726297.23166472,1519.832186035098
106731708.66157342,1520.5026650171392
106737120.16460218,1521.1656697247502
106742531.87471095,1521.8002773141843
106747943.60887356,1522.2296557738564
106753355.22624366,1522.9342505266573
106758766.63740534,1523.810795677517
106764177.86472465,1524.5953923232637
106769588.98122309,1525.4729457341734
106774999.92728104,1526.2024897733613
106780410.81022054,1526.7465038693442
106785821.89895873,1527.287495784765
106791233.01581083,1527.964965943802
106796644.10841756,1528.7711806190946
106802054.9795065,1529.5767851676878
106807465.71699929,1530.3492499476697
106812876.34552363,1531.0431711970114
106818286.86960123,1531.6638233187796
106823697.47066626,1532.335148282498
106829108.25234798,1532.9169218924596
106834519.0455786,1533.3931288293581
106839929.71052298,1534.0636979022106
106845340.17488798,1534.874897678294
106850750.46443743,1535.6313422524101
106856160.66190341,1536.4321804150945
106861570.67414095,1537.1390040240547
106866980.63473624,1537.6474559483613
106872390.78812839,1538.1486457141473
106877801.03140779,1538.8304050545228
106883211.17620379,1539.6140112712733
106888621.10365516,1540.3296696690868
106894030.93405055,1541.1009532292212
106899440.61291727,1541.7294410825307
106904850.21136592,1542.3353592733147
106910259.88569468,1542.9509004346842
106915669.73586261,1543.4900795372105
106921079.57118757,1543.909324576591
106926489.31307139,1544.5601021541331
106931898.85445787,1545.3550963853572
106937308.20150943,1546.0662405413846
106942717.48717572,1546.8511413015665
106948126.55375701,1547.5165843221366
106953535.59690106,1547.997843069042
106958944.82104458,1548.4395325291955
106964354.13018546,1549.1501014407647
106969763.33220753,1549.8769656276245
106975172.3531368,1550.556530460574
106980581.25014503,1551.3097717144374
106985990.0137424,1551.9081247489642
106991398.69232358,1552.4938989644158
106996807.45954381,1553.0863732016562
107002216.40455079,1553.6133157558415
107007625.30403163,1554.0215876702105
107013034.10572232,1554.6552167898956
107018442.70261244,1555.4185477341784
107023851.1152829,1556.094762925365
107029259.46052991,1556.8459728036905
107034667.58399433,1557.4665883710063
107040075.69934161,1557.9217667873775
107045484.01304324,1558.3634320949836
107050892.36674921,1559.0484887490877
107056300.61162819,1559.7288261494248
107061708.6725154,1560.3825948274834
107067116.59831026,1561.074607725484
107072524.42002763,1561.6452835080004
107077932.14874113,1562.1878558916
107083339.99402997,1562.7591932268658
107088748.00354446,1563.254428336963
107094155.97557878,1563.6513120939571
107099563.8422275,1564.2577787944394
107104971.50860263,1564.9905965524895
107110379.00078735,1565.6531557106514
107115786.41113502,1566.3726811432448
107121193.60361598,1566.9681676950224
107126600.78634295,1567.39898205764
107132008.16856468,1567.8540998345072
107137415.5732115,1568.5146594658825
107142822.87391391,1569.1826521486335
107148229.9652583,1569.8118105070748
107153636.93263982,1570.4574994527825
107159043.7882885,1571.002436368505
107164450.55338347,1571.5103099101304
107169857.44066346,1572.0604963192113
107175264.47744799,1572.5051108852085
107180671.4921442,1572.890494194565
107186078.39708029,1573.4697457765653
107191485.10152398,1574.1735043699114
107196891.63302875,1574.8241338255293
107202298.07998344,1575.513530738619
107207704.30976932,1576.0947245697178
107213110.53006071,1576.50251172272
107218516.92831045,1576.9301942153425
107223923.37678494,1577.5663350481348
107229329.71890764,1578.2355295627617
107234735.83799228,1578.8415580456283
107240141.85552478,1579.4798361765509
107245547.7287801,1580.0003866571853
107250953.52152984,1580.4957417123467
107256359.42548144,1581.0259486769003
107261765.47818363,1581.43758283885
107267171.49826515,1581.8108769540709
107272577.40793103,1582.3692773092423
107277983.1107929,1583.0455408789167
107283388.6338251,1583.6639158532157
107288794.085099,1584.325217503994
107294199.31095602,1584.8804032108978
107299604.54342043,1585.2669273528631
107305009.93790042,1585.6369262905234
107310415.40711018,1586.248541471994
107315820.75096911,1586.8892339518525
107321225.89012355,1587.47937602568
107326630.92875999,1588.1201628255185
107332035.81543566,1588.6205613576262
107337440.61836912,1589.1037791640265
107342845.5339165,1589.6166355477312
107348250.59840916,1590.0209341961295
107353655.61433019,1590.3815310244026
107359060.51617174,1590.9215696256772
107364465.20416822,1591.57147746106
107369869.7154498,1592.1481503441091
107375274.15851997,1592.782500187507
107380678.37317523,1593.300867391593
107386082.60935491,1593.6655692814265
107391487.0159153,1594.0068026360443
107396891.47935294,1594.589455249133
107402295.80901122,1595.1837207308336
107407699.94872127,1595.7618941993774
107413103.97354743,1596.3853259264592
107418507.8604691,1596.8669214373629
107423911.6547862,1597.3267475266084
107429315.57195765,1597.8207401424186
107434719.6322118,1598.2129437331469
107440123.64322442,1598.56018793766
107445527.53545983,1599.079641672577
107450931.21223582,1599.7042423279674
107456334.72006565,1600.249757028141
107461738.15243734,1600.8580195668935
107467141.35821946,1601.3431052080532
107472544.59075928,1601.687664857566
107477948.00292751,1602.0201399921739
107483351.44958338,1602.5788039216818
107488754.76009372,1603.1339395184223
107494157.88051356,1603.694723851332
107499560.87555698,1604.2878306120695
107504963.74819061,1604.7502903877303
107510366.52039029,1605.1825233447782
107515769.42201285,1605.6553360808607
107521172.46099594,1606.0250578730452
107526575.45862637,1606.3584235607086
107531978.33248477,1606.8562348782366
107537380.9906907,1607.457397683691
107542783.48643908,1607.9818990580102
107548185.89665848,1608.5658430598469
107553588.08408773,1609.0249771643842
107558990.29773203,1609.3502615816412
107564392.69323348,1609.6780234234104
107569795.11023316,1610.2141325339496
107575197.39170456,1610.742896875668
107580599.476615,1611.2853419249764
107586001.4313976,1611.84627993599
107591403.27213237,1612.2906379913484
107596805.00709079,1612.697210549176
107602206.8748668,1613.1491067947195
107607608.8757752,1613.491075212951
107613010.8416602,1613.8119399639327
107618412.67969678,1614.287751058556
107623814.30081432,1614.8660144589257
107629215.76270324,1615.374927706328
107634617.13220505,1615.9354409867715
107640018.28167173,1616.3739235729051
107645419.45534556,1616.6807996450052
107650820.8080002,1616.9994361531103
107656222.17650835,1617.5135122297381
107661623.41076949,1618.022998433875
107667024.44273262,1618.546853199271
107672425.34286813,1619.0800939499557
107677826.13150512,1619.5065296927278
107683226.81156662,1619.8911056529826
107688627.62576224,1620.3234669150515
107694028.56924526,1620.6411496793949
107699429.48024793,1620.9483080412401
107704830.26075758,1621.4032679731927
107710230.82273172,1621.9592861154606
107715631.22688706,1622.4510545872142
107721031.53476547,1622.9894725472445
107726431.62362872,1623.4087888153863
107731831.73482238,1623.698348002046
107737232.02242716,1624.0025194426912
107742632.32320467,1624.4948834273946
107748032.48945777,1624.985977610791
107753432.45031917,1625.4911909780496
107758832.27845527,1626.0025357515153
107764231.99467468,1626.410889307221
107769631.60109624,1626.7766551481752
107775031.34112883,1627.190434812511
107780431.2083593,1627.4896068909911
107785831.04189827,1627.7816475551488
107791230.7438897,1628.216840350824
107796630.22589973,1628.7515815169977
107802029.54946695,1629.2232801752918
107807428.77545348,1629.7411012216305
107812827.7815892,1630.1415118134198
107818226.80874741,1630.4147678247264
107823626.0110016,1630.7000349361965
107829025.22583884,1631.170943148933
107834424.30294193,1631.6430630234522
107839823.17468065,1632.1296877487575
107845221.91307183,1632.6247539354492
107850620.5370173,1633.0148179460693
107856019.05118586,1633.364709771566
107861417.69671735,1633.7606938214976
107866816.46952142,1634.047320955874
107872215.20346843,1634.3230702476699
107877613.80644639,1634.7395527336766
107883012.1881366,1635.2539044655591
107888410.4086036,1635.702696096418
107893808.53291987,1636.2013461857935
107899206.43462774,1636.583352714476
107904604.35662472,1636.8413349842226
107910002.45316754,1637.1025961216098
107915400.56445159,1637.5519976374676
107920798.53251141,1638.005818330377
107926196.29827037,1638.4739703754394
107931593.93126962,1638.9585116433898
107936991.4438465,1639.3303859241726
107942388.84854136,1639.6677975011003
107947786.38047774,1640.0473442159914
107953184.04087749,1640.32630962665
107958581.6529795,1640.5847493253132
107963979.13622868,1640.9836171023921
107969376.39641666,1641.4780783937106
107974773.49036847,1641.902972515004
107980170.49295765,1642.3835660376124
107985567.26852249,1642.7496462648558
107990964.0634129,1642.9933780062963
107996361.03101048,1643.224370285147
108001758.02101342,1643.6522685406424
108007154.8629248,1644.092962273492
108012551.50651118,1644.542663211195
108017948.02153698,1645.0209883712384
108023344.40339755,1645.37522642421
108028740.68217413,1645.7035682019095
108034137.08095261,1646.0675261201254
108039533.60969219,1646.3375322636916
108044930.07883532,1646.5797684237568
108050326.42096916,1646.9612861087123
108055722.53766052,1647.4363168286682
108061118.48003243,1647.843209167911
108066514.33857338,1648.3062463883302
108071909.96593139,1648.663035253768
108077305.60810807,1648.8931094538314
108082701.41219781,1649.0950267016146
108088097.2580597,1649.5025516392245
108093492.95408066,1649.9437163139148
108098888.4486287,1650.374041239842
108104283.8259748,1650.8409075922664
108109679.05040562,1651.1788579636664
108115074.17817296,1651.4971959632037
108120469.41373973,1651.8434765379611
108125864.78275043,1652.0935220612855
108131260.08552201,1652.3199841895864
108136655.2631035,1652.6825107244
108142050.21506435,1653.1394625485802
108147444.9837357,1653.5405483965328
108152839.67062292,1653.9871414919328
108158234.12669049,1654.3410297817904
108163628.58349028,1654.558519607194
108169023.18867724,1654.7490645750436
108174417.85573225,1655.138885059675
108179812.38018812,1655.5876324536425
108185206.6806007,1655.994246332836
108190600.87699248,1656.4332964402524
108195994.90531771,1656.7541607740036
108201388.84265421,1657.0528549451606
108206782.87799215,1657.3798615365376
108212177.04525922,1657.6017096548667
108217571.15933412,1657.8120194790538
108222965.14823152,1658.1534607691856
108228358.91677463,1658.5918375659082
108233752.50231043,1658.9930092778343
108239145.9938735,1659.4218029381327
108244539.26074468,1659.7680383831093
108249932.50616759,1659.9733210687484
108255325.91028985,1660.1835657777192
108260719.35390244,1660.5519462973068
108266112.66412097,1660.9833923251772
108271505.72960834,1661.3681138950435
108276898.68343219,1661.7644200904504
108282291.48846382,1662.0719916678804
108287684.19663405,1662.3438035081845
108293077.00865705,1662.6524225466214
108298469.95155434,1662.8667630638638
108303862.84908651,1663.0622590042587
108309255.62078087,1663.3863399673442
108314648.17529115,1663.8082118370826
108320040.54959568,1664.192105341583
108325432.8190278,1664.6059912547146
108330824.86565666,1664.9301063603489
108336216.8814635,1665.1239163643868
108341609.07493,1665.3304750287245
108347001.27673897,1665.678054434353
108352393.3420254,1666.0723737823573
108357785.17402032,1666.4423331744606
108363176.87454358,1666.8194763884335
108368568.45011479,1667.1151402729301
108373959.92168024,1667.3753088131493
108379351.49622935,1667.6672887546895
108384743.21211176,1667.8926245990697
108390134.86473241,1668.071719163674
108395526.39380145,1668.3831666576486
108400917.70199025,1668.78940986532
108406308.82514761,1669.1427985475607
108411699.84830283,1669.5427337761948
108417090.6443806,1669.844747638499
108422481.40935966,1670.0277863674298
108427872.35237156,1670.1896309812523
108433263.315821,1670.5163545060732
108438654.13253671,1670.884278577155
108444044.73756127,1671.240114859101
108449435.2071606,1671.6320288575962
108454824.8468938,1670.5133279265892
108460220.6948412,1667.0405149720173
108465615.46487693,1667.3073056726537
108471010.39039288,1667.5177237882876
108476408.2973189,1660.751696325365
108481807.51804158,1661.0359937183403
108487209.57236664,1654.5120635077656
108492612.88268606,1654.8269110278184
108498019.18341483,1648.3094496526435
108503426.70196591,1648.5793433199458
108508837.31095304,1641.8523568743892
108514249.50520338,1641.9695716054907
108519664.91143256,1635.4240862764686
108525081.5468703,1635.7553930508961
108530501.24307632,1629.2517594200187
108535922.10033134,1629.5963464452889
108541342.87148248,1629.8450618263505
108546763.5717755,1630.0612656046726
108552184.4094361,1630.302972986814
108557605.40916415,1630.471244968028
108563026.39510351,1630.597586980166
108568447.29347146,1630.8706771837856
108573868.0149341,1631.2449279624948
108579288.58951591,1631.5778641927252
108584709.09740864,1631.9388151356607
108590129.41718563,1632.2105017132103
108595549.74830464,1632.3401808567382
108600970.25772065,1632.4704022460487
108606390.84491,1632.7835789099918
108611811.3249341,1633.1461968088604
108617231.61412048,1633.46311467669
108622651.82406768,1633.816979158111
108628071.90525973,1634.0497066743183
108633491.91999875,1634.2638279024452
108638912.0737156,1634.5017955646406
108644332.37846377,1634.6529412083364
108649752.65322554,1634.780168489872
108655172.83207004,1635.0468544875407
108660592.82148722,1635.404773135642
108666012.67771938,1635.6996687400815
108671432.46742994,1636.0397420637312
108676852.06966436,1636.2695650082699
108682271.71774459,1636.3797153843739
108687691.55167699,1636.5136184641228
108693111.41441365,1636.8124753923207
108698531.1807904,1637.1333924265753
108703950.7546394,1637.4519493420662
108709370.23740113,1637.7529111020922
108714789.62035678,1637.9741553695185
108720208.93221013,1638.1509713661742
108725628.40987863,1638.3978071291076
108731048.01185745,1638.476162531458
108736467.6032214,1638.6105615135157
108741887.09834333,1638.8656174666748
108747306.39335792,1639.196372656777
108752725.55005808,1639.5107193058384
108758144.64376919,1639.8298121782489
108763563.53766829,1640.061143558409
108768982.49814463,1640.157198081865
108774401.61453976,1640.2363507587079
108779820.81161079,1640.5350982170644
108785239.8622678,1640.8540484903378
108790658.74326822,1641.1556595269747
108796077.53673086,1641.4759607112865
108801496.2155414,1641.6759006659472
108806914.8219523,1641.851487271588
108812333.61478901,1642.06715516204
108817752.52558787,1642.161389966265
108823171.4197711,1642.2767061723328
108828590.20481598,1642.523305414615
108834008.78592314,1642.8431458978696
108839427.26182894,1643.1383431798674
108844845.64274925,1643.4387900245044
108850263.84434342,1643.6392647581679
108855682.12296267,1643.7164984647557
108861100.54479286,1643.819146984282
108866519.02290516,1644.0848356127904
108871937.37662013,1644.4100638644036
108877355.52234946,1644.697181441318
108882773.613905,1644.9868939842736
108888191.56723607,1645.1637418463515
108893609.46867593,1645.3268839854582
108899027.5536175,1645.5464211342407
108904445.76013736,1645.6045157945298
108909863.9094405,1645.7230766337104
108915281.95991471,1645.963966068468
108920699.80686536,1646.2647278778888
108926117.528654,1646.5353955372636
108931535.18077521,1646.822619553082
108936952.62670267,1646.988940038191
108942370.19330154,1647.0512871815909
108947787.92180692,1647.1521034096295
108953205.64643851,1647.4414622340958
108958623.26083338,1647.6961026247504
108964040.7031057,1647.9851757010417
108969458.02843001,1648.2417150416575
108974875.27543443,1648.4206572753656
108980292.44397286,1648.5530507865706
108985709.8321053,1648.7486939341886
108991127.2811701,1648.7775968346211
108996544.7236524,1648.9110152621854
109001962.02825758,1649.1421125114127
109007379.11543816,1649.4099050250181
109012796.12827031,1649.6768967826472
109018213.03407833,1649.9302416609155
109023629.76023519,1650.0738996843704
109029046.62238851,1650.1230186355187
109034463.62168853,1650.2141139773375
109039880.62425481,1650.4702400256908
109045297.51094654,1650.7078483204607
109050714.21679342,1650.9555764208521
109056130.83485879,1651.1928184931112
109061547.35936964,1651.3342580063365
109066963.84589508,1651.4502738764827
109072380.55907924,1651.635964725566
109077797.32880816,1651.6435736652893
109083214.06696346,1651.7449153030552
109088630.70593788,1651.9673753670409
109094047.13486317,1652.2358502502057
109099463.47194663,1652.4917128937823
109104879.70172442,1652.7477134681978
109110295.73668917,1652.869601436183
109115711.912782,1652.908159483608
109121128.23298515,1652.992095768978
109126544.54466076,1653.2776266909148
109131960.71957229,1653.4985275746867
109137376.73781703,1653.7532886323029
109142792.63591604,1653.971696590486
109148208.45553583,1654.114148748367
109153624.21631269,1654.215947751097
109159040.21442695,1654.3885968679065
109164456.24835953,1654.3775950350619
109169872.26422563,1654.493511803972
109175288.1395059,1654.7076884046523
109180703.79209274,1654.9389522599554
109186119.38106312,1655.1817687485077
109191534.85144064,1655.396837541375
109196950.15389678,1655.5001296350745
109202365.61960869,1655.5207107889157
109207781.20620354,1655.5905184436408
109213196.78391474,1655.8276959086907
109218612.22759458,1656.0440881193358
109224027.48769884,1656.2713327508877
109229442.67602748,1656.4842236386248
109234857.75578871,1656.6013079653574
109240272.80601345,1656.6921822149134
109245688.0835965,1656.841569257092
109251103.40984993,1656.8128080160823
109256518.69611321,1656.9012136064325
109261933.8663153,1657.1024514945054
109267348.82893866,1657.3347142347952
109272763.70190284,1657.565544363141
109278178.46826452,1657.7856115272173
109283593.04305336,1657.870567769993
109289007.7860806,1657.8828831433812
109294422.65736906,1657.9251406596836
109299837.50249723,1658.1994886750406
109305252.1965753,1658.3981897606357
109310666.75118114,1658.6160318308027
109316081.18167758,1658.7989005155212
109321495.54061614,1658.912870714887
109326909.85084891,1658.987726392212
109332324.4048676,1659.115002544187
109337738.97439629,1659.0839437507357
109343153.53379455,1659.1698380810813
109348567.94131453,1659.3675390065468
109353982.11577572,1659.5803641085336
109359396.24229687,1659.7956585984502
109364810.22450222,1659.9944197525151
109370224.0544189,1660.0524855592141
109375638.05861205,1660.0346442499454
109381052.18263648,1660.1091136301147
109386466.2503148,1660.3197251776376
109391880.19784343,1660.511056412992
109397293.97342218,1660.733589928266
109402707.65990797,1660.9048420671402
109408121.23987688,1661.0017079071808
109413534.80487537,1661.0621303263472
109418948.61000882,1661.2003451736505
109424362.44283882,1661.1297857333445
109429776.2259505,1661.21461355815
109435189.88611805,1661.4000317763323
109440603.33950932,1661.5852534351898
109446016.71149829,1661.7948339525217
109451429.97285615,1661.9703084664964
109456843.05748792,1662.0164180118197
109462256.32551423,1662.0132288578666
109467669.69836459,1662.0413261686258
109473083.0387725,1662.3032594902224
109478496.20026234,1662.4752587799676
109483909.23814529,1662.6622406368697
109489322.14567669,1662.8149607404878
109494734.97966583,1662.8985378094364
109500147.77992558,1662.9517074894572
109505560.82724437,1663.0465571957352
109510973.88150513,1662.9870611073836
109516386.92024428,1663.0538318480567
109521799.796653,1663.2308244479964
109527212.43779156,1663.4084967394322
109532625.03171828,1663.6080762865192
109538037.46514367,1663.772344413434
109543449.76433325,1663.7975674585512
109548862.25893596,1663.7498062487791
109554274.84932698,1663.8086876603156
109559687.37805681,1663.9817276370466
109565099.78497899,1664.1473967509057
109570512.01531684,1664.3475575436787
109575924.16258293,1664.4695150494983
109581336.20704944,1664.5432524841863
109586748.26196867,1664.5709103100453
109592160.5443868,1664.6854527832568
109597572.83662853,1664.5844489916562
109602985.07014255,1664.64829127343
109608397.1697505,1664.8193196781917
109613809.06743683,1664.9707562474073
109619220.88823374,1665.1556121984227
109624632.58131261,1665.2873998389193
109630044.1335133,1665.295733513764
109635455.87526098,1665.2573165135955
109640867.69084561,1665.2806226164314
109646279.50990425,1665.460256813244
109651691.15052447,1665.623316239477
109657102.62630156,1665.7794579968245
109662514.02951801,1665.90803684771
109667925.32041462,1665.9569805803899
109673336.63551615,1665.9832508703107
109678748.15896298,1666.0610950243981
109684159.7013804,1665.9711052446792
109689571.16345285,1666.031123059888
109694982.47764172,1666.1788942964647
109700393.60498382,1666.3147683443324
109705804.66042487,1666.4770070783854
109711215.58138457,1666.5920329478602
109716626.36878894,1666.577308622523
109722037.35593718,1666.5261584199347
109727448.42809632,1666.5449817550311
109732859.4694561,1666.710434827964
109738270.32883209,1666.8367503589966
109743681.04032944,1666.980494399094
109749091.65822299,1667.0632571170079
109754502.20362584,1667.0987442594073
109759912.77605617,1667.1046511214158
109765323.57148887,1667.1645027534485
109770734.3670614,1667.0399951764748
109776145.10987951,1667.0894120204573
109781555.7112133,1667.24004963726
109786966.10658194,1667.3608860937347
109792376.4353832,1667.5315280675347
109797786.60884675,1667.6300886160125
109803196.65965895,1667.6022031547122
109808606.9078345,1667.5390146943778
109814017.23926306,1667.5944078621333
109819427.50953501,1667.7454380021304
109824837.60710634,1667.8675853333305
109830247.53976054,1667.9986714161212
109835657.39038157,1668.0601272549902
109841067.14974694,1668.0821306135445
109846476.94623952,1668.0711565377426
109851886.96122858,1668.112063275612
109857296.9793579,1667.9683456452144
109862706.93648721,1668.0068717010145
109868116.74435183,1668.1580053141688
109873526.35114577,1668.2646983135687
109878935.88390541,1668.4261318121426
109884345.26508828,1668.508643356541
109889754.53188442,1668.4696859642274
109895163.99554649,1668.3938780753701
109900573.5165995,1668.42317637103
109905983.00918855,1668.5614533191554
109911392.32835764,1668.6966521057357
109916801.47795887,1668.818966847295
109922210.54861048,1668.8860161834948
109927619.5090912,1668.8965686061656
109933028.51821129,1668.8877376127737
109938437.7280882,1668.91206064076
109943846.94796589,1668.7814732053857
109949256.0783808,1668.8080437103722
109954665.04655692,1668.9349747730616
109960073.83223245,1669.0262347687362
109965482.5420029,1669.1542769061393
109970891.10977763,1669.2228864871022
109976299.57126872,1669.1655248309607
109981708.23237707,1669.0714584978764
109987116.95841715,1669.062963118165
109992525.65095867,1669.1861596567942
109997934.14875959,1669.2929720136183
110003342.51574737,1669.4132869827174
110008750.77745359,1669.467687562354
110014158.94922213,1669.4675793089405
110019567.16747884,1669.4463163568387
110024975.58792976,1669.452289085124
110030384.00687253,1669.3192966189577
110035792.35268605,1669.3339772297254
110041200.53945361,1669.4411522600137
110046608.53773059,1669.5172343695356
110052016.47570807,1669.6320928909774
110057424.24967653,1669.6851630807241
110062831.92659329,1669.6107668286504
110068239.7991404,1669.4974874620466
110073647.75362986,1669.5197888481375
110079055.63259481,1669.6288821715857
110084463.32378541,1669.6971157450582
110089870.88771921,1669.8096452368113
110095278.33673458,1669.8280477731694
110100685.70870803,1669.8186762118569
110106093.12566192,1669.7738656836236
110111500.75080824,1669.7590921253718
110116908.36738358,1669.5800592836517
110122315.93132633,1669.5842382532874
110127723.32975622,1669.6963491119197
110133130.52416791,1669.7603363016497
110138537.65683138,1669.8891987961895
110143944.61072297,1669.9263539663054
110149351.4794656,1669.842902236828
110154758.54237145,1669.7102863643597
110160165.66185571,1669.7427419414637
110165572.71266693,1669.8317824774508
110170979.59605056,1669.905466161666
110176386.32307242,1670.0011043181494
110181792.95835325,1670.0058482545
110187199.49659385,1669.9795401194172
110192606.09617308,1669.9239954414752
110198012.89388162,1669.9106468151458
110203419.68670623,1669.7123740028462
110208826.39892985,1669.707932418653
110214232.94305189,1669.8174783156458
110219639.29308313,1669.8638931200953
110225045.5648038,1669.985381130797
110230451.66545373,1670.0059196829168
110235857.68503442,1669.912020237439
110241263.91063467,1669.7783616506413
110246670.1566257,1669.780493054411
110252076.36360179,1669.848582318918
110257482.39213178,1669.9329267761902
110262888.25578165,1670.009188537801
110268294.04044351,1670.0159583233064
110273699.71032019,1669.967138764417
110279105.45697287,1669.9101678172954
110284511.37902187,1669.8785904358056
110289917.31637438,1669.6912437523451
110295323.1382212,1669.6720897348746
110300728.79188299,1669.7647616576826
110306134.27639759,1669.7945620109188
110311539.66823314,1669.8913536545667
110316944.90682082,1669.8958281539922
110322350.06055537,1669.7861853018956
110327755.41838011,1669.6509362284023
110333160.79729679,1669.6142294065708
110338566.14640357,1669.677893229883
110343971.29923251,1669.7544904942595
110349376.30714348,1669.818422392751
110354781.21939321,1669.8183493997283
110360186.02145006,1669.756912738462
110365590.90551563,1669.701349436332
110370995.95707406,1669.6334848240783
110376401.02918904,1669.4542893455318
110381805.98359074,1669.4145150387244
110387210.76310647,1669.482518404743
110392615.38286723,1669.5034161580625
110398019.91348007,1669.5727738142978
110403424.29305418,1669.5650799227822
110408828.58946635,1669.438452780651
110414233.08135061,1669.2876210273655
110419637.61776581,1669.2282345746075
110425042.1019977,1669.2903736051846
110430446.37810187,1669.3415120815796
110435850.53489913,1669.3997804663074
110441254.57351805,1669.3796522777154
110446658.5172606,1669.3112494879056
110452062.5409832,1669.2472696382656
110457466.73980139,1669.1511189608598
110462870.94581304,1668.9698628222004
110468275.05270715,1668.912299969288
110473678.9815583,1668.9584673529491
110479082.74189313,1668.9711856524032
110484486.4276039,1669.0189345212134
110489889.94799078,1669.0000934785699
110495293.39284125,1668.8581191054395
110500697.02702524,1668.6846926884919
110506100.73042262,1668.6363181957713
110511504.33879255,1668.6879243909882
110516907.73845443,1668.7041758948253
110522311.03036341,1668.752819805249
110527714.19604015,1668.7048625642965
110533117.27997428,1668.6281082898693
110538520.44051333,1668.5432976272289
110543923.78715114,1668.4297778931948
110549327.12387787,1668.2260668586218
110554730.38615033,1668.155238690942
110560133.47290605,1668.1900721733339
110565536.37418263,1668.1916477663303
110570939.21482182,1668.2302053781561
110576341.86962603,1668.19885933484
110581744.45724607,1668.0436375649008
110587147.23071858,1667.8481591832156
110592550.0806199,1667.8140462322115
110597952.81348246,1667.8480028038107
110603355.34778358,1667.8361845322586
110608757.76975033,1667.8747073962036
110614160.06348959,1667.800773644916
110619562.27754532,1667.7129040554516
110624964.56825675,1667.604115195739
110630367.05009341,1667.478066969208
110635769.51377381,1667.2418289398154
110641171.9172856,1667.15992817654
110646574.14644827,1667.1904802246497
110651976.17723435,1667.1788210078475
110657378.15267904,1667.2153682943554
110662779.92801161,1667.1701524123225
110668181.64200997,1667.0026692588074
110673583.540578,1666.7880499171179
110678985.50996454,1666.7660872537265
110684387.35497658,1666.7792897717516
110689789.01352315,1666.7522939616038
110695190.54898773,1666.7831766641352
110700591.95480111,1666.6905536316017
110705993.27519798,1666.5896589793697
110711394.6750005,1666.461332377587
110716796.26486385,1666.3235952133118
110722197.83559246,1666.0591257731214
110727599.34853874,1665.966169553784
110733000.68539484,1665.9914931562862
110738401.8182495,1665.966169374771
110743802.89464098,1665.998931177391
110749203.76458177,1665.9395039439478
110754604.57600962,1665.759513975471
110760005.57213049,1665.5287047662239
110765406.63016719,1665.5050617196757
110770807.56637697,1665.500078186944
110776208.32186067,1665.4632323642431
110781608.9432704,1665.4806908234227
110787009.44011968,1665.3738566761247
110792409.8455356,1665.2590465981184
110797810.33290134,1665.115350920435
110803211.00765294,1664.964790441495
110808611.66376983,1664.6792821666686
110814012.26032367,1664.5739629525333
110819412.67865174,1664.5901952809302
110824812.89096099,1664.5517289281574
110830213.04447481,1664.576045344809
110835612.98901783,1664.5030497738228
110841012.87524256,1664.3099996542542
110846412.94618943,1664.06473806697
110851813.0743673,1664.0311824573891
110857213.08217439,1664.0115946220149
110862612.90952246,1663.9631905807191
110868012.59878036,1663.9671570834396
110873412.16407254,1663.8469242633014
110878811.63549115,1663.7182924833921
110884211.1892063,1663.561190580759
110889610.92900501,1663.3959453723132
110895010.64904323,1663.0946588230283
110900410.30904973,1662.9752310916872
110905809.78984155,1662.9785192155932
110911209.0630983,1662.927685456293
110916608.2768858,1662.9389545458052
110922007.28022145,1662.8534759457582
110927406.22318369,1662.646865210826
110932805.34990318,1662.3879183850306
110938204.53608105,1662.3395952911505
110943603.59816876,1662.308350368011
110949002.47593868,1662.2444120537161
110954401.21931286,1662.2355298837585
110959799.83372556,1662.1016608194084
110965198.35620628,1661.9595891671622
110970596.95872447,1661.7905726398578
110975995.74801838,1661.6086900644073
110981394.51442738,1661.2967853511223
110986793.22218435,1661.161434781225
110992191.75071238,1661.147689353848
110997590.07085116,1661.085234342243
111002988.33206011,1661.0784899273465
111008386.3829873,1660.9814605786362
111013784.36910702,1660.7606920974868
111019182.53744191,1660.4892022586669
111024580.77288936,1660.4182204344245
111029978.87806427,1660.378931881478
111035376.78966786,1660.2979701563224
111040774.57622477,1660.2735366803192
111046172.22824098,1660.1278796151068
111051569.79310781,1659.9721510766465
111056967.43437733,1659.794554261464
111062365.2633582,1659.5943681540946
111067763.06687221,1659.2792498697695
111073160.8102678,1659.1263859823055
111078558.3734158,1659.0912818097158
111083955.73146498,1659.0175457855614
111089353.02845682,1658.9879428663478
111094750.1208885,1658.8795270537341
111100147.14110582,1658.643947158592
111105544.3426673,1658.3622085062857
111110941.61781189,1658.2540024278662
111116338.76437344,1658.209947669511
111121735.7023046,1658.1182386335413
111127132.52527235,1658.074824158617
111132529.2126631,1657.9234373025895
111137925.81523363,1657.7527290832322
111143322.49191675,1657.571701793098
111148719.35313022,1657.352521447825
111154116.19275972,1657.0397100244963
111159512.95990933,1656.868646959647
111164909.542541,1656.8115189142727
111170305.93106623,1656.7256540316223
111175702.24853815,1656.6737333771107
111181098.37602362,1656.5529644875348
111186494.42037743,1656.3026765492918
111191890.64705515,1656.0141520141322
111197286.94313298,1655.8704101074127
111202683.12249537,1655.8195151811908
111208079.0809577,1655.7298357010634
111213474.92820984,1655.670541927238
111218870.63940085,1655.5199496351654
111224266.25864343,1655.3312910053487
111229661.95295385,1655.1473259847583
111235057.8214534,1654.911952246947
111240453.6813159,1654.5939314252212
111245849.44463463,1654.4062985271885
111251245.01942052,1654.3346974523417
111256640.4147195,1654.2338931565178
111262035.72182651,1654.1692050543593
111267430.85659543,1654.0341906477406
111272825.89509885,1653.770792196923
111278221.12054645,1653.4788459640458
111283616.39259468,1653.285355943961
111289011.59099911,1653.2193152090017
111294406.56641427,1653.1372234902617
111299801.41842388,1653.0579603584347
111305196.14146751,1652.9078478497277
111310590.75594053,1652.6971099470172
111315985.44696651,1652.5004031674043
111321380.3002052,1652.2604687648754
111326775.15772058,1651.918199852627
111332169.89479479,1651.719288379832
111337564.44595954,1651.6433339680125
111342958.82365847,1651.5240921284214
111348353.09659605,1651.457865911002
111353747.20534658,1651.3076011035914
111359141.20771687,1651.0338089050547
111364535.40712151,1650.7338547178908
111369929.62332346,1650.529704465795
111375323.79235052,1650.4390142525854
111380717.74524868,1650.3576513380513
111386111.5444177,1650.2565778140636
111391505.23857057,1650.0964533423983
111396898.80637297,1649.8654378324975
111402292.4479284,1649.6430105311017
111407686.25420758,1649.4130526882104
111413080.05946383,1649.03097588153
111418473.74204905,1648.8245405358955
111423867.24337068,1648.7485831021827
111429260.55285618,1648.6145691355794
111434653.7567115,1648.5552486209585
111440046.78265707,1648.3933541597944
111445439.70050834,1648.1099162308274
111450832.81941223,1647.783475218443
111456225.94344208,1647.5943317966983
111461619.00947298,1647.4829256533553
111467011.87940599,1647.3788227123769
111472404.57523933,1647.2663548541245
111477797.17084472,1647.0759873782536
111483189.64452423,1646.8382957246367
111488582.17943425,1646.587937271967
111493974.9017336,1646.349670983814
111499367.59607999,1645.9148943367447
111504760.20853062,1645.6926786120036
111510152.63756068,1645.606605019547
111515544.84422414,1645.4663468211336
111520936.96625781,1645.4029242423069
111526328.88935214,1645.2328893167398
111531720.69991341,1644.9340037599916
111537112.69576189,1644.5783347844636
111542504.73679596,1644.4007654758293
111547896.682903,1644.289461367335
111553288.43182611,1644.1353103161734
111558680.02644773,1644.0170580963447
111564071.48887625,1643.8004207872132
111569462.85385124,1643.5549694873678
111574854.25803697,1643.282773753661
111580245.86085384,1643.0140813751434
111585637.42660312,1642.571510264439
111591028.93427005,1642.3276116426532
111596420.26537396,1642.2079030132688
111601811.37123618,1642.0559497754002
111607202.40306933,1641.9507457406364
111612593.23743704,1641.7720592945007
111617983.94287343,1641.4532565421566
111623374.83591413,1641.0913227902893
111628765.78972769,1640.8637751008505
111634156.64464304,1640.7453035223764
111639547.27493827,1640.5773444793278
111644937.77503905,1640.4405441194226
111650328.1386802,1640.2347895952557
111655718.39704388,1639.970431859396
111661108.69623098,1639.698359258423
111666499.19238278,1639.4227956011496
111671889.66113992,1638.9935832008239
111677280.03702283,1638.728425895714
111682670.23075648,1638.5860890577903
111688060.21290113,1638.424906460169
111693450.10173084,1638.298990281927
111698839.81981623,1638.1121803152646
111704229.39121255,1637.785149262657
111709619.1504682,1637.414672286557
111715008.93613493,1637.143300315006
111720398.67645198,1637.0237012991813
111725788.20508227,1636.8792076691416
111731177.56506445,1636.7116067763527
111736566.81423083,1636.4986691705897
111741955.92789228,1636.213256120583
111747345.08084026,1635.9216349300473
111752734.43336631,1635.6306217512197
111758123.76201682,1635.1510935006527
111763513.00076406,1634.8640142586164
111768902.0662751,1634.7239850026817
111774290.90206397,1634.557364815791
111779679.64041963,1634.4413760217526
111785068.20065042,1634.2467711401528
111790456.59811266,1633.9115960370407
111795845.17735828,1633.5297901772976
111801233.79388681,1633.2800369833944
111806622.33981456,1633.1534642646031
111812010.6794634,1632.975698326465
111817398.83620948,1632.7887505034673
111822786.87486583,1632.536562909283
111828174.79352494,1632.235967352663
111833562.73189934,1631.9121730629356
111838950.89208733,1631.613062728557
111844339.01337335,1631.0943349889862
111849727.07170501,1630.7863640925639
111855114.97067343,1630.6263585508646
111860502.61627938,1630.4484249768489
111865890.17614539,1630.31874588145
111871277.54160745,1630.115802727664
111876664.72901383,1629.7623244666636
111882052.09830578,1629.3637477189297
111887439.52864432,1629.0792467708766
111892826.86130589,1628.9441131392052
111898213.97266078,1628.723080722517
111903600.92713472,1628.5208195782552
111908987.74436964,1628.2658981756151
111914374.46352768,1627.9501124978372
111919761.1940641,1627.6244226293
111925148.13784696,1627.3173299838431
111930535.04908685,1626.8098381964114
111935921.87800172,1626.4796607112746
111941308.53827585,1626.2790188982276
111946694.96425064,1626.0906254492274
111952081.29138361,1625.925328496317
111957467.44930159,1625.7145956621684
111962853.41204545,1625.3527845880442
111968239.55176319,1624.9376074183504
111973625.72964272,1624.59285933146
111979011.86791953,1624.4492033260228
111984397.78397979,1624.2425805494065
111989783.52699265,1624.0243916888987
111995169.15378971,1623.7796268138254
112000554.62837012,1623.4494904675453
112005940.10525064,1623.1006050264145
112011325.78942013,1622.813480550151
112016711.44916467,1622.253253938909
112022097.03366248,1621.9255030411605
112027482.45822038,1621.7215764515681
112032867.61635756,1621.4884888434012
112038252.69423074,1621.3310147886664
112043637.56741266,1621.0983853529901
112049022.25977515,1620.7284749810244
112054407.13755971,1620.270758406305
112059792.0750185,1619.9424279734114
112065176.90491197,1619.74647011693
112070561.57159661,1619.4827738163995
112075946.06362669,1619.3202851860199
112081330.38430049,1619.0390307447474
112086714.60029514,1618.721810468265
112092098.76298642,1618.3583793022904
112097483.15857469,1618.029242497474
112102867.516301,1617.4731064710552
112108251.83200285,1617.0825217901415
112113635.97500102,1616.851353214085
112119019.85343613,1616.6488590849867
112124403.61854857,1616.4782417247088
112129787.22109695,1616.2567452626306
112135170.58335054,1615.8854568950176
112140554.11919858,1615.449649625289
112145937.70033315,1615.062546643161
112151321.24087119,1614.8827330455988
112156704.5541938,1614.6376898905364
112162087.65349615,1614.4036487652795
112167470.64637676,1614.1366634578071
112172853.48713014,1613.7845025606541
112178236.29542752,1613.4022857064663
112183619.3349599,1613.1018252248314
112189002.33229454,1612.4900768086286
112194385.28453198,1612.1241257661575
112199768.06447114,1611.8768540599071
112205150.55343379,1611.6255478804874
112210532.9682481,1611.4364817156013
112215915.18132126,1611.1931962442638
112221297.18161528,1610.804212651357
112226679.33255412,1610.3134293803832
112232061.57027431,1609.9250776316458
112237443.70682798,1609.7255149137945
112242825.67380562,1609.4423698142234
112248207.45817667,1609.229155618228
112253589.06976582,1608.9359997507986
112258970.56338215,1608.5767898207448
112264351.98560606,1608.1845217983532
112269733.63410687,1607.8368371067543
112275115.26079045,1607.2277383871285
112280496.82951444,1606.7851225402742
112285878.24530737,1606.5070877522421
112291259.39243242,1606.279877465767
112296640.4124336,1606.0765468937457
112302021.27578314,1605.8288468503597
112307401.87711371,1605.4431234913786
112312782.62065636,1604.9674672491328
112318163.41859068,1604.540318274454
112323544.17419621,1604.3175705501578
112328924.73063143,1604.0351569836482
112334305.05977148,1603.7926583576975
112339685.26859634,1603.4980602799226
112345065.32656096,1603.1283419954668
112350445.31024508,1602.715479447087
112355825.53107668,1602.3843558183162
112361204.69406092,1599.464785236377
112366590.52858578,1595.7751056030102
112371974.95645314,1595.464288874587
112377359.07340564,1595.1413584773823
112382747.02086483,1587.119727711128
112388135.3387926,1586.7896482941323
112393527.29709004,1578.5273322198168
112398919.97833806,1577.923079959145
112404316.5987571,1569.5628108769342
112409713.82434359,1569.250762447879
112415114.73200344,1561.025350325099
112420516.12329563,1560.6765014124135
112425921.21434924,1552.3866289921411
112431326.85856143,1551.8785297409968
112436736.29847771,1543.468339871988
112442146.6424419,1542.9899286009581
112447560.90625434,1534.3210336598308
112452975.76279208,1533.713255349158
112458394.45284128,1525.455676800898
112463813.44246605,1525.0362415265456
112469236.40130845,1516.9126594889685
112474659.7360306,1516.5322289519925
112480082.8847928,1516.0072391803062
112485506.21320501,1515.3551289122506
112490929.65122035,1514.7742931839925
112496353.10735323,1514.4101144457263
112501776.42543049,1514.0106265726151
112507199.57574879,1513.6023321115372
112512622.6721027,1513.166869849472
112518045.65844613,1512.6233028210959
112523468.6394564,1512.0707948035222
112528891.87809749,1511.5646378236622
112534315.16899481,1510.742650334318
112539738.4433257,1510.1353722267713
112545161.61315416,1509.722354869868
112550584.55675206,1509.3525092988393
112556007.42828557,1509.0264466700592
112561430.1655765,1508.6449165533206
112566852.72084337,1508.0741724967083
112572275.47312975,1507.3816139504627
112577698.35439107,1506.807673526459
112583121.21272472,1506.4142499769214
112588543.94778402,1505.9836870543886
112593966.5186198,1505.6025550446573
112599389.01624328,1505.1287894638492
112604811.40366152,1504.5805624727566
112610233.80099273,1503.9989746387548
112615656.45907183,1503.4969432036214
112621079.15764807,1502.623239375841
112626501.81832597,1502.0358275054866
112631924.37793383,1501.6191562621395
112637346.73196237,1501.1984963887228
112642768.99567944,1500.8612560092422
112648191.14769152,1500.4401131013633
112653613.10614166,1499.8376678895393
112659035.2769836,1499.1444141415398
112664457.55874261,1498.5248571271889
112669879.8193932,1498.1834302158907
112675301.92038916,1497.7149261307975
112680723.90348674,1497.31120279915
112686145.76483363,1496.7865909280717
112691567.5500213,1496.229492856666
112696989.34528846,1495.6243346230237
112702411.40772766,1495.0965537280424
112707833.46527351,1494.1914108985384
112713255.5109166,1493.6028476230194
112718677.42878363,1493.1813226495053
112724099.12730846,1492.7210002397906
112729520.76732141,1492.3534566360017
112734942.2707634,1491.8837741424718
112740363.61935318,1491.2365814742684
112745785.18434814,1490.5289056389004
112751206.82483564,1489.90464061279
112756628.48153521,1489.519133004622
112762049.95031624,1489.0413751386895
112767471.31841122,1488.5812496161097
112772892.57022026,1488.0525746702344
112778313.73959902,1487.4499885490263
112783734.94855826,1486.836582881155
112789156.4248541,1486.22291111911
112794577.87992272,1485.326616654408
112799999.32919459,1484.6803154095526
112805420.64338098,1484.2358964089408
112810841.72001587,1483.796668056376
112816262.76181288,1483.4077149243078
112821683.62892811,1482.944158450717
112827104.36061499,1482.2560056926905
112832525.31216481,1481.488794074793
112837946.36252664,1480.921352089219
112843367.3352423,1480.522535782326
112848788.16485792,1480.0252697364892
112854208.87353884,1479.5435637283622
112859629.47590221,1478.960805271153
112865049.9816764,1478.3330515456332
112870470.54955824,1477.6975871249047
112875891.37364809,1477.032253726764
112881312.18691446,1476.1044361145896
112886732.96630669,1475.441902293235
112892153.58915265,1474.9866253998707
112897573.99653994,1474.5210345836285
112902994.35501406,1474.0902551154336
112908414.55413893,1473.593993373033
112913834.63769338,1472.8674394885966
112919254.94895554,1472.0669471239717
112924675.34442623,1471.426578174568
112930095.67967084,1470.9869599171645
112935515.83786313,1470.448178566103
112940935.91862823,1469.9491728527087
112946355.86871016,1469.3326600436144
112951775.74989723,1468.678726273569
112957195.70172323,1468.0112356618215
112962615.90295039,1467.2840379274535
112968036.0763126,1466.309847734224
112973456.25063498,1465.6367609036959
112978876.26696981,1465.1794143441518
112984296.05543362,1464.6778185311432
112989715.79859783,1464.257880939292
112995135.3520026,1463.7145170713611
113000554.82048108,1462.9506391433627
113005974.52528113,1462.1246943426547
113011394.28600347,1461.4965286740771
113016813.98410003,1461.0046702053962
113022233.51260905,1460.4766286684949
113027652.92898679,1459.9323162785297
113033072.24486578,1459.3031287550755
113038491.46150386,1458.6061890546425
113043910.78801289,1457.9420963935083
113049330.31880347,1457.1525528443692
113054749.84016557,1456.2273158805833
113060169.31573524,1455.5231955088836
113065588.62561332,1455.013082453931
113071007.7400586,1454.4890858869726
113076426.8167905,1453.991401540352
113081845.69811481,1453.4178920346596
113087264.51741889,1452.6064999721427
113092683.55442445,1451.728385083341
113098102.71092355,1451.1439084621204
113103521.71501714,1450.6223831995924
113108940.56145564,1449.9974689520322
113114359.31799772,1449.445034490627
113119777.95761243,1448.731386194132
113125196.51372424,1448.0179529994932
113130615.1998392,1447.3012555316707
113136034.09547491,1446.4674464054333
113141452.98485151,1445.4412006904208
113146871.83002448,1444.7306714126978
113152290.49070194,1444.2357810796539
113157708.95569862,1443.686861285413
113163127.3457209,1443.2028853773434
113168545.54628782,1442.5872633553151
113173963.70613459,1441.735623405588
113179382.09733954,1440.85151494337
113184800.56224012,1440.1455546886746
113190218.93401232,1439.5966532996792
113195637.09839635,1438.989323430566
113201055.21208507,1438.386257818904
113206473.18201783,1437.657472423309
113211891.09382005,1436.8993556725786
113217309.14431497,1436.1845174135055
113222727.38093992,1435.262142298756
113228145.58478034,1434.2411894698673
113233563.76747619,1433.500041175785
113238981.77289435,1432.9694798175972
113244399.58252634,1432.3644292075624
113249817.35506046,1431.857999176434
113255234.89512777,1431.18398441199
113260652.4265909,1430.2965728059312
113266070.17711702,1429.3448105651446
113271487.97133213,1428.6861783387992
113276905.6841166,1428.046042326055
113282323.24724302,1427.4383015392195
113287740.69094202,1426.8031768358283
113293158.04733008,1426.0336947567562
113298575.31118186,1425.2299050928855
113303992.76789744,1424.5116627118541
113309410.36347914,1423.5267217257435
113314827.99236676,1422.4675398319055
113320245.54021238,1421.7034127562556
113325662.88604261,1421.1519935966373
113331080.07823265,1420.5487079059726
113336497.17637928,1420.020037359105
113341914.07107463,1419.3202199649
113347330.96174137,1418.3891655339073
113352748.06058197,1417.4542783946513
113358165.1994248,1416.772561671684
113363582.25653078,1416.1506782009733
113368999.12995803,1415.5154248641657
113374415.91880967,1414.859697745471
113379832.56899494,1414.0525207518942
113385249.14069733,1413.2280322612887
113390665.90312713,1412.4879770816465
113396082.79388197,1411.4343866915788
113401499.70049927,1410.3556996404666
113406916.52056059,1409.5688529385636
113412333.12500034,1408.9845084742694
113417749.57282095,1408.3251396939702
113423165.94536035,1407.7610514775006
113428582.09559841,1407.0042011974897
113433998.2877217,1406.0266642328913
113439414.68548055,1405.0055889269113
113444831.12280379,1404.2980122841336
113450247.44287871,1403.5908871691306
113455663.61255285,1402.9270996498412
113461079.67805104,1402.2504508165212
113466495.63099857,1401.4046751650278
113471911.49181744,1400.5306758093814
113477327.57148136,1399.7558623026948
113482743.75240257,1398.6326328200305
113488159.97555599,1397.5398588299
113493576.10079257,1396.723595975039
113498992.00494635,1396.1016447496506
113504407.78122692,1395.441072874521
113509823.44914865,1394.8340247632425
113515238.90280448,1394.0369559490937
113520654.4066624,1393.0108376624253
113526070.10141017,1392.009441785241
113531485.82931727,1391.2716329083971
113536901.44908775,1390.5567270795136
113542316.87470376,1389.8319994361464
113547732.23848875,1389.0877701728778
113553147.45051083,1388.188330323304
113558562.6063112,1387.280073948672
113563977.98109551,1386.4856463163912
113569393.44344051,1385.2761059282898
113574808.91594537,1384.1414614011012
113580224.31227852,1383.304003972973
113585639.48965096,1382.6485493927728
113591054.51627116,1381.920691663064
113596469.4660912,1381.285715028224
113601884.16871192,1380.4287608603784
113607298.96315846,1379.35459176817
113612713.97353096,1378.2832051891514
113618128.99053168,1377.5515723859105
113623543.86446843,1376.7229738309852
113628958.59031036,1375.9739959497426
113634373.20159175,1375.197470265323
113639787.71602479,1374.2726715317299
113645202.14589469,1373.3078429074933
113650616.83979347,1372.4572348960364
113656031.57448807,1371.1847541640564
113661446.3761496,1370.0281131757747
113666861.06515768,1369.157659000654
113672275.51399134,1368.45964379201
113677689.8683792,1367.732055296039
113683104.08869381,1367.0517604957683
113688518.09340471,1366.1473992082858
113693932.19027822,1365.020317814419
113699346.46711,1363.981271837847
113704760.76106428,1363.1796617381744
113710174.93610092,1362.3650756498432
113715588.90098293,1361.5749708609833
113721002.80190341,1360.7258057189938
113726416.55941185,1359.746498886041
113731830.26656573,1358.7427699325185
113737244.219018,1357.8811099346015
113742658.23106405,1356.4894493167199
113748072.25752851,1355.3233783941985
113753486.190266,1354.4269817365564
113758899.88286906,1353.680725321658
113764313.44100428,1352.9202560599226
113769726.90941238,1352.1934408252284
113775140.12476575,1351.2375141853365
113780553.47928582,1350.0694448229517
113785967.02010645,1348.8782477073034
113791380.58420713,1348.08098620138
113796793.97176725,1347.1705062880937
113802207.22265263,1346.3343575772446
113807620.35997741,1345.4714597783548
113813033.39520456,1344.4399427903154
113818446.35737748,1343.3919527695757
113823859.59620616,1342.4617207930428
113829272.8488258,1341.0328692175692
113834686.15351957,1339.803245212406
113840099.34907131,1338.8639597376828
113845512.29504375,1338.071565421065
113850925.15691532,1337.283451769098
113856337.87423192,1336.5033303214605
113861750.36579245,1335.488053314553
113867162.99134992,1334.2411627479355
113872575.77200745,1333.116141494857
113877988.57420175,1332.2388472854232
113883401.25830565,1331.3218049116629
113888813.74188696,1330.4615869181785
113894226.15393068,1329.50218813049
113899638.43263608,1328.4381055041185
113905050.66718797,1327.3452629478147
113910463.17708212,1326.3815933346696
113915875.71047406,1324.810621119122
113921288.24979314,1323.5736030805274
113926700.68380837,1322.610521172985
113932112.87453897,1321.7457849271373
113937524.9377249,1320.9402835908136
113942936.90576269,1320.0974553065553
113948348.61047934,1319.0317840903108
113953760.4938077,1317.7657427000431
113959172.53749314,1316.4750564520766
113964584.61805286,1315.6118077556112
113969996.47688226,1314.6472295797657
113975408.1915728,1313.692002089009
113980819.8206106,1312.7314034842384
113986231.31114158,1311.5743203449174
113991642.75782423,1310.448903278861
113997054.48103075,1309.4022511742
114002466.23790509,1307.8281671340305
114007877.9906554,1306.486672325849
114013289.64640202,1305.4819772802707
114018701.05982034,1304.6071703417158
114024112.3414012,1303.7294076591002
114029523.51925026,1302.872048535062
114034934.43182194,1301.738119045223
114040345.52090193,1300.3873146594688
114045756.79648821,1299.047714869593
114051168.07872339,1298.1585252393438
114056579.16287835,1297.1329585113108
114061990.1213598,1296.183108026157
114067400.96223617,1295.1644924477696
114072811.68076359,1293.9900417500457
114078222.33812422,1292.8106152330568
114083633.28757519,1291.7216756661978
114089044.23150557,1290.0661249940035
114094455.19380562,1288.7172708732105
114099866.02042398,1287.6693631293388
114105276.58807188,1286.706035393639
114110687.0557338,1285.780091458536
114116097.39843468,1284.8383480089392
114121507.49823742,1283.63391106889
114126917.79716066,1282.2062799964742
114132328.26860672,1280.8149313468607
114137738.72787267,1279.8146454606178
114143149.00060956,1278.7228275058537
114148559.12855916,1277.7328713228458
114153969.15958698,1276.6531925642794
114159379.06036665,1275.4222933428834
114164788.9161926,1274.183968134028
114170199.06721222,1273.0409063628072
114175609.19891417,1271.30233236241
114181019.34993042,1269.916161647113
114186429.3704894,1268.8222972710385
114191839.1339514,1267.7787514970862
114197248.79915598,1266.7994968231212
114202658.3360997,1265.7810630318813
114208067.62961155,1264.5013024084965
114213477.13982153,1263.0254148749702
114218886.80689888,1261.5849740771362
114224296.47776832,1260.5267952606569
114229705.92962934,1259.3614172280325
114235115.21852908,1258.250331991137
114240524.43886708,1257.1111580403547
114245933.51403669,1255.7842831168462
114251342.56773758,1254.4812334728374
114256751.8953266,1253.225426678001
114262161.21424486,1251.394351385518
114267570.53397201,1249.8953998100615
114272979.74565643,1248.745006803637
114278388.71759772,1247.6899439593708
114283797.57278544,1246.6564729589843
114289206.30089672,1245.6280894123497
114294614.76343518,1244.271573402039
114300023.44346465,1242.7254892751891
114305432.29102542,1241.2214657990664
114310841.13082564,1240.187066659282
114316249.7429628,1238.9401262861497
114321658.23127776,1237.7775719549159
114327066.58309479,1236.5330973207685
114332474.83671118,1235.1554248633179
114337883.048406,1233.788083760976
114343291.5486648,1232.4413946502107
114348700.01785544,1230.4975641413712
114354108.52600506,1228.934008183033
114359516.8936186,1227.7358335162617
114364924.98576291,1226.6064911885028
114370332.9973265,1225.5397143781809
114375740.83868122,1224.4439001700612
114381148.44342637,1223.0063206257719
114386556.2700887,1221.3410636751626
114391964.28373891,1219.8313107584424
114397372.23870534,1218.6508042752735
114402780.0060266,1217.3360631734574
114408187.62304503,1216.1801449000045
114413595.1141975,1214.841121682832
114419002.48836038,1213.419810694633
114424409.82905318,1211.9671555888567
114429817.47353551,1210.5779015989715
114435225.045872,1208.502487120059
114440632.66021098,1206.9213676181855
114446040.13272873,1205.678660608123
114451447.33225937,1204.4229100160794
114456854.45649734,1203.3017661391686
114462261.41469169,1202.0800557014513
114467668.14366205,1200.563520669818
114473075.11364125,1198.8505192453274
114478482.21890879,1197.277435370113
114483889.30830054,1195.999420036525
114489296.18706845,1194.6191534608647
114494702.88650842,1193.3294141892784
114500109.51093364,1191.9363959198995
114505515.98489186,1190.399688559742
114510922.4677706,1188.8777512289932
114516329.23477237,1187.3833967794653
114521735.9515033,1185.200496779456
114527142.67169818,1183.5029947201874
114532549.27762567,1182.1851476725426
114537955.63794458,1180.876718840145
114543361.8953011,1179.675032820672
114548768.0093453,1178.391723474592
114554173.86926629,1176.783512714744
114559579.97519241,1175.0205667156579
114564986.20065244,1173.3436139371702
114570392.4378697,1172.0756743298227
114575798.41828175,1170.6117102310156
114581204.2419952,1169.1812415622883
114586609.96770321,1167.7028233410394
114592015.56363443,1166.0546529087726
114597421.16711202,1164.463355254908
114602827.05006135,1162.816413455643
114608232.89807941,1160.5205423626535
114613638.74841739,1158.6800547830128
114619044.48266129,1157.2784948600563
114624449.97269893,1155.9429902792126
114629855.35228668,1154.6659384160494
114635260.58653021,1153.3515882975573
114640665.55467725,1151.6460242101282
114646070.76387605,1149.7692412521951
114651476.12220731,1148.0044212199107
114656881.45654461,1146.7271450194878
114662286.53735265,1145.1564765126234
114667691.49438584,1143.65110854466
114673096.3104275,1142.0742521146722
114678501.01680474,1140.34626912588
114683905.71464178,1138.67014647613
114689310.70681673,1136.8937418941152
114694715.63284405,1134.472309713176
114700120.59156504,1132.5189443351214
114705525.41241036,1131.0355108343088
114710929.96849094,1129.6384251050972
114716334.43361695,1128.2853020976975
114721738.7284062,1126.9188983088015
114727142.76749744,1125.1088553389689
114732547.0487242,1123.0843296755352
114737951.500166,1121.2476537292434
114743355.88352218,1119.8804120111809
114748760.0454169,1118.1965873988195
114754164.08914794,1116.6549599509551
114759567.96464275,1114.9582644026477
114764971.74100976,1113.1611089059768
114770375.50636525,1111.3786700572489
114775779.57537876,1109.5060749365523
114781183.5342025,1106.9376674051312
114786587.55666634,1104.8968233251373
114791991.42185375,1103.3293574859044
114797394.99938132,1101.8226647362114
114802798.52270505,1100.380668466381
114808201.83958478,1098.9218926019519
114813604.92622682,1096.9954330761725
114819008.25583458,1094.8142286724992
114824411.74660662,1092.928357301006
114829815.15051983,1091.4072542649258
114835218.36824846,1089.6095864465105
114840621.4555516,1088.0298584186305
114846024.37582727,1086.2022672141381
114851427.19232817,1084.3251119741096
114856830.01091252,1082.4250524101635
114862233.13194793,1080.4685772731107
114867636.12333433,1077.700523601155
114873039.18155727,1075.5702338047286
114878442.0820442,1073.9054358707488
114883844.68025935,1072.2586138385352
114889247.23909307,1070.7347229831407
114894649.57162553,1069.1532553881734
114900051.68570915,1067.1083402926063
114905454.05378552,1064.7989686459848
114910856.56543969,1062.840149018573
114916258.99078393,1061.14263239262
114921661.2368737,1059.2252704802413
114927063.32734068,1057.5625541325642
114932465.26617877,1055.6012100231655
114937867.08746625,1053.6110500681764
114943268.92310213,1051.5890647286392
114948671.05288903,1049.5183250847033
114954073.05052698,1046.5413758397067
114959475.11462714,1044.2969900903004
114964877.02680615,1042.5284664248297
114970278.63424581,1040.7390962543284
114975680.20310648,1039.1259061477936
114981081.53770025,1037.4112825641537
114986482.65428387,1035.2379671091503
114991884.03263986,1032.8028898561126
114997285.53461197,1030.7500012853375
115002686.96511137,1028.8931371726255
115008088.21000239,1026.8549239668698
115013489.27703348,1025.0693775604473
115018890.20770836,1022.9678016787047
115024291.00717212,1020.8405633243686
115029691.83013408,1018.6861497045275
115035092.9400941,1016.4687999010849
115040493.92257284,1013.2604454381515
115045894.96728803,1010.869394833356
115051295.8673019,1008.98205211304
115056696.46161248,1007.0545444111256
115062097.0129555,1005.3410045589878
115067497.3268573,1003.4938750785406
115072897.41749707,1001.1792043470552
115078297.77390106,998.6000809684763
115083698.23865427,996.4280518186154
115089098.64556998,994.423568900022
115094498.8576772,992.249220363716
115099898.8796579,990.3225792849337
115105298.77211544,988.0678924191507
115110698.52391018,985.7880484063398
115116098.30304064,983.4869525972551
115121498.36568178,981.100392548018
115126898.30453639,977.6358007796468
115132298.30371626,975.0704905673181
115137698.16242285,973.0464634181028
115143097.71106921,970.976045962907
115148497.21390708,969.1497497753808
115153896.47483627,967.1685717280392
115159295.5068644,964.6973730291606
115164694.80709569,961.9425944969926
115170094.2066088,959.6255624962757
115175493.55424644,957.4677179600772
115180892.70068277,955.1341640825535
115186291.65185204,953.0614630267846
115191690.4705816,950.6346769689715
115197089.1445333,948.1894684592381
115202487.84372906,945.7239241712136
115207886.82588302,943.1502508345773
115213285.68502499,939.4000374808736
115218684.60741727,936.6339278758742
115224083.38932325,934.4519063285516
115229481.852156,932.2270582724309
115234880.26918,930.2738282896757
115240278.4372455,928.1547105039664
115245676.37139748,925.5088439342171
115251074.57566607,922.5378010367826
115256472.87666057,920.0429109112861
115261871.12250547,917.7214656476643
115267269.16449578,915.2006211824018
115272667.0144279,912.975745967007
115278064.71845579,910.3538640658307
115283462.27971068,907.7263475340221
115288859.85810556,905.0751830423337
115294257.72310139,902.2901305042334
115299655.4628584,898.2202985039708
115305053.2723292,895.214859560722
115310450.93689413,892.8473462866889
115315848.26984416,890.4599424528645
115321245.55779877,888.358995378823
115326642.59002209,886.1007327093353
115332039.38128825,883.2564393793039
115337436.44199008,880.0234056775157
115342833.60480967,877.3017335894399
115348230.7031976,874.8249063452926
115353627.59429039,872.0857008179664
115359024.30884938,869.6796487681294
115364420.85380767,866.8401502486097
115369817.26270525,863.9985329172982
115375213.67418051,861.1355571432246
115380610.3803322,858.0904369339161
115386006.95987742,853.6609683619697
115391403.61428349,850.3508674683826
115396800.11806121,847.7627777291345
115402196.27976424,845.2164951776808
115407592.39023955,842.9378673273611
115412988.2469437,840.5387902329438
115418383.8468027,837.464645954663
115423779.70999946,833.9334947853165
115429175.68790619,830.9172196547449
115434571.59873882,828.3163764025734
115439967.28601584,825.3361130599021
115445362.81862307,822.668201001286
115450758.15745352,819.587247196027
115456153.36489335,816.4694475170763
115461548.55759676,813.3603533835928
115466944.05254757,809.9759590728676
115472339.43008024,805.1309257201865
115477734.8780881,801.4263268889633
115483130.1767516,798.5744387470279
115488525.13457295,795.8590229576657
115493920.0173549,793.3642590794416
115499314.66466175,790.7884256925804
115504709.02522574,787.4421745652971
115510103.64155287,783.599416471468
115515498.38263765,780.2060145084954
115520893.07495819,777.4672091292605
115526287.50443342,774.2049008347515
115531681.78990452,771.1617669414591
115537075.87710978,767.8037704603578
115542469.82484286,764.3234186316138
115547863.748537,760.9200430483004
115553257.9770687,757.1320239011197
115558652.11333811,751.7847077326362
115564046.29951327,747.6024006362384
115569440.34785879,744.4306294727694
115574834.07043165,741.4680158729843
115580227.67809656,738.7044404317226
115585621.07982971,735.8508838586056
115591014.15873146,732.1768810787114
115596407.49026959,727.9866878007747
115601800.93936782,724.1122076585607
115607194.36848986,721.0991616081071
115612587.48573777,717.5174178434086
115617980.45976631,714.0195084082335
115623373.26323846,710.3169069369726
115628765.89980245,706.3908451918348
115634158.52026911,702.6238608110596
115639551.45034164,698.4261357459773
115644944.31796636,692.443816662829
115650337.20384024,687.7229390930257
115655729.97261643,684.1586292727245
115661122.4296621,680.7783241096186
115666514.73287953,677.6788455074891
115671906.85792302,674.3935059480484
115677298.63465044,670.3070352037762
115682690.68245551,665.6808665753546
115688082.81796466,661.2193114828408
115693474.97632432,657.6400192403768
115698866.78767678,653.6484652034796
115704258.4016198,649.6933721072737
115709649.90770747,645.5349779294115
115715041.19342731,641.0923445606227
115720432.48123461,636.8315143093805
115725824.0807046,632.2521081442973
115731215.61438821,625.4287729024979
115736607.16235371,620.1504657957282
115741998.59556358,616.0921172689514
115747389.69336307,612.0553476194764
115752780.6401395,608.518014235312
115758171.393456,604.6482588454649
115763561.81252193,600.0033552520313
115768952.50898087,594.5839621891224
115774343.30314264,589.3950235357515
115779734.06875743,584.9665234716286
115785124.53562105,580.34967860041
115790514.79024462,576.0684854167793
115795904.92756787,571.205883582003
115801294.84269978,566.2074564819319
115806684.72603332,561.24017013913
115812074.95998007,556.0068801511563
115817465.06233318,548.0725853678612
115822855.24474853,541.8543662693946
115828245.27013683,536.984690570275
115833634.91502853,532.3069289236107
115839024.4412465,528.0096252031276
115844413.74633892,523.63624165786
115849802.70910536,518.1178655030496
115855191.91669929,511.51779614216366
115860581.31524323,505.1924319351506
115865970.63179682,500.20597558395616
115876748.49310778,489.22838411681823
115887525.6134493,477.17224396050375
115898302.74766542,464.53182771342733
115909080.0610139,446.7394148049785
115919856.85214807,434.8238220407614
115930632.77183037,423.6543555937312
115941407.96996471,408.4826336652759
123083961.69696006,117.98238706147673
123094793.65284646,149.26854624492955
123105625.41496573,180.23122037028511
123116456.79790685,202.5343090694074
123127288.16396853,222.47359382997067
123138119.04602492,244.48025361553852
123387164.85582906,502.54419311052175
123392577.47164717,507.2084777434234
123397989.99638225,511.83053224563275
123403402.40231597,516.708106124373
123408814.83370046,520.4332702241114
123414227.2774769,523.1294611361614
123419639.25123452,526.5364937417663
123425051.29927318,530.2040012391326
123430463.50017186,533.033243815042
123435875.69692558,536.5349659686376
123441287.96505076,539.9417638539016
123446700.09489065,543.629287725621
123452112.14744703,548.6358242308229
123457524.05689369,552.5290338664013
123462935.96150544,555.4735660493203
123468347.85552008,558.3668472336954
123473759.53532583,562.5272465551993
123479171.13237794,566.6403398426332
123484582.66643497,570.6887714184144
123489994.05979413,574.9586924168257
123495405.5172313,578.264951702094
123500816.91944219,580.5975446066204
123506227.96573712,583.5023362793088
123511639.02223836,586.6724597519669
123517050.25402994,589.2199861456819
123522461.50692615,592.301916593467
123527872.75910348,595.3919990201605
123533283.91217494,598.6285882334896
123538694.94933416,603.0881843624935
123544105.84819661,606.5277307869433
123549516.78510441,608.8337344448299
123554927.72649072,611.5957399240401
123560338.37349172,615.3479874751532
123565748.95186792,618.8374188291341
123571159.46896227,622.4683528810657
123576569.84601171,626.2548801520829
123581980.27073975,629.1369432222863
123587390.63191506,631.1010895049881
123592800.63112886,634.013156378796
123598210.6434149,636.7597456559938
123603620.81863354,639.0386910219323
123609031.0311052,641.9402609554959
123614441.22151218,644.5546855929334
123619851.34659006,647.5987680445369
123625261.34411287,651.5379669495404
123630671.1881093,654.4796538655228
123636081.1489582,656.80862969096
123641491.0378563,659.4180311977652
123646900.67997362,662.633330013045
123652310.28741965,665.7920240311964
123657719.7894702,669.0028762684418
123663129.16215912,672.4507554673537
123668538.60450554,674.86976279875
123673947.95766412,676.7638043263491
123679356.89706995,679.1324157762776
123684765.90600218,681.6875168196348
123690175.06960803,683.7571248838801
123695584.2250752,686.2967725947715
123700993.42347974,688.7775924666955
123706402.49871153,691.5480123688176
123711811.47782648,695.2245076183419
123717220.32144204,697.8469835030119
123722629.20257208,699.8229572046075
123728038.05046053,702.0402933525243
123733446.66901457,705.193817473441
123738855.25614718,708.1367318806294
123744263.7340763,711.1369563859237
123749672.09093493,714.2857825941093
123755080.52529275,716.5749666104734
123760488.82204501,718.3049310895362
123765896.80794963,720.438279244717
123771304.81015752,722.7565903969764
123776712.9922108,724.6932967762114
123782121.17151983,726.9661158761985
123787529.35258187,729.2983819052768
123792937.41897868,731.7965839570345
123798345.37390128,735.1966578301353
123803753.1930082,737.6594749419477
123809161.06164591,739.5282133902999
123814568.8945985,741.6639051978079
123819976.46254396,744.5662870470255
123825383.97270113,747.1813469526352
123830791.39930758,749.9167421205718
123836198.70128739,752.8075684532498
123841606.10052015,754.8578425425133
123847013.31995158,756.3209874172571
123852420.25733079,758.2506894548176
123857827.20837305,760.3045549883572
123863234.33592002,762.1163618261721
123868641.4844327,764.3394708414967
123874048.59137122,766.4985207277396
123879455.61682379,768.8936111983645
123884862.50212811,772.0487073761724
123890269.24256955,774.2491207051486
123895676.03907068,775.9941551790635
123901082.81612569,778.0927846933116
123906489.3408048,780.8330580823551
123911895.79794581,783.2106070690386
123917302.17310755,785.7517973450294
123922708.40759046,788.4440459561507
123928114.74501178,790.3117952985219
123933520.8972531,791.6784256654253
123938926.75307816,793.490181520754
123944332.6270308,795.3911367564599
123949738.64716981,797.0514820896731
123955144.68440813,799.1681860147762
123960550.69133903,801.123722579553
123965956.62302631,803.4284538801073
123971362.41473798,806.3527320149033
123976768.06460388,808.3009050549578
123982173.78390153,809.9358510511936
123987579.4522013,811.8775841904428
123992984.89399871,814.4284137551695
123998390.30991255,816.6848423902912
124003795.60959522,819.0591969976963
124009200.77364543,821.5823648307324
124014606.03542198,823.273612333174
124020011.11778855,824.6439723975035
124025415.87376273,826.3370508374221
124030820.67038555,828.1407918701746
124036225.60128213,829.6722970289663
124041630.51880775,831.5825985018921
124047035.44622381,833.3796022376318
124052440.27210788,835.5344167664767
124057844.98169702,838.2554277964291
124063249.55732997,840.0337134590957
124068654.20452936,841.6039200649609
124074058.75806978,843.3212672409695
124079463.11682224,845.6748604965405
124084867.46966588,847.8383216997336
124090271.6922163,850.0506986076323
124095675.78487806,852.4126402304589
124101079.97843704,853.9416242435977
124106483.97876544,855.2859893407147
124111887.65048695,856.853151014361
124117291.37817058,858.5535127324252
124122695.24467361,859.9883198633515
124128099.0798636,861.6959709965267
124133502.94364919,863.3761919724452
124138906.68149346,865.3658062627325
124144310.31921084,867.911281055689
124149713.83094664,869.5835824599303
124155117.40589853,871.0978272206532
124160520.87182046,872.6710035428077
124165924.14791447,874.8555388441562
124171327.41209471,876.9049470443256
124176730.55515416,878.9710209256925
124182133.56833695,881.1802511262797
124187536.68865056,882.5741993980546
124192939.59241933,883.8399353103866
124198342.1856712,885.3050596367232
124203744.83739766,886.8913665065177
124209147.63443603,888.2440284450283
124214550.39909068,889.8024646284803
124219953.18637513,891.3858580378715
124225355.83957633,893.2338990723673
124230758.39447343,895.6221571984524
124236160.82921524,897.2102335278495
124241563.32197657,898.6364448592949
124246965.70547692,900.0950944595645
124252367.89580698,902.1453807332787
124257770.0620226,904.0714711572659
124263172.12111893,906.0105774289937
124268574.04757382,908.0826259087431
124273976.08415574,909.367069255665
124279377.88509655,910.5354342353501
124284779.39398302,911.9206914662125
124290180.95835598,913.3970219311676
124295582.67105107,914.6733178130287
124300984.3555057,916.1243925384348
124306386.05061167,917.6184753936684
124311787.61104172,919.3523317432812
124317189.06979649,921.6011028170899
124322590.4102273,923.105805240368
124327991.80732033,924.4518670841169
124333393.0976498,925.8238649081144
124338794.18982054,927.7542820037488
124344195.24890816,929.5664123969063
124349596.20994,931.3918236440434
124354997.03606673,933.3435841204588
124360397.97287804,934.535491412297
124365798.6621326,935.6151843267236
124371199.06896387,936.9273251802492
124376599.52935898,938.3072306673429
124382000.1373777,939.5107024493834
124387400.71934365,940.8750974654828
124392801.30405587,942.2838822748629
124398201.7544832,943.9226339197435
124403602.10015354,946.0466793844369
124409002.32759717,947.4652093273619
124414402.61351618,948.7365877407017
124419802.79178807,950.0310419486808
124425202.76953869,951.8522495343193
124430602.71099766,953.5670344119135
124436002.55639458,955.2905021914551
124441402.26575036,957.137027371536
124446802.08337082,958.2509133984247
124452201.65007113,959.2608874679328
124457600.93429601,960.5068643009163
124463000.27156971,961.8061258805681
124468399.75248873,962.9389077156441
124473799.20560868,964.2262064892124
124479198.6603286,965.5521418686262
124484597.98022614,967.1090225032981
124489997.19445659,969.1201485666813
124495396.29016921,970.4498091981685
124500795.44860168,971.6503342382623
124506194.49358544,972.8699641429886
124511593.33933511,974.5902614510574
124516992.15163986,976.2237087486823
124522390.8627928,977.8550849608469
124527789.43761379,979.6092019369289
124533188.11550762,980.6571992453194
124538586.5477898,981.6147234023455
124543984.68727633,982.8019073454082
124549382.88078664,984.0342373948437
124554781.21063502,985.0975256773904
124560179.50744277,986.3180449340141
124565577.8107999,987.5618518359606
124570975.97923069,989.0501799411979
124576374.04223849,990.9582256253823
124581771.9852585,992.1949524083939
124587169.99876828,993.3271360346444
124592567.8899685,994.48040666219
124597965.58522399,996.1083658546925
124603363.25494534,997.6699501502791
124608760.81143595,999.2183176789831
124614158.23172773,1000.8913153141184
124619555.74684423,1001.884631211839
124624953.03013074,1002.7951480215769
124630350.00077306,1003.9322846733323
124635747.02674027,1005.1052321538292
124641144.17744267,1006.0998140194715
124646541.29097968,1007.2753028483711
124651938.41579333,1008.4355929187518
124657335.41190991,1009.8724091021849
124662732.29885653,1011.6858081254395
124668129.06115162,1012.8269400583224
124673525.9073493,1013.8896649603482
124678922.62628703,1014.999404538957
124684319.14798664,1016.5470221705102
124689715.65150681,1018.0317529186877
124695112.02782288,1019.5065916766891
124700508.26715161,1021.106037974833
124705904.59077169,1022.0555038540663
124711300.69949092,1022.8991599531828
124716696.47563536,1023.9964696878437
124722092.30388685,1025.1048185953614
124727488.24163666,1026.0330987211614
124732884.1508787,1027.1978310633422
124738280.05930212,1028.2743328634047
124743675.86105525,1029.6730759407908
124749071.53765915,1031.399224151195
124754467.08128697,1032.4568514624614
124759862.72370626,1033.4470013237194
124765258.24774775,1034.5277239334084
124770653.5683047,1036.0094351305952
124776048.86022016,1037.3966572531886
124781444.02656758,1038.8043015012618
124786839.05015531,1040.3290983994002
124792234.1515787,1041.2413337139174
124797629.04316157,1041.9725285205213
124803023.60185204,1043.0348032263746
124808418.19791533,1044.0607929316907
124813812.89541756,1044.9361644872474
124819207.59079392,1046.1032297050351
124824602.24767111,1047.1186745001157
124829996.82592896,1048.462981107866
124835391.25485304,1050.112904616455
124840785.54178235,1051.1280744501494
124846179.93083344,1052.0514133930756
124851574.23568772,1053.148992993839
124856968.30649598,1054.5705280960515
124862362.30795468,1055.8551540648946
124867756.20708334,1057.1893055767923
124873149.95775919,1058.633093419992
124878543.78529528,1059.5141366445312
124883937.391127,1060.1169501904828
124889330.68418996,1061.114650402118
124894723.99984632,1062.0574493408626
124900117.43357673,1062.8996513279192
124905510.87572537,1064.0098061403414
124910904.25610925,1064.9981198266378
124916297.55185473,1066.2387609457128
124921690.69550364,1067.819468347511
124927083.6901685,1068.837686155625
124932476.78741586,1069.7181665549235
124937869.80665825,1070.7407666954396
124943262.56436901,1072.0686840069766
124948655.2429081,1073.296293693716
124954047.82350358,1074.5614160403918
124959440.26762706,1075.925822618797
124964832.77737914,1076.770106933385
124970225.06914791,1077.3260232437071
124975617.05257773,1078.2669467844753
124981009.06013584,1079.1805824228693
124986401.19915375,1079.966144079082
124991793.32953982,1080.9419697702574
124997185.41768682,1081.870591610066
125002577.39389415,1083.0011765655145
125007969.23884015,1084.505802889454
125013360.95099625,1085.493852537483
125018752.74313778,1086.3060856417353
125024144.43937922,1087.1747773115314
125029535.8885295,1088.433306577414
125034927.2834071,1089.6699205604207
125040318.56642592,1090.884752857476
125045709.70921992,1092.195889448762
125051100.9048377,1093.0224803444196
125056491.91738395,1093.618611899818
125061882.58243941,1094.520909089129
125067273.26942696,1095.4320080686307
125072664.06213014,1096.1606492145474
125078054.82255039,1097.0866179271134
125083445.57363933,1097.960419072257
125088836.21483485,1099.074055385878
125094226.7245199,1100.5129743795494
125099617.08733548,1101.3880255298398
125105007.5487764,1102.1393480821007
125110397.91488248,1103.0229069332777
125115788.04011834,1104.222114696897
125121178.12421243,1105.387057176542
125126568.07707684,1106.541669610334
125131957.89111646,1107.7895084807822
125137347.73416176,1108.599514762672
125142737.4186256,1109.0758793948398
125148126.73870115,1109.9319421318469
125153516.06961982,1110.7568248885216
125158905.5069705,1111.437623657289
125164294.93906099,1112.3881058475054
125169684.31632517,1113.2179157343362
125175073.60556498,1114.2748402546167
125180462.73034905,1115.653521460709
125185851.69646466,1116.5346915683049
125191240.76499929,1117.230521724831
125196629.78013536,1118.0966923742353
125202018.47195849,1119.2849089088186
125207407.1146614,1120.3652742462018
125212795.65518071,1121.5030441114955
125218184.04969372,1122.6725409928004
125223572.46497278,1123.553067990657
125228960.71859513,1123.9596244482268
125234348.69046602,1124.7453110819404
125239736.59939131,1125.5432090995714
125245124.6311549,1126.1985591280525
125250512.64931795,1127.0404141220256
125255900.60907556,1127.9153981870284
125261288.45559579,1128.8557638703232
125266676.15366217,1130.2229268466726
125272063.71028481,1131.1122169415703
125277451.27010368,1131.70782952291
125282838.83777837,1132.4176985680974
125288228.7809859,1116.5638177499518
125293620.49537444,1117.669709186152
125299014.69447955,1101.5378670674447
125304410.65878776,1102.6777850083463
125309809.23026879,1086.1374657017404
125315209.60471575,1086.5754785324239
125320612.23727073,1069.5969762314658
125326016.8011661,1070.4228465528404
125331424.11026789,1053.2453701197799
125336833.31690022,1054.0589127418157
125342245.20397837,1036.9406119290722
125347658.8394806,1037.9008135221939
125353075.12088767,1021.1660872820992
125358493.07209785,1022.1507880600111
125363913.94660719,1004.3782462641267
125369336.53970999,1005.2244476884616
125374761.87112732,987.9472299669776
125380188.70046929,989.0733758472743
125385618.6249467,971.5720696957474
125391049.8266952,972.8718569493349
125396484.43912204,954.9631678785155
125401920.16203642,955.4407194152841
125407355.58466637,956.3392091749876
125412791.07874145,957.1979895744985
125418226.72710292,957.8885150428159
125423662.38361472,958.8605928012985
125429098.08039679,959.7693261837021
125434533.69704954,960.8993107467435
125439969.23100637,962.4623755414746
125445404.69308607,963.4526339762183
125450840.27782874,964.2937168088174
125456275.82953127,965.1836557655562
125461711.17964897,966.4362025449773
125467146.48104805,967.5605281236227
125472581.73324624,968.7554717173173
125478016.88639563,970.0767168422957
125483452.16679426,970.8216224830999
125488887.29252233,971.3647278235607
125494322.14403598,972.1782188867603
125499757.08789995,972.9933536664771
125505192.18084058,973.677207518414
125510627.27132976,974.5212704700459
125516062.39754996,975.4155416283736
125521497.43406922,976.5115096872429
125526932.3762729,977.9937540120757
125532367.25658284,978.9039301992093
125537802.27207285,979.6598823703689
125543237.23461716,980.5697519733776
125548672.00780216,981.8195491007484
125554106.74738914,982.8991558735557
125559541.41064042,984.050835973095
125564975.97712143,985.3574028864424
125570410.69076598,985.9689152076912
125575845.20014626,986.4782493907289
125581279.49015065,987.262829791925
125586713.8814658,987.9825015549065
125592148.41720746,988.694680541269
125597582.94028828,989.5250340622903
125603017.48270395,990.4259969262253
125608451.93964109,991.5550225209001
125613886.29412918,992.9449603319222
125619320.60416429,993.7540810615797
125624755.0685509,994.4302542501655
125630189.45103295,995.345602636645
125635623.65997872,996.5519913243352
125641057.86719033,997.6008665161296
125646491.9871929,998.6831126789052
125651926.01133738,999.9467906260181
125657360.19746241,1000.4274940195105
125662794.12294863,1000.9966823649805
125668227.8823756,1001.7136838568781
125673661.75362702,1002.3616615859638
125679095.75619711,1003.0900165510507
125684529.7615347,1003.8561730505143
125689963.76210587,1004.7318098854122
125695397.68522933,1005.8764197197775
125700831.49185556,1007.1619115728026
125706265.27791321,1007.8763807687225
125711699.21115904,1008.4988876614854
125717133.03928599,1009.312486221661
125722566.71407881,1010.4898935505317
125728000.36373886,1011.4971333268941
125733433.94318393,1012.5378492262303
125738867.44627309,1013.6772441197377
125744301.11607248,1014.0591429046774
125749734.432921,1014.5650051161763
125755167.6864241,1015.2437521461814
125760601.04966405,1015.7892811764782
125766034.53583176,1016.5364814381885
125771468.03447616,1017.2421359698315
125776901.50022645,1018.0997591860244
125782334.89482252,1019.238357191743
125787768.17945874,1020.4117658501336
125793201.47307335,1021.0469828550072
125798634.9218172,1021.6034973865271
125804068.21292154,1022.4099681523517
125809501.3555119,1023.4891289192817
125814934.49349873,1024.4484763408327
125820367.55410445,1025.4389888645162
125825800.55882855,1026.504383445894
125831233.72275397,1026.7849305435209
125836666.52170944,1027.2994067821794
125842099.28235988,1027.930291203322
125847532.1619683,1028.4237614402332
125852965.13365038,1029.1538389466016
125858398.12855141,1029.8321219171523
125863831.0893408,1030.65273317845
125869263.96338464,1031.8049051190706
125874696.72411202,1032.8639072207825
125880129.52295431,1033.4302794107402
125885562.4460245,1033.976889653564
125890995.21154346,1034.7975116061798
125896427.85525288,1035.8545685712058
125901860.45704012,1036.7702085984256
125907292.9745273,1037.7266161218718
125912725.45081833,1038.7115340018881
125918158.06077336,1038.937723330486
125923590.29487322,1039.4983228491028
125929022.50550197,1040.1020880024053
125934454.83614823,1040.537593356874
125939887.2417417,1041.2540806859943
125945319.67873439,1041.879265038062
125950752.0616424,1042.669308209575
125956184.35442096,1043.8137124332702
125961616.53206652,1044.7611358341592
125967048.77003539,1045.3033648646879
125972481.1361469,1045.8027186938348
125977913.3046639,1046.6443439734308
125983345.37961586,1047.598930232476
125988777.40256177,1048.4893964940325
125994209.34179908,1049.4082025850148
125999641.25812425,1050.3099520719138
126005073.2525302,1050.5298914526688
126010504.9046345,1051.0187420271657
126015936.54099977,1051.6625945306514
126021368.30728734,1052.0661589343933
126026800.13485843,1052.7040150749804
126032231.97976024,1053.2979707401423
126037663.77682771,1054.0179295403448
126043095.4771752,1055.1392408255772
126048527.08185028,1055.9874447022219
126053958.7721534,1056.4978774054566
126059390.56490712,1057.0375321755237
126064822.11573546,1057.8689305885453
126070253.60021193,1058.7961756417617
126075685.00474457,1059.6436035294419
126081116.32676286,1060.54116740645
126086547.65771763,1061.348461844545
126091979.0129222,1061.552507332886
126097410.0583978,1062.0787283459235
126102841.09447974,1062.6529163726534
126108272.27320841,1063.015991026253
126113703.50340372,1063.6451461580348
126119134.74444322,1064.1906506966461
126124565.92970826,1064.9221130040185
126129997.00072956,1066.0134405021222
126135427.98064932,1066.737115771783
126140859.06780472,1067.236635278575
