Elapsed_s,Altitude_km,Density_kg_m3,Inclination_deg,Eccentricity,RAAN_deg
0.0,260.0000672843646,5.7020971213547505e-11,96.7,9.99999993922529e-09,11.500000000000002
3600.0,268.6252149600166,4.503624514115659e-11,96.70706753302316,0.001137965451500324,11.538546131393646
7200.0,267.6006398682277,3.6550126140162175e-11,96.70850914592667,0.001019271300562713,11.588818215815575
10800.0,259.591851767364,5.843927417395094e-11,96.70170230572789,8.354368090527324e-05,11.625229452141877
14400.0,269.1411601627729,4.469531185742279e-11,96.71158809040067,0.0012877581569815792,11.664359982098116
18000.0,265.8629020755049,3.9322573748377357e-11,96.71114338354649,0.0008321399911943559,11.715337532620506
21600.0,259.39658744418284,5.963260495595223e-11,96.70520581521495,0.00018516117446543476,11.752570644893618
25200.0,269.58607312037697,4.4997966334091084e-11,96.7140473590805,0.0014218898774729732,11.792070859197496
28800.0,264.0878406646352,4.257961920346398e-11,96.71086168423689,0.000644741748169716,11.84223268650269
32400.0,259.3511281965512,6.050037499251407e-11,96.70512490949679,0.0002925041789177317,11.878369544074783
36000.0,269.90467231187904,4.5838182902607404e-11,96.71141070747196,0.0015222043051687998,11.91764586053002
39600.0,262.740628971733,4.486946381700418e-11,96.708849989153,0.0005303117670059675,11.968258611054239
43200.0,259.1423714118151,6.118342802734092e-11,96.70154493777117,0.0003723838869548303,12.005342319877672
46800.0,270.5299684597574,4.6228611256465e-11,96.71070213337075,0.0016682445253633875,12.0472464706082
50400.0,261.1988385811183,4.656745751671479e-11,96.70665611751151,0.00040704990147658564,12.097382219556875
54000.0,258.7958921119078,6.172925515406728e-11,96.70339951525608,0.0004570650256850863,12.132242847458885
57600.0,270.7048442231332,4.703904740671186e-11,96.71362846774271,0.001768834565387391,12.173777190120838
61200.0,259.5720565916992,4.850460298691717e-11,96.70928740643977,0.00026399106897001263,12.222803011464595
64800.0,258.95892300073143,6.10357298605877e-11,96.70673816322281,0.0005544323503064748,12.256768856186222
68400.0,270.7121100463632,4.7928251979734936e-11,96.7155048204262,0.0018546893957593854,12.299382525962987
72000.0,257.7915066770341,5.1727189920539575e-11,96.71055317127916,0.00016231360716163063,12.348041167500556
75600.0,259.37440394134427,5.957682425550095e-11,96.70682123962968,0.0006847086981329174,12.3815969106219
79200.0,270.8694148067309,4.8681047248385604e-11,96.71425163198232,0.0019694590933060203,12.426473176944832
82800.0,255.98545808206305,5.6611369693229654e-11,96.70561409686383,0.0002377065335663271,12.474592055035364
86400.0,259.8024084362496,5.802164211791782e-11,96.70312641008302,0.000819608792201063,12.506346310135125
90000.0,270.7737517182224,4.977249582736044e-11,96.71106368815916,0.002033453184294942,12.552314566024869
93600.0,254.4663766608249,6.203341868307024e-11,96.70587178314344,0.00035675067243927676,12.599216606126586
97200.0,260.04772019933296,5.692798514795908e-11,96.70608799930966,0.0009312016733106407,12.632048878888124
100800.0,270.68565427855657,5.0858732031299924e-11,96.71519648530558,0.0021093853058053447,12.678896858840988
104400.0,252.63304063069296,6.739470322627647e-11,96.70855403516744,0.0005420279020324223,12.725306113155947
108000.0,260.4189840744357,5.594669818448461e-11,96.70986372314377,0.0010717522432899212,12.759690871984658
111600.0,270.4671839136783,5.2065950915130665e-11,96.71739477959305,0.002171266244678778,12.807574543292008
115200.0,250.87693787623542,7.11833404731374e-11,96.70868135329887,0.0007244864082831914,12.851893021226813
118800.0,260.96202281726283,5.4850807007181205e-11,96.7096624865324,0.0012238723899266521,12.885909354076531
122400.0,270.02074011302784,5.335321643867763e-11,96.71439897172397,0.0021986186403642792,12.93374832821477
126000.0,249.62888294503662,7.329880504755395e-11,96.70581215979448,0.0008147349299580053,12.978026800766964
129600.0,261.3572497261853,5.376333070623391e-11,96.70723710992019,0.0013369605556300523,13.01354830776272
133200.0,269.51758460111046,5.404154585950507e-11,96.71290536930813,0.0022022657177311108,13.063587381124668
136800.0,248.5435724193182,7.551190912626508e-11,96.70451428712568,0.0008878849258701578,13.106357803647649
140400.0,261.55538462740424,5.296463562696208e-11,96.70948188359024,0.0014086267802354998,13.141415652943172
144000.0,268.60611840002286,5.4587543930570466e-11,96.71516070820871,0.002171633916106921,13.190404394390919
147600.0,247.3359093772956,7.90245130462158e-11,96.7072805801351,0.0009913678174684776,13.231615203058125
151200.0,262.1338067942473,5.180120340700625e-11,96.71304259773108,0.0015411914741943207,13.266615780479569
154800.0,267.6011289209714,5.480545946744814e-11,96.7165548278283,0.0021430402028980843,13.315959635204202
158400.0,246.1131110725667,8.241671067783422e-11,96.70858000687771,0.0010837729000802098,13.35667389924982
162000.0,262.7670423213845,5.057753791065689e-11,96.71337366726976,0.0016930113093501652,13.391917220926889
165600.0,266.73725531144567,5.486446498265063e-11,96.71496864729836,0.0021255285269624648,13.442791316813146
169200.0,245.11963548687856,8.381579793827774e-11,96.70460587209396,0.001159395093803728,13.482814113972728
172800.0,263.38774701799196,4.909974231343822e-11,96.71016216628259,0.0018227438730824864,13.517946496539869
176400.0,265.519325680747,5.5557042688375064e-11,96.71096985782583,0.0020314156078963075,13.568715913053707
180000.0,244.54629173498307,8.275562347283873e-11,96.70468155465575,0.0011592737879214973,13.60730843216045
183600.0,263.6474740244705,4.7748312830933025e-11,96.71341740169021,0.0018976225072655053,13.64475841122999
187200.0,264.1968656941953,5.659050434686892e-11,96.71417709842534,0.0019361135473163103,13.69583073199801
190800.0,243.9455827477137,8.138408682977685e-11,96.70820438510704,0.0011714039054985278,13.73303755399903
194400.0,263.7424022998071,4.6680158012537675e-11,96.71709584379775,0.0019656804590966466,13.77312432745378
198000.0,262.80985251596087,5.77877656604995e-11,96.71585748335977,0.0018475806727278124,13.824611407501218
201600.0,243.60284294999087,7.984817501629657e-11,96.70946602361548,0.001159797437817225,13.859658709935328
205200.0,263.8634372133263,4.6212939894907025e-11,96.71612649219455,0.0020375465867472986,13.89945820939632
208800.0,261.2965851692397,5.89532583183541e-11,96.71244975684108,0.0017302890763298093,13.95051139667663
212400.0,243.71586380298865,7.745538446644544e-11,96.70594951967739,0.0010477496107902903,13.985689502958119
216000.0,263.7926132356684,4.6660559798098374e-11,96.71450943112723,0.002060990210990715,14.028968622130852
219600.0,259.49625412839447,5.97940132539055e-11,96.71006360463424,0.001539507152290986,14.08023924986497
223200.0,244.3532837698879,7.378546682892769e-11,96.70682905220339,0.00087398351449081,14.114149514636027
226800.0,263.35813887887866,4.7955403165666335e-11,96.71605614021603,0.0020232474572518936,14.15809446275954
230400.0,257.5632754310006,5.987277501073199e-11,96.71181608340038,0.0013504922690893773,14.206615487982853
234000.0,244.80604607776456,7.12875069951587e-11,96.71022466766232,0.0007384326986998045,14.239752783297755
237600.0,262.929530269767,4.883558244978807e-11,96.71918504051753,0.0020134730982345065,14.284102387431416
241200.0,255.83413648604338,5.891099342756294e-11,96.71298149369572,0.0011906447074112136,14.331571166953259
244800.0,245.2974503689115,7.037417977960301e-11,96.71192709804559,0.0005833137941913631,14.365066723419952
248400.0,262.214231649785,4.890384015953091e-11,96.71919854932167,0.0019676187603649103,14.410078486447874
252000.0,254.40877589858977,5.798536488060238e-11,96.71133797225369,0.0010661507005483544,14.457743639177743
255600.0,246.1736776665647,6.986382772259666e-11,96.70904252810618,0.0003980887348816933,14.491688934314183
259200.0,261.4177674937541,4.7995434927004675e-11,96.71532856023332,0.0018923698446106443,14.53761300745566
262800.0,252.75234459118417,5.914394462888155e-11,96.70752982994853,0.0008724859962523918,14.58254822923988
266400.0,247.28662406205495,6.774733248727302e-11,96.70969949152568,0.00016432544609695104,14.616914184051389
270000.0,260.0797917780752,4.735440888923863e-11,96.71767952595393,0.0017640018729078465,14.665344603077676
273600.0,251.1180902046499,6.250419708357641e-11,96.71021109659524,0.0006736950363364624,14.709316208175865
277200.0,248.49187838741824,6.342655849320579e-11,96.71469151525677,0.00014704458431234575,14.743581286562101
280800.0,258.32118414077627,4.770392808346638e-11,96.72047359548937,0.0015807900598290786,14.793759298485117
284400.0,249.75609385170722,6.697371239112077e-11,96.71204849880338,0.0005085485314835696,14.837535892259782
288000.0,249.8551255970962,5.962168549045271e-11,96.71637284041762,0.000424559992949074,14.871076955196111
291600.0,256.4705756143284,4.9253687956420236e-11,96.71851249205798,0.0013744218852687923,14.920428203213534
295200.0,248.62679231524334,7.119731862655468e-11,96.7097439829207,0.0003753663749982938,14.962506370216351
298800.0,251.24068805774414,5.882422153761672e-11,96.71360014909592,0.0006871070997587324,14.998123445060603
302400.0,254.5650453834066,5.165379680316093e-11,96.71612105274197,0.0011670859733349493,15.050291503781253
306000.0,247.25109821872678,7.510586471599983e-11,96.70712219942747,0.00024974416523503435,15.091760854070634
309600.0,253.02920617470429,5.971434754489617e-11,96.71478749562908,0.0010149847678062195,15.12798271095592
313200.0,252.35377264791774,5.427224601815054e-11,96.71620871075424,0.0009149492993615193,15.179559545336064
316800.0,246.16718094880835,7.823124258065547e-11,96.70960370094834,0.0002761137292665814,15.217608746376118
320400.0,254.25642111952573,6.212164622095519e-11,96.71841559596845,0.0012917730495643628,15.254922632489674
324000.0,249.89631681265263,5.678930977473513e-11,96.71834101432303,0.0006407853691181148,15.305584970428274
327600.0,245.64877741459586,8.018947588499777e-11,96.71181392675706,0.0004161544933153466,15.342245661140458
331200.0,255.27523102837597,6.369974660341315e-11,96.72027145710948,0.0015433477532601281,15.381517071732777
334800.0,247.150711967565,6.097247145116701e-11,96.71742997680435,0.0003358847646292066,15.43227523124631
338400.0,245.63933946124362,8.077315894412468e-11,96.71045614156303,0.0006143652078631833,15.468248904777353
342000.0,256.3509786669715,6.399957946399481e-11,96.7175136685014,0.0018103647809115165,15.509586748047964
345600.0,244.55974551722866,6.825342806725817e-11,96.71233937746975,0.00012788995407434783,15.559669581958644
349200.0,245.59135485829017,8.077711540402571e-11,96.70861528364514,0.0007823157913388507,15.59271753786343
352800.0,256.9971018007313,6.499186132369601e-11,96.71750159702285,0.0020169176369985225,15.636505820986311
356400.0,241.88436424899814,7.941304568849672e-11,96.71399949427206,0.0002706520406725457,15.685784348936703
360000.0,245.61117866369094,8.024969442275354e-11,96.71239776681622,0.0009640962790972769,15.719525644171576
363600.0,257.55913350779593,6.638363145218594e-11,96.72225586898091,0.0022209712408175187,15.764916384657285
367200.0,238.98950356880155,9.223022727077787e-11,96.71601616716526,0.0005764098862810628,15.813639606908122
370800.0,246.01245313808883,7.885846470764831e-11,96.71518435791458,0.0011697318456662686,15.848112447475453
374400.0,257.78131193115917,6.811354657397889e-11,96.7234255942686,0.0023728587032269856,15.894247172656042
378000.0,236.4224362680288,1.0217029505260578e-10,96.71381648831422,0.0008551653767448482,15.939687651762586
381600.0,246.67114178845972,7.668541177715104e-11,96.71502094922505,0.0013709432950236627,15.97381880433871
385200.0,257.3789229449856,7.034886165938939e-11,96.71981720804659,0.002429404727443126,16.02266131612305
388800.0,234.4826092375756,1.084663657207999e-10,96.7110257260411,0.001009832413547533,16.068376828489733
392400.0,247.03642163686652,7.451872036143998e-11,96.71266197799683,0.0015033236475365543,16.103743182276474
396000.0,256.77930511588517,7.159845574318393e-11,96.71935736694891,0.0024520281135072975,16.153342556859847
399600.0,232.79181790901865,1.1484422530667542e-10,96.71159858772012,0.001152980097173465,16.19601798989574
403200.0,247.5501200405834,7.236167504342016e-11,96.71698101028204,0.0016270867541352235,16.23127278839265
406800.0,255.47550960893003,7.254009127711812e-11,96.72161813572568,0.0024063608618640807,16.281011553012508
410400.0,231.2163350004111,1.2115495239150694e-10,96.71373536230536,0.001270504237011353,16.321387173391525
414000.0,248.33239267106563,7.048579199231758e-11,96.72044623885914,0.001782454178334117,16.357499468014396
417600.0,253.8192794060618,7.297559349416747e-11,96.722139860268,0.002314904406616481,16.407602418352106
421200.0,229.89738507947558,1.2405001683096004e-10,96.71294481201522,0.0013370579590541772,16.447541434844126
424800.0,249.0025792354165,6.894562379319745e-11,96.71879791131363,0.001943445262932563,16.4841595015521
428400.0,252.14245641517303,7.28283844093665e-11,96.7182414676109,0.0021941994197004645,16.535537526079327
432000.0,229.44325997802858,1.2080330897020876e-10,96.70935038064158,0.0013067432676098787,16.573656853051787
435600.0,249.4755018080409,6.685232210145659e-11,96.71811468101728,0.0020271396781658827,16.611524178519648
439200.0,249.81177826044697,7.327342211547151e-11,96.71605777784328,0.0019685379865613537,16.662485454916705
442800.0,229.41104934468885,1.1575761376468616e-10,96.71227958370092,0.001194657166152958,16.69899041809954
446400.0,249.2223162536957,6.522787664771145e-11,96.72201264598087,0.002027386406768158,16.740359199518313
450000.0,247.44168149173262,7.395290903507548e-11,96.71908544346728,0.0017414971877186744,16.791309149531205
453600.0,229.8577843271134,1.0997008944698e-10,96.71571696317936,0.0010391988643212772,16.826385074001355
457200.0,248.65115214817845,6.44866416267452e-11,96.72450747511925,0.0020024589177731846,16.87037699900549
460800.0,244.9724151576921,7.634737540779862e-11,96.71926707634968,0.0014898865812074048,16.920178523042747
464400.0,230.8742793870775,1.0183062561731565e-10,96.71518461069417,0.0007897394897760643,16.952521475145005
468000.0,247.86472198182418,6.49244059926403e-11,96.7232027229043,0.0019266623277891092,16.99731043230578
471600.0,242.30874479309855,8.086751928321122e-11,96.71466656329484,0.0011921951939876808,17.047104676743988
475200.0,232.6328241991724,9.251238368431242e-11,96.71321303907636,0.00045777298173496595,17.08135166818316
478800.0,246.36214466002326,6.698639353176792e-11,96.72056692203932,0.0017379442033246691,17.13034756949431
482400.0,239.5309051777213,8.5957923645238e-11,96.71315034812945,0.0008441642359402592,17.176877932761784
486000.0,234.73181144707587,8.752004955300651e-11,96.71659076119754,0.0002502351332889123,17.209973240744375
489600.0,244.39065987470113,6.952070112541311e-11,96.72326334359009,0.0015081057037458693,17.25951722360112
493200.0,237.06685531283586,9.059608404102112e-11,96.71542258787038,0.0005611343611946429,17.302857189697203
496800.0,236.63634176348808,8.853792330084076e-11,96.7201203091626,0.0005036072776451101,17.336609068238804
500400.0,242.01559741025753,7.134173203244594e-11,96.72513579457646,0.001241446380602164,17.386996769997527
504000.0,235.13255111298312,9.583343797166135e-11,96.715756158044,0.0003663979771548074,17.428003104990943
507600.0,238.61728435934103,9.03221955732035e-11,96.72156039092135,0.0009016989216041052,17.464462772963262
511200.0,238.94073530685483,7.408527591846446e-11,96.72177682864039,0.0008930127874795989,17.515095214807513
514800.0,233.81282298256778,1.0185405711877104e-10,96.71266267605789,0.0004142387744214436,17.554359422547428
518400.0,240.73467609222018,8.839813163982198e-11,96.71847790666381,0.0013221011753441394,17.592498255055798
522000.0,235.84654402242433,8.020699367300066e-11,96.71864616517605,0.0005671502266081931,17.643453604695885
525600.0,232.62668268642068,1.0806175590270198e-10,96.71219266139389,0.0005756022811901927,17.679570573618783
529200.0,242.55241278895332,8.66725256162778e-11,96.72213780794992,0.0017250394217233178,17.720351436726734
532800.0,232.08082309725077,9.489536073246011e-11,96.72062207641419,0.0001826175548800095,17.771489476622715
536400.0,231.96746333680775,1.1174782026177405e-10,96.71636476981759,0.0008170650391675797,17.807407420148245
540000.0,243.97384213544484,8.772049577227146e-11,96.72639789710523,0.0020858006044594613,17.85046504410199
543600.0,228.17805231130882,1.1658933533003529e-10,96.72133613865189,0.00035540150652889547,17.900878257037093
547200.0,231.89865473096341,1.1239700191483678e-10,96.71771845714022,0.0010769882211297422,17.935990654156928
550800.0,244.90353911509885,8.996969705934968e-11,96.72573400052534,0.0023665583737676062,17.979525195354903
554400.0,224.7170156169023,1.368895024075582e-10,96.71773409536426,0.0007126014929373221,18.02738730318866
558000.0,232.28994495409802,1.1025599374869245e-10,96.71659136559795,0.001305996141848118,18.06252800169238
561600.0,245.01079297980033,9.247642010880888e-11,96.72299958805979,0.0025206367620458853,18.111071949181913
565200.0,221.7495348814412,1.5280000277227709e-10,96.71448868784418,0.0009936570192820731,18.15802272165252
568800.0,232.57915569527123,1.0671166370080222e-10,96.71648953872318,0.001472317641853921,18.19298401103147
572400.0,244.22805017634968,9.51752794547767e-11,96.72397371973422,0.0025681811090702135,18.24165084871961
576000.0,219.21190561415335,1.6810590872780315e-10,96.71651297335733,0.0012136570539989825,18.28524564853443
579600.0,233.33973945117586,1.0219615699758147e-10,96.72123915387098,0.0016465385912472982,18.320314331907312
583200.0,242.53758037815405,9.745637843217396e-11,96.7257672239347,0.0025123591964425576,18.370295718256823
586800.0,217.1851590793752,1.799105316731934e-10,96.7179310385348,0.0013400792079381518,18.411093635448825
590400.0,234.19595127689178,9.929533892500672e-11,96.72439320667715,0.0018181287078155744,18.44750957698145
594000.0,240.25345951813946,9.914690653043602e-11,96.72521030499377,0.002366560779335681,18.49865500273529
597600.0,215.8327724305828,1.813583058242755e-10,96.71486141032155,0.001375592796526998,18.53824884369509
601200.0,234.80880363841274,9.726383155222148e-11,96.72153857909458,0.0019550457600886555,18.575738690762723
604800.0,237.38780532276678,1.0033537635075086e-10,96.71964210732648,0.0021015740493291633,18.627044631132787
608400.0,215.8230446864163,1.718631795368353e-10,96.71283194003357,0.0012160482047471465,18.664171182718242
612000.0,234.90940618323165,9.45027150028374e-11,96.72353302339617,0.0019781081500919884,18.704758801590415
615600.0,233.81959170594487,1.0209312848109216e-10,96.71986739024251,0.0017292224731374267,18.755452368696975
619200.0,216.6105765517168,1.606514549598213e-10,96.71750455469,0.0009487713210635744,18.79054874310043
622800.0,233.9287632454064,9.32898564037726e-11,96.7273939808984,0.0018913954735409956,18.835458343495446
626400.0,230.1878710098608,1.0668256269386422e-10,96.72187899522416,0.0013509419091638313,18.88552493429946
630000.0,218.2044954495812,1.4570045545956155e-10,96.72075712324072,0.0006086437430935261,18.91942954935873
633600.0,232.1951234453848,9.445666160931275e-11,96.72758964982438,0.0017153479279009213,18.965982319183684
637200.0,226.67219768123528,1.1657793870501967e-10,96.7199125491999,0.0009646013628439151,19.01344564644329
640800.0,220.45129939723262,1.2972810793935786e-10,96.71873861779659,0.00032434211300090294,19.04607687587231
644400.0,229.97491511479282,9.794448393579408e-11,96.72602974107048,0.001459826709692876,19.095899071834566
648000.0,223.12645595374818,1.3014227034113676e-10,96.71510907012185,0.0005584057141381074,19.142553935316396
651600.0,223.6199914910415,1.2086523053258646e-10,96.71947441797997,0.0006827558828339424,19.17777243290647
655200.0,226.64545448205078,1.0611724814823263e-10,96.7232039497533,0.0010713574178672048,19.22973251218809
658800.0,219.9901472978869,1.4420882032115595e-10,96.71543283105252,0.00037237045910381157,19.270857910131618
662400.0,226.3467206413517,1.2252449749314607e-10,96.72397559020219,0.001218529070335057,19.307039038026698
666000.0,222.6613263172876,1.17299247106286e-10,96.72517542862359,0.0006515598483969376,19.358710638179588
669600.0,217.94290512109302,1.5640226277281153e-10,96.71840426970883,0.0005577453131314594,19.39676998156192
673200.0,228.5690651678728,1.2477847287594775e-10,96.72694386372778,0.001726436243591541,19.43555153762126
676800.0,218.08258047860852,1.354778087422131e-10,96.7254344921136,0.0002638792144532451,19.487232124263997
680400.0,216.98236592201698,1.634270022960619e-10,96.71852891573353,0.0008425234734061549,19.52304189532524
684000.0,230.21309888683732,1.241158566379865e-10,96.7265013341871,0.002181678943250748,19.566300396549682
687600.0,213.24389109228386,1.7066845436261152e-10,96.71911147279113,0.000462477610459872,19.61677392714076
691200.0,216.81025081995926,1.6292716587929398e-10,96.71523939585146,0.001121901229072449,19.649432868296362
694800.0,230.69683688502388,1.27275734309952e-10,96.72359770136566,0.002467351328006682,19.695950690356643
698400.0,208.96867104415526,2.1995774018190084e-10,96.71805072945494,0.0008377764784344443,19.743816646814743
702000.0,217.02356450649847,1.5830820304042057e-10,96.7191866555831,0.0013618905650912786,19.77729135049441
705600.0,230.06218469659854,1.3559633152948483e-10,96.72754317248474,0.0025996837005786396,19.826581728897377
709200.0,205.02601230859102,2.619432030948895e-10,96.71981899835909,0.0011826886865594069,19.871820097105914
712800.0,217.7006353556048,1.5124316328882708e-10,96.72420040488335,0.0015935949599489442,19.907696750992734
716400.0,228.0081898948427,1.4814204244489195e-10,96.7289318048513,0.002546299761393289,19.959548409631807
720000.0,202.20585020041014,2.7786563084488865e-10,96.71968602591703,0.0013652990934414533,20.000122819720172
723600.0,218.45575782053513,1.4397961472637366e-10,96.72469723396742,0.001781513808590421,20.03706619917032
727200.0,224.58750341294652,1.5829739569657323e-10,96.7245371400765,0.00229572973632558,20.089327524006453
730800.0,201.07872324086415,2.737250049718376e-10,96.71589559656908,0.0012640588218508796,20.127718249085852
734400.0,218.71070175848436,1.4200832638305738e-10,96.7238455441006,0.001852688932965404,20.169391737287782
738000.0,219.94000049824194,1.6509355675807433e-10,96.72093677811995,0.0018442962778931855,20.222572819274575
741600.0,201.75028497816555,2.519642553258726e-10,96.71652963480594,0.0009224146154680438,20.25778420554074
745200.0,217.9054567916094,1.4730869537595367e-10,96.72602898806961,0.001777144435266134,20.302352028043472
748800.0,214.47900764165072,1.7492859169981905e-10,96.72125801177273,0.0012847992832759525,20.351812960639712
752400.0,203.38965378045748,2.2934879455396896e-10,96.72061683311577,0.00046123647167279356,20.38533697161592
756000.0,215.9997872389399,1.5446189689246053e-10,96.72914909798781,0.0016176212086604763,20.432475968104136
759600.0,209.20702793933967,1.8855979453148253e-10,96.7211424672466,0.0007292317739974739,20.47899246904504
763200.0,205.83253439510497,2.2010722023737005e-10,96.72341231240497,0.00036176188588772065,20.51313215141072
766800.0,212.53430416068255,1.613482468072038e-10,96.72856170368112,0.0012841779200709542,20.562799884746944
770400.0,204.79411467055812,2.1105764841505944e-10,96.71845614353593,0.0003631853996985152,20.606955615541555
774000.0,208.93423555680397,2.1094734193499566e-10,96.72178222688305,0.00101422358985869,20.643217550675004
777600.0,207.8617419170153,1.7552877157596083e-10,96.72284403510221,0.0008615315838616782,20.69476564815826
781200.0,201.03651951725212,2.4447544229032696e-10,96.71497936216238,0.00048796846863176775,20.732911383539793
784800.0,211.6250903733017,1.9816307939124386e-10,96.72320561044702,0.0016914675374098812,20.772853999677903
788400.0,201.9120398822581,2.2253424290852663e-10,96.72326081423616,0.0004301922918960638,20.825036643771302
792000.0,198.60456374698578,2.708241364307078e-10,96.7184090369013,0.0008347243072370201,20.861172347796717
795600.0,214.58486272892418,1.9120824807632558e-10,96.72883358112759,0.0023101673552038742,20.904804797221722
799200.0,197.4080228447926,2.992641117671625e-10,96.72377320712604,0.0006520632338072033,20.95618085860482
802800.0,201.03778832881292,2.528222575157565e-10,96.72156380691064,0.0011403293619531157,20.991561425115783
806400.0,217.79522371971694,1.8697535617980292e-10,96.73020324506,0.002620871041698705,21.03825634243473
810000.0,195.12841816286385,3.497974233547203e-10,96.72013991228182,0.0010585603888228082,21.08454888426449
813600.0,204.64457784609772,2.2275547673500608e-10,96.72214124548775,0.001377021872451342,21.119373736732303
817200.0,218.8070049501749,1.8946491550715602e-10,96.72592785008196,0.002605343914173256,21.170549550901764
820800.0,193.42376386343545,3.6810366847004675e-10,96.71628893577503,0.001215643617832438,21.214907269068966
824400.0,207.6895143319513,1.9818882958409837e-10,96.72071888577376,0.0015600755193830066,21.252285414776182
828000.0,216.9609334560877,1.9348848901859357e-10,96.7240921535544,0.0023417670179216575,21.30490452907702
831600.0,194.6450080574667,3.4242204812792796e-10,96.7170117901923,0.0011746537538688945,21.34383200155331
835200.0,211.23699949163068,1.8012232366371677e-10,96.72573279609811,0.0016547948647658464,21.383427942368556
838800.0,214.9199598677841,1.8836819367400662e-10,96.7247218550227,0.001884058495400443,21.43513945444006
842400.0,197.45546938313657,2.950573198071293e-10,96.71964801955527,0.0009257218810937003,21.4705308055524
846000.0,214.1783625212297,1.6898941083524292e-10,96.72937623181785,0.00170078478039695,21.51349750151723
849600.0,211.1414174703555,1.8898419628601718e-10,96.72368439135865,0.001277486117498158,21.563224220002787
853200.0,201.1281114985709,2.5437202402641906e-10,96.7204014576947,0.00045739689160430286,21.59828967744184
856800.0,214.54728185915067,1.6273888478260002e-10,96.72718572583965,0.0015538293865462029,21.643863515056346
860400.0,208.94907175857935,1.8580733755273903e-10,96.71888537408293,0.0007375815332598927,21.691818938904515
864000.0,205.58177422968242,2.2522152104884439e-10,96.71802877545309,0.00031028926534841587,21.726703319430825
867600.0,213.05350832857752,1.5830734912709127e-10,96.72476544063728,0.001382050391917782,21.775663624794227
871200.0,205.13624114148575,2.0739417436376747e-10,96.71584258763647,0.00028303453692836504,21.81881135137779
874800.0,209.1278199377127,2.0135344106837294e-10,96.72262969636377,0.0009055132618563179,21.85520184579439
878400.0,210.96574872180193,1.6107435561112484e-10,96.72653604838273,0.0010402872578661087,21.907197519436828
882000.0,203.3954062545489,2.2830120110024363e-10,96.71895424858049,0.0003325458957617764,21.947679412901216
885600.0,213.7436667786094,1.7949592135829819e-10,96.72776615394206,0.0015321684315844496,21.98656793933248
889200.0,207.95798156809605,1.8814633877292233e-10,96.7266371854014,0.000658084035041735,22.03932070325752
892800.0,203.30331227919422,2.3731493552666346e-10,96.71988147093886,0.0006049982389264056,22.077005756915472
896400.0,218.73782725923274,1.678776806961515e-10,96.72788102201064,0.002052219357280146,22.117309199075883
900000.0,205.696012480168,2.2674763067129988e-10,96.72227269241884,0.0004902264743607602,22.16781995985208
903600.0,204.66886820633977,2.3082018915746963e-10,96.71820925664346,0.0009032217406371255,22.20404578112233
907200.0,221.67034916906448,1.6428902329649324e-10,96.72566158189213,0.002420371592001352,22.251065516649625
910800.0,202.58928874003405,2.661455177924731e-10,96.71783983531947,0.0007844163652865314,22.30024683759583
914400.0,207.94757267655888,2.061997603235536e-10,96.71846260499399,0.00107765111307277,22.33537117139996
918000.0,223.5148564195929,1.592780248444981e-10,96.72668810584062,0.0024938761679546345,22.38374858382904
921600.0,201.80280346599682,2.8186110462242e-10,96.71915763590987,0.0009929759959925537,22.428488347604084
925200.0,212.19150648401043,1.778303520926396e-10,96.7236254240274,0.0012549049747458915,22.46370830570038
928800.0,223.7218914066617,1.554866977755736e-10,96.72814085795952,0.0023385854402523786,22.514160908566684
932400.0,200.91778308885478,2.9059922121619404e-10,96.72020365999907,0.001062668824339848,22.55495823174487
936000.0,215.9554454022604,1.5999059449071477e-10,96.7271964388314,0.001512665129220421,22.592162564491577
939600.0,221.64271529682904,1.5638883779249112e-10,96.72702173979783,0.0020147588784368573,22.643808403564005
943200.0,202.63353328384733,2.619082751468604e-10,96.71722422483528,0.0010054100329452249,22.682601340266654
946800.0,219.86251249105842,1.4382292869204513e-10,96.7244583997915,0.0016908780783954657,22.721766577751055
950400.0,220.2514492831799,1.4954557385569274e-10,96.72082366445947,0.0015767487644265104,22.772927460133406
954000.0,206.24653308086747,2.2193882008788267e-10,96.71535655427616,0.0006971193936426499,22.809060178478223
957600.0,222.8654235715297,1.280738492694885e-10,96.72622687602399,0.001726071227063651,22.85224293523296
961200.0,217.14863644081234,1.503300652410907e-10,96.72039342848768,0.0010002170530477117,22.90168018735952
964800.0,210.37017657180846,1.8883682340150228e-10,96.72059559347792,0.00021753375694217434,22.936127528949722
968400.0,223.15149127085044,1.2083584432360357e-10,96.72959121917621,0.0015776493860891621,22.983976915382748
972000.0,215.743018930667,1.5307703770779523e-10,96.72217730404627,0.0005202755644042807,23.031748977071707
975600.0,214.53285394558785,1.5834612406366257e-10,96.72426432519097,0.000349326170312781,23.065797390434458
979200.0,223.0599650166133,1.1628002602918129e-10,96.72917336504356,0.0014302133410614341,23.115246662552174
982800.0,213.88264202050047,1.6591684412265718e-10,96.72050734586037,0.00012693495974473387,23.15949607838603
986400.0,218.93078817980896,1.3914473115309507e-10,96.72266083540275,0.0008674044334347052,23.193449749217134
990000.0,222.35621637949419,1.1856973998631886e-10,96.72676808540456,0.0012376405271221857,23.245430164876943
993600.0,212.81029269047747,1.7674432325968216e-10,96.71588656449005,0.00023359788506663247,23.288263373817518
997200.0,224.91075871031265,1.271594716216939e-10,96.72338982955432,0.0014347355337040496,23.32625940527594
1000800.0,221.49426237297237,1.2493686197680505e-10,96.72318512891677,0.0009288859766174908,23.378899868700035
1004400.0,214.06446714964312,1.7572843711326004e-10,96.71709574761097,0.0004960868009208417,23.41648843737548
1008000.0,229.78390301578528,1.2105634015262997e-10,96.72743372972481,0.0018615178464621946,23.45618845616602
1011600.0,220.38840804076295,1.3275484718941903e-10,96.72464854505587,0.0006574395049547704,23.5072638972526
1015200.0,215.50712873563864,1.7106748727984615e-10,96.72079604959201,0.0007057764145090364,23.542405305969062
1018800.0,232.9992734752543,1.160305319559617e-10,96.72988168258745,0.002211387011547025,23.585238719353573
1022400.0,217.99518625409348,1.522399253198925e-10,96.72471645138857,0.0006208278716548173,23.634884022940344
1026000.0,219.26359261364695,1.524275661085176e-10,96.72156691410308,0.0008494828790620265,23.66875792222348
1029600.0,236.13721254157937,1.1002816730189562e-10,96.72874776914685,0.002392281620777357,23.715723688673997
1033200.0,217.35869314813573,1.711969018649468e-10,96.71862808952199,0.0007643155257925527,23.763230255345945
1036800.0,223.59687892192113,1.322814216613368e-10,96.71861773692154,0.0010143533403925854,23.795384927403582
1040400.0,238.0945837613841,1.0793821731493237e-10,96.72492718256271,0.0023788765186759315,23.844692655332654
1044000.0,216.36807998365174,1.8630010269497925e-10,96.7178620930878,0.000881431600248496,23.889127641263276
1047600.0,227.24988256362548,1.1734056921517852e-10,96.72268826037062,0.0012205375500733944,23.923403917309635
1051200.0,238.09922541121153,1.106091111228902e-10,96.72816647166599,0.002257672746990614,23.97437400570791
1054800.0,217.32030446101038,1.7791572130785e-10,96.72043047438561,0.001009371933795635,24.01603278375106
1058400.0,231.54554323933473,1.0233072092445956e-10,96.72735365742176,0.001409409983161107,24.053454254209115
1062000.0,238.72381670064252,1.0874880885178762e-10,96.72932728498165,0.0020649870073114504,24.105763361271123
1065600.0,219.23138539509452,1.6073998909461043e-10,96.72111203984065,0.0010326287130464793,24.1435017646984
1069200.0,235.74298035791233,9.024279506596632e-11,96.72719373245533,0.0015833570133928741,24.181804535469276
1072800.0,237.58793213079133,1.0737938490002611e-10,96.72516082614159,0.0017384344901435434,24.233680460941034
1076400.0,221.65189282765613,1.4331362295330017e-10,96.71753904863952,0.0008027324043842588,24.27022130910663
1080000.0,238.17064163812285,8.515372262109731e-11,96.72597013190774,0.0016249650695072772,24.312893154532524
1083600.0,237.29371890756204,1.0153495155767052e-10,96.7219930214723,0.001365845735625385,24.36502928023654
1087200.0,225.7982102297482,1.2113953542815104e-10,96.71836991858667,0.0005260537704618213,24.39939460773108
1090800.0,241.25603056906533,8.006197916153509e-11,96.72767710244821,0.0016369648131907269,24.443827322703537
1094400.0,236.92295287201497,9.597094404318978e-11,96.72302533865646,0.0009824946291728325,24.492526840126818
1098000.0,230.10415120829973,1.0361961588211316e-10,96.72207847655984,0.00024049168321548683,24.52569919495284
1101600.0,242.6516401007596,7.748424254028984e-11,96.7307862265609,0.0016183820676278211,24.571388131835207
1105200.0,236.374749036449,9.153258066429596e-11,96.72364478441268,0.0007053384547763389,24.61821790464917
1108800.0,233.39688210450902,9.562680472186795e-11,96.72419076255295,0.00014028344590521415,24.651722639905557
1112400.0,244.70281040457192,7.145093640745093e-11,96.7306859139354,0.0015240846279124956,24.698788483819733
1116000.0,237.13737664284332,8.690634647572312e-11,96.72157447295339,0.0004506986193955981,24.744841611967274
1119600.0,238.39481396531733,8.633840602853179e-11,96.72170880158717,0.0004383529648454068,24.779166531927924
1123200.0,246.46681199489393,6.480124686649196e-11,96.72624062807157,0.0013977836104807982,24.827550649533674
1126800.0,238.02396509009705,8.592760113343723e-11,96.71776609075515,0.0001954957946559035,24.869678507294957
1130400.0,242.10078676129388,7.832036952285856e-11,96.72252623427393,0.0007479248342859278,24.905241407127658
1134000.0,247.0398645077774,6.103601407723563e-11,96.72804017872926,0.0012877284610742564,24.95574431489316
1137600.0,238.10030154387584,8.908514058957187e-11,96.720424554639,9.500450196968906e-05,24.99643204441888
1141200.0,247.08344710693777,6.77712980841954e-11,96.72786874115604,0.0011044725239965653,25.03271084196562
1144800.0,247.79040545894742,5.937311117057395e-11,96.73031828176117,0.0010455724493699794,25.084504993658065
1148400.0,240.14154204764282,8.8166370921742e-11,96.72235532957572,0.0002727510122288816,25.124610206767354
1152000.0,251.8776857923781,6.14305861839987e-11,96.7296352028619,0.001423703822647822,25.160865971441844
1155600.0,248.61990064503698,5.97342841160995e-11,96.72789323999737,0.0008287569652238535,25.21134910016983
1159200.0,241.33552028643143,8.801279106912382e-11,96.72080107009292,0.00048269523719515084,25.249436401990415
1162800.0,255.64706663708253,5.907540625544797e-11,96.72689582354964,0.0017239536234181648,25.288471809422898
1166400.0,248.48127037172628,6.154796495392391e-11,96.72514679738318,0.0007142386423042898,25.34072809244888
1170000.0,243.73911165578528,8.445405821582532e-11,96.7180854778013,0.0006212588493639415,25.378447344616415
1173600.0,260.13455870229114,5.571631727382865e-11,96.72759782383751,0.00197776473794084,25.418454734879802
1177200.0,248.27689415089998,6.223463078076619e-11,96.7249501927763,0.0005876038947284683,25.469178648347622
1180800.0,244.57680118874413,8.32230632280631e-11,96.72106260980189,0.0007661998716056765,25.504205947652565
1184400.0,260.66288691823326,5.712332998870929e-11,96.73087139575308,0.0021499525424289803,25.545435664236585
1188000.0,246.00527096824302,6.670175226191002e-11,96.72687970649383,0.0005514136006626322,25.594645505777205
1191600.0,244.66718141769095,8.246809384138211e-11,96.72377053540549,0.0008533731837812453,25.62874616725582
1195200.0,260.8491186877171,5.844345578231687e-11,96.73234456648972,0.0022792033448104363,25.67195872917762
1198800.0,243.52853562679707,7.421829143192944e-11,96.72584834237063,0.0005957559899599261,25.720832056627838
1202400.0,245.18623850516647,8.006420584242423e-11,96.72246081446633,0.000978744848297366,25.75453688358058
1206000.0,261.06270628857516,5.969128266477415e-11,96.72923490838339,0.002411327528344907,25.79980567939051
1209600.0,241.4485840236508,8.399390505652851e-11,96.72090409842785,0.0007100773530229337,25.847281288200506
1213200.0,245.67812647321423,7.753713097806198e-11,96.72093830753745,0.0010608496827115307,25.879113346721056
1216800.0,260.6477897617883,6.195607634265258e-11,96.72843764910927,0.002450376187943529,25.926542371624894
1220400.0,239.33552843947774,9.426757135875705e-11,96.72246057535583,0.0008442736011658022,25.97265905546935
1224000.0,246.10646824669683,7.53765561044011e-11,96.72490878577106,0.0011717005314005376,26.006005502554256
1227600.0,260.1664439438514,6.454132944190212e-11,96.73267907477523,0.0024862513178557314,26.054884181977513
1231200.0,237.29588009743793,1.0154177607432822e-10,96.7246206705412,0.0010059226232447811,26.099800542363116
1234800.0,246.7967500239401,7.288889885977186e-11,96.72786139034704,0.0012965932186468833,26.13465438880093
1238400.0,259.28922480196184,6.769161820581999e-11,96.73342533728514,0.0024722758655702686,26.184085264964537
1242000.0,235.65537546277443,1.05064216791358e-10,96.72285943234672,0.0011233226839304188,26.225282116647133
1245600.0,247.66019986285482,7.022715120438108e-11,96.7275847881549,0.0014244819738981342,26.26044751689224
1249200.0,257.75549745642553,7.067779585119565e-11,96.729282038053,0.002358061341329808,26.31187714916913
1252800.0,234.77331112394643,1.061238596110736e-10,96.72002495440886,0.0011056965320880314,26.353339090081487
1256400.0,248.18243875371155,6.877480489936641e-11,96.7253437394148,0.00148059886386403,26.390704428701902
1260000.0,256.0139520634331,7.152834266691811e-11,96.72821421281279,0.002206442009134866,26.442152755394893
1263600.0,234.2373373381498,1.0647549798885014e-10,96.72132246584908,0.0010632036298391329,26.480484149325427
1267200.0,248.6735813820784,6.84404599614752e-11,96.72940862602833,0.001528502302435158,26.518508906247227
1270800.0,253.74728792656092,7.140417863200515e-11,96.73005630944967,0.0020037066305115462,26.569134160118228
1274400.0,233.81043003607087,1.0526712954180694e-10,96.72374201499433,0.0010044266350203387,26.60552855622005
1278000.0,249.2675990096244,6.82476328868476e-11,96.73265277760379,0.0016155756146945084,26.64490726118154
1281600.0,251.28592167777992,7.080593430659477e-11,96.73033372669123,0.0017685911385044181,26.69483933881928
1285200.0,233.64214465882506,1.0201597575691748e-10,96.72344365708695,0.0009053482265913086,26.731342408315992
1288800.0,249.5513525753391,6.735785220504432e-11,96.73068158399913,0.0016891600710293511,26.771443755977252
1292400.0,248.9451329093822,6.990374391363362e-11,96.7264369247659,0.0015377118274825861,26.82191913048961
1296000.0,234.2891665057218,9.722091351725361e-11,96.7201802238868,0.0007150887254131946,26.85734494248804
1299600.0,249.63763827424884,6.518084133304343e-11,96.72950437019658,0.0016989478066058333,26.89918729742976
1303200.0,246.17412960500727,7.076469026232309e-11,96.72393771960759,0.0012190148366190683,26.948020389993005
1306800.0,235.29246531873972,9.255000023600645e-11,96.72350368775324,0.000466995311731884,26.982580778632286
1310400.0,248.83741973620388,6.380987045069568e-11,96.73286078441346,0.0016267310236730192,27.02792036936296
1314000.0,243.48947618295924,7.413191409542405e-11,96.72680633904552,0.0009290900118740315,27.076047605094374
1317600.0,236.5735717559829,8.60221045539381e-11,96.72738792480328,0.0002620659125175321,27.10995416134044
1321200.0,247.66943164567328,6.344941911653357e-11,96.73484927690757,0.0015254846495093984,27.15740286823008
1324800.0,240.9830056300253,8.018647661149511e-11,96.72712565243708,0.000662379955621185,27.20422533731491
1328400.0,238.2067569812747,7.830822449502454e-11,96.72699591048615,0.00032306871723058106,27.236154169893215
1332000.0,246.3572732306544,6.411102995118299e-11,96.73291589621253,0.0013975206395861128,27.284056115473852
1335600.0,238.53626557534145,8.74368274271025e-11,96.72284662107447,0.0003932135585195643,27.33021054950915
1339200.0,240.28453210316204,7.36436608893113e-11,96.72530183743031,0.0006569927451523541,27.36517543794592
1342800.0,244.3745100092549,6.678664950551442e-11,96.72972316358647,0.0011921750742445896,27.41656742285494
1346400.0,236.0560885124925,9.458838108346261e-11,96.7215574740875,0.00025666569102980027,27.459372758969863
1350000.0,242.44954538552975,7.376181766746161e-11,96.72838628349427,0.001052989263885397,27.493983623872595
1353600.0,242.03769534548374,6.990799606063492e-11,96.73183206245504,0.0009775875144964598,27.545136714459808
1357200.0,234.16883087090412,1.0059969445211819e-10,96.7243400594101,0.00037230426733212107,27.584754745787034
1360800.0,244.13933364232818,7.678753637893113e-11,96.73183789962269,0.0014146410659369535,27.620851182393526
1364400.0,239.32254304352,7.319002871243658e-11,96.73326281338399,0.0007391453801468863,27.671955207479353
1368000.0,232.96123161822706,1.0569245270451446e-10,96.72519416529978,0.0005528841969314265,27.709431949606444
1371600.0,245.6894344749084,7.811882382390323e-11,96.73309720911452,0.0017601035746936488,27.74877582293868
1375200.0,236.1110302015864,7.974612800361506e-11,96.72942895437886,0.0005044862642374972,27.799722129943568
1378800.0,232.4388951992934,1.0868767048604717e-10,96.72216035790979,0.0007462306713163091,27.835463086598686
1382400.0,247.06021432614904,7.793716043553991e-11,96.7295447652935,0.0020820716650117666,27.876816778232627
1386000.0,233.08636429353666,9.201877368755935e-11,96.72604735297348,0.00046857432212761037,27.92683462378043
1389600.0,232.01615225029622,1.1005601110759014e-10,96.72261909739527,0.0008974936087046888,27.960481231565684
1393200.0,247.80001360992068,7.954086964716846e-11,96.73250594733314,0.0023304412722745796,28.004694171150028
1396800.0,229.75570518089597,1.1157625524723873e-10,96.72793294959892,0.0006268615203600658,28.053933605000697
1400400.0,232.08797796847162,1.0903245154564912e-10,96.72700449137615,0.0010772860146368152,28.088206993745366
1404000.0,248.07811627517643,8.259250079768668e-11,96.73635244293393,0.002507544904882126,28.134839102593432
1407600.0,226.52330801786815,1.3141455003643792e-10,96.72878011250718,0.0008700420882335887,28.18247064335294
1411200.0,232.6519160145795,1.0604347074432047e-10,96.72853242146226,0.001243524949998467,28.216802430821108
1414800.0,247.72145857237598,8.662072554604323e-11,96.73524595041579,0.0025953764435276065,28.263818151599423
1418400.0,223.9390849182943,1.442913623642054e-10,96.7251169367166,0.0010569758503585192,28.30825647419784
1422000.0,233.49303960071936,1.0165409264315658e-10,96.72794933082398,0.0013825821490324375,28.343542134373678
1425600.0,246.43557469299228,9.094624267203141e-11,96.73175482495138,0.0025471779326156625,28.39473974347646
1429200.0,222.11991975086653,1.519631866364415e-10,96.72245581797812,0.0011429081282479765,28.437973674093634
1432800.0,234.08760300285735,9.826502769878559e-11,96.72757045626187,0.001452511257085681,28.474198476768027
1436400.0,244.33713605220973,9.371766363296621e-11,96.73200116346919,0.0023935424542533357,28.524842092904127
1440000.0,220.8242429678473,1.569421961032411e-10,96.72490584561938,0.0011619947625139985,28.564616049219072
1443600.0,234.91059502571062,9.630927060136689e-11,96.73220561581772,0.0015472770099894,28.60179257936782
1447200.0,241.5163404862573,9.515130450492887e-11,96.7333790157955,0.002155054834378556,28.652641907932185
1450800.0,220.07030916096554,1.5594921216533784e-10,96.72673189954824,0.0010943159642985765,28.6899908992159
1454400.0,235.60134111222922,9.57024644632867e-11,96.73517287201528,0.0016461366867834473,28.729160465663675
1458000.0,238.332126721642,9.595059600678686e-11,96.73258176195664,0.0018537179388459983,28.780018993689456
1461600.0,220.01498378332968,1.4912914860300862e-10,96.72450107222139,0.0009524152215197991,28.816810305160516
1465200.0,235.85483163876262,9.40907763910625e-11,96.73191896318087,0.0016991544012973834,28.857415737823263
1468800.0,234.8012863266954,9.709727987133728e-11,96.72695742215707,0.001478675852306079,28.907355790503427
1472400.0,221.05792558373986,1.4011101002471533e-10,96.72264541099054,0.0006416672001637091,28.94263653906508
1476000.0,235.40711246691203,9.144609281091917e-11,96.73324794989193,0.001652560343506735,28.98656706534817
1479600.0,230.96984323415774,1.0162342881131039e-10,96.72688975716171,0.0010479309463466272,29.034904670133688
1483200.0,222.81476678728743,1.295143835845572e-10,96.72778682513598,0.00031706397678833595,29.069034671513418
1486800.0,233.84977010664863,9.072153188528869e-11,96.73649472388618,0.0015010441224897453,29.11685559217066
1490400.0,227.374206464114,1.1162346819752866e-10,96.72907378745036,0.0006617405789931925,29.16408380918387
1494000.0,224.99103724432965,1.1568148802144169e-10,96.73121245511857,0.000409232305464339,29.197953857272434
1497600.0,231.550736610785,9.271889941721676e-11,96.73620524611044,0.0012687875930405376,29.246965988075033
1501200.0,224.20006887367234,1.2539691224890767e-10,96.72765860476957,0.0003861995360226883,29.29126203391807
1504800.0,227.43871313722727,1.067959074115285e-10,96.72940546489826,0.0008620452480057382,29.32479850288531
1508400.0,228.85680323698185,9.890348640646613e-11,96.73406728042927,0.0010160213065893587,29.376203761760852
1512000.0,221.271822074691,1.3982156550562581e-10,96.723112947161,0.00037410857820232885,29.419574918753685
1515600.0,230.38174407523562,1.0542407455488384e-10,96.72999369778557,0.0014079013423914143,29.4567287777991
1519200.0,225.3249107610474,1.1067529016216763e-10,96.73073471342728,0.0007297543075938378,29.50917063744335
1522800.0,218.92214255613598,1.5256807906511856e-10,96.72407650667503,0.0006343318611940573,29.547463777655988
1526400.0,232.4461568300498,1.0900065132516163e-10,96.73408437401329,0.0018757185829204063,29.586047570681636
1530000.0,221.3354664009842,1.2577468868844574e-10,96.73238547228962,0.000537240595334827,29.637346182298188
1533600.0,217.78992621720047,1.5984950549591524e-10,96.72759028541618,0.0008536248605400432,29.6730924907082
1537200.0,233.70842102954677,1.1105811963263396e-10,96.73669628849836,0.002243924129138876,29.714647251494487
1540800.0,217.08076495855354,1.4980687522258183e-10,96.73252752610408,0.0005861745308000421,29.764967976917838
1544400.0,217.69993974967718,1.59195184887914e-10,96.72821173365686,0.001053034799845789,29.799170499486493
1548000.0,234.1921152097696,1.130106953266338e-10,96.73579929688078,0.0025201242556463378,29.845091706991962
1551600.0,212.90643265292212,1.8792008359447543e-10,96.7262761590559,0.0008410245845531886,29.893549822261733
1555200.0,218.26738428285236,1.5301705017477408e-10,96.72517901818847,0.0012307066288237706,29.92564572925282
1558800.0,233.33224160059058,1.1948082079991185e-10,96.73216288447158,0.002593278359485028,29.974365565861365
1562400.0,209.51280058877165,2.2523488660285605e-10,96.72530193200079,0.0010508333966203758,30.0197156411228
1566000.0,219.01103000219064,1.4636905075453134e-10,96.72936455131175,0.00137997626501519,30.053712948436516
1569600.0,231.3978061489245,1.2980773952776213e-10,96.73547202135637,0.0025188445547590053,30.104555378128794
1573200.0,206.82678691818836,2.4289421136607546e-10,96.72762005484975,0.0011988220708147937,30.1468902637411
1576800.0,219.8495125970166,1.393006686357611e-10,96.73431973187316,0.0015232469504317346,30.18420021157159
1580400.0,228.18885918034735,1.412483686744256e-10,96.73646533162442,0.002282616229597733,30.23679743983941
1584000.0,205.3121083348656,2.422266629506804e-10,96.7282050236953,0.0011880952235921154,30.274713416504543
1587600.0,220.55607097177133,1.336605253544186e-10,96.73442603200988,0.001639060304100118,30.313436685111583
1591200.0,223.95112357497945,1.4932307457791114e-10,96.73188328031543,0.0018914071289203994,30.365635192432674
1594800.0,205.38039375415715,2.2886545205790788e-10,96.72463094390652,0.000907407889955072,30.401828189492036
1598400.0,220.48625123822814,1.3406974848907149e-10,96.73339594302145,0.001648582574918972,30.44587570950263
1602000.0,218.79680708969775,1.5892827394404132e-10,96.72806859075183,0.0013509005055215098,30.497897221664335
1605600.0,207.049385135918,2.0446346442248086e-10,96.72591054755162,0.00047549610530350425,30.531841337471906
1609200.0,219.26275706620783,1.393065317855018e-10,96.73489379479234,0.0015314093157249237,30.578686067048004
1612800.0,213.35024083133484,1.7288712151678235e-10,96.72856993902946,0.0007740743284447657,30.626154615433144
1616400.0,209.3144346701993,1.880432101676618e-10,96.73029998564375,0.0003085866856440971,30.659405625930003
1620000.0,216.92955233499183,1.4542863292909383e-10,96.73750773429164,0.0013468349645518907,30.708268665707042
1623600.0,208.51804852311957,1.9070044498928035e-10,96.72883415709477,0.0003136855520629782,30.752510856823157
1627200.0,211.91658029048125,1.8485445388773216e-10,96.73321419586742,0.0008576769277104121,30.78721863409002
1630800.0,213.13944510074003,1.532024908299141e-10,96.7365696112185,0.0010192215105105937,30.83806492343242
1634400.0,204.86009003108296,2.1456416976773065e-10,96.72656374799371,0.00040086706118142224,30.87979784836729
1638000.0,214.75058436498153,1.7788993423248484e-10,96.7315809760987,0.0015076905392655655,30.917354662196676
1641600.0,208.43239446559937,1.7282189706480674e-10,96.73045737648272,0.0006996102492617183,30.969187076889636
1645200.0,202.1163534555843,2.4032845089944353e-10,96.7237204267953,0.0006995581740484375,31.005239934668666
1648800.0,216.74109449142424,1.7174046471177703e-10,96.73256208208359,0.002070599671545443,31.046917927198635
1652400.0,202.81549240278213,2.2673779511719584e-10,96.73079212439556,0.0005543296340210728,31.098323170106696
1656000.0,200.5882815513607,2.545985687545849e-10,96.72755227917695,0.0009763868226935562,31.133215531211764
1659600.0,217.4011103232261,1.781751948782255e-10,96.73780857967601,0.002473920780895879,31.1786317181915
1663200.0,196.95314317412206,3.15232017874712e-10,96.73139935459504,0.000805661240351356,31.22854466562341
1666800.0,201.81179028340264,2.4336651643734454e-10,96.73107767073353,0.001141248973910688,31.263543365989733
1670400.0,218.22718058528335,1.8589692049110334e-10,96.73879983855107,0.002597687493194448,31.31193551488438
1674000.0,195.32430754150144,3.469357823001453e-10,96.72814649371391,0.001098255626639628,31.35625172723593
1677600.0,205.86385675439658,2.105606631769066e-10,96.73176484895177,0.001340077793500537,31.391450595283697
1681200.0,218.24290959606358,1.9047290079778841e-10,96.73408962537759,0.002433885804864575,31.443631300603915
1684800.0,195.74116185278226,3.350714106699925e-10,96.72446290374317,0.0011251592587286383,31.485984373025172
1688400.0,209.78995905432146,1.8464824198947786e-10,96.73038690962937,0.001461298401088688,31.52453794620489
1692000.0,215.57070836112774,1.9454795228869808e-10,96.73191333566075,0.0020068064928292,31.57731419205969
1695600.0,197.2668135760318,3.058055270362792e-10,96.72578519255664,0.0008828076604165286,31.614544718010197
1699200.0,212.06319771302063,1.758112549322808e-10,96.73511606894694,0.0014884013504898371,31.655725225799785
1702800.0,212.93689355360937,1.9117828336184647e-10,96.73242598412352,0.001449704860216576,31.706791916998878
1706400.0,200.77148181123619,2.5855210156431517e-10,96.72877946663365,0.0005319438759474939,31.741051900627586
1710000.0,214.8409550677126,1.643418421782373e-10,96.73842219633529,0.001549359633538954,31.785624423289487
1713600.0,210.35243903884523,1.8709532823260326e-10,96.731421279368,0.0008649996434261254,31.83413911571196
1717200.0,205.55225347391772,2.2054965042992851e-10,96.72998977564734,0.0002033410646591458,31.86873168636044
1720800.0,214.9087913134644,1.5756802095829125e-10,96.73596221436318,0.001426863655835131,31.915671497409296
1724400.0,207.85114089860937,1.9097035534383573e-10,96.72690718879925,0.0004337697505467221,31.962032396816312
1728000.0,210.20912807882436,1.9616156662595498e-10,96.72762715836116,0.0006763975470160113,31.997129546275474
1731600.0,215.07146684121713,1.4615872661394378e-10,96.73302763608471,0.0012171861972661644,32.04699851029196
1735200.0,206.553558317605,2.020098385434175e-10,96.72425477023032,0.0002461412222390578,32.088335251069374
1738800.0,216.19037646026712,1.6301007313946053e-10,96.73209524551984,0.0013089509119330507,32.12553030127041
1742400.0,213.83276551497542,1.4829600094874934e-10,96.7346686239646,0.000890832131375599,32.17758856912325
1746000.0,206.7994423789728,2.0925333921527026e-10,96.72772297369075,0.0005712394170271066,32.216663235255496
1749600.0,220.4837909210507,1.4876578872426869e-10,96.73710465351833,0.00185464601481416,32.25654118624543
1753200.0,211.3213449685927,1.7380465639457591e-10,96.73484378337042,0.000677085316712522,32.308845328068976
1756800.0,207.27518744698025,2.1177678091036548e-10,96.728900055947,0.0007799253237667818,32.34561010074683
1760400.0,225.04317594361183,1.4110857798017508e-10,96.73709543784594,0.002268994992511756,32.38683703203027
1764000.0,209.76206429868043,2.0261607498633367e-10,96.73060244392857,0.0006713930732804431,32.43655243098204
1767600.0,210.3670143274427,1.9492940257501457e-10,96.72755053428504,0.0009347707134276395,32.47225768316819
1771200.0,228.27292809659212,1.3636170551636525e-10,96.73465283274187,0.002478513879446822,32.519748816581085
1774800.0,208.78909360247007,2.1927837705598165e-10,96.72652897194085,0.0008554204660693827,32.56811151162405
1778400.0,212.60641963615495,1.7940946219382836e-10,96.72765163429374,0.001095436373156149,32.603116310039965
1782000.0,229.36375767800672,1.3442849139414027e-10,96.73556680688316,0.0025566205294881095,32.65162104983654
1785600.0,207.42038752264472,2.3511400672953657e-10,96.72804918662469,0.001051495096573701,32.69577972285582
1789200.0,216.93383471137483,1.5546408400211841e-10,96.73273428182593,0.0011992246593692014,32.73095563808402
1792800.0,229.70644169618504,1.3047808479368745e-10,96.73711110342654,0.0023722105997998582,32.78121979380001
1796400.0,208.36367018833332,2.2952561582770193e-10,96.72925903787582,0.001061664898363142,32.82173963184061
1800000.0,221.43916188106874,1.3775422772266565e-10,96.73621064032834,0.0013484894347181847,32.85871070614155
1803600.0,229.2693958126523,1.2608496250722658e-10,96.73623276196872,0.0020571875089680524,32.9100096156202
1807200.0,209.1099802533958,2.1527690825454072e-10,96.72635651082639,0.0009772559517121852,32.948860256204256
1810800.0,224.92805230276332,1.2554413443809027e-10,96.73344890929204,0.0015519874469846792,32.98745391379644
1814400.0,227.03774498253762,1.247647928455858e-10,96.73031829568737,0.0016243932417126668,33.0385052989575
1818000.0,212.7137253363927,1.8346440840350733e-10,96.72439084439235,0.0007010086841737933,33.07479678236175
1821600.0,228.3471223527087,1.1117445759286314e-10,96.73523303971082,0.0016041851481656457,33.11697241968319
1825200.0,225.79640996708045,1.2007262622693859e-10,96.73011631915206,0.0011407316319726442,33.1666777936473
1828800.0,217.25622939100714,1.5458227620979763e-10,96.72940424651053,0.000349772229084197,33.201146645673994
1832400.0,230.5523586144057,1.0034463965690293e-10,96.73880461482324,0.0015444771867498994,33.24769636885121
1836000.0,223.58185308345787,1.2424716421604978e-10,96.73210085823793,0.0006567127643798441,33.2962288638367
1839600.0,221.74571846314532,1.283837960380119e-10,96.73285755716746,0.0003105370692392477,33.32997529676959
1843200.0,230.7114827023901,9.620133648568668e-11,96.7387504580974,0.0013702996252271035,33.37803011803725
1846800.0,223.192057838541,1.280440433614776e-10,96.73044870039433,0.0002965918811739046,33.423595698910596
1850400.0,227.2300597439654,1.0581400933344027e-10,96.73102757791365,0.0007453377331642604,33.45652747021842
1854000.0,231.86089176264505,9.173297939549238e-11,96.73685303746777,0.0012264808270340878,33.50723447167841
1857600.0,223.25993018978687,1.3139656300422324e-10,96.72581543354059,0.0002314739228243073,33.55185903719385
1861200.0,233.21515448182376,9.367967234863818e-11,96.73161603005146,0.0012558958853767207,33.58791838683617
1864800.0,230.91655472109088,9.436315634586304e-11,96.73376423057039,0.0009808694588109065,33.640068012077585
1868400.0,223.31671730619155,1.3410490319725078e-10,96.72647759490847,0.00048503573493359253,33.67953771324603
1872000.0,237.20468648296372,9.19298632678522e-11,96.73579327848938,0.0016676716488819151,33.71659547373807
1875600.0,230.90648540800444,9.39750631676705e-11,96.73573694174011,0.0007879002284401674,33.7679249906402
1879200.0,225.21956555167313,1.3030770523495016e-10,96.7297300983856,0.0006760848261542609,33.80475455311053
1882800.0,241.90282544073014,8.670028048569841e-11,96.73849450970509,0.00201572137966292,33.844136184952525
1886400.0,230.74290838144296,9.550746410955701e-11,96.73626728801663,0.0006534677397858746,33.895086165766244
1890000.0,228.09719146030537,1.2205718856076217e-10,96.72996881436634,0.0008214781196632245,33.93016684626786
1893600.0,244.8158756567361,8.335759191451217e-11,96.73785906178107,0.0022584273939944485,33.973362583654875
1897200.0,229.92510726754003,1.0429982191007459e-10,96.73042760070079,0.0006735778829051374,34.02322038251108
1900800.0,230.28788897198206,1.1438024869450852e-10,96.72650240686053,0.0008741026049590476,34.055599388121685
1904400.0,248.2705411015141,7.928064113034717e-11,96.73484601923282,0.0024144162011126066,34.10118642141983
1908000.0,230.36452000007327,1.1334131787814069e-10,96.72981720850905,0.0007575521957634711,34.14893292596061
1911600.0,233.98989052316648,1.0253797809575811e-10,96.72989949688812,0.0009798444841560147,34.18197623273085
1915200.0,251.1977990559039,7.680477063437398e-11,96.73896624674704,0.002493778486585412,34.229482217393716
1918800.0,230.85820840469032,1.188296227522155e-10,96.73194175770246,0.0009149813573324757,34.27568113184158
1922400.0,236.6802994495695,9.425526029974933e-11,96.73429632041316,0.001146313582298775,34.3104037863426
1926000.0,252.94453203878163,7.649244199100211e-11,96.74100493486772,0.0025596215831850625,34.35985697118124
1929600.0,230.58398750292415,1.2069422008186452e-10,96.7318700822825,0.0011192044317456316,34.402806347961416
1933200.0,240.87050632911973,8.340839178428757e-11,96.73450494639138,0.0012536518695198267,34.437528596030205
1936800.0,254.77269246664505,7.480850934068449e-11,96.73766823504442,0.002468798063902892,34.48726868789019
1940400.0,232.58851306837997,1.1276209949370624e-10,96.72845025677137,0.0011271764005004645,34.529052382718994
1944000.0,244.97982898743294,7.449229713063203e-11,96.73286529918514,0.0013289506111049815,34.56609921524956
1947600.0,256.2329347497398,7.126101188263826e-11,96.73547416607097,0.0023107925429660834,34.61803557566416
1951200.0,233.8879409053817,1.0788100287347574e-10,96.72755967080329,0.0010772881921211521,34.657402939652904
1954800.0,248.09494188989854,6.92304520860786e-11,96.73512288165013,0.0013963671568904767,34.69499424187308
1958400.0,255.97261310651396,6.85501266688065e-11,96.73707917281646,0.0020864020415827834,34.74546814941723
1962000.0,236.67196232251257,9.861006531927514e-11,96.73049011316084,0.0010225326871174051,34.78270860603839
1965600.0,252.00735864243376,6.386968806341351e-11,96.73889392620528,0.0014800668192135613,34.820983503573686
1969200.0,257.0156795986216,6.317295823600996e-11,96.73810035533283,0.0018783057087729705,34.87104181798857
1972800.0,239.63157341204783,8.861438969739736e-11,96.73193628700373,0.0009399289935462191,34.907596516090706
1976400.0,255.70163120571013,5.86278552705776e-11,96.73938910489753,0.0015633799676495299,34.94666669748413
1980000.0,257.0886792643817,5.955840866623782e-11,96.73633817255875,0.001654913851420717,34.997538385179865
1983600.0,242.3994692722558,7.982540510574819e-11,96.72861204089244,0.0007859505541198655,35.03356987535298
1987200.0,258.02879203716583,5.4352022740035186e-11,96.73599052390091,0.0015563343930185447,35.07341588328227
1990800.0,258.15367873723415,5.536865990985213e-11,96.73188888304638,0.001404816066736293,35.122809176334115
1994400.0,246.1263808432429,7.07103030782411e-11,96.72872497107979,0.0006157275797305997,35.15787143859373
1998000.0,261.1002064852032,4.892413968527403e-11,96.73885165936487,0.001546677662381835,35.20052184470521
2001600.0,258.1331272496542,5.401293227560854e-11,96.73455355027457,0.0011442330300552132,35.24942655179334
2005200.0,248.0144075474524,6.589689878405058e-11,96.73297754347985,0.0004151286747577285,35.28334884895907
2008800.0,260.6348548786098,4.8089759879255576e-11,96.74218176488147,0.0015258103269705939,35.32858490617181
2012400.0,256.25122275116706,5.6496676736052566e-11,96.7362805579104,0.00095805097456507,35.37741394791813
2016000.0,248.73086380288765,6.245602269391441e-11,96.73467436142673,0.0002861039745798279,35.409924170976566
2019600.0,260.1281024246596,4.7931921038069973e-11,96.74073643334476,0.0014975496775757457,35.45452255805959
2023200.0,254.37932542976668,5.998163381261756e-11,96.73315895144641,0.0007625586519834664,35.502407099395086
2026800.0,249.71288068707213,5.847422245807117e-11,96.73136925310787,0.0002025775472460947,35.535590960703836
2030400.0,259.5850637025651,4.847349740555032e-11,96.73887810173322,0.0014579366382493806,35.58393623286256
2034000.0,252.21185905536626,6.381165927054619e-11,96.73041207262689,0.0005152198032655142,35.63135944499135
2037600.0,251.2237631639171,5.5597580123918253e-11,96.732565495,0.0003902090836179477,35.66425181535442
2041200.0,258.5716190817009,4.9624927169549834e-11,96.73950768428472,0.0013698804079651616,35.71307200650323
2044800.0,250.13715898987684,6.659021779971103e-11,96.73228475501311,0.0003054377067135838,35.75692444895688
2048400.0,252.39259363071412,5.579828484779721e-11,96.73621821395761,0.0006151695456817018,35.78996724113019
2052000.0,257.4382704170643,5.0274136046097045e-11,96.74213808948865,0.001283156954822942,35.83874095840119
2055600.0,248.4813987575485,6.865000155224453e-11,96.7336874733331,0.0001893822486575678,35.881162341475935
2059200.0,253.4357126551453,5.774646528169705e-11,96.73813721667125,0.0008457585910985789,35.915272815088656
2062800.0,255.94312622160217,5.039242122563094e-11,96.7418739217748,0.0011473081258623092,35.96463218004486
2066400.0,247.27922768334182,7.104643482018036e-11,96.73214130395522,0.00024343781864796316,36.006642784388156
2070000.0,254.7768146073132,5.80628591707153e-11,96.73556628024366,0.001110273833514226,36.04211411656582
2073600.0,254.41505917803846,5.042449776598714e-11,96.73714998296813,0.0010344937657703352,36.09197358715391
2077200.0,245.90610831262902,7.502053362604161e-11,96.72912611545354,0.0003609249053194686,36.13047373704654
2080800.0,255.95692280084296,5.6325849870486816e-11,96.73591176965805,0.0013657984999858144,36.16767179560867
2084400.0,252.46415980398473,5.2222940909867854e-11,96.73887034146874,0.0008869777100806243,36.21850934103697
2088000.0,244.7425917291819,7.923942084429532e-11,96.7320862548792,0.000514410462516799,36.25653930340112
2091600.0,257.2879591500266,5.4574912619869167e-11,96.74100180019009,0.00165287997662809,36.29461336668344
2095200.0,250.13645782725004,5.6791305555577845e-11,96.74111577834708,0.0007089005529336768,36.34632344330901
2098800.0,244.0178880802981,8.241870720828538e-11,96.73426759520095,0.0006593216780996779,36.3842447996471
2102400.0,258.4327071318491,5.484839427894422e-11,96.74263567817677,0.0019052068837369653,36.42244356022396
2106000.0,247.8370324115435,6.308909957491691e-11,96.73874348009159,0.0005939707979008638,36.47251159009732
2109600.0,243.60059749666925,8.445290879844214e-11,96.73315925236125,0.0007805627767189158,36.508826284482545
2113200.0,259.21542093112845,5.638443941766941e-11,96.73972266366324,0.002087331741003253,36.54982818024921
2116800.0,245.80956045108164,6.873066768344726e-11,96.7359598510758,0.0005995875940204684,36.60127080530731
2120400.0,243.0221188042998,8.622080008894299e-11,96.73038257692369,0.0008933895209371401,36.63760388616147
2124000.0,260.1419225258357,5.724044515137285e-11,96.74016245600397,0.002304474162104772,36.67974152965644
2127600.0,243.64561058297812,7.372103563812487e-11,96.7356856530031,0.0006712233226003027,36.729322648623196
2131200.0,242.78205528004892,8.630964481429567e-11,96.73370092107197,0.0009723044679034857,36.76344173953725
2134800.0,260.30167088827807,5.853191099946295e-11,96.74324261493575,0.0024315090408467154,36.80681588378156
2138400.0,241.37363609612854,8.0195622249708e-11,96.73752890812455,0.0007502820860192383,36.85457555029866
2142000.0,243.15280086716186,8.410760223936909e-11,96.73667127191435,0.001045398164627591,36.88804013180215
2145600.0,260.05867467688125,6.006311985075743e-11,96.74451147482982,0.002506867054276192,36.9333280600259
2149200.0,238.9908598980223,8.995578846377295e-11,96.73651374268182,0.000859409143995861,36.98050601903483
2152800.0,243.90646625185593,8.073057030644248e-11,96.735412374944,0.0011650180258742737,37.01378414282175
2156400.0,259.757402210504,6.175251080136186e-11,96.74124887639942,0.002567612820918201,37.061132627218754
2160000.0,237.14188803917557,1.0004637580301103e-10,96.73174574995325,0.0009720837510363578,37.10655941921144
2163600.0,244.66868906240688,7.764920096551048e-11,96.73413615128779,0.0012359258977208106,37.13864067761926
2167200.0,258.7603790993484,6.471149327731675e-11,96.73997336282744,0.002520792275982691,37.18785024266137
2170800.0,235.38283993855683,1.0763425367714106e-10,96.73332528650238,0.001061517657959195,37.23156175645324
2174400.0,245.19252955857476,7.525810455114134e-11,96.73822475317151,0.0013221387111728902,37.265713873308236
2178000.0,257.60811970921765,6.826779689553085e-11,96.74385788039828,0.0024674043318377234,37.31622646721482
2181600.0,233.82832686024764,1.1086909154197781e-10,96.73563647711502,0.0011587489843828353,37.35837957081723
2185200.0,245.91362542412992,7.250329157830316e-11,96.74128639541551,0.0014233145787422468,37.394572854137714
2188800.0,256.04086052039554,7.202459079170847e-11,96.74436493646385,0.00236022734151499,37.44534750478772
2192400.0,232.78378112270707,1.1117791025557196e-10,96.73424981465001,0.001191200069134575,37.48366673830469
2196000.0,246.76499994226938,7.005044432411351e-11,96.74084742228438,0.0015265781176651517,37.52046377283633
2199600.0,253.83405086923236,7.480392231789805e-11,96.739885707272,0.0021524645427761983,37.57280059454427
2203200.0,232.54944040856503,1.0956354985926118e-10,96.73130109948085,0.0010728353963542128,37.611420488845766
2206800.0,247.09465233745766,6.985650958900066e-11,96.73871660148956,0.001542629844581374,37.651288680019306
2210400.0,251.39615353979858,7.560262546536587e-11,96.73844010061477,0.001901501548297453,37.70285013956305
2214000.0,232.83135402081513,1.0585738342538976e-10,96.73327214054834,0.0009149420359208557,37.73847921048993
2217600.0,247.28976809298211,7.081195330032553e-11,96.7425046332038,0.001545857582793268,37.779384836274005
2221200.0,248.53847218652058,7.582667575576986e-11,96.74003492881421,0.001606836790050602,37.8294242034379
2224800.0,233.20109938496205,1.0121081890996261e-10,96.73598859813511,0.0007423450971824276,37.863484353209195
2228400.0,247.37936286090888,7.143478520255894e-11,96.74548418338613,0.0015747534944763055,37.90599037914261
2232000.0,245.68499681317226,7.568763944770309e-11,96.74013395441324,0.001306313611238438,37.95468749830194
2235600.0,233.89172560437763,9.707400953071112e-11,96.73628677319219,0.0005405245688049367,37.989325112254896
2239200.0,247.0141094591482,7.082180389282589e-11,96.74329874278722,0.0015583301622443906,38.03272950702289
2242800.0,243.02571727788634,7.618604170611855e-11,96.73634978745773,0.0010324650075848537,38.08120649706532
2246400.0,235.28145991254345,9.323457185707369e-11,96.7331610403522,0.0003059728211266228,38.11551284749185
2250000.0,246.35881930837834,6.891739657428382e-11,96.74146364922852,0.001495039387347891,38.160893112597186
2253600.0,240.06653492375688,8.026996009828468e-11,96.73371940587452,0.0006870590581326813,38.20674002891589
2257200.0,237.02995637834397,8.752957930526156e-11,96.73674557028102,0.00034002278451597935,38.24105385876648
2260800.0,244.7808162521782,6.81842467066081e-11,96.74431986564417,0.0013424266721397307,38.28957232714362
2264400.0,237.41808340308114,8.75974849496475e-11,96.7366625250293,0.00042015540681577314,38.33425943345345
2268000.0,238.8832419213424,7.95681963239659e-11,96.74102902926629,0.0006597466282041416,38.36877087488856
2271600.0,242.73768617695018,6.925260002477754e-11,96.74587639690925,0.0011433683375108418,38.41893269620869
2275200.0,235.15605531148907,9.631763216733608e-11,96.73718604823235,0.00032820344660032427,38.462105860614
2278800.0,240.9149643095467,7.431690075050977e-11,96.74081912952607,0.0010591533585965318,38.49543075320627
2282400.0,240.53788069079278,7.296887276899615e-11,96.74331331786426,0.0009455525914343598,38.545528682984376
2286000.0,233.19782833954233,1.042550206497278e-10,96.73342781507596,0.0004192262564287332,38.58753929924316
2289600.0,243.096386227122,7.38876907574718e-11,96.73920553788855,0.0014541761867956319,38.62504170358144
2293200.0,237.86776149873046,7.954450927245083e-11,96.7396602746997,0.0007482155283603955,38.67753572200214
2296800.0,231.3438986866892,1.1154225574643448e-10,96.73252066675695,0.0006401154112737753,38.71649527650449
2300400.0,244.96416514138818,7.609728461972335e-11,96.74183377798448,0.001835891359269578,38.75430197063059
2304000.0,234.92065500544675,8.646898075990055e-11,96.74126318023832,0.0006138641513463731,38.80563325518066
2307600.0,230.29646801309843,1.1605496043249289e-10,96.73583458341268,0.0008059403621608314,38.84177172899705
2311200.0,246.17361682168226,7.816528212997691e-11,96.74509004003359,0.0021420587085763778,38.881809529016536
2314800.0,231.7598708988016,9.55333511963326e-11,96.74231404478331,0.0005740076263931929,38.93193791783226
2318400.0,229.99348684757203,1.1700318314514705e-10,96.73753592956547,0.0009527477894170195,38.966456392501044
2322000.0,246.88067427958086,7.934002668478536e-11,96.74597304184068,0.0023879602819214378,39.01005035016837
2325600.0,228.3171467988697,1.1163394579945356e-10,96.73802950868686,0.000695203215800603,39.05945858217683
2329200.0,230.35282893446694,1.1421948045153655e-10,96.73470706355307,0.0011113271139310689,39.092611154061835
2332800.0,247.14333341884424,8.134220077509983e-11,96.7418393708405,0.0025619531865050684,39.1383732039561
2336400.0,225.5308412021451,1.3218567143520666e-10,96.73472799644293,0.0008721862914587432,39.185551836710374
2340000.0,230.86574584610935,1.1044541486868058e-10,96.73612765206778,0.0012157981759938741,39.21810896133734
2343600.0,246.47569949191305,8.583801806102613e-11,96.74388119260557,0.0026072894908183266,39.266536140650736
2347200.0,222.72424133799132,1.5163028192533004e-10,96.73686408734045,0.0010698189492622371,39.311764047144315
2350800.0,231.5077452022573,1.064557111469488e-10,96.74071408236506,0.0013466862847828394,39.346259239141055
2354400.0,245.19201156453434,9.21636538536829e-11,96.74699449683581,0.0025755720115995264,39.39696618219863
2358000.0,220.43530532235826,1.6161220039521297e-10,96.73803694834437,0.0012179201911075984,39.439705794094166
2361600.0,232.3845205161123,1.0170931918993315e-10,96.74236747311393,0.0014748066159214201,39.47545776369603
2365200.0,243.16966100310262,9.857636280941711e-11,96.74526333729105,0.0024410775399917573,39.52587535483995
2368800.0,219.10250529829065,1.6360455307430793e-10,96.7346353537564,0.001227967341907556,39.56496102502596
2372400.0,233.38114703219395,9.767217119499606e-11,96.74212059111521,0.001577166392387741,39.60301061424982
2376000.0,240.1481282175382,1.029381697821067e-10,96.740785893517,0.0021512740070694105,39.65621850475209
2379600.0,218.884491935998,1.6014333983528442e-10,96.73288065560074,0.0010689475757381889,39.694161213165174
2383200.0,233.658631148172,9.797621873329987e-11,96.74134338516073,0.001574039099468382,39.73478556850419
2386800.0,236.5289216116851,1.0541897630080609e-10,96.74018383773043,0.0017794330640112928,39.785736457922056
2390400.0,219.36598337438204,1.514460427940627e-10,96.73630201196754,0.0008383964882447279,39.82074475001976
2394000.0,233.7204835750351,9.977709883570476e-11,96.74542992520261,0.0015801451084474095,39.863112639121375
2397600.0,232.59776628401704,1.0784928261378962e-10,96.74114794429482,0.0013656047874725824,39.91264842718447
2401200.0,220.37149106824745,1.4180387982789609e-10,96.73876859864373,0.0005363810713250005,39.946217783345524
2404800.0,233.1730951086634,1.0086887249653326e-10,96.74774460275782,0.001547782187112648,39.99108535341993
2408400.0,228.75766780479995,1.111369878642619e-10,96.74005268536055,0.000962117755560694,40.03907497271521
2412000.0,222.07420848014698,1.3538597599683336e-10,96.7378728096016,0.0003091050565391825,40.073547394536675
2415600.0,231.81125770912416,1.001352160606395e-10,96.7436873706253,0.001414625606620217,40.11997941842751
2419200.0,225.09764505768268,1.1890522058362952e-10,96.73495427390421,0.0005799517085154146,40.165119422192035
2422800.0,224.49542214890897,1.274323094278455e-10,96.73627911973979,0.0005410500840813916,40.200050201234156
2426400.0,229.62609050917536,9.964961006301037e-11,96.74361111828078,0.001222842587157004,40.24937476258317
2430000.0,221.53333957550083,1.3377087067068767e-10,96.73484417485146,0.00031785114593119314,40.29168249787788
2433600.0,227.0713866764267,1.1545925447183133e-10,96.74186411400821,0.0010584431755476628,40.32748065870177
2437200.0,226.24191400479853,1.0543882346338645e-10,96.74565051255321,0.0009087256901601251,40.3791043820634
2440800.0,218.87714447419714,1.4966405188773263e-10,96.73769032915841,0.0004811982801247046,40.42009229568111
2444400.0,229.59004942049015,1.0905271506863225e-10,96.7453465863888,0.0015951748136891605,40.45751108746503
2448000.0,222.2119698442613,1.224720801316241e-10,96.74441051552931,0.0006017966843140406,40.50905390084756
2451600.0,217.10142037214516,1.616737579647852e-10,96.73740378062762,0.0007454582163614435,40.546941089134116
2455200.0,231.5099420834767,1.1121072696924145e-10,96.74354910749844,0.0020355052148539965,40.585817195272334
2458800.0,218.2878751126268,1.4805619293766315e-10,96.74107776554902,0.0005333018291075599,40.63746523047985
2462400.0,216.02050471612583,1.6893340840296732e-10,96.73387772123488,0.0009607322126049843,40.67483070019059
2466000.0,232.88657340153293,1.1440820952743187e-10,96.74317933715561,0.0024092242784869377,40.71882781219355
2469600.0,214.14106683144985,1.7672056557330239e-10,96.73736059661347,0.0007387406008564735,40.768784276682446
2473200.0,215.54708274414162,1.6988499683351413e-10,96.73640893802856,0.0011224967787681606,40.8033580767664
2476800.0,232.71442009831088,1.1823752178917697e-10,96.74598522935953,0.0025937872451205044,40.848939434333175
2480400.0,210.26481538993983,2.0842443328975192e-10,96.73877982153648,0.0009645534135570309,40.895855264194665
2484000.0,216.20375799288152,1.625485603401259e-10,96.74078606799064,0.0012535687951381043,40.929755279605644
2487600.0,231.17557131529335,1.2337781555405385e-10,96.74727959250576,0.0026010572531948526,40.978067638857716
2491200.0,206.89280549324226,2.426048872468714e-10,96.73908129956895,0.0011262577335392075,41.02225289262994
2494800.0,217.33827425819877,1.548896042674714e-10,96.7422190976595,0.0014145253714101527,41.056835556204916
2498400.0,228.6115847480197,1.3064852148220654e-10,96.74510261992668,0.002460667206284257,41.10816761214286
2502000.0,204.61288523105142,2.5957721296251787e-10,96.73414177660106,0.001189852465539835,41.14956587502841
2505600.0,218.43774430138365,1.4969103397061267e-10,96.73973820048455,0.0015491115867329126,41.18521238095638
2509200.0,224.64639829600677,1.408545831336993e-10,96.7398101553443,0.0020937062947868484,41.23693279159956
2512800.0,203.9259850044089,2.5170238298669687e-10,96.73380182758375,0.001013294575706698,41.275012447474495
2516400.0,218.77445573178332,1.4492974608323761e-10,96.74370102667282,0.001599716743186461,41.31514580017369
2520000.0,219.7397540324561,1.5129087740160385e-10,96.74144866972863,0.0016070167017883281,41.36653219051267
2523600.0,204.43280376149048,2.358694369642472e-10,96.7379884018155,0.0007001001710258708,41.40184829161766
2527200.0,218.06492781098015,1.4263125942636524e-10,96.74766770495356,0.0015712844915458277,41.44702050931656
2530800.0,214.43306581297068,1.664580087248246e-10,96.74174163842628,0.0010756911878384283,41.497243419525
2534400.0,206.19554927354358,2.1009635574962656e-10,96.74036913069199,0.00031606928556122667,41.53030813244258
2538000.0,216.2273814550387,1.4552937456798416e-10,96.74609187396912,0.0014306493460786213,41.57685559268296
2541600.0,209.21186227337236,1.915649867540955e-10,96.73742580151651,0.0005512178022903969,41.62419234788152
2545200.0,208.85613428501594,1.8423587649316557e-10,96.73802448696709,0.000587901979468399,41.65836372221198
2548800.0,213.20670428154205,1.5609077135367052e-10,96.7434586579413,0.0011885024393333578,41.71023433810738
2552400.0,204.23795849257155,2.23475236158807e-10,96.73366747855394,0.0003272321656093703,41.75484831445277
2556000.0,212.2085284322683,1.7483176079779103e-10,96.74023276658647,0.001288365209842763,41.79047025909634
2559600.0,208.75219106505304,1.7900444347549716e-10,96.74246104106369,0.000881720697054234,41.84299847692515
2563200.0,200.43061102128996,2.543238814625161e-10,96.7354683769827,0.0006360204073868936,41.881820153441446
2566800.0,214.47542599543894,1.7869516632259581e-10,96.74472416022928,0.001902714312049674,41.92027029789129
2570400.0,203.30010552839272,2.16554298043657e-10,96.74321421361277,0.0006415772898426486,41.971758758964654
2574000.0,198.41999062535547,2.7504628394766966e-10,96.73798803971277,0.0008960949550307572,42.00759542187942
2577600.0,216.72648473065004,1.7408507199139604e-10,96.74695280922,0.002387271667711374,42.05030095395839
2581200.0,199.35096342745948,2.66838305428602e-10,96.74075821076154,0.000770570314870201,42.100667504083994
2584800.0,201.31018650801852,2.505879880569291e-10,96.7372420005781,0.001097510074498292,42.13493160943216
2588400.0,219.533231577022,1.649450600550281e-10,96.7438601382166,0.0026317593730535247,42.18189669305958
2592000.0,197.72840765396302,3.1552636832188065e-10,96.73436601899198,0.0010084207982460156,42.229054009957494
2595600.0,205.1211230591314,2.1956512993579912e-10,96.73651329045147,0.0012209139351297507,42.26160700266444
2599200.0,220.2503323198942,1.6769855204582818e-10,96.74210566774445,0.0025505979409636754,42.312092737972264
2602800.0,195.95033772909224,3.4569519125360027e-10,96.73511566363304,0.001125143362165329,42.35555953168736
2606400.0,208.39789704161814,1.9574991480080747e-10,96.74158726921674,0.0013920824244126491,42.39128621559937
2610000.0,218.2764778236759,1.7951893201002607e-10,96.7449270302322,0.0022636818364038715,42.44376367014293
2613600.0,196.9360960847621,3.2034783760736134e-10,96.73725543106265,0.001117961741337067,42.483595211501836
2617200.0,212.26549337314998,1.7053060493090652e-10,96.74537541130005,0.0015292677655661022,42.52330572992729
2620800.0,216.52209055174913,1.7958228042501986e-10,96.74410294692866,0.0018267971725582117,42.57545375594905
2624400.0,199.85582478542284,2.764869156537045e-10,96.73640981102574,0.0008687290661280728,42.610163899854996
2628000.0,215.474353003731,1.538459639224909e-10,96.74481599706893,0.0015939266131946618,42.6521357409393
2631600.0,212.70502720434243,1.8664218497350476e-10,96.73818745732822,0.0012006690377667024,42.70434228531304
2635200.0,204.0408019563739,2.2707796313332577e-10,96.73410396177394,0.000353942134673893,42.739294156147935
2638800.0,216.1051880091842,1.508156539266629e-10,96.7424387438456,0.0014598542528603696,42.78721141829158
2642400.0,210.08102833423132,1.9192330266577436e-10,96.7354373143316,0.0005804727872115432,42.835481858585574
2646000.0,209.82641599540682,1.8322708024349247e-10,96.73781560924822,0.0004712927692731498,42.86868403258988
2649600.0,216.86872730233566,1.455089152280166e-10,96.74487717115868,0.0013078509189410256,42.918464299553975
2653200.0,208.3315663619544,1.9641256477433026e-10,96.73684715000803,0.00019299364438759035,42.96216300554224
2656800.0,215.6392827029458,1.6216174327735784e-10,96.74190837517442,0.001050896802387978,42.9963515796154
2660400.0,215.34166280029268,1.4625838450497584e-10,96.74613160291096,0.0010358325744390202,43.04753047480303
2664000.0,207.3365142072167,2.0393452285881844e-10,96.73687182934312,0.00042828947063283115,43.087571474834824
2667600.0,220.00137336220246,1.5205266414059818e-10,96.74389449683362,0.0016037076609366908,43.12549269908082
2671200.0,213.95252693859928,1.4885475420628605e-10,96.7418563672256,0.0007347960475415163,43.17702758131674
2674800.0,208.56285369260686,2.0229303090736162e-10,96.73363136846744,0.000706769575942831,43.21417152201581
2678400.0,225.19555653190787,1.3433015631956197e-10,96.74077639627176,0.0021085688413865072,43.25505499999965
2682000.0,212.5907575248693,1.6518743284817204e-10,96.73752791951982,0.0006549603911154922,43.305723295277595
2685600.0,210.72114113694764,1.9216338371922546e-10,96.73395802867574,0.0008913825606564829,43.3396081269287
2689200.0,227.8410807867784,1.3013685530435485e-10,96.74382920083512,0.002401188928350224,43.384415374967965
2692800.0,210.46017626941548,2.000544127193259e-10,96.73874364774824,0.0007763695691663805,43.43365617609557
2696400.0,212.75833455412675,1.799482015033351e-10,96.73870223422877,0.0010054010932938678,43.46793665148455
2700000.0,230.58806665584558,1.2835582004636182e-10,96.7475704478079,0.0025430232443449776,43.51609726020547
2703600.0,209.55213284239935,2.2135408132661587e-10,96.73916134235884,0.0009765140849491269,43.56266226814269
2707200.0,216.90988275551925,1.57475963258572e-10,96.74068447090401,0.0011505625721153993,43.5973604554193
2710800.0,232.13310771955983,1.2931712550532832e-10,96.74609509863079,0.0025073257671488595,43.64635966389883
2714400.0,209.93025876884656,2.18839810331537e-10,96.73517973166645,0.0010801818036102584,43.68852388661492
2718000.0,220.10161555035617,1.409523574145957e-10,96.74065294648322,0.0013224082334133554,43.72500344956191
2721600.0,231.63456885681984,1.304538423964623e-10,96.74175846743302,0.0023235943685421304,43.77789797511351
2725200.0,210.5081765787297,2.1134782283125072e-10,96.73277303381899,0.0010714765483108577,43.818135752539106
2728800.0,224.07751008122673,1.265530280988657e-10,96.74024238674939,0.0013658020764251875,43.85690253491535
2732400.0,230.95519974747327,1.2525227317851707e-10,96.74110861822444,0.0019479577176098602,43.9083483033424
2736000.0,213.4758916865146,1.8707714793301799e-10,96.73579384743145,0.0008840760206181127,43.94478255330517
2739600.0,227.91096698613455,1.1689576039840832e-10,96.74473303964632,0.001436470297083547,43.98545885518594
2743200.0,229.848352937761,1.1934310694222153e-10,96.74194927657886,0.0015052133218214526,44.03583331658404
2746800.0,215.8822465211801,1.666079249162326e-10,96.73813551918612,0.0006012745936946115,44.07016747591987
2750400.0,230.49882427636453,1.1009048347859701e-10,96.74736224789692,0.0015499855730358076,44.11352866285458
2754000.0,227.6340401141526,1.1717302093369186e-10,96.74079892828227,0.0010613865137338223,44.16254480274377
2757600.0,220.38141836233905,1.435850255903534e-10,96.73701755163592,0.0003144092384821825,44.1972185192023
2761200.0,232.96566526300364,9.982261670416293e-11,96.74357110544364,0.0015094269427482737,44.242263063605016
2764800.0,227.0540184956788,1.1368718596440833e-10,96.7354895502099,0.0006484307995464948,44.288732644545
2768400.0,225.65146990169856,1.2351865435745753e-10,96.73535955841501,0.0003255056810725752,44.323313136889865
2772000.0,234.66445626225536,9.012654043989083e-11,96.7438103146216,0.0014029743740252153,44.371403513723074
2775600.0,225.39598192461509,1.1976877838397163e-10,96.73529180231888,0.00024060477865585749,44.415230643023456
2779200.0,230.51253024341682,1.0417461702182259e-10,96.74083123665484,0.0008348837389208683,44.45007640873139
2782800.0,234.07850184859018,8.71536648316985e-11,96.74621771460639,0.0011645022396562753,44.50080563631258
2786400.0,225.9013625817582,1.2290451815189628e-10,96.73799928022945,0.0002836362482669548,44.54340561710801
2790000.0,236.01433158916794,8.757260675621946e-11,96.74425044637486,0.0012959232532375078,44.57913317231001
2793600.0,234.36691881002736,8.626941969378904e-11,96.7454410607594,0.0009347745154208694,44.63011025347939
2797200.0,227.2620508682824,1.2283407855666982e-10,96.73749889918963,0.0005067254513120934,44.66978117517685
2800800.0,241.1665779914381,7.985987921744939e-11,96.74239752529493,0.0016852596673115241,44.70600632027116
2804400.0,233.511905241851,9.168004814520936e-11,96.74280286401007,0.0007324439344167135,44.75776448821941
2808000.0,228.415450836372,1.2203903049613303e-10,96.73351230990525,0.0006848446282940356,44.79702713962571
2811600.0,244.97339488713138,7.774548848986458e-11,96.74229664926031,0.0020373101635430737,44.83740026173292
2815200.0,233.68211051711265,9.415109405897967e-11,96.7394498634297,0.0006929698961698704,44.88873983480219
2818800.0,230.70054160736368,1.1640613709667693e-10,96.73522956756392,0.0008490908956937343,44.92434343927862
2822400.0,249.16259843068278,7.360332251984272e-11,96.74562945656048,0.0022965751397479505,44.96563561469845
2826000.0,233.9728459100467,9.501434216918688e-11,96.74133217524404,0.000723408649710971,45.01517618755704
2829600.0,233.936992906735,1.0687747485452128e-10,96.73895692527469,0.0009488220907033296,45.04920239114653
2833200.0,251.33110567234164,7.16845668843192e-11,96.74771201609161,0.0024171204506930385,45.092719945655624
2836800.0,233.70011263691165,9.989223535717037e-11,96.74197802904717,0.0007826224400834585,45.140988370891165
2840400.0,236.4838551073347,9.849547196447733e-11,96.73962307459925,0.0009922233156218429,45.17431037016905
2844000.0,254.48224338859586,6.794960077073529e-11,96.7465417651473,0.002527685037037907,45.22102162231758
2847600.0,234.38329062506168,1.0475248555819277e-10,96.73649188316479,0.0009023703323548252,45.26781414071085
2851200.0,240.5777429815534,8.731110979486112e-11,96.73627925350569,0.001084268712197264,45.29957871232098
2854800.0,256.9587176560406,6.578776491610669e-11,96.74278228741373,0.002517289410547956,45.3478713694157
2858400.0,235.7459945985864,1.058842647445233e-10,96.73603685338573,0.00098000281120181,45.392412619394506
2862000.0,243.19240724170922,8.055112148021791e-11,96.73972303622756,0.0012031461853659459,45.42576892471074
2865600.0,258.56489783328885,6.533772233290697e-11,96.74636564411203,0.002539893746717283,45.47529934671269
2869200.0,236.01543448383543,1.0571571647602544e-10,96.73872693820728,0.0011432604889517828,45.51812316639494
2872800.0,247.1221127168966,7.198578135012674e-11,96.74390875517321,0.0012868910570605304,45.55375460427756
2876400.0,260.4897216174481,6.426674784057634e-11,96.7481544067124,0.0024553579698559556,45.60461710821964
2880000.0,236.68305817680212,1.018899084890769e-10,96.7392241475159,0.0011999368283612008,45.64447521574206
2883600.0,249.17037294362393,6.741841528579649e-11,96.74369298925784,0.0014451030067955002,45.680297771879246
2887200.0,258.81501320974826,6.725770998680005e-11,96.74472444393106,0.0023175131478568906,45.73093993666674
2890800.0,236.0980726259597,1.0171824306873386e-10,96.73576075510597,0.0011459366598719528,45.7700662365926
2894400.0,249.8122996914092,6.622758814610692e-11,96.74213976449256,0.0014951021078626538,45.80870557554279
2898000.0,256.7398194049984,6.865731716152004e-11,96.74227239676593,0.002109765592886683,45.86092848720552
2901600.0,236.0896352532631,1.0045084766767895e-10,96.73545302067657,0.0010283828623975017,45.8980085652988
2905200.0,250.05709777282493,6.670395671516554e-11,96.7440065961536,0.001487102604152905,45.93749868002203
2908800.0,254.2173917405621,6.905395660271239e-11,96.74367930436966,0.0018551224808328688,45.987763727145996
2912400.0,236.1669915263226,9.783453716291132e-11,96.73854736925286,0.0009023375096041276,46.023096591126304
2916000.0,250.39245164574186,6.738259788672145e-11,96.74759618175376,0.0015287533377879115,46.06345180007099
2919600.0,251.64275514018524,6.891553241123854e-11,96.74458342644569,0.0015918593058676454,46.11295766978645
2923200.0,236.41203228195485,9.427832412145864e-11,96.74013458383857,0.0007397393197596367,46.14785074133646
2926800.0,250.44356145711788,6.727270404183237e-11,96.74805336022432,0.0015622028338935856,46.18933045533653
2930400.0,249.26126516338803,6.862161353796968e-11,96.74269024341577,0.0013564217880065945,46.239254647994215
2934000.0,237.20266834534286,9.055191929440204e-11,96.73713687499911,0.0005612634416064586,46.273930817023164
2937600.0,250.33360959804236,6.554145340929599e-11,96.74442988814438,0.0015516564145536722,46.316692762798745
2941200.0,246.54079862882912,7.023968535718354e-11,96.73809689495934,0.0010418856085145463,46.36428695018994
2944800.0,238.4116276390999,8.665137169607892e-11,96.73746805884362,0.0003201788636382701,46.3985199254117
2948400.0,249.4807791336606,6.406879682206468e-11,96.74694742251623,0.0014725835409192085,46.44459109830512
2952000.0,243.79962341137028,7.465548650632742e-11,96.74033069971314,0.0007390626806157993,46.49097069052102
2955600.0,239.91150138684236,8.033035685586101e-11,96.74240209764653,0.0003195025483579292,46.52461318747889
2959200.0,248.099850856615,6.368131358034004e-11,96.74990031109911,0.0013440055353437226,46.57328142591582
2962800.0,241.37232943622837,8.12992819579423e-11,96.74188806189737,0.000500407649109934,46.6190495314842
2966400.0,241.62623034328396,7.269393450131028e-11,96.74440969851157,0.0005890568266849585,46.65186619400397
2970000.0,246.47019003337203,6.463503888442295e-11,96.74799971798873,0.0011831260844393956,46.70015492460933
2973600.0,239.20623799128734,8.842320911521308e-11,96.73911653406827,0.0003526001030087816,46.74386585632677
2977200.0,243.44659448758895,6.844246095163429e-11,96.74167371909385,0.000915756838678413,46.77841245242484
2980800.0,244.62317830897842,6.756018202640925e-11,96.745555325593,0.0010226427228780077,46.8300993025784
2984400.0,236.89297745027378,9.562025338637225e-11,96.73611754637474,0.0003904133473110859,46.87279190994412
2988000.0,245.754653460788,6.789058886495137e-11,96.74301751669304,0.001325306725371713,46.9082357674432
2991600.0,242.31000631476158,7.141894703689879e-11,96.74521731767383,0.0008477923791378563,46.95975006189283
2995200.0,234.99644917280918,1.0151756789653881e-10,96.73827509544533,0.0005602797870309898,46.99837804068177
2998800.0,247.3688762173799,7.028654766738723e-11,96.74685264924457,0.0016724483214440203,47.03516146578874
3002400.0,239.64859339019554,7.523897493894235e-11,96.7471171095733,0.0006753058607248223,47.085863493421826
3006000.0,233.8794222610818,1.0575944035343019e-10,96.7404474647234,0.0007288741137781638,47.12266832363709
3009600.0,248.67015888279084,7.166090442200001e-11,96.74887096340947,0.001975166577469115,47.1617518856556
3013200.0,236.62733420511566,8.135612820121533e-11,96.74606518499598,0.0005513771865541395,47.21253249303902
3016800.0,233.48941902065778,1.0752685645257783e-10,96.73916909504747,0.0008933540627254911,47.248287729281344
3020400.0,249.820645233477,7.158609996797453e-11,96.74626304201236,0.002265224909021501,47.29002079788134
3024000.0,233.71407191515107,9.255594049217749e-11,96.74044738746612,0.0006074586193555969,47.3398945423643
3027600.0,233.25715007875274,1.0762570236981754e-10,96.73717504044778,0.0010056005757486345,47.37250906802113
3031200.0,250.29098899826187,7.315354095255541e-11,96.74589216587087,0.0024610419622894987,47.41712640891368
3034800.0,230.78920520516087,1.097676216252753e-10,96.74162076914033,0.0007619826771393426,47.465744851388706
3038400.0,233.32410500910467,1.062098110796655e-10,96.74111851331413,0.0011459435883084432,47.49910255889754
3042000.0,250.38156225806995,7.61935439145868e-11,96.75048418338807,0.00260654916489928,47.54577637340593
3045600.0,227.80747032387802,1.2793507101270576e-10,96.74334355859595,0.0009760639446754919,47.59322922687496
3049200.0,233.8862927306873,1.03181912208471e-10,96.74426165747566,0.0012753199190686246,47.62763359697995
3052800.0,249.83478736849926,8.057746489731853e-11,96.75146309963705,0.002661830710767736,47.6756022914467
3056400.0,225.3276297774812,1.3986347940533607e-10,96.74114182179035,0.0011560710422605636,47.71898337946805
3060000.0,234.76148418046682,9.891866009929761e-11,96.74428314444302,0.0013893614806091126,47.7534531002471
3063600.0,248.325363315022,8.559803941075859e-11,96.74735027784568,0.002576978097422564,47.80402550773043
3067200.0,223.7863852959502,1.4591969917589793e-10,96.7380326685096,0.001189103912530827,47.84708129508801
3070800.0,235.4096860288394,9.589119511357198e-11,96.74217953096023,0.0014472974976640631,47.883689223956324
3074400.0,246.27136271101313,8.836416799093571e-11,96.74612846272447,0.0024155490476148495,47.935009641866806
3078000.0,222.80305355727606,1.4938777383183409e-10,96.73879640336855,0.0011625852647926195,47.97433298960597
3081600.0,236.05812979914515,9.473379332606333e-11,96.74654354126395,0.0014846131914646031,48.01185201048043
3085200.0,243.36698100917792,9.011609971240688e-11,96.74772058606209,0.002152533345729848,48.06260909209029
3088800.0,222.2429514888159,1.4868072512982429e-10,96.74115529634348,0.0010708172920992835,48.09936464289488
3092400.0,236.75381532009868,9.483407155203526e-11,96.75005405176175,0.00155588839750876,48.13870206593643
3096000.0,240.02710746201404,9.196976086896192e-11,96.74766133852322,0.001819975715376861,48.188764121022174
3099600.0,222.23841614038838,1.4306817339286977e-10,96.74100740319322,0.0009018360050651364,48.225143488199635
3103200.0,236.96521874731744,9.432208385727891e-11,96.74831629034111,0.0016053414523837185,48.265797363221125
3106800.0,236.67940940108568,9.385783418623747e-11,96.74345855369538,0.0014766899160277697,48.31617424499529
3110400.0,223.32866863192268,1.348610058705644e-10,96.73783635726053,0.0006192230646112891,48.35127664104671
3114000.0,236.73562880946184,9.169799086924746e-11,96.74694102475249,0.0015706088616747375,48.39433951224305
3117600.0,232.87695184831938,9.895411677003717e-11,96.74041205262546,0.0010396342068448193,48.44235811290259
3121200.0,225.03694588781963,1.2579726227548147e-10,96.74136472655114,0.00032334250017040456,48.47672202654316
3124800.0,235.32730427853556,9.053529730510334e-11,96.75009197486055,0.001432517169286123,48.52381133004218
3128400.0,229.24773920014292,1.0878067169176899e-10,96.74296747699408,0.0006526072813433155,48.57036122908362
3132000.0,227.11441804389338,1.1255527213347373e-10,96.74577301202203,0.0004509037700130896,48.604511767617666
3135600.0,233.22805992740632,9.16156778568402e-11,96.75180407733077,0.0012329283776192127,48.653972767786094
3139200.0,226.02612414035966,1.220940644938882e-10,96.74317592425437,0.000396159021624269,48.69857457397295
3142800.0,229.5458687104375,1.0099683559984966e-10,96.74586622126512,0.0009053764775083099,48.731427714969854
3146400.0,230.70399277709785,9.652029524023935e-11,96.74920132095379,0.001002102531097756,48.781303783580846
3150000.0,223.24361026311183,1.3511876415181882e-10,96.73909776886741,0.00040345131657585926,48.82422232046079
3153600.0,232.19430979999822,9.781609075019382e-11,96.74447577066593,0.0013980379586313535,48.861387871882954
3157200.0,227.4327603996568,1.0750554136297391e-10,96.74533951975512,0.0007547709115688239,48.91409403371896
3160800.0,220.76610905038353,1.4736727680427284e-10,96.73801873967783,0.0006610271703521298,48.95340541326492
3164400.0,234.44624360421207,9.999898193574452e-11,96.74733727835114,0.001874109782395032,48.991303095516066
3168000.0,223.73730486990735,1.208185301321301e-10,96.74663147816139,0.0006061127772525647,49.042836654487395
3171600.0,219.36863730111236,1.550740974770933e-10,96.74137053436328,0.0008658851708407033,49.078886178941644
3175200.0,235.78733672863623,1.0218865699596375e-10,96.75076107635289,0.0022444671305560803,49.119584513962074
3178800.0,219.77927046929713,1.3900301280453315e-10,96.74734250908226,0.0006259984967473675,49.16959485551047
3182400.0,218.99615567835397,1.5625718499307927e-10,96.74337646542247,0.0010354606139361174,49.203854516789725
3186000.0,236.2807642695679,1.035837781002913e-10,96.75166651105641,0.0025098308802600027,49.24863007053842
3189600.0,215.60809274870803,1.6976659031563463e-10,96.74270103559915,0.0008289036571851772,49.297472911054605
3193200.0,219.4881515741003,1.5130133889762987e-10,96.74081760885807,0.0012118567848000458,49.33044601612087
3196800.0,235.88575619870312,1.0763736853245484e-10,96.74727985697268,0.002639591535352446,49.37782860844311
3200400.0,212.3485445655155,2.0420045539614984e-10,96.73911818219825,0.00102872079826894,49.42371035749319
3204000.0,220.28042664158608,1.452786537249951e-10,96.74270846674779,0.0013230666646306647,49.456711475523385
3207600.0,234.1567683573536,1.1677515447791442e-10,96.74876739028585,0.0025777912160460615,49.50687319633639
3211200.0,209.54528271108913,2.2725138277135706e-10,96.74139899479144,0.0011776109488065125,49.54988418169792
3214800.0,221.04735298388616,1.3941826617782368e-10,96.74763022767713,0.0014483449087337114,49.58576346060404
3218400.0,231.3191989484462,1.2883493901214456e-10,96.75129428270125,0.0023836614977089205,49.63810223081414
3222000.0,207.6954655818661,2.3282844102375188e-10,96.7428750980524,0.001207114199137293,49.67791981391593
3225600.0,221.81634597733648,1.3327845194726865e-10,96.74941180515323,0.0015616839579238053,49.71604833078562
3229200.0,227.5375905654432,1.386239191014652e-10,96.74899763641804,0.002051630586991749,49.76750694778865
3232800.0,207.25328550439764,2.2669829372496479e-10,96.73983067095186,0.0010218166200142746,49.80334539767662
3236400.0,222.21214580844773,1.3108488867398654e-10,96.74921969271821,0.0016140012275964065,49.84496520367301
3240000.0,222.67036230804715,1.4861581871685961e-10,96.74365159294734,0.001548604274981034,49.897942864465755
3243600.0,208.50109014173174,2.0738428858247606e-10,96.73899332277871,0.0006275746079949978,49.933053240326444
3247200.0,221.45901618049,1.3527384988717923e-10,96.74794447790583,0.0015275487449194782,49.97867087031136
3250800.0,217.32405929318446,1.6211539633941496e-10,96.74245985872511,0.0009784543762701222,50.02734773425739
3254400.0,210.49133166503438,1.8669014352095578e-10,96.74338319319092,0.0002680682463350075,50.06059899841459
3258000.0,219.75563622997424,1.4100071503663532e-10,96.75114847011112,0.0013986841965955297,50.108293065068395
3261600.0,212.29728823664527,1.780550040452217e-10,96.7434320064452,0.00046504830009359903,50.153823719516936
3265200.0,212.9665349661697,1.7782351276211642e-10,96.74654867236903,0.0006345450075778073,50.18728130925513
3268800.0,216.83610446662132,1.465316170766239e-10,96.75238832734348,0.0011655644373917997,50.23749682229632
3272400.0,208.12123295132736,1.9867385670329018e-10,96.74222190595923,0.00030268501150547406,50.27992560091994
3276000.0,215.68295736808986,1.7181159373785566e-10,96.74677556657313,0.0012496979496821104,50.31657496056799
3279600.0,212.61317168074186,1.572715076839614e-10,96.7467471800939,0.0008427995760891624,50.367745787605756
3283200.0,204.94944503018638,2.2320041489495466e-10,96.73771924485156,0.0005887289859667572,50.40569626649848
3286800.0,218.03138399038343,1.60906274350765e-10,96.7450022509277,0.0018403131266787,50.44532043024467
3290400.0,207.63750688661952,1.875265594236267e-10,96.7450998337985,0.0006161144051922859,50.49663885854277
3294000.0,202.79348529383944,2.4218415793310546e-10,96.73941301210223,0.0008671225960425049,50.532159072109444
3297600.0,219.44167707095903,1.5966678798004782e-10,96.75018134920593,0.0023308481906221695,50.5752826495983
3301200.0,201.97751628443385,2.537418979500686e-10,96.74586263017467,0.0006832619960860732,50.62593464874485
3304800.0,202.11456371598138,2.470221243971335e-10,96.74394237616708,0.0010921244511438969,50.66124571487484
3308400.0,219.26541918523498,1.717492109487531e-10,96.7528190134115,0.002592277707678784,50.708232392451514
3312000.0,196.6314507917903,3.3114173414305245e-10,96.74431732645228,0.0009746100115127699,50.75504525945601
3315600.0,203.8429394403254,2.3114756712690106e-10,96.74476820939817,0.0012167072305238106,50.78960415810029
3319200.0,219.05909060572458,1.8233640746835425e-10,96.74931136345938,0.0025601891196772313,50.838856849390275
3322800.0,196.042501003845,3.403439536996629e-10,96.73984662655043,0.0011165244872578918,50.882620886563224
3326400.0,207.92700847022982,2.0073532949777647e-10,96.74369704575678,0.0013687542386087732,50.91986188078043
3330000.0,218.42321279871234,1.83025078671678e-10,96.74622632873954,0.0022917862533627107,50.97281590822697
3333600.0,197.26403087106868,3.2202205221657e-10,96.73824907511602,0.0010524358332821813,51.012210217080295
3337200.0,211.71209897367623,1.807778123987384e-10,96.7465743870296,0.0014511436740182366,51.051503534703734
3340800.0,215.00579598897733,1.8821762697486364e-10,96.74650719350322,0.0017642593803089475,51.10291554423062
3344400.0,199.33830776789696,2.8895231677192933e-10,96.74135379193778,0.0007426605781807195,51.13866674565885
3348000.0,213.83206379641905,1.7450071226205215e-10,96.75070622682749,0.001499709294108963,51.18073311907378
3351600.0,212.3358356793084,1.876200365972734e-10,96.7461000889005,0.0011825282399419539,51.23054861980899
3355200.0,203.38380103946116,2.448532371601831e-10,96.74343669114782,0.0003309998705969982,51.264913164517054
3358800.0,216.07482335149157,1.62141837001188e-10,96.75120228078342,0.0015071235610748168,51.30999468202853
3362400.0,210.1451687464401,1.8697058107461052e-10,96.74301829629078,0.0006516321382752628,51.35852906687181
3366000.0,208.70902734261708,2.0917665235354671e-10,96.74126103480675,0.0003550363005606202,51.39296288493438
3369600.0,215.8421093228815,1.539211592738567e-10,96.74667751694552,0.0013551631678206727,51.44092800026051
3373200.0,207.7053379762732,1.9843750204500703e-10,96.73802256778902,0.00024672128870429093,51.484360640777105
3376800.0,213.39701052347064,1.790134192676503e-10,96.74251731424606,0.0009369982740591564,51.52015422966242
3380400.0,215.43301822355923,1.4684594496745362e-10,96.74786111199303,0.0010998834144888016,51.57137415879154
3384000.0,207.04911872017678,2.0882850784123246e-10,96.74016588297498,0.0003902681564878007,51.611687938499195
3387600.0,219.3376757115552,1.470003875288682e-10,96.7485734168249,0.0015689362639951826,51.64933949308414
3391200.0,213.96059011530357,1.5586404270969854e-10,96.74920894279137,0.0007873728091744081,51.702037665900285
3394800.0,207.9421963591041,2.0948139791455664e-10,96.74214974529313,0.000686593955041363,51.74048319161872
3398400.0,223.2463448951974,1.3859952850834075e-10,96.75092207950355,0.0020450744962580312,51.78000483198096
3402000.0,211.61803795671833,1.8413614772727366e-10,96.74563999122024,0.0006740698674964546,51.830523933084486
3405600.0,209.00014780760196,2.0573021546852996e-10,96.74143049960968,0.0008354183599509628,51.86615653626857
3409200.0,227.12781184304478,1.3379549865750603e-10,96.74811419142702,0.002346399986032078,51.910365463886855
3412800.0,210.37533314362022,2.06025308922042e-10,96.74160548876608,0.0007556247487266574,51.96077172743735
3416400.0,212.0767259257811,1.877525502073177e-10,96.73900004408829,0.0009656416201207286,51.9962083065919
3420000.0,230.04372839849154,1.27975785161991e-10,96.74798236635819,0.002517899225246993,52.04326178867485
3423600.0,209.81996665906797,2.1698659502462286e-10,96.74051985336334,0.0009139290377503719,52.08961785658713
3427200.0,214.6958539578707,1.7054900896564692e-10,96.74357283381042,0.0011017838296912903,52.12402704881772
3430800.0,230.5257431455707,1.2562005832189177e-10,96.75012192315056,0.0025126747752627584,52.17291341322153
3434400.0,208.67743422130783,2.3155731804852525e-10,96.74186988695504,0.001062230667742073,52.21542926017448
3438000.0,219.22231610898848,1.4932986649374062e-10,96.74759171253784,0.0012205642859430706,52.250878588909664
3441600.0,230.58165749771058,1.22345879559247e-10,96.75013244117743,0.0022754809783636742,52.301084736314394
3445200.0,209.88427395936503,2.2237028585982497e-10,96.7407796630123,0.001043846123990011,52.34165406646401
3448800.0,223.6847872803729,1.3381690519142182e-10,96.74653119283849,0.0013930705624159065,52.37836761637273
3452400.0,230.16945035032856,1.1944716204349358e-10,96.74561620824441,0.0019416656154257889,52.4300545503669
3456000.0,211.36166398865427,2.03823570646578e-10,96.7368428133644,0.0008754825010165242,52.46781020199544
3459600.0,227.08286960488317,1.2094591352943358e-10,96.7457657584447,0.0015570771699623268,52.506816788904196
3463200.0,227.62225897308338,1.2149897882953713e-10,96.74229912879599,0.0014550378033881804,52.55745643947602
3466800.0,215.0990830857522,1.7520150612627866e-10,96.73975656242173,0.0005862204472673946,52.59307020518476
3470400.0,229.96079130126205,1.080793588692069e-10,96.74954356133128,0.0015664776319177574,52.636701146602526
3474000.0,226.6119299151912,1.1999076419691155e-10,96.74451075603194,0.0010161599859216642,52.686301215738
3477600.0,219.6990066430305,1.4646390075650636e-10,96.74373617239304,0.00027496263242482373,52.72049395239109
3481200.0,232.1148282039734,9.853273188887247e-11,96.75176409135632,0.0015135789694744487,52.7673396353601
3484800.0,224.6315320784034,1.265780613413964e-10,96.74428183040776,0.0005596228690416467,52.814978993395854
3488400.0,224.27373341004915,1.1986030298623625e-10,96.74373249777312,0.0004089474069400345,52.84693329672182
3492000.0,232.50050715243518,9.505165272946782e-11,96.7496439279127,0.001371753676452857,52.894770856565174
3495600.0,224.31096560901423,1.3004285009350778e-10,96.73954922568984,0.00019918501777879078,52.940962163264516
3499200.0,229.98457190776904,9.978764729074059e-11,96.74214167820696,0.0008726611049141777,52.976056691858815
3502800.0,233.337769208246,9.251460319941308e-11,96.74614787193356,0.001195652141369344,53.02778359084328
3506400.0,224.4276109530087,1.317556237846658e-10,96.73791292052378,0.00031429998050830485,53.07007585753089
3510000.0,235.653052167308,9.026999544041597e-11,96.74525338382053,0.0013487748930851374,53.105170541053134
3513600.0,232.46641204541385,9.388257784712515e-11,96.74781451680715,0.0009673666872795137,53.156574096836025
3517200.0,224.9105487030405,1.3198669957914773e-10,96.74064173621471,0.0005133551628943278,53.19519802189581
3520800.0,239.361158314973,8.825062354501444e-11,96.74881062766067,0.0017183929463635535,53.23226257314786
3524400.0,232.50573838211494,9.214974414436653e-11,96.74888975877188,0.0007695734338785379,53.28321150810307
3528000.0,227.05977858791326,1.2685107846460124e-10,96.74172232441025,0.0006873766565797012,53.31948932660401
3531600.0,243.95528277672673,8.147980170191663e-11,96.75004347568385,0.0020478421173440384,53.36009204138689
3535200.0,232.28296657212746,9.397721765910192e-11,96.74482072398496,0.0006408232289593038,53.41061106473489
3538800.0,230.1281062800201,1.1784870527310643e-10,96.73878161700179,0.0008305192412618505,53.44510739280008
3542400.0,246.8391466209074,7.763473110576137e-11,96.74625151652664,0.0022723151815820944,53.48785223319882
3546000.0,231.9380377142988,1.0175072331230674e-10,96.74118369276358,0.0006725989957159021,53.53686121107321
3549600.0,232.09713969714338,1.112193169717516e-10,96.73940804446927,0.0008672015403925469,53.569644717191245
3553200.0,250.19238928644856,7.419609574394648e-11,96.74866625365433,0.0024204413639584577,53.615195293011695
3556800.0,232.15118126907274,1.1039561664463742e-10,96.74306143864808,0.0007845813915162841,53.66296889431845
3560400.0,235.7976695550714,1.0022235366666151e-10,96.74370694592845,0.000988357335187786,53.69676154211497
3564000.0,253.16324110234774,7.208631990930002e-11,96.75228344270644,0.0024985678135318393,53.74447456431671
3567600.0,232.74829948976048,1.1373114856843239e-10,96.74409647877019,0.000931497213952394,53.790477346396294
3571200.0,238.52577064180394,9.227533745993436e-11,96.74515933356194,0.00115184589384633,53.824672804308946
3574800.0,255.01011400938856,7.149276225263173e-11,96.75110703082596,0.002571533497850872,53.87234037372665
3578400.0,232.77937823753402,1.1430493281523778e-10,96.74060284082324,0.0010836514377482842,53.91519048030039
3582000.0,242.70460099747973,8.182810442415761e-11,96.74446009878122,0.0012373054542803945,53.9504253622819
3585600.0,256.8414274664223,6.9144548276866e-11,96.74739745237322,0.0024676893165436783,54.00155262504404
3589200.0,234.92969485425718,1.0789986696650334e-10,96.73816223980451,0.0010921579559085297,54.0437015287691
3592800.0,246.50425294272978,7.410840397553701e-11,96.7434716000018,0.0012614457253548538,54.07982259211003
3596400.0,258.3578210370455,6.519412222988757e-11,96.74761488305076,0.0023210881234649967,54.12992915211776
3600000.0,236.05166547044382,1.0498764477719738e-10,96.74063030808429,0.0010685538126382157,54.16924197096515
3603600.0,249.82360912017506,6.894527133917655e-11,96.74763574657125,0.0013695863884812711,54.20579382383576
3607200.0,258.29831157208383,6.268095027515619e-11,96.74931134120037,0.0021302391288902252,54.25584879751079
3610800.0,238.63715116306818,9.718581917381324e-11,96.74239652760889,0.0010346813602489767,54.2933985877229
3614400.0,253.7873731362241,6.357207544278032e-11,96.75019957075315,0.001465327938840578,54.33106786454846
3618000.0,259.6399790137524,5.845810855294066e-11,96.7490467369814,0.0019569429998107114,54.381227593682915
3621600.0,241.43198289018005,8.810259231229146e-11,96.73983470664909,0.0010000413391268836,54.418795244773534
3625200.0,257.5830407780374,5.7934686429298865e-11,96.74669301980856,0.001555750380519303,54.45670626159527
3628800.0,259.7467352210425,5.656691739836976e-11,96.74403648166968,0.0017187714219173984,54.50677269715515
3632400.0,244.23385520579475,7.96199891719424e-11,96.73745724347785,0.0008119422876788592,54.5429791076531
3636000.0,259.87738021547085,5.3602124995471936e-11,96.74781916595202,0.001533665653240546,54.58264334996931
3639600.0,260.9691811293537,5.3959394643220064e-11,96.74461257005146,0.001491409638808972,54.6323693280449
3643200.0,246.4313756645574,7.36437298110851e-11,96.74155448843307,0.0006938337050708181,54.667290825087036
3646800.0,260.9476854478639,5.08103050571218e-11,96.75123540952303,0.001587189266508755,54.709721641659755
3650400.0,259.12317632393984,5.6092109306317976e-11,96.7473973488929,0.001319260478920785,54.759801389631015
3654000.0,246.78841555814904,7.147903257163799e-11,96.74405752710888,0.0005850926459803453,54.79379408835085
3657600.0,260.6198396562013,5.032707278854933e-11,96.75156189326998,0.001586228163095093,54.83681891806197
3661200.0,257.3080644621249,5.90099185682538e-11,96.74613907245936,0.001142022446917149,54.8855875118087
3664800.0,247.40191533352416,6.809876937623233e-11,96.74126598460579,0.0004063070440422909,54.917812897676626
3668400.0,260.4127150045711,5.042941481750796e-11,96.75037350807719,0.001585759694745066,54.96284666569705
3672000.0,255.1367688444197,6.274538094005907e-11,96.74182459407137,0.0008951408867036175,55.01257230209208
3675600.0,248.683791684391,6.393914074062973e-11,96.74056225488674,0.0002331642523443265,55.046044463674754
3679200.0,259.6514805809182,5.182691060583063e-11,96.74833345677101,0.001502618031734575,55.09318141963872
3682800.0,252.93223166761194,6.558713559779247e-11,96.74183109674323,0.000648057218981097,55.13920694636862
3686400.0,249.80065038467893,6.170002149089148e-11,96.74420955301294,0.00023424863211502563,55.17178990897847
3690000.0,258.79440244446073,5.296368328398107e-11,96.75133960271324,0.0014385167810268427,55.21904869082737
3693600.0,250.99243990024104,6.734311622763015e-11,96.74385838681647,0.0004388465754992239,55.26345567993808
3697200.0,250.83030560618488,6.196156324990603e-11,96.74643858071076,0.0004244165545416792,55.29615303171074
3700800.0,257.73125508900995,5.326979266148651e-11,96.75298821929672,0.0013524180864873624,55.34443563560788
3704400.0,249.36265513986058,6.913840451847579e-11,96.74340886223342,0.0002888243142673945,55.38774549669622
3708000.0,251.96946596839507,6.253216979062224e-11,96.74556066448176,0.0006629038364456304,55.422363745882045
3711600.0,256.34239554958486,5.294910083070499e-11,96.74860997074259,0.0012244647578941294,55.47070915296922
3715200.0,247.87872667353713,7.218902373559648e-11,96.73943203558487,0.00022985126759641816,55.51188097929349
3718800.0,253.3156643652752,6.041049421663263e-11,96.74316265334133,0.0009250090690974781,55.54736786974337
3722400.0,254.89889628541223,5.2734480207172363e-11,96.74838305903579,0.0011169585512176231,55.59696264021024
3726000.0,246.32811183829077,7.666238906325681e-11,96.73994929679904,0.0002777911328021145,55.63668627788656
3729600.0,254.67184131205755,5.644062342005875e-11,96.74793770981243,0.0012140518707362733,55.67285298611099
3733200.0,252.75806410072425,5.474200827634447e-11,96.75073336631752,0.0009175924918158539,55.72376590455089
3736800.0,245.17175044866644,8.075590269571211e-11,96.74315858833783,0.00042381846276099756,55.76357116031354
3740400.0,255.99426472214952,5.408197189941783e-11,96.75072040428307,0.0014982502120401062,55.800467255318495
3744000.0,250.4590143536708,5.913835700330733e-11,96.75020617971587,0.0007189308928277483,55.85107693762462
3747600.0,244.34774986827173,8.375626969508509e-11,96.74295589140134,0.0005713110088348449,55.889055415719085
3751200.0,257.11608430654877,5.443387569299645e-11,96.74840382983088,0.0017355570692762878,55.925951862347794
3754800.0,248.48494825897188,6.426506002725262e-11,96.74782367843245,0.0006102503272872663,55.97700532566084
3758400.0,243.5372706552224,8.641226957362919e-11,96.73905925342548,0.0007003709035112621,56.01536664842514
3762000.0,258.397810106254,5.548939003503643e-11,96.74780014241372,0.0019960937382984822,56.05577924885114
3765600.0,246.2295616547046,6.932329311967031e-11,96.7448039430607,0.0005788375217487548,56.10657430017522
3769200.0,242.78250301250316,8.830543096994401e-11,96.74056133566292,0.00082804843907622,56.14195697128956
3772800.0,259.0936578573482,5.682001489520803e-11,96.75083607110477,0.0021945259088606483,56.1826797890014
3776400.0,243.89489114596265,7.371873646850513e-11,96.74692567357457,0.0005857804610559804,56.23207054868419
3780000.0,242.70400945365827,8.806270028867016e-11,96.7440217968929,0.0009232453887150322,56.26611587050462
3783600.0,259.3716418873537,5.7820666087347556e-11,96.75282076293294,0.002343171844570127,56.30863218251493
3787200.0,241.43966422815853,8.031924389516773e-11,96.74774190794449,0.0006521133253543773,56.357182133665376
3790800.0,243.0587000748061,8.612032077509151e-11,96.74440865167315,0.0010317845403979026,56.390529633406175
3794400.0,259.53708098155255,5.875951734801304e-11,96.75167917631019,0.0024830132134928376,56.4360509152055
3798000.0,238.9938147011347,9.047090309533886e-11,96.74228218910213,0.0007908848054192146,56.48357708365923
3801600.0,243.6093223221095,8.356135624061909e-11,96.74077207484264,0.0011375794845117297,56.51517914499902
3805200.0,259.1643847342788,6.085248086598352e-11,96.7479957151115,0.0025316212267654237,56.56231442630763
3808800.0,237.00288172246923,1.0119206314981935e-10,96.74174831096485,0.0009103172766201338,56.60789845851479
3812400.0,244.0933140790718,8.135723920814682e-11,96.743954674215,0.001230529424440265,56.640785120329106
3816000.0,258.53619740865474,6.398293281469641e-11,96.75165287312576,0.0025483047719467634,56.68932369395467
3819600.0,234.9545061173882,1.0986230566234827e-10,96.74416866642377,0.0010664752999318483,56.733454480362084
3823200.0,244.69693663533687,7.888274802328343e-11,96.74806890858122,0.001344770296646362,56.768407020647956
3826800.0,257.48490636155026,6.812766361693232e-11,96.75347588708223,0.002517038142998284,56.81857497841172
3830400.0,233.21337732390447,1.1458732028109123e-10,96.74436197771259,0.0011905171716922527,56.85975661737279
3834000.0,245.47268011383449,7.598120481261668e-11,96.74796302711687,0.0014617474803883057,56.89489824085526
3837600.0,255.93590741486568,7.188836907822587e-11,96.75000068529671,0.0024110166218449004,56.94504031965592
3841200.0,232.25058621754982,1.1630483887959348e-10,96.74078021420435,0.0011834394425167959,56.98521817801623
3844800.0,246.20731121301856,7.414004780256033e-11,96.74632679097952,0.001539510536351706,57.02301153657938
3848400.0,253.9051953934639,7.385193338121256e-11,96.74742989117769,0.0022230888925823425,57.07513336219577
3852000.0,231.88604828452918,1.1681635553611345e-10,96.74003570448608,0.0011002663832909573,57.11307016029888
3855600.0,246.54078820584976,7.433022661213222e-11,96.74819517847472,0.001551905983025821,57.151739088156106
3859200.0,251.3386254690743,7.468664162820669e-11,96.7486721572889,0.001976401696898197,57.20211530418964
3862800.0,231.72971624786504,1.1514833724629459e-10,96.74297387288824,0.0009978936920023967,57.2380211572526
3866400.0,246.9701289403057,7.517324503810728e-11,96.75183383651391,0.0016101805499821242,57.27768460990941
3870000.0,248.61213630114057,7.530831207911457e-11,96.74939780640996,0.0017078017026628772,57.32740513375962
3873600.0,231.83164206033615,1.1136062797887685e-10,96.74446501250713,0.0008439531515096298,57.36262129716627
3877200.0,247.0762791976125,7.54078290458908e-11,96.7523459579991,0.0016559699049368988,57.40358582204659
3880800.0,246.0307522853348,7.594142630331531e-11,96.74732575605934,0.0014561041331249505,57.453731807669186
3884400.0,232.5697962890267,1.0666220165345319e-10,96.74137011328891,0.0006518731853287859,57.48855859372016
3888000.0,246.9477027210509,7.373390346129854e-11,96.74866022118572,0.0016465552283578908,57.530969256855755
3891600.0,243.07420014352246,7.859676906645817e-11,96.74245103828554,0.0011190134135446942,57.57877132072703
3895200.0,233.8121734226737,1.0163722683753782e-10,96.74155986151975,0.00036788139860191756,57.6130211964483
3898800.0,245.99540964979823,7.22462552939185e-11,96.75108411985777,0.0015568625673096313,57.658951183036585
3902400.0,240.10447660806514,8.425979487433727e-11,96.74445057265815,0.0007887412036564384,57.7053940938084
3906000.0,235.4372089052522,9.342905522424661e-11,96.74648665517351,0.000270924376573229,57.73902070185037
3909600.0,244.42350326896295,7.208566980656963e-11,96.75393374291073,0.0014060183439636926,57.78773936697672
3913200.0,237.46175900744004,9.234313324439367e-11,96.74584331175501,0.0005170590847853448,57.83339748790831
3916800.0,237.31866402030084,8.342841733116296e-11,96.74853380640918,0.0005495701052677349,57.86628127981751
3920400.0,242.50503500209717,7.368355669748964e-11,96.75188919185688,0.0012094808257819168,57.91475160647236
3924000.0,235.141784642117,1.0066044161630947e-10,96.74298347059909,0.000341911407710109,57.95809999745486
3927600.0,239.31357790634516,7.784723756002469e-11,96.74580978169655,0.0009146756387538749,57.99282436957147
3931200.0,240.28967275111998,7.808260929043373e-11,96.74924661770282,0.0010039657179759136,58.04468992641054
3934800.0,232.74218337549948,1.089625335933328e-10,96.73979608195405,0.00037799200535501413,58.08687332962199
3938400.0,241.7673093330806,7.699978750297162e-11,96.74708803993296,0.0013620654895959165,58.122778790911006
3942000.0,237.56238555007403,8.386222899329836e-11,96.74857472478814,0.0007807770897131658,58.17438152306091
3945600.0,230.86522756968571,1.1557857029577401e-10,96.741903289311,0.0005660155022900688,58.21235752006427
3949200.0,243.46342694103538,7.923401400207052e-11,96.75087848456529,0.0017385742862054175,58.24986120315339
3952800.0,234.4423938037206,8.992211400712023e-11,96.7502115521271,0.000574750300946635,58.30047980426503
3956400.0,229.85922980629246,1.1981369270298917e-10,96.74417224150652,0.0007503154052674787,58.336557563378946
3960000.0,244.71716780790365,8.00351786603516e-11,96.75280783789059,0.002056370200140293,58.37663398943641
3963600.0,230.9762822828157,9.956649657069103e-11,96.74892698976448,0.00048634436962010556,58.42711134727897
3967200.0,229.6585581608383,1.2047628157654783e-10,96.74293712087717,0.0009372854722461014,58.46208368026185
3970800.0,245.69946142954979,7.986737747803304e-11,96.75007259077151,0.0023458585176230405,58.50508996666216
3974400.0,227.69505989972694,1.1616309638830004e-10,96.743072084154,0.0006264797283773183,58.554251170671286
3978000.0,229.68198260967978,1.1903787985417907e-10,96.74101641490192,0.0010714388646986114,58.58635288006262
3981600.0,245.79841977502082,8.247346739143186e-11,96.74928739978067,0.0025102666529752717,58.63239214967812
3985200.0,224.5044631176768,1.3900595590468265e-10,96.74398725461349,0.0008440832973518142,58.679854715645966
3988800.0,230.01092511447146,1.1629259905370234e-10,96.74511754841842,0.001227307587061768,58.713077050398795
3992400.0,245.40164581880765,8.736625318335143e-11,96.7535468954371,0.002605467745876954,58.76130137915181
3996000.0,221.48291059977916,1.5933151207679555e-10,96.74563072225891,0.001080188365626757,58.80705393297819
3999600.0,230.7674024414006,1.1199308547738281e-10,96.74843910877031,0.0013790987276697505,58.84183195998924
4003200.0,244.1675673224263,9.435618572175867e-11,96.75415489531474,0.002590467578324753,58.89136897377529
4006800.0,219.1536735990536,1.7062106365282118e-10,96.74357464499757,0.0012365006092326543,58.93258506399565
4010400.0,231.75600988358983,1.068497662811814e-10,96.74841303781093,0.0015216479077875464,58.96792462951321
4014000.0,241.8264212936713,1.0097865472267111e-10,96.74954453071341,0.0024141913342398545,59.019725676904
4017600.0,217.9920798642692,1.7506115850145322e-10,96.74028983955529,0.001197188794757848,59.06040406295963
4021200.0,232.3579920280678,1.0487600453746536e-10,96.74643086488877,0.0015790240603770656,59.09878827621585
4024800.0,238.87203755117224,1.0443670816543464e-10,96.74774615596823,0.00214014894432991,59.1506936862626
4028400.0,217.67791452243992,1.7369486918328023e-10,96.74158659317342,0.001060550176025605,59.187524478423846
4032000.0,232.71751327562774,1.060239149945377e-10,96.75054703661877,0.0016032219660283237,59.227485945330365
4035600.0,235.10190724585595,1.0798404773783023e-10,96.74886505843759,0.001769710071313692,59.27801403354642
4039200.0,217.87798254883373,1.6658989422258367e-10,96.74423112638468,0.0008516081343779425,59.3125460417943
4042800.0,232.79427747341373,1.0801228365612094e-10,96.75374141975999,0.001636325303753394,59.354814406681804
4046400.0,231.1195126744086,1.1236762750474626e-10,96.74844241985771,0.0013581949680747055,59.40377921291577
4050000.0,218.79537207071664,1.5772994982219527e-10,96.74471176375273,0.0005580209178858401,59.4384510745586
4053600.0,232.0708461024726,1.0841523370011445e-10,96.75164962605716,0.0015899832069729287,59.48238845125435
4057200.0,227.29439277063156,1.1838635710424745e-10,96.74419410303832,0.0009658878631647645,59.53064990449318
4060800.0,220.72652567635976,1.487359049494177e-10,96.7417633505187,0.00026732177489192504,59.56495332520337
4064400.0,230.63979927224736,1.0698802618894517e-10,96.74938247772089,0.001457200912557018,59.61158273662854
4068000.0,223.27562413904957,1.3096948258800422e-10,96.7410324023592,0.0005229004297001234,59.656225400805575
4071600.0,223.17237422438063,1.3446211578466687e-10,96.74558439578703,0.0005647580674397782,59.69104905871055
4075200.0,227.9215913027516,1.0861632455436183e-10,96.75176373878347,0.001199368461568087,59.74106989979522
4078800.0,219.86321179426713,1.4787355183014377e-10,96.74380225571423,0.0003092010838270697,59.78370534370461
4082400.0,225.74275623816843,1.1861700687564328e-10,96.75038896301587,0.001095338838196022,59.819620100028146
4086000.0,224.32579724392986,1.1747335907327405e-10,96.75274061682943,0.0008649199634381477,59.87129582000469
4089600.0,217.25575197096686,1.633781694112771e-10,96.74433062224601,0.0004979447939921462,59.91164846612499
4093200.0,228.21599509050102,1.1317254020630267e-10,96.75060107091339,0.0016350311096949455,59.94755088470249
4096800.0,220.35465375062765,1.375327973218536e-10,96.74915801006053,0.0005802558685128154,59.998509737680735
4100400.0,215.44266488567666,1.7441547290091976e-10,96.74129630634164,0.0007518076876840371,60.03697065498643
4104000.0,230.14124399054012,1.1581141249670145e-10,96.74886574367179,0.0020854226645528966,60.07862969104029
4107600.0,216.04045017477202,1.6572206458098235e-10,96.74474562625386,0.000552509855994188,60.13050313011543
4111200.0,214.17461049113896,1.8180497647556582e-10,96.74073438546051,0.0009757688719709878,60.1663824671971
4114800.0,231.10833938949256,1.189735984135255e-10,96.75080061279084,0.0024306305827454747,60.20937477139166
4118400.0,211.72689398506628,1.9593740231696252e-10,96.74563903582177,0.0007517412670974098,60.25842808898235
4122000.0,214.1204939988284,1.7964472080477684e-10,96.74498336405584,0.0011280369091854717,60.29240027183939
4125600.0,230.50184004173587,1.2218210109152831e-10,96.75332438648083,0.002581573368936088,60.33855965261359
4129200.0,207.63662549235713,2.3428575339117004e-10,96.74609090847743,0.0009801081160200256,60.38444965722147
4132800.0,214.9264646639401,1.7221743671697471e-10,96.7481156640398,0.0012836839650172602,60.41838172190877
4136400.0,228.64383387142692,1.280724369506396e-10,96.75314726921688,0.0025640174070257512,60.46775127558495
4140000.0,204.18630252944556,2.7245120919950396e-10,96.74170800020309,0.00115300380142947,60.5115129285099
4143600.0,216.09644629650475,1.664203528105759e-10,96.7457245408649,0.0014749507746890033,60.545902212953244
4147200.0,225.4926327199695,1.3930188500528056e-10,96.7474444844987,0.0023406508367821554,60.5969566676158
4150800.0,202.35872654794628,2.839696745605956e-10,96.73860156024766,0.0011198562613142398,60.63701270206715
4154400.0,216.86644608835573,1.6206035837102227e-10,96.74787888010786,0.0015867853816795214,60.67413598886307
4158000.0,220.84266300678507,1.5522532184226047e-10,96.7472036447152,0.0019155965218874472,60.72588407358247
4161600.0,201.74391953009535,2.774040335466593e-10,96.74240969809004,0.0009270250285142029,60.76275918705671
4165200.0,216.71009826543204,1.581257289421702e-10,96.75226513610893,0.0016256647458606152,60.80486381339165
4168800.0,215.59288546916073,1.719165062615864e-10,96.74866079094056,0.0014197499842227219,60.856471451871386
4172400.0,202.5757378894251,2.5814831627134406e-10,96.74538501387313,0.0005624077431741935,60.891064564882974
4176000.0,215.46498949765984,1.591247845077256e-10,96.7529419890416,0.0015675013480736407,60.93603589034604
4179600.0,210.04492260880917,1.9662889589305672e-10,96.74603749322621,0.0008694138315162885,60.98479969201905
4183200.0,204.62474948628798,2.2407189074824636e-10,96.74341973511874,0.0002511459259739058,61.01719774643968
4186800.0,213.19025083620537,1.6597253053659834e-10,96.7513438115508,0.0014039453401191936,61.06618748202088
4190400.0,204.49323664146556,2.3118941780428562e-10,96.74039826504531,0.00033292161175708896,61.11363402752045
4194000.0,207.78445682631556,1.9821051851237388e-10,96.74413443966982,0.000862105067776779,61.148713310118595
4197600.0,209.0852693770364,1.8660481862740187e-10,96.74791494529998,0.0010833031257609534,61.20078359057946
4201200.0,199.6928418097684,2.6683901443097567e-10,96.7400034708772,0.00041617991739979066,61.2418523739314
4204800.0,211.7530630449049,1.877156993204174e-10,96.74881747059098,0.001578295759411299,61.27837924211972
4208400.0,205.86306164211993,2.0626407296261103e-10,96.74921830380262,0.0007683434754336768,61.330205790957514
4212000.0,199.93186180559647,2.690210804590884e-10,96.74295558963213,0.0007209764071522488,61.36740274667906
4215600.0,216.6840368362469,1.7092196331080093e-10,96.75184917203002,0.002119789088568242,61.40740416565961
4219200.0,203.4681538275,2.2884012107730095e-10,96.74883203223662,0.0006478596743155106,61.458540224821846
4222800.0,202.04607923646586,2.542813608915019e-10,96.74344298350972,0.000935356233703206,61.49320512482674
4226400.0,220.35088216953676,1.562178985103518e-10,96.75123889915115,0.0024852589617901893,61.538430412952536
4230000.0,199.89045482327418,2.822381521172766e-10,96.74193830418966,0.0007969366868067348,61.587449351724935
4233600.0,204.78407612265525,2.318397890406372e-10,96.7403377603697,0.0011192020213621886,61.61958203368305
4237200.0,220.9383069786256,1.5859932436882603e-10,96.74733648771745,0.0025591295308004616,61.66821291083895
4240800.0,198.7071496400664,3.2043791952523785e-10,96.74029396922334,0.0010173573541877132,61.713513129586154
4244400.0,208.70151770102987,2.0460886274489913e-10,96.74458337736358,0.0012870960096263793,61.747563685344886
4248000.0,221.36031501918058,1.6408949840174033e-10,96.75022822844902,0.002432419120696276,61.79859619244028
4251600.0,198.77511766395503,3.2056934578751527e-10,96.74241288938956,0.0011383818720788403,61.840256387072046
4255200.0,212.74264538284868,1.7870956905206313e-10,96.74964581442067,0.001452164693989363,61.87804289881021
4258800.0,219.0494422716069,1.7625566772219056e-10,96.75087048665087,0.002062309135655948,61.93072032398196
4262400.0,199.81854022413597,2.9988454210382213e-10,96.74315837406785,0.0009994216345017304,61.96772966203278
4266000.0,215.24499146692548,1.6348263252890175e-10,96.74964913964052,0.001530233183059319,62.007294183189195
4269600.0,217.0958960866576,1.773261954019875e-10,96.7460172533624,0.001581245751872131,62.059055316076844
4273200.0,203.36240696165737,2.563731284594361e-10,96.73960101469513,0.0006326309847268451,62.09417230750701
4276800.0,218.17898217880182,1.5141334352407718e-10,96.74844493189352,0.00156766195051941,62.1394013163735
4280400.0,214.60916822437238,1.8118887283387014e-10,96.74176827576954,0.0009826101464398946,62.19043317254943
4284000.0,208.561015237164,2.0560859921248727e-10,96.74095864742421,0.00022450464922288058,62.22385187921506
4287600.0,218.53297030362924,1.5006118718954163e-10,96.74922209587874,0.0014547205303414416,62.271803185475264
4291200.0,211.7399745787285,1.8904155273601235e-10,96.74220024648353,0.00047917887301807333,62.31772943342232
4294800.0,212.88593651608724,1.783600772606314e-10,96.74540042674941,0.0005512002486688436,62.35099703997478
4298400.0,219.09675698985896,1.4450764615646517e-10,96.75145994836035,0.0012726130240631648,62.40047649666766
4302000.0,210.6219116449388,1.9175303128790136e-10,96.74274590996615,0.00018503978216801253,62.4430446282297
4305600.0,218.5465352342009,1.5831284667533442e-10,96.74817821800994,0.0011114972618424088,62.47809218206748
4309200.0,218.55055219729806,1.3971243600481658e-10,96.75044044646837,0.000978895248554887,62.5290668621618
4312800.0,211.01653201420504,1.925487618891608e-10,96.74075359198726,0.00044547558092321624,62.56923753943053
4316400.0,222.89214749472205,1.4165790185748794e-10,96.74637935624759,0.0016299275083060975,62.607290290325224
4320000.0,216.88624959939213,1.4382935416127691e-10,96.74423337605732,0.0007895014739424651,62.658633172667415
4323600.0,211.1201555062873,1.9561977391350217e-10,96.73795962717602,0.0006264981869800023,62.693668485703455
4327200.0,227.70363027645155,1.2432528344741666e-10,96.74673897300056,0.002068314702600808,62.73545573259105
4330800.0,215.50146171936433,1.6065598588543116e-10,96.74468894927703,0.0006380727511398823,62.78604835198243
4334400.0,213.6022298260045,1.8314456426782945e-10,96.7416232279326,0.0008292979064061043,62.82040908182796
4338000.0,231.56656392080203,1.1757672961596616e-10,96.75174000747988,0.0023753701483273655,62.86516489206537
4341600.0,214.11312794796507,1.868987365870902e-10,96.74568577846586,0.0007406594039554569,62.91457187355789
4345200.0,215.91097246674218,1.7042644667264668e-10,96.74486149688062,0.0010455183375841274,62.949188125354944
4348800.0,233.69241923310258,1.1832900189817626e-10,96.75290629290642,0.002573081979755277,62.99619008413123
4352400.0,212.22909200986157,2.0845371821729133e-10,96.74283606886618,0.001009349782399167,63.04097455091879
4356000.0,220.14052755701164,1.4907032003956298e-10,96.74510881975645,0.0011781701114810625,63.075314528294804
4359600.0,235.05952092841602,1.1829325447383355e-10,96.74866687418948,0.0024933165478618602,63.12560530182556
4363200.0,213.04653178147166,2.0527375416997594e-10,96.73929757891916,0.0010672579296534762,63.16928418816968
4366800.0,224.28396569150155,1.313920189954955e-10,96.74315028145419,0.0012739501631936314,63.20585662724725
4370400.0,235.598524333228,1.1445090518724902e-10,96.7471323953566,0.0022887013034686332,63.257323673185695
4374000.0,213.54490485518104,2.0220185321866766e-10,96.73973875775998,0.0010237977598441484,63.29662454115703
4377600.0,227.75137025728526,1.210865116963338e-10,96.74764740126754,0.0014095252961289844,63.33444181063442
4381200.0,233.89003909520295,1.1350658951764895e-10,96.74837104687381,0.001943177721282425,63.38530488948376
4384800.0,216.06655189053703,1.8388664471475544e-10,96.74207647191952,0.0009079564315337746,63.421597986545876
4388400.0,231.76896621621484,1.1215101216024039e-10,96.75118563439325,0.0015389785093840257,63.461581060553414
4392000.0,233.23347451274066,1.0935832288393303e-10,96.748020012642,0.0015606663028499156,63.51143299837194
4395600.0,219.3865754288974,1.6097449498146348e-10,96.74210508002558,0.0007015120114780025,63.5472017489112
4399200.0,235.14037985657527,1.030853422580967e-10,96.74941241204087,0.0016163395707552849,63.58872497261064
4402800.0,231.5195946574313,1.0878865270274428e-10,96.74373435650419,0.001145159006150475,63.638520711912726
4406400.0,223.17308238928962,1.413986846020886e-10,96.73896916180054,0.00033644215176797964,63.673176189232336
4410000.0,236.73294088326037,9.541240287569641e-11,96.74768867646969,0.001568198147041085,63.71720000110665
4413600.0,230.91778589213462,1.0783457968104195e-10,96.74051906672514,0.0007101084820747771,63.764161505757585
4417200.0,228.1432624604201,1.198709340978044e-10,96.74245105625585,0.00021248524311179287,63.798360757473276
4420800.0,238.50418210183346,8.680879970629559e-11,96.75058576984809,0.0014626398439964489,63.846141008047155
4424400.0,230.85079339476,1.0971912267563945e-10,96.7431293075509,0.00035055531880837017,63.891488712027495
4428000.0,233.28370140423803,9.746841112959809e-11,96.74684676278729,0.0005641942482668931,63.9256932089534
4431600.0,238.41074196885612,8.365436184651095e-11,96.75218830458735,0.0012652488758248999,63.97545537350989
4435200.0,230.7959003338554,1.1340437091093316e-10,96.74350409483603,0.00021567857294101656,64.01904160434361
4438800.0,237.32398159216734,8.334630162679054e-11,96.74682882254658,0.0009729319581401144,64.0520263047762
4442400.0,239.40008612658173,8.080636423257952e-11,96.74952457759275,0.0010768355060668264,64.10175586776344
4446000.0,231.92755691982546,1.1266908914539366e-10,96.73964974224477,0.0002928948740535807,64.14388642500165
4449600.0,242.73516985951971,7.428790839237101e-11,96.74508343097128,0.0013713153006265303,64.18092537646119
4453200.0,240.04769208638157,8.082410787513213e-11,96.7458498683301,0.0008895281978732137,64.23316029541554
4456800.0,233.32065832157542,1.1051677426219853e-10,96.73853222161416,0.0005189085001708524,64.27225953603943
4460400.0,246.4544016597432,7.215408976960227e-11,96.74755477494527,0.0016974188051799058,64.30947915771449
4464000.0,239.910674295005,8.097537679578601e-11,96.74740229368734,0.0007904152049663421,64.36057877962597
4467600.0,234.27742118271712,1.08924640592898e-10,96.7416891943998,0.0006192486710327377,64.39681627737083
4471200.0,250.78038969230604,6.811534964701923e-11,96.75075280975234,0.001968146343656461,64.43597523476502
4474800.0,240.37184625637568,7.92323123040129e-11,96.7485970833939,0.0006512638039884133,64.4859381304915
4478400.0,237.2863631013587,1.0144663387300494e-10,96.74321329250742,0.0007255609467030988,64.52057826145017
4482000.0,254.69095161475974,6.330573339665462e-11,96.75163589495136,0.002176132589108329,64.56283493408775
4485600.0,240.7205924418354,8.017769395551398e-11,96.74475363084755,0.000601752079828963,64.61228058004211
4489200.0,239.55368185880982,9.529565291954547e-11,96.74028342493787,0.0008988640907020142,64.6456526308987
4492800.0,257.74140397387396,6.009610400855503e-11,96.74757341647094,0.002408414411553595,64.6895785386179
4496400.0,240.42071171262245,8.585916203113439e-11,96.74147439239276,0.0007293914045628684,64.73738141632712
4500000.0,243.05360416002347,8.661381659249943e-11,96.74095588053926,0.0009642541408028333,64.76965402553752
4503600.0,260.82058286613,5.771328718010805e-11,96.74966859978632,0.002487201168960907,64.81580402081462
4507200.0,240.02893206528452,9.245984795382053e-11,96.7436749244572,0.0008302469948796164,64.86252853881405
4510800.0,244.7176837310023,8.22654150244299e-11,96.7450353186285,0.001134838333496589,64.89610405636834
4514400.0,260.47617096779635,6.050067953958333e-11,96.75323351902696,0.0025436564689817545,64.94403542404427
4518000.0,237.82555244842362,1.0134517645407133e-10,96.74494480906252,0.0009850288855544325,64.98935725902108
4521600.0,245.32752742642327,7.986265750498111e-11,96.74636112243549,0.001247086289175601,65.02346475016135
4525200.0,259.78461513245753,6.36166300603582e-11,96.75212313312072,0.0025539971962109595,65.0711145982796
4528800.0,236.12405849459833,1.065881645054185e-10,96.74159958303703,0.001079581224457445,65.11357158005735
4532400.0,246.1072797758786,7.701407724376424e-11,96.7455761352956,0.001342218511731395,65.14871162395012
4536000.0,258.4521450318543,6.623048737536654e-11,96.7484085287406,0.0024642922891490344,65.19971883422191
4539600.0,235.03518897254287,1.1026661235446892e-10,96.73918281231607,0.0010934407860860734,65.24173043981806
4543200.0,246.54545709661897,7.574425123001164e-11,96.74447910518879,0.0013739399223328117,65.27781069787576
4546800.0,256.71992257851156,6.728755551229731e-11,96.74857316498183,0.002327703228781853,65.32788671588092
4550400.0,234.1415364630194,1.1364697218608864e-10,96.74161081712012,0.0010900217275883952,65.3670923858443
4554000.0,247.20346964152904,7.534359322429874e-11,96.74866959209152,0.0014424009529232912,65.40369095158835
4557600.0,254.54933330876298,6.796479418478481e-11,96.75020219180512,0.0021466797873557976,65.45377403065228
4561200.0,233.42977346799827,1.1513897612389465e-10,96.74335966338212,0.0010499602616352488,65.4911344562693
4564800.0,247.88501247542982,7.556336681373027e-11,96.7513388478042,0.0015358372470339872,65.52909850095679
4568400.0,252.2163485260345,6.922628999162412e-11,96.74978728932166,0.0019340623715062752,65.57930717224914
4572000.0,233.02057442901148,1.1355809917071532e-10,96.74088393272687,0.000985165303909868,65.61654687020285
4575600.0,248.37331289111114,7.479536724979829e-11,96.74793789394244,0.0016213115769581094,65.65517291455764
4579200.0,249.70188475421435,7.134011083297325e-11,96.74450157314044,0.0016750591825980907,65.70518372251033
4582800.0,233.42498901768016,1.0930293863428217e-10,96.73852275732676,0.0007966334227352947,65.74092126408624
4586400.0,248.5419738872913,7.259809941536566e-11,96.74907383971905,0.0016402434778478362,65.78191872264507
4590000.0,246.8371477054215,7.481241976467913e-11,96.74458671805759,0.0013586871628634828,65.83121250942482
4593600.0,234.19205717571708,1.0468915704452198e-10,96.74291373070676,0.0005760853813954116,65.86556357726774
4597200.0,247.93900120697407,7.11642769542465e-11,96.75247919482281,0.001594439360829083,65.91001375822407
4600800.0,244.03656130518277,7.991740556699204e-11,96.74698244538455,0.001071083939901333,65.95908219011483
4604400.0,235.29593667291437,9.764095521870038e-11,96.7457693554732,0.0003647881200507791,65.99256745367217
4608000.0,246.986169676554,7.098373769008146e-11,96.75270861114406,0.0015187523417275939,66.03806889642206
4611600.0,241.34509245469474,8.67776828963453e-11,96.74551455655848,0.0007899709676722019,66.08524970727883
4615200.0,236.7637669583189,8.825593980573756e-11,96.74336000237292,0.0002593517820895577,66.1171563764948
4618800.0,245.97597432472537,7.17721258582728e-11,96.75120377863024,0.0014297327189816097,66.16508479771815
4622400.0,238.4838715472963,9.481500510965201e-11,96.74080837586473,0.00046985450757854497,66.21232703300527
4626000.0,238.94303869765687,8.09383846618478e-11,96.74322776458567,0.0005610027176883901,66.24633676106514
4629600.0,244.14050213878514,7.500685924947366e-11,96.74852359751279,0.001246054639456981,66.29651893764634
4633200.0,235.7388937415808,1.0172725806169759e-10,96.74072127360263,0.0002608504157349243,66.33914612799215
4636800.0,240.9110290928655,7.945055655493144e-11,96.74719638578087,0.0009341419685182351,66.3731098768623
4640400.0,241.97505219577025,7.794522664348614e-11,96.7509590252619,0.0010579360639846264,66.42326569311925
4644000.0,233.6541553669892,1.0753479824355026e-10,96.74317694580583,0.0003314933783079855,66.46339802623001
4647600.0,242.60112013403497,8.094721707821522e-11,96.74980059541737,0.001298673911970034,66.49866620465535
4651200.0,239.32850136756744,8.045976027678416e-11,96.75189509486685,0.0008276149387459,66.54959033164266
4654800.0,232.2407437619608,1.1283991520738094e-10,96.7427416433931,0.0005087043343565349,66.58778958857516
4658400.0,244.30010944604044,7.96857242403314e-11,96.74942762795901,0.0016702320395913124,66.62635028579275
4662000.0,236.2569545082144,8.51830394336504e-11,96.74645820795281,0.000607860379365759,66.6770325305833
4665600.0,231.3138824218941,1.1687198073760025e-10,96.73876685297573,0.0006895202861125298,66.7121482965599
4669200.0,245.6919551560855,7.713909703775221e-11,96.74675707976799,0.0019985042200901886,66.75287962389922
4672800.0,233.16324034915476,9.555641984816281e-11,96.74543943606645,0.0005098777005852368,66.80285279665382
4676400.0,230.58385812744885,1.1920193844982729e-10,96.74074959267124,0.000861779543239528,66.83717524045043
4680000.0,246.647573954434,7.74244577700461e-11,96.75126977112454,0.002289427134496145,66.88013180302906
4683600.0,229.6519408352696,1.1438906647390401e-10,96.74701086572018,0.0006019136298366527,66.92976241905879
4687200.0,230.52745753753842,1.186193663068687e-10,96.74483116142747,0.0010367633831182541,66.96459661059947
4690800.0,247.05180429896663,8.057963294757034e-11,96.75381649646958,0.002489133899608394,67.00986107882387
4694400.0,226.26714540197386,1.3516017471841377e-10,96.74622498655623,0.0008260040640140748,67.05701582959044
4698000.0,231.01442919729013,1.1571547424536364e-10,96.74509260954322,0.0011897071701332917,67.09099491498334
4701600.0,246.6751161656489,8.498800552437838e-11,96.75085558800625,0.002577691757961452,67.13733948068983
4705200.0,223.59138095368502,1.4977803076607935e-10,96.74250467459841,0.0009903354835513324,67.183078594475
4708800.0,231.64045366413964,1.1186693898592742e-10,96.74297466187677,0.0013054841258456106,67.21846637754649
4712400.0,245.58930196665608,8.847032776192556e-11,96.74879373122809,0.0025667728003139706,67.26857893541856
4716000.0,221.53730006892988,1.6113047119412756e-10,96.74014254485769,0.001105170151687519,67.31163858680992
4719600.0,232.2210541146089,1.0868369701563857e-10,96.74538118929298,0.0013764714645875507,67.34704656421306
4723200.0,243.3907909089722,9.109666587350365e-11,96.75026196465018,0.0024194273661264608,67.396798061139
4726800.0,219.8946327772858,1.7093712546903244e-10,96.74247880684563,0.0011435993407537613,67.43683087204636
4730400.0,233.14794868955732,1.0734994440595709e-10,96.7495081170458,0.0014912679784079696,67.47314060333822
4734000.0,240.53099351925908,9.406797835395665e-11,96.75085052731859,0.002186229605509068,67.52339881405037
4737600.0,218.8345104870386,1.74329910183533e-10,96.74359463317803,0.001089911497000589,67.56161339706073
4741200.0,233.90220370418243,1.076842978268882e-10,96.75052044782552,0.0016124353425729068,67.59947457568863
4744800.0,237.37914557976939,9.835714366408903e-11,96.74847058972705,0.00189938148769835,67.6508684959037
4748400.0,218.70610151779172,1.692871508119516e-10,96.73995373365493,0.0009465993824593883,67.68762687267959
4752000.0,234.3052054502356,1.0605497784828205e-10,96.74721321266958,0.001673426351381289,67.72724775364345
4755600.0,233.50848657275162,1.0493935257950072e-10,96.74299094353994,0.0014859344836795356,67.77703995672888
4759200.0,219.5159401950022,1.6094259711210669e-10,96.73988048191568,0.000639518189514972,67.81213435442093
4762800.0,233.73639512868084,1.037772557487325e-10,96.75005769293617,0.0016302780334586573,67.8559926389878
4766400.0,229.50544308775602,1.1420366131499652e-10,96.74458477012375,0.0010566373523810475,67.90442630821559
4770000.0,221.1066481087499,1.4806714248401791e-10,96.74469905636198,0.0003138304179968901,67.9381893903809
4773600.0,232.25493481577791,1.0350045178419227e-10,96.75314944743539,0.0015064543800098452,67.98587077852196
4777200.0,225.6808389174191,1.2787488691799272e-10,96.74549515811023,0.0006586845350498797,68.0330494841077
4780800.0,223.2297712629343,1.2911860604799103e-10,96.74701264303754,0.0003935710398196222,68.06580705430576
4784400.0,230.05713906072688,1.06335854564143e-10,96.75109106153528,0.001299596458605245,68.11387027956602
4788000.0,222.2539438015031,1.4322417252758459e-10,96.74211564579319,0.0003499741337207792,68.15821756101538
4791600.0,225.65564384061398,1.1567465258701143e-10,96.74447436984505,0.0008536852058723137,68.19276307722889
4795200.0,227.20685840672246,1.1460514597404957e-10,96.74823396151189,0.001050069426639386,68.24480620200363
4798800.0,218.97330436498595,1.5868950818941862e-10,96.73860328815123,0.0003746937429089726,68.28731656793407
4802400.0,228.5448425127814,1.1205971404366402e-10,96.7460012819046,0.0014209412403647806,68.32351167483034
4806000.0,223.5494266622514,1.2752616038173274e-10,96.74708786925997,0.0007773272123852156,68.37544232970342
4809600.0,216.55019428436557,1.7109939326390092e-10,96.74061186072379,0.0006281171468394886,68.41309909979304
4813200.0,230.4598724692615,1.1419694711021677e-10,96.74997379045631,0.001891769712464452,68.45156042136642
4816800.0,219.32315416992526,1.4349022008528804e-10,96.74820021244291,0.0005661786426904386,68.5022640909056
4820400.0,215.39003059729507,1.779316138060117e-10,96.74309869460787,0.0008420866466605154,68.53764773146727
4824000.0,231.50630863693766,1.1425354478895537e-10,96.75190799010919,0.0022509445960255618,68.57946812063102
4827600.0,214.72119103931675,1.6980556910560868e-10,96.74637060826824,0.0005975881635716773,68.6294662758077
4831200.0,215.35740975254922,1.767854505251785e-10,96.74210482027442,0.0010471725026409005,68.66360751792212
4834800.0,231.78300640723947,1.1530088065366203e-10,96.74894169096004,0.0025135480444917215,68.70908711314857
4838400.0,210.56600458339204,2.101112483139587e-10,96.74010023266366,0.0008296605234336438,68.75675515340093
4842000.0,215.83685767952574,1.7214213358055632e-10,96.74065185772486,0.0011948793946197495,68.7887236477887
4845600.0,230.46960502725364,1.238977282784595e-10,96.74735398556514,0.002547317628380891,68.83758787367513
4849200.0,206.90476352807633,2.5162757584190974e-10,96.74064339435978,0.0010366165515728358,68.8824041467219
4852800.0,216.52618370935963,1.6705227571311288e-10,96.74526679870694,0.0013550867034927577,68.9166591983795
4856400.0,228.09023590527806,1.3868657319098972e-10,96.75068666157448,0.002442735434457807,68.9677899607264
4860000.0,204.11613052119972,2.7451746062937433e-10,96.74237193390053,0.0011626314908711084,69.00959674116555
4863600.0,217.4075894782142,1.5976936164741177e-10,96.74899650554327,0.0015143742536517992,69.04697349656374
4867200.0,224.35133129999645,1.551184884240284e-10,96.75029940897723,0.0021590417720744547,69.0987658481698
4870800.0,202.73593541437654,2.8012132511418377e-10,96.74099473781499,0.0010933820173997409,69.13531979236322
4874400.0,218.03803178620873,1.5504286331924673e-10,96.74868116025871,0.00163929617294288,69.17451417012569
4878000.0,219.37956988079176,1.6999165021701384e-10,96.74451408643716,0.0016903110146093512,69.22731113914809
4881600.0,203.15214466085013,2.675346220076442e-10,96.73787783692498,0.0007290006587662017,69.26333838203384
4885200.0,217.4980669636663,1.5929371897074739e-10,96.74662468235368,0.0016206352827372633,69.3081113640504
4888800.0,213.6877448796237,1.89787952476189e-10,96.74156082924488,0.0011056962770823113,69.35835014983383
4892400.0,204.84085550937039,2.3955978544423463e-10,96.74087540249381,0.00026405538249396534,69.39156128908098
4896000.0,215.8124995242474,1.6767602271669237e-10,96.74955333640976,0.001512539276617295,69.43887169503915
4899600.0,207.96657118714862,2.1426645531079626e-10,96.7422659530508,0.0005257684717996203,69.48510796191833
4903200.0,207.10338842381316,2.2165238075611684e-10,96.74469909726592,0.0004693912067866992,69.51813499923941
4906800.0,212.82636668867488,1.775316520733985e-10,96.75118575692518,0.0013073605862744739,69.56783855663892
4910400.0,203.02496876613165,2.428956416523048e-10,96.74156745521941,0.0001908667725310113,69.61036616143573
4914000.0,209.57711732701958,2.1266566153881914e-10,96.74671766481627,0.0011077965562800527,69.64636112514096
4917600.0,208.13602161404575,1.9306226499909166e-10,96.74722003309677,0.0009411506703731164,69.69731404965316
4921200.0,199.49148679757607,2.7346196469006403e-10,96.73785024410039,0.0004972959930488459,69.73674970069798
4924800.0,213.24743695950107,1.873055775213709e-10,96.74389286412875,0.0017894852616356998,69.77563654722913
4928400.0,204.6658707857309,2.145546742924903e-10,96.74237662740173,0.0006728807395280586,69.82688014972847
4932000.0,200.3397848397356,2.7018976968169463e-10,96.73716331320763,0.0007625737190401661,69.86175338443817
4935600.0,217.7126169432929,1.6573239247198816e-10,96.74712357541596,0.0022765897784972574,69.90495721365811
4939200.0,202.07657854129548,2.577215133345346e-10,96.74308078860223,0.0006820391907124381,69.95516424568994
4942800.0,202.80779979288732,2.507974624274388e-10,96.74167118708722,0.000985112988143062,69.98963495638041
4946400.0,220.65393966099703,1.6287515074013018e-10,96.75102904967969,0.0025293550844474886,70.03671871861377
4950000.0,198.6418947879997,3.177345382938611e-10,96.74297299443714,0.0009055275461207517,70.08430729887635
4953600.0,205.83229482614368,2.268842377413602e-10,96.74368006015736,0.0011898068175121227,70.11888325883358
4957200.0,220.67694001979615,1.7367758116787549e-10,96.74953326133357,0.002531840307287867,70.16751923563403
4960800.0,197.84670378075742,3.3300417062865437e-10,96.73845957526318,0.0010970850769864906,70.21010551628099
4964400.0,210.05745846740703,1.9671289476923332e-10,96.74372689008196,0.0013835325430360884,70.24642837652928
4968000.0,220.12232795280465,1.7633741487122444e-10,96.74471835664532,0.0022733762332873826,70.2993799067289
4971600.0,198.97214244213447,3.2067234353244184e-10,96.7356091868759,0.001044500227327682,70.33952409665099
4975200.0,213.82489723240286,1.7790626344803752e-10,96.74318645151753,0.0014820395566970334,70.37864303090616
4978800.0,217.07159894460776,1.8152170745062147e-10,96.74339838193515,0.0017860818285935407,70.43018282366243
4982400.0,200.98520577525724,2.934273562062877e-10,96.73852451280982,0.0007548337551743766,70.46606092962115
4986000.0,215.9704428824471,1.7261254936145056e-10,96.74760163311336,0.0015326129583867203,70.50780417967599
4989600.0,214.58830963111822,1.8365435799734062e-10,96.74362606298428,0.0012355839148372825,70.55778084080984
4993200.0,204.8312540699681,2.501534431139154e-10,96.74097533857227,0.0003715842585265036,70.59142384254534
4996800.0,218.44577425867516,1.6224564687541012e-10,96.74996528788935,0.0015735335083372549,70.6365246793834
5000400.0,212.42896887697532,1.8590073382199411e-10,96.74191649368265,0.0007052262943713357,70.68427001554899
5004000.0,209.79760274060004,2.1400280787735905e-10,96.74037651210782,0.0002303927764867065,70.71874211417911
5007600.0,218.3372785023762,1.5575993829616102e-10,96.74562096497365,0.0014295357190392047,70.76595732283793
5011200.0,210.27865876569058,1.9497628156561276e-10,96.73640920499649,0.0003038592346106305,70.81011071613868
5014800.0,214.35269663595616,1.8361046825572905e-10,96.73878142770178,0.0007716424257869536,70.84544614826703
5018400.0,218.38504285598626,1.460178613954816e-10,96.74477425954531,0.001213332490404846,70.89556767229854
5022000.0,209.504516349301,2.0381481576174942e-10,96.73597615064148,0.0002565726653806525,70.9360894129156
5025600.0,220.1707675267619,1.4602371274257686e-10,96.74438964823788,0.0013804368263405486,70.97308177157225
5029200.0,217.14029602730142,1.485777232688441e-10,96.74616211587688,0.0008776682470166233,71.02499334869752
5032800.0,210.21930136450536,2.0385259058224148e-10,96.73904083464754,0.0005592346354285165,71.0638996267495
5036400.0,224.13675584538288,1.320101171327033e-10,96.74781668966493,0.0018653873086934023,71.10337330817066
5040000.0,214.8083827545658,1.7024021504620626e-10,96.7445321951939,0.0006648744720208316,71.15444990368434
5043600.0,211.0283447173295,2.0052863357549725e-10,96.7390114604343,0.0007310261650861876,71.19045774360346
5047200.0,228.3788901805673,1.2599185882245885e-10,96.74572933445656,0.0022147409914272725,71.23187458924707
5050800.0,213.59603890539324,1.910194563563623e-10,96.74055837485895,0.0006418997585599585,71.28189129047517
5054400.0,214.13055297346455,1.8355299324034642e-10,96.73605329604281,0.0008738925212313202,71.31776216207032
5058000.0,231.6903714901852,1.2090637634474996e-10,96.74451593936803,0.002428071937421331,71.36448356876288
5061600.0,212.86309411180207,2.0268164698691958e-10,96.73685023058306,0.0008022938070391549,71.41187082614856
5065200.0,216.43361167279483,1.691920573484152e-10,96.73862567885269,0.0010325810284300449,71.4461911437377
5068800.0,232.70790250273384,1.1742327459886624e-10,96.74648826917617,0.0024903360735810385,71.49392589628508
5072400.0,211.50778517944508,2.177144431018578e-10,96.7384496638169,0.0009865195032522746,71.53774427134128
5076000.0,220.84161189759794,1.4870165736444607e-10,96.74299608735792,0.001160472465669563,71.5722518177561
5079600.0,233.3172470219162,1.1281760299171753e-10,96.74722339590923,0.002331430180195765,71.6217641351032
5083200.0,212.36024605365287,2.1671216811714662e-10,96.73906742303294,0.0010164243425127947,71.66286328461234
5086800.0,225.37933711357687,1.3408049866964645e-10,96.74432904105453,0.001341732497707177,71.69863307333294
5090400.0,233.38467127468317,1.1067980272402176e-10,96.744833104061,0.0020761040931948937,71.75010533586777
5094000.0,213.01780742190167,2.0873713894873138e-10,96.73474974108618,0.0009698472353749755,71.78897186015227
5097600.0,229.00637633361407,1.2315237571788662e-10,96.74129923932705,0.0015594264508604495,71.82621502597674
5101200.0,231.36593450077777,1.1471849539681813e-10,96.73925875212394,0.0016695193645831165,71.8770055194732
5104800.0,216.2010479091804,1.8385303315251223e-10,96.73435458936041,0.0007536992406714715,71.91333298185238
5108400.0,232.45841258843234,1.0994146713535717e-10,96.74453327437965,0.0016298096461469106,71.95474029280237
5112000.0,230.58075151127943,1.1465787809088452e-10,96.74087068443788,0.0012575288593837115,72.00466836672172
5115600.0,220.2584699081434,1.584271463815867e-10,96.73868141445091,0.0004677292523256521,72.03893859775602
5119200.0,235.06177741214532,9.94548234206177e-11,96.74799424509021,0.001623561488186602,72.08446380621385
5122800.0,228.6811698767013,1.2015754280944241e-10,96.74166316952896,0.0008173372956321021,72.13339882809616
5126400.0,224.3255266921295,1.3267870113047223e-10,96.74083234442583,0.0001643599765742268,72.1660046073114
5130000.0,235.78647314536923,9.522080159223905e-11,96.74632324488188,0.0015082484366118044,72.21200602667227
5133600.0,228.39933166990784,1.2289228458365373e-10,96.73791479244231,0.00044225411544394027,72.25862401866172
5137200.0,229.49844435198847,1.0691555522468095e-10,96.73794026158593,0.00045352271702462217,72.29202178556544
5140800.0,237.43142592649482,9.058207456077327e-11,96.74395029795622,0.0014006965482647995,72.34239086300272
5144400.0,228.33489368705156,1.2467832664555724e-10,96.73432632662248,0.00010895640502638218,72.38746349459699
5148000.0,235.2436143924995,9.114029380036593e-11,96.73936907883169,0.0009233867392156323,72.42152187415589
5151600.0,237.02585251435937,9.094202521500877e-11,96.74340651270239,0.0011884369745951526,72.47247118952947
5155200.0,228.2584338868423,1.2537479697461468e-10,96.73587208690593,0.0002530710254624766,72.51280752067893
5158800.0,239.08281539447339,8.716906646971991e-11,96.74331021481333,0.0013046347668181997,72.54807581410782
5162400.0,237.50571762782096,8.76658452202232e-11,96.74517206553455,0.000974103700092361,72.59859406152982
5166000.0,229.89059305864532,1.2153845115007423e-10,96.73760492492511,0.0004529179334106506,72.6366310247861
5169600.0,243.8595841079356,8.064166068753344e-11,96.74537072376178,0.0016494143942555647,72.67408134947695
5173200.0,237.66021578318413,8.466821616814794e-11,96.74413439222445,0.000740606485231632,72.724877697828
5176800.0,232.45902463469034,1.1521067258551962e-10,96.73612672727242,0.0006094990568961769,72.76160185403964
5180400.0,247.12023962267446,7.485174240506939e-11,96.74284800032545,0.0019247475551708824,72.80168930005225
5184000.0,237.2991341173173,8.612893917405404e-11,96.73829376152706,0.0006587807159792968,72.85188183094357
5187600.0,234.02797725433572,1.1090784222188528e-10,96.7336339314726,0.0006610446613988614,72.8850340995054
5191200.0,251.08489268537122,6.878410289247641e-11,96.74236883960758,0.0021462443857923215,72.92786723225872
5194800.0,237.65940993129732,9.07248071518164e-11,96.73929964578414,0.0006036639869292624,72.97706718937833
5198400.0,237.24462875602762,1.0183642803830975e-10,96.73712666150793,0.0007911977477581384,73.01060103728803
5202000.0,254.68796036889103,6.542264159511073e-11,96.74694654076372,0.0023182549743213806,73.05520951945488
5205600.0,237.98341839101448,9.685502068483743e-11,96.74095022298549,0.0006775320777029035,73.10373660063081
5209200.0,239.65239674512438,9.511879850201923e-11,96.73989881733822,0.0009663051212333807,73.13793885420375
5212800.0,257.2439264779462,6.420113763041363e-11,96.74808978847888,0.0024847762759171634,73.18357145066862
5216400.0,237.47248092822585,1.0216427834433493e-10,96.73867500387436,0.0008792069593556738,73.22869741703057
5220000.0,243.65998213443714,8.515957143009771e-11,96.73953419903381,0.0010643157067751982,73.26238518110242
5223600.0,259.8041539656213,6.19182798287723e-11,96.7442427418485,0.0024798568866210378,73.31036180933242
5227200.0,239.06137971942073,9.911992559044427e-11,96.7356088084061,0.0009430947272138181,73.3556749403277
5230800.0,247.36961693462828,7.688146175007758e-11,96.7367501038157,0.0011273304051491902,73.39061495078461
5234400.0,262.2638431453082,5.825228082999e-11,96.74342786298678,0.002459954600000374,73.43948461449355
5238000.0,239.6781738343034,9.854337285029227e-11,96.73560264483677,0.0009928439927914452,73.48194371615688
5241600.0,249.1942248626277,7.31012029256297e-11,96.74056127616618,0.0012487094357153568,73.51655804371487
5245200.0,260.8438558359305,5.88208166837537e-11,96.74555778881798,0.0023753774111267972,73.56535035583504
5248800.0,238.32170625317877,1.0397605823413277e-10,96.73760306933865,0.0010416141959488328,73.60577449431534
5252400.0,249.99603959345308,7.235233072894953e-11,96.74368719622738,0.00134974242107493,73.64095139533072
5256000.0,259.1548250316721,5.980700608150539e-11,96.74602470640934,0.002253388268754071,73.69015024711601
5259600.0,237.08351530552574,1.0819041821000434e-10,96.73691263954441,0.0010675045703794296,73.73027177283265
5263200.0,250.803203176268,7.200276453582514e-11,96.74198725397638,0.0014880540325010896,73.76576327670928
5266800.0,257.4821486279377,6.173857854985179e-11,96.74227432746373,0.0021187417176819915,73.81640459228458
5270400.0,236.50777084453446,1.0833255069101183e-10,96.73285904947203,0.001035493830221593,73.85490227068892
5274000.0,251.48982299518076,7.06965652417168e-11,96.74059688292834,0.00157353027526359,73.89114189220146
5277600.0,255.16429304485865,6.546627926888858e-11,96.73967250778664,0.001885536233104828,73.94162632375478
5281200.0,236.2483545809372,1.0671442035884746e-10,96.73500864809733,0.0009444926367387202,73.9785630878475
5284800.0,251.63298270363023,6.887776314341494e-11,96.74423666764532,0.0016079231841668361,74.01795018275409
5288400.0,252.89410186892,6.939700464520278e-11,96.74268303073725,0.0016712134859945785,74.06867726686733
5292000.0,236.2860576160699,1.0473845173909913e-10,96.73803401264317,0.0008389888144875999,74.10415543241037
5295600.0,251.6210212836837,6.734535028318667e-11,96.7467866207896,0.001643695912115666,74.14614456646984
5299200.0,250.48407655713797,7.36774513537026e-11,96.74292643357016,0.0014392603073205665,74.19611440691584
5302800.0,236.77395179398818,1.0093417520120761e-10,96.73743223863947,0.0006666257595271892,74.22875793077836
5306400.0,251.50185209001205,6.70592047788231e-11,96.74533598751579,0.0016601912720460511,74.27114073856488
5310000.0,247.7730531940196,7.87485252012913e-11,96.73822758265439,0.0011515204864336356,74.32143314137132
5313600.0,237.98595141105602,9.419689146391975e-11,96.7346211782458,0.00038726462150986805,74.35546693811628
5317200.0,250.8486510840357,6.87296096206595e-11,96.74272376337144,0.001591579665872173,74.40204383064014
5320800.0,244.91565996562363,8.410310882064352e-11,96.73636410626722,0.000824479193376231,74.44984537624943
5324400.0,239.48060819566234,8.747862174592818e-11,96.73731554128763,0.00018139330583927664,74.48230127465268
5328000.0,249.81780061326282,7.085266396635198e-11,96.74534001074795,0.0015010224134416755,74.52954595740155
5331600.0,242.20365156900763,8.835769800214622e-11,96.7381696020773,0.000531144932498311,74.57450782004662
5335200.0,240.8737610433642,8.488623730262165e-11,96.74046681763951,0.00034501470267886023,74.6069574527968
5338800.0,248.51238698077785,7.218693610861446e-11,96.74736624251278,0.0013964106806448216,74.65516630592958
5342400.0,239.85674375563835,9.247724568937397e-11,96.73823842047486,0.00028444883596738144,74.69815573196072
5346000.0,242.31959559022582,8.442120109665127e-11,96.7415990713246,0.0006536237750858598,74.732550275609
5349600.0,246.5826993288913,7.266718874122102e-11,96.74452877597648,0.0012113807599248832,74.78116220482698
5353200.0,238.06326402035717,9.73269432357803e-11,96.73506409012765,0.00021331854484046213,74.82303500091388
5356800.0,244.14849508105385,8.036595073899123e-11,96.73830529167122,0.0010112243535368162,74.85845711666859
5360400.0,244.56984885267062,7.289755175916791e-11,96.74123215655543,0.0010518006483323293,74.90816141803572
5364000.0,236.21497827874782,1.037944892926102e-10,96.73321088600774,0.0003187541294999067,74.94659484274021
5367600.0,245.79413613873126,7.383794552157959e-11,96.74148105010268,0.0013689722897920562,74.98394055501532
5371200.0,241.71669441723722,7.699694507379972e-11,96.74322657286937,0.0008000319288397718,75.0348137808246
5374800.0,234.84494360386344,1.0892248280196679e-10,96.73668072700092,0.0005185282260357447,75.07268237841356
5378400.0,247.32934915679292,7.018283995072942e-11,96.74574929241396,0.0017218168284214885,75.11156792867038
5382000.0,238.57759770458418,8.649747800787471e-11,96.74415071366245,0.0005635916947863306,75.16281928472947
5385600.0,234.06143950415102,1.1157720288034845e-10,96.7376504250528,0.0007059361275642505,75.19957358502165
5389200.0,248.61731593318945,7.077730502865097e-11,96.74543345262825,0.0020263852182258032,75.23833947704196
5392800.0,235.6153347767113,9.922877944661233e-11,96.7407227466018,0.00047300319519285157,75.28787626062395
5396400.0,233.7393729993889,1.123465309397945e-10,96.73544831039509,0.00085795392584242,75.32387059420043
5400000.0,249.43227247080395,7.302031512936193e-11,96.74289220969249,0.0022549511526338815,75.36757130631615
5403600.0,232.6463571184229,1.1138469049103447e-10,96.73694587542651,0.0005875603794118725,75.41750869813957
5407200.0,233.38527958267053,1.1261700717697336e-10,96.73460808814248,0.0009891747556162215,75.45229243317551
5410800.0,249.75056337992115,7.440830467185591e-11,96.7441832625069,0.0024349681129504125,75.49629495736932
5414400.0,229.800136779903,1.2223933893809419e-10,96.73834673870589,0.0007566341834358348,75.5437030913777
5418000.0,233.73742762620427,1.0987585688027624e-10,96.73861485853172,0.001098795891684824,75.57722833359023
5421600.0,249.14814780922626,7.54983260523813e-11,96.74651600299154,0.002506548305415919,75.62327402042739
5425200.0,227.00538181861697,1.3648968834978008e-10,96.73931069237445,0.0009208627816288619,75.6682686862645
5428800.0,234.5841684820739,1.0630172392396062e-10,96.74127529615635,0.0012321043322835892,75.70178336838015
5432400.0,248.01566697832214,7.73886052950439e-11,96.74650722896827,0.0025073151675392017,75.75022334101928
5436000.0,224.4352363683814,1.527660759413567e-10,96.73536812872187,0.0010746098556793792,75.79407909936565
5439600.0,235.68386613402373,1.0364804931261737e-10,96.73841907375524,0.0014110706422360384,75.82755014824372
5443200.0,246.30419527892204,8.168612791126068e-11,96.74132413181798,0.0024046086640107586,75.87739537777863
5446800.0,222.82989053549704,1.617359622102449e-10,96.73230124995852,0.0011205740023966142,75.91850764292909
5450400.0,236.54813028128004,1.0150004436403465e-10,96.73996048278555,0.0015203348753887196,75.95341830240994
5454000.0,243.7713621761793,8.90799937630276e-11,96.74181327738667,0.002189120613100048,76.0044367053075
5457600.0,221.7532072164667,1.6387104344461344e-10,96.73554671040941,0.0011104403461750277,76.0430974893102
5461200.0,237.04123239142626,9.847617770188958e-11,96.74418558356228,0.0016107134011792024,76.08147843008935
5464800.0,240.84829548906896,9.679080189450752e-11,96.7441289930356,0.0019349597834561953,76.13345527234512
5468400.0,221.33597076684455,1.6253256353098587e-10,96.73769720420744,0.0010163497412546431,76.16987330315038
5472000.0,237.2569146896339,9.613092518634705e-11,96.7452670862595,0.001679947500132227,76.21027190351369
5475600.0,237.57800137330347,1.0374129220947387e-10,96.74211985156894,0.0016233957868332558,76.2606987963061
5479200.0,221.79685378175105,1.55954553751646e-10,96.7349484976026,0.0007739993461014008,76.29418974350041
5482800.0,237.1597763377671,9.624012918390939e-11,96.74444064913315,0.0016968743397157864,76.33757188645474
5486400.0,233.69998649991263,1.127393512799984e-10,96.73694664820107,0.0012038900908696634,76.38884922222418
5490000.0,223.46525044600475,1.4177045708947695e-10,96.73421698497579,0.0004048227380356226,76.42282689515648
5493600.0,236.11951588907417,9.985806859177954e-11,96.74246735559355,0.0015857224342361548,76.4696014297295
5497200.0,229.72020151376614,1.2249949849557763e-10,96.73606678884711,0.0007630935264024772,76.5164906286393
5500800.0,225.36366340422225,1.296077878416093e-10,96.7383221111401,0.00021039628302702433,76.54929251393297
5504400.0,234.47428845689836,1.0390033786934194e-10,96.74534081077184,0.0014491215713828037,76.59723191170443
5508000.0,226.15197827016476,1.318072800412229e-10,96.73751319828813,0.00038405569715940145,76.64138762460712
5511600.0,227.4067283587251,1.2491727517548423e-10,96.74110546587018,0.0005918705430092342,76.67461231606534
5515200.0,232.07658240134018,1.0691165754130068e-10,96.74658298566247,0.001236573780304466,76.72436416763924
5518800.0,223.25509657231927,1.420350735636134e-10,96.73658272134287,0.00020720547900027916,76.7660991305147
5522400.0,229.61989932489487,1.2021082516473126e-10,96.7409756116971,0.0010714878344478074,76.80221041446266
5526000.0,228.81373028530285,1.1048032006213771e-10,96.74132052919042,0.0009450849662057003,76.85249005896578
5529600.0,220.98750815363286,1.5322815146074014e-10,96.73221342608193,0.00040114181451634195,76.89067081218018
5533200.0,231.70942301346577,1.1040088011532741e-10,96.7387479503785,0.0015441309773519653,76.92896653943649
5536800.0,225.10305867161526,1.1974549842443113e-10,96.73997281510512,0.0006768071674141267,76.97970441983429
5540400.0,219.24511538333815,1.622030385528701e-10,96.733294086384,0.0006392811771355607,77.0157638600438
5544000.0,233.45728328688293,1.0477105535267857e-10,96.74372557531035,0.0019932846600070144,77.0565895805004
5547600.0,220.69037100467523,1.4349993025390006e-10,96.7412356611837,0.0004893121145181051,77.10749425345071
5551200.0,218.50109231351038,1.6514231494034131e-10,96.73725341110092,0.0008735520928303051,77.14323469841025
5554800.0,234.3822793874149,1.0777544525644211e-10,96.7466123068166,0.0023221904235744737,77.18688312599214
5558400.0,216.1998841541361,1.7906403692030316e-10,96.73996214246671,0.0006413364340492238,77.23551089725456
5562000.0,218.6313196792396,1.630627959338135e-10,96.73760392053408,0.0010744635750331525,77.2697910497803
5565600.0,234.2246444096446,1.1499298264490671e-10,96.74384457002567,0.0024969093558259,77.31519401860042
5569200.0,212.41491525740636,2.0996766203517126e-10,96.7358783875011,0.0008673616144006,77.36202109502715
5572800.0,219.16106641383837,1.581266247910507e-10,96.73552180062566,0.001233455401913228,77.39742317725859
5576400.0,232.95408749679086,1.2106965192969875e-10,96.74174781333014,0.0025222689372557546,77.4474050085617
5580000.0,209.42413953778933,2.3461361330464965e-10,96.73301297641964,0.0010361103457348802,77.49101732231155
5583600.0,219.8012440142229,1.5349783436032692e-10,96.73816352954563,0.0013488912325531925,77.5265088789763
5587200.0,230.06876918520103,1.264994184463288e-10,96.74295312566827,0.002344259179223313,77.57656865106519
5590800.0,207.18330300394274,2.5497347376357935e-10,96.73517259083062,0.0010805308851702937,77.61645672051662
5594400.0,220.7858194903148,1.5263576519793042e-10,96.74256648564122,0.0015088962591418777,77.65333537678097
5598000.0,226.1034505763864,1.3499906255865513e-10,96.74313411218691,0.0020245266840655187,77.70394404629079
5601600.0,205.9278788431856,2.6112949771177136e-10,96.73629450365904,0.0009775945943511614,77.74143953644251
5605200.0,221.34585707866967,1.5522493400427267e-10,96.74378357398068,0.0016552501071168974,77.78059390312335
5608800.0,221.6157708694761,1.4803975247942726e-10,96.74028363579674,0.0016200567626753885,77.8319539289424
5612400.0,206.08320371207282,2.5207363012603475e-10,96.73294859628533,0.0007174393998405033,77.86778259832414
5616000.0,221.15075509863124,1.5455227081878964e-10,96.7403490384683,0.0016999106822646317,77.90961332828367
5619600.0,216.37917492328347,1.6678563492141846e-10,96.73432480094347,0.001081990028462806,77.95831006878025
5623200.0,207.48655144800153,2.3634744819472725e-10,96.73321950840769,0.00025506687052022364,77.99285034026431
5626800.0,219.40298269300212,1.5459724949145524e-10,96.74270636345449,0.0015928957624038401,78.03964918782184
5630400.0,211.1498626636819,1.9366261820257214e-10,96.73547350266139,0.0005474444930426382,78.0857869407014
5634000.0,209.77409069591425,2.0575489176151142e-10,96.73881085908354,0.0004003827614651288,78.11993610756784
5637600.0,216.15711852390953,1.6111157115267188e-10,96.74505381696859,0.0013363677076162859,78.17046808722971
5641200.0,206.65244137578227,2.2541031012721204e-10,96.73633977569882,0.00020276388573822217,78.21444994635301
5644800.0,212.44748292250014,1.7560983148701276e-10,96.74152152964218,0.0010505921945533196,78.24892061207592
5648400.0,211.70920245534572,1.8151242484766575e-10,96.74201909594993,0.0009699787454191287,78.29961114036485
5652000.0,203.20866710569095,2.518968008492041e-10,96.73383975007532,0.00043600830408859387,78.3395580329294
5655600.0,214.73414561090829,1.6952468519542166e-10,96.73941139641501,0.0016414162316831014,78.3778169597328
5659200.0,206.58870202963814,2.2363737183178305e-10,96.73802105133929,0.0006608672501985862,78.4308647433687
5662800.0,200.65147042415106,2.732228652898733e-10,96.73063972198169,0.0007368244531710241,78.46885835987577
5666400.0,216.32722796908797,1.744446854455744e-10,96.74041603491187,0.002170558605297673,78.51059741177134
5670000.0,200.8215462902709,2.8042564831934983e-10,96.73587145675431,0.000590762408932284,78.5611777716046
5673600.0,199.54090555658607,2.8176831325924725e-10,96.73416482077428,0.0009310716222014486,78.595593307297
5677200.0,217.05434975357306,1.7378632275805314e-10,96.74347566118684,0.002471308946909587,78.64079323381796
5680800.0,197.16876927087733,3.3032793764999923e-10,96.73626873412184,0.0008450413500049056,78.68773378601793
5684400.0,203.18983173935948,2.4996014621319195e-10,96.73806728126274,0.0010975930775970813,78.7216128813511
5688000.0,217.8411985525504,1.6724407663176318e-10,96.74396573698645,0.002464987068456998,78.770114571533
5691600.0,195.80883230288507,3.6417399510710263e-10,96.73434780454713,0.0010236790164666893,78.8142760731875
5695200.0,207.53930551944288,2.2240378420035102e-10,96.73751478708269,0.0013401252509536124,78.84893689594955
5698800.0,217.29890519242844,1.699489597531895e-10,96.7394286100553,0.0022427095177409446,78.90026450939632
5702400.0,195.0972518821919,3.7383575817378984e-10,96.72927038780608,0.0010304442450364017,78.94055700641765
5706000.0,210.9877137240006,2.042641927128706e-10,96.73691405533826,0.0015879352204462673,78.97711152322034
5709600.0,213.84677757159247,1.8771085712489015e-10,96.73564602114305,0.0017642470067824546,79.02868906180672
5713200.0,197.36378278604985,3.377114674094093e-10,96.73137380899793,0.000814222728208595,79.06563868329275
5716800.0,213.9661029744667,1.8350845960067172e-10,96.74114082527045,0.0016807375328001676,79.10748959178704
5720400.0,211.3756116134319,1.9752967108379134e-10,96.7372770677088,0.0012434554219978814,79.15827389008037
5724000.0,201.27420137532204,2.8705168932524157e-10,96.73517742052783,0.0004260654299565662,79.19289944659904
5727600.0,215.77574605647797,1.6888891481888544e-10,96.74362756841495,0.001660578265763923,79.23912852935108
5731200.0,207.67979029055715,2.189752508278896e-10,96.73635701748697,0.0006509899517164662,79.28752099115826
5734800.0,205.76868025294496,2.2776013240126986e-10,96.73545755735692,0.00026636202363753726,79.3195463987846
5738400.0,215.21274090315168,1.6735119557436847e-10,96.74124787161166,0.0014788570546956298,79.36750562401502
5742000.0,205.8088711574628,2.3282863299628665e-10,96.73101126431912,0.0001444792729380063,79.41360740457064
5745600.0,211.69497589480235,1.7982392267916004e-10,96.73403668888074,0.0008950858316315959,79.44908497945842
5749200.0,214.53656555519476,1.7104650072341498e-10,96.73718954907028,0.0012060868144015329,79.50147201756245
5752800.0,204.8573910762517,2.401479824449865e-10,96.72895695227979,0.00034189319193967483,79.54285691477948
5756400.0,217.50061387211207,1.586518732430682e-10,96.7372451867848,0.00151787380262457,79.57921764350496
5760000.0,211.77051966772154,1.8636469279205249e-10,96.73799788734526,0.000857227929356087,79.6310638001064
5763600.0,204.9375673767137,2.412155612352028e-10,96.7317519523079,0.000575351581223302,79.66807930617476
5767200.0,220.9466836399318,1.5132025078622484e-10,96.74090959788738,0.001972589057651577,79.70768497586522
5770800.0,209.77481230260366,1.9872412252677222e-10,96.73817962919244,0.000612931770418052,79.75811732524481
5774400.0,207.31775611370142,2.2591426441412862e-10,96.73354572938007,0.0007575135971155644,79.7926390979173
5778000.0,224.55135453962984,1.3753842644305865e-10,96.74191356797881,0.0022947822734693357,79.83687434952985
5781600.0,207.69852808495796,2.239788418340133e-10,96.73315426414234,0.0006544474232810489,79.88587136464562
5785200.0,211.03648136041625,2.0163817265742546e-10,96.73104579603647,0.0009567714008052781,79.91885724393191
5788800.0,225.68305951684673,1.3563331166201602e-10,96.73736092372351,0.0023904241027356524,79.96610319163089
5792400.0,206.15246918223673,2.559066013695151e-10,96.72894870693314,0.0007896409137898571,80.01176591805304
5796000.0,214.0312851108937,1.8493241850605322e-10,96.73275963106917,0.0010670673092128898,80.04470561766095
5799600.0,226.51971948580635,1.3895795226235502e-10,96.7383329044591,0.0022865807765371266,80.09492069046904
5803200.0,206.04832796622458,2.654445359485375e-10,96.73098637771447,0.0009254902344910307,80.13729609540064
5806800.0,218.33112244281313,1.6299956496259436e-10,96.73760241966932,0.0012828442868449996,80.17334311189043
5810400.0,226.2915225104688,1.4573556033363774e-10,96.7405787181293,0.0020461753671391545,80.22559412361801
5814000.0,207.19062030172498,2.5392320262342205e-10,96.73243978486083,0.0009457237345276068,80.26460031735775
5817600.0,221.2144027989924,1.4803639156773668e-10,96.7393014364211,0.0015021094030993663,80.30312912318051
5821200.0,224.73151589459977,1.504032375363902e-10,96.7381655791986,0.0017564332308417359,80.35427551811837
5824800.0,208.60072624913317,2.3907378310073204e-10,96.7294150424772,0.0008072265961390601,80.38923518908057
5828400.0,224.8674794848456,1.3418490880685168e-10,96.73884159748269,0.0016320164679241033,80.43117929909417
5832000.0,223.08453006099768,1.5207516838268667e-10,96.73256508932947,0.001264613849928599,80.48348852296029
5835600.0,213.02247572478794,2.0074115220431735e-10,96.72842608358268,0.0004093889731598938,80.51805580604392
5839200.0,227.39873638458823,1.2754876850009383e-10,96.73709630746548,0.0016112772215612578,80.56391527299871
5842800.0,221.4430071202211,1.544637358712498e-10,96.73125734344227,0.0007478090442846138,80.61178021101024
5846400.0,216.66696187953187,1.7169477109412803e-10,96.73258242881847,5.7416983174408925e-05,80.64466965260014
5850000.0,228.49280653107706,1.2417474600075685e-10,96.74005813351147,0.0016112645199631889,80.69218941632037
5853600.0,219.15903777516453,1.6031615860985022e-10,96.73234413427502,0.0003099784801422212,80.73703597584645
5857200.0,221.8642290134896,1.4858016407285588e-10,96.73545596778698,0.0005211623655500168,80.77012276319795
5860800.0,229.36847988670957,1.1756148474719422e-10,96.74128203020774,0.0014434403669700132,80.81970033213098
5864400.0,219.21360281593863,1.5945288011750427e-10,96.73125615946908,2.6181023369704442e-05,80.86181835513207
5868000.0,227.21238281513502,1.297993225032622e-10,96.73537119463643,0.0009945448439692588,80.89773037549443
5871600.0,229.3967961162804,1.1107035254609259e-10,96.7359858699369,0.0011781156512801429,80.947887853422
5875200.0,218.88126837977606,1.6329326183795622e-10,96.72679466698591,0.00032175504315885535,80.98632077008062
5878800.0,231.7459393138063,1.1060370686652628e-10,96.73312784390035,0.0015114245048671161,81.02435800199397
5882400.0,227.79736254197334,1.1272820948719849e-10,96.73458593409198,0.0009240990320013024,81.07503400480209
5886000.0,220.4999708044464,1.5814134241683114e-10,96.72773175873515,0.0005298918346508039,81.11122091626716
5889600.0,236.581160403333,9.58155494780201e-11,96.73805362572821,0.0019152498447550749,81.15161796699935
5893200.0,227.00947261467533,1.2037669801755652e-10,96.73591791584671,0.0006894231580700139,81.20248893018305
5896800.0,223.18853031220686,1.4717733023229067e-10,96.73156661502767,0.0006936934656642409,81.23833478890359
5900400.0,240.6859196196218,9.010759496739902e-11,96.74090354024536,0.0021963655253084877,81.28117984442274
5904000.0,224.9906123731906,1.3817177046272197e-10,96.73478704085052,0.0005767066133728885,81.33004964972794
5907600.0,226.04204782656106,1.356006769692658e-10,96.7317686430071,0.0008307437707799291,81.36437675423677
5911200.0,242.71332285734562,9.053079659200163e-11,96.73823181239696,0.002332752823865145,81.4085223147223
5914800.0,224.96369537727523,1.4487450517193613e-10,96.73101294010166,0.0006873536873981299,81.45599343595002
5918400.0,229.89029781916207,1.2118526238913692e-10,96.72925591626252,0.0009616674772480504,81.49111218653094
5922000.0,245.44828997238156,8.629111050751026e-11,96.7364354618586,0.002403557109095868,81.53946180783457
5925600.0,225.59335598883646,1.4513285884156883e-10,96.72809813470168,0.0008390251228955362,81.58447249919467
5929200.0,233.77803793355585,1.0809511087359237e-10,96.73149059377376,0.0010688335804132267,81.6188811485936
5932800.0,245.8015937927767,8.395050406247119e-11,96.73816593644446,0.0022942201373284134,81.6671823425191
5936400.0,225.98552244566332,1.4687310253750612e-10,96.73017221831181,0.0008798251939511047,81.70927979505892
5940000.0,236.8847910595647,1.0038670931897361e-10,96.73549323416805,0.0011628612731607222,81.74397309129988
5943600.0,246.93147378231964,7.934455082650541e-11,96.7390301543027,0.002151024427561674,81.79327390194851
5947200.0,227.52763342131468,1.430397629372662e-10,96.73108704571386,0.0009129264986416246,81.83349274879133
5950800.0,241.3264956064547,9.214220792691793e-11,96.73646904994281,0.0013553965777463835,81.86910199817017
5954400.0,247.97352926637586,7.648961893773635e-11,96.73700290668089,0.0019798884185306333,81.92001119360368
5958000.0,229.72656393151277,1.3338502251770544e-10,96.72690342768877,0.000915306202687764,81.9587484216527
5961600.0,244.26770190983842,8.681052804759599e-11,96.73310654059405,0.0015263190019033156,81.99510278269909
5965200.0,247.8989223408036,7.692495912026445e-11,96.73189396470757,0.0017785347122708708,82.04552063256692
5968800.0,231.45466723966447,1.244948350772021e-10,96.72634258002105,0.0008431071314795783,82.08223967221655
5972400.0,247.9437811078174,7.806977367498681e-11,96.73611912694852,0.0015989618268438522,82.1217889577954
5976000.0,248.4465265625818,7.637030861900792e-11,96.73402493114759,0.0015040552322742782,82.17193293970314
5979600.0,234.89002125879793,1.1141666386483667e-10,96.7301459690001,0.0007005808116419822,82.20679979095216
5983200.0,251.13606834622587,7.045405526177509e-11,96.73960794325168,0.0016346283638670272,82.24969532918784
5986800.0,249.1661490714399,7.569688868345575e-11,96.73525510492148,0.0012608710236046837,82.29964504354443
5990400.0,237.3725376953222,1.0174672000855991e-10,96.73181641736903,0.000541045644764162,82.33262141341021
5994000.0,253.45611626426512,6.579963745520026e-11,96.73825034827316,0.001711249433911555,82.375432146369
5997600.0,248.70968090396494,7.747880482356298e-11,96.73165710027172,0.0010159558641914329,82.42416669570457
6001200.0,241.56123194903768,8.717291820129487e-11,96.72825824901584,0.0002896100440488677,82.45714585259665
6004800.0,256.3059374768608,6.181309278586566e-11,96.73634530744856,0.0016959556814412006,82.50390126404348
6008400.0,249.49208627967474,7.680726250448722e-11,96.7283419157557,0.0007300757928735743,82.55220954258947
6012000.0,246.2801794276285,7.459446887715371e-11,96.72907069137442,8.616698934296988e-05,82.58478891577413
6015600.0,258.6489334066389,5.894763164453766e-11,96.7365715795653,0.00161629065197618,82.63230798248233
6019200.0,249.2109820941379,7.684661265750482e-11,96.72972253405142,0.00043160976513277377,82.6768772611856
6022800.0,249.97532544133676,6.78721469761192e-11,96.73251532559694,0.00032264570800628325,82.70934568864479
6026400.0,259.6036489576045,5.754356029098864e-11,96.73909017810465,0.0015094309301547516,82.75690025277909
6030000.0,250.7364495990836,7.347232375423102e-11,96.7309080076016,0.00024382039390887316,82.8000089787542
6033600.0,254.12822020426154,6.287955280831569e-11,96.73417481140372,0.0005310584539415112,82.83322925054772
6037200.0,261.6586030135363,5.355269017491079e-11,96.73894443856094,0.0014041882658460986,82.88132633120023
6040800.0,251.51168355181971,7.216844232835816e-11,96.72928592030836,9.224796390498712e-05,82.92415735826386
6044400.0,256.4537810296781,6.009159197284929e-11,96.73136888442758,0.0007775582847617083,82.95853587705949
6048000.0,260.4318561502189,5.302197892991712e-11,96.73410411068039,0.0013174928185266637,83.0070787728658
6051600.0,250.11513121855185,7.539354403328465e-11,96.72571669275682,0.00010161022689312542,83.04674933806349
6055200.0,257.3894909415105,5.667857284268472e-11,96.73110192852833,0.0009966154655954278,83.08242748243462
6058800.0,258.85033678162665,5.319909871629327e-11,96.73558511764767,0.001196962490904563,83.13233416636501
6062400.0,248.87719814085682,7.875295905830997e-11,96.72816250116797,0.00024053421823005077,83.17144758353216
6066000.0,258.49009408661027,5.214555172917231e-11,96.73589446130802,0.0012451317210235967,83.20761318334154
6069600.0,256.8442269640905,5.5292434743907196e-11,96.7378320794452,0.0010140198953029781,83.25862183592798
6073200.0,247.98723503236474,8.112970937313939e-11,96.73012089817406,0.0003678908594069781,83.29780588603666
6076800.0,259.51159606231323,4.9899118739726753e-11,96.73738775270353,0.0014780614723076547,83.33381939683485
6080400.0,254.81864274392623,5.93035244114996e-11,96.73553504477556,0.000843276796896978,83.38358354672519
6084000.0,247.34455199485137,8.253546030203357e-11,96.72853127095541,0.00047608009830928046,83.42107693474625
6087600.0,260.3073534160973,5.0367993624627533e-11,96.7342509669138,0.0016590911270549145,83.4592471920093
6091200.0,253.04052299227817,6.379198643466545e-11,96.73279068545841,0.0007464235301424765,83.51077754105818
6094800.0,246.49351511324647,8.433187864069032e-11,96.72531072506744,0.000595523578883527,83.54833772389685
6098400.0,261.3832567836751,5.142052851483411e-11,96.73452043479504,0.0018941015524262847,83.58762948050571
6102000.0,250.9900433965127,6.706911135959884e-11,96.7320392719327,0.0006589037890901264,83.6378971908532
6105600.0,245.93149003932928,8.537725985644849e-11,96.72786435087511,0.0006830910771784813,83.67271987556254
6109200.0,261.82336027872446,5.261689220930926e-11,96.73755574618144,0.002056280614573991,83.71304488150855
6112800.0,248.7784670180361,6.961253828078757e-11,96.73385064512684,0.0005680437788671115,83.76189648737636
6116400.0,245.9353181956611,8.502811901221129e-11,96.7303655908135,0.0007529513154406768,83.79577456759304
6120000.0,261.9550193614335,5.3111470613470126e-11,96.73884907080398,0.002178266816834948,83.83791083603242
6123600.0,246.3572959138328,7.40510111040639e-11,96.73298863560096,0.000534274106679965,83.88650825241356
6127200.0,246.36665234854746,8.347498358600198e-11,96.72897450773308,0.0008580095229600506,83.91999235987747
6130800.0,262.1302347075582,5.349008321725016e-11,96.73573884577253,0.0023085666817796754,83.96423070315561
6134400.0,244.21566725453076,8.114269847540212e-11,96.72761787096896,0.0006015159612796927,84.01161456906961
6138000.0,246.75674759147694,8.195647817828585e-11,96.72673814191553,0.0009301332470638654,84.04303753446685
6141600.0,261.7332695033059,5.547477540107467e-11,96.73436612630475,0.0023548753267198753,84.08934260268235
6145200.0,242.10786337933033,9.036878118746052e-11,96.72876575626127,0.0007060209991560675,84.13547294084685
6148800.0,247.13305385667826,8.051764142404155e-11,96.73033463037477,0.001038155882021628,84.1682772145314
6152400.0,261.31273742168855,5.849881796753353e-11,96.73845225807646,0.00240266937044103,84.21594223937583
6156000.0,239.9381557348852,9.911732115078957e-11,96.73071798945595,0.0008606447263823686,84.26106999463423
6159600.0,247.77867268868084,7.826020670974344e-11,96.73313789534747,0.0011656768998124796,84.29531956538287
6163200.0,260.53621654888775,6.212255090048299e-11,96.73921116668964,0.0024068549707674434,84.34370667088324
6166800.0,238.09419627075786,1.0518474010248528e-10,96.72890434146862,0.0009919337312974614,84.3852812593474
6170400.0,248.6082018778172,7.540817491074066e-11,96.73259232593965,0.001300972425403873,84.41960568576644
6174000.0,259.1411515776598,6.50695000614516e-11,96.73495973610486,0.0023182077738816416,84.46979138533173
6177600.0,236.97320888617716,1.091793248120433e-10,96.72575773733494,0.000998884923371941,84.51166842751279
6181200.0,249.1481377940699,7.400307486992639e-11,96.72995662247315,0.0013776564950862148,84.54802048010748
6184800.0,257.56464076201604,6.589551072455432e-11,96.73364104182059,0.0021991087225945423,84.59866391711118
6188400.0,236.1294765204676,1.1285920225744186e-10,96.72628085425893,0.0009895184893237556,84.6375367579231
6192000.0,249.66580244861305,7.415659013598104e-11,96.7336548299778,0.0014447780507044494,84.67431473333994
6195600.0,255.43656808599715,6.644502932226899e-11,96.73533497663462,0.002025996760929523,84.72423253504061
6199200.0,235.35932783169775,1.154948419220111e-10,96.72842665732362,0.0009699095916116464,84.76114907910991
6202800.0,250.36703707362565,7.516979019310162e-11,96.73669582538925,0.0015604872754661867,84.79903162581726
6206400.0,253.09159478050358,6.805602805732642e-11,96.73548936906306,0.001819792023876403,84.84850885066602
6210000.0,234.79135406056224,1.1547144499145551e-10,96.72798381150814,0.0009137983538595757,84.88539710721369
6213600.0,250.83691647960762,7.568617713049147e-11,96.73477039958722,0.0016776240924245027,84.92389209065557
6217200.0,250.86761965167915,7.067791628610256e-11,96.7315888663339,0.0016194979421822603,84.97425960032086
6220800.0,234.9959578647682,1.1242051272166965e-10,96.72425816144596,0.0007771108978871883,85.00991786623248
6224400.0,251.1513032718224,7.409882514234139e-11,96.73307910563706,0.0017372058571860972,85.04987961909063
6228000.0,248.12075720546557,7.512716048266166e-11,96.72852597846406,0.0013261350285201723,85.09889690643757
6231600.0,235.50401052807075,1.0906266329913859e-10,96.72678558119047,0.0005757512819373399,85.13351592354826
6235200.0,250.62790760962855,7.263095437561931e-11,96.73626888273594,0.0017138459255375124,85.17697118566207
6238800.0,245.48843780406716,8.070224560909645e-11,96.73114230371638,0.0010607569818830407,85.22549127751118
6242400.0,236.3713171561232,1.0334301939381055e-10,96.73032482579407,0.0003590679685278365,85.25917269435973
6246000.0,249.7820228972144,7.208302666314202e-11,96.73833931881408,0.0016687070986720906,85.30499986046924
6249600.0,242.91778533931435,8.77108395266429e-11,96.73131914473274,0.0007997289803081278,85.35242991341619
6253200.0,237.60813679532478,9.394029775730687e-11,96.72991060951063,0.00013574734097377198,85.3839323318076
6256800.0,248.76990290353166,7.272655768102007e-11,96.7362518520823,0.0015929763893939082,85.4300510423011
6260400.0,240.32186293632842,9.516146683042546e-11,96.7267483120429,0.0005150697164312049,85.47694197893668
6264000.0,239.34999492123572,8.50472523498393e-11,96.72751689912059,0.00034693828472606307,85.51095031644691
6267600.0,247.12455130397694,7.572871493666823e-11,96.73301277696031,0.001434632952733263,85.56098239411796
6271200.0,237.66630514713808,1.0225540941873697e-10,96.72486743429671,0.00021962129795732085,85.60487406787408
6274800.0,241.3268179057199,8.085411978198665e-11,96.73014420298024,0.0007251042688097729,85.63824457629067
6278400.0,245.0556749323332,7.9172456382769e-11,96.73487331403373,0.0012517105406038178,85.68832729543288
6282000.0,235.46464935092712,1.0785199504674921e-10,96.72709630469683,0.00014585508025841026,85.72892810732225
6285600.0,242.89404439037074,8.149005924496035e-11,96.73338146742103,0.001076164291396272,85.76342375797417
6289200.0,242.59809014667883,8.161969929788542e-11,96.73624332549066,0.0010306868739943268,85.8137049446689
6292800.0,233.9168398722337,1.127507121707272e-10,96.7275283212074,0.0003137900119408848,85.85214102391156
6296400.0,244.38140133995623,8.069802313239026e-11,96.7345595829223,0.0014161806361810136,85.88951741993722
6300000.0,239.5643275891668,8.45084943198271e-11,96.73266810140225,0.0007527393412014607,85.93986116822525
6303600.0,233.0482745294374,1.1614544714770882e-10,96.7243851370731,0.0004973321288466226,85.97676902205357
6307200.0,245.833231799282,7.671745837071176e-11,96.73088350092992,0.0017546042869409416,86.0159737940767
6310800.0,236.58569067704008,9.04517791013383e-11,96.72868221328585,0.0005634978613757966,86.06598440607897
6314400.0,232.2789299852032,1.1831475503229273e-10,96.72378291362567,0.000649248555308409,86.10009373399102
6318000.0,246.84121057577752,7.493378408043669e-11,96.73346995262924,0.0020448423764102717,86.14211366218554
6321600.0,233.17608724266168,1.041039814553877e-10,96.73030107784288,0.0004590278936344485,86.19177834395255
6325200.0,232.0295230188143,1.180583909503952e-10,96.72767429579015,0.0008336151528579288,86.22611789471566
6328800.0,247.3803105167142,7.715214919273053e-11,96.7373664409304,0.0022717325561239445,86.27042825712117
6332400.0,229.65677439194468,1.23532265378303e-10,96.73096082184509,0.0005797433782614397,86.31906812189386
6336000.0,232.36744929385557,1.1570877421828356e-10,96.72895820736042,0.0010099952932575511,86.35319261898063
6339600.0,247.40750615619945,8.131790074665123e-11,96.73650630107642,0.0024215182768381844,86.3979596709995
6343200.0,226.63016354102814,1.4036149117191797e-10,96.72707978160658,0.0007776309460194749,86.44352929500349
6346800.0,233.0953198056069,1.1170405076920565e-10,96.72796781865276,0.0011650350627565558,86.47798771336967
6350400.0,246.56821968665295,8.501770011012788e-11,96.73289040930422,0.0024456153997754336,86.52721277355992
6354000.0,224.20921549953917,1.5302634123899638e-10,96.72378222868211,0.0009255846314611498,86.57196195688142
6357600.0,233.63531002943233,1.087279316312593e-10,96.72695444540285,0.0012743941347158878,86.6069371707008
6361200.0,244.93235323863078,8.674552051921429e-11,96.73295952229603,0.0023747354282652624,86.65607764415822
6364800.0,222.20050604344664,1.653243971317879e-10,96.7255217218106,0.0010250640177526962,86.69738978579056
6368400.0,234.55550669386596,1.0718025472561776e-10,96.7313365777915,0.0014135988665864565,86.73284452634068
6372000.0,242.48588604375178,8.869195952832055e-11,96.73431799271043,0.002209510476093826,86.78269398608266
6375600.0,220.65317990849434,1.7504087122496732e-10,96.72684704139964,0.0010503992800203477,86.82134698459735
6379200.0,235.52124374808537,1.0817878875036695e-10,96.73422786530631,0.0015767005847617216,86.85844517962379
6382800.0,239.53807521462267,9.346453481254333e-11,96.73349930262779,0.0019694275817226615,86.90878602039545
6386400.0,219.69055560941726,1.7751314968401234e-10,96.72404057753924,0.0010069908753095114,86.94663243512541
6390000.0,236.16999018142346,1.0865204167858309e-10,96.73097238467015,0.001721773781042549,86.98489137404371
6393600.0,236.21429821093594,1.0108662005199449e-10,96.72767167926048,0.001652802643223046,87.03512272258065
6397200.0,219.9262725878988,1.724050543286654e-10,96.72150160985521,0.0007945755376292321,87.07092700222918
6400800.0,236.284983781939,1.063510497736501e-10,96.73203953907402,0.0017712806727004878,87.11218102560437
6404400.0,232.3829236370999,1.1126453900001613e-10,96.7270681938899,0.0012543012610001095,87.16136293118282
6408000.0,220.84242467692556,1.6407056683137466e-10,96.72595421146616,0.0004887105300214045,87.19556178486897
6411600.0,235.27369869617772,1.0526852808813026e-10,96.73528327462643,0.0017149984127982861,87.24095892325563
6415200.0,228.61172016237268,1.2414929285175642e-10,96.72893982055054,0.000875598401598528,87.28933771320028
6418800.0,222.3726901451802,1.4742470830241472e-10,96.72901079441905,0.00015874976849937557,87.32276450468147
6422400.0,233.50097626335207,1.0690892929275097e-10,96.73525624226208,0.0015763861042941759,87.36977771082807
6426000.0,225.09831706984522,1.3908782470967983e-10,96.72717234167014,0.0005119408740990043,87.41554704979198
6429600.0,224.384294252302,1.2746473672450014e-10,96.72690790139046,0.00040145748901865866,87.44775891737454
6433200.0,231.29582091112442,1.1144852053971373e-10,96.73314786401664,0.001388265833459517,87.49737538926024
6436800.0,221.74801717176487,1.5369459706402057e-10,96.72204976489631,0.00017349173743250672,87.54233552284148
6440400.0,227.0875424916973,1.1605063447188526e-10,96.72700326004498,0.0009369630154612806,87.57773756264541
6444000.0,228.00088160898636,1.221437597954352e-10,96.7295669716669,0.0010925977186826816,87.62936420323065
6447600.0,218.83981263680357,1.659616256661893e-10,96.72200022997673,0.0003078019167453672,87.6690614141899
6451200.0,229.2244449882829,1.1553109395036539e-10,96.7309384075599,0.0014319420098918483,87.70546118237657
6454800.0,224.10024907898995,1.3395787317679094e-10,96.73112137607613,0.0007758412351043151,87.75649371174713
6458400.0,217.1155263025343,1.744624787873191e-10,96.7249103495437,0.0005401951894049988,87.79323705978824
6462000.0,230.74190470972314,1.1518701564829298e-10,96.73354436816881,0.0018508231256463043,87.83231944863498
6465600.0,219.6822003401229,1.4892167094984678e-10,96.73114692042306,0.000491049612162144,87.88295662463626
6469200.0,216.50102178724867,1.7733593457394493e-10,96.72506419017375,0.0007457011383231349,87.91762839941795
6472800.0,231.59846454134296,1.1252261884797285e-10,96.73288043364414,0.0021961851705856986,87.96122056512895
6476400.0,214.98185232287346,1.7696659951574286e-10,96.72463357095941,0.0005079714192309802,88.01048955936456
6480000.0,216.71710198941352,1.7490762979126023e-10,96.72142861087437,0.0009492827984795471,88.04249492489012
6483600.0,231.32683965760003,1.1570436031877584e-10,96.72916060341595,0.0023782351344232857,88.08906350860177
6487200.0,210.90672318707516,2.1717410146566672e-10,96.72297633387458,0.0007286443235016839,88.13553294323862
6490800.0,217.33979108415843,1.7141195364178983e-10,96.72491858352024,0.0011498274987694875,88.16857095324876
6494400.0,229.88307041858434,1.2714339666695326e-10,96.7324211014761,0.002404628649352131,88.21773048953129
6498000.0,207.1584043666162,2.563455402838206e-10,96.72462741420061,0.0009766461400710165,88.26147461652606
6501600.0,218.2558014197103,1.661645539373938e-10,96.72963022613555,0.0013733737832584132,88.29721661233918
6505200.0,227.1041378281865,1.44784030992827e-10,96.73351674786976,0.00226686859851242,88.34877583279628
6508800.0,204.45058762595116,2.81083444166117e-10,96.72460000428464,0.0010976705670502323,88.38814441564118
6512400.0,219.2163968001599,1.5971322022332492e-10,96.72980084149211,0.001593293178958866,88.42513918642892
6516000.0,223.12326763974,1.6054396795147455e-10,96.72895080256913,0.001960905797976634,88.4766234880631
6519600.0,203.32744625969912,2.908689885019668e-10,96.72051549358576,0.0009601596064415675,88.51365112374471
6523200.0,219.57617639597112,1.5977043361716126e-10,96.72868305084347,0.0017245654125302488,88.55544834499527
6526800.0,218.02799551190452,1.7721444031983575e-10,96.72469426436179,0.0014791065560462377,88.60779090309045
6530400.0,203.92333966038285,2.776284217094309e-10,96.72077405596077,0.0005919305927869311,88.64217009657196
6534000.0,218.80296553529473,1.6668677738940242e-10,96.72987257908488,0.0017203477843094623,88.68693355067347
6537600.0,212.29199999718602,2.0134489966101467e-10,96.72457148842027,0.0009159755415909162,88.73518953390983
6541200.0,205.31064019485913,2.5381334490453445e-10,96.72467387524095,0.00011293962930064347,88.76815814281926
6544800.0,216.877900213884,1.7635270220311731e-10,96.73255551219049,0.001637950375899502,88.81526127215902
6548400.0,206.95520804925795,2.2870956551204305e-10,96.72437889333042,0.0003882427807823284,88.86049861740075
6552000.0,207.34540699079105,2.3839223246167265e-10,96.72722852703284,0.00047986815201226204,88.89422003517488
6555600.0,213.36066033723168,1.870691063585673e-10,96.73188143996457,0.0013771150335465446,88.94376617319838
6559200.0,202.63955539726555,2.5839639931202215e-10,96.72166332070499,9.236435431072578e-05,88.98652549369939
6562800.0,209.81926909022206,2.1691615675482518e-10,96.7254742832499,0.001125329066543284,89.02272391269942
6566400.0,208.5648732564229,2.0323802584052793e-10,96.72551881061138,0.0010217635439993997,89.0737804178991
6570000.0,199.24698416718428,2.883094841163036e-10,96.71781495373598,0.0004031319744717153,89.1106573273419
6573600.0,213.01965267625332,1.8544268916434805e-10,96.72593992306129,0.0017565149453931434,89.15067920259845
6577200.0,204.55020651172046,2.3106931293291068e-10,96.72534801156851,0.0006376532381877311,89.20191371452448
6580800.0,200.4966329069063,2.775774234471154e-10,96.720876440375,0.0006834433576142127,89.23704511006552
6584400.0,217.10007393912835,1.6873850234429757e-10,96.73108618559661,0.0022104404042944913,89.28059916105477
6588000.0,201.60260628126932,2.781697382928454e-10,96.72567897297944,0.0005921494527520912,89.3308289672258
6591600.0,203.47346216469413,2.530584489973667e-10,96.7239992135642,0.0009083884242860998,89.36561284585183
6595200.0,219.65955481392143,1.7000390776074345e-10,96.73225102534775,0.0024210366288320933,89.4121991025297
6598800.0,198.1806026120274,3.326734442973432e-10,96.72222797842579,0.0008355068667651628,89.45738899722028
6602400.0,206.8343283579407,2.2705446137284553e-10,96.72425368276666,0.0011748980555104321,89.49172802268689
6606000.0,218.95928146207314,1.8058657234530903e-10,96.72761044342656,0.002337766411834541,89.54220389384575
6609600.0,197.6954355402736,3.459803176180865e-10,96.71806178199523,0.0009692068588137502,89.58554099864448
6613200.0,210.88534076873663,2.013269924516856e-10,96.72238194305199,0.0013921474357637997,89.62262946931067
6616800.0,218.17936140412897,1.7810272692044114e-10,96.72532182148544,0.0020673752508600447,89.67461222689292
6620400.0,198.82613210165312,3.383170378666388e-10,96.71824975336204,0.0009217718836992384,89.71279156656682
6624000.0,214.72133074632035,1.860446085975125e-10,96.726827536676,0.0015703832408742627,89.75197159243396
6627600.0,214.78196058629322,1.872604399724011e-10,96.7257224533769,0.0015690216263655275,89.80286103489863
6631200.0,200.64461486927812,3.135786078554943e-10,96.72066098888585,0.0006472174055202549,89.83770655793542
6634800.0,216.74234893522487,1.8252992101687083e-10,96.73014073435182,0.001685291498093888,89.88004197948206
6638400.0,212.30560245686087,1.9592275440175506e-10,96.72453281280112,0.0010472901726522104,89.92900156760638
6642000.0,204.44116951150124,2.714235490943395e-10,96.72130779749115,0.00026694762405809883,89.96349414595973
6645600.0,218.7877266310933,1.710621865016682e-10,96.72794966579951,0.0017032688849891587,90.00827435638557
6649200.0,210.40084991930686,2.0400376072985192e-10,96.71974334124286,0.0005786739566977088,90.05579619049159
6652800.0,209.5726985491732,2.283856292798829e-10,96.71844283831241,0.00026109097779063623,90.09006543923381
6656400.0,218.356251472614,1.6433062781695707e-10,96.72489119262396,0.0015558565968606527,90.13798949420162
6660000.0,208.25528083664733,2.1933178324057414e-10,96.71614432563207,0.0001594824258609971,90.1807913433531
6663600.0,213.8863633987394,1.8559415164930783e-10,96.72224301665302,0.0008263298761941918,90.21641812935403
6667200.0,217.56770039218424,1.592017874388844e-10,96.72653933760914,0.0012406209485859353,90.2673998034171
6670800.0,208.05353324950482,2.2406097424771033e-10,96.71889514117088,0.00022521982997650308,90.30765951679395
6674400.0,219.47680019057395,1.4645410978722146e-10,96.72715969789907,0.001415524071634142,90.3453385928023
6678000.0,215.92698364071603,1.6730083316043506e-10,96.72685366396551,0.000847194499522683,90.39733969828197
6681600.0,209.27045345969563,2.1637814762677696e-10,96.71959588587912,0.0004976949171269812,90.43513104472015
6685200.0,223.10993182469994,1.3716508355208212e-10,96.72731845195003,0.0018565656572205444,90.47370851329676
6688800.0,213.58223176605318,1.9122481927379434e-10,96.72250570440838,0.0006012789478002328,90.52379685559008
6692400.0,210.5226382070611,2.0759722261441334e-10,96.71745017499714,0.0006353422340499821,90.55988708654728
6696000.0,226.90868845227786,1.3253375040409772e-10,96.72480241741232,0.0021592045332469428,90.60467924305655
6699600.0,212.05201673903468,2.095332994823938e-10,96.71790292352644,0.0005723103866597054,90.65431630304286
6703200.0,213.71201684696686,1.8805607604577437e-10,96.7167621313324,0.0007923807401486399,90.68903138963911
6706800.0,229.51394399630232,1.2546776542097639e-10,96.72569776040011,0.002303736828046557,90.73508188976406
6710400.0,211.1902932642429,2.203452234705041e-10,96.7187497287757,0.000706827739882826,90.78090501413571
6714000.0,216.62899687219416,1.7193048235432266e-10,96.72130428736871,0.0010069894173603195,90.81490784865606
6717600.0,229.96363317990878,1.2024475997402177e-10,96.72741249819397,0.002313061594630266,90.86333248451166
6721200.0,209.7345769407385,2.3883884985944813e-10,96.7193955767622,0.0008923778324815829,90.90556743114132
6724800.0,221.25721767430556,1.5459024894659915e-10,96.72454999338966,0.0012322814922232884,90.94066046948635
6728400.0,230.16806192784605,1.173934736021458e-10,96.72664688819118,0.0021190291999005875,90.99086409433504
6732000.0,210.6080110230535,2.362096117928794e-10,96.71579963397843,0.0009461734601474072,91.0312471454762
6735600.0,225.78759574497056,1.4172134747314644e-10,96.7217757736187,0.0014858891216386267,91.06742358335097
6739200.0,229.79080187413223,1.1960429862590207e-10,96.72068955721839,0.0018048374270767113,91.11824817259864
6742800.0,211.81777995219358,2.243831238636023e-10,96.71299023107647,0.0008287827627467181,91.15560747798625
6746400.0,229.13149089060812,1.2971490202942021e-10,96.72324977313188,0.0017071566720382797,91.19479601878574
6750000.0,227.4332274393517,1.2834144496054257e-10,96.72003687404444,0.001383382078338798,91.24515692782056
6753600.0,215.18600389574937,1.9935454984212794e-10,96.71715884232583,0.0006007218821989666,91.28019785687653
6757200.0,232.00780186070824,1.1697997294529035e-10,96.72687602076901,0.0017602693987468008,91.32385287876204
6760800.0,226.5978676644246,1.3213946679244248e-10,96.72176275548267,0.0010059376571780513,91.3735744035957
6764400.0,219.4412729302495,1.6843162760275015e-10,96.72012073793256,0.00028654145732484755,91.40722608125658
6768000.0,234.12939365412325,1.0805235602346207e-10,96.72715747008625,0.0017265319588764404,91.4527887545737
6771600.0,224.79975906293407,1.409943107056461e-10,96.7197996409547,0.0005811196271870842,91.49997161294525
6775200.0,223.669393064175,1.3673827590531328e-10,96.71792143336029,0.00019917724269907962,91.53184497943423
6778800.0,234.57763418265,1.0529564097204496e-10,96.72536188216154,0.0016042385194722445,91.58024656245803
6782400.0,224.4922781299658,1.4397702402843518e-10,96.71458934520322,0.0002046604139506124,91.62677502366708
6786000.0,229.31286617332674,1.1107971212302577e-10,96.71789853515064,0.0006852670703791347,91.6611718048844
6789600.0,235.3298237962712,1.0332380242022958e-10,96.72212764758457,0.001406441787502865,91.71199468401754
6793200.0,224.7719050908692,1.4275458643801777e-10,96.71425153221958,0.00013725741896154436,91.75332039000774
6796800.0,234.56209633655723,9.908189318375107e-11,96.72188200466671,0.0011223275646438419,91.78808755414403
6800400.0,234.3819517897181,1.0411735332795444e-10,96.72411406798328,0.001134922826106462,91.83867106100475
6804000.0,225.48806343876225,1.4045670674326187e-10,96.71683752208811,0.0002922585913894993,91.87710349720177
6807600.0,238.1102062540994,9.422279297549889e-11,96.72450954394427,0.001466497944195411,91.91374552792729
6811200.0,234.28468507080888,1.0022232902187821e-10,96.72463401936955,0.0008486531772349226,91.96460674141603
6814800.0,227.83145958149558,1.3305832479053728e-10,96.71657455835233,0.0004458990073745868,92.00089228850455
6818400.0,242.69772598089554,8.361550865605427e-11,96.72405463161368,0.001800353621683918,92.04125606860339
6822000.0,233.99205811966365,9.891685297447825e-11,96.71880500433367,0.0006021549279296216,92.09143866775426
6825600.0,230.88983288372984,1.2294305434679708e-10,96.7125881643611,0.0005745219255824077,92.12473454837044
6829200.0,245.43475626336487,7.788111595166072e-11,96.7209039127079,0.002011282198650826,92.1673581474197
6832800.0,233.4200657634393,1.0417150275666716e-10,96.71756264518999,0.0005087711810327231,92.21606578942485
6836400.0,232.8723165469665,1.1593208877180803e-10,96.71494941841232,0.0006546562559166045,92.24917325328755
6840000.0,248.87964506968734,7.404630221086174e-11,96.7249233400454,0.0021850468555145853,92.2939585156326
6843600.0,233.3406379293805,1.120311478209806e-10,96.71917060741157,0.0005443381984401774,92.34171073463999
6847200.0,236.72271888409762,1.0432469968958933e-10,96.71902256232774,0.0008169493771678853,92.37587495904774
6850800.0,251.89405998727557,7.257564127640015e-11,96.72713307504874,0.0022794605686416508,92.4227170387855
6854400.0,233.69065647967486,1.164412897840252e-10,96.71872668200403,0.0007049556832850378,92.46774858516972
6858000.0,239.57680397024978,9.586139604420427e-11,96.71909755475336,0.001025576713480322,92.50149515272368
6861600.0,253.68872512427885,7.196955392297784e-11,96.7239500067488,0.002355149586469557,92.54876309368433
6865200.0,233.57846156606374,1.1884598507947586e-10,96.7150396364844,0.0008642076545003647,92.59247172965469
6868800.0,243.70767496752478,8.548007560288627e-11,96.71696570370597,0.001156758803507799,92.6278832249594
6872400.0,255.72015789325934,6.800598573373894e-11,96.72159106928866,0.0022911845467819053,92.6781584500515
6876000.0,235.44131432734716,1.1468755337590276e-10,96.71303306747188,0.0009182991931122998,92.71969459096438
6879600.0,247.5853436603665,7.791452423252677e-11,96.7187148155084,0.0012384160510904249,92.75512713792625
6883200.0,257.22396744656595,6.321761362209143e-11,96.72305959007502,0.002162526446189781,92.80437367849605
6886800.0,236.19209489071145,1.1430212699107418e-10,96.715503222057,0.0009549585964118395,92.84361866320972
6890400.0,251.04737927350118,7.356948887010839e-11,96.72235943884685,0.0014278805462598794,92.8794343472207
6894000.0,257.2660014113008,6.107202543873746e-11,96.72398984176273,0.0020077881210479273,92.92885918936067
6897600.0,238.45014551860154,1.0812113024736296e-10,96.71665444520062,0.0009695563444343278,92.96703022621804
6901200.0,255.07287610655027,6.910682738912726e-11,96.72299825664301,0.0015787062032106326,93.0035656586455
6904800.0,258.8663550268157,5.833840603437438e-11,96.7221905160256,0.001884605329705116,93.05412076646256
6908400.0,241.1299689862138,9.959906743719572e-11,96.71278350323237,0.0009639412769804672,93.09153366455476
6912000.0,258.9695126383618,6.377261188049418e-11,96.71928856995453,0.001695930214236263,93.12848443796564
6915600.0,258.87770095079406,5.899096977015707e-11,96.71733513847825,0.0016422127188457248,93.17826091750533
6919200.0,243.6377846667442,9.200724034974866e-11,96.71216423389032,0.0008068206154595416,93.21430148976742
6922800.0,261.1238484420222,5.962880607617717e-11,96.72194237905873,0.0016923387804918602,93.25387097800973
6926400.0,258.92304679245103,6.01144099369702e-11,96.71971335474309,0.001404208691404966,93.30349808674312
6930000.0,244.92910874217566,8.831666275431278e-11,96.71586397873762,0.0006768064599920115,93.33812658911658
6933600.0,260.98695862980003,5.836772761324464e-11,96.72523451611767,0.0017296023020156367,93.38051141957378
6937200.0,257.0392939939293,6.410424787015432e-11,96.72122831185578,0.001246697755437903,93.43029695464715
6940800.0,245.10496819713885,8.696832234893778e-11,96.7173830384859,0.000574118570975605,93.46329366705555
6944400.0,260.7857297025557,5.79794124365904e-11,96.7238570393941,0.0017622333148297996,93.50528919526529
6948000.0,255.11517975046053,6.820629506425702e-11,96.71782188597581,0.0010736070165739352,93.55418373002328
6951600.0,245.64463272747605,8.34423490304426e-11,96.71365594914563,0.00038758207305341215,93.58719584723832
6955200.0,260.52040914542033,5.87676997881493e-11,96.72197738709924,0.0017722487732977858,93.63289120255955
6958800.0,252.85797314703333,7.253636155549773e-11,96.71458854397564,0.0008265535891533132,93.68176319762821
6962400.0,246.77317733487135,7.864822911229818e-11,96.71427169810809,0.00014494914179567772,93.71430881007579
6966000.0,259.7706305332469,6.046387640089172e-11,96.72226574792204,0.001718050838254578,93.7608283058903
6969600.0,250.60661916123755,7.603380080935803e-11,96.71589180082682,0.0005960530283097389,93.80620936665615
6973200.0,247.6482664605271,7.59424514279004e-11,96.71764229947523,8.480750311100546e-05,93.83848276561568
6976800.0,258.88306617857165,6.199945436692144e-11,96.72485863364548,0.0016697084760794682,93.88519075604111
6980400.0,248.68804127139404,7.873348538687362e-11,96.71696950813008,0.00040594573935849235,93.92920657003995
6984000.0,248.49432272444773,7.531338599106177e-11,96.71931582088052,0.00029308408805099243,93.9621351017011
6987600.0,257.6414865865056,6.259749556532925e-11,96.72477167551321,0.001570346946606859,94.00962201486713
6991200.0,247.18345039721927,8.149597508716815e-11,96.71523648525961,0.00026905944002765764,94.05331519980284
6994800.0,249.63658951790836,7.33879440768967e-11,96.71658734655817,0.0005326859701409267,94.08740177899806
6998400.0,256.2478707938844,6.212330920351443e-11,96.71989336095537,0.001460945258931914,94.13557269611738
7002000.0,245.52083727048822,8.572209482139139e-11,96.71141812009915,0.00010061192011164213,94.17591244086776
7005600.0,250.80191512731645,6.808168456209311e-11,96.71639211428422,0.0007955331670782625,94.21129572541058
7009200.0,254.42275122386965,6.230245863949906e-11,96.72126775076717,0.0013069599648103238,94.26110850309097
7012800.0,244.07442218856977,8.98776638708022e-11,96.71372740448565,8.796218732246171e-05,94.30055219889775
7016400.0,252.12040538622912,6.137251127101116e-11,96.72130628998875,0.0010870195260981646,94.33654692988891
7020000.0,252.07430615555558,6.480193323533558e-11,96.72340324466165,0.0010770635926996696,94.38757638058813
7023600.0,243.04512864060433,9.248306582033238e-11,96.71564115735526,0.00024134236523065265,94.42685633845657
7027200.0,253.35147871306444,5.796027042277585e-11,96.72293250108828,0.0013644687813473956,94.462922126685
7030800.0,249.63377959840693,7.001602476620039e-11,96.72096454139714,0.0008472619848061458,94.51273776714739
7034400.0,242.3474164919938,9.366190962596197e-11,96.71406187448864,0.00037824487023021495,94.55007900857849
7038000.0,254.31741090106146,5.84311730090573e-11,96.71987317338116,0.0015855781076405907,94.58852320398192
7041600.0,247.40142526910293,7.6241161967351e-11,96.71802950064846,0.0006894965957938769,94.6400196754312
7045200.0,241.53246823705527,9.50884462477065e-11,96.7107907839951,0.0005173447136922598,94.67726714044063
7048800.0,255.48623958503276,5.969066988364058e-11,96.72014519743587,0.001850950534131399,94.71717071939075
7052400.0,244.88485358537358,8.116396662808153e-11,96.71704032476461,0.0005462782791943748,94.76721343250414
7056000.0,241.0855565345902,9.568786362071067e-11,96.713462884649,0.0006266630385750959,94.80167088851773
7059600.0,255.92637352963325,6.078460514832701e-11,96.72316916101876,0.0020319437660949987,94.84286623572622
7063200.0,242.21285100553982,8.536898792688767e-11,96.71864953689077,0.0004428392729968276,94.89126223314508
7066800.0,241.28908388130114,9.460205165201233e-11,96.7161274732457,0.0007342935206233001,94.9247607448552
7070400.0,255.94106467082065,6.096787968818284e-11,96.72439882885419,0.002161150945196878,94.96800762711798
7074000.0,239.35816656752073,9.24776777934414e-11,96.7176321572574,0.00047435792552533553,95.01587024734322
7077600.0,241.9621487500771,9.242662386927018e-11,96.71484147903378,0.0008967333126947963,95.04899517102609
7081200.0,255.89807526097536,6.150547914638256e-11,96.72120775364041,0.0022839538353520393,95.09457703197846
7084800.0,236.89487953647318,1.0283580587734765e-10,96.71218122307017,0.0006150512276625681,95.1408285098702
7088400.0,242.66138818202674,9.066360137326341e-11,96.712803603942,0.001029315242855237,95.17224730546609
7092000.0,255.12170132241627,6.469576261701155e-11,96.71948055794394,0.0022972142813688376,95.21995831964735
7095600.0,234.5449989229512,1.147893470241597e-10,96.7131505453488,0.000768814598721855,95.26453744041468
7099200.0,243.26994650434523,8.917196235947184e-11,96.7165935416682,0.001179631045563626,95.29774907537272
7102800.0,254.21502409992598,6.980009384092725e-11,96.72325507245411,0.0023018487728724587,95.34692171015992
7106400.0,232.3350850374189,1.248524792516494e-10,96.71509619478144,0.0009454256623381562,95.38997348084436
7110000.0,244.10924448173463,8.640505156459446e-11,96.71960382113494,0.0013539657962520063,95.42511991822607
7113600.0,252.79780397011027,7.548232171581966e-11,96.72371744483146,0.0022460105542255744,95.47498236100596
7117200.0,230.61498508313773,1.3208343700970496e-10,96.71350019996461,0.00106281037508958,95.5140781194164
7120800.0,245.08369517368658,8.328590217810242e-11,96.71900659732742,0.0015384750981570505,95.54968838754262
7124400.0,250.69515069212116,7.952328399493403e-11,96.71904053976408,0.002088153074091814,95.60110585856577
7128000.0,229.74077080669844,1.3706690391816172e-10,96.71012706857191,0.0010180886469420053,95.64028341352599
7131600.0,245.5772333781878,8.305994325924242e-11,96.71660595936945,0.0016327232334616907,95.67885877412267
7135200.0,248.30262745181284,8.133778978916785e-11,96.71720985935724,0.001872422666222319,95.73009553001725
7138800.0,229.45963198712,1.388714363123114e-10,96.71130796065113,0.0009181794782341711,95.7660967216644
7142400.0,245.89826227312716,8.50205628536564e-11,96.72014791444657,0.001702277398523383,95.80574972257315
7146000.0,245.38282863381778,8.420756533965504e-11,96.71848331730295,0.0016083302147894168,95.85554576012402
7149600.0,229.3424710310503,1.3711231372933113e-10,96.7137381647928,0.0008022284033441347,95.88974758686443
7153200.0,246.12608799701388,8.732741620984532e-11,96.72301104948183,0.0017928499837189735,95.93103568496849
7156800.0,242.39464937026713,8.864170589228566e-11,96.718303401596,0.0013317176885926877,95.97958168855519
7160400.0,229.60577658147014,1.3298923427224609e-10,96.71387877971779,0.0006246203876203112,96.01409459065766
7164000.0,245.83053337329517,8.82015890190334e-11,96.72088144465077,0.0018262827703443643,96.05644514653511
7167600.0,239.60129194462857,9.414404042496568e-11,96.71433006621321,0.0010730591504586678,96.10495593636232
7171200.0,230.6707556998677,1.271727031900422e-10,96.71046235813566,0.0003498243874415989,96.13895177925545
7174800.0,245.1702849429656,8.684979792604292e-11,96.71856252997814,0.001793297104153611,96.18335655393463
7178400.0,236.53535334515013,1.025030353074131e-10,96.71102998627556,0.0007396188492230328,96.229124530375
7182000.0,232.17187765571322,1.1759795150212197e-10,96.71347853705998,1.6949324921128123e-05,96.2630492933032
7185600.0,243.46866925967387,8.67934068403754e-11,96.72114197484896,0.0016525297166781452,96.31084742283126
7189200.0,233.72362214524895,1.1266120014975893e-10,96.71356364976937,0.00043186386632616233,96.35526123788635
7192800.0,233.85172429375467,1.028224044543397e-10,96.71767959138339,0.00037836706234922404,96.38935611246346
7196400.0,241.15469190713827,8.881953155130097e-11,96.72258224829291,0.0014394162776668088,96.43904071747689
7200000.0,231.38516622002973,1.2175242796183683e-10,96.71385538609923,0.0001858613621364928,96.48191278948381
7203600.0,235.76688842233636,9.050270773467409e-11,96.71755949597679,0.0008008769250876463,96.51490945050843
7207200.0,238.54081061689467,9.408625157212323e-11,96.71961674238858,0.0011931214761743622,96.56445735289218
7210800.0,229.41180712908601,1.2820696638793495e-10,96.7099293453613,0.000145763499941935,96.60584018087499
7214400.0,237.8121553992467,8.640655005498704e-11,96.7155196483266,0.0012138366645183393,96.64306375576872
7218000.0,235.41798438677156,1.0355921538460634e-10,96.7156245935106,0.0009106594066716162,96.69514675007464
7221600.0,227.61158184061577,1.3374656315484944e-10,96.70850451573828,0.00037832097745388164,96.73359555243796
7225200.0,239.57203316020158,8.760246875423244e-11,96.71769791487249,0.0016137516974293817,96.77134152165091
7228800.0,231.90569596454367,1.1273573096877962e-10,96.71666497506196,0.0006256944983676353,96.82214142606746
7232400.0,226.69824218580771,1.3656969190899132e-10,96.71153587642864,0.00055396832745332,96.85762031405817
7236000.0,240.55689058912367,8.849916721627196e-11,96.72075220364626,0.001922944370718025,96.89781448923638
7239600.0,228.13472757683826,1.2227683442868378e-10,96.71734822852167,0.0004047040209452538,96.94712620823941
7243200.0,226.6240260596946,1.360705179174381e-10,96.71326012422637,0.0007273561120025193,96.98102661908226
7246800.0,240.9388326576247,8.758822832376746e-11,96.72143054995108,0.002161807485991429,97.02484701682125
7250400.0,224.08584899070595,1.3939183933283706e-10,96.71291916632043,0.0004679342480756146,97.07327385218223
7254000.0,227.28100844593135,1.328746075597906e-10,96.71043584647518,0.0009567717775824977,97.10600206865233
7257600.0,240.77201290784657,8.903063920733054e-11,96.71690718718573,0.0023172134732219666,97.1521334790492
7261200.0,220.7785765573307,1.6283784730939107e-10,96.70896319400882,0.0006847671697896225,97.19803090829893
7264800.0,228.12385491508124,1.3025150853981407e-10,96.71148369377924,0.0011469393865899118,97.2303235442552
7268400.0,239.53759064139484,9.617563960057109e-11,96.71806535671837,0.0023266366158374375,97.27917304580698
7272000.0,217.59777722796693,1.8771974526333608e-10,96.71084593804531,0.0009164820713972611,97.3227335050289
7275600.0,228.9696008437806,1.2757736477890314e-10,96.71586430038022,0.001363768376783709,97.35738805219486
7279200.0,237.544469651848,1.0755219954794239e-10,96.72073607062542,0.0022509631380521773,97.40844645002835
7282800.0,215.0822452065191,2.057339699165647e-10,96.71195161744862,0.0010775745708674548,97.44929402230227
7286400.0,229.93381243829884,1.2313297001336369e-10,96.71746670016802,0.0015842671654385542,97.48577819533597
7290000.0,234.77611275204626,1.1801148692003813e-10,96.71872344530074,0.002068442387085827,97.53632368341556
7293600.0,213.68291785885555,2.1690293136101084e-10,96.70855006163983,0.0010782209706547488,97.57318132363115
7297200.0,230.7660513517411,1.2057797578798286e-10,96.71701386516581,0.0017675035937219808,97.6123265459304
7300800.0,231.01242588236767,1.2672110821207939e-10,96.71342870987579,0.0017296298349242102,97.6650765305661
7304400.0,213.67499067597706,2.1692632453665585e-10,96.70671292350822,0.0008462851330984832,97.70108388021936
7308000.0,230.65533236840483,1.2416750377593303e-10,96.71552091136468,0.0018084777475884666,97.74367683230436
7311600.0,226.67525690167034,1.3800237715386566e-10,96.7120501523021,0.0013056992706258447,97.79331757718995
7315200.0,214.43412571422348,2.047284230067415e-10,96.71026500737042,0.000540939573307092,97.82674789104982
7318800.0,229.95519057681696,1.2948635798532865e-10,96.71895964241055,0.0018128812337195061,97.87131632584347
7322400.0,222.29634971834014,1.5221169720379683e-10,96.71267586119103,0.0008793858863757885,97.91869160263653
7326000.0,215.78615342072982,1.9122579123356218e-10,96.71281296590418,0.00014255414253475687,97.9512862750771
7329600.0,228.29656839458193,1.3437845434731177e-10,96.72063043045628,0.001718591149137089,97.99847511772765
7333200.0,218.30690457470808,1.6802974588518395e-10,96.71124242215721,0.0004934472860318032,98.04346154485768
7336800.0,217.7257165549537,1.796858911821221e-10,96.71244184971249,0.0003373891030837231,98.07800438869843
7340400.0,225.42441681004564,1.3835638415902052e-10,96.71575702455148,0.0014734158637039708,98.12656640796445
7344000.0,214.9071931619045,1.8592891984465054e-10,96.70622181395723,0.00015148079447627842,98.1680035212116
7347600.0,220.0826349608147,1.5837591949649138e-10,96.71039936369701,0.0008862161193621165,98.20412334007833
7351200.0,221.69755919208066,1.445624180654006e-10,96.71433844627515,0.0011614073154331518,98.25457893645559
7354800.0,212.13175707988887,2.022639947673712e-10,96.70611586144483,0.0002185712272911087,98.29285359759562
7358400.0,222.3112688405168,1.3751458211543145e-10,96.71561660991934,0.0014436156552624744,98.33122375609076
7362000.0,216.6777781298713,1.6487605195402207e-10,96.71541247528627,0.0007055613543159451,98.38274299811975
7365600.0,210.5130069545355,2.0981335982395428e-10,96.70949991211181,0.0005091018274789824,98.41988981661933
7369200.0,223.76949199170608,1.3489899032273663e-10,96.71873988300422,0.0019056829828156211,98.46119346325496
7372800.0,211.1901881811337,2.0625025916091208e-10,96.71368148367081,0.00037720195772967093,98.51119019279858
7376400.0,210.04267510728042,2.1015517449905768e-10,96.70959326480414,0.0007751456778656975,98.54605649906313
7380000.0,224.06804932812864,1.4445320494382026e-10,96.71622081983259,0.002204313839408418,98.58950553827513
7383600.0,206.16063134664893,2.545684630065568e-10,96.70921793516855,0.0005233217201615773,98.63775130904465
7387200.0,210.32850299521778,2.0636243259774933e-10,96.70710081153099,0.0010135380753064404,98.67310190644457
7390800.0,223.0391152173387,1.5264273390543533e-10,96.7141793956911,0.0023325602041439075,98.72198382386702
7394400.0,201.7963146183343,2.9958022212215286e-10,96.7055135653221,0.0007939672353512501,98.76690974929018
7398000.0,210.9301540375651,2.0245382508533708e-10,96.70963934327456,0.0012352072264301813,98.8019014109091
7401600.0,219.95760075253145,1.592491726844615e-10,96.7152153886678,0.002209331806398385,98.85151717325016
7405200.0,198.31615537931367,3.450881483604446e-10,96.70716712891809,0.0009404900576036043,98.89221927742109
7408800.0,213.311566791916,1.9596563380141655e-10,96.71408941667981,0.0015053208285978178,98.92862383648117
7412400.0,217.4404448272696,1.6480953223010917e-10,96.71506158504361,0.001896253529867346,98.9791821225654
7416000.0,199.40706330797227,3.3563187836047794e-10,96.70798443748795,0.0009191354174119232,99.01688545939396
7419600.0,217.21556626141117,1.8457592649531023e-10,96.71536033688182,0.0017644631809082341,99.05578230648291
7423200.0,215.7971933258382,1.730450435197611e-10,96.71189441187559,0.0015129249169451991,99.10705502337647
7426800.0,202.2637360988367,3.013795689896048e-10,96.70443351599644,0.0007034628929965431,99.14280861415915
7430400.0,220.25612503491712,1.6995280803228265e-10,96.71171357991854,0.0018848489653588497,99.18450967144628
7434000.0,212.36620439726914,1.9250241459918122e-10,96.70558245829416,0.0009584940963514474,99.23298938028833
7437600.0,205.89535789264278,2.632553644320399e-10,96.70443453149775,0.00021699557557887446,99.2673774522973
7441200.0,220.434519356176,1.6224315386863883e-10,96.71379997809356,0.0017844936761974273,99.31407800643207
7444800.0,210.50742233442045,2.07143761999714e-10,96.70647030879378,0.00048259196445820356,99.35985362380511
7448400.0,211.0969866837324,2.0568181316848786e-10,96.70985717563265,0.0003327616861088188,99.39383820253332
7452000.0,220.52979540262697,1.5487148821887862e-10,96.71595512390265,0.0015626613886922886,99.44412236809316
7455600.0,209.7477388452677,2.1594449300356467e-10,96.70726701436509,0.0001111708092870567,99.4877819794697
7459200.0,216.66647986135328,1.5624619193520614e-10,96.71235268989871,0.0009057962151542251,99.52202010918725
7462800.0,218.35723760745236,1.6205704446720498e-10,96.71291471405333,0.0011811551367867338,99.5722974178058
7466400.0,209.52670304622876,2.167583943957192e-10,96.70469100587906,0.00016860164693270263,99.6121215992854
7470000.0,220.68634404924245,1.398159777777548e-10,96.70994962533439,0.001390982879367015,99.64970023749457
7473600.0,217.04751989850143,1.7334056700838318e-10,96.70903496150463,0.0008269465362185567,99.70228340568535
7477200.0,210.8023512846004,2.073238449590858e-10,96.70122430276146,0.00043748372204002636,99.74040432016018
7480800.0,225.69321243545477,1.2999729314131954e-10,96.71071210474442,0.0018697532582477665,99.78094777469072
7484400.0,215.39763347347872,1.8427284799741836e-10,96.7069737225532,0.0005428180655474524,99.83148624681671
7488000.0,213.35910491209384,1.9186576218428144e-10,96.70418951701461,0.0006229361926059512,99.86590159538964
7491600.0,227.86127367816,1.2521004943099405e-10,96.7138018199786,0.002105248548739061,99.9091850090074
7495200.0,213.2098595482104,1.9780915924641535e-10,96.70761837114966,0.00048278752778880705,99.95691507465418
7498800.0,215.97386027996438,1.7738146823259534e-10,96.70748252596195,0.0007588512973410815,99.99031432195726
7502400.0,230.02660608715001,1.1588723486126744e-10,96.71464016737781,0.002199078333925364,100.03668632677814
7506000.0,212.0395426567553,2.1398905794761275e-10,96.70583965260387,0.0006499856514331534,100.08245952147064
7509600.0,220.65038455203316,1.580551701307202e-10,96.70661254121099,0.0010636435905496376,100.1158949409002
7513200.0,231.4630136382957,1.1173166880991694e-10,96.71074029593512,0.002175164602018683,100.16521648223248
7516800.0,212.14323056074733,2.234285679751052e-10,96.70031682930228,0.0008283113223781446,100.20783796081487
7520400.0,224.06823174258744,1.4831358885485707e-10,96.7054431188094,0.0013530096239458302,100.24137947667388
7524000.0,231.0792296919563,1.1714565702195862e-10,96.70774401190482,0.0020243754180717,100.29221652340343
7527600.0,212.09625412174418,2.265572521374768e-10,96.70148000011748,0.0009170130164841722,100.33177787203975
7531200.0,228.21211222471715,1.336054531852091e-10,96.70968902516015,0.0015574954459792066,100.36904595757113
7534800.0,230.79651447027868,1.224609845838182e-10,96.71016166371264,0.0017424542622430435,100.42055891270628
7538400.0,214.3253460789719,2.1232446174891987e-10,96.70406093206981,0.0008602359490208465,100.45745822170007
7542000.0,231.9588140683011,1.19377767591488e-10,96.71269078173735,0.0017233488175311886,100.49841151330692
7545600.0,230.26631129149786,1.252176929604822e-10,96.70960679589294,0.001415742340254497,100.54907071605889
7549200.0,216.37337640149124,1.974135336339697e-10,96.70347014773553,0.0006868888600716189,100.58216247906198
7552800.0,234.50591180782038,1.1137275312590469e-10,96.71128488977726,0.0018841751678385973,100.6243745008173
7556400.0,228.20003409307068,1.3231885076419837e-10,96.70408080053446,0.0010467642795249938,100.67486131200955
7560000.0,220.89469178058377,1.6437194628708748e-10,96.7006211271472,0.00031895100477699525,100.70888091598523
7563600.0,236.78760265412095,1.059993680677381e-10,96.70848107266204,0.001841863638359009,100.75616519725097
7567200.0,227.59254656604384,1.3454285475867268e-10,96.70147661304419,0.0006434949294441836,100.8034902994049
7570800.0,225.965519865678,1.3466651722330352e-10,96.70340818676787,0.00012963895786824325,100.83597597349011
7574400.0,238.34099896251672,1.0231963621863421e-10,96.71062574938344,0.0017255478422722966,100.88434533657447
7578000.0,226.24989004873967,1.384335143029383e-10,96.70291029152189,0.00027900602780283213,100.92794183945752
7581600.0,230.28841637426834,1.1927382583704572e-10,96.70677272917341,0.000565809509261237,100.96089679066289
7585200.0,238.07788302660035,1.008721363737934e-10,96.71210383399062,0.001518460812207575,101.01029176713118
7588800.0,227.02597734302458,1.3570388589816485e-10,96.70276559224305,0.00013938608856177022,101.05120118365929
7592400.0,235.20118515049046,1.0558220406753288e-10,96.70811734612472,0.0009362865408690389,101.08670489825238
7596000.0,238.41302205968145,9.500798373624649e-11,96.70868401682782,0.0012482584337142923,101.13648717186362
7599600.0,228.81077522685632,1.3070724729463881e-10,96.69943892570542,0.000173444767931162,101.17565494583718
7603200.0,240.17442845576187,8.906842465763161e-11,96.70465061408741,0.0013079189638977818,101.21282059977221
7606800.0,237.44364390327158,9.294014950971171e-11,96.7045873914072,0.0009716810215643609,101.26297482508326
7610400.0,230.2527979674912,1.2617696576144953e-10,96.69806398133592,0.00027017975184830313,101.29857020218472
7614000.0,243.51211469171764,7.837184635376995e-11,96.7074060739431,0.0016145234140246423,101.33840220037887
7617600.0,237.2143270659468,9.34796041253572e-11,96.70613821928065,0.0006612262312341548,101.38872252414176
7621200.0,232.98858926231327,1.1669848299241887e-10,96.70165920214228,0.00045356959512154126,101.4240394254286
7624800.0,247.71981148667336,7.172840431776711e-11,96.71140780089935,0.0018910312997231981,101.46588621526281
7628400.0,236.98137406161655,9.895508350909248e-11,96.70678968638103,0.00043494613592855104,101.51572069583766
7632000.0,236.38374335778397,1.0593433711894524e-10,96.70270306311585,0.000623790864635479,101.55039136623924
7635600.0,250.20915009456627,7.1043128166499e-11,96.71075929759974,0.002048864701039065,101.5923610145992
7639200.0,236.6219688861034,1.0486723227104871e-10,96.70305418511231,0.0004047736961717339,101.63967392017473
7642800.0,238.92809900921492,9.8181049434339e-11,96.70110246752995,0.0007155377967611476,101.67410443948651
7646400.0,253.39623845033097,6.789601808311758e-11,96.70746560251283,0.0021481982666567436,101.72051788038775
7650000.0,237.3349739837606,1.0455518829827307e-10,96.69951684786749,0.0005127712444605943,101.76765917882402
7653600.0,242.57039744894442,8.865229823768268e-11,96.69978939655319,0.0008410019078845051,101.80180072730252
7657200.0,256.17298261227353,6.29691754862142e-11,96.7080039116068,0.0021984350762891164,101.84800115767862
7660800.0,238.43223186955538,1.0248510656991739e-10,96.70103982508469,0.0006427297256156247,101.89245053170872
7664400.0,245.31573401206845,8.274562424011567e-11,96.70365556772272,0.0010160947646471277,101.92597452118753
7668000.0,257.7268304051818,5.891797774790876e-11,96.709908724207,0.0022469542020075533,101.97327204968974
7671600.0,238.36503494394353,1.0499779022412199e-10,96.70218704138257,0.0008209605734443436,102.01561269340168
7675200.0,249.57141182014672,7.611744649708162e-11,96.70603869861905,0.0011798382251516396,102.04946249413209
7678800.0,259.7996689902904,5.532146158754187e-11,96.70970138113887,0.0022035113126750473,102.09809645239478
7682400.0,239.86827905802042,1.0324441369589462e-10,96.69868125866813,0.0009304075876726255,102.13993663254041
7686000.0,253.8546113169637,7.079832537240425e-11,96.70265075032388,0.0013721429074044697,102.17362547027976
7689600.0,261.82685196428645,5.378961815173167e-11,96.70457890691628,0.002120652167418761,102.22304360676955
7693200.0,240.83083972689846,1.0156227066513688e-10,96.69568435725846,0.0009756262931778287,102.26291487909195
7696800.0,255.8411881015319,6.848897765424899e-11,96.70343674449173,0.0015538724026343304,102.29757872693335
7700400.0,260.1388635594802,5.842934095049336e-11,96.70505881948215,0.001989033490517338,102.34778138068256
7704000.0,239.90297665125752,1.0413517456622522e-10,96.69883601928915,0.0010061298382797947,102.38606696226461
7707600.0,256.18452060440296,6.722780356781424e-11,96.70700283522227,0.001651042761009323,102.4234042337739
7711200.0,258.4374059235872,6.334233770130012e-11,96.70774345226708,0.001871643734393231,102.47458290513329
7714800.0,239.1790710725564,1.0659942730539092e-10,96.70069146950385,0.001016268522587047,102.51137099745156
7718400.0,256.5056997101874,6.568584326799715e-11,96.70774509953277,0.0017559515043870308,102.54996645392505
7722000.0,256.6232910673636,6.720291112162628e-11,96.70623684131418,0.0017331727288360072,102.59992170115885
7725600.0,238.9029061195958,1.0803044152903095e-10,96.69765015577354,0.0009532735828702647,102.63422033917375
7729200.0,256.84033085667886,6.52482639669277e-11,96.70666145569915,0.0018484845394735876,102.67468702209436
7732800.0,254.34573418284361,7.050796779394542e-11,96.7015513064566,0.001514678564981394,102.7262815003091
7736400.0,239.38774158253779,1.0605162845843051e-10,96.69599123080481,0.0007579029786917975,102.76100842367184
7740000.0,256.61366317356254,6.700692443090138e-11,96.70467386412906,0.0018424698717174526,102.80385955677097
7743600.0,251.87750602753337,7.37691161775143e-11,96.70094784870285,0.0012631445660781144,102.85250120029414
7747200.0,239.93406385599087,1.0200784937073925e-10,96.6992325872436,0.0005843224159538251,102.88548937742931
7750800.0,256.29980533146755,6.902906434594202e-11,96.70787066282227,0.0018527293806939154,102.9289765560399
7754400.0,249.5022956369305,7.694268699555588e-11,96.7023220777591,0.0010407803284236935,102.97623990832697
7758000.0,240.51804733461256,9.826730348617148e-11,96.70125968379942,0.00039964294310559353,103.00858555051103
7761600.0,255.7157480442352,7.038101825962904e-11,96.70968665346021,0.0018418278105561726,103.05347871821547
7765200.0,247.34297389769083,8.02991871579771e-11,96.70165425328982,0.0008498722162780386,103.09964059796148
7768800.0,241.351360998067,9.523115923919593e-11,96.70000741321014,0.00018799245427324388,103.13332493520868
7772400.0,254.7394696603373,7.04260665536825e-11,96.70548010366124,0.0017671443361927364,103.17866917962532
7776000.0,245.33064030538847,8.467508484673106e-11,96.69697480088244,0.00064710939807327,103.22307122898184
7779600.0,242.6144079012371,8.992949067136257e-11,96.69738605328229,9.705759909488518e-05,103.25706042283196
7783200.0,253.4454580000886,6.979735384074167e-11,96.70509323284674,0.001670324605296277,103.30443184652212
7786800.0,243.1323760396259,9.083302065816453e-11,96.6965681099483,0.0004038523427859806,103.34705697133415
7790400.0,244.00523032887506,8.070618307856485e-11,96.7019522859231,0.00040574482245195613,103.38126238424361
7794000.0,251.37676143833963,7.060394826706401e-11,96.70737842423294,0.0014694520127538145,103.43074620023805
7797600.0,241.4205087422003,9.614152401756908e-11,96.69926234505321,0.00020113159805457977,103.47303509242508
7801200.0,245.49392988032514,7.117860647935331e-11,96.70474188603609,0.0007305820341905169,103.50769853880685
7804800.0,248.9706404842984,7.349187327082609e-11,96.70687407476863,0.001223246014676116,103.55745415266028
7808400.0,240.05610858413888,9.953499173072895e-11,96.69862606052824,0.00011868867535293698,103.59765725387895
7812000.0,246.93276264787048,6.668216573884895e-11,96.7024146952544,0.0010428305600711034,103.63197329642621
7815600.0,246.64983262444784,7.849448692286272e-11,96.70433307726971,0.0010060900118853805,103.68258199438368
7819200.0,238.73709762952944,1.0201606586369471e-10,96.69416476079718,0.00022517071962657417,103.7228205757651
7822800.0,248.6556282558219,6.629293894198036e-11,96.70174368011294,0.001387816049307615,103.76078929269468
7826400.0,243.90510779955355,8.483815492580454e-11,96.70076584862846,0.0007548622939464013,103.81189009762811
7830000.0,237.60415364665934,1.0418473626326696e-10,96.69489036749559,0.00040804957849036597,103.84842675009895
7833600.0,249.77523210870055,6.797641883381169e-11,96.70480959317048,0.00167291121171084,103.88692781855393
7837200.0,240.96266959645035,8.921894290083258e-11,96.70254876217584,0.0005029621305122851,103.93680524849441
7840800.0,237.21646527139288,1.047851765426436e-10,96.69806037120756,0.0005584170996490697,103.97153183791173
7844400.0,250.45709939900811,6.810408925083354e-11,96.70684901113653,0.0019058774789837188,104.01204575248124
7848000.0,237.8390508894014,9.397848748308222e-11,96.70303959298148,0.00031655931227900577,104.06120165428062
7851600.0,237.40197675765796,1.037149929724934e-10,96.69826293571639,0.0007272016597404662,104.09479740762931
7855200.0,250.91003088045557,6.718835775157098e-11,96.70581572986848,0.0021207811873166517,104.13875791834458
7858800.0,234.582684364446,1.0350258885189028e-10,96.6971878207882,0.00039936891588777343,104.18688617389039
7862400.0,237.94096764266232,1.0180464526726876e-10,96.69437068172483,0.0009187492015048823,104.21844002019263
7866000.0,250.8107780843466,6.858951056054515e-11,96.70193220061576,0.002245168782652057,104.2643328446005
7869600.0,231.83471009316202,1.1718731873813064e-10,96.69604193857964,0.0005921658245472933,104.31039339062782
7873200.0,238.51161669855378,1.0032406670726273e-10,96.6972234724904,0.0010952500420727635,104.3429046094981
7876800.0,250.25458483618124,7.307611920709098e-11,96.70533113584202,0.0023147727616914175,104.39059638018557
7880400.0,228.9714498405327,1.3310331349696022e-10,96.69798538570025,0.0008429789673255094,104.43506305248918
7884000.0,239.2642092788087,9.815223243226516e-11,96.70129769499556,0.001299218322266791,104.46958334685968
7887600.0,249.16265844178744,7.954874165667165e-11,96.70699664184062,0.002321831974631644,104.51923984617729
7891200.0,226.51993280323907,1.4614995738861051e-10,96.69789000710199,0.0010499186237987,104.56057688640021
7894800.0,240.1991027604074,9.486493261109052e-11,96.70120702195656,0.0015089071417115666,104.59541244772561
7898400.0,247.4317444629017,8.46987047364063e-11,96.70330139241072,0.002239965116344267,104.64512459018775
7902000.0,224.97649889509105,1.5560943782163576e-10,96.69393386480012,0.001111055555603874,104.6849206548336
7905600.0,241.07122970770808,9.298991395755025e-11,96.69956724982836,0.0016761904928498798,104.72258414870203
7909200.0,245.0640401912533,8.712375398558441e-11,96.70014888873608,0.0020473389286968274,104.77452163632577
7912800.0,224.239060756778,1.6204445086428384e-10,96.69282607532135,0.0010438028413880898,104.81190359583988
7916400.0,241.44217164102656,9.479324673415473e-11,96.70103718268462,0.0017561073539863114,104.85082802854919
7920000.0,242.0333475528309,9.032165636019324e-11,96.7008242080123,0.001783328702383555,104.90086001789822
7923600.0,223.9047852044955,1.6339359243628062e-10,96.69564893424834,0.000949780612129412,104.9359795642722
7927200.0,241.7570881789614,9.803927855373949e-11,96.70453906686429,0.001861816997101628,104.97624935313738
7930800.0,238.8206505472277,9.609791136342701e-11,96.70114393292369,0.0014992440504055192,105.02537636775668
7934400.0,223.99898408572085,1.5948752512931648e-10,96.69711987612241,0.0007778876000978342,105.0596376012701
7938000.0,241.52917598280857,1.0052762506809801e-10,96.70503776419733,0.001915006979389053,105.10166640327614
7941600.0,235.76357281527643,1.0374371302841495e-10,96.6987494948433,0.001228126990605708,105.15074693939673
7945200.0,224.89311330316238,1.527082762492701e-10,96.69413097718272,0.0005192552844528561,105.1848035909112
7948800.0,240.81127422881278,1.0023388703260582e-10,96.70084088263546,0.0018796123248432165,105.22864496429953
7952400.0,232.45983859988598,1.1428645818293713e-10,96.69347034828354,0.0008791887509201624,105.27467073914335
7956000.0,226.41794155605172,1.4170763075903854e-10,96.69410246089207,0.00014136433613314473,105.30861027894471
7959600.0,239.053694026896,1.0045611789249292e-10,96.70256892760656,0.0017392217866930096,105.35609819377288
7963200.0,229.23194431837933,1.2725167140940225e-10,96.69497122928037,0.0005305694861697888,105.40015281940332
7966800.0,228.30361866738474,1.2276133417476523e-10,96.69925202874711,0.000290426443320668,105.43411802784053
7970400.0,236.36330689513042,1.0336302234706644e-10,96.70478153692851,0.001483381921744687,105.48421225152126
7974000.0,226.64517731679203,1.3838376985548556e-10,96.69624139900378,0.0002448535653843469,105.52711999149413
7977600.0,230.42581044629893,1.049952523575053e-10,96.70137737716601,0.000765122463746539,105.56114646264027
7981200.0,233.08854830475303,1.10740704788072e-10,96.70211767823973,0.0011517683212878237,105.61089202133994
7984800.0,224.64132418946426,1.4517138401540288e-10,96.69385361027719,0.00017122996720080437,105.65079446136541
7988400.0,232.4042791653544,9.888136454173986e-11,96.69870756660607,0.0011990913142681115,105.68750448538428
7992000.0,229.56233888046458,1.2363224359666267e-10,96.69874198937525,0.0008248950511032483,105.73969266617827
7995600.0,222.87709874747566,1.501116980409188e-10,96.69037103570705,0.00038137771236531053,105.77844645576891
7999200.0,234.4267298005133,9.940849760968687e-11,96.69944732561123,0.0016575158338323075,105.81747753491429
8002800.0,225.4896444436348,1.3817991054811037e-10,96.69704714739096,0.00048655977049764557,105.86831410965411
8006400.0,221.92129838997636,1.525920207170456e-10,96.69292687134383,0.000599449130871395,105.90328586544977
8010000.0,235.3493226194583,1.0057430817515548e-10,96.70273495796938,0.0019884658122233086,105.94462614858317
8013600.0,221.18047465904837,1.5308906281783156e-10,96.6979874547267,0.0003279581963968125,105.99338056429235
8017200.0,222.03020077029095,1.510429585197721e-10,96.69585651021086,0.0008215520049373486,106.02697623795602
8020800.0,235.31576999841423,9.959997001897173e-11,96.70395713659808,0.00220425149569372,106.0713571466466
8024400.0,216.78014302018437,1.7688615465873178e-10,96.69632160094392,0.000568203576717079,106.11880041273965
8028000.0,222.91317961508807,1.4784877073354254e-10,96.69490689239626,0.001107493788847586,106.1519690564975
8031600.0,234.62253415066417,1.0124389349272122e-10,96.70048934950434,0.0023327325969110385,106.19954185708092
8035200.0,213.15058415457432,2.080103866106354e-10,96.69044066294192,0.000849572405136257,106.24427263677818
8038800.0,224.04721941864736,1.4665868551310742e-10,96.69346539603889,0.0013612557756629913,106.27652037906094
8042400.0,232.59654055326993,1.1080935699129164e-10,96.69797389677896,0.002260597754199614,106.32647873561496
8046000.0,210.21296958972127,2.362166509166878e-10,96.69116363458714,0.001026090580987327,106.36827226746816
8049600.0,224.85771151303211,1.4596449381516275e-10,96.69781372675563,0.0015888197802591748,106.40363499925225
8053200.0,229.65927504028923,1.263942651242676e-10,96.70071653925463,0.00208908300631763,106.4550499846833
8056800.0,208.11967436147123,2.5593818118304e-10,96.69326756689924,0.0011056505770800648,106.49401276153344
8060400.0,225.53793802148886,1.4242752648174322e-10,96.70117154058634,0.0017958975458471536,106.53297692264736
8064000.0,225.896858900169,1.419678851071929e-10,96.70013094836888,0.001805675798944904,106.58428290665452
8067600.0,207.36371975072913,2.645155080130321e-10,96.69238235887838,0.000995817020632235,106.61872652392434
8071200.0,225.6787902327474,1.417946646278179e-10,96.7002051561488,0.0019305975840978008,106.65931856221613
8074800.0,221.3194670617982,1.590636275975539e-10,96.69430917233295,0.0013979445186866448,106.71089018302182
8078400.0,208.1833589074737,2.501398739085868e-10,96.68931325596671,0.0006161393161678265,106.74553521097239
8082000.0,224.61088732664862,1.478274378423565e-10,96.69767795674481,0.0018918069346826388,106.79174648166708
8085600.0,216.34693081585309,1.81328286044648e-10,96.69129616213478,0.0008922429721850521,106.84031430312744
8089200.0,210.01002505164715,2.2140169985183578e-10,96.69222923251797,0.00012679742499200665,106.87295843891935
8092800.0,222.36727142845928,1.5804852822620563e-10,96.69996358077634,0.0017344036861775727,106.92113961638366
8096400.0,211.6570578289255,2.050739158705153e-10,96.69223551396155,0.0004327916239587645,106.96550958422688
8100000.0,212.12683357504812,2.0341708477336125e-10,96.6959414713387,0.000428516991691844,106.99861675777898
8103600.0,218.9493729360002,1.6984089860254516e-10,96.7012316285261,0.0014561681026780103,107.04850539941093
8107200.0,207.89237847943636,2.2709116067539014e-10,96.69177696338302,4.710211309718288e-05,107.08938531087671
8110800.0,214.298161281472,1.8925109201852138e-10,96.69775843562269,0.0010012819970067607,107.1257051047396
8114400.0,214.03400978260856,1.8431248790987458e-10,96.6971726208547,0.001009702080651089,107.17641725753549
8118000.0,205.4748333703611,2.432325335349243e-10,96.6882282576974,0.00027495007391995635,107.21454646865064
8121600.0,216.28529484474828,1.6745408886455706e-10,96.69454483241945,0.0015679152640446128,107.25376991161806
8125200.0,208.52526783382362,2.0954107168079856e-10,96.69207561659228,0.0005701189555137654,107.30434143013241
8128800.0,203.9372839570035,2.5205402914582625e-10,96.68754684786174,0.0005467009396436925,107.3383922752599
8132400.0,217.15236670590699,1.6141844231653652e-10,96.69722076236974,0.002006994230074551,107.38192243878403
8136000.0,202.36858916221814,2.662031931040986e-10,96.69267551114773,0.00034298875807866415,107.43129432468996
8139600.0,203.6412508018212,2.5347827892732415e-10,96.69191815246289,0.0008565182258495768,107.46530398030004
8143200.0,216.47381172964313,1.769448950929437e-10,96.70087681055568,0.0022473461995226513,107.51274621086516
8146800.0,196.41413566188513,3.4733187337427965e-10,96.69249636355129,0.0006888873469732422,107.5593878784026
8150400.0,205.62566004902715,2.4046835126536216e-10,96.6939382018561,0.0011668367362061187,107.59389231131715
8154000.0,215.99779853552033,1.9166330971318722e-10,96.69916683835206,0.0022459237837614316,107.64284507738712
8157600.0,195.15007732938867,3.7608061260937395e-10,96.68792559237342,0.0009657782687416775,107.6841722778093
8161200.0,210.00710146106277,2.1243441513049367e-10,96.69391821420938,0.0015270607280278292,107.7207139378305
8164800.0,214.9668164792617,1.9315338115626239e-10,96.69382271585886,0.0019866155241523493,107.77363974341014
8168400.0,195.9473781167234,3.782530270655111e-10,96.68501230879126,0.0009363289170977346,107.8125911386961
8172000.0,213.62044364866276,1.97421103921054e-10,96.69299001751516,0.0017343686488358293,107.8524725518392
8175600.0,211.51737745773542,2.0422005751872067e-10,96.6920027217266,0.0015005980342165822,107.90353802669775
8179200.0,197.81244368231526,3.5562109834146864e-10,96.68799881809672,0.0006624432098441252,107.93838066040995
8182800.0,215.32324439471768,1.9594197411425604e-10,96.6970398081206,0.0018434683205412277,107.98111520028198
8186400.0,208.84450778003406,2.1865869702396923e-10,96.691980295381,0.0010037790247245317,108.03008844498424
8190000.0,201.58001245315015,3.054604877289871e-10,96.69050930674294,0.00030867808803446877,108.06304589945209
8193600.0,217.0743718162025,1.8825977022640917e-10,96.69900945575506,0.0018632591241207518,108.10921856341396
8197200.0,206.75107657263752,2.327459288172364e-10,96.69008015219892,0.0005714270335872972,108.1554539564989
8200800.0,206.44138672893934,2.575338961093433e-10,96.69018721974834,0.00025268708864803604,108.18985707180728
8204400.0,215.96060577738592,1.866863475452485e-10,96.69419040867207,0.0016395489186024,108.23802295529032
8208000.0,204.9420099865398,2.476161163169072e-10,96.68461140567722,0.0002282481005153826,108.28029679733447
8211600.0,210.71795339099998,2.0974014247611398e-10,96.6883348449482,0.0007993812078240311,108.31620615491852
8215200.0,214.9525200052792,1.8091541543510435e-10,96.69258325237229,0.0013161829343343407,108.36668914814011
8218800.0,204.85862713369573,2.4885070004169284e-10,96.6842232880752,0.00013838606398425783,108.40520023710799
8222400.0,216.15584014003102,1.6138433543092242e-10,96.693691685247,0.001389176998386543,108.44352513496676
8226000.0,212.6537919220468,1.890764037835206e-10,96.69346429556775,0.0008303950099450683,108.49507946107367
8229600.0,206.3887411242258,2.3441102395747153e-10,96.68760134012447,0.0003869772421227113,108.53215243776653
8233200.0,219.38487767874062,1.4978033911836114e-10,96.69686980302195,0.0018119552567790033,108.57362117229519
8236800.0,209.38062153000723,2.1907593523285508e-10,96.69162985031306,0.00046630497753896103,108.62349577491567
8240400.0,208.07931390180354,2.2021006484735518e-10,96.68774110051802,0.0005725963444730222,108.65822386192718
8244000.0,222.6462200729381,1.4818583421986173e-10,96.69432077607902,0.0020762078996092305,108.7018959057255
8247600.0,207.46913507529945,2.436817700977389e-10,96.68709137482958,0.00043000251145615116,108.74976059461764
8251200.0,211.98437918737153,1.954416078522978e-10,96.68533589625252,0.0008294829121678498,108.78500921987316
8254800.0,224.69320796904012,1.4280190267656748e-10,96.69217287741493,0.0021677996168671396,108.83396505701411
8258400.0,206.5273960324427,2.56750733325081e-10,96.68349401373966,0.0006464121980233002,108.878478596338
8262000.0,214.87980013632205,1.812308033244455e-10,96.68774828949763,0.0011117192827829292,108.9134132339449
8265600.0,224.36294335920542,1.3696773795306918e-10,96.69322377557319,0.0020993592139274602,108.96283534454736
8269200.0,205.28360353068234,2.763076217377794e-10,96.68525825109573,0.0008369911407224781,109.00331430772566
8272800.0,219.4827836745342,1.6666072277954976e-10,96.69208320153086,0.0014153632652763209,109.03946252033953
8276400.0,223.6707027859234,1.344984858252639e-10,96.69327333840829,0.0018269111393644632,109.08969120890686
8280000.0,206.55932899883734,2.701607813556161e-10,96.68611939631892,0.0008381928739333063,109.12745375037917
8283600.0,223.7276500427527,1.571900993184962e-10,96.69330700313026,0.0016943402251945923,109.16575680592224
8287200.0,222.69923729889433,1.397157343126664e-10,96.69038918530154,0.0014953849547259237,109.21683925693465
8290800.0,207.9531669882085,2.5631675730268256e-10,96.68246027879358,0.0007255588238446518,109.25280906757654
8294400.0,226.61337748573345,1.4709375260208073e-10,96.6896888799175,0.0019289875821032806,109.2935007612682
8298000.0,219.94644339758105,1.5456229450584682e-10,96.68424667752019,0.0010783846411022494,109.34229908751085
8301600.0,211.85663234725698,2.2386217720037303e-10,96.68221709128112,0.00043003664431626897,109.37669884890018
8305200.0,228.8170853447769,1.3437166812356006e-10,96.6919677671066,0.001934716061777132,109.42203162471732
8308800.0,218.83569476504368,1.641719189325376e-10,96.68528376821313,0.0006934715990675947,109.4686776092291
8312400.0,216.65952378748355,1.8108829910802402e-10,96.68729843002303,0.00015783570933020026,109.50220872560723
8316000.0,229.83033804368222,1.2608292526980628e-10,96.69448261873382,0.0017918473877701227,109.55118010454846
8319600.0,217.16582697667963,1.7645115585220355e-10,96.68611387741805,0.0003153607144643276,109.59615666996051
8323200.0,221.24034511352872,1.4039412807094242e-10,96.68965403970307,0.0005809610358787924,109.62935143184822
8326800.0,228.75059749165106,1.266637041895408e-10,96.69191477331292,0.0015067099376502252,109.67850476271833
8330400.0,217.67451194351386,1.7447182332254772e-10,96.68315214642466,0.00012911900301493845,109.72008290856866
8334000.0,226.49808589776353,1.1517958014649899e-10,96.68706985194773,0.0010284783647951739,109.75563281514201
8337600.0,228.5788468465161,1.28038431934522e-10,96.68855584730592,0.0012285163549028743,109.8078044483651
8341200.0,218.719120731601,1.6739358769357255e-10,96.67948983297823,0.0002632000594636699,109.84776856598339
8344800.0,231.847605863393,1.0404172876580518e-10,96.68801893930204,0.0014896502689637995,109.88554897116649
8348400.0,226.58137774960693,1.3472305377769686e-10,96.68680702204745,0.0008564370794748419,109.936745786994
8352000.0,220.15667955258414,1.5958713281204842e-10,96.68172256935257,0.0003677257920655038,109.97242517366178
8355600.0,234.8532355755426,1.0035285595487986e-10,96.69147151198882,0.0017912167188854282,110.0124670139586
8359200.0,225.63613312280495,1.340832994849851e-10,96.68777471029665,0.0005253161118523076,110.06180803244594
8362800.0,223.44316933523564,1.454532439840618e-10,96.68442847072441,0.0005106859516663255,110.0957745864746
8366400.0,238.35771719628227,9.109385062020845e-11,96.69286353810871,0.002010098369727019,110.13875159177279
8370000.0,224.72461031489522,1.3667556759344002e-10,96.68619972081397,0.00038372907760457514,110.18703297822299
8373600.0,227.59627220110823,1.3030759873986015e-10,96.6833448650607,0.0007410278602457204,110.22026405069079
8377200.0,240.07718283986796,8.69855081650382e-11,96.68961683088679,0.002118500537410792,110.26628065627364
8380800.0,223.85268413443572,1.4624893753844933e-10,96.68021499046297,0.0004904146323616758,110.31228991826966
8384400.0,230.7162996567881,1.2171422578238536e-10,96.68147058212546,0.0009090048968442396,110.3438626949481
8388000.0,242.03307078977312,8.582107612226789e-11,96.68749603147796,0.0021020789146313588,110.39237043548589
8391600.0,224.11886384033454,1.5273656746679035e-10,96.68083289314107,0.0006672187767121454,110.43596653525216
8395200.0,235.0510153003375,1.1060362214839054e-10,96.68548626955162,0.001147574373816006,110.46973493680748
8398800.0,243.6473352073711,8.77590629572412e-11,96.69084228130302,0.002043638557215136,110.51980260843901
8402400.0,224.98496793728546,1.5333640776838142e-10,96.68268883028747,0.0008446030316928745,110.5611998895557
8406000.0,238.17990693943014,1.0202050123263016e-10,96.68864400487203,0.0014046929131275843,110.59742928985472
8409600.0,244.10215936710227,9.021223914230531e-11,96.69092557574685,0.001979674967970534,110.64800751022689
8413200.0,225.39487477169763,1.5492778688534392e-10,96.68128894442566,0.0009707904743100024,110.6851092366083
8416800.0,242.557105331229,9.128621238149024e-11,96.68789287619164,0.001629848365503698,110.72208415209434
8420400.0,244.66969602506438,8.828415535052609e-11,96.68586288861509,0.0017578832143625015,110.77378340696094
8424000.0,228.2158883137884,1.4600435687574466e-10,96.67777092626278,0.0008595500588459553,110.81087508230895
8427600.0,246.25782862578305,8.510484833435465e-11,96.68548900147373,0.0017367055657528964,110.85152228194734
8431200.0,245.12331657065806,8.496495737307231e-11,96.68370015990565,0.0014864046630607114,110.90223317326583
8434800.0,230.392109897179,1.3704693560941777e-10,96.67941220808125,0.0007287902144224188,110.93640302099834
8438400.0,248.9849259925666,8.233213472727709e-11,96.68863381567995,0.0018677937368908842,110.9782084916703
8442000.0,244.12650179187403,8.574432822184322e-11,96.6848668299189,0.001223694308934856,111.02686510103851
8445600.0,233.94904980354022,1.213435488218341e-10,96.68200371422753,0.0005865629856491833,111.05967456049557
8449200.0,252.15064240939645,7.81651056803025e-11,96.69112430431298,0.0019312784397593967,111.10288905191027
8452800.0,244.81639752493604,8.400899498716824e-11,96.68470470842162,0.001005929803768507,111.1499472511106
8456400.0,237.74706539855617,1.0722301513119414e-10,96.6823764813566,0.00041113718578222614,111.18351645398407
8460000.0,254.84234782498325,7.29259006679285e-11,96.68874967055422,0.001921900045637909,111.22738632598747
8463600.0,244.68603632969834,8.47945027844113e-11,96.68105939776314,0.0007689410712137908,111.27417845727393
8467200.0,241.40138368659115,9.542936522669022e-11,96.67878840519957,0.00014846731712634263,111.30770332912068
8470800.0,256.0509768425704,6.87206753855209e-11,96.68599216557736,0.0018415077102107457,111.35312698318982
8474400.0,245.7840587384744,8.409564462985667e-11,96.67799720537461,0.0005571640963567751,111.39714907812872
8478000.0,245.84588812916647,8.088902497758709e-11,96.68147023269624,0.00020530048677569574,111.43095811664371
8481600.0,257.9245386629563,6.343862961779125e-11,96.68841280585254,0.0017275109830748772,111.47892864078266
8485200.0,247.30052545754816,8.284270065939014e-11,96.68080252076885,0.0003741788568674349,111.52212157514066
8488800.0,250.21968526592053,6.644981580116695e-11,96.68529739415233,0.0004156922521424826,111.55602063679846
8492400.0,258.2408355140474,6.134871801655027e-11,96.68995012775586,0.0015502366367489784,111.60520111915743
8496000.0,248.597753912635,8.124236492457128e-11,96.6813693042584,0.00026042667381386854,111.64761504661939
8499600.0,253.32890122006148,5.726335765969546e-11,96.68472249303711,0.0006240306735266503,111.68002823403958
8503200.0,260.00347024601314,5.845108487957694e-11,96.68731187725999,0.0014081183378907567,111.72857226350041
8506800.0,249.41574042333764,7.955177901307084e-11,96.6775789951764,6.680701739639167e-05,111.7703748724549
8510400.0,255.86756031738224,5.312159441556991e-11,96.68208004745496,0.0008959332760621066,111.80605609630896
8514000.0,258.27936033941666,6.137450342588791e-11,96.68383400512819,0.0012516068261438013,111.85716433155646
8517600.0,248.0615945273917,8.149975999731105e-11,96.67603155846471,0.00011311193416481197,111.8969017670216
8521200.0,257.0572982316825,5.3678800690932974e-11,96.68389213882497,0.001149420634501952,111.93215608183432
8524800.0,256.370129753029,6.358221704956904e-11,96.68541419820099,0.0010786563628176588,111.98243795651236
8528400.0,247.13705775454173,8.303227937127706e-11,96.67865385664358,0.0002192291139721062,112.01967707975061
8532000.0,257.8365679674991,5.508287346123194e-11,96.68667418465026,0.001356258357961044,112.05609007424685
8535600.0,254.25054704390635,6.426411183642191e-11,96.68678099613474,0.0008747692986981137,112.10580255826837
8539200.0,246.6520559448622,8.403550815233319e-11,96.67950219312272,0.00031103367606463684,112.14165598518204
8542800.0,258.52652910906994,5.467983916273053e-11,96.68736414711944,0.00154907697672497,112.1805960491951
8546400.0,251.7778158556593,6.512699864614645e-11,96.68333528703162,0.000634335831265644,112.2302036539263
8550000.0,246.62111974141783,8.388583931701669e-11,96.67634335930124,0.00042581686516794887,112.26509449942392
8553600.0,259.2414112101363,5.2915229825858534e-11,96.68321045712219,0.001750534389799542,112.30536841102776
8557200.0,249.56030311269484,6.754555533266407e-11,96.67955613601795,0.00047226994657091723,112.35426441605478
8560800.0,246.42753491809904,8.348084856891598e-11,96.67580286607796,0.0005251392018594827,112.38722423791667
8564400.0,259.66362282939673,5.258199016345791e-11,96.68518956510097,0.0019217680802643686,112.42970136783357
8568000.0,247.01035997836564,7.387466592743807e-11,96.6814375447451,0.00033525337429117383,112.47828241250514
8571600.0,246.47296381972262,8.230170379743102e-11,96.67937815336127,0.0006756853536336879,112.51196149227759
8575200.0,259.91503270331265,5.424300304880058e-11,96.68883364767278,0.0020713386587638384,112.55603627838575
8578800.0,244.33168967715233,8.303632600569578e-11,96.68244344729139,0.0003701649956946096,112.60395277830004
8582400.0,246.87060625101353,8.038876087116134e-11,96.6803680442154,0.000837907052753874,112.63770416727876
8586000.0,259.97790773929773,5.663204637750006e-11,96.68793481609478,0.002189443078958855,112.68153516678602
8589600.0,242.02570337227493,9.115086638138647e-11,96.6789189873816,0.0005169321880887417,112.72695920329168
8593200.0,247.50519652459252,7.801178120735214e-11,96.67892314466656,0.0009908913226635782,112.76095100051911
8596800.0,259.56606909860415,5.7955445513098157e-11,96.68433938888218,0.0022332960748063335,112.80859810734187
8600400.0,240.06047145807452,9.696129242854603e-11,96.67573096332063,0.0006563900339657311,112.85403715864044
8604000.0,247.83539133196348,7.652585662244204e-11,96.67735634722214,0.0010994842857518048,112.88819514215963
8607600.0,258.8026924215138,5.756374261976949e-11,96.68462015529532,0.0022431441715394323,112.93540593730751
8611200.0,238.21964557741035,1.031624500225889e-10,96.67736530789557,0.0007958552703734278,112.97829098995737
8614800.0,248.56019945010985,7.593677761420694e-11,96.68119296442512,0.0012423957870028072,113.0121611224659
8618400.0,257.5422685589138,5.6899066163798236e-11,96.68637320217445,0.002204991197056633,113.06015994329782
8622000.0,236.41742840130462,1.1080287714725027e-10,96.67856206996926,0.0009178262357668594,113.10105416863456
8625600.0,249.4827320502334,7.693491232132439e-11,96.68360408966441,0.0014188960896708346,113.13554643411369
8629200.0,256.0592412595613,5.7869037680881045e-11,96.68602374875528,0.002139403269261981,113.18462506916778
8632800.0,234.74150787163362,1.181794497223786e-10,96.67518685036865,0.0010246400817626583,113.2251093855102
8636400.0,250.42201520038452,7.843164164822378e-11,96.6802113468832,0.0016199420802618675,113.25973005495644
8640000.0,254.41125082957024,6.149874418493857e-11,96.68069827890848,0.0020241621558377623,113.309557137754
8643600.0,233.8837640372128,1.217730555611607e-10,96.6721411424128,0.0010330757945973953,113.34798505301322
8647200.0,251.11683682911834,7.844730901282727e-11,96.68106794756217,0.0017511857782194515,113.38412747030809
8650800.0,252.16884866704405,6.78246833501778e-11,96.68072008948467,0.0018333460822003247,113.43439280689728
8654400.0,233.23239109537167,1.245255492826142e-10,96.67550942761005,0.0010095596530823258,113.47104350403974
8658000.0,251.31704302514152,7.710439875826715e-11,96.68458463675809,0.001836066313911787,113.51036097565509
8661600.0,249.9261780018541,7.423368124266433e-11,96.68306546918943,0.001657772681741063,113.56125180881376
8665200.0,232.97850026793816,1.2635413214331087e-10,96.67761059696697,0.0009425151449764224,113.59634848645901
8668800.0,251.3194131013139,7.606159969418802e-11,96.6851857361711,0.0019086568648287944,113.63714944983526
8672400.0,247.57225805298248,8.013478705641324e-11,96.68134033032885,0.0014568381952013059,113.68657564076345
8676000.0,233.25667540259656,1.2440735504772423e-10,96.67468900901913,0.0007793853349075683,113.71920932202094
8679600.0,251.19271528344433,7.645745506485705e-11,96.6839076981797,0.0019492875661766512,113.76227237109272
8683200.0,244.7742628138294,8.654579335697509e-11,96.67627126671638,0.0011764943066598001,113.81268609636248
8686800.0,234.45460278452424,1.1617640310701749e-10,96.67343508589556,0.00048387616647381016,113.84621031394201
8690400.0,250.36497005370356,7.906489514334145e-11,96.6815354515923,0.0018770151844510084,113.89215480658793
8694000.0,241.8915590411192,9.32545664543352e-11,96.67541373082813,0.0008661604302718004,113.93870204487777
8697600.0,235.69510820668336,1.0810296828574324e-10,96.67696384426854,0.00019782587797747216,113.97102103480948
8701200.0,249.22065907894392,8.206203919033083e-11,96.68428693827975,0.0017968472587394993,114.01765249329505
8704800.0,239.30313312818225,9.936810359628179e-11,96.67683127315641,0.0006085270406318838,114.06208538105147
8708400.0,236.97439765331976,1.0338410425622511e-10,96.67919896119761,0.00011876852335291135,114.09446370854594
8712000.0,247.60666258833027,8.432203824663542e-11,96.6856273778869,0.001659676514124709,114.14256180686401
8715600.0,237.13767978042685,1.0529589936134187e-10,96.67590879618365,0.00038961237324239815,114.18525952737622
8719200.0,238.47256426097894,9.85369930866466e-11,96.6785152346472,0.0004420187621414765,114.21986706397003
8722800.0,245.37247712064428,8.544711830518921e-11,96.68079652405417,0.0014433910881539267,114.26832250079035
8726400.0,235.31237381833498,1.1124976180147953e-10,96.67143934978726,0.00018899423580426443,114.30841446849159
8730000.0,240.17732149202442,8.888114510894878e-11,96.6758322464526,0.0008088041108886601,114.34427674873834
8733600.0,242.83739583165965,8.647088296489052e-11,96.67962032473535,0.0012154538556696155,114.39395461933462
8737200.0,233.68816387225095,1.1601341778749518e-10,96.67144450931058,9.712761511976432e-05,114.43196992650626
8740800.0,241.86470875755384,7.836572733067131e-11,96.68044876571892,0.001192789376788047,114.46926658103953
8744400.0,239.49440015842362,9.147348059605045e-11,96.68125051612583,0.0008625210093830866,114.52004707741204
8748000.0,232.6575710829088,1.1730008033988951e-10,96.67459618858712,0.0003016070366373897,114.55771431198356
8751600.0,243.34534832771348,7.422769751078953e-11,96.68323099066069,0.0015506056521534565,114.59665129390027
8755200.0,235.86001315838038,1.022955803226758e-10,96.6801791750678,0.0005015316966997152,114.64674295739353
8758800.0,232.20154751337515,1.1614006403055035e-10,96.67435912672275,0.0005212395531696668,114.6824467260569
8762400.0,244.39056592147136,7.615653601946018e-11,96.68079313313777,0.0018355343862178268,114.72208675952622
8766000.0,232.51530657051242,1.1555820307624399e-10,96.67669973955458,0.00027640913542331213,114.77169200346387
8769600.0,232.08527432646233,1.1425514394444348e-10,96.67077973023511,0.0007133245359213555,114.80755791808326
8773200.0,245.16439107491502,7.83594661307662e-11,96.67939653060897,0.002086987095649176,114.85172999703552
8776800.0,229.14847453073335,1.271202720162706e-10,96.67299329580399,0.0003840945499107407,114.89999441047918
8780400.0,232.10896269023172,1.1286462275551073e-10,96.67241250108242,0.0008925128303906275,114.93382650438107
8784000.0,244.9400041846131,7.862704003011624e-11,96.68154244231393,0.0022235509205804716,114.97858556224688
8787600.0,225.90049491207463,1.3900066323678413e-10,96.67451206506004,0.0006145832311382702,115.02438773108231
8791200.0,232.92951755191487,1.1074383541006024e-10,96.67613116536522,0.0011009327210251805,115.05754277505437
8794800.0,243.91882879904338,7.788769210264628e-11,96.68271719726353,0.0022692061141317325,115.1043676881597
8798400.0,222.86468617099231,1.5549080967091236e-10,96.67487047024898,0.0008425674355962454,115.14814438370026
8802000.0,234.08244746226669,1.1083523949479959e-10,96.67708508131206,0.0013486966330214895,115.18159907338016
8805600.0,242.47226589582556,7.967901827301431e-11,96.68079912293707,0.0022581518704238644,115.23113660232715
8809200.0,220.30910292404684,1.7326304382461334e-10,96.6695895319165,0.001030526409036908,115.27302727918149
8812800.0,235.31773651048084,1.124515820018466e-10,96.67369323687154,0.0016010772236996244,115.3065928836437
8816400.0,240.14281009557575,8.714683252432072e-11,96.67553292669156,0.0020996566886606768,115.35686795125048
8820000.0,218.77818421818066,1.845300566978916e-10,96.66843328875977,0.0010707851755288687,115.39595370813902
8823600.0,236.09599164668708,1.1251531826805942e-10,96.67687866735363,0.0017735561449469493,115.43267502929187
8827200.0,237.17208032414283,9.867012707595215e-11,96.67739812296064,0.0018649678854116324,115.4834635360589
8830800.0,217.83647253053897,1.9206141266762866e-10,96.67156797901,0.0010412865234844739,115.52004404131223
8834400.0,236.3554110404432,1.1059799961176511e-10,96.68069085447817,0.001899225361466295,115.56073206924974
8838000.0,233.8798019834236,1.1039349104469147e-10,96.67801665823103,0.0015992601044529388,115.61173281335728
8841600.0,217.77913742918204,1.9313050473240974e-10,96.67300272565517,0.0008909768596935253,115.64557294189231
8845200.0,236.09054213111338,1.1052612155160955e-10,96.67956396632103,0.0019613982214688195,115.68720824808783
8848800.0,230.29816699226458,1.2288212162034123e-10,96.67362855080124,0.0012764800731283259,115.73672913686632
8852400.0,218.71659717858662,1.8036962936777717e-10,96.66936212684334,0.0005627284813874831,115.76988745413429
8856000.0,235.19074241710433,1.1366086845867407e-10,96.67761623257292,0.0019230217818989063,115.8164579056433
8859600.0,226.3310444799485,1.376365308359783e-10,96.669358409339,0.0008566160521618836,115.86512733175314
8863200.0,220.72540121446113,1.5869297816692786e-10,96.670323650747,0.000109359556382415,115.89786633296747
8866800.0,233.1931008830492,1.203332157062252e-10,96.67732497458454,0.0017480753870009246,115.9462980943795
8870400.0,222.57016339246383,1.5212434398870235e-10,96.66989324301653,0.00046381002468814524,115.99009641175005
8874000.0,222.77235126446422,1.4556088717769358e-10,96.67423166488935,0.0003673366842972545,116.02318008369954
8877600.0,230.41998792267083,1.2788443427543707e-10,96.67918043237724,0.0014996360333224038,116.07239262286876
8881200.0,219.61684833057214,1.641709698185856e-10,96.67062466116153,0.0001362790855819951,116.11341757237244
8884800.0,224.7822638453488,1.3791472735104678e-10,96.67642572884557,0.0008435474319363523,116.14830416485394
8888400.0,226.64739257294224,1.3446374840722198e-10,96.6780984287274,0.0011333305470120974,116.19871140965935
8892000.0,217.71562949464263,1.72584984331742e-10,96.66854150721004,0.00014784874730476214,116.23779320572298
8895600.0,226.82485650363927,1.2435413008640792e-10,96.67422163626453,0.0013324632739054587,116.27567297466547
8899200.0,222.3421305862849,1.424758116309122e-10,96.67156162911485,0.0007443938019722362,116.32624955708684
8902800.0,216.43675484820773,1.7676715011033713e-10,96.66526640845784,0.000391297410731002,116.36061851507644
8906400.0,228.20208825972318,1.1442483249653007e-10,96.67376998728776,0.0017473841324946735,116.40199263453934
8910000.0,217.5022899045077,1.6205128910999454e-10,96.67161931835125,0.0003405799116383599,116.45187854163322
8913600.0,215.9030076353129,1.7655348145782577e-10,96.66846749826878,0.0006651995944611327,116.48577898530564
8917200.0,228.84100322571217,1.169284869500723e-10,96.6783683291407,0.0020846660834029852,116.53008103141734
8920800.0,212.33907274132017,1.99253436288799e-10,96.67227668237844,0.0003973820342729508,116.57886766535586
8924400.0,216.3803819104947,1.7337054039533556e-10,96.67148597856185,0.000965487923708296,116.61314997816253
8928000.0,228.33015468856195,1.2816656087992052e-10,96.67926209664532,0.0022645052677062057,116.65990847336471
8931600.0,207.72751531701965,2.4102533015597966e-10,96.66919890239944,0.0007727424352809502,116.70405548817241
8935200.0,217.43207138294173,1.6861240634861104e-10,96.6714148803473,0.001285098690188366,116.73812413332675
8938800.0,226.23419269858988,1.390860058237697e-10,96.67454082895038,0.002232693438204565,116.78815291853091
8942400.0,204.3892395341738,2.7619778646035283e-10,96.66509136211826,0.0009540457725410532,116.83097010632453
8946000.0,218.35383653603122,1.6699393802422338e-10,96.6692087540424,0.0015430106513936498,116.8677067891913
8949600.0,222.9148815203381,1.4451760027717969e-10,96.67222986647135,0.0020332044284387066,116.91920978068578
8953200.0,202.2799299106989,3.0675176166471715e-10,96.66505250914734,0.0009791827200772362,116.95729789395392
8956800.0,218.99284001433819,1.723432255993574e-10,96.67337024898426,0.0017503865160467531,116.99588312088255
8960400.0,218.23774590077457,1.5848099470775762e-10,96.67263346323881,0.0016742433688943074,117.04644703283961
8964000.0,201.25419389361906,3.1911414288333974e-10,96.66723594225672,0.0008600200530251217,117.08134600030681
8967600.0,219.088631412782,1.8089831474106378e-10,96.67655025328831,0.0019287038781739215,117.1229000532014
8971200.0,212.97593380587662,1.8619806301860408e-10,96.67136523388253,0.0012367497685480595,117.17182140152165
8974800.0,201.43877821897374,3.1110744821703394e-10,96.667624455229,0.0005537067281980048,117.20627154519208
8978400.0,217.80069964868747,1.8832203199439038e-10,96.6743605437868,0.0019425624044223635,117.2503596466469
8982000.0,207.83923812700849,2.2159159916677358e-10,96.66636847075883,0.0008013950224419067,117.29810588107486
8985600.0,203.1012111087751,2.868251581270612e-10,96.66456602716552,0.00012040587274392256,117.33218790095896
8989200.0,215.04274134349635,1.9530890577014907e-10,96.67108375476032,0.0017769314300389162,117.37967348956113
8992800.0,202.79678019550178,2.63001570876576e-10,96.66231274757251,0.000333641185314038,117.4225852775712
8996400.0,205.3647824683969,2.3881134154986505e-10,96.66816183673892,0.0006189534082025358,117.45804174502362
9000000.0,210.22576619783064,2.1292877447704714e-10,96.67240881765117,0.0013862187813972174,117.50892199313853
9003600.0,198.89673626267592,2.9491331342705413e-10,96.6647191581798,6.737318027826104e-05,117.54898354954875
9007200.0,208.84737755350505,1.9163224785805138e-10,96.67308302355306,0.0012937055781857148,117.5868711744888
9010800.0,206.00889680496226,2.3756961974389873e-10,96.67225555638544,0.0008191203171197438,117.63888033782752
9014400.0,199.83667555127,2.793325326172372e-10,96.66526068841495,0.00038084485942456003,117.67616346149994
9018000.0,213.54746291246903,1.7317659269852468e-10,96.67321142710524,0.0018270560471893885,117.71556896787125
9021600.0,202.99540413097898,2.7078116477677636e-10,96.66727132018444,0.00039277575349596863,117.76515750183707
9025200.0,201.09043551837317,2.651276741705318e-10,96.66335494624674,0.0007063912895248577,117.80062449216186
9028800.0,216.04407416472347,1.7344320154371254e-10,96.67022365124366,0.00220003666909232,117.84676384298731
9032400.0,199.15131964834933,3.1245906451461103e-10,96.66224508895637,0.0005562477763594901,117.89519987144557
9036000.0,202.99787534253792,2.5082600392525637e-10,96.66257013734027,0.0009781813463054872,117.92983673767371
9039600.0,215.34502499845664,1.7345142561524127e-10,96.67034361402823,0.0022862160680335326,117.9777034706123
9043200.0,195.6109721809525,3.591426591721529e-10,96.66272826841316,0.000788990039241419,118.02140122516549
9046800.0,204.6051603588769,2.474729708529131e-10,96.66737450058633,0.00120231293356441,118.05633981985251
9050400.0,213.8109591164352,1.7022025780327809e-10,96.67113576905318,0.002136460987131427,118.10632143565724
9054000.0,194.03418487690342,3.936105083835042e-10,96.66329725643531,0.0009104166247913915,118.14564779584305
9057600.0,207.57091403552766,2.4288744524293185e-10,96.67075127408982,0.0015009811432818438,118.1830675943966
9061200.0,209.59788690423414,1.9241285685035574e-10,96.66935985336329,0.0017355839674283056,118.23378740453451
9064800.0,193.54736933364003,4.039376964277306e-10,96.6603833307938,0.0007539196696456766,118.27108746461465
9068400.0,208.38110024583406,2.467264197157502e-10,96.6676269090255,0.0016540367713052838,118.31106415803426
9072000.0,205.72792429812336,2.2569165048998155e-10,96.66239937924695,0.001221105965546598,118.36089313861513
9075600.0,195.9674054815747,3.699536212666895e-10,96.65797560985999,0.0003460664891454249,118.39581975083242
9079200.0,208.99603604705442,2.3665085945516147e-10,96.66806635833626,0.0016650673394328311,118.44037903906977
9082800.0,201.6235109849418,2.661480189347585e-10,96.66046962535039,0.000641799836776927,118.48733048305937
9086400.0,199.74152521545795,3.049091750564459e-10,96.66315620308073,0.00027261905798751625,118.52136387774513
9090000.0,208.8139061842487,2.2856141648835541e-10,96.67024527365055,0.0014685359317078714,118.57065691631597
9093600.0,199.12078503267844,2.942813589459669e-10,96.6618430077711,0.00011565141020667357,118.61503556772828
9097200.0,204.04669061598946,2.2855651319014877e-10,96.66685685286579,0.0009188980426599857,118.64997421696451
9100800.0,206.42807179099546,2.39048215161943e-10,96.66887282673892,0.0011770741297143878,118.70086037019223
9104400.0,196.8785366850437,3.102450296992652e-10,96.66046707160571,0.0002977124854744566,118.74095553080105
9108000.0,209.32678402776918,1.8698141935868336e-10,96.6653159936154,0.0015449833363665045,118.77709562262042
9111600.0,204.06114503494643,2.611352511286918e-10,96.66475382889358,0.0008175293853978462,118.82873559395787
9115200.0,197.56012769695587,2.9567942781188616e-10,96.65594981645857,0.0005584399177148992,118.86706711808118
9118800.0,213.84647968581666,1.754171858395907e-10,96.66480250827203,0.0020486219122775777,118.90934860839036
9122400.0,201.26280819945623,2.8800378973104e-10,96.6596950297128,0.0006131609765904561,118.95974545025554
9126000.0,198.4088299502883,2.8637388779084184e-10,96.65767039334094,0.0007832935411839346,118.99429982796515
9129600.0,214.30246185737616,1.753053410853708e-10,96.66730437978569,0.002309826022660627,119.03895560920071
9133200.0,196.78080027697166,3.3291296342522054e-10,96.6601950999883,0.000688426306558441,119.08581827212547
9136800.0,199.6209590507881,2.8116105352176397e-10,96.66196627822734,0.0009189329936366875,119.11943665659058
9140400.0,213.8952093779776,1.67880556725119e-10,96.66812460350886,0.002321928400087226,119.1675321817746
9144000.0,193.84853067758308,3.8164525700843535e-10,96.65981175754845,0.0008406063261081712,119.21072798466044
9147600.0,202.78710399757267,2.708520010268948e-10,96.66363918144862,0.0011935717787766023,119.24541119153474
9151200.0,210.5752254706685,1.8224265800047057e-10,96.66534313535584,0.002059451672412423,119.29663114730833
9154800.0,191.95722562208402,4.204995139665203e-10,96.65453420168848,0.0008265790116114321,119.33644421604602
9158400.0,204.44021737153489,2.730918175552073e-10,96.66068344291229,0.0014096724009397168,119.37312244320114
9162000.0,206.775413590309,2.134805563972619e-10,96.65870269588014,0.0015625010207801194,119.42410303252991
9165600.0,192.8918641685151,4.1150583202896805e-10,96.65357400620951,0.0005609685277526258,119.46037957767807
9169200.0,206.08345986190193,2.583621145501513e-10,96.66380503120617,0.001553815499306189,119.502495463734
9172800.0,200.89647096128434,2.666960673005951e-10,96.65903329318348,0.0009224479410587049,119.55200123301097
9176400.0,194.861721941835,3.74380979406426e-10,96.65818343090643,0.00011932457052893907,119.5859223149729
9180000.0,204.5816257582855,2.6166278259115147e-10,96.66677351380173,0.0014847368821911545,119.63355086286042
9183600.0,196.35521395000643,3.177947956319867e-10,96.65883103641147,0.0003445205223617892,119.68075648448728
9187200.0,198.74152074663397,2.8746023275843057e-10,96.66086068842843,0.0006580882250829434,119.71375429457841
9190800.0,203.894100736987,2.615331062504653e-10,96.66401288809902,0.0013010639232883582,119.7627616866111
9194400.0,193.7800956882883,3.4451771611519717e-10,96.6549362090612,0.0002519382579242036,119.805499282485
9198000.0,204.20012407299095,2.196180623062457e-10,96.65860315035228,0.0013467457402245653,119.84112754540621
9201600.0,202.06097760555068,2.789367970260721e-10,96.65996053445316,0.0010651924401268674,119.89393182666954
9205200.0,192.57700461200324,3.480315521486109e-10,96.65085458027987,0.0006285299838533802,119.9338488678039
9208800.0,208.02648356203608,2.035384146403979e-10,96.65983463739215,0.0019521380017010646,119.97294860770947
9212400.0,198.504998895506,3.1231704103953634e-10,96.6571652330948,0.0008819265598986783,120.02438519690226
9216000.0,190.90106314072176,3.6344740129193775e-10,96.65338120977843,0.0008156742217665336,120.05937746912282
9219600.0,210.23370304777902,1.9446363392734047e-10,96.66316640426783,0.0023590315547789616,120.10223800267843
9223200.0,193.99504164685789,3.565455411134817e-10,96.65704891755111,0.0007903524034226701,120.15053539045633
9226800.0,192.62323200940685,3.489795617183286e-10,96.65684626333835,0.0008861745780673145,120.18407764697562
9230400.0,210.1511496188176,1.8609591268702062e-10,96.66381283615254,0.002456058425940818,120.23104077641389
9234000.0,190.0809384855467,4.2147487526487486e-10,96.6546212692864,0.000869212280253687,120.27647572316671
9237600.0,195.50717817309533,3.3557990951395307e-10,96.65633172952239,0.0010508439212445833,120.3103461463748
9241200.0,206.7932560983757,2.034522199198426e-10,96.65923476004933,0.0022308809863569785,120.36093482714092
9244800.0,187.3879273433544,4.842478362212866e-10,96.64866845912046,0.0008360075689384785,120.4020900652606
9248400.0,197.13482520964217,3.382985609957274e-10,96.65544468414159,0.0012051209476888962,120.43763404968927
9252000.0,202.34600318153858,2.4441880663390543e-10,96.6548281610661,0.001702967573564612,120.48913138818628
9255600.0,187.31758392449217,4.957037624545991e-10,96.65002040693537,0.0005870784861688491,120.52633196915423
9259200.0,198.85190628329067,3.1956297435846896e-10,96.65961788140116,0.0013873207358355696,120.5676839790641
9262800.0,195.48774427644094,3.1573656157376604e-10,96.65571450618599,0.0010146786434388731,120.6183969187269
9266400.0,188.5696678389368,4.66260206193887e-10,96.65365549284661,0.00017760717557741644,120.65290068580867
9270000.0,197.47969559196784,3.243800588164187e-10,96.66189018843536,0.001409861406915504,120.69955692033446
9273600.0,189.61950190334596,3.9356882052080163e-10,96.65403081654104,0.000359717320234518,120.74736072374269
9277200.0,191.98059979527125,3.6264433464793335e-10,96.65412593864535,0.0007147310173979966,120.77943694134038
9280800.0,196.72652773568225,3.274190672735152e-10,96.65865730980579,0.0013381702991687562,120.82825855780835
9284400.0,184.21972588264148,4.693657839349162e-10,96.64822240809357,0.000432615753764432,120.87262359401367
9288000.0,196.5425345561465,2.830104305189853e-10,96.65268816312906,0.0015503615911833504,120.90925643561062
9291600.0,192.69594172754148,3.7824284335529987e-10,96.65344490777264,0.0011645359344359834,120.96234900259616
9295200.0,181.69718460716456,4.973317274283027e-10,96.64592411538281,0.0008403706970662973,121.0014349189624
9298800.0,200.6778774009983,2.577297714948278e-10,96.65538668209304,0.0021879482935140337,121.04041437454516
9302400.0,188.8069117962948,4.2969343750934456e-10,96.65284656066872,0.0010015873882220686,121.09169589209891
9306000.0,180.71209803945789,5.148410539245068e-10,96.64911869369959,0.0009750502051332377,121.1264984438147
9309600.0,200.16502640530192,2.590298740217366e-10,96.65826160596207,0.002505942337707253,121.17028794262377
9313200.0,182.52471579767774,5.341232997241539e-10,96.65179636303243,0.0009145794562238735,121.21806234170869
9316800.0,180.68774783498677,5.352969789730197e-10,96.65207943504419,0.0008785312980911901,121.25174905924646
9320400.0,197.76205870823765,2.652649690680413e-10,96.65775318189635,0.0024438333909278043,121.30053397503853
9324000.0,177.54624607814986,6.717792560015276e-10,96.6461076871832,0.0008731604046932253,121.34487981704187
9327600.0,183.03241792281824,5.290107854538263e-10,96.6499440984446,0.0009889888467592982,121.3793472109173
9331200.0,191.09422189548766,3.352062529792098e-10,96.65085087650444,0.0019451750915848913,121.43065617202025
9334800.0,174.2542587563514,7.853811525553687e-10,96.64182045581427,0.0005918683302590919,121.46985296814921
9338400.0,183.3990382095892,5.3846345931215e-10,96.65173414247403,0.0012241706443213048,121.50858977097914
9342000.0,182.632700690885,4.751150509384989e-10,96.64838660729762,0.0011294797501441736,121.55989303865051
9345600.0,173.74928342515838,8.069307159608119e-10,96.64564826082032,0.00012079391373594988,121.5951929915694
9349200.0,182.42961941372798,5.384835268472436e-10,96.65513942376438,0.0014452176030436304,121.64094169048764
9352800.0,171.8701235742035,7.351198779958816e-10,96.64806201056619,0.000282766060830951,121.68999944669136
9356400.0,174.04764131383536,7.163197972770331e-10,96.64910560038122,0.0007952999451776372,121.72409255632002
9360000.0,177.7300098496117,6.224166877835327e-10,96.65390296623808,0.0014360446602636019,121.77391085513652
9363600.0,163.50100591089168,1.0256338954701744e-09,96.64463913609957,0.0005466994211289908,121.81750607185234
9367200.0,175.9692593920532,5.827125619185595e-10,96.64767704083448,0.001660744528147962,121.85225165546079
9370800.0,170.75337974583806,8.381983485516425e-10,96.6487658226563,0.0012393261923019244,121.90486538324897
9374400.0,157.08105127583306,1.3284484913700938e-09,96.63858993257561,0.000881000239705946,121.94479440821111
9378000.0,175.10976578169186,6.238062238076165e-10,96.64724307236561,0.002292386947214082,121.98735346623383
9381600.0,158.69457601322605,1.4709389978345574e-09,96.64140041093532,0.0008284805646858237,122.038722736647
9385200.0,150.2381382805543,1.9759872968070864e-09,96.63968486688783,0.0008154325046888172,122.07374103321797
9388800.0,163.6433896854651,9.604000831158285e-10,96.64812535686497,0.0023159815039431276,122.1212017717647
9392400.0,140.72870193960958,3.821470159847117e-09,96.63885192600436,0.0004503984444008621,122.1667708857381
9396000.0,138.08453875374752,4.4604093302614354e-09,96.64228059513452,0.0014187297634171826,122.20245242175616
9399600.0,114.17841470653967,4.032427183293683e-08,96.64019661944188,0.002739930587157761,122.2548515683195
