Elapsed_s,SMA_km,Eccentricity,Inclination_deg,RAAN_deg
0.0,6638.136999999999,9.99999993922529e-09,96.7,11.500000000000002
3600.0,6623.079943079661,0.0011391081407671685,96.70707736166842,11.538547176353324
7200.0,6623.9238428254075,0.0010185115571807615,96.708526880822,11.588816797838247
10800.0,6637.8952204333855,8.219577754225929e-05,96.70172926977003,11.625226324869852
14400.0,6621.91975927572,0.0012868697701981142,96.7116213729575,11.664348831720178
18000.0,6624.62118422908,0.0008334698129428845,96.71119388315982,11.715319887010674
21600.0,6637.53605703566,0.00018192289528417985,96.70525847030255,11.752556968966092
25200.0,6620.875588218068,0.001417836095654983,96.71410036417161,11.792029043560376
28800.0,6625.35421131766,0.000649480139506069,96.71094998595596,11.842186414863157
32400.0,6636.912597382416,0.00028684061971418254,96.7052027033112,11.878337764563584
36000.0,6620.015819236257,0.0015140562771474055,96.71148299157441,11.917556352547702
39600.0,6626.088691849686,0.000539849638906167,96.70898807793114,11.968170541124795
43200.0,6636.366575119292,0.00036282370090147886,96.70164178437832,12.00528579755778
46800.0,6619.203405968186,0.0016555169200763503,96.71079545879434,12.04708930336623
50400.0,6626.876606436634,0.0004209255394796512,96.70684190911616,12.09725096878511
54000.0,6635.566922706272,0.0004430829715060152,96.70350322601799,12.132145664712954
57600.0,6618.362991230111,0.0017519773085799054,96.7137441899398,12.17353799888193
61200.0,6627.7743198530925,0.0002792560940305086,96.70952928461092,12.222614878507086
64800.0,6634.734990116093,0.0005352770676253338,96.70685022674384,12.256625284041135
68400.0,6617.611231239099,0.0018337622980108847,96.71564448864648,12.299038997524727
72000.0,6628.601268107139,0.00016114134455797615,96.710856958196,12.347790845792236
75600.0,6633.847348163,0.0006587488269805274,96.70693068643902,12.381397485760825
79200.0,6616.998418156707,0.0019447101636222142,96.71441955478313,12.42601812347078
82800.0,6629.303030009621,0.00020430802760191026,96.70598568399693,12.474280082289608
86400.0,6632.669596715617,0.0007860031154720281,96.70323521664051,12.506070672656474
90000.0,6616.554023322604,0.0020077139690226377,96.7112873333461,12.551721906032826
93600.0,6630.113693320288,0.00030813009251817627,96.70632631820276,12.598834972397464
97200.0,6631.61861916933,0.0008900811460525222,96.70615748833151,12.631664884367023
100800.0,6616.181323356766,0.0020855869273338785,96.71547237677808,12.678125031093975
104400.0,6630.857981302783,0.0004848235775893726,96.70905328741652,12.724868506928328
108000.0,6630.401346935233,0.001023431809983553,96.70991156730094,12.759199045313087
111600.0,6615.957798202002,0.0021512654059926304,96.71772824587272,12.806592048737201
115200.0,6631.596225706103,0.0006615042343078112,96.70921121823774,12.85138368728546
118800.0,6629.015849839401,0.0011673262628548041,96.70971802765645,12.885291978938982
122400.0,6615.9046218462245,0.0021840607170737296,96.71481121287457,12.932569975585618
126000.0,6632.174646461127,0.0007485792794701072,96.7064776343278,12.97743399471091
129600.0,6627.6216262536855,0.0012703709929861985,96.70718550658756,13.012730310798917
133200.0,6615.920501560144,0.0022014442136438625,96.7134370946082,13.062187428342819
136800.0,6632.6433875396315,0.0008267499902908213,96.70513227330656,13.105710876316902
140400.0,6626.176406571314,0.001335591342475008,96.70941154590932,13.140369698866834
144000.0,6616.017509016163,0.0021872917205613893,96.71581471390165,13.188780914137176
147600.0,6633.155461783664,0.000935632752292959,96.70793267825792,13.230878682032381
151200.0,6624.715130729013,0.0014595194848719528,96.71292028464103,13.265327593228035
154800.0,6616.272912130228,0.002178651103983618,96.71732122919585,13.314168824651533
158400.0,6633.454239896757,0.0010388143063106532,96.70928709553971,13.3558485914072
162000.0,6623.275827470839,0.0016059646517713366,96.71321688129572,13.390406517102875
165600.0,6616.763944164425,0.0021862457017546256,96.71584414454765,13.440831354986441
169200.0,6633.665832924246,0.0011303613171925438,96.70521056475933,13.481906554973259
172800.0,6621.780654303999,0.0017355858118728214,96.70995030812114,13.516034565231575
176400.0,6617.484322420442,0.002122576976314414,96.71203505611594,13.566566845419626
180000.0,6633.685591953966,0.0011576800651786558,96.70532292812035,13.606273596997283
183600.0,6620.4151677660875,0.0018139834194614084,96.71316310927415,13.642442327504806
187200.0,6618.153667791473,0.002065526761852668,96.71547184949651,13.693393519710527
190800.0,6633.588908884554,0.001210254046827863,96.7087326353529,13.731912322190517
194400.0,6619.039182953064,0.0018948786402404885,96.7168516775624,13.770444658976551
198000.0,6618.877619006194,0.0020181588329989245,96.71731597451843,13.822007367966487
201600.0,6633.397469258864,0.0012480741654157237,96.70981851749335,13.858341255889387
205200.0,6617.626386689373,0.0019884164757195287,96.71601290906861,13.896561406528818
208800.0,6619.771662608109,0.0019412509048465695,96.71405922983448,13.947758132224765
212400.0,6632.863788619236,0.001193987915001272,96.70639544206183,13.984270311604172
216000.0,6616.312872040024,0.00203599626746538,96.71435213567875,14.02544689774095
219600.0,6620.686674874536,0.001797916383077618,96.71195689326792,14.077302975130388
223200.0,6632.145891261997,0.0010739328825213243,96.70693769621764,14.112406573738742
226800.0,6615.181524832799,0.0020253588062363504,96.71607767265172,14.153972977056213
230400.0,6621.648690979533,0.0016564124177408776,96.71386004272924,14.203578358625293
234000.0,6631.431123194614,0.0010123853915456383,96.71013739335511,14.237708008712374
237600.0,6614.116570820344,0.002060127150685646,96.71936221405149,14.279521408268453
241200.0,6622.704418735821,0.0015435190972362994,96.71519164306125,14.328394378583702
244800.0,6630.419577362294,0.0009377710821125073,96.71165829069122,14.3627227704565
248400.0,6613.222743770413,0.0020822430321709297,96.71947588209166,14.40494998669529
252000.0,6623.711069871601,0.0014616257398725034,96.71367831597644,14.454476511527483
255600.0,6629.395216895464,0.000837941220510965,96.70856086711576,14.48895537709753
259200.0,6612.605134013375,0.002076270005931079,96.71591795735314,14.531800608334718
262800.0,6624.868439866653,0.001303662697295625,96.70974047301512,14.57939660235284
266400.0,6628.110634791271,0.0006867231479065504,96.70901328588941,14.613632819485252
270000.0,6612.04837922782,0.002017693165489701,96.71863076064189,14.659066452333297
273600.0,6625.8476655632585,0.001148083051508659,96.71255201447875,14.706115584537661
277200.0,6626.68737005491,0.0005296234997836533,96.713563429472,14.739667730711362
280800.0,6611.593153681377,0.0019361497685710183,96.72176870885016,14.787163320881692
284400.0,6626.707026579075,0.0010176629823153696,96.71444249830782,14.834214166569357
288000.0,6625.123821412827,0.000361368740483833,96.71517428319304,14.866578869714631
291600.0,6611.41318521411,0.0018384814782754612,96.72019260522693,14.91318948581299
295200.0,6627.543162655728,0.0008809677430342629,96.7116795202183,14.95923129437935
298800.0,6623.463390314229,0.00018509041736703872,96.71204126677819,14.992808732673918
302400.0,6611.451973858079,0.0017237177724475684,96.71821569371251,15.042815480209498
306000.0,6628.237440451466,0.0006775677969237984,96.70917862041854,15.088402481394436
309600.0,6621.878432883961,0.00020382239598051673,96.7133185845185,15.12185273687515
313200.0,6611.650570729897,0.001561368182083184,96.71889255229098,15.17190805222017
316800.0,6628.753403051292,0.0005091458719847941,96.71140334099385,15.214110473844228
320400.0,6620.08440818505,0.0003985183311395793,96.71693432309448,15.24792213233707
324000.0,6612.0725621858755,0.0014029747665239387,96.72151206399197,15.29761251595638
327600.0,6629.2004522960215,0.0003874144296888166,96.71306558674834,15.33855295839963
331200.0,6618.274258109354,0.0006065143187839858,96.71880685250396,15.373576824661084
334800.0,6612.715187838591,0.0012052206482890324,96.72116726992898,15.42364456087367
338400.0,6629.375310040178,0.00034698371965021657,96.71164503752401,15.464306351292903
342000.0,6616.580166075171,0.0008563185105133296,96.71615965372575,15.50069481220579
345600.0,6613.418176008567,0.001031591393447992,96.71659616478198,15.550996791152246
349200.0,6629.116637699207,0.00035153852727419103,96.70907036176753,15.588366848006375
352800.0,6614.859303968723,0.001084920642252522,96.71660955006521,15.626475939449183
356400.0,6614.303226997087,0.0007951180188010938,96.71857275329941,15.677400056300856
360000.0,6628.95653478972,0.00039399711991874723,96.71229168481078,15.714735691008443
363600.0,6613.171722399316,0.0013474054363303806,96.72160651598756,15.7536222999
367200.0,6615.365558096845,0.0005208425288906223,96.72097868802581,15.805267732777464
370800.0,6628.494545372449,0.0005241463413060793,96.71454389738732,15.842717246044002
374400.0,6611.714135160566,0.0015882146624927504,96.72313149114363,15.881470629204966
378000.0,6616.568722686064,0.00025885082474010485,96.71880700023048,15.931396504711879
381600.0,6627.653022667432,0.0006831045224756656,96.71353298746303,15.967548191832787
385200.0,6610.506828580573,0.0017655237526364555,96.72020459355322,16.008966738635102
388800.0,6617.700006824884,8.243456726317718e-05,96.71626511474282,16.06031962836315
392400.0,6626.731060137701,0.0007992704234647533,96.71090455399545,16.09662085299593
396000.0,6609.41455529084,0.001979355054412087,96.72072793469077,16.138738471524974
399600.0,6619.013655596203,0.0002133431525598164,96.7164393296095,16.18838025146212
403200.0,6625.528256655312,0.0009212707806943013,96.71425874248402,16.222613974501503
406800.0,6608.439015264078,0.0021322315746925592,96.723880929483,16.26569434461204
410400.0,6620.331275413107,0.0004405404861505187,96.71855826385394,16.313753481217294
414000.0,6624.107796819866,0.0010762320370028683,96.71713832170182,16.34735985739991
417600.0,6607.7114344514275,0.0022610242619574643,96.72526466551048,16.392110296841555
421200.0,6621.489167881681,0.0006806560732745247,96.71768899175918,16.43986954855581
424800.0,6622.5121237600815,0.0012773532607534774,96.7157832520261,16.473259372969572
428400.0,6607.3171148937445,0.00239868253019641,96.72209304939912,16.519778985310626
432000.0,6622.575745471367,0.0008689430581693725,96.71317843937494,16.566150003931146
435600.0,6620.710603887309,0.0014180015671217043,96.71448502988538,16.598059853696697
439200.0,6607.203401835124,0.00244844801588688,96.72133842518411,16.646354618698137
442800.0,6623.461208236266,0.0010506304319683308,96.71503606280754,16.69146662247075
446400.0,6618.896812057562,0.0015541846495809714,96.71846778109878,16.7250439581093
450000.0,6607.315482027995,0.002509563495101555,96.72561064049573,16.774533889223644
453600.0,6624.29445877819,0.0012451710333384108,96.71745424147618,16.8185975516534
457200.0,6616.932514549782,0.001706050481445643,96.72135375828466,16.85369896056433
460800.0,6607.687168786843,0.002539085474136077,96.72644439874223,16.903436766321338
464400.0,6624.963246649983,0.0013927909434135373,96.71592544004955,16.944068106034077
468000.0,6614.78044684817,0.0018587626109077746,96.72102305345975,16.979428147768562
471600.0,6608.360250845904,0.0024848864282548937,96.72248921008496,17.03098910446358
475200.0,6625.086167225038,0.00139897121989888,96.71331728221728,17.072194430952255
478800.0,6612.847188741524,0.0019199545410978718,96.71876330877652,17.1095787377748
482400.0,6609.1981817560345,0.0023943572020773186,96.72169358675644,17.160951665532085
486000.0,6625.132869256015,0.0013981889523549714,96.71483081319731,17.19934919090449
489600.0,6610.919074459875,0.001968136237079214,96.72279615653355,17.237122984794336
493200.0,6610.203111044519,0.00228270770604199,96.72383190974153,17.287682545683147
496800.0,6624.912922410591,0.0014013479419918882,96.71732523077127,17.32443024054356
500400.0,6609.072865484139,0.002048576325655936,96.72601792618876,17.363220208227858
504000.0,6611.4464421369785,0.002152117604149705,96.72442269350172,17.413221471706557
507600.0,6624.248689677499,0.0013727400452352122,96.71695501479333,17.45028093170373
511200.0,6607.417445680347,0.0021203100895137734,96.72404108690765,17.489415727513485
514800.0,6612.871141425044,0.002022498070054568,96.72079257032499,17.540184184250624
518400.0,6623.417394967474,0.0012635669276142457,96.71369640569483,17.576205515303062
522000.0,6606.082669680472,0.0021268929202206805,96.72307140474928,17.616588848895223
525600.0,6614.417001937781,0.0018036722893854653,96.71873569154495,17.66625990510121
529200.0,6622.137080588957,0.0011072089027294655,96.71691235832861,17.701331769521033
532800.0,6604.898368309968,0.0020625091034052368,96.72662861026046,17.744819223134755
536400.0,6615.800695247639,0.0016124997933697107,96.72196231293613,17.794308861212738
540000.0,6620.678652715496,0.0009479945883364858,96.72050968990415,17.82849411970258
543600.0,6603.960638464149,0.0019877701303530945,96.72886110044927,17.873922523772546
547200.0,6617.133510800449,0.0014165072546605583,96.72250507507931,17.92245828023327
550800.0,6618.837188893603,0.0007362298202845576,96.7199066229514,17.954350147331834
554400.0,6603.4034943119395,0.0018852763033050297,96.72739075416489,18.000067469142856
558000.0,6618.4827343797915,0.0011843655336464197,96.71832985302292,18.048705736906243
561600.0,6616.8403067741565,0.0004964874802354964,96.71790754195145,18.082842181997403
565200.0,6603.221011886008,0.0016940543538313847,96.72471843036732,18.13218008207949
568800.0,6619.544867389337,0.0009142672206157408,96.7171466129199,18.177910028900698
572400.0,6614.756709906857,0.00036645942400140313,96.72102460960534,18.210970007253838
576000.0,6603.320102868914,0.0014838467782560634,96.72745157441015,18.260402907102296
579600.0,6620.405027707235,0.0007043222507741994,96.71968574454932,18.30342203181486
583200.0,6612.45838214031,0.0005029145090853169,96.72430196925272,18.336987429710128
586800.0,6603.827734749599,0.0012646271110056744,96.72951249924888,18.38695570636372
590400.0,6621.074397801104,0.0005528689016010156,96.7201862502923,18.428175551831426
594000.0,6610.143072435554,0.0007804986351330768,96.7254673277651,18.464053500562283
597600.0,6604.664905339642,0.0009939026478939935,96.72652441874315,18.514058370964495
601200.0,6621.243088748972,0.0005389568822408622,96.7172788458424,18.554133485583296
604800.0,6607.948981117726,0.001094067209639139,96.72225189882472,18.591135979506664
608400.0,6605.669321256945,0.0007463286958657081,96.7238464301136,18.641654017801272
612000.0,6621.013821685698,0.0005823963136857884,96.71649126291652,18.67894375888523
615600.0,6605.76816689816,0.0014177046651581684,96.72580055847644,18.717823766600162
619200.0,6607.002210995792,0.0003958416895049082,96.72623762619097,18.769026944237254
622800.0,6620.5682178407715,0.0007178908568112786,96.720410859739,18.80628682721043
626400.0,6603.783578802103,0.001747427274192395,96.72997382991986,18.846572003311483
630000.0,6608.503888417752,4.3150559052270845e-05,96.72738990520254,18.89781624725569
633600.0,6619.640657185906,0.0009149360860452818,96.72154532957049,18.934227583639245
637200.0,6602.201842332875,0.0020383142271472783,96.7294379982075,18.97408935201306
640800.0,6610.182689606323,0.00026933440769813885,96.72446425277704,19.02375414688537
644400.0,6618.317082401858,0.001103341062435956,96.71948582278814,19.05988391135866
648000.0,6600.959743570912,0.0022662577417873584,96.72722109293954,19.10430965778856
651600.0,6611.742958071856,0.0005680590106644431,96.7212317092812,19.154308080543366
655200.0,6616.614165687178,0.0012609595252883635,96.71917444159928,19.18926156785184
658800.0,6599.973638078598,0.002461037716583118,96.72895420699653,19.233486381670815
662400.0,6613.407629739359,0.0008535598502469754,96.72329138652083,19.28133838332581
666000.0,6614.658252302935,0.0014239133016169772,96.72327188319674,19.315105542414596
669600.0,6599.350560124764,0.0025976521905350805,96.73153804138784,19.361021479009683
673200.0,6614.843905468398,0.001110108649868309,96.7246975744088,19.40697453111082
676800.0,6612.44573237955,0.001603077682202666,96.72574007466481,19.440518138447967
680400.0,6599.202206397144,0.0027043018752491983,96.73179618984352,19.488746921024354
684000.0,6615.925282768651,0.0013398106286620843,96.72086287750571,19.533944639956538
687600.0,6609.941733632494,0.0018048529529292691,96.7227915348613,19.56704271511969
691200.0,6599.613811006888,0.0027278391870015797,96.72714719410435,19.616514538681123
694800.0,6616.844931983031,0.0014751166956268875,96.71847354792875,19.659426946807603
698400.0,6607.484178905486,0.0019167983946631732,96.72463024854683,19.69342791578058
702000.0,6600.41523841877,0.0026777177775216304,96.72878805787045,19.74425855348266
705600.0,6617.320370231901,0.0015794577096854185,96.72175083385783,19.7852008444662
709200.0,6605.031489045342,0.002016085206066795,96.72900348896995,19.82186930663496
712800.0,6601.466870138033,0.0025985175716363076,96.73169878189707,19.874055841512757
716400.0,6617.375635537422,0.0016385248514569487,96.72367740673339,19.912977781514332
720000.0,6602.634782998397,0.002103492475205614,96.7301573745526,19.95094391481865
723600.0,6602.880617322797,0.002470104506038604,96.73004348383638,20.002011776506258
727200.0,6616.960636515518,0.0015846030003627439,96.72076183298392,20.038286857338548
730800.0,6600.332877674769,0.0021378707423980545,96.72969239246471,20.078635060544922
734400.0,6604.557832728326,0.0022346374919712526,96.72588082313356,20.131590712679166
738000.0,6615.7914944196,0.001385621583961323,96.71974390987063,20.167577403527886
741600.0,6598.51308207636,0.0020610089770755355,96.72873671449366,20.21021363099591
745200.0,6606.275485196342,0.0019518357659608705,96.72584580461717,20.260257693396746
748800.0,6614.417705464938,0.0011792776120374295,96.72348707401609,20.294272750456745
752400.0,6596.988962046032,0.0019841500330553203,96.73252295337619,20.337893296771973
756000.0,6608.100377392764,0.0016761080725333645,96.7273912893587,20.386564729338257
759600.0,6612.501433687718,0.0009448401847116373,96.7259510057246,20.41979292838015
763200.0,6595.936733993455,0.0018748242480210282,96.7346965731243,20.465112136170582
766800.0,6609.796137768654,0.001420737795978748,96.72683323859592,20.5126715233479
770400.0,6610.2693975402935,0.0007328468060493969,96.72488753253658,20.547031113867686
774000.0,6595.529719177771,0.0016974138584560524,96.73076700508295,20.593180681861732
777600.0,6611.283225779678,0.0011543637487126457,96.72231192000186,20.63847953718439
781200.0,6607.710618221286,0.0005383771950332721,96.72318938804514,20.67316948911708
784800.0,6595.487967913703,0.0014707238141340154,96.73121480089345,20.721685802573557
788400.0,6612.476317883445,0.0008706665581057659,96.72274240060152,20.765050552320485
792000.0,6604.8994566974825,0.0006566909121765934,96.72849380600925,20.799979755630723
795600.0,6595.96478258386,0.0011422349121988546,96.73386864967348,20.850676968040176
799200.0,6613.2373025648985,0.0007092756888781794,96.72569144157163,20.893478065876444
802800.0,6602.067083622743,0.000995783534057133,96.73169034344066,20.92899341493504
806400.0,6596.999175018006,0.000771097006876341,96.73329445350335,20.979791566794088
810000.0,6613.41845211236,0.0007160152147225514,96.7252167431444,21.02011883822353
813600.0,6599.417253085264,0.0013694508816243607,96.72970549483688,21.055925659502353
817200.0,6598.4159344600375,0.0004226378633182339,96.73104713199459,21.107823302017238
820800.0,6613.175742225932,0.0008000829028032969,96.72127704466459,21.148032775691487
824400.0,6597.04440267687,0.0017738593631792436,96.72978362632487,21.187473768464958
828000.0,6600.175614938141,4.6206931729654406e-05,96.72806008554925,21.239279633534576
831600.0,6612.2100775728,0.0009828855360003454,96.72295188229636,21.27570901412486
835200.0,6594.860312622983,0.0021173995634082075,96.73335548225165,21.316032036824183
838800.0,6602.205602981481,0.0003796908358526837,96.73010201240123,21.366389201466106
842400.0,6610.712513481083,0.0011943498295242407,96.72660842223497,21.401140916157456
846000.0,6593.135221220569,0.002409320507832993,96.73562882059656,21.44371635831699
849600.0,6604.221229755874,0.0007493995469581768,96.73075666997887,21.493124867020573
853200.0,6608.730043402661,0.001426229742351878,96.72714465764201,21.526955764940457
856800.0,6591.990971859053,0.0026742261753332315,96.73456906522588,21.57296096143695
860400.0,6606.000712986582,0.0010847678438689016,96.72514382214557,21.620991877566638
864000.0,6606.112304232351,0.0016403727361329185,96.72392451512755,21.65292331534032
867600.0,6591.535466150545,0.002804452046609136,96.73116952062296,21.700969267816713
871200.0,6607.62385934577,0.0013414137745705582,96.72474577283143,21.746697103012426
874800.0,6603.378236017157,0.0018029038441689596,96.72766707657763,21.780138076488473
878400.0,6591.7103494391,0.0028711375304940356,96.73495483138758,21.829812774920523
882000.0,6608.881113559079,0.0015762341784825047,96.7272454177369,21.873587140097623
885600.0,6600.383165304264,0.0019557989289506962,96.73216731860421,21.909399441159515
889200.0,6592.439291384228,0.0028547724436293435,96.7366296239182,21.960787625305628
892800.0,6609.607994916515,0.0017257262224572513,96.72754872062382,22.00102281765955
896400.0,6597.284719976361,0.0020783937212433407,96.73225012717342,22.037316571926777
900000.0,6593.764435743423,0.0027308027100466504,96.73291143451445,22.088786155176667
903600.0,6609.588501446031,0.0016927830037099622,96.72403690518894,22.12786350595861
907200.0,6594.367554027137,0.0021085691924241858,96.73099295885945,22.16756720793479
910800.0,6595.493056915509,0.00248596722822045,96.73025893332806,22.22041454172949
914400.0,6608.764610011023,0.0015310645466435656,96.72414002165023,22.256904117152104
918000.0,6591.864746386129,0.0020382137997044815,96.73325098511006,22.298070674851367
921600.0,6597.4693989575635,0.002171145874941648,96.73142064142085,22.34856623337076
925200.0,6607.436282256942,0.0013304594991073095,96.7275268195308,22.383146168055696
928800.0,6589.765688939253,0.0019651405025146508,96.73688838516718,22.425782478153323
932400.0,6599.653770758406,0.0018374145708571984,96.73200074080933,22.474955982307797
936000.0,6605.291795059164,0.0010642992833809757,96.7294419310118,22.509176153630342
939600.0,6588.339477937362,0.0018320086702309302,96.73718984294442,22.553471253714054
943200.0,6601.679674957463,0.0015303989164712109,96.72977134030299,22.602364965785686
946800.0,6602.723198119271,0.0007994786214303639,96.72686281698837,22.636692274336237
950400.0,6587.729334090814,0.0016124839619413396,96.73333802418937,22.682852746862203
954000.0,6603.5342160874725,0.001164037610657035,96.72538261075434,22.728184605578377
957600.0,6599.64000050363,0.0006357716070686442,96.72791915193375,22.762940738854986
961200.0,6587.687677652398,0.0012990919778268625,96.73550412647563,22.812375641394357
964800.0,6604.863012677313,0.0008644154158551933,96.7277446679245,22.85572644098866
968400.0,6596.2837591496145,0.0008634121807733557,96.73351632048217,22.890919349260887
972000.0,6588.4180943515785,0.0008979482836055403,96.7379194305045,22.942463470018406
975600.0,6605.5598666371725,0.0007571580507971247,96.72941165279966,22.984683230966287
979200.0,6592.921036983602,0.0013120254749934915,96.73570481453963,23.01998555112664
982800.0,6589.871854012199,0.0004523388753242659,96.73534331178627,23.070785036386457
986400.0,6605.487627170426,0.0008569794881987607,96.72751850582137,23.11025849503054
990000.0,6589.962828641851,0.0017430431152686378,96.73340000425058,23.148899091585022
993600.0,6591.767080391817,4.605120899944717e-05,96.73224714172201,23.201838634590505
997200.0,6604.629280887085,0.001047783407324075,96.72488891935443,23.24018350200234
1000800.0,6587.340397154273,0.0021929610943050913,96.73455629768007,23.280666765715324
1004400.0,6594.063296709659,0.0004460590375192239,96.73159769467554,23.331865048696898
1008000.0,6602.926363565162,0.0012686639739406297,96.72817496980493,23.36695073279836
1011600.0,6585.239255649965,0.002537943388123906,96.73809067236083,23.409672977421444
1015200.0,6596.482889895689,0.0008670759917597824,96.73299672035795,23.458703453796023
1018800.0,6600.45152674736,0.0014997788704659105,96.73141180150729,23.492672551658654
1022400.0,6583.909336470292,0.002782548617095877,96.73956482733632,23.538243893491533
1026000.0,6598.600744212285,0.0012436382051768519,96.73142559609501,23.586089616350602
1029600.0,6597.3830477349775,0.0017496200548871687,96.73050042950983,23.619727338347865
1033200.0,6583.554040547128,0.0029437199086893013,96.73619249904753,23.668062653367162
1036800.0,6600.368718421291,0.0015099264317082544,96.72637287839777,23.713362191707862
1040400.0,6593.927859868984,0.0019004289313157535,96.72987180827086,23.74615052769675
1044000.0,6584.134645935404,0.0029150901615046724,96.73476491718372,23.79675605732949
1047600.0,6601.374029207931,0.0016615669466189592,96.72795170092148,23.839421580998174
1051200.0,6590.365342217329,0.002006019448542555,96.73452452038431,23.875019475005857
1054800.0,6585.379505001246,0.0028030987660419343,96.73816608167786,23.927095654937244
1058400.0,6601.642778254416,0.0017287713293323752,96.73037454266952,23.967269759130136
1062000.0,6586.924128972728,0.0020703321000855074,96.73794809050933,24.005874035309755
1065600.0,6587.268128826696,0.002578869572444987,96.73808849034702,24.057797513772766
1069200.0,6601.00210026349,0.0016346792547635752,96.72933012760677,24.093586765902447
1072800.0,6583.759001227003,0.002052985442174596,96.73758185619457,24.133641620763484
1076400.0,6589.660437926368,0.0022176749930609744,96.73296607197352,24.186522960972415
1080000.0,6599.085255196816,0.0013183782970704824,96.72673333921568,24.22248448573884
1083600.0,6581.426060943686,0.0018888276868922328,96.73563558327521,24.267302724685987
1087200.0,6592.091785702911,0.0017667264380164603,96.73093779456693,24.3176404634822
1090800.0,6596.531613914506,0.0009550813768708283,96.72998864724225,24.351066850295208
1094400.0,6579.9045454315055,0.0016442816936472128,96.73901782333992,24.397653515142373
1098000.0,6594.407564464998,0.0013153420739260122,96.7323218703431,24.444862857142304
1101600.0,6593.198069852647,0.0006822435889341517,96.7335973643954,24.47778092289642
1105200.0,6579.416838342616,0.0013469720206981492,96.74131294589812,24.526363426535287
1108800.0,6596.307935899576,0.0009291841670615917,96.73208429214344,24.57080821441667
1112400.0,6589.358358300964,0.000814874355930569,96.73521944991734,24.605833355977982
1116000.0,6580.019217522704,0.0009430426261550173,96.73822773344595,24.655434561421366
1119600.0,6597.299362104553,0.0007735419876194357,96.72859598253417,24.697745891895437
1123200.0,6585.501962889234,0.0012661893595735582,96.73259119321794,24.734293211632142
1126800.0,6581.400247680123,0.0005093457883293469,96.73502274263599,24.78528450782936
1130400.0,6597.26567695743,0.0008445756610505525,96.72727474552781,24.82341469696697
1134000.0,6581.730178375225,0.0018054056611005642,96.73667226139082,24.8626844946137
1137600.0,6583.569332379969,9.38563048321366e-05,96.7367438305519,24.914513595307366
1141200.0,6596.272003561417,0.0011031931923327668,96.7312833410823,24.95159729542966
1144800.0,6578.544452496665,0.0023204371453672836,96.74126496438011,24.993558116545227
1148400.0,6586.150402293053,0.0006031206222269618,96.73713278713153,25.04489746436774
1152000.0,6594.087851508211,0.0014050586635321553,96.73267817488971,25.080564340724827
1155600.0,6576.392252624834,0.002717312352516285,96.7408690729703,25.123580051218138
1159200.0,6588.874070586452,0.0010644572381181222,96.73317120046524,25.17213817835543
1162800.0,6590.876478059869,0.0016483554331441208,96.7316460601282,25.207476060182547
1166400.0,6575.315128764752,0.002932428212018214,96.73817142517328,25.256179119536633
1170000.0,6591.062749028488,0.0014038094296794197,96.72955690340274,25.30338003632145
1173600.0,6587.019487727224,0.001799507572265439,96.73174894632966,25.3385328865686
1177200.0,6575.266169088206,0.002974041653613184,96.73897318279231,25.38782308462263
1180800.0,6592.653365123486,0.0016151893692463442,96.731397677372,25.431022995566973
1184400.0,6582.801316942866,0.0019103473351293006,96.73679905032847,25.46663588975734
1188000.0,6576.332939996304,0.002845870293618293,96.74047307853994,25.517333568362663
1191600.0,6593.1217526637465,0.0016621937550663148,96.73280618692611,25.55718577469444
1195200.0,6578.63902868827,0.001978607877471875,96.74022895873395,25.594772926747744
1198800.0,6578.422902559099,0.0025703658975939404,96.73955312046554,25.64629875934284
1202400.0,6592.286559968186,0.0015650763692584087,96.73010961770136,25.6846676613955
1206000.0,6575.001528011439,0.0019685733220052544,96.737419659221,25.72404685573512
1209600.0,6581.167394165246,0.0021486808105722938,96.73360989936037,25.775058846600775
1213200.0,6590.183360010349,0.0012321651793463983,96.72832725787366,25.811091432910146
1216800.0,6572.391525442826,0.001802196637636896,96.73919319155749,25.854339488885717
1220400.0,6584.034507495359,0.001625444789885257,96.73335083614877,25.903706967779605
1224000.0,6586.8360841608655,0.0008438630968245022,96.73363443708483,25.938147377325755
1227600.0,6570.83837993115,0.0014995186445131647,96.74264290417393,25.985972132616922
1231200.0,6586.43261661825,0.0011429869762876127,96.73524474967424,26.033799198949943
1234800.0,6582.65911324587,0.0007274965659153891,96.73735423453915,26.067901116170415
1238400.0,6570.675043256541,0.0010792204524357595,96.74229713786026,26.117362126620044
1242000.0,6588.006481652483,0.0008283838073234009,96.73363958357334,26.161678388620263
1245600.0,6578.017315985279,0.0011258102211036064,96.73586218996772,26.195740176365057
1249200.0,6571.841304081435,0.0005941422706396388,96.73992888122619,26.24780177767699
1252800.0,6588.50901878553,0.0007994315364534232,96.72905909742583,26.29063249185927
1256400.0,6573.696095094538,0.0017579301169645715,96.73671687767776,26.328915341609974
1260000.0,6574.092061605468,0.00020749845479975322,96.73628304579535,26.381681457794535
1263600.0,6587.424979379179,0.0010698889778571897,96.73038355130603,26.41915868149668
1267200.0,6569.821204376771,0.0023179017405899494,96.7408810918185,26.459488718408668
1270800.0,6577.0435502885375,0.0006235161453996747,96.73758752604896,26.510576798898125
1274400.0,6584.876930680721,0.0013623313394606066,96.73431132756009,26.545538457006508
1278000.0,6567.0597829272665,0.002730478302461105,96.74336947437185,26.58946317457766
1281600.0,6579.988197157849,0.0011010517403998357,96.73746714354444,26.638695412103846
1285200.0,6581.0839915516035,0.0016284443216008026,96.73545403848074,26.672548878160846
1288800.0,6565.795683911473,0.0029801315411575975,96.74211183953446,26.72100789684643
1292400.0,6582.292477307529,0.0014717707974281273,96.73128372456549,26.76750969715152
1296000.0,6577.0612424939445,0.001790639315259571,96.73298987730404,26.800303919954075
1299600.0,6566.999410375182,0.002887865522761164,96.73783162839828,26.85120841058711
1303200.0,6585.087655305033,0.0015741765769067102,96.73044026366618,26.893872738129765
1306800.0,6572.9782581845975,0.001855234884935483,96.73753593060216,26.929850919225654
1310400.0,6570.290166365978,0.002684648511750246,96.74037581520899,26.982142311434583
1314000.0,6585.681093875898,0.0015870352746964426,96.73347096900055,27.02125935525341
1317600.0,6570.146502040804,0.0018827418461186385,96.74245105028456,27.061750735716167
1321200.0,6573.65539853561,0.002238327377810861,96.74086372429562,27.11448989033897
1324800.0,6585.4945162399235,0.0013066865449298047,96.7350428861331,27.149601299327696
1328400.0,6567.4000387923625,0.001741632574227703,96.74202398887049,27.19177387958734
1332000.0,6578.23899869221,0.0017580829272526622,96.73615662140031,27.242985738947148
1335600.0,6582.876741560723,0.0008858673799022434,96.73208343250839,27.27729437616134
1339200.0,6566.942817468515,0.0015169753610476723,96.7405465967527,27.325381059121298
1342800.0,6581.756781537042,0.0011159058736561166,96.73231591247975,27.374815137926625
1346400.0,6580.245476150998,0.000674049789837918,96.73422653512503,27.40836942708959
1350000.0,6567.203179431069,0.0010834409389715097,96.74113405121618,27.458636267693283
1353600.0,6585.2100372235955,0.0007219259531291365,96.73340476226856,27.502543953079876
1357200.0,6576.212477929892,0.0010454990943881176,96.73898653937871,27.536999412855536
1360800.0,6569.78742691071,0.0006932137443533152,96.74304933834686,27.588100334750564
1364400.0,6586.7107300106645,0.0006778241949766671,96.73458247732482,27.62857026179324
1368000.0,6573.082962526327,0.0016838787029400631,96.74192102733078,27.665757572970357
1371600.0,6572.7738385363255,0.00026553837530335773,96.74154223376125,27.717704955036737
1375200.0,6587.444612631858,0.0009878042432121157,96.73305698714248,27.755783987493487
1378800.0,6569.893985558495,0.002234350562218294,96.7399583435604,27.79660890617159
1382400.0,6577.075316715855,0.0005428329580814787,96.73525883320977,27.84791424109062
1386000.0,6585.690626505635,0.0012537747237812797,96.7312401494589,27.881487451954627
1389600.0,6568.644612026104,0.002696648435161502,96.74025700091238,27.92645838922928
1393200.0,6580.82225257142,0.0010193983185708881,96.73587640904611,27.97598161822764
1396800.0,6583.84230471407,0.00151150022504533,96.73572137051674,28.00981286557223
1400400.0,6568.065276448254,0.002896726811768298,96.74493710645245,28.057989935130816
1404000.0,6584.905041003104,0.0013751787545832647,96.73709800963385,28.105234964201422
1407600.0,6580.23297928303,0.0016861934381680592,96.7395004058735,28.140359913333715
1411200.0,6569.7722507369335,0.0029647891596867176,96.74550960575307,28.190536888272593
1414800.0,6587.298427553254,0.001623590642772552,96.73467417950464,28.232294867734126
1418400.0,6576.988004158901,0.0018164951603107647,96.74004386796994,28.268340137938996
1422000.0,6571.998892317212,0.0026877085057284344,96.7406589313694,28.32128082328688
1425600.0,6588.843330108417,0.0015028844656280785,96.73143315710895,28.361710990358866
1429200.0,6573.441057841703,0.0017628825910841704,96.73859418649728,28.401557384221167
1432800.0,6575.927006331438,0.0023306042614320162,96.7385839277731,28.4541303860928
1436400.0,6588.356660999506,0.001283282645893244,96.7334529757964,28.49017617847716
1440000.0,6571.440413903401,0.0016766719208404547,96.74302960483541,28.532430716580798
1443600.0,6579.541888899382,0.0017653484020825267,96.73943094820272,28.582911312080963
1447200.0,6587.300685746591,0.0008944868828737011,96.73666507873348,28.616694200284357
1450800.0,6569.7776902069745,0.0014875051806110045,96.74617114647509,28.661920593208723
1454400.0,6583.972905615166,0.0012724938236324797,96.73877254467419,28.709890457352973
1458000.0,6584.292472190077,0.0006390509582412657,96.73795939396587,28.74441386463009
1461600.0,6570.4578190604525,0.0012483777347232323,96.7436972076642,28.791599023702997
1465200.0,6586.929915270106,0.0008120715091166856,96.73461107405468,28.837591777824912
1468800.0,6581.5232960205785,0.0008579185721991647,96.73555209846968,28.872717013362163
1472400.0,6571.590068091558,0.0008672549399249709,96.74094320391423,28.92252520638507
1476000.0,6589.694971282629,0.0006452384887687331,96.73221251248955,28.963885988763554
1479600.0,6577.712366456258,0.0013782080186527039,96.73997897063224,29.000967513089535
1483200.0,6574.740724778376,0.000495494220456961,96.74281327820263,29.052921613927698
1486800.0,6590.466226228374,0.000826534565508155,96.7357457683803,29.092289552735522
1490400.0,6575.103892202242,0.0020297447814163054,96.74496632421055,29.131774688084423
1494000.0,6577.989776428701,0.00041053042274388004,96.7432311430324,29.184115195319006
1497600.0,6590.6096848961715,0.0011360762373426418,96.73691348375291,29.221261670008086
1501200.0,6572.6779172605,0.0024768504777757296,96.74501016017183,29.261771905305896
1504800.0,6582.4852084010945,0.0007684457373003184,96.73926383795667,29.311907348780593
1508400.0,6588.67869746905,0.0013708177096062684,96.73534401764276,29.34792798014481
1512000.0,6572.235287687408,0.0028280630410438905,96.74281440791076,29.394610794195813
1515600.0,6585.909325530673,0.0011753940669725726,96.73523232230312,29.44378755759115
1519200.0,6586.566553033177,0.001530846482270082,96.73548228096024,29.478763954947397
1522800.0,6572.158698524874,0.00290917255432864,96.74406333458295,29.526471058116282
1526400.0,6589.685767248025,0.0013949012740381477,96.73676281075075,29.571740209152598
1530000.0,6583.128484484481,0.0016173911987083281,96.74051997302492,29.60649556797945
1533600.0,6574.148746258384,0.0028784533730943757,96.74588783499951,29.65629322514355
1537200.0,6591.62408319231,0.0015291866286954252,96.73789483334959,29.698020934854252
1540800.0,6580.368842483128,0.0017088700204189518,96.74404349916406,29.734234451438958
1544400.0,6576.5462950598185,0.0026018502125562224,96.74520049012867,29.78555143556774
1548000.0,6593.08678032641,0.0014621183415477995,96.73473189503424,29.82545150649349
1551600.0,6577.1434907295925,0.001721938776036777,96.74147296745156,29.863091739864615
1555200.0,6580.639227998574,0.002259478012991751,96.73939530998838,29.91456432938505
1558800.0,6592.585479164647,0.001239960957666904,96.7327206358716,29.95160710443228
1562400.0,6575.642465362207,0.0016670458583355023,96.74354837557408,29.992786824099646
1566000.0,6584.230639429635,0.0017089491845912734,96.73931222296908,30.04330723272787
1569600.0,6591.590513256688,0.000868356671598709,96.73764759180278,30.07821549615274
1573200.0,6574.262611200363,0.0014501923496277325,96.74739598763144,30.124046364522084
1576800.0,6588.386023297407,0.0012701390592148405,96.74120881367662,30.173493507553903
1580400.0,6588.949806768597,0.0006482719647210941,96.74115618499268,30.20737925885957
1584000.0,6574.8823989720295,0.0012242143760856344,96.74750706922327,30.254998419246093
1587600.0,6591.26555654289,0.0008235121778668864,96.7393690958196,30.301423351750845
1591200.0,6586.4196469260705,0.0008350787421128887,96.73942616821287,30.334340012336355
1594800.0,6575.987067136602,0.0008766475476426152,96.74571911097826,30.385026168750638
1598400.0,6594.229972871908,0.0006390111126339955,96.73462919493748,30.430302604563142
1602000.0,6583.192461315912,0.0013253248805778863,96.74025760056678,30.466380539367254
1605600.0,6578.947037632167,0.0005900839360739605,96.7426050523344,30.518785739015897
1609200.0,6595.202777722058,0.000771712866218323,96.73525370633342,30.558520172296404
1612800.0,6580.839482685995,0.001902087918800839,96.74468341430762,30.595870097969712
1616400.0,6581.947377129986,0.00045519431537081867,96.74443882598243,30.647511965044036
1620000.0,6595.847345044037,0.001023643390928327,96.73859994851168,30.68432267692132
1623600.0,6578.351001692773,0.0023147783163792687,96.74757058988119,30.724481252586255
1627200.0,6586.190513652115,0.0006650945912582399,96.74471727232145,30.77557028991029
1630800.0,6594.63317364649,0.0012561144438789295,96.73906728587747,30.810445035364168
1634400.0,6577.574715750453,0.002725635327185933,96.74698528653916,30.854975122399644
1638000.0,6589.503289989287,0.001020778090731688,96.73854229971393,30.90453675884608
1641600.0,6593.073906694602,0.0014393996134860376,96.73590797064153,30.93677111342281
1645200.0,6577.152297180392,0.0028593261020537653,96.74380232355077,30.984179209202516
1648800.0,6593.409454142033,0.0012528834414935615,96.73768588181171,31.030973410315717
1652400.0,6590.345914055744,0.0015573321879892182,96.73992522171544,31.064419472783804
1656000.0,6578.669687167881,0.002938592029977428,96.74761416008556,31.11409987924326
1659600.0,6595.873988207491,0.0014988423269942485,96.73985520265572,31.158348396304394
1663200.0,6588.02490523091,0.001666044815435742,96.74483278424643,31.194328176263326
1666800.0,6580.3489372516715,0.00278028518068701,96.74913375858814,31.246114669441102
1670400.0,6598.245289964447,0.0015442137379795356,96.7400970179811,31.286161325133378
1674000.0,6584.903444629581,0.001701420886273667,96.74518756336231,31.323001331252176
1677600.0,6583.697420915554,0.0025588479750346823,96.74511702915578,31.374875948791036
1681200.0,6598.663999562876,0.0014369487425850923,96.73649553430425,31.413176748613974
1684800.0,6583.009316773068,0.0016842240687009397,96.74422587341877,31.4541404913647
1688400.0,6586.768360134853,0.0021133052061454876,96.74200125652072,31.507057423998063
1692000.0,6598.770673454801,0.0011277110594836977,96.73697113202206,31.542563358061006
1695600.0,6581.102329098744,0.0015194638260109686,96.74638487788064,31.58563365172439
1699200.0,6590.826559186163,0.00168313131001581,96.74283842886335,31.635447803626892
1702800.0,6597.301967921412,0.0008423610085321703,96.74074558804695,31.669178354097618
1706400.0,6580.802050761961,0.001421746175606976,96.74985156774486,31.714095877493193
1710000.0,6594.105015775337,0.001176196533637329,96.74324223183592,31.761900972688792
1713600.0,6595.772956428111,0.0006083975237513045,96.7430843890376,31.795622899974166
1717200.0,6580.792491654219,0.0011805947589399119,96.7499739760465,31.842487433106154
1720800.0,6597.659942499468,0.0008762840690158257,96.74095571182413,31.88920757499794
1724400.0,6593.110591942914,0.0007544341985940392,96.74092611513666,31.92373167979025
1728000.0,6582.565599724229,0.0009727039068423707,96.74549355432205,31.97248915674681
1731600.0,6599.768630249887,0.0006151341236234802,96.7369331703587,32.01468478449739
1735200.0,6590.999676641883,0.0012047758057431685,96.74211848478166,32.05076201920699
1738800.0,6584.3128880327395,0.0006401767036848482,96.74710174656637,32.10190674912856
1742400.0,6601.950014880237,0.0007126169572245274,96.73960421951993,32.14201190704351
1746000.0,6588.17505209045,0.00167724842397691,96.74793460357871,32.17946363211543
1749600.0,6587.641206157268,0.0004443585363033249,96.74903967333255,32.23192619520003
1753200.0,6602.417964466305,0.0009343795998800564,96.74171074980347,32.27085443347028
1756800.0,6586.635964498385,0.00219393204125185,96.75013025561903,32.309274021772545
1760400.0,6590.675710910234,0.0005441483079054319,96.74612842315807,32.36000794861862
1764000.0,6602.638588274348,0.001169573802781989,96.74077187004748,32.39647755257596
1767600.0,6585.042021282554,0.002485969941099545,96.7475800019633,32.43879735895271
1771200.0,6594.5612030169095,0.0008142891826613811,96.74279288111342,32.49038963217987
1774800.0,6601.421228103562,0.0013455177009501678,96.73830266844705,32.52642989533308
1778400.0,6584.93568158947,0.002820809160434552,96.74811929370115,32.570824038880296
1782000.0,6597.724892192667,0.0011307474728762875,96.74219049865663,32.61957063302602
1785600.0,6600.258513877598,0.0014609395212164312,96.74236955581034,32.65361329863476
1789200.0,6584.767714532495,0.002899612074418681,96.75107151614468,32.69988618854183
1792800.0,6601.3446505261645,0.0013156637908760995,96.74371773796894,32.74579240038889
1796400.0,6597.88592453317,0.0015389887516197322,96.74603816854749,32.77968744761616
1800000.0,6586.278869705812,0.002947857516732495,96.75199701531805,32.82804066820759
1803600.0,6603.501155561695,0.0014914756585770773,96.74249224837635,32.87252955256544
1807200.0,6596.10973926556,0.0016539757770722904,96.74506557525321,32.906740237641
1810800.0,6587.894615081642,0.0028135253303338908,96.74825667245335,32.95728148924322
1814400.0,6605.9238484708185,0.0014972520148854038,96.73810705612092,32.99914148795584
1818000.0,6593.596273258928,0.0016494393716213135,96.74457825366098,33.033810362524825
1821600.0,6591.007459318525,0.002617476148735257,96.74621956811157,33.08528785513089
1825200.0,6606.6780537096865,0.001463095063713778,96.74033352292994,33.12464312147102
1828800.0,6592.224193621453,0.0016529000917466462,96.74902534211714,33.16274657746407
1832400.0,6593.600930221958,0.0022902525290064094,96.74933783049526,33.21481647829137
1836000.0,6607.530445196237,0.00130577792273288,96.74336505893856,33.2520276679026
1839600.0,6590.426719727238,0.0015893013092363733,96.75209612880512,33.29324876184474
1843200.0,6597.267414749058,0.002012129340513421,96.74936373824491,33.34444461256837
1846800.0,6606.863080562763,0.0011221279850471238,96.74279727512109,33.378123555513646
1850400.0,6589.93019096186,0.0015370309670807512,96.75121283491596,33.4204281800634
1854000.0,6600.265631350614,0.0015655558176811924,96.74450831109633,33.47195442022628
1857600.0,6606.2134237248565,0.00080099410025517,96.74047271506633,33.506664256875695
1861200.0,6589.449169603319,0.0013196988654360462,96.74894319149486,33.55352716010079
1864800.0,6603.847415471112,0.0012035391854372174,96.74275148130148,33.602086224120505
1868400.0,6604.4987504577575,0.0006443226834191353,96.74376893959008,33.6350127541127
1872000.0,6590.385258817297,0.0011608103782451407,96.75193735834353,33.68289490167277
1875600.0,6606.353717149524,0.0008150959867532304,96.74463849581618,33.728334428036206
1879200.0,6603.195945740763,0.000780988290453302,96.74729893814248,33.761282112109186
1882800.0,6591.264323677908,0.0009228906253708905,96.75410835252849,33.81039787877507
1886400.0,6609.291275553722,0.0006509982180609856,96.74479778384958,33.85349111960574
1890000.0,6600.9453396404915,0.0010717570663789072,96.74874752394946,33.88861997925819
1893600.0,6593.609246561886,0.000721733852427841,96.75117622201067,33.93819130980901
1897200.0,6610.737737116393,0.0006543420571714008,96.74169844969734,33.97973477823772
1900800.0,6599.656649241883,0.0015064175314283743,96.74580050152262,34.01610508490637
1904400.0,6595.532974062532,0.000516072010198413,96.74822056727045,34.06664493039514
1908000.0,6612.351978601952,0.0008077657379268181,96.7404711700456,34.10470845581056
1911600.0,6597.640934027203,0.0018545436026306558,96.74949340861053,34.143182652031264
1915200.0,6598.705405856941,0.0004602676914502899,96.75038982792016,34.19459827914053
1918800.0,6612.72280926721,0.001007278783243073,96.74433614406412,34.23214763068746
1922400.0,6596.774819032427,0.002271527235912665,96.75388510400664,34.272335712412534
1926000.0,6601.325115478798,0.0005901311112725216,96.75137838007477,34.32379113239096
1929600.0,6613.244562195706,0.0012036217666490797,96.74552905499425,34.360218815896985
1933200.0,6595.687208466457,0.002526432255576139,96.75353597270544,34.400316921647615
1936800.0,6604.912939274534,0.0007998372409259901,96.74819461566251,34.449944108281926
1940400.0,6612.445604867366,0.0013465672376495696,96.74363863983157,34.485865101489146
1944000.0,6595.930159588477,0.002781364867420347,96.75124620652996,34.53080077472887
1947600.0,6607.505563832188,0.0010728858954696353,96.74481438617575,34.5805335733594
1951200.0,6612.023544070425,0.0014539025897854464,96.743265990069,34.61535241978246
1954800.0,6595.772450036033,0.0028848098626420692,96.75281811060049,34.6602771434563
1958400.0,6610.892526648304,0.0012440220458064405,96.7467295153965,34.70755138816031
1962000.0,6610.552835480748,0.0015204874810467966,96.74748761336818,34.74129420463493
1965600.0,6596.903009593713,0.002987799551506372,96.75530766704131,34.78793073031211
1969200.0,6613.132060224979,0.0014206548512575785,96.74807852321607,34.83305126120912
1972800.0,6609.695943524794,0.0015926834214855647,96.75013859327206,34.866764023683
1976400.0,6597.782564919714,0.002946747397888753,96.75549403133842,34.91552984442703
1980000.0,6615.700051332932,0.0015020113363941577,96.74436558049635,34.95979538066241
1983600.0,6607.860976201876,0.0016586304284042575,96.74722380213544,34.99324229080583
1987200.0,6600.037919828962,0.0029122912474355937,96.75070902642268,35.04314553878763
1990800.0,6617.21848287664,0.0015570042053422032,96.74189619165672,35.08507016762715
1994400.0,6606.179639511533,0.0017037057171068247,96.74896923081062,35.11961247276951
1998000.0,6601.041475272584,0.0027584063344700455,96.75205278467722,35.17065561180831
2001600.0,6617.4602967743,0.0015580625673016165,96.74532407426,35.21057867410113
2005200.0,6603.786196995308,0.001702404487748248,96.75326700946651,35.24795908143538
2008800.0,6602.259493995534,0.0025797142650915953,96.7549065968121,35.30017404441707
2012400.0,6617.261679371162,0.0015161645922437508,96.74740894974435,35.33814903060923
2016000.0,6601.4902146324375,0.0016924273042111361,96.75437864024269,35.376915539464484
2019600.0,6603.800186898236,0.002359032603243904,96.75329345417133,35.427888659922004
2023200.0,6616.55588511939,0.0013621235037370753,96.74457892755092,35.463246746854495
2026800.0,6599.345445343756,0.0016312282765178726,96.75384507877287,35.50444628300604
2030400.0,6605.558202968505,0.00204121464716536,96.74897492081034,35.557056256245325
2034000.0,6615.165901357617,0.0011312635175895547,96.74364112397498,35.59238734742253
2037600.0,6597.730198067649,0.0014852237018623169,96.75265816411769,35.63607072182467
2041200.0,6607.302696464752,0.0016932767661685668,96.74882588990195,35.68546683408313
2044800.0,6613.54158950638,0.000896851969308798,96.74746995929702,35.719014715446896
2048400.0,6596.44362210112,0.0013565947699166203,96.7562824550676,35.76363348246259
2052000.0,6609.105958454022,0.0013582212020141103,96.75040560321803,35.81146078140626
2055600.0,6611.424861002768,0.0007209600274866051,96.74997969428709,35.84441454493733
2059200.0,6595.680851714263,0.0012155423766244695,96.75835403446017,35.890703250240065
2062800.0,6610.717218186575,0.001076152534451158,96.74985253894855,35.937246111640775
2066400.0,6609.032935717501,0.0007376109375179777,96.7491200459078,35.971599130375054
2070000.0,6595.55452294841,0.0010280554575131933,96.75429752714008,36.01861442923888
2073600.0,6612.029950657592,0.0008630733148861513,96.74546791898926,36.06276411152854
2077200.0,6606.403161498707,0.000913619707937615,96.7473066060579,36.09770213408725
2080800.0,6595.792097083925,0.0008304849820874209,96.75445577746727,36.14685696234992
2084400.0,6613.026861281642,0.0007305218125236282,96.74584603715489,36.18899460823489
2088000.0,6603.564414778789,0.0012579544553291441,96.75257262199956,36.224447798940076
2091600.0,6596.558471529656,0.000564776882180897,96.75694868277013,36.27552160344964
2095200.0,6613.557639455824,0.0007949297397380683,96.748918761,36.31713915701588
2098800.0,6600.776126753291,0.0016554696447287124,96.75576035286242,36.3534119006994
2102400.0,6597.828823247709,0.00036453099337726874,96.75633093667699,36.40444813674624
2106000.0,6613.457376338045,0.0009652769329136415,96.74863020215788,36.44365324562873
2109600.0,6598.265363714076,0.002016233277527854,96.75377977821414,36.480305915195125
2113200.0,6599.432239636725,0.00043042610552035924,96.75391900448955,36.532080965561434
2116800.0,6612.924246757959,0.0011374161674343303,96.74478262942719,36.57122459928565
2120400.0,6596.048320225515,0.002381483995729523,96.75364457575625,36.6117426818726
2124000.0,6601.297954119197,0.0006946450001202764,96.75082645922745,36.66315375663028
2127600.0,6611.652121290174,0.0013149306400846745,96.74657625608779,36.69885950068491
2131200.0,6594.103123987088,0.00266168477556212,96.75702301497199,36.7402052677334
2134800.0,6603.381129208643,0.0009478761257458415,96.7528249076238,36.78997477054751
2138400.0,6609.887044115753,0.0014506060946637381,96.75032762862799,36.82417515655594
2142000.0,6592.649847925278,0.002864949524485912,96.75916730366811,36.867776266578716
2145600.0,6605.343561793449,0.0011780597218963248,96.75349583647562,36.91635660603275
2149200.0,6607.673284998412,0.0015768358520717842,96.75102080164044,36.94984908607625
2152800.0,6591.819516082475,0.003024437185571735,96.75802754619625,36.996777849326655
2156400.0,6607.015778633658,0.0013909022982263027,96.74795731626604,37.04386724311472
2160000.0,6604.890450736669,0.001663312594216955,96.74782370783196,37.07581484794774
2163600.0,6591.69491981366,0.003039457738507848,96.75432218284398,37.12459186302503
2167200.0,6608.437357286306,0.001515985009321715,96.74745863406105,37.16925839397942
2170800.0,6602.042835619979,0.0017079508727197259,96.75154851415547,37.20299116414933
2174400.0,6592.1738270122605,0.0029883804122920825,96.75785005475383,37.25323547319463
2178000.0,6609.435806795056,0.0016219225161387978,96.75011403985222,37.295799459255186
2181600.0,6599.025468346408,0.001740696241704643,96.75602743961325,37.332177140290376
2185200.0,6593.164068321309,0.002853638594169606,96.75941018248321,37.383947719617794
2188800.0,6609.8566422172025,0.0016485555798278443,96.75066258675467,37.42303861283569
2192400.0,6595.994219520945,0.0017458220010680872,96.75598064796142,37.46002254443902
2196000.0,6594.70810002968,0.002617540684794046,96.75561341975859,37.51160928294232
2199600.0,6609.479233398956,0.0015015763381556098,96.74710592735148,37.54955456161822
2203200.0,6593.213246236877,0.0016697393857250324,96.75475782643971,37.59024068509249
2206800.0,6596.592386112411,0.0022814438302126367,96.75273248475291,37.64288459971632
2210400.0,6608.329261282475,0.001274068648617886,96.74742220284757,37.67848831636036
2214000.0,6590.936941294666,0.0015195915856484042,96.75669514726306,37.72077636323138
2217600.0,6598.645305416439,0.0018807872903795506,96.75379140627993,37.7706805426703
2221200.0,6606.661269907302,0.0010177035308346787,96.75093306928343,37.804631423575785
2224800.0,6589.1272187425275,0.0013889169087424914,96.76015299185917,37.84835662267612
2228400.0,6600.829975858063,0.0014825224413891793,96.7543776657209,37.896728704872544
2232000.0,6604.245524304454,0.0007875704998852838,96.75295809765282,37.93053431405007
2235600.0,6588.062694414696,0.0012201943516668347,96.76039410598334,37.97591903328402
2239200.0,6602.743108846221,0.0011590937398670285,96.75221080503216,38.02377220620671
2242800.0,6601.469356677836,0.00076274262946295,96.75048695372406,38.05801235943971
2246400.0,6587.799025968647,0.001002894327006036,96.75622877346605,38.10517072681824
2250000.0,6604.375127780453,0.0008630886509451106,96.74792093083651,38.14920280906958
2253600.0,6598.288187143519,0.00099147981827854,96.75141524995206,38.18427590054641
2257200.0,6588.123021536012,0.000739074308814229,96.75811099779452,38.234355387425964
2260800.0,6605.446314689185,0.000768501426231423,96.75030192438236,38.27640937723743
2264400.0,6594.907553459242,0.0014198708910383778,96.75703220940727,38.31221450983318
2268000.0,6589.196616897603,0.00045222763063350845,96.76033999883711,38.364124378939024
2271600.0,6605.831816968575,0.0008974384727955222,96.75209897451435,38.40510543606823
2275200.0,6591.653580565391,0.0018964220925072551,96.75920513800132,38.441309944057885
2278800.0,6590.916486115205,0.00039438184202568634,96.75764031588817,38.49220724410116
2282400.0,6605.364697308374,0.0011118811994332669,96.75051761899218,38.530500227663225
2286000.0,6588.885367471698,0.0022884002656811024,96.75678669324533,38.57015095672053
2289600.0,6592.976824003381,0.0006376464714429648,96.75444277161328,38.622765385556704
2293200.0,6604.157854250153,0.0013196245031422639,96.74782340094188,38.66020031724684
2296800.0,6586.535883223537,0.0026729349600277444,96.75767399992819,38.701859295073554
2300400.0,6595.341540075251,0.0009638621693343414,96.75363563368745,38.752395744917166
2304000.0,6602.093902997959,0.0014745210690400652,96.75128407985969,38.786939952446474
2307600.0,6584.77206390614,0.0029169952745260216,96.76098082602178,38.83076376060521
2311200.0,6597.701963734203,0.0012352936785978144,96.75500584746126,38.87889913456888
2314800.0,6599.337420809383,0.0015850226429817297,96.7546540288564,38.91261575898405
2318400.0,6583.824641614362,0.003038810981237929,96.76223793036873,38.9591043223328
2322000.0,6599.640165776481,0.001452530900709571,96.7535570640061,39.005911795296974
2325600.0,6596.075890074107,0.001696924847743823,96.7537647169989,39.03953972212167
2329200.0,6583.871245505659,0.0030626595214296917,96.75873315442897,39.08868146230954
2332800.0,6601.153928885136,0.0015815539610292428,96.7486036468714,39.132842893291475
2336400.0,6592.540875195379,0.0017094025191026318,96.75309810553843,39.16608130696573
2340000.0,6584.834732862711,0.0028995675546194663,96.75690728328814,39.21709669596046
2343600.0,6601.810271215055,0.0015897450883398875,96.75025991194228,39.25855933315992
2347200.0,6589.022689501635,0.0016969961210164944,96.75767904221789,39.29493230918393
2350800.0,6586.362739705195,0.0026570126160036706,96.76008462552564,39.34711757141121
2354400.0,6601.662675857263,0.0015275713401496985,96.752857533838,39.386103470696725
2358000.0,6585.740437588075,0.0016571268260022914,96.76101877438155,39.42571907958966
2361600.0,6588.455854781844,0.0023227461718128835,96.75993401428708,39.47747711978075
2365200.0,6600.580540684441,0.0013277728641796615,96.75205556228563,39.51230927505738
2368800.0,6582.8568186692,0.0015541755834734725,96.76039290053848,39.55335021902925
2372400.0,6590.934491643604,0.0018700880484416895,96.75474613050977,39.605691729066336
2376000.0,6598.310210430049,0.0009871504972254566,96.74950862858081,39.64099094155159
2379600.0,6580.905512374697,0.00134228043825594,96.75825364079817,39.686991177170555
2383200.0,6593.339719884749,0.0013809659584309304,96.75260563678071,39.736465507777496
2386800.0,6595.452834103742,0.0007445928988528207,96.75279919271637,39.76959917457642
2390400.0,6579.803373863069,0.0010930591245522329,96.761303823365,39.817216204270615
2394000.0,6595.48815140147,0.0009520612576946234,96.75407225787953,39.86327019948265
2397600.0,6591.907813121221,0.0008487436478688712,96.75648459197959,39.896311223949276
2401200.0,6579.770269640992,0.0008403913350346,96.76334916107537,39.945672767366986
2404800.0,6597.112748251881,0.0007218030218124584,96.75391142084297,39.988861115523996
2408400.0,6588.0023646878335,0.0012706622108638987,96.75820010999277,40.024336164595724
2412000.0,6580.7670033611785,0.0005396628815819493,96.76009450044432,40.074545205727595
2415600.0,6597.725102241051,0.000828520957296467,96.75054944615424,40.115547695928655
2419200.0,6584.210081754328,0.0017911695943784772,96.75543951043745,40.1528329401463
2422800.0,6582.464712374759,0.0004482087791717822,96.75654883842456,40.203988311518245
2426400.0,6597.2359541198775,0.0010535109409261399,96.74949982595916,40.24091222290379
2430000.0,6580.672488282208,0.002295631663636008,96.7592478004863,40.28121849264904
2433600.0,6584.868133062083,0.0006568130386245053,96.75815556159138,40.33274044975339
2437200.0,6595.821607478744,0.0013170033077547333,96.75363227880958,40.36888771172492
2440800.0,6577.834205355837,0.002712291177667016,96.76372635095072,40.41203690213202
2444400.0,6587.502128511462,0.001011330029192634,96.75854110092604,40.46268919152039
2448000.0,6593.240961936951,0.0015251824081015076,96.75514843461485,40.49778474118126
2451600.0,6576.106024301077,0.0029871206454509316,96.76319107222854,40.5420516539175
2455200.0,6590.134889106334,0.00131587499737696,96.75448974323844,40.589528056229334
2458800.0,6589.7029524917025,0.0016358520096371129,96.75440684909157,40.62463617597397
2462400.0,6575.477077270929,0.00306597542670715,96.76010715112322,40.67432147920025
2466000.0,6592.038384623696,0.001506296889941303,96.75104481526208,40.72027752988548
2469600.0,6585.699138977264,0.0016541490565074317,96.75431250834367,40.75572334489598
2473200.0,6575.869267663789,0.0029649259463815645,96.76051259167947,40.805772079426255
2476800.0,6593.241929091829,0.0015608467707335179,96.75298904235217,40.8476119099512
2480400.0,6581.466343950996,0.0016319932457656682,96.7593250476262,40.883915851655956
2484000.0,6577.314487906332,0.002692132104114731,96.76180676799203,40.934901772089106
2487600.0,6593.246997063236,0.001461021325723989,96.75456273164274,40.97349268006576
2491200.0,6577.456018391792,0.0015919639069560977,96.76268799134456,41.012080954038765
2494800.0,6579.662913758831,0.0022858266404952848,96.76077843372462,41.063374845792794
2498400.0,6591.9378868767735,0.0012538365439719974,96.75222303413005,41.100764637399486
2502000.0,6574.167119167579,0.001508319040242509,96.75969062371229,41.14128911072499
2505600.0,6582.482555085609,0.0017769823205130006,96.754784899786,41.19164328086582
2509200.0,6589.362864178145,0.0008787385733576253,96.75043286011382,41.227118752825284
2512800.0,6571.96441881422,0.0013172849579693874,96.76105109108997,41.271549728417945
2516400.0,6585.2682763655785,0.0012213405948338014,96.75431268521052,41.31983699697327
2520000.0,6585.684955094131,0.000699433228624934,96.75586482291037,41.354151215537804
2523600.0,6570.90425021007,0.0010318030195013473,96.76418103397124,41.402910507617214
2527200.0,6587.439794686057,0.0008182047731504728,96.75630783917,41.44949454604746
2530800.0,6581.319876502661,0.001018805432869477,96.75962611036331,41.48389485969181
2534400.0,6571.2617306161765,0.0006904932131675237,96.76364892172437,41.5341119977838
2538000.0,6588.623699653759,0.0007677097173277537,96.75498166240072,41.57709426226778
2541600.0,6576.722112857481,0.001585787815200416,96.7581769998783,41.61179388753456
2545200.0,6572.842336740113,0.0004893842346645914,96.760985783673,41.664078932617805
2548800.0,6588.633508891574,0.0009846413875913035,96.75051170835962,41.70562295233869
2552400.0,6572.583153005069,0.0022019128543970747,96.75878295852661,41.74497790054861
2556000.0,6575.368359921081,0.0006733260074754995,96.75710944833284,41.797480391730616
2559600.0,6587.020974710515,0.001273015450886711,96.75206738083327,41.834075084409214
2563200.0,6569.078683456986,0.0026693855881618177,96.76266795105514,41.875517919087294
2566800.0,6578.417826391719,0.0010043033311334085,96.75833082105528,41.92595746972808
2570400.0,6584.011761906103,0.0014584863894574315,96.7561647787473,41.96037801578653
2574000.0,6566.792618276667,0.0029450297599508857,96.76490769270632,42.00539676671958
2577600.0,6581.213832499773,0.0013005327783256442,96.7582520624152,42.05359822992064
2581200.0,6579.882014947817,0.0015823375658259287,96.75750647998821,42.08733333996842
2584800.0,6566.071322217848,0.003035314539717146,96.76345836284956,42.13663655081592
2588400.0,6583.210579472421,0.0015066098161095806,96.7522879680446,42.181953586253584
2592000.0,6574.931393378963,0.001625652088173026,96.75507399173986,42.21521284358841
2595600.0,6567.009408647423,0.00282877128581427,96.75879435687521,42.266549255840694
2599200.0,6583.94210805016,0.0014793547021534983,96.75145152695474,42.30799525690016
2602800.0,6570.832708966282,0.001567008648752863,96.75951648640023,42.34489419975144
2606400.0,6569.883605929163,0.0023841468102486444,96.76096850604875,42.39721153368372
2610000.0,6584.696343630747,0.0012781012724392476,96.75478121555999,42.43512901878568
2613600.0,6567.402740063633,0.0014682519105706047,96.76425168251124,42.476884162819196
2617200.0,6574.283493720013,0.0019126403247615009,96.76133385085433,42.529148676398464
2620800.0,6583.068956642608,0.0009791410572572439,96.75669490610117,42.56348344899275
2624400.0,6565.884569208005,0.0013483520095156796,96.76354306740669,42.606933285559066
2628000.0,6578.077927730023,0.0012782870632333935,96.75668831087177,42.65719696609088
2631600.0,6580.701749160991,0.0006524596633283719,96.75393519958246,42.69112040718115
2635200.0,6565.220461404023,0.0010777864497729622,96.76179744778264,42.740455818171874
2638800.0,6582.160452714699,0.0007879915550310692,96.75277279313828,42.788579678843796
2642400.0,6576.917711956075,0.0009402677792188894,96.75613880141303,42.82244120584974
2646000.0,6566.9137570675775,0.0008429954789951637,96.76181771400678,42.87363719221319
2649600.0,6584.3378285981125,0.0006430506070140847,96.75399702324478,42.91599396647681
2653200.0,6573.520629085572,0.0015777236480018642,96.76090329587231,42.95132556928845
2656800.0,6569.3015654341525,0.0006195644948372344,96.76341697425924,43.00283882842748
2660400.0,6585.9337302335,0.0009084550894721335,96.75557356230028,43.04177732671111
2664000.0,6569.750058141259,0.0021132081477856527,96.7637279443828,43.08028734943966
2667600.0,6573.506451127909,0.0006777076135837085,96.7617101047015,43.13217874970583
2671200.0,6585.0963904061555,0.0011955912374479942,96.7543125655637,43.1688256032106
2674800.0,6567.757283208008,0.0026488077598064517,96.76155829455604,43.211281511761264
2678400.0,6577.187397895557,0.0009635973186808035,96.7552238409249,43.26181958925403
2682000.0,6583.392301383814,0.0013534705836411465,96.75269536384542,43.29457479056056
2685600.0,6566.324540487768,0.002863712057806244,96.76124744870117,43.34119742680767
2689200.0,6581.560640405512,0.0012296576656143391,96.75573710401041,43.389344351140856
2692800.0,6580.12076351002,0.00147476921878985,96.75741744609947,43.42307318451779
2696400.0,6567.31892861059,0.002969422688309942,96.765496351396,43.472745000599936
2700000.0,6584.426222392361,0.0014669721285491117,96.75713283462981,43.518097130785804
2703600.0,6576.937564042774,0.0015346559196221675,96.76139475861498,43.553891477404946
2707200.0,6568.955574740153,0.0027598685008309505,96.76570918819647,43.60517527265261
2710800.0,6586.891806667511,0.0014595974198117236,96.75516248077739,43.64486379660948
2714400.0,6572.8578500037565,0.0015239304169072131,96.76177027737161,43.68208082630173
2718000.0,6572.614551053755,0.0023984779272387094,96.76045953997715,43.73541624995783
2721600.0,6586.711576536333,0.0012474056541577593,96.75199562871377,43.77393668279454
2725200.0,6570.368409087836,0.0014451127072856612,96.76024805190617,43.81580317991108
2728800.0,6576.136010321867,0.0018204621768548744,96.75804338717099,43.86784064523881
2732400.0,6586.0765507918495,0.0008594828911931896,96.75458557155723,43.9024755230468
2736000.0,6568.175105216045,0.0012659227332367125,96.76422281369895,43.946950904094535
2739600.0,6580.6570879247565,0.0012662150871926075,96.75884681796981,43.996046832869
2743200.0,6583.355675118525,0.0005868023223489712,96.7581611116001,44.0291624936261
2746800.0,6568.182234808677,0.0011512099189105963,96.7668812706816,44.07647434400094
2750400.0,6584.035894020412,0.0007068838073475038,96.75819349411353,44.12252246451975
2754000.0,6580.505957811285,0.0008528990554202171,96.75992361705056,44.15719306128608
2757600.0,6569.016710212379,0.0008601422628960614,96.76400707353947,44.20619748296834
2761200.0,6587.161159328535,0.000600883090624367,96.75434736350807,44.249786475061825
2764800.0,6576.666248970254,0.0013834156870723621,96.75751251765267,44.28586482302024
2768400.0,6571.850916135927,0.0007234081227931022,96.76055148237782,44.33682233677439
2772000.0,6588.160316734865,0.0008052231553252112,96.75253472900089,44.37554521566632
2775600.0,6573.728402576569,0.0020222339295497853,96.76170192869726,44.414532544815316
2779200.0,6574.950757823019,0.0006506133326190987,96.76204570316467,44.466550919738594
2782800.0,6588.63779657602,0.0010985318826209217,96.75648631832091,44.50373299861634
2786400.0,6570.7802332318615,0.0024805759835654106,96.7665138210249,44.545761021176716
2790000.0,6579.382841109932,0.0008703879142558608,96.76225908476945,44.59721472591051
2793600.0,6586.860983132363,0.0013257862318648529,96.75800770403258,44.63279604155562
2797200.0,6569.979944077819,0.002852315917751162,96.76625713210036,44.67627292364904
2800800.0,6583.10915656663,0.0011648716823388938,96.75803510452582,44.72450254314273
2804400.0,6584.688490648367,0.0014284001133868648,96.7572713482583,44.75972617709557
2808000.0,6569.754592571443,0.002907667229175723,96.76332359643895,44.80906953326431
2811600.0,6586.868360116678,0.0013316613587981581,96.75436164820456,44.855592024656715
2815200.0,6581.124314996946,0.001441637046200046,96.75730656307898,44.89099317608073
2818800.0,6571.585613247801,0.0028442372377588993,96.7637558901702,44.94096919513858
2822400.0,6588.998311093341,0.0014079192894591328,96.75620246912241,44.98309410551715
2826000.0,6578.150534417838,0.0014411544100536035,96.76246943777508,45.01937443988774
2829600.0,6573.836424785706,0.002498017831727603,96.76502794994252,45.07040942034779
2833200.0,6590.586368329272,0.001261771253654228,96.75777565407371,45.10904102452945
2836800.0,6574.707637228827,0.0014161887981903145,96.76595745387446,45.14771437946582
2840400.0,6577.858730118575,0.0021059592998610714,96.76397101629064,45.19901514321487
2844000.0,6589.972832824026,0.0010730446452697883,96.75551820219572,45.23633288110037
2847600.0,6572.930374869031,0.0014194393335390347,96.76301855404819,45.277031554626674
2851200.0,6581.5318018454445,0.0015342898227508669,96.75797205695491,45.327293355382615
2854800.0,6588.870746055262,0.0006726603978069878,96.75377341940396,45.362693037757445
2858400.0,6571.556209618214,0.0012655950062521973,96.76435182832864,45.40731569944482
2862000.0,6585.903796558664,0.001021418185485223,96.7574896585715,45.4553969295742
2865600.0,6585.946931780751,0.0005710878888862901,96.75926553029888,45.4896881021793
2869200.0,6572.17994573154,0.001101929014140021,96.76747299387034,45.53855324402312
2872800.0,6588.8130803848235,0.0005957774256660887,96.75957493925156,45.58491330092022
2876400.0,6583.252284418711,0.0010015055441545645,96.76305104997405,45.619322390476135
2880000.0,6573.394886952842,0.0008057017939171454,96.76700270630418,45.66954209031602
2883600.0,6591.534639299587,0.0006259653750052507,96.75837538006837,45.71237338444865
2887200.0,6579.651177646493,0.001512055490220201,96.76159547979162,45.74700300552824
2890800.0,6576.533628417288,0.000698869922018682,96.76443715893873,45.79915035048467
2894400.0,6592.392284022091,0.0008605792556104399,96.7539773691798,45.840680986038876
2898000.0,6577.366974631176,0.002126388464553901,96.76214188731046,45.87978923329503
2901600.0,6579.707807995773,0.000734521313481924,96.76071381343863,45.93219844924706
2905200.0,6592.618336338249,0.001116289216003546,96.75547204146093,45.96890064768515
2908800.0,6574.869801742507,0.0025043401897746507,96.76602106594976,46.009796220424256
2912400.0,6584.1423557288335,0.0009188533663826689,96.76215329228573,46.06032131003149
2916000.0,6590.90349006036,0.0012775886765583817,96.75945823799053,46.094845700200025
2919600.0,6574.227528076846,0.0028066665587372194,96.76837120487538,46.138974067935784
2923200.0,6587.614229293268,0.0011418601293011383,96.7623023291773,46.18763315131409
2926800.0,6589.084802912196,0.0013771665249724498,96.7606097484923,46.22126129308005
2930400.0,6574.061151486331,0.0028809665289871245,96.76717910575367,46.269478460060164
2934000.0,6591.286912444164,0.0013025899800727767,96.75639464673614,46.31573879956134
2937600.0,6585.72663847746,0.0014270603855368316,96.75788898231492,46.3482948194124
2941200.0,6576.031053773193,0.0028124763438972223,96.76294443650644,46.398641144521875
2944800.0,6593.345019112165,0.0013726975468535431,96.75556682986563,46.44150945874771
2948400.0,6583.155807969081,0.0014518651136839868,96.76210515619557,46.476810121145064
2952000.0,6578.215172655125,0.0025170908721439443,96.76573864784291,46.52853505743538
2955600.0,6595.179037787569,0.0013023496064808718,96.75852443328182,46.56829552018732
2959200.0,6580.057643080557,0.0014335345453102184,96.76689475204977,46.60749353899117
2962800.0,6581.921581575407,0.002198960489605498,96.76663870202377,46.66006706706171
2966400.0,6595.04827827617,0.0011610896037169815,96.75983928269055,46.69600756549746
2970000.0,6578.287510475448,0.0014323401311895135,96.76662368132237,46.73649935171377
2973600.0,6585.331903280184,0.001695235328626022,96.76228356960189,46.788017963131395
2977200.0,6594.3717750011965,0.0007765687922154106,96.75654362886172,46.82282882335786
2980800.0,6576.716673733889,0.0012982854309146218,96.76539408032824,46.86856050517136
2984400.0,6589.547708125641,0.0012064916743663122,96.75862041496129,46.919340703417234
2988000.0,6592.136743066719,0.0005642131003348359,96.75805185337894,46.952773131180805
2991600.0,6577.063034484564,0.0011696872605481494,96.7663951697155,47.00069327065337
2995200.0,6592.596646001107,0.000694047358387975,96.75954700981791,47.04680685038733
2998800.0,6590.029715399615,0.0007752546201554426,96.76241637450934,47.0800475857582
3002400.0,6577.746432014032,0.000961901356888246,96.76895503224257,47.12920590546764
3006000.0,6595.879994538885,0.0005219839775824399,96.76033895469409,47.172498265622565
3009600.0,6586.783966359806,0.0011908034552789565,96.76512066049237,47.207191991844866
3013200.0,6580.347749619629,0.0007970701693480059,96.7683275583856,47.25777246181856
3016800.0,6597.351374070237,0.0006683716727334349,96.75845882460412,47.2991748281569
3020400.0,6584.548711802745,0.0017541050046597096,96.7632909165472,47.336270742206445
3024000.0,6582.86467205045,0.0006587518824589626,96.76272221990912,47.387561041104156
3027600.0,6598.331448769989,0.0008986415517912594,96.7555811033007,47.42403126957323
3031200.0,6581.866345537479,0.0021649510358729756,96.76398192988214,47.464290536444686
3034800.0,6586.767192940326,0.0007221097030124487,96.76363845804154,47.51562192483532
3038400.0,6597.791878613345,0.0011346288404148234,96.75901960786011,47.55115662615547
3042000.0,6580.66626303075,0.0025970093694901663,96.76932901593734,47.593930148179155
3045600.0,6590.104120275306,0.0009288534881193934,96.76496990140653,47.6449158079717
3049200.0,6597.0150947767215,0.0012946356557577497,96.76197627645745,47.68017139552298
3052800.0,6579.753600069792,0.0027941148084398427,96.77097290678196,47.724850726645535
3056400.0,6594.235945022846,0.0011522201364560852,96.76210439700608,47.77210339643437
3060000.0,6594.559283725693,0.0013878795729506427,96.76209182749155,47.80636504355485
3063600.0,6580.684677514388,0.0028942390891812803,96.76740984363548,47.85472328864091
3067200.0,6596.899044678544,0.0013144937589541653,96.75871518196132,47.901362811264455
3070800.0,6592.61934919585,0.0014261432619114757,96.75999214722479,47.936881252352705
3074400.0,6581.682294515244,0.002797787075687341,96.7666392744355,47.98698981792508
3078000.0,6599.807190944437,0.0013467676379164686,96.75870518120476,48.02956048909801
3081600.0,6589.674645783194,0.00140060651766996,96.76470333510713,48.065379455281274
3085200.0,6584.3145726611865,0.0026279966316150706,96.76848992963787,48.115862073868655
3088800.0,6601.069225493958,0.0013330970371321573,96.76077729973943,48.155215379700465
3092400.0,6587.67790726545,0.0014311939097423315,96.76857242101634,48.192635521539394
3096000.0,6586.9082861354755,0.002257411177890487,96.76852220987054,48.24319744562598
3099600.0,6602.052050258252,0.0011664190867771932,96.76030601894644,48.28149746227572
3103200.0,6585.332680204648,0.0014327608031858227,96.76720980895486,48.32022204519049
3106800.0,6590.818547004885,0.0019380829668699637,96.76427473689002,48.371615510012624
3110400.0,6601.489196120392,0.000951696158120703,96.75694994004824,48.40794394435268
3114000.0,6584.588892726741,0.0014194679805976385,96.76625031862781,48.44897954529142
3117600.0,6594.135810676151,0.0014223681579128465,96.76125324149294,48.49864139176337
3121200.0,6600.765988456698,0.0006402120827376556,96.76027214456835,48.53357423826671
3124800.0,6583.727939750799,0.0012598313982689854,96.76980839286063,48.57885050849793
3128400.0,6597.948169083375,0.001052532488833038,96.76378525447767,48.627329500955895
3132000.0,6598.717429528756,0.0005471988396689938,96.76449094529359,48.661413584550225
3135600.0,6584.505575436799,0.0011528836882807266,96.77190767612025,48.709394028707614
3139200.0,6600.58250765856,0.0006822646873959416,96.76391479838504,48.75605530667852
3142800.0,6596.929569128169,0.0008218318869075602,96.76453993890294,48.78824949588516
3146400.0,6585.44731561054,0.0009438577764096941,96.76977016154528,48.83689580031875
3150000.0,6603.597292976873,0.0005468142466834822,96.75957475247198,48.88219647300798
3153600.0,6594.383031973336,0.0012026371158385403,96.7630555761209,48.91783949900862
3157200.0,6587.947416003661,0.0008085131867513745,96.76633211386718,48.970000695946986
3160800.0,6604.941672237595,0.0006754547381265216,96.7582355191132,49.01163419670477
3164400.0,6592.687677423914,0.0017113217216373087,96.76616103043777,49.0473915708106
3168000.0,6590.294488046169,0.000682515998918086,96.76808315019211,49.09903146079536
3171600.0,6606.361175941795,0.0008709196552331116,96.76121837933036,49.137188092824914
3175200.0,6590.414182364725,0.002062793725869578,96.76975803315777,49.17497558534044
3178800.0,6593.917410109401,0.0006985140741393965,96.76926061119465,49.22600975412152
3182400.0,6606.235016449237,0.0010621100784291623,96.7625364857841,49.26198889603173
3186000.0,6589.495989811575,0.0024428471128113125,96.77103617718733,49.30336732004739
3189600.0,6596.885255729188,0.0008051917927434636,96.76522014382894,49.35393285558573
3193200.0,6606.053260797757,0.0012118652362564342,96.7597327239794,49.38818980260062
3196800.0,6588.459815063983,0.002661496617468207,96.76729158780633,49.431805457683204
3200400.0,6600.648548379022,0.0009667230137359311,96.7617112790061,49.48066036309698
3204000.0,6604.491658499315,0.0013029382229536213,96.76067233723377,49.513422155862145
3207600.0,6588.884512020313,0.0028475351004842737,96.76973204136547,49.559914811653364
3211200.0,6603.38159395355,0.0011962736453214034,96.7636792083206,49.6073291632299
3214800.0,6603.423216319708,0.0014022223031056364,96.76519486106811,49.64131550506001
3218400.0,6589.314119354128,0.002859105264867195,96.77333520713566,49.690147382245726
3222000.0,6606.625955661979,0.0013368234739409737,96.76477096655042,49.73550201177834
3225600.0,6601.207708482474,0.0014661726559540712,96.7668837220748,49.77013555169493
3229200.0,6591.242888362373,0.0028675825350063014,96.77208434151186,49.81899991959965
3232800.0,6608.618515316873,0.0014305237204970773,96.76130952876363,49.86088325538641
3236400.0,6599.578709800892,0.0015060125387836413,96.76651652043923,49.89697024009813
3240000.0,6592.965561877131,0.0026445153660633164,96.76818604369414,49.94924989268519
3243600.0,6610.463539540873,0.001346336454537102,96.75909295823418,49.990118138482366
3247200.0,6597.488366277745,0.0014400597118252832,96.76577474210829,50.02770932242117
3250800.0,6595.904445328983,0.002444090744603379,96.76812785920838,50.07876443024238
3254400.0,6611.198797542403,0.0012710814738556271,96.7618987792817,50.11647481398421
3258000.0,6596.371955688024,0.0014409430873026591,96.77015279685774,50.15510821751224
3261600.0,6598.3824085942415,0.0020954490224027694,96.76955536351598,50.20572338560852
3265200.0,6612.022024735914,0.001078611467946413,96.763959724484,50.24152468523665
3268800.0,6594.827507508129,0.0014043870737385769,96.77289104879301,50.28198858525098
3272400.0,6601.922028154966,0.0018242347401939945,96.76899106341928,50.33214064414942
3276000.0,6611.467720076841,0.0009404750644381124,96.76209023227392,50.36797916012404
3279600.0,6594.683057374342,0.0014101257742578587,96.76944316092569,50.409462190036955
3283200.0,6604.719509159828,0.0014353312568434304,96.76376774488767,50.458565094153776
3286800.0,6611.173287259054,0.0006627943725568816,96.76005160289088,50.49342362855304
3290400.0,6594.2767940128415,0.001287753534845509,96.77040975219292,50.53759088941689
3294000.0,6608.222190102757,0.0011155043321431882,96.76383882861033,50.58526180425985
3297600.0,6609.6808171054245,0.0005595680390893823,96.76494582300253,50.619209043175914
3301200.0,6595.1442953888145,0.0011891193648904392,96.77358994038819,50.66657506300067
3304800.0,6610.581686612452,0.0007870736517270569,96.76640960302154,50.71364510791654
3308400.0,6608.7858991753155,0.0006976914054061074,96.76806000019342,50.747248387491375
3312000.0,6595.802516831424,0.0009811197665940765,96.77357512631926,50.79530487631393
3315600.0,6613.390176291203,0.0006587528058555423,96.76532862593422,50.840221530531345
3319200.0,6606.876943051896,0.0009289608763755518,96.7658821637819,50.872891332080066
3322800.0,6597.813468606545,0.0009007709520407955,96.77185717583751,50.92293444623829
3326400.0,6615.128992164146,0.0005551455514747924,96.76094634927011,50.96775783518743
3330000.0,6605.974195286275,0.001337811612956682,96.76595657960694,51.00311555814864
3333600.0,6599.4530804206815,0.0007181410621697284,96.76905623950472,51.05459335959094
3337200.0,6617.091800384221,0.0006874581445674166,96.76146695961519,51.09498929768622
3340800.0,6604.204022961858,0.0016319859347594483,96.76980736587294,51.130608441906894
3344400.0,6602.264842780843,0.0006791267909658103,96.77147256566569,51.1814938540992
3348000.0,6617.844845789479,0.0008374282042442497,96.76445222974638,51.21972478488731
3351600.0,6603.443559052645,0.001980800074728641,96.77232051537437,51.25680818398803
3355200.0,6604.551585192478,0.0006114283122963784,96.77248481348195,51.307919073672664
3358800.0,6618.995598875899,0.000977773508945268,96.76434035379032,51.3446264751952
3362400.0,6602.201160671093,0.0022257459210824307,96.771753940766,51.38484010112253
3366000.0,6607.667496394739,0.0006795036595334866,96.76722118242388,51.43545202490021
3369600.0,6618.6738198523635,0.0011098873656758092,96.76057489464313,51.469461559495954
3373200.0,6602.12834033081,0.002504043863472842,96.76896849233255,51.51148832091528
3376800.0,6610.1064118657105,0.0008051699379980439,96.76673426354535,51.56106803390128
3380400.0,6619.013009052325,0.0012231964296603721,96.76293567566094,51.59495760689218
3384000.0,6601.523610254464,0.00265877696875178,96.77338463177497,51.63862607694717
3387600.0,6612.498609857415,0.0009435793759496846,96.768780514657,51.68791779030167
3391200.0,6617.411168034193,0.0013429696825363047,96.76694495977827,51.72267093742156
3394800.0,6600.616925263941,0.0028044727317902635,96.77590788504484,51.767999219739
3398400.0,6614.084443176862,0.0011356033180793038,96.76841689488982,51.81518562801754
3402000.0,6615.3848877856335,0.0014309874346717388,96.76709669339645,51.84919147761988
3405600.0,6600.150667100464,0.0028744392736483712,96.77310179512871,51.895028757585074
3409200.0,6615.456528062083,0.0012468766120604816,96.76524870806968,51.94147419378171
3412800.0,6613.180968326063,0.0014762848910423237,96.76468476535473,51.97668712307371
3416400.0,6600.022663714846,0.002899710770942231,96.77149650770754,52.02578577503852
3420000.0,6616.57511339219,0.0013491027310552524,96.76312332477534,52.070302706951324
3423600.0,6610.776127465636,0.0014797672956374066,96.76697652284358,52.10494195968223
3427200.0,6600.213681228947,0.00283261635186661,96.77355647139032,52.153551843345845
3430800.0,6617.497238017653,0.001401125408228572,96.76559044481982,52.19579597208825
3434400.0,6608.295963385499,0.0015020825245833835,96.77087390779776,52.23055250010835
3438000.0,6600.842093493322,0.002718715375910514,96.77476038139697,52.27997039447662
3441600.0,6617.958705310164,0.0014033420120150835,96.7667466413878,52.320921002804035
3445200.0,6605.8347263821,0.0015478790367893355,96.77171824379207,52.356318209562296
3448800.0,6601.938981415354,0.0025771404480489017,96.77301484602387,52.40745506957599
3452400.0,6618.042361752994,0.0013885044831660502,96.76265968722592,52.44718637697451
3456000.0,6603.427737021858,0.001563076873660083,96.7685759934451,52.48302053358572
3459600.0,6603.436033049466,0.0023326766586097484,96.76840534205606,52.53395219199812
3463200.0,6617.605707495113,0.0012535729560419386,96.76240730331709,52.571741486697675
3466800.0,6601.339092220016,0.0015319926347003895,96.77189416661011,52.610549921704894
3470400.0,6605.027945483895,0.0020614832323317222,96.77097480290924,52.66152789617738
3474000.0,6616.714650316691,0.0011199348725528322,96.76618134476752,52.69747555549592
3477600.0,6599.446638488246,0.0014894382279394681,96.77568142613069,52.7396399757771
3481200.0,6606.697970316693,0.0017923166581147426,96.77230505125576,52.79064870306337
3484800.0,6615.412374901911,0.0009559040291413715,96.76786845326328,52.82442829317746
3488400.0,6597.865480128716,0.0014270818346027976,96.77460116065039,52.86670869994762
3492000.0,6608.4802491701985,0.001489685506679872,96.76864921587018,52.91667131843892
3495600.0,6613.495022211717,0.0007104555362577791,96.76448394701023,52.9503880543095
3499200.0,6596.791263758492,0.0013211104379072854,96.77295690506212,52.996956824455474
3502800.0,6610.191488672781,0.001138162354697999,96.76549088604752,53.0464158347429
3506400.0,6611.388136200496,0.000601300106021662,96.76566783004316,53.07944598804158
3510000.0,6596.182590563235,0.0011570710568087749,96.77365945597934,53.12718810599879
3513600.0,6611.686267903571,0.0008266642215213889,96.76688218693518,53.1727325846398
3517200.0,6608.915598560137,0.0006852832873542441,96.76949944844765,53.20563761479424
3520800.0,6596.080803226667,0.0010119858958465182,96.77630717387032,53.253894071556275
3524400.0,6613.014666614238,0.000617193042357168,96.76794990680189,53.29756899932864
3528000.0,6606.187042701982,0.0009504319676581316,96.77163621534811,53.3314771068144
3531600.0,6596.5565725717925,0.0008245253198378383,96.77603939416794,53.380731831802734
3535200.0,6613.831730139784,0.0006046938128564954,96.76618777911345,53.423530120653815
3538800.0,6603.494136704019,0.001308931131043093,96.76929986504226,53.458992750713485
3542400.0,6597.418182017289,0.0006687820905169629,96.77103474535828,53.509057417512814
3546000.0,6614.00347160517,0.000712805318659503,96.76286891574559,53.54781396083629
3549600.0,6600.74098638122,0.0016655148747834853,96.76970406070127,53.58530707422402
3553200.0,6598.6759153007,0.0005438377058737689,96.77240626417822,53.63645297854413
3556800.0,6613.913760764839,0.0008908839032888762,96.76571471675935,53.67426479717152
3560400.0,6598.150638654604,0.0020554973582456943,96.77497589845764,53.71309711846663
3564000.0,6600.355865778711,0.0005384401114009057,96.77431699953306,53.76502847559446
3567600.0,6613.216300799205,0.0010855515543200928,96.76798806847489,53.80239616189535
3571200.0,6595.958110064229,0.002386308506699722,96.77678927458743,53.84198428006497
3574800.0,6602.294299187221,0.0007077341746745462,96.77164394890445,53.89191164959735
3578400.0,6611.775789636371,0.0012490484516000265,96.7671573211213,53.92746460983975
3582000.0,6594.283055012523,0.002611985529399507,96.77382474518431,53.97031384269709
3585600.0,6604.161110632195,0.0009191128107709218,96.7684759646305,54.021075688061735
3589200.0,6609.987844947306,0.0013718636574446702,96.76437976357104,54.05669802972251
3592800.0,6593.024794325529,0.0028273352539958407,96.77398352757312,54.10126742355022
3596400.0,6606.127725712788,0.0011377253802554495,96.76784488402357,54.14947609570613
3600000.0,6607.6191300035725,0.0014455672491371192,96.76814674440082,54.18332767848881
3603600.0,6592.243954256073,0.0029145815434175803,96.77676424860377,54.229312470242455
3607200.0,6607.874471301876,0.0013010466330054,96.76945583910732,54.27506114613544
3610800.0,6604.909992879702,0.0015006694621366259,96.77151174323684,54.308725088609656
3614400.0,6592.1016564729525,0.002913061281370111,96.77765248593903,54.35655910050312
3618000.0,6609.132705679951,0.001417049846897163,96.76837794988285,54.40122237283519
3621600.0,6601.970660187078,0.0015852193558106974,96.77037539123761,54.435094296090796
3625200.0,6592.697602430525,0.0028481941140385547,96.77402436967317,54.485074733052805
3628800.0,6610.041796247501,0.0014669506947856976,96.76380077822674,54.52742521770196
3632400.0,6598.966269460608,0.0015921001339227535,96.76945613804286,54.56136583113651
3636000.0,6593.921332611119,0.00264528876197353,96.77189954580675,54.6124580204883
3639600.0,6610.239160251865,0.0014218991357920277,96.76564170660853,54.652504738206744
3643200.0,6596.117525631078,0.0015837494414776164,96.77370110462464,54.689567723330775
3646800.0,6595.431172568601,0.0024048532083557196,96.77506605169462,54.74145602513022
3650400.0,6609.8453248929245,0.0013425295943021063,96.7683870812092,54.77945073249975
3654000.0,6593.4754064657145,0.0015681714979425567,96.77676735246003,54.81951103592548
3657600.0,6597.300145293967,0.002113954634212631,96.77511580905686,54.87086361513231
3661200.0,6608.790646238985,0.0011660083146524086,96.76767404772382,54.905208028819345
3664800.0,6591.135336591002,0.001514190960373075,96.77586857595935,54.94624582971766
3668400.0,6599.434817268422,0.0017309402046043212,96.77016354968127,54.99816474580182
3672000.0,6606.836920305111,0.0008687615146858678,96.76494192419881,55.0332530725693
3675600.0,6589.506048410707,0.0013679941441026929,96.77360507478511,55.078840819057845
3679200.0,6601.496607840054,0.0013170131855294962,96.76818037103587,55.12824298145309
3682800.0,6604.510386458298,0.0006388604848179903,96.76790562353246,55.16125794748809
3686400.0,6588.462747562653,0.0011995180380638317,96.77660193524643,55.208091382465525
3690000.0,6603.414601914996,0.0009335401404808615,96.7697509995561,55.254487709383945
3693600.0,6601.641215679268,0.000650977525926793,96.77130381784015,55.28720713653338
3697200.0,6588.177964978552,0.0010334377486483034,96.77879429271849,55.33553006142731
3700800.0,6605.034561348493,0.0006551983043895214,96.76967623204752,55.379565800948455
3704400.0,6598.418187956988,0.0009529898045382394,96.77270041866683,55.41424237202832
3708000.0,6588.697147613281,0.0008008351156085829,96.7759179241791,55.4632937651736
3711600.0,6605.970534927106,0.0006317909848401084,96.76636020029888,55.50576321640965
3715200.0,6595.199451105866,0.0013762636156624192,96.76973178900032,55.54164635163805
3718800.0,6589.755458509385,0.0006303400791996176,96.77265648002322,55.59201999610317
3722400.0,6606.185918280318,0.0007687574975517577,96.7646365520858,55.63064148671101
3726000.0,6591.9350745159745,0.001819047649438365,96.77332291043187,55.66875625284628
3729600.0,6591.423639864482,0.0005083054466560507,96.77455661185529,55.72025421543382
3733200.0,6605.764686894934,0.0009992823359916778,96.76830619792185,55.75800763130325
3736800.0,6588.9924612320465,0.0022464809182635276,96.77781449429101,55.7981276811446
3740400.0,6593.517851446806,0.0006220991160830327,96.77528116991931,55.849744103343504
3744000.0,6604.464078111517,0.001217459623911278,96.76945159181551,55.886154351102846
3747600.0,6586.7206777756155,0.0025915177779281665,96.77758037329501,55.926655564704596
3751200.0,6595.887720594186,0.0008692013901805623,96.77163813707443,55.97616704050719
3754800.0,6602.350237494279,0.0013715939192629647,96.7677344743779,56.011843795730606
3758400.0,6585.159123862232,0.0028146418261432026,96.7750690908098,56.05768879337676
3762000.0,6598.056443110743,0.0011347571639003275,96.7678731857557,56.106919028989346
3765600.0,6599.577312940864,0.0014718461893896146,96.76725715053335,56.14168282645891
3769200.0,6584.264347697952,0.0029384650849292055,96.7762446528412,56.188047941049234
3772800.0,6600.091217884521,0.0013337678504469963,96.76938996644623,56.2341352063853
3776400.0,6596.3306036900985,0.001525723314789217,96.77176216960922,56.26821809124963
3780000.0,6584.174884169762,0.002918997785912555,96.7783328868265,56.31654886663954
3783600.0,6601.517146585384,0.0014428968176307484,96.77044844556634,56.35974822274041
3787200.0,6592.806653305424,0.0015717734600091183,96.77486659578263,56.394535827672414
3790800.0,6585.005518209886,0.0027911275867647588,96.7780288885286,56.44477781432855
3794400.0,6602.1138063754415,0.0014847404155901745,96.76686133389829,56.4865495613336
3798000.0,6589.193901589438,0.001620371011115374,96.77215324337874,56.52193746079816
3801600.0,6586.706483511916,0.002533676840538034,96.77255437659512,56.573103156652415
3805200.0,6601.968857111687,0.0013548172454074187,96.76424098099808,56.61200364068369
3808800.0,6585.954904502182,0.0015862000305734794,96.77400801425566,56.64988200004025
3812400.0,6588.850855909041,0.0021441527166370595,96.77267913681987,56.70126895443549
3816000.0,6600.759743040637,0.0011554225550352015,96.76827880283088,56.73773548479226
3819600.0,6583.213750255604,0.0015040301757902519,96.7781171962998,56.779806408698796
3823200.0,6591.187055325499,0.0017430912998732044,96.77471797872948,56.831211383780015
3826800.0,6598.709530720272,0.0008989159019089569,96.77113613641359,56.86585891075301
3830400.0,6581.153436925146,0.0013787709645603052,96.77880355041798,56.90993816506925
3834000.0,6593.570605115985,0.0013176178235447616,96.7726757741194,56.95914896176934
3837600.0,6595.67875812866,0.0006377315587864165,96.76886450697863,56.99158743605903
3841200.0,6580.074636628825,0.0012040831630131478,96.77760427740441,57.03895613888731
3844800.0,6595.752397123733,0.0008695729089030698,96.76757765919999,57.087900102579674
3848400.0,6592.213152012849,0.0007736025773512065,96.76905100510756,57.122073527667354
3852000.0,6580.013494831576,0.0009310961058053431,96.77505195685659,57.17243625813626
3855600.0,6597.2420753506485,0.0006308619407749571,96.76718279219625,57.21608917763455
3859200.0,6588.362595502506,0.001201403851375413,96.77349967961521,57.25032573002343
3862800.0,6580.91596981981,0.0006945659694296262,96.77738560488801,57.30109684467077
3866400.0,6597.939676812105,0.0007182553547969918,96.76952143819643,57.341575982581936
3870000.0,6584.45665581986,0.0016977028451058377,96.77651440247615,57.37757024938191
3873600.0,6582.718156903457,0.0005251746551057477,96.77804679547732,57.429233921537296
3877200.0,6597.638638736532,0.0009520192820770943,96.76916162342927,57.467154839593775
3880800.0,6580.964797293724,0.002192503202711819,96.77644102336993,57.507145334423065
3884400.0,6585.003968648919,0.0006105625557861038,96.77212102895277,57.558417779505376
3888000.0,6595.971096008721,0.0011799239049794128,96.76533059917918,57.592731021592016
3891600.0,6578.1718123884975,0.0025832275096735516,96.7738914521384,57.63566856399136
3895200.0,6587.6366294124855,0.0008724005955897885,96.77082860495422,57.68545608567386
3898800.0,6593.482392053206,0.0013655950182527262,96.76814071061197,57.71918667296668
3902400.0,6576.25082873941,0.0028533371594689086,96.77833773582836,57.765022626532485
3906000.0,6590.143184007458,0.0011911900041380263,96.77219429245312,57.81340756463861
3909600.0,6590.075475480034,0.0015137533582808916,96.77278189278867,57.84818629898246
3913200.0,6575.561988091677,0.00295949399427079,96.78054592182353,57.896959051268645
3916800.0,6592.228622064487,0.0014397454439070035,96.77150428470854,57.941582894734054
3920400.0,6585.986853299191,0.0016006890027844421,96.77340901145703,57.9763067841194
3924000.0,6576.03703879216,0.002875186367878287,96.77701393514587,58.026231102868486
3927600.0,6593.408815100028,0.0014821010795687602,96.76753016655513,58.068576664809456
3931200.0,6581.6973654444255,0.0016153620404422047,96.77224680224333,58.10615829606759
3934800.0,6577.489462908328,0.0026047047816299272,96.77410551523052,58.15903801632948
3938400.0,6593.265757401581,0.0013691961208962598,96.76639356094078,58.197882579875106
3942000.0,6577.737777736881,0.0015371091031127554,96.77477234767063,58.23720949552581
3945600.0,6579.709715308379,0.0021740572784997455,96.77475445054405,58.2884127429665
3949200.0,6592.099269074414,0.0011254286256749382,96.76954254549989,58.32420830685414
3952800.0,6574.353392700596,0.0014710748815437535,96.77882715940503,58.36573360296892
3956400.0,6582.459213826696,0.0016632471370748552,96.77479379653346,58.41568507167767
3960000.0,6589.497343938756,0.0007818120408308376,96.77151170198184,58.45028907906789
3963600.0,6572.0172136841575,0.0013546938157386515,96.77949372294748,58.494385933453145
3967200.0,6585.140793532697,0.0011786615558708514,96.77206829635263,58.54362805675727
3970800.0,6585.952939215151,0.000587797110267431,96.76916335801975,58.57809567778874
3974400.0,6571.079032595938,0.0011477730701146837,96.77535586733744,58.62485078148931
3978000.0,6587.410097620472,0.0007251496242649383,96.76704130081615,58.669726780025805
3981600.0,6581.602799310544,0.0008793457621895407,96.77022813190793,58.70489412745223
3985200.0,6571.295242029889,0.0008677942712790749,96.77695792966485,58.75535008549162
3988800.0,6588.674680141194,0.0006213480726362607,96.76901170058214,58.797319610438926
3992400.0,6576.916837236213,0.0014788283082475767,96.77626357044484,58.83372356350931
3996000.0,6572.807227500513,0.00056993062366448,96.77871196589396,58.88627507317601
3999600.0,6588.664795776734,0.0008693793560996542,96.77076586773236,58.926384151685625
4003200.0,6572.571726424545,0.0020850579463712058,96.77881284802983,58.96419832557357
4006800.0,6575.318344896223,0.0005789981713658361,96.77537348539454,59.01538955044645
4010400.0,6587.043781785848,0.0011533313647621207,96.76963597853742,59.05224097048126
4014000.0,6569.1695889663,0.0025266011779408,96.77639960176914,59.09458207727752
4017600.0,6578.157733632004,0.0008781217277555529,96.77141990582378,59.146422611039355
4021200.0,6584.138934853542,0.001355232605757831,96.76708335743187,59.18250677751357
4024800.0,6566.900048476436,0.0028517250040083824,96.77675587860747,59.22802365961936
4028400.0,6581.01983744041,0.0011895477397152851,96.77001578078286,59.27624216747351
4032000.0,6579.929326747746,0.0014502977105515205,96.77152102731786,59.31051317882289
4035600.0,6565.995011707354,0.002905211683633557,96.77927424641021,59.35855702608088
4039200.0,6583.1235424169245,0.001372008045764374,96.77111513638425,59.402847788063916
4042800.0,6575.040541732343,0.0014998139052448361,96.77572222324254,59.43778002563468
4046400.0,6566.6848796337035,0.0027284334594442554,96.77945401162756,59.48794755538847
4050000.0,6583.821968617778,0.0013927979089055932,96.76982524108132,59.529825383862516
4053600.0,6570.838568070558,0.0015374250538056522,96.77505864882637,59.56613213950672
4057200.0,6569.600209309225,0.0023212619363611117,96.77483978657088,59.61824808832969
4060800.0,6584.66805743189,0.0011702596696731475,96.76567760507446,59.656747162238766
4064400.0,6567.356634814844,0.001485696343694161,96.77453548625691,59.695663252232336
4068000.0,6574.102507440962,0.001792051207697645,96.77123223935025,59.746853167839596
4071600.0,6582.933107167724,0.000838268732704697,96.76863892543895,59.78277714064214
4075200.0,6565.843439179641,0.0013985161873627627,96.77852257592892,59.827001625627055
4078800.0,6577.8286231217435,0.0011709130651586048,96.77311938017948,59.87679161838144
4082400.0,6580.75548526039,0.0005429404862784939,96.77300625419637,59.911205263892
4086000.0,6564.9899681494635,0.0011676967447256346,96.78074808756095,59.95929552277512
4089600.0,6581.8391289637575,0.0007249212311685038,96.77262746509925,60.00648831629022
4093200.0,6576.7334736185185,0.0008116022311288848,96.77349967175505,60.038978250964895
4096800.0,6566.661641753925,0.0009621862961459204,96.77824799359759,60.08843540110988
4100400.0,6584.1572568970805,0.0005274508593182171,96.76788388802268,60.133194354680086
4104000.0,6573.459423350102,0.001462875877979438,96.77243150889332,60.169894800565444
4107600.0,6568.932595362017,0.000684711328404032,96.77417127201828,60.223034165422135
4111200.0,6585.628380968796,0.0008203721929132678,96.76645476568324,60.26325940978945
4114800.0,6569.666743090208,0.002035389179527773,96.77567735406174,60.301165085181616
4118400.0,6573.090618321188,0.000706240291786245,96.77508021003,60.353218127108896
4122000.0,6584.8038984969235,0.0010838958774927697,96.76980311638889,60.389488097748895
4125600.0,6567.553367608649,0.002536163970387459,96.77933058600787,60.43084498628354
4129200.0,6576.93388826038,0.0008906580576555581,96.7754081334792,60.48099476164068
4132800.0,6583.2829768552665,0.001249392268530977,96.77214257175363,60.51524416072788
4136400.0,6566.004103903916,0.0027626141749514154,96.78025007729792,60.561184661133225
4140000.0,6581.223774149895,0.0011290542890485076,96.77047832696947,60.60960229239974
4143600.0,6579.734189281459,0.0013860304831246856,96.769902881078,60.642738797869896
4147200.0,6566.955360722744,0.0028567309573383124,96.77556969690501,60.69157172806149
4150800.0,6584.084036517395,0.0013127587572906178,96.76671352359385,60.73633364565235
4154400.0,6576.57161282381,0.001438306318117741,96.77213863115324,60.77019148274796
4158000.0,6568.661959797031,0.0026117859634920536,96.77648048368644,60.82158698591609
4161600.0,6586.431424016649,0.0013063706696753968,96.76934188585874,60.862815563498074
4165200.0,6572.633602757426,0.0014550238643392627,96.7772348123562,60.90041357417136
4168800.0,6572.218428577309,0.002294653372951819,96.77858560032873,60.95342627075698
4172400.0,6586.492190956799,0.0011993007395317554,96.77134350285294,60.991260633235974
4176000.0,6570.0538684919675,0.001487002193990813,96.7789333322618,61.03168155797514
4179600.0,6575.7610736347715,0.0017681650164013088,96.77607123780936,61.08307487495891
4183200.0,6585.74058637833,0.0008103367656822206,96.76875865441038,61.1171599286555
4186800.0,6567.7427317563715,0.0013868080320412477,96.77847261912338,61.16150632275465
4190400.0,6580.31023979797,0.0012040329035986836,96.77046732671832,61.213300629676766
4194000.0,6582.896758793705,0.0005105249387090727,96.76859945617733,61.247618369873905
4197600.0,6567.79444023977,0.001234030838804012,96.77655388582794,61.29608677746291
4201200.0,6583.559017006431,0.0006199538888901701,96.76937514385227,61.34253005495934
4204800.0,6580.057802012121,0.0007831677945759602,96.77333119223053,61.37602666192679
4208400.0,6568.4921213797315,0.0009876579740075034,96.77919489975555,61.425946805341084
4212000.0,6586.731324857051,0.0004801453893908954,96.77101035187468,61.46871241368108
4215600.0,6576.014751446814,0.0013091076919160226,96.77666237458402,61.50352063316593
4219200.0,6571.4524134363455,0.000799050574076371,96.77996419278327,61.55512501273436
4222800.0,6587.8179346746465,0.0007178400370450185,96.77032287523275,61.594690295198305
4226400.0,6573.107336464769,0.001939808367143901,96.77696332109778,61.63352825881026
4230000.0,6574.535091592869,0.0006456033234558113,96.77397555663498,61.68514553720244
4233600.0,6587.954623538932,0.0009725961300946797,96.76632079668327,61.72051270266803
4237200.0,6570.211732147845,0.0023698992656437613,96.77472171833134,61.76261243652767
4240800.0,6578.96581372032,0.0007798624362722621,96.77238200686124,61.81301792296516
4244400.0,6586.1264540292295,0.0011812401598659459,96.76894945256767,61.847138770357446
4248000.0,6569.245547716067,0.0027350550312114853,96.77938548279245,61.8925567519469
4251600.0,6582.565531618399,0.0010653212229347346,96.77350297460511,61.941497609537436
4255200.0,6583.953057746454,0.001325879345549188,96.77374210960801,61.9763829271326
4258800.0,6569.042961273876,0.0028031358170203468,96.78168928157179,62.02509825751055
4262400.0,6586.445947137162,0.001274970241191564,96.77265811401966,62.07000527797277
4266000.0,6580.203316038894,0.0014084421828769009,96.77453771672195,62.10480285264044
4269600.0,6571.074269010983,0.002738080568336171,96.77811964588187,62.15487353578055
4273200.0,6588.449345486713,0.0013361341415996009,96.76858539068724,62.19714494541458
4276800.0,6577.104453612071,0.0014607520815315429,96.7735467838813,62.234963715160404
4280400.0,6573.452378473396,0.002378267228756898,96.77506637122264,62.288028026401726
4284000.0,6589.718356058833,0.0011636461727482744,96.76751635141741,62.326572513663905
4287600.0,6573.707354830142,0.0013968960398153198,96.77610139035706,62.366383735194006
4291200.0,6577.444510834956,0.0019451805758193227,96.77557165207648,62.41756725202663
4294800.0,6589.035268835074,0.0009200306682267235,96.77079277739455,62.45300225173699
4298400.0,6571.895240298941,0.0014200548417397884,96.78014398263403,62.495177325575526
4302000.0,6581.106158436725,0.0013593539024762042,96.77555687907964,62.5448447280607
4305600.0,6587.687635354108,0.0005393609831539782,96.77291163340853,62.57917011610471
4309200.0,6570.540662935841,0.0013131680749885685,96.78077326356944,62.6239927851091
4312800.0,6585.343469371106,0.0009175488095217684,96.7728514664974,62.67267776494478
4316400.0,6584.689035958165,0.0004817105204584138,96.7707132562619,62.7070922652658
4320000.0,6571.46652069144,0.001202304933077454,96.77646771209653,62.75450762977367
4323600.0,6588.207620778475,0.0004664641188494247,96.76797542832978,62.79857899823238
4327200.0,6581.868928543868,0.0009655033828366417,96.77179048001581,62.833995992164475
4330800.0,6572.762802793031,0.0009372634154357711,96.77793884455457,62.884770328315405
4334400.0,6590.825248572518,0.0005219661093615478,96.77008128891309,62.92599376934943
4338000.0,6578.121663458251,0.0015177800509726834,96.77781557128351,62.962809195573215
4341600.0,6576.053892646397,0.0007308594088253956,96.77965487523073,63.01538392799166
4345200.0,6591.390367476268,0.00080280731472816,96.77200162304962,63.054889827647386
4348800.0,6575.687314970102,0.0021068096303266397,96.78029930280779,63.093141876982926
4352400.0,6579.373994387414,0.0006606653472700632,96.77641087853175,63.1441146156083
4356000.0,6591.279197369417,0.0010359113283876008,96.77102591650383,63.18059616716919
4359600.0,6573.44688650378,0.0024351290672036683,96.77778160168795,63.22315244469683
4363200.0,6583.6673512654215,0.0008459770924960043,96.77261628205444,63.27466935074308
4366800.0,6589.348953124887,0.0012041928759532286,96.76844932955208,63.310595576295
4370400.0,6573.065310359303,0.002755050788446762,96.77806703544633,63.35603924366741
4374000.0,6587.142279061868,0.001091345827237157,96.77137432424601,63.404099808363824
4377600.0,6587.176027745022,0.0012754207166708043,96.7727613173183,63.438250054977615
4381200.0,6573.0464896075755,0.0027500026558642974,96.78065798388887,63.485874616712536
4384800.0,6590.774981462428,0.0012095544388950126,96.77264141935859,63.5303566086319
4388400.0,6583.726925484729,0.001322715560405808,96.77676262520225,63.564919639654036
4392000.0,6575.142923151746,0.00265708747833999,96.7810698601324,63.61453765880524
4395600.0,6592.507932868989,0.0012832876281764904,96.77146301405996,63.65698399290327
4399200.0,6580.996016800908,0.0014387837743540621,96.77598326620728,63.692503297219496
4402800.0,6577.62940382727,0.00234163771307693,96.77682055394352,63.74417927397092
4406400.0,6593.998537433924,0.001146270479447084,96.76716130188058,63.783557776133605
4410000.0,6577.871820019591,0.0014479017257627942,96.77535853675435,63.82088819256094
4413600.0,6581.650042656876,0.0019338681819888411,96.77362213264638,63.872324553126795
4417200.0,6593.303679158282,0.0009321924315102842,96.76969629042311,63.90909540883751
4420800.0,6576.371358998481,0.0014509009262114528,96.77953084287067,63.95106054706325
4424400.0,6585.082279098544,0.0014204014004650834,96.77589704486857,64.00192875895219
4428000.0,6592.39319636801,0.0006034606263083284,96.77351921335763,64.03674677094422
4431600.0,6575.009892512368,0.0013399760593355054,96.7821859983817,64.08243081134226
4435200.0,6589.206803995371,0.0009924873374854062,96.77554296338273,64.13143391821319
4438800.0,6589.66269324609,0.00045448699102448197,96.77364655567966,64.16355052882479
4442400.0,6575.696081665772,0.0012529106230973017,96.7803471666155,64.21055920315958
4446000.0,6592.163157418258,0.0005162194584381662,96.77057008651371,64.25816422362365
4449600.0,6587.284067114305,0.0008404990398469227,96.77206831797663,64.29300974858636
4453200.0,6576.783066634614,0.0009956717946302904,96.77701870981619,64.34455708296143
4456800.0,6594.970477385673,0.00046963735473381016,96.76866454970006,64.38802200564828
4460400.0,6584.007296461399,0.001339964022708826,96.77545353725692,64.42284452924531
4464000.0,6579.689325205113,0.0008564421185715249,96.77865355446224,64.47448123909872
4467600.0,6595.970964160931,0.0006914797084997951,96.77124067504987,64.51380291657865
4471200.0,6581.652964588056,0.0018790077076554445,96.7793061139494,64.55080673890275
4474800.0,6582.6295973603,0.0006921910526933799,96.77960627136599,64.6021624720092
4478400.0,6596.685148004658,0.000907991185708552,96.77236672899623,64.63874427156625
4482000.0,6579.1643037577205,0.0022503110183128535,96.78083167480567,64.67974886921043
4485600.0,6586.743671054408,0.0007250858484382868,96.77530712561179,64.73063475807693
4489200.0,6595.38136295671,0.001102701950107258,96.76961348768565,64.76514577596313
4492800.0,6578.4010996897005,0.002613314729599497,96.7771384225105,64.80891787973243
4496400.0,6590.093702133874,0.000907040644158613,96.77126718807514,64.85785918558659
4500000.0,6593.97157434222,0.00120313683332184,96.77059429470955,64.89062769705588
4503600.0,6577.835150391013,0.0027117341390581083,96.77937496222357,64.9377941583078
4507200.0,6593.907884484087,0.0011029905335186066,96.77292329543633,64.98477662307228
4510800.0,6591.270563249074,0.0013109414191034832,96.77533058811817,65.01894389397225
4514400.0,6579.242721413669,0.002771134174823618,96.7827672226573,65.0688601162962
4518000.0,6596.393000049492,0.0012976439132822203,96.77385485733134,65.11315280674866
4521600.0,6588.974164777387,0.0014086599011475806,96.77730373272826,65.14843245649818
4525200.0,6580.845787544649,0.0025989768780117417,96.78121989582918,65.19851432103827
4528800.0,6598.87027455736,0.0012797236356327636,96.77030427028794,65.23862472373713
4532400.0,6585.777614908657,0.0014483781936483827,96.77722762717147,65.27603027614816
4536000.0,6584.0802212574135,0.002337575227073698,96.77665409361336,65.32923140482903
4539600.0,6599.151537304242,0.0011648173266967715,96.7682612915148,65.36795198563611
4543200.0,6583.976079497489,0.0014442465457418176,96.77643222014956,65.4079796265134
4546800.0,6587.015503967237,0.0018939889453094595,96.77589039924477,65.45919412932349
4550400.0,6599.583250002607,0.0008919062016514875,96.77154322496206,65.49461694408292
4554000.0,6581.939527691338,0.001397790466839047,96.78066240975585,65.5364834592768
4557600.0,6591.067763636169,0.0014912823455678272,96.77682793088235,65.5863122632665
4561200.0,6598.182282565663,0.0006272011083083719,96.77400696948109,65.62005162783906
4564800.0,6581.534783647335,0.0014084226638572906,96.78312915082488,65.6644629204191
4568400.0,6594.27088865662,0.0010161913556130068,96.77580188828398,65.71271412378431
4572000.0,6596.869712351034,0.00044183677240646645,96.77314218679128,65.74721154459654
4575600.0,6581.451405354042,0.0012566926215700509,96.77922057578441,65.79312594722504
4579200.0,6597.901889983689,0.0006834645711811733,96.77069465264383,65.83877565601877
4582800.0,6594.21676402946,0.0005986046710106977,96.77135409569381,65.87352299076593
4586400.0,6582.95309145603,0.001155604181583801,96.77911237968623,65.92228044943731
4590000.0,6600.152449005181,0.0003937392758631675,96.77038657133576,65.96519135696232
4593600.0,6592.092770133108,0.0010982373992404343,96.77677667413407,66.00052257725814
4597200.0,6584.558342520575,0.0008717094771505752,96.78133581337507,66.05166711243581
4600800.0,6602.434248070941,0.000532581030430809,96.77322082432485,66.09338667745482
4604400.0,6589.2760345036395,0.0015424045334536897,96.7802206470507,66.12991784711029
4608000.0,6587.744886034675,0.0006952149283700619,96.7804871706517,66.18122409314476
4611600.0,6602.946979645589,0.0007657516288062985,96.77288953351305,66.22004534857432
4615200.0,6587.746093349433,0.002002928337803186,96.77842984607499,66.25730667206064
4618800.0,6590.605940384026,0.000624358157417972,96.77755655756225,66.30900703507957
4622400.0,6603.524568402019,0.0009582335771820464,96.76904991675403,66.34736484528085
4626000.0,6585.985553529863,0.0023339829087726466,96.7780991925183,66.38923504434854
4629600.0,6594.496489383583,0.0007741896138981992,96.7739528807881,66.4401544692347
4633200.0,6602.320830378015,0.0011231683704019419,96.77091414258079,66.47521793458004
4636800.0,6585.630903529123,0.0026232237459404262,96.78118497496123,66.5181923594108
4640400.0,6597.673132959031,0.000950215019851006,96.77561850437415,66.56691759510962
4644000.0,6601.333107791118,0.0012138391715497173,96.77486134966492,66.60062732842596
4647600.0,6585.261285446765,0.0026976261826214356,96.78305037299394,66.6461159571875
4651200.0,6601.273242646993,0.0010813765972606793,96.77609544943726,66.69297626448628
4654800.0,6599.122920756274,0.0013070042405597566,96.77591366645302,66.72636152544175
4658400.0,6586.6075963683215,0.002786167402067777,96.7816589217136,66.77510680833228
4662000.0,6603.556823327822,0.001255028752389645,96.770634662797,66.82000969599949
4665600.0,6597.320249804504,0.0013980863396862787,96.77283757186261,66.852653866198
4669200.0,6588.031344345609,0.002619080941941562,96.77722328037127,66.90284236205758
4672800.0,6606.036871065085,0.0012442006100950866,96.76983224862212,66.94492165952782
4676400.0,6594.836604658378,0.0014243981801737415,96.77649250527747,66.9800756716935
4680000.0,6590.837336739193,0.002469992293663408,96.78000393177803,67.03132643261861
4683600.0,6607.072133345802,0.001278340804052097,96.77280745530558,67.07090874671565
4687200.0,6593.362083062088,0.0014950906133318824,96.7808389586375,67.10942576354951
4690800.0,6593.275365845102,0.002170459062257393,96.78118937804295,67.16157275103951
4694400.0,6608.178173283078,0.001153118563353594,96.77393112551574,67.19789231449477
4698000.0,6591.368730687867,0.0014937779083974449,96.78038316747917,67.23718459593572
4701600.0,6596.903336680833,0.0018953401145407457,96.7771883334616,67.28850736952695
4705200.0,6607.583724270417,0.0009375090464638011,96.77033492225813,67.32382382167063
4708800.0,6590.74164592461,0.0014982986826874848,96.77903148167162,67.36745303508414
4712400.0,6599.806767816646,0.0014473298841736688,96.77376742079524,67.41890628394532
4716000.0,6607.232062995505,0.0006320393163134493,96.77109440992456,67.45268313194008
4719600.0,6590.014245328495,0.001356749036932673,96.7800794317025,67.49802436421521
4723200.0,6603.407159204157,0.0010852005370012234,96.77469547775031,67.54578583260589
4726800.0,6605.617867315092,0.00044142086966822414,96.77482420011528,67.57868899354324
4730400.0,6590.715120972757,0.001311915606817027,96.78298737452641,67.62510319369235
4734000.0,6606.0762644614715,0.0006829843895120231,96.77540372555106,67.67093689863711
4737600.0,6604.3679697475245,0.0005503557940121429,96.77694374696301,67.70431424945616
4741200.0,6591.377258690318,0.0011247200166722305,96.78295233528486,67.7520968055308
4744800.0,6609.0125078619285,0.0005212884617555157,96.77342185948514,67.79702289573693
4748400.0,6602.2551160059265,0.0008386834676487602,96.77458648183301,67.8315838361869
4752000.0,6593.432717522569,0.0010165632225548212,96.77809837652194,67.88057270188229
4755600.0,6610.590607175994,0.0004336329671452964,96.7695465762078,67.92142910425254
4759200.0,6600.863674243716,0.0012546033389101863,96.7749858603708,67.95758017602284
4762800.0,6595.156041893953,0.0007951827626171098,96.77947232010965,68.00836252016924
4766400.0,6612.56711159232,0.0005853397674416885,96.77203698533643,68.04776930440552
4770000.0,6598.771491664312,0.0016175590914736004,96.78032311231442,68.08497822093696
4773600.0,6598.184289345022,0.0006509880629802196,96.78146235067784,68.13691791826713
4777200.0,6613.131908315315,0.0007819731426104042,96.77409795919233,68.17569909134566
4780800.0,6597.833940282853,0.0020264287129350745,96.78221858240333,68.21345684816822
4784400.0,6600.728821978182,0.0005719965997277976,96.77881220165423,68.2638502922352
4788000.0,6613.7873522674,0.0009513511922834401,96.77289538687299,68.30047522678612
4791600.0,6596.609292161486,0.002241242552972752,96.77935664764068,68.3412421781528
4795200.0,6604.106049626188,0.0006844839385292295,96.77570353896145,68.39286266441239
4798800.0,6613.284701475788,0.001098450463834199,96.76991693247506,68.42929913985826
4802400.0,6596.581225721852,0.0025505519788883687,96.77967025002698,68.47176446402293
4806000.0,6606.819470349811,0.0008633668154020965,96.77486140083107,68.52129151014093
4809600.0,6613.043154384284,0.0011876638232786235,96.77320271581513,68.55535045228636
4813200.0,6596.148134839723,0.002650079468026238,96.78264281545583,68.5992463781858
4816800.0,6610.234838021498,0.0009888555654601308,96.77646900393191,68.64666313267472
4820400.0,6611.667479336311,0.0012602279317207974,96.7762604295779,68.68006681560277
4824000.0,6597.046219540902,0.0027656682796455565,96.78376207700329,68.72595557039078
4827600.0,6612.505535044326,0.0011518110539826462,96.77546331347949,68.77251722280813
4831200.0,6610.8867897894,0.0013698740585578594,96.77508861502331,68.80579632814751
4834800.0,6597.756472371074,0.0027553901481139585,96.78043832551003,68.85386026349919
4838400.0,6615.345103016983,0.0012257924393296227,96.77052631325257,68.89846953154671
4842000.0,6609.163575499196,0.001400742916961024,96.7736168803201,68.93078018511288
4845600.0,6599.77557963459,0.0027176370458791184,96.77863253396345,68.98049576412545
4849200.0,6616.903700809883,0.0013145327615522757,96.77190428095658,69.02320505578356
4852800.0,6608.2938348253265,0.0014653508696098377,96.77759333203488,69.05779046322233
4856400.0,6601.27491290253,0.0025788118753812287,96.78226427066936,69.10863048754503
4860000.0,6618.983443497102,0.0013325285351954818,96.77423053896929,69.14968918650021
4863600.0,6606.68467164325,0.001500055951204463,96.78060781865392,69.18649228815465
4867200.0,6603.889074355016,0.0024876605204118985,96.78271456209097,69.2374635151767
4870800.0,6619.901068938735,0.0013597253628156345,96.77305567859236,69.27481065085067
4874400.0,6605.900817561424,0.0015705072025541777,96.77989245709861,69.31208377114758
4878000.0,6606.005370801176,0.002220674514596288,96.77815689948928,69.36426889445585
4881600.0,6620.884076496723,0.0011748025403273737,96.76991833028949,69.4020826707129
4885200.0,6604.692441681673,0.0015080255528714056,96.77758043797569,69.44249739133795
4888800.0,6608.993106857553,0.002020275878155566,96.77658407092657,69.49380067339257
4892400.0,6620.8991421886085,0.0010466497829654186,96.77176052497624,69.52889798530738
4896000.0,6604.578961328831,0.0014934068897391611,96.78100342649446,69.57009202338531
4899600.0,6611.257071117209,0.0017007169389652171,96.77823013931506,69.61973682530886
4903200.0,6621.407354617701,0.0008508218746885743,96.77438367544292,69.65351795841653
4906800.0,6603.922693417944,0.0014443310965054313,96.78377094787278,69.69589555774127
4910400.0,6614.3791587759415,0.0014867321700226545,96.77847976963544,69.74430219660226
4914000.0,6620.731934928359,0.0007277437082775799,96.77459402297572,69.77878239974638
4917600.0,6604.5079653785115,0.0014524947987801153,96.78158525143552,69.82163640966611
4921200.0,6616.562004495378,0.0012255860835285034,96.77498943258274,69.87017470806141
4924800.0,6620.738453673472,0.0005479492489495933,96.77116114268205,69.90436736284336
4928400.0,6604.671156967753,0.0013517233220689095,96.77951348347668,69.94862265181078
4932000.0,6619.582611506817,0.0009964737784313343,96.77230776782912,69.99499479327342
4935600.0,6619.69359150021,0.00047750022286101323,96.77410387132437,70.02901493551434
4939200.0,6605.826935183413,0.001276859311083348,96.78238909472586,70.07605681171643
4942800.0,6621.470148852486,0.0007383708659788394,96.77530564465512,70.12180351348779
4946400.0,6619.40813581063,0.0005908986060610507,96.77791949402939,70.15558011982043
4950000.0,6606.49567993028,0.001103360681665514,96.78423215642984,70.20404084600925
4953600.0,6623.924383184146,0.000647030079187584,96.7759703333605,70.2490014755357
4957200.0,6618.177944048108,0.0007598669318153714,96.77739153249831,70.28101133705812
4960800.0,6608.323959427584,0.0010372067432111033,96.78204951680954,70.32915129841668
4964400.0,6625.498605837311,0.0004936061441492594,96.77207320053809,70.37373266944797
4968000.0,6617.92913265955,0.0010310441864672941,96.77505468823229,70.40869603216132
4971600.0,6609.561918255278,0.0008509250905956279,96.77888672704583,70.45978100309772
4975200.0,6627.490058163405,0.0005294950560818351,96.77074544398937,70.50196683888127
4978800.0,6616.887757004112,0.0012470799807937697,96.77736587112636,70.53624263739269
4982400.0,6611.788151197958,0.0007848812072695436,96.78096442799038,70.5867568172631
4986000.0,6628.484731289885,0.0005737215484046117,96.7734530445527,70.62638692306442
4989600.0,6616.629447316554,0.001518526173514781,96.78031530058769,70.66147930813875
4993200.0,6613.39963699437,0.000629818279930462,96.78271740842035,70.71178936580641
4996800.0,6629.336871759751,0.0007147208700759334,96.77417332141579,70.7500068812806
5000400.0,6614.9124216349155,0.0017389341862689234,96.78118180333031,70.78737267979693
5004000.0,6614.323908221793,0.0005178853086447363,96.7796779965715,70.83758681093565
5007600.0,6629.010667400586,0.0008400231997880734,96.77122444538914,70.87501610599728
5011200.0,6613.30289176828,0.0019677942213863235,96.77735960127988,70.913429456753
5014800.0,6615.2539679315705,0.0005244259753718208,96.77643447871817,70.96355353294467
5018400.0,6628.360467182678,0.0009402491467979461,96.77044966464668,70.99870157232341
5022000.0,6611.761546117113,0.0021834837243646737,96.77998033277218,71.0389767567389
5025600.0,6616.43034190999,0.0005699924452323094,96.77872253408947,71.08934576041925
5029200.0,6627.7160922553185,0.0010758038477936087,96.77412824004793,71.12495320119379
5032800.0,6610.368470552476,0.0023858869829519874,96.78387510779777,71.16639484950738
5036400.0,6617.62749607018,0.0006779736585912313,96.78000048088026,71.2167085985242
5040000.0,6626.726331193763,0.0011953408119110428,96.77512933474426,71.25202311045285
5043600.0,6609.29458697819,0.002557446090668635,96.78321619781826,71.29277395648643
5047200.0,6618.956235052229,0.0008077035729582165,96.7769819349638,71.3413177717662
5050800.0,6625.4738079359295,0.0012782971576534477,96.77315766072715,71.37652281279279
5054400.0,6608.44882102901,0.002674110184062692,96.78035887866912,71.42126146810313
5058000.0,6620.110393845478,0.0009627738437721283,96.77382455009962,71.47041081450766
5061600.0,6624.035539614357,0.0013451852359797206,96.77205023031328,71.50496864790239
5065200.0,6607.727442837003,0.0027824811554520434,96.7814886811121,71.54914834576478
5068800.0,6621.376607107848,0.0010995212901328258,96.7756922779265,71.5963682889723
5072400.0,6622.434400675958,0.0013934311072674075,96.7757318996793,71.62982221008062
5076000.0,6607.203617148039,0.002834848964087205,96.78387533340809,71.67524467731457
5079600.0,6622.48496788105,0.0012085428514327094,96.77710147894783,71.7208460050045
5083200.0,6620.674501555964,0.0014484583393545173,96.77789439252116,71.75405539917253
5086800.0,6606.988123648103,0.002866605764686622,96.7841086675542,71.80140768703887
5090400.0,6623.334244151632,0.0013178101991321944,96.77350990990054,71.8466788670034
5094000.0,6618.680826708938,0.0015331523013856715,96.77469671590694,71.87940132925634
5097600.0,6607.162558235656,0.0028534320990555155,96.77943360260943,71.92783751668509
5101200.0,6624.168256955329,0.001370750772648919,96.77071794642256,71.97123981907879
5104800.0,6616.7449839272695,0.001547944164498371,96.77570984819877,72.00427504199088
5108400.0,6607.599199693822,0.002782646431574862,96.78073226493822,72.0540784636078
5112000.0,6624.700924050497,0.0014300607577430412,96.77360728511741,72.09599453735191
5115600.0,6614.756278590129,0.00158605777445787,96.77960833094748,72.13122434123927
5119200.0,6608.174250151522,0.0027054432774016937,96.78383569784323,72.18237274102803
5122800.0,6625.018618600101,0.0014769910242940637,96.77527907185095,72.22276460254824
5126400.0,6612.737724229867,0.001629090583205417,96.78069515671199,72.2590622610392
5130000.0,6609.025829046796,0.002597875311943224,96.78253131370519,72.30925809486676
5133600.0,6625.114728202574,0.0014418396095546748,96.77222654343896,72.34701465928089
5137200.0,6610.638243137637,0.0016413803483574286,96.77990872099952,72.3848965212275
5140800.0,6610.1176383444135,0.002401312676305089,96.77838427413727,72.4374085639677
5144400.0,6624.543581794816,0.0013172107618380521,96.77039766419671,72.47515724103168
5148000.0,6608.8605526235315,0.001576946580113812,96.77841442036596,72.5147130626257
5151600.0,6611.288689886187,0.0021810683231226155,96.77822402997928,72.5652353493842
5155200.0,6624.012902108611,0.0011877474302723805,96.77340500968714,72.60074953300257
5158800.0,6607.171699034941,0.0015404740448629079,96.78216246880463,72.64090799761112
5162400.0,6612.613545060108,0.0019467323298691538,96.77981982949989,72.6906606584554
5166000.0,6623.078889898646,0.0010474133870454442,96.7754087201753,72.72503950514066
5169600.0,6605.660644206889,0.0015212675738490947,96.78445788327734,72.76652425707816
5173200.0,6614.036201826246,0.0017204020238661424,96.77948399132902,72.81571661019254
5176800.0,6621.846570124607,0.0009217686233446805,96.77359265427867,72.85075959262954
5180400.0,6604.531400810579,0.0014798694809017836,96.7807208290301,72.89272060671928
5184000.0,6615.497020060318,0.0014739511330337722,96.77456847317896,72.94102879687418
5187600.0,6620.2697324856945,0.000718626839266971,96.77118093802365,72.97551964628629
5191200.0,6603.674212957639,0.0013933783920631534,96.78128016843209,73.01961485960703
5194800.0,6616.955476474494,0.0011891454815518268,96.77459748059353,73.0667913968579
5198400.0,6618.417769924749,0.0006020768400531964,96.77570461128857,73.10054380931459
5202000.0,6603.055171322599,0.0012553278768553781,96.78429613877992,73.14742112934127
5205600.0,6618.178469876995,0.0009632568130783073,96.77728047942446,73.19439479378939
5209200.0,6616.416254496392,0.0006310949402071922,96.77851545644226,73.22779311436346
5212800.0,6602.819902990212,0.0010990881892520578,96.78432888473472,73.27516764527411
5216400.0,6619.211080894975,0.000793843235580842,96.77628270392026,73.3204361344061
5220000.0,6614.152617112721,0.000782894026058572,96.77607891891142,73.35264241077847
5223600.0,6602.990837699149,0.0009610780071455576,96.78263381755563,73.40179821827621
5227200.0,6620.142227474405,0.0006380033474768779,96.77183766875692,73.44733760753535
5230800.0,6611.99486756969,0.0010641310417197842,96.7757642050356,73.48199624047173
5234400.0,6603.503078949936,0.0007717725450135583,96.77981895273983,73.53280940172073
5238000.0,6620.6569293638795,0.0006286537689479025,96.77204635608528,73.57419004438225
5241600.0,6609.662995836936,0.001359457239264109,96.77941629061702,73.60879416698963
5245200.0,6604.340434751257,0.0006205565707575119,96.78229953262567,73.6591877661933
5248800.0,6620.8883312838,0.0007164903311188125,96.7747670355729,73.69851213345086
5252400.0,6607.350880495945,0.0016523484904731394,96.78179430090005,73.7342618685776
5256000.0,6605.502158916581,0.0004869037245374648,96.78340211214446,73.78514648436253
5259600.0,6620.788396960241,0.0008521994521839434,96.77445866913949,73.82298142835077
5263200.0,6605.214190339048,0.0019624205371616024,96.78123341532793,73.86166616760852
5266800.0,6606.802506883977,0.00045213535665976714,96.77827724324027,73.91223298853735
5270400.0,6620.022009353249,0.001007570794175211,96.77054046449395,73.94746776033111
5274000.0,6603.278555347978,0.0022353102714880464,96.77837013464693,73.98782118775829
5277600.0,6608.280356219691,0.0005609178632876827,96.77752716532905,74.03784537932006
5281200.0,6619.053277645192,0.0011525761811482878,96.77228130030049,74.072514136141
5284800.0,6601.519883356752,0.0025018125122810556,96.7827845443212,74.11453187920192
5288400.0,6609.907358543729,0.000766311313142768,96.77944495016409,74.16461484149646
5292000.0,6617.717341851054,0.0013077269894962021,96.7761364151869,74.19984620251478
5295600.0,6600.218115580959,0.0027102280432380306,96.78539786457621,74.24350681010996
5299200.0,6611.5720608645815,0.000997683471645546,96.77892839087387,74.29186473019334
5302800.0,6615.872528648425,0.0014334419692022715,96.776229349257,74.32609283359967
5306400.0,6599.376676160317,0.0028428490443437064,96.78271235761673,74.37025840050732
5310000.0,6613.1136254554385,0.0011625543800270442,96.77572512881302,74.41788811153205
5313600.0,6613.818441014759,0.0015084843233744898,96.773520012559,74.45302937667297
5317200.0,6598.900734663442,0.002931121814961021,96.78113743408193,74.50080342161912
5320800.0,6614.480619654525,0.0013212762473748677,96.77314507082185,74.5467261849403
5324400.0,6611.437777811589,0.0015455966463665905,96.77557940645437,74.5809192692663
5328000.0,6598.75049273188,0.002924439953399076,96.78323005755118,74.62843204004226
5331600.0,6615.666038686353,0.00142662564756305,96.77540295317847,74.67208718227539
5335200.0,6608.9326756153905,0.0015869485097147274,96.77941586189831,74.70613639071597
5338800.0,6599.066273741767,0.0028638522692378747,96.78448699370385,74.7547981298104
5342400.0,6616.419190767951,0.0014798229156286183,96.77641109936286,74.79699619254599
5346000.0,6606.377800857332,0.0016457474299984252,96.7803246475419,74.83154001928222
5349600.0,6599.905538804657,0.0027699121642383974,96.78280608225297,74.88218142912093
5353200.0,6616.784739325817,0.0015126389205998769,96.77198474945607,74.92305647233009
5356800.0,6603.77900781978,0.0016734174226208057,96.77707772407271,74.95777049100117
5360400.0,6601.228236613193,0.0025643875973584518,96.77811186159975,75.00859370408729
5364000.0,6616.653695880352,0.001417955511000764,96.77144726741315,75.04733940708513
5367600.0,6601.443313810587,0.0016535093506302668,96.78032785943888,75.08486232707772
5371200.0,6602.697166838558,0.002317903820112462,96.78062382256824,75.1359826361553
5374800.0,6616.031651918141,0.0013205322585861678,96.77495893197369,75.17276698744342
5378400.0,6599.279419685328,0.0016199830266042112,96.78417295781423,75.21364710038058
5382000.0,6604.32153967441,0.002063665747940004,96.78190275207344,75.2650510226621
5385600.0,6614.96417096682,0.0011762267240618637,96.77649571837175,75.29945668066405
5389200.0,6597.378198309959,0.0015625984374315121,96.78322308766761,75.34063202671226
5392800.0,6606.130945225683,0.0017656824091467937,96.77815876286327,75.391024209921
5396400.0,6613.2141911265935,0.0009145780091186062,96.77295906385973,75.42503389523654
5400000.0,6595.958942549796,0.0014504342493405174,96.78163223706032,75.47044555534147
5403600.0,6607.927245141533,0.0014004038229100855,96.77480631760939,75.52062578785322
5407200.0,6611.18315768572,0.0007066096720202403,96.77387681100718,75.55377126600584
5410800.0,6595.045482824669,0.001269671525093369,96.78226955405054,75.60054710663067
5414400.0,6609.55768419731,0.0010523516621692242,96.77595437076403,75.6468883826226
5418000.0,6608.748828785997,0.0006319474979939319,96.77761458531235,75.67964971698603
5421600.0,6594.635989290285,0.0011067682794162774,96.7849708658699,75.72710985510354
5425200.0,6611.059219610136,0.0007740446943777436,96.77688321591813,75.77159923658537
5428800.0,6605.979567938473,0.0008038151844723813,96.7796938787654,75.80513792379341
5432400.0,6594.856154278874,0.000899491922200593,96.78483558154052,75.85374808000304
5436000.0,6612.062503362746,0.0006661403417259514,96.77503730039089,75.89736364255195
5439600.0,6603.1808890925795,0.0011388253467582146,96.7773481061433,75.93234865485728
5443200.0,6595.536561249179,0.0006978482691309534,96.7798044962756,75.98191736548276
5446800.0,6612.460901657752,0.0006947684486257111,96.77138434857812,76.0214986925535
5450400.0,6600.276986702696,0.0015039535030164982,96.77758871936771,76.05834707871468
5454000.0,6596.645743788874,0.0005017972264489447,96.78105010363645,76.10931034922339
5457600.0,6612.545095040015,0.0008428900286425204,96.77397553890434,76.1477059465256
5461200.0,6597.4911295921,0.001920752005380916,96.78286793797189,76.18581695899107
5464800.0,6598.253136620883,0.000422109133868742,96.78293008241532,76.23773796212635
5468400.0,6612.00056900782,0.0010461873909131064,96.77616925025059,76.27559780491454
5472000.0,6595.06379407584,0.002289341853732587,96.78474992713323,76.31449530024983
5475600.0,6600.165586985273,0.0005996432022609867,96.78022515866732,76.36460385703003
5479200.0,6610.670061157044,0.0012355893638798395,96.77520842386839,76.40044672397872
5482800.0,6593.1616259732255,0.002552537448072347,96.78180386082492,76.44252638291883
5486400.0,6602.079180161671,0.0008443252158050722,96.77698141883528,76.49354890430227
5490000.0,6608.938142382006,0.0013807984966898571,96.77227892732529,76.52936995938347
5493600.0,6591.694493900291,0.0028035260392629434,96.78193833646851,76.57338329462739
5497200.0,6604.112789275773,0.00110107485315929,96.77605446829362,76.62193710203432
5500800.0,6606.557630686727,0.001478258466589271,96.77588708393554,76.6557781809777
5504400.0,6590.725954738528,0.002924305168086624,96.78472520691857,76.70130448333282
5508000.0,6605.956572315674,0.0013000933751943133,96.77756921743978,76.74738740453867
5511600.0,6603.781860627379,0.0015541649594626719,96.7792192892331,76.78092876338538
5515200.0,6590.429433815692,0.002949405551785,96.78561132749715,76.82843382239744
5518800.0,6607.313318564419,0.0014466397439223551,96.77651383923569,76.873342606149
5522400.0,6600.737919282638,0.0016541072012711145,96.7781662917807,76.90707406599614
5526000.0,6590.921025167636,0.0029063799326301733,96.7820245583458,76.95685583449473
5529600.0,6608.293072644969,0.001520659903963251,96.77173716059572,76.99940117422078
5533200.0,6597.586484423123,0.0016719310594425923,96.77706023921661,77.03311383387322
5536800.0,6592.100358692036,0.0027144651867800546,96.7796814212583,77.0840986356742
5540400.0,6608.534837576921,0.0014884292618234346,96.77334759618141,77.12426102917945
5544000.0,6594.585488041624,0.0016673378476974507,96.78127989430592,77.16112652845491
5547600.0,6593.610758388687,0.0024758316930059733,96.78275876921734,77.21293002987044
5551200.0,6608.131732267264,0.001413575688581526,96.77603615870159,77.25095321701995
5554800.0,6591.790266025568,0.001648037035105079,96.78440567733985,77.29093200356701
5558400.0,6595.506947226164,0.0021793786509880877,96.78275810725657,77.34226781852276
5562000.0,6607.017546001889,0.0012341416860969033,96.7753915316606,77.37657631937397
5565600.0,6589.330166685484,0.0015828023982515202,96.7834415834183,77.41754447676874
5569200.0,6597.691624233549,0.0017872734771119357,96.77770778472724,77.4693383697727
5572800.0,6604.950345462815,0.0009210714622629116,96.77253159819396,77.50433016351037
5576400.0,6587.617486688669,0.001419049757119136,96.78112555497954,77.5499965386746
5580000.0,6599.796261591333,0.0013573498448349937,96.77553772661969,77.5993058289
5583600.0,6602.466138690819,0.0006723341874128115,96.77538661508588,77.63224526223568
5587200.0,6586.551581931694,0.0012216361676344008,96.78397754689519,77.67923244638546
5590800.0,6601.726547968749,0.0009606298326422573,96.77701579706623,77.7253698783596
5594400.0,6599.406805780288,0.0006765018125646751,96.77881395857538,77.75808484966878
5598000.0,6586.3016065130405,0.0010214574821279037,96.78607231567413,77.80656326808405
5601600.0,6603.313164403275,0.0006777769094818026,96.77688652464919,77.85023304376209
5605200.0,6595.990851032384,0.0009937677538191033,96.78028894302616,77.8849774149367
5608800.0,6586.90570894989,0.0007510970608048303,96.78316479571083,77.93423145743017
5612400.0,6604.148498663432,0.0006662125256009406,96.77357363554573,77.97625965468181
5616000.0,6592.603012013253,0.001439183965996496,96.77728712539722,78.01235742108716
5619600.0,6588.092306945662,0.0005478292035277937,96.77959147582536,78.06284421204073
5623200.0,6604.1738421641885,0.0008168000976059849,96.77182009311849,78.10086765209157
5626800.0,6589.24228872833,0.0019009578673399587,96.78070070958054,78.13943282083666
5630400.0,6589.916699012518,0.0004501310162654758,96.7813350553059,78.1908508269315
5634000.0,6603.5014426367525,0.0010565556866474525,96.77549166230439,78.22800797458055
5637600.0,6586.260108556086,0.0023348911142789587,96.78519460978119,78.2687803122981
5641200.0,6592.124448007381,0.0006512403103712481,96.78196939485194,78.32014552120894
5644800.0,6601.875497698769,0.001282669317267716,96.7767027956385,78.35606257828846
5648400.0,6584.0545991138415,0.0026759833099760143,96.78497200280825,78.39743178630137
5652000.0,6594.5727483806195,0.0009467651991111419,96.77813441002893,78.44635774410006
5655600.0,6599.377752479744,0.001442025882330276,96.77524427140283,78.48161606505842
5659200.0,6582.645281445063,0.0028762968384097305,96.78216481791333,78.52834793935607
5662800.0,6596.704150354046,0.0012195682487036444,96.77433430158516,78.57675314946644
5666400.0,6596.252870333603,0.0015375444848288009,96.7745900310519,78.61146459106234
5670000.0,6582.000489065085,0.002961348964691377,96.78297835304079,78.6587727590996
5673600.0,6598.583139697923,0.0014086308371618573,96.77576092392174,78.70374248338915
5677200.0,6592.67633364062,0.0015899701400065767,96.77917587793445,78.73811832269318
5680800.0,6582.240269033932,0.002893519686097027,96.78482148892886,78.78718381848276
5684400.0,6599.716932354586,0.0014896857428825772,96.77683786385295,78.82908696477892
5688000.0,6588.905470398626,0.0016342993243791313,96.78238115732734,78.86456975525073
5691600.0,6583.436203998056,0.002705344499444298,96.78431090348099,78.91513935327428
5695200.0,6599.884843604663,0.0014865490267155592,96.77353382631355,78.95562608040737
5698800.0,6585.201047797881,0.0016723762836680079,96.77962852621283,78.99206255689744
5702400.0,6585.467195923917,0.002389139188429274,96.77863949013114,79.04325674646944
5706000.0,6599.185290960562,0.0012949072624077972,96.77092851117332,79.08097371597032
5709600.0,6582.078016119004,0.0016143675837137375,96.78125084524197,79.1202693373439
5713200.0,6587.88976457729,0.0019440882370393548,96.77830772595888,79.1711223071149
5716800.0,6597.315518273571,0.0010238805866128189,96.77520799197055,79.20659884835462
5720400.0,6579.57042272047,0.001487241545471397,96.78507340409996,79.25030719421804
5724000.0,6590.324134425142,0.0015010960026334314,96.78020081124903,79.30068578014975
5727600.0,6594.588664338529,0.0007466010796901679,96.77828600995446,79.33473969190364
5731200.0,6577.94433750396,0.0013029601199284248,96.78552536193607,79.38047107434355
5734800.0,6592.58907400487,0.0010709273503674782,96.77826106191354,79.42833223493855
5738400.0,6590.938785402159,0.000652444073421056,96.77624196800389,79.46057487664291
5742000.0,6577.470786470028,0.001070225211032334,96.78390949907758,79.50939932148684
5745600.0,6594.4410236314625,0.0006990895864779707,96.77309208739058,79.55652681658262
5749200.0,6587.043834108341,0.0010324929592275228,96.77650936891986,79.59134896721467
5752800.0,6578.066828683462,0.000756046180881362,96.7807544198317,79.64282534292903
5756400.0,6595.324430502643,0.0006722270180775918,96.77281540398302,79.68446589931743
5760000.0,6582.911162720461,0.001555269425502271,96.78083259565241,79.71995585774539
5763600.0,6579.646961506205,0.0005366178826296804,96.78265633119771,79.77132017391247
5767200.0,6595.169323053304,0.000887355093380922,96.77556128054249,79.80971882260202
5770800.0,6579.053962679091,0.002063434849689336,96.78377103642332,79.84763007327494
5774400.0,6581.996157253723,0.0005414458129502582,96.78294603539719,79.89914580559223
5778000.0,6593.8475145883385,0.0011346696769185918,96.77559371820048,79.93510229908854
5781600.0,6575.881109283215,0.0025127747212189957,96.78351153014252,79.97748898718007
5785200.0,6584.560431217608,0.000815033769719075,96.77664227071789,80.02799789427112
5788800.0,6591.120541625712,0.0013362880922548363,96.77195175183299,80.06079690786336
5792400.0,6573.751304856089,0.002803429091872323,96.78032571915465,80.10629083271382
5796000.0,6587.197155569548,0.0011078003352321,96.77510540513134,80.15437264591822
5799600.0,6587.627753709275,0.0014813465783546783,96.7753341712186,80.18753840258721
5803200.0,6572.80392499134,0.0029245407505018584,96.78410722874025,80.23587179986602
5806800.0,6589.305738502052,0.0013781509884422235,96.77665028270346,80.281603834535
5810400.0,6583.38499956093,0.00159048442522308,96.78016559418758,80.31685557981983
5814000.0,6573.131048714989,0.0028658310584096865,96.78569606255414,80.36791461846089
5817600.0,6590.549409494667,0.0015169406072365235,96.77642727994755,80.40936744155607
5821200.0,6578.826693104419,0.0016517435775988967,96.78067123777076,80.44546425189287
5824800.0,6574.622442555002,0.002608225129729884,96.78158850197917,80.49690929621694
5828400.0,6590.466464614584,0.0014030862634878854,96.77242976978503,80.53590578842292
5832000.0,6574.503582008548,0.001620206257536539,96.77974813785167,80.57611638943276
5835600.0,6576.964066138398,0.0021642855330120687,96.77786011628875,80.62925473771244
5839200.0,6588.834386580524,0.0011067115395100922,96.77227309867955,80.66515148267823
5842800.0,6571.036494612802,0.0014864308887957574,96.78154371341856,80.70799470282508
5846400.0,6579.703281817738,0.001597780483684777,96.77802212420295,80.75793587241368
5850000.0,6586.008757967835,0.0007288179865865457,96.77597903083637,80.79168701957859
5853600.0,6568.62474248632,0.0013429752101435407,96.78489727175096,80.83692837163804
5857200.0,6582.497280846179,0.0010317380248348051,96.77794300561915,80.8844793118326
5860800.0,6581.907762173711,0.0005561286467068953,96.77842401439898,80.91811148887354
5864400.0,6567.7230268509,0.0011077313178973764,96.78494272789607,80.96594185032215
5868000.0,6584.5376858972695,0.0006463131692325885,96.77526304208114,81.01166112875288
5871600.0,6577.198376115409,0.00098392946021676,96.77656516386631,81.0466571603381
5875200.0,6568.246867994522,0.0008182592383069191,96.77956752691875,81.09666248819214
5878800.0,6585.316790814228,0.000630086126584492,96.77089948965838,81.13692636060978
5882400.0,6572.225825518935,0.0015944615166515036,96.77740943498752,81.17448817944232
5886000.0,6569.986077137981,0.0005637488186004787,96.78010999642294,81.22631560802888
5889600.0,6584.80462907867,0.0009136035442246763,96.77342027822513,81.26410454427413
5893200.0,6567.697518466348,0.00221501109942289,96.78320322925057,81.3043469683433
5896800.0,6572.717308879685,0.0006323091699741994,96.78101054666597,81.35667726370976
5900400.0,6582.6016930466,0.0012033484543824311,96.77601062329664,81.39313904764693
5904000.0,6564.364893746997,0.002665161331836722,96.78526626309382,81.43605410048524
5907600.0,6575.803283562003,0.0009880394046743873,96.77741977974732,81.48491606622314
5911200.0,6578.683963530294,0.0013979003858948069,96.77596765959107,81.51947251099078
5914800.0,6562.584842739924,0.0028529626997842775,96.78174946126573,81.56705184249121
5918400.0,6578.259100629317,0.00125333834596577,96.77323642452743,81.61472983829674
5922000.0,6574.620367994626,0.0014579126668079522,96.77387412393217,81.65036820068237
5925600.0,6563.173656796434,0.00278051959242627,96.78056606944513,81.70082423618953
5929200.0,6581.336385732188,0.0013332324293038478,96.77240640341087,81.7434678675876
5932800.0,6570.109386092096,0.0014636037822646007,96.77880754564028,81.7798228833493
5936400.0,6566.090638462527,0.0025173076971763478,96.78173967466472,81.8309726763824
5940000.0,6582.066963126198,0.001274618333292151,96.77427158561892,81.86942124611228
5943600.0,6566.741588009982,0.0015138494680998502,96.78287354575394,81.90834916465555
5947200.0,6569.42707091048,0.00197187847620006,96.78092303397985,81.95916018114772
5950800.0,6581.695278266194,0.0009645173203688015,96.77412851857558,81.99597726438233
5954400.0,6563.6235664672195,0.0014754285944994258,96.78152952364184,82.0373817602486
5958000.0,6574.045620515111,0.001458092582443627,96.77597012301143,82.08808288631778
5961600.0,6579.055442464553,0.0005838373214098814,96.7710860132254,82.1231467470688
5965200.0,6562.955319436111,0.0013858438257192353,96.7796916400174,82.16815420746892
5968800.0,6577.726064459629,0.0007886875245660967,96.7719664368972,82.21512717390442
5972400.0,6575.931548140608,0.0005906009206703366,96.77492423540126,82.24987252379321
5976000.0,6563.027493893423,0.0010826742246447653,96.78220421288535,82.29951892184873
5979600.0,6581.107299137268,0.00048128902223991757,96.7741603395054,82.34362728449646
5983200.0,6571.430387088297,0.0011449185153555486,96.78008047460227,82.37932977820938
5986800.0,6565.606187450832,0.000799653329874733,96.7830880607851,82.43131918850567
5990400.0,6582.24157769647,0.0006588922800867206,96.77441421351168,82.47242450165034
5994000.0,6567.939490420425,0.0018525383396856485,96.7807040607552,82.50846311628334
5997600.0,6568.716526178982,0.0005851660478000219,96.77907468734836,82.55983241315602
6001200.0,6582.485920521551,0.000954138877290824,96.77138147145789,82.59832337986546
6004800.0,6564.63940260657,0.0023320746248588647,96.77899521459969,82.64071598780455
6008400.0,6573.1956406037725,0.0007723082359761859,96.77423870457763,82.69274175929343
6012000.0,6580.19832948775,0.001183922721588167,96.77076819916927,82.7285293552035
6015600.0,6563.398839520092,0.0027229587625440437,96.78069805712047,82.77279918167537
6019200.0,6576.983425665951,0.0010576883506714955,96.77475848071407,82.82132491107714
6022800.0,6577.430034626216,0.0012905061671413393,96.77530691807628,82.85543641994978
6026400.0,6562.947703437902,0.0027518536884146723,96.78291842460612,82.90307777837005
6030000.0,6580.7335616019145,0.0012132588303494568,96.77506945233884,82.94773515903985
6033600.0,6573.115689937041,0.001368605176226067,96.77881493605658,82.98243149382503
6037200.0,6565.079657057883,0.002642811135809271,96.78235542451009,83.03287800125436
6040800.0,6582.268328364444,0.0013028927477385472,96.77102586560912,83.07503197102331
6044400.0,6569.47201093172,0.001494196482263086,96.77651116200434,83.11087581281839
6048000.0,6567.963999150304,0.0022209356201265316,96.7762605432677,83.16248913345551
6051600.0,6583.112698580753,0.0010693091522996142,96.76811299351435,83.20089295857935
6055200.0,6565.842865092289,0.0014861138910768593,96.77843381953235,83.24022735902663
6058800.0,6572.418259747636,0.001699096283452051,96.77538904467228,83.29148796719846
6062400.0,6581.306631980191,0.0007519962325438106,96.7724646273639,83.32704997425542
6066000.0,6564.144745195176,0.0014544398547288802,96.78234861812588,83.3716673182804
6069600.0,6576.111148784924,0.0010777532252624175,96.7767426729894,83.42186338916657
6073200.0,6578.941325816529,0.00042836364373099545,96.77585114020715,83.45591869414035
6076800.0,6563.201794765775,0.0012504339269679837,96.78259573137409,83.50317902245408
6080400.0,6580.093979859588,0.0006148280736910191,96.77449154418777,83.55001382437248
6084000.0,6574.70018257066,0.0007254232597995907,96.77420924436994,83.5827015026405
6087600.0,6564.850819935875,0.0010768345575255002,96.7804152735086,83.63325884913331
6091200.0,6582.304646760207,0.0004202059138530799,96.76911558770449,83.67840139057768
6094800.0,6571.254575109852,0.0014363996169310647,96.77481725503871,83.71484106143625
6098400.0,6567.182901463799,0.0007881772550418738,96.77646786928634,83.76747594038035
6102000.0,6583.603225754747,0.0007363100759757432,96.7692481967057,83.80660516341545
6105600.0,6567.239496535173,0.001988024249303751,96.77905696998599,83.84480304141933
6109200.0,6571.414385713839,0.000718503851585392,96.77758535523833,83.896397581009
6112800.0,6582.452178610699,0.0009935379037962191,96.77263330710957,83.93225840655124
6116400.0,6565.070101183015,0.0024640586719764765,96.78175690110545,83.97405730112882
6120000.0,6575.238003913498,0.0008240806683971518,96.7772435091136,84.0242577730234
6123600.0,6580.583524268925,0.0011503776792648002,96.77350217731076,84.05826240989884
6127200.0,6563.601315853134,0.0026746996969839415,96.78086159455903,84.10501712535758
6130800.0,6579.416761837287,0.0010380504434088593,96.77056014347221,84.15281261966207
6134400.0,6576.624251201474,0.0012656646017283287,96.77049410904483,84.185073522429
6138000.0,6564.732422305811,0.0026922649479805866,96.77643631980108,84.23473125900409
6141600.0,6581.9764391380295,0.0011893030122606602,96.76893482184396,84.27870777349308
6145200.0,6573.137538476946,0.001365173547050295,96.77461355818437,84.31346069752354
6148800.0,6566.631351556484,0.0024129151031866353,96.77887961830616,84.36508178542782
6152400.0,6583.967952795265,0.0011652490995533815,96.77137937984264,84.40540965071068
6156000.0,6569.021237246751,0.001426990044108836,96.77951669637949,84.44434916774084
6159600.0,6570.439263269753,0.002051572650069936,96.77935810654542,84.49711786826894
6163200.0,6583.497462032169,0.0010136122460081833,96.77252052996553,84.53315842504554
6166800.0,6566.415922932257,0.0015032457755110532,96.77926536879494,84.57395595144983
6170400.0,6574.148093067835,0.0014721818286418803,96.774513059759,84.62534884821648
6174000.0,6582.000046771289,0.0005500212520735489,96.7691028738256,84.65978064428809
6177600.0,6564.411063384685,0.0014139294407362088,96.77786219125534,84.70639630792712
6181200.0,6578.612428610919,0.0008876867417947598,96.77003065973166,84.75666251016746
6184800.0,6578.6159594727305,0.0003913480629121016,96.7705790990959,84.79007369850169
6188400.0,6564.839856190184,0.0012891996766299253,96.77800923819672,84.8393566983813
6192000.0,6581.571309679421,0.0003489903530774013,96.77044807588118,84.88406369088412
6195600.0,6575.219709103637,0.000936233855517911,96.77512187797745,84.91790807385242
6199200.0,6566.116312537365,0.0010312371220686982,96.77987080815639,84.96838260860656
6202800.0,6584.1948488707585,0.000441987419737079,96.7712596485811,85.00954658025577
6206400.0,6570.899078094031,0.0014888429204790122,96.77791351207863,85.04576042864839
6210000.0,6569.596113743687,0.0007974144206249299,96.77853696836132,85.09744141871727
6213600.0,6584.388619703443,0.0007493736293484127,96.76948068795534,85.13601433315131
6217200.0,6568.023573268513,0.0020936058570389404,96.77605163169959,85.17596000534486
6220800.0,6572.997647871411,0.0006783356089099412,96.77177935580467,85.22728904197393
6224400.0,6583.5037256956,0.0009412312003289329,96.76689919345954,85.2610014704768
6228000.0,6565.471528807273,0.0024362089102181093,96.77579203070366,85.30512925674651
6231600.0,6577.57229605765,0.0008068817555046583,96.77182188525452,85.35476856692529
6235200.0,6580.75955218109,0.0011204479044372268,96.77096336466035,85.38847467222904
6238800.0,6565.247622535804,0.0026774965003030504,96.78029982383924,85.43595497539071
6242400.0,6580.9386628369875,0.0010679959779952175,96.77266469072048,85.48337562503792
6246000.0,6577.686191991114,0.0012555913387445265,96.7746933937685,85.51832358512279
6249600.0,6565.88491921803,0.002604049533226703,96.78081931789215,85.56819322323338
6253200.0,6584.1780780932095,0.001189241744904085,96.77013236216789,85.61002054208934
6256800.0,6573.298917146831,0.0013638173556718676,96.77500565823146,85.64575932282219
6260400.0,6568.791337450393,0.002358839773741591,96.77566973187557,85.69825489950159
6264000.0,6584.888936001937,0.001116929717057923,96.7664027862339,85.73854017849216
6267600.0,6570.159834519089,0.0014417632046967543,96.77331034709412,85.77830282491789
6271200.0,6571.924147931622,0.0018623178100708405,96.77304593183021,85.83076234076226
6274800.0,6584.957494355888,0.0008004912367296021,96.7678453432748,85.86655319242549
6278400.0,6567.084466591213,0.001421990356861464,96.7773473081406,85.90891237278045
6282000.0,6576.387852851802,0.0013324572433540713,96.77348147806667,85.95901887497253
6285600.0,6582.732860510201,0.00044849817710946596,96.7709220612544,85.99252624830532
6289200.0,6566.095588831176,0.0014589032882712787,96.78018800326252,86.03794820576124
6292800.0,6580.0415929131905,0.0007130879498860438,96.77248493713944,86.08534252310197
6296400.0,6580.037385359532,0.00038132191064142626,96.77230766192314,86.11961838098952
6300000.0,6566.021243558879,0.0012719410310669725,96.777606819836,86.16715288148174
6303600.0,6583.6508633683125,0.0003549155841515222,96.76820259521533,86.21242999757675
6307200.0,6575.995260681972,0.0008882658430051392,96.76964160448073,86.2475664642422
6310800.0,6568.152309008665,0.0011230592572251381,96.77390868139331,86.29764730678386
6314400.0,6585.220474047275,0.000410197364885058,96.76535920521503,86.33780686344448
6318000.0,6572.583937013275,0.0015438255448204528,96.77345407649813,86.37544212197365
6321600.0,6570.772984596127,0.0008014710659885652,96.77521273266179,86.4273330831937
6325200.0,6586.184072920963,0.0007160722591140151,96.76871850099496,86.46544564844582
6328800.0,6568.967525988051,0.002046066126214431,96.77832206157926,86.5059333294507
6332400.0,6575.059306842264,0.0006811460304639769,96.77529354559648,86.55786464154288
6336000.0,6584.745817025933,0.000962147106512225,96.7699225273935,86.59401404484564
6339600.0,6567.436431501732,0.0024744409614920935,96.77828150810063,86.63601115568594
6343200.0,6578.868361611773,0.0008003135956493334,96.77075983295532,86.68491622763247
6346800.0,6582.679030394259,0.0010948475403930785,96.76879623578398,86.72013377081153
6350400.0,6566.554520479246,0.002590107538656219,96.77520490320575,86.76829618964118
6354000.0,6582.868277243725,0.0009806245548451406,96.76652062895874,86.81575935721231
6357600.0,6578.959637285602,0.001173454865738904,96.76831144845343,86.85084971029504
6361200.0,6567.877893163569,0.00258816989691937,96.77538544667979,86.90007640336665
6364800.0,6585.277090244027,0.0011095291825273439,96.76774412284144,86.94301156747794
6368400.0,6575.654698004067,0.001281434646674312,96.7732850322944,86.97871886327366
6372000.0,6569.805041102143,0.0022823200886242603,96.77649369067106,87.0293826920766
6375600.0,6587.086806019864,0.0010265224950380485,96.76890439817379,87.06851112892501
6379200.0,6571.7741698651835,0.0013895578137225566,96.77672478382262,87.10657718239318
6382800.0,6573.704314846081,0.0019133286289507417,96.77523097719953,87.15769512873933
6386400.0,6586.522990102612,0.0008877144737565209,96.76636631808057,87.19526649723444
6390000.0,6569.52014023574,0.001538997572690402,96.7737337845915,87.23543234323859
6393600.0,6577.40086252732,0.001356153882750308,96.76891574742424,87.28578557948475
6397200.0,6585.332167925947,0.00046032379330744177,96.76418036645313,87.32119350315821
6400800.0,6567.794675530231,0.0014979592287403534,96.77466789944764,87.36534800537775
6404400.0,6581.868766831579,0.0008275717628501207,96.76777426667498,87.41345044740848
6408000.0,6582.125146206678,0.0002547575738665262,96.76937980491034,87.44767117586646
6411600.0,6568.187878412913,0.0014019324553332026,96.77751462364228,87.4963120047119
6415200.0,6584.7996990236215,0.0003170723603841314,96.7695502345138,87.54251205677409
6418800.0,6579.0408109220625,0.0007862914158426255,96.77306437063282,87.57691239013906
6422400.0,6569.331179347388,0.0011101485037524337,96.77691368246336,87.62716727354152
6426000.0,6587.427696940074,0.0003314947987187118,96.7682010347351,87.66970394348984
6429600.0,6575.032973339314,0.0013291129602629505,96.77155804581386,87.70429149678449
6433200.0,6572.54199475291,0.0009139677943058627,96.77389135531246,87.75625830283973
6436800.0,6587.997183983569,0.0006253532549732566,96.76350853837461,87.79728240447537
6440400.0,6572.403698051871,0.0019415027147106445,96.77170371418407,87.83683266882383
6444000.0,6575.834381145096,0.0007308097168189461,96.769573331872,87.88901981482776
6447600.0,6587.737070671696,0.0008541645296156004,96.76471129627903,87.92528479959589
6451200.0,6569.7504411411455,0.0022951796588574686,96.77518445901053,87.96678202504208
6454800.0,6580.372328318046,0.0007496381058012607,96.77060514712925,88.01677604888923
6458400.0,6585.402059183883,0.0009927194013987016,96.76863945432103,88.05092737887946
6462000.0,6569.159968634981,0.0025474679486828375,96.77719990769816,88.09587075764605
6465600.0,6583.796531860732,0.0008959362870327362,96.77045351246132,88.14351886476531
6469200.0,6582.914744397847,0.0011207396000618842,96.76993933283035,88.17704780603995
6472800.0,6569.28596480563,0.0025514587632912483,96.775709900194,88.22608185421396
6476400.0,6587.218284435667,0.0010342301328688677,96.76442575506483,88.27101680712232
6480000.0,6578.977015174078,0.0012523477241642407,96.76708089116549,88.30409242384057
6483600.0,6571.756178928236,0.0024020390348580573,96.77068015833434,88.35494781839553
6487200.0,6588.7366429377535,0.0010724965743597787,96.7631551808278,88.39618995004574
6490800.0,6575.995131274895,0.0014022979200618878,96.77098899383002,88.43259523472025
6494400.0,6574.422031038785,0.0020136831450059483,96.77263316981954,88.48444910002371
6498000.0,6589.685198115731,0.0009407414776450621,96.76624178874624,88.52237847480303
6501600.0,6572.757760402918,0.0014763998148423331,96.77544864531633,88.56333341152529
6505200.0,6578.555438593237,0.0016298696948669194,96.77306828741823,88.61541823338106
6508800.0,6588.472143077429,0.0007243729311960989,96.76791286194769,88.64993138536046
6512400.0,6571.230427142449,0.0015603439536729397,96.77469372660474,88.6924183476042
6516000.0,6582.1638930414865,0.0010871022471384182,96.76848427379443,88.74268196060943
6519600.0,6586.638597039437,0.0002722535923832138,96.76470796926925,88.77634557418557
6523200.0,6570.279095175151,0.0014694966900221926,96.77295639984261,88.82436249051453
6526800.0,6586.256194878264,0.0005771446585326906,96.7642051164877,88.8731635500769
6530400.0,6583.361798217224,0.0004458416589562107,96.76625652196698,88.90655601030127
6534000.0,6571.49351412859,0.0013455869805700917,96.77270397931494,88.95663434042514
6537600.0,6588.7258327795735,0.00018041328045954422,96.76495245247392,88.99995374551104
6541200.0,6580.366543512749,0.0010369474977641427,96.7706682214923,89.03419023311906
6544800.0,6573.250674388798,0.0010761063501309978,96.77445187164993,89.08488040288766
6548400.0,6590.943857789917,0.00040748246329214594,96.76611435302301,89.12498219099979
6552000.0,6576.6773017126225,0.0015128200458331003,96.77325728490126,89.16167370652616
6555600.0,6576.868884631789,0.0008272501668543763,96.77317386932363,89.2132147524694
6559200.0,6590.977928356738,0.000674236082558766,96.76449890821334,89.25108033420246
6562800.0,6574.435715913956,0.0020348693213139853,96.77122169298022,89.2913291428543
6566400.0,6580.157442542898,0.0006486887143920231,96.76659532809916,89.34231860772034
6570000.0,6590.249367949352,0.0008261821032703434,96.76195019723701,89.37574364925452
6573600.0,6572.3740307968965,0.002319043088186619,96.77078230375,89.41982038900579
6577200.0,6584.519970093833,0.0007015742822142576,96.76683214969299,89.4692105011137
6580800.0,6587.935258252832,0.0009975022140023897,96.76589252996561,89.5028026937846
6584400.0,6572.369343558256,0.0025481496124159556,96.7752806525301,89.54986636887651
6588000.0,6587.7508500286185,0.0009276940011208357,96.76786132434455,89.59736646691475
6591600.0,6585.483933837316,0.0011553416966322535,96.76943737402878,89.63209941906939
6595200.0,6572.930388034437,0.0025117282552032006,96.77597296036916,89.68131179466074
6598800.0,6591.0952309586055,0.0010722131171883495,96.76540874540301,89.72368773247324
6602400.0,6581.7353178014655,0.001297789470480637,96.76961620182988,89.75888558168302
6606000.0,6575.518550316905,0.0023492306692674807,96.77114672939479,89.81070848635288
6609600.0,6592.280641172687,0.001073760640322087,96.7617558136838,89.85187191674295
6613200.0,6579.079812685444,0.0014242408012358715,96.76774784563817,89.89041760969398
6616800.0,6578.209911608136,0.001964359142592073,96.76890403964278,89.94268416362144
6620400.0,6593.147011599147,0.0008645447226537662,96.7627459968443,89.97949160575999
6624000.0,6576.145867453739,0.001459716214678462,96.77185944955303,90.0200438506883
6627600.0,6582.281643383519,0.0015528056642666946,96.76964068476815,90.07064616099032
6631200.0,6592.012769426683,0.0006344872324448512,96.7654684513197,90.10491437790562
6634800.0,6574.871596632021,0.0015732169342694935,96.77498788843816,90.14812995369974
6638400.0,6585.80715858535,0.0010244976309868778,96.76891373531161,90.19676824702721
6642000.0,6590.484565117628,0.00026074987887750247,96.76628748555622,90.23117955508879
6645600.0,6574.068050773223,0.0014954404112899908,96.77285305081718,90.27633570435756
6649200.0,6589.746667281813,0.0006440499429464549,96.76461614485777,90.32380729104386
6652800.0,6587.488034606625,0.00032918948315390287,96.76337964924402,90.35816886026846
6656400.0,6575.269361399714,0.001420929480877103,96.76993939370163,90.40606072499105
6660000.0,6592.316849714308,0.0001933376579312752,96.76128639128041,90.4492634489586
6663600.0,6584.817536374309,0.0008884578622285986,96.76703083875026,90.4847571680495
6667200.0,6576.760066626229,0.0011261059124150216,96.77192307475629,90.53561068862146
6670800.0,6594.684281038658,0.000317681737831782,96.76414409542782,90.57667600022575
6674400.0,6581.369091138068,0.0013841104692973935,96.77191287774502,90.61375360730287
6678000.0,6580.083711171648,0.0008649520341936663,96.77267578876109,90.66584349665136
6681600.0,6595.065231181716,0.0005981611968687002,96.76486712324856,90.7047135681924
6685200.0,6579.264031856711,0.0019050815323397863,96.77216299169169,90.74216278599232
6688800.0,6583.287138264112,0.0006268898327728782,96.7687870122724,90.79283171447022
6692400.0,6595.055041532221,0.0007889172070050432,96.76238403042588,90.82994372416225
6696000.0,6577.22628397228,0.002210152811654895,96.76993745151394,90.87318132762039
6699600.0,6587.421619015084,0.0006738884599849726,96.76440504331494,90.92420734948465
6703200.0,6593.174050601239,0.0009497172559555266,96.76159312665885,90.95948982979186
6706800.0,6576.895430980271,0.002493063727990148,96.77129784532575,91.00386004295522
6710400.0,6590.766473857156,0.0008300789902301772,96.76529208319907,91.0517401323655
6714000.0,6591.318476579456,0.0010535512632797624,96.76587214150179,91.08560130489315
6717600.0,6576.813825973354,0.0025013020106866408,96.77354563816515,91.13261783494092
6721200.0,6594.315669458688,0.0009490324864757513,96.76593387004716,91.1773187099202
6724800.0,6588.188357702837,0.0011737319089046374,96.76897084124701,91.21146919600437
6728400.0,6578.735669728511,0.00246928505928889,96.77329647199053,91.26100078493411
6732000.0,6596.138361300178,0.001094159525616347,96.76199426528223,91.3039251065152
6735600.0,6585.668287015454,0.0013846689618187515,96.76638877623787,91.338540398557
6739200.0,6580.977160477843,0.002205636642889887,96.76771324341938,91.38941308189086
6742800.0,6597.913844649954,0.0010090928520923921,96.75885407984903,91.42910400152269
6746400.0,6582.717147867379,0.0014771677373507737,96.768029648337,91.4659936702592
6750000.0,6584.654306650785,0.001889607022700855,96.76746814752451,91.51741665705872
6753600.0,6597.694283694366,0.0009122179855031869,96.76251352608368,91.55439765194184
6757200.0,6581.1576710562795,0.0015833467956454812,96.7721429840276,91.59553901987883
6760800.0,6587.813701138249,0.001467425181693591,96.76938234039237,91.64712466397792
6764400.0,6597.328416005811,0.0006339034235643042,96.76518429250113,91.6820294594022
6768000.0,6579.544690896158,0.0015625798304397178,96.77298876945342,91.72545903994319
6771600.0,6591.859286521002,0.001103691529590639,96.76729389376088,91.77487927973559
6775200.0,6595.138453849216,0.0003122125950420191,96.76284637006275,91.80722607159807
6778800.0,6579.770767773775,0.0015648841007296632,96.7717210377508,91.8538041371043
6782400.0,6594.910700601313,0.0005937793881077273,96.76193759662802,91.903045364484
6786000.0,6593.28348152736,0.0003865880635365399,96.76264222509387,91.93702472230987
6789600.0,6580.271804151394,0.0013472078906177228,96.76897609689087,91.98684340937639
6793200.0,6598.093775242537,0.00025396309618097676,96.76116841733705,92.0309032746456
6796800.0,6590.289065547993,0.0008030992355711502,96.76688407108817,92.06467813431622
6800400.0,6582.51922441784,0.001195627422437697,96.77126814559401,92.1149846706436
6804000.0,6599.73838320593,0.0002760128108958835,96.76329171460195,92.15587057461825
6807600.0,6588.041408787221,0.0013072239277256452,96.76976499056558,92.19113679249661
6811200.0,6584.834075391242,0.0008944272008962673,96.77199188820236,92.24241587019159
6814800.0,6601.285519486147,0.0004897686892152954,96.76279295600457,92.28075547471471
6818400.0,6585.376535407638,0.0016989464667385137,96.76968526653059,92.31975779115444
6822000.0,6588.4364882255795,0.0006894020484707805,96.76624338087068,92.37076591262279
6825600.0,6600.815387722204,0.0006932669405294659,96.75873059162794,92.40569089258301
6829200.0,6584.109695265524,0.0021062265659908806,96.76689710485347,92.44726338966
6832800.0,6591.549587072185,0.0005737224403393974,96.76472518878701,92.49720741422927
6836400.0,6600.4468889047685,0.0008570507899966077,96.7608234346844,92.53118846031448
6840000.0,6582.734385844352,0.002338237395146628,96.77124106355566,92.57540724356478
6843600.0,6595.493104447074,0.0006862719456502456,96.76607005226917,92.6244832182002
6847200.0,6598.561660780651,0.0010250352598699484,96.76511728011651,92.6591317339327
6850800.0,6583.198616632871,0.0025384504471365403,96.7736697487727,92.70598699097611
6854400.0,6598.41459465338,0.0009279741934168057,96.76534857413033,92.75208501429947
6858000.0,6596.842914667584,0.0011845999688998847,96.76550080435464,92.78620658795053
6861600.0,6583.796183267582,0.002515198415332287,96.77051319761752,92.8340460089752
6865200.0,6601.57478028212,0.0010194690138002514,96.76139893235155,92.8782149431916
6868800.0,6594.064499304709,0.0012891628610862422,96.76376358840032,92.9142054670285
6872400.0,6585.983330964044,0.0024552381857265142,96.76792916563149,92.96557179279974
6876000.0,6603.103313513185,0.0010995465442110014,96.7593084457919,93.006881138512
6879600.0,6592.167302311362,0.0013847617827282368,96.76585416286451,93.04349122840392
6883200.0,6588.011724544523,0.002183007248872286,96.76899669813119,93.09397551166816
6886800.0,6604.829647594806,0.001026640557439256,96.76186513778842,93.13225695192669
6890400.0,6589.671971715225,0.0014714341008992041,96.76989945007122,93.1700694250648
6894000.0,6591.426176634882,0.001934246098105373,96.76947851403413,93.22045379785703
6897600.0,6604.790697919643,0.0009481358240035512,96.76320708829087,93.25712931808798
6901200.0,6588.4345245858785,0.0016188645949403188,96.77088345763516,93.29664316805935
6904800.0,6594.399359203269,0.0015848814356466232,96.76719089212055,93.34759751451713
6908400.0,6604.86134659943,0.00071904796364805,96.75991608427546,93.38328713343179
6912000.0,6587.149026432971,0.0016233217476287688,96.76723705872632,93.42454175768611
6915600.0,6598.30730075704,0.001235448558622689,96.76174727592445,93.47336213046516
6919200.0,6603.289403783995,0.0004437767704906976,96.75974003646225,93.50793755650068
6922800.0,6587.32321274045,0.0016129497613370468,96.7696480467438,93.55308925987045
6926400.0,6601.161813756749,0.0008080243930255685,96.76334650078853,93.60037287124598
6930000.0,6602.062858012448,0.0002209555153201798,96.7646481777983,93.63402430468082
6933600.0,6587.407401880043,0.0014414440275779506,96.77252873608381,93.6824093389488
6937200.0,6604.417171229477,0.0005277101871238393,96.76458170617866,93.72865896536675
6940800.0,6599.675933129134,0.00046306735982050505,96.76686410515289,93.76156436083296
6944400.0,6589.148924810744,0.0013033813658461998,96.77050801135044,93.80990649731206
6948000.0,6606.408171605393,0.00025454077489179725,96.76162081254328,93.85358235611587
6951600.0,6598.0375665028605,0.0008959111674548895,96.76410405576691,93.88805269107381
6955200.0,6590.73358047113,0.001064587775970019,96.76783249248354,93.93983448830637
6958800.0,6608.558701111368,0.0003093330710815559,96.7581184291333,93.98231295725476
6962400.0,6595.785167357237,0.0013079590413930496,96.76522938383393,94.01816617934657
6966000.0,6593.7075527349625,0.0008976677591147855,96.76676178788273,94.06979019177393
6969600.0,6609.221938467343,0.0005169032725124809,96.76000334597535,94.10787927984265
6973200.0,6594.430612277111,0.001726713482037233,96.7689564543582,94.14525279900127
6976800.0,6596.310607842441,0.0006525234384471473,96.76835670720747,94.19587101407254
6980400.0,6609.998598436784,0.0006781754837933609,96.76225214319453,94.23203039884169
6984000.0,6592.740087348208,0.0019816526032828035,96.77081562979525,94.27181420513503
6987600.0,6599.92278701699,0.0005450146924663767,96.767276336037,94.3222950979709
6991200.0,6609.352631114532,0.0008472931210380193,96.76101570277075,94.35735986487562
6994800.0,6592.409676506605,0.002298246132792442,96.76814203306849,94.40000558827788
6998400.0,6602.622752411726,0.0006064661970340502,96.76132685816694,94.44929265454306
7002000.0,6608.767770100095,0.0009609299373024017,96.75867985567109,94.48141599902048
7005600.0,6591.895662991199,0.002410630226192103,96.76703966193783,94.52682064010936
7009200.0,6606.113227610112,0.0007418921371769875,96.76214298966809,94.57457665044274
7012800.0,6607.253646550466,0.0010944683132277084,96.76245373935612,94.60767629409916
7016400.0,6592.838311830986,0.002564445963974323,96.77130116685754,94.65497067581255
7020000.0,6608.566780830026,0.0009784399141855007,96.76381214448844,94.70141265783548
7023600.0,6606.133112577071,0.0012463255774636422,96.76556610312076,94.73583109993957
7027200.0,6593.603114325515,0.00254648619722776,96.77213919594345,94.78432421148273
7030800.0,6611.495530153922,0.0011089547110538708,96.76183597891401,94.82675140465173
7034400.0,6603.947606316997,0.0013603893861485498,96.76527902105624,94.86124692268855
7038000.0,6595.7594080838235,0.002497874541153612,96.76783319741844,94.91176754595438
7041600.0,6612.906066254142,0.0011656836306066735,96.75855803668438,94.9540463996546
7045200.0,6602.762707115736,0.0014555002632731587,96.76284240353901,94.99075163967824
7048800.0,6597.501910227035,0.002304975818764984,96.7663582360793,95.04193383595606
7052400.0,6614.714235635561,0.0011001045669626968,96.75900081865012,95.08083625952219
7056000.0,6600.8768068784775,0.0014723784407089547,96.76667020728131,95.11819601269968
7059600.0,6600.377623334459,0.0021369528090553155,96.76791992820823,95.1685660658176
7063200.0,6615.256678732276,0.0010860341979992275,96.76122965575678,95.20527531943777
7066800.0,6600.035466195493,0.0015931012534904272,96.76983076297019,95.24394980716356
7070400.0,6602.7802229444615,0.0018444895433143928,96.76799626715989,95.29369745570084
7074000.0,6615.945026554229,0.0009431354728830427,96.76099986341617,95.33025904104522
7077600.0,6598.759869402794,0.0016354597182370338,96.76803046540185,95.36970606372053
7081200.0,6606.155228170587,0.0016566335321369975,96.76414304052047,95.4201531147104
7084800.0,6615.51509625687,0.0008073769215570097,96.75736793886932,95.45555387944731
7088400.0,6598.825770119267,0.0016933033510854525,96.76619253866681,95.4965836014384
7092000.0,6608.804673649592,0.0012942117842183948,96.76095963134344,95.54535319105322
7095600.0,6615.337923598152,0.000537157074797262,96.75992888207072,95.57984929102646
7099200.0,6598.413811211794,0.0015887205603996176,96.76930690314904,95.62432995615026
7102800.0,6612.002159848948,0.001064595813409708,96.76361077638553,95.67242258430184
7106400.0,6614.156426445373,0.00037867176344716916,96.76362252496163,95.7061191486017
7110000.0,6599.234997526789,0.0015506330497708357,96.7713743161326,95.7527874191664
7113600.0,6614.192772240447,0.0007696046011659297,96.76395631044319,95.799832480572
7117200.0,6613.43613288987,0.0003118143613660235,96.76330031169724,95.8314842840036
7120800.0,6599.7866479695285,0.001406348735235589,96.76923495586074,95.87818386786113
7124400.0,6617.064484517955,0.0005617936153821248,96.75961759809967,95.92465737666951
7128000.0,6611.896755237791,0.0004831993833723503,96.76081774956086,95.95888001970465
7131600.0,6601.571517396123,0.0012920218203726606,96.76604496761725,96.00921800608955
7135200.0,6618.698222480949,0.00029607563853470176,96.75784358996019,96.05299124499695
7138800.0,6611.169869259281,0.0008393208902286461,96.76322921948797,96.08651189793537
7142400.0,6602.873048473229,0.001080815078477318,96.76794514888704,96.1366709351266
7146000.0,6620.810442931787,0.0002787367725386338,96.76018955370458,96.1774112952546
7149600.0,6609.556414434863,0.001083216797762309,96.76632182330408,96.21181010626232
7153200.0,6605.347772287531,0.000952371398332667,96.76953627887896,96.26200424645428
7156800.0,6621.858269242917,0.00036417802478717236,96.76070441208522,96.30094382116933
7160400.0,6608.925082891202,0.0014080939809413366,96.76735768076787,96.33775682638417
7164000.0,6607.24092627928,0.0006940478341681806,96.76642195641881,96.38792862463026
7167600.0,6623.20242423445,0.0005168162772825271,96.75771453886146,96.4258419587279
7171200.0,6607.7068549293335,0.0016390208059091776,96.76359385390667,96.46392700201086
7174800.0,6609.97871408825,0.0006190654950373061,96.76274872566404,96.51407836881819
7178400.0,6623.301861862868,0.0006406018177364227,96.75665974399575,96.54928604287167
7182000.0,6607.483920921754,0.00193589541564169,96.76606323278055,96.58946767070927
7185600.0,6612.1434948848655,0.00047423465370504515,96.76478666793994,96.63979931891375
7189200.0,6624.144635070084,0.0007924294127604221,96.7602377589628,96.67527817919859
7192800.0,6606.7056419946875,0.002112027882614803,96.76997855179509,96.71681173285177
7196400.0,6614.304591973248,0.00044648298947769135,96.76592278731958,96.76701942097914
7200000.0,6622.993255647459,0.0009350101257331076,96.76123666583891,96.80216685868348
7203600.0,6605.520544275797,0.0022989154462141476,96.76938546159685,96.84323655635396
7207200.0,6615.791515656964,0.0005550551077494075,96.76266354154099,96.89145614159202
7210800.0,6621.50046748815,0.001048506725709507,96.75936593811434,96.92639389636633
7214400.0,6604.621545373129,0.002422790037940072,96.76630648875553,96.97157010943609
7218000.0,6617.069841719502,0.0007188970255497604,96.75932006698844,97.02026624113226
7221600.0,6619.803233752413,0.00113656894873306,96.75801834239242,97.05469876500605
7225200.0,6603.923919392233,0.0025311168489643068,96.76715517766573,97.09951465243702
7228800.0,6618.429389403016,0.0008740182846291673,96.76092420514479,97.14603499499817
7232400.0,6617.893027609862,0.0012193692748217297,96.76171812499167,97.17946872545816
7236000.0,6603.495152630502,0.0025766317095648732,96.76937007168648,97.22557849544727
7239600.0,6619.574135091672,0.001009882579684008,96.7621565153879,97.27024612204568
7243200.0,6615.8130518326725,0.0013219151460411565,96.76399577118832,97.30361712433731
7246800.0,6603.461696109575,0.002595298035817978,96.76944219540175,97.35155947149126
7250400.0,6620.389125516536,0.0011434116852591088,96.75855171379477,97.39575595321733
7254000.0,6613.513413376062,0.001465102660585093,96.76079974764542,97.4288211197811
7257600.0,6603.885943298981,0.002561020293419387,96.76451261534974,97.47789944675543
7261200.0,6621.0969469728725,0.0012079653763112925,96.75545694161124,97.52004769581586
7264800.0,6611.270225991274,0.0015348250292687058,96.76167808905267,97.55372391920635
7268400.0,6604.624520092508,0.0024592884873662034,96.7652539729344,97.6040477545803
7272000.0,6621.433861948347,0.0012615055153419735,96.75835731421294,97.64445556066308
7275600.0,6609.067063633384,0.0016096807265310949,96.76550375433246,97.68065613055589
7279200.0,6605.527270038725,0.0023483326732546823,96.76809679741089,97.73221187780807
7282800.0,6621.436154458571,0.0012915886724816892,96.76008310392643,97.77093394558364
7286400.0,6606.885343905793,0.0016897216584583943,96.76654639264723,97.80849777764362
7290000.0,6606.727126156343,0.0022060110672290365,96.76664017569601,97.85897899807924
7293600.0,6621.091585410905,0.001233596927636879,96.75704540403495,97.8949136882228
7297200.0,6604.722139894716,0.0017442695423402893,96.76567687743132,97.93431851201747
7300800.0,6608.163641738716,0.0019716073670776133,96.76203525890604,97.98674132251936
7304400.0,6620.050124569453,0.0010526264121993771,96.75523729669361,98.02279946911668
7308000.0,6602.984820675286,0.0017045200919882527,96.76387953381197,98.06450809283791
7311600.0,6609.639757842698,0.0017022096124014055,96.76143305390902,98.11434906910932
7315200.0,6618.918448459444,0.0008703065979152357,96.75840621853035,98.1483183661026
7318800.0,6601.453564663622,0.0016844895999851672,96.76732765655103,98.19082288065162
7322400.0,6611.231690842376,0.0014377178102505128,96.7627781118497,98.23943023180746
7326000.0,6617.327794314646,0.0006761723950840855,96.76047111305309,98.27247086033252
7329600.0,6600.26185415277,0.0016567507557680378,96.76936209093925,98.31650623498399
7333200.0,6612.787065474162,0.0011952809810523535,96.76217124213147,98.36406543611741
7336800.0,6615.434198877275,0.0005009032630665465,96.75913130108009,98.39817364490078
7340400.0,6599.605254911803,0.0015769183923745348,96.76534416556592,98.44279549008256
7344000.0,6614.207538680442,0.0009490491176999439,96.75733850108078,98.48879937251394
7347600.0,6613.217275938417,0.000324991225945032,96.75657144365525,98.52295656583507
7351200.0,6599.246444533946,0.0014628739867458811,96.76516580730909,98.56977374520908
7354800.0,6615.491212445905,0.000669840572639231,96.75689482525966,98.61402682994964
7358400.0,6610.7464464007535,0.00045703123214805365,96.76117811551528,98.64811382721183
7362000.0,6599.290018491561,0.001262163321560531,96.7676463533294,98.69733298688368
7365600.0,6616.435476371416,0.0004781406797876444,96.75955289636448,98.7411562887863
7369200.0,6608.177863507893,0.0007565414563729205,96.76405324397965,98.77549402214431
7372800.0,6599.824066977292,0.0010245491729223297,96.76731627085532,98.8251387761432
7376400.0,6616.95649562454,0.0004273323705531381,96.75882994556194,98.8668883936355
7380000.0,6605.598790119808,0.0010875421154027593,96.76177518245693,98.90065371658912
7383600.0,6600.742438703985,0.0008174251038565412,96.76496407275164,98.95141056221362
7387200.0,6617.186151199561,0.0004690414751913204,96.75431407544194,98.99315010576743
7390800.0,6603.230290612412,0.001457663705217522,96.76121939929168,99.03037667161622
7394400.0,6602.0237229740615,0.0005963124843212388,96.76148023266406,99.08199296823639
7398000.0,6616.817398652692,0.0006364076842468764,96.75482747866535,99.11979336365384
7401600.0,6600.856621334949,0.0017790819024358312,96.76445251234043,99.15745880873851
7405200.0,6603.623657872263,0.00043525871492866596,96.76338893971136,99.20804893754237
7408800.0,6616.007225293791,0.000796603969444299,96.75791660423666,99.2438855760066
7412400.0,6598.76261241303,0.002057533818288764,96.76663916587256,99.28341824393156
7416000.0,6605.388989164227,0.0004096682434560527,96.76400373177458,99.33357307960678
7419600.0,6614.749299643978,0.0009598823768545777,96.75800999740291,99.36808569627706
7423200.0,6597.053877870312,0.00231974103616216,96.76580758769218,99.41103887586901
7426800.0,6607.078649594524,0.0005808709332141604,96.75828444192217,99.46036703066717
7430400.0,6612.824536400152,0.0011203345941824395,96.7540619399187,99.4925953252841
7434000.0,6595.856244628199,0.002502125309686581,96.76217272214352,99.53748573296454
7437600.0,6608.847273503858,0.000783523070148983,96.75717405716851,99.58502167321681
7441200.0,6610.691312956011,0.001259348482749418,96.75667278831527,99.61778174252898
7444800.0,6595.101706897161,0.002627849681961601,96.76581378813695,99.66453673870808
7448400.0,6610.403716229694,0.0010351787839055183,96.75901758355644,99.7108669233522
7452000.0,6608.184387367614,0.001412192330669512,96.76071245570121,99.74522640356436
7455600.0,6594.938605923261,0.0026924014503020293,96.76777937808994,99.79396454664423
7459200.0,6611.728595815604,0.0012503250670528067,96.75879764120081,99.83746689097659
7462800.0,6605.376583654359,0.0015518946212905661,96.76071660846725,99.87180649591022
7466400.0,6595.335384124098,0.0026679181336482236,96.76439209203348,99.92075854023187
7470000.0,6612.613278109996,0.00132900683065345,96.75496707275435,99.96282766987075
7473600.0,6602.454581109874,0.001648008207571352,96.75887764482869,99.99936146651312
7477200.0,6596.178556397095,0.0025448362546339172,96.7616071050926,100.05106820842204
7480800.0,6612.804235287757,0.0013229488227946321,96.75331631854105,100.09083399101064
7484400.0,6599.672073725763,0.0016680105644733146,96.76046544058737,100.1280655535609
7488000.0,6597.410857171061,0.0023419274197860568,96.76261713015377,100.17844856920016
7491600.0,6612.690534041744,0.001276299646385466,96.7559171174632,100.21577795560361
7495200.0,6597.008188852976,0.001724639913685818,96.76415771822424,100.25398099340067
7498800.0,6599.044159855957,0.0020963712029385163,96.76318834123508,100.30407020200478
7502400.0,6611.830087258224,0.001162175131145445,96.75720112463314,100.34025438944681
7506000.0,6594.643722086124,0.001771473419482296,96.76489365509764,100.37987208438791
7509600.0,6600.949436232663,0.001844652552670974,96.76101689229507,100.43054237597647
7513200.0,6610.461882395343,0.0009950137460681577,96.75381094739014,100.46605638893261
7516800.0,6592.839868301518,0.0017555846393776209,96.76105108991625,100.50711658410157
7520400.0,6603.005679663867,0.0014967576876122762,96.75563601060614,100.55583630919143
7524000.0,6608.362620044839,0.0007104275650478461,96.75341503575167,100.59036528506508
7527600.0,6591.50349829202,0.0016517250087039453,96.76333494036493,100.63506246125785
7531200.0,6604.901002775081,0.0011471930129735301,96.7572352582829,100.68250419301745
7534800.0,6605.831094090502,0.0004657701828976655,96.75807665458333,100.71607325336849
7538400.0,6590.717458386207,0.00148476632075962,96.76617753047397,100.76392822638849
7542000.0,6606.5040094778005,0.000838099956851284,96.75843256956908,100.8105515430914
7545600.0,6602.89717247982,0.0004656878004414041,96.760123463084,100.84328115584835
7549200.0,6590.672714231424,0.0012611506622787903,96.7641716092237,100.89107815516903
7552800.0,6607.76692717792,0.0005904484774168483,96.7553110915886,100.93534866455403
7556400.0,6599.771402328269,0.0007480314772857121,96.75717151633411,100.96941160187664
7560000.0,6591.260195485789,0.0010122993171749351,96.76150957374257,101.02080245196727
7563600.0,6608.486178620844,0.00045447009880505355,96.75165875257044,101.06396055235821
7567200.0,6596.723893421349,0.0011987027849962907,96.75821178075991,101.09927810197702
7570800.0,6592.454118471472,0.0007243475587928381,96.76039332603223,101.15075812617702
7574400.0,6608.543645553103,0.0005567533282696486,96.75331305226027,101.18944504807705
7578000.0,6593.624208523046,0.0016107208282799543,96.76190371483926,101.22621733828122
7581600.0,6594.170125193164,0.00046044689901718295,96.76192264834764,101.27688547663087
7585200.0,6607.892788390537,0.0007561817223322664,96.75535579606691,101.3135291247694
7588800.0,6590.901988574423,0.001977085003808526,96.76375991270837,101.3527401748248
7592400.0,6596.219769726663,0.0003634025533222396,96.76074273328288,101.40341438886986
7596000.0,6606.511532460417,0.0009795777635363426,96.75401027334586,101.43883064982168
7599600.0,6588.6874312538275,0.002318998222572931,96.76110510484928,101.48108086509022
7603200.0,6598.2595487676435,0.0005780829244424862,96.75455632835353,101.53064348631072
7606800.0,6604.224407181684,0.0011524759480723546,96.75154411488164,101.56290506818934
7610400.0,6587.136075978076,0.0025432249937756236,96.75996229384862,101.6081605049559
7614000.0,6600.359730377005,0.0008580124034573252,96.75512347374313,101.65612492864234
7617600.0,6601.635886243782,0.001334271480805576,96.75530715560829,101.68927787328656
7621200.0,6586.342755240352,0.0026962068589256906,96.76414591335691,101.73671687780619
7624800.0,6602.211133174245,0.001151650259664004,96.75654512415451,101.78316002665696
7628400.0,6598.460334822253,0.0015050820426918022,96.75851115451687,101.8177026312917
7632000.0,6586.353861684249,0.0027413149526691735,96.76481784951858,101.86665599799927
7635600.0,6603.63806784323,0.0013627937658213848,96.75439128451487,101.90870811851657
7639200.0,6594.894387681984,0.0016516005386061868,96.75829518625534,101.94353389460758
7642800.0,6587.14442935659,0.0026273656479234722,96.76019587748489,101.99468939811248
7646400.0,6604.13244952967,0.0013766526522888153,96.75084224258424,102.0361943106356
7650000.0,6591.480056454727,0.0017087214077755434,96.7560320851139,102.0737798198462
7653600.0,6588.548856041832,0.0024126008548523464,96.75826113656505,102.12555743097613
7657200.0,6603.942859346522,0.0012939842124522192,96.75142826555152,102.16324093254593
7660800.0,6588.250177186788,0.0017166385893551488,96.75991333247326,102.20214339245717
7664400.0,6590.441584989788,0.0020970677796010185,96.75931505054236,102.25277341118284
7668000.0,6602.938544700544,0.0011396264304221113,96.7537822684355,102.2880292465524
7671600.0,6585.428754218978,0.0017349391881805037,96.76305967473253,102.32898875202993
7675200.0,6592.728645912155,0.0017268628262975256,96.75886982714698,102.37838908702712
7678800.0,6600.924005388257,0.0008965319163008096,96.75398005045406,102.41348941079345
7682400.0,6583.3510037157985,0.0016955098983653303,96.76114307459181,102.45599573699474
7686000.0,6595.021219204273,0.0013631433052929372,96.75462805403808,102.50521446912039
7689600.0,6598.247251276767,0.0005729141973913921,96.75068359473137,102.5395793225051
7693200.0,6582.189579027757,0.0015611393537712757,96.7587619658081,102.5846005937659
7696800.0,6597.233127273429,0.0009244182190464415,96.7510102949069,102.63063664828594
7700400.0,6594.86664538797,0.0004111056785955932,96.75384827406135,102.66498040603096
7704000.0,6581.7803760624365,0.0013116952408713373,96.76123866254781,102.71372289571929
7707600.0,6598.788639709993,0.0005783378840914038,96.75341564834734,102.75789886921133
7711200.0,6591.106008472233,0.0007494576419792114,96.75839076370406,102.79270708777149
7714800.0,6582.342680657861,0.0009836927727103126,96.76251698758854,102.84348250951626
7718400.0,6599.582739025032,0.0004816559825567947,96.75369411556504,102.88568245092543
7722000.0,6587.244796898397,0.0012644243398967337,96.75858083337609,102.91986680655288
7725600.0,6583.7941591744,0.0006394462960638714,96.75916780483713,102.97036307612679
7729200.0,6599.52741527365,0.0006279095747876838,96.75006046097153,103.01059130395525
7732800.0,6583.807836918183,0.0017488952226333192,96.75663009316376,103.04970526124704
7736400.0,6585.832958243195,0.0004061212129936292,96.75487446721941,103.10221101451022
7740000.0,6598.321977994841,0.0008769128781910797,96.74877291889132,103.1395495260677
7743600.0,6580.7789052728485,0.0021877132551782613,96.75861933896302,103.17969286427284
7747200.0,6588.352072396304,0.0005205367009413367,96.75559011531548,103.23024773049161
7750800.0,6596.162975337181,0.0010819786673128124,96.752233466373,103.26485379738783
7754400.0,6578.488017517548,0.0024939004066651125,96.76150999136317,103.3079365749053
7758000.0,6590.887330775434,0.0008058164194743082,96.75603847636681,103.35617715508687
7761600.0,6593.067810153294,0.0012736179804224068,96.75464210516043,103.38971767942627
7765200.0,6577.20913805103,0.0026757975302450572,96.76188917597845,103.43642217811072
7768800.0,6592.9479102344485,0.001105702713172268,96.75153366395173,103.48317364334929
7772400.0,6589.198818674975,0.0014876189983668564,96.75209307096581,103.5161781066035
7776000.0,6577.169637266507,0.002704735095062155,96.75684775039097,103.56516076310312
7779600.0,6594.485364471572,0.0012829921289771856,96.74767549771235,103.60868399273791
7783200.0,6585.1103105730535,0.0016090477564043699,96.75358272006454,103.64250346442579
7786800.0,6578.232087675713,0.002549436189700249,96.75719038964382,103.69356943346872
7790400.0,6595.003508374411,0.0013523449822666512,96.75023958287571,103.73406610730073
7794000.0,6581.076866768241,0.0017074777367361966,96.75810836132848,103.77142129159374
7797600.0,6580.034115215996,0.0022844313962420166,96.75931695713491,103.82391240686368
7801200.0,6594.358785668662,0.0012820107659304426,96.75207541400957,103.86152218498313
7804800.0,6577.385204359504,0.00176060235258382,96.75957450487817,103.90147888858651
7808400.0,6582.466695614368,0.0019144559397563576,96.75701231041995,103.95250616919826
7812000.0,6592.405737076029,0.0010061352894641987,96.7492979172178,103.98648501801253
7815600.0,6574.425677661095,0.001722477336713578,96.75882995681918,104.02978839614792
7819200.0,6585.178328220731,0.001405498283490651,96.751294205193,104.0815635338971
7822800.0,6589.25448933621,0.0005798929616046492,96.7484385984081,104.11582810624428
7826400.0,6572.717781110035,0.0015271898278611368,96.75662774629717,104.16319821313644
7830000.0,6587.566313932559,0.0008723727611403252,96.74985613168606,104.21017065018175
7833600.0,6585.308907796614,0.0003960390233078681,96.75267859184417,104.2432456143929
7837200.0,6572.181773321316,0.0012814880560748708,96.75923434450186,104.2921333533118
7840800.0,6589.355463920462,0.00046280431354733847,96.75111647394851,104.33572653659914
7844400.0,6580.755251949347,0.0008437280024963535,96.75568183344843,104.36962737945098
7848000.0,6573.010971008307,0.0009453280355716645,96.7600803454304,104.42042186487033
7851600.0,6590.094571842789,0.000431840611377068,96.75011156363757,104.46094224102879
7855200.0,6576.215764434874,0.0014344604864930375,96.75586430955182,104.49847069552882
7858800.0,6574.855212420621,0.0005604297185198054,96.75424055413825,104.5496160630578
7862400.0,6589.2201566856265,0.0007055674110974693,96.74568236642234,104.58614481114613
7866000.0,6572.143720178852,0.0019729179591438306,96.7533470963328,104.62660156454254
7869600.0,6577.388830923121,0.00041414480290085455,96.75217486905917,104.6772496587826
7873200.0,6587.086017355011,0.0009761261122717602,96.74732135123658,104.71187743373686
7876800.0,6568.961557260239,0.0024137627614641923,96.75790513616757,104.75567135541313
7880400.0,6580.236580452625,0.0007160958159326774,96.7529831583556,104.8053853248303
7884000.0,6583.663304920802,0.0012363790067833312,96.75175847872775,104.84025920669137
7887600.0,6567.240865694914,0.0026602716982167996,96.76034371518097,104.88752596805091
7891200.0,6582.785869485935,0.0010947057347025623,96.75178113281135,104.93368886207915
7894800.0,6579.117264882062,0.0014491926555146673,96.75238370372263,104.9680835490522
7898400.0,6567.033802573104,0.0026855247000832617,96.75686862808952,105.01699192591012
7902000.0,6584.402472550213,0.001276397263668344,96.74727489147894,105.06028050781481
7905600.0,6574.05646744861,0.0016009163537307526,96.75114709455345,105.0972443934028
7909200.0,6568.171249956267,0.0024708259138809473,96.75352322448478,105.14992692053805
7912800.0,6584.411157880278,0.001247543710411616,96.74533750874254,105.18939979113243
7916400.0,6570.0399801686235,0.0016330986983098283,96.75335479658898,105.22827510679464
7920000.0,6571.197279080717,0.0020054108431045324,96.7536240050954,105.27948657405108
7923600.0,6584.66627619271,0.0010004174109889935,96.74823391360532,105.31538430955777
7927200.0,6566.788289620554,0.0016468098539416333,96.75738295881568,105.35677342719441
7930800.0,6575.691942791365,0.0015283244301557734,96.7532678752277,105.40665155693597
7934400.0,6582.391871895185,0.0006612682938404869,96.75012152984611,105.4410078270216
7938000.0,6565.689063654826,0.0016318232593942941,96.75810023686438,105.48536855129379
7941600.0,6579.269418148527,0.0009775738807503253,96.75026366901501,105.53415442600902
7945200.0,6579.816557808092,0.0003177716517644205,96.74782058010149,105.56848564517749
7948800.0,6565.5012646324485,0.0013932401816769912,96.75347523420028,105.61566071110363
7952400.0,6582.993475897495,0.0005206910653242146,96.74484712661464,105.6596802260275
7956000.0,6575.666398269862,0.0006845408149498364,96.74845013886717,105.6950283880707
7959600.0,6567.5152543969125,0.0011175937456449354,96.75444336973243,105.74573848219103
7963200.0,6584.708074473889,0.00033669978981216525,96.74646487068817,105.78660146106277
7966800.0,6572.192192249551,0.0013842383136531359,96.7543704690463,105.82358115422848
7970400.0,6570.128642090249,0.0006521254938558215,96.75573025826532,105.87609492458283
7974000.0,6585.704034705202,0.0006325579291228889,96.7482938024539,105.91505964256422
7977600.0,6568.549047835144,0.0019300658269437688,96.7568031590652,105.95397788400419
7981200.0,6574.441210007083,0.00047055701816402804,96.75214756038517,106.00465524432232
7984800.0,6584.146317767733,0.0009209546374367909,96.74736274172689,106.0404948005467
7988400.0,6566.95252227113,0.002366565089334405,96.75395476710248,106.0838643577684
7992000.0,6578.066446050892,0.0006981374245460891,96.74788582150019,106.13453373384651
7995600.0,6582.207117929644,0.001133492322781197,96.74456782750966,106.17009141208622
7999200.0,6565.917125975779,0.0025732898025152637,96.7536126641431,106.21688331319665
8002800.0,6582.239867555921,0.0009667038200094837,96.74607349115183,106.26352341662738
8006400.0,6578.373547343714,0.0012732049181970488,96.74890852843545,106.29787605179008
8010000.0,6567.146250556613,0.002601868898018736,96.75555820838304,106.34667765364846
8013600.0,6584.625825138319,0.0011790591493220347,96.74719053396878,106.3892480575357
8017200.0,6574.97977861584,0.001459491720620451,96.75292071014118,106.4246984877083
8020800.0,6569.096858781294,0.002340163319993443,96.75530315749556,106.47498740637711
8024400.0,6586.313253757393,0.001160695725137588,96.74617797408206,106.51527021865306
8028000.0,6571.019832798281,0.0016112905619903152,96.75205968080041,106.55233710710614
8031600.0,6573.063340360193,0.002027937771175456,96.75059294775907,106.60418185771566
8035200.0,6585.802565303769,0.0010117033082044679,96.74203232682153,106.6414646359941
8038800.0,6568.775438467156,0.001715027966376408,96.75079575948784,106.68130589315693
8042400.0,6576.787998135733,0.0014513202161096155,96.7463881716202,106.7315769101979
8046000.0,6584.416620354313,0.0005931897454460401,96.74466926341526,106.76676023715343
8049600.0,6566.91767624502,0.001598846998919887,96.75423866969645,106.81182845667927
8053200.0,6581.115423857344,0.0009682498369534825,96.74807116073266,106.86036319660921
8056800.0,6581.161914752063,0.0002747484590489905,96.74905049179607,106.89446389305972
8060400.0,6567.307032340362,0.0014512214639921853,96.75614740529144,106.94316944783516
8064000.0,6583.983468835938,0.0004563020111980154,96.74762124468901,106.98917142029708
8067600.0,6577.875412305023,0.0006964331760499889,96.74957601039857,107.02177076340158
8071200.0,6568.524603040594,0.0011186945024612002,96.75316385697948,107.07138764475907
8074800.0,6586.682959984586,0.0003015733624508045,96.74302861093767,107.11478481837398
8078400.0,6573.932977770788,0.001262684777877888,96.74802553653903,107.15182550104356
8082000.0,6571.7995783877,0.0008217474506809951,96.74880235436262,107.204796567088
8085600.0,6586.968554348001,0.0005816286228634348,96.74132355374522,107.24414063690435
8089200.0,6571.1617261044075,0.001883762729693948,96.75065257985452,107.28250302831549
8092800.0,6575.196994954051,0.0005616375400363179,96.74928043156156,107.33406744092399
8096400.0,6586.625942275166,0.0008165590753055793,96.74450805450347,107.36967256367258
8100000.0,6568.513206474372,0.00224833764726524,96.75396945897327,107.41145035046998
8103600.0,6579.721509911096,0.0006179567788874517,96.74944188032687,107.46083587718365
8107200.0,6584.095608490382,0.0010133567375899446,96.74684364265046,107.49471801319173
8110800.0,6568.023220641523,0.00253112434481891,96.75461032871746,107.54079577804097
8114400.0,6583.017166640664,0.0009026165755966597,96.74462054082257,107.58843676132864
8118000.0,6581.289205165863,0.0012503644418275124,96.74450372199507,107.62149631040849
8121600.0,6568.370253240959,0.0025295955396215752,96.74962913145421,107.67031800538784
8125200.0,6586.4347551689925,0.001061296327148244,96.74045240059881,107.71435254190462
8128800.0,6577.357524325883,0.0013915093290017399,96.7461620063611,107.74815214611267
8132400.0,6570.99391735706,0.0023903600042980565,96.74987437429262,107.79936279450516
8136000.0,6587.77864233767,0.0011731406174174174,96.7428932254623,107.83996804421643
8139600.0,6574.35537430632,0.0015706442683906029,96.75088493503792,107.87754916181805
8143200.0,6573.768284046633,0.002030324685990848,96.7518253670696,107.93019890443985
8146800.0,6588.479479170094,0.0010400721305424932,96.74478412441762,107.9676065512472
8150400.0,6571.109637222607,0.00164341558146467,96.75244667274322,108.0080922293358
8154000.0,6578.029874643107,0.0016504901372101,96.74934867001153,108.05909435211039
8157600.0,6586.847767050125,0.0007630666260064507,96.74212594708062,108.09273097231768
8161200.0,6569.702850798525,0.0016948545612727845,96.75165292720693,108.13681614873218
8164800.0,6581.673734680813,0.0010589015205265124,96.74345124467591,108.1881932156216
8168400.0,6584.798905023904,0.00028203024599191,96.74148633285118,108.22232686342676
8172000.0,6569.005960659295,0.001496861591883026,96.74923921146281,108.27061767364985
8175600.0,6585.600556067079,0.0005563928970974466,96.74196532529281,108.31677004160657
8179200.0,6581.211866839278,0.0004463000281060984,96.7458605293899,108.35003528580563
8182800.0,6570.476999757963,0.0013249815663914815,96.75161809660055,108.39968568995444
8186400.0,6587.885017821938,0.00017648697721916882,96.74342300673074,108.44217914064507
8190000.0,6578.033319113736,0.001050299770944121,96.74894709602255,108.4767043729873
8193600.0,6572.538463816289,0.0009651065845130479,96.7522357479512,108.52795063762643
8197200.0,6589.7477473708095,0.0003883088334680876,96.74259258489764,108.56726318505935
8200800.0,6574.36417019882,0.0015657854103473209,96.74913989880332,108.60578507866114
8204400.0,6576.301846730751,0.000666532346159417,96.74617530420925,108.65702836494343
8208000.0,6589.143047160584,0.0006597025158625102,96.73830809531897,108.69239518315793
8211600.0,6572.24684440026,0.002076347871904673,96.74641008461185,108.73399182554348
8215200.0,6579.782975036586,0.0005106013198279688,96.74407712316754,108.78412571213744
8218800.0,6588.17740026707,0.0008812948205011097,96.74036028900495,108.81809394809942
8222400.0,6570.391315135318,0.0023647077741231846,96.75069743148131,108.86298327888149
8226000.0,6584.105285394905,0.0007051558204715608,96.74498104650439,108.91176919741602
8229600.0,6585.346464835131,0.001094604754630242,96.74487749685142,108.94642945442158
8233200.0,6570.840507918692,0.0025596680856312744,96.75291696586508,108.99458416289687
8236800.0,6587.17616682491,0.001024441423631271,96.74403217063636,109.0396445530789
8240400.0,6582.5153980819105,0.0013103963479329384,96.74545704607051,109.07415338449601
8244000.0,6571.865257005249,0.002468064008197976,96.74932918783847,109.12352243999571
8247600.0,6590.078041677801,0.00110481613753387,96.73967182133497,109.16582570026388
8251200.0,6578.6678450995405,0.0014561638650517979,96.74422052249761,109.20309569388904
8254800.0,6574.834508882895,0.002267317497007563,96.74593768571145,109.25575625184027
8258400.0,6590.709488613779,0.0010855552225800605,96.73801376777323,109.29457463550273
8262000.0,6576.038922361907,0.001570309798500509,96.74617419692703,109.33367566282264
8265600.0,6577.830020706994,0.0018248477018003265,96.74615200859223,109.38462235320937
8269200.0,6591.068753705797,0.0008562271491341652,96.74094707266923,109.42024525562621
8272800.0,6573.293616477666,0.001628141890899818,96.75005552317919,109.46154825814129
8276400.0,6582.154415492377,0.0014069552645740355,96.74600889058362,109.51121965426621
8280000.0,6589.185767834939,0.0005728210834963103,96.74275725653119,109.54550260562526
8283600.0,6572.48066027444,0.0016770573097721405,96.75075624565561,109.58942449840822
8287200.0,6585.582824237106,0.0009263160033947723,96.74323309742041,109.63826336136137
8290800.0,6587.216733999084,0.00019847144987472648,96.74029781238764,109.67248887964979
8294400.0,6572.298897412407,0.001516645585848873,96.74626417574649,109.71889941366418
8298000.0,6589.3650029488035,0.0005045010533197124,96.73787211760559,109.76348159338829
8301600.0,6583.730751809383,0.00048471621917854917,96.7406873899324,109.79836060706745
8305200.0,6574.034866919638,0.001330160028362631,96.74746401677437,109.84834275645746
8308800.0,6591.3920422919155,0.00017003930251891498,96.7394118513876,109.89010607227227
8312400.0,6580.8112146863095,0.0011034989605960535,96.74640515348689,109.92606677954083
8316000.0,6576.162207660383,0.0009269356888668933,96.74908571159602,109.97811246866488
8319600.0,6593.062440482188,0.00040141968279922035,96.74105505712488,110.01822289391303
8323200.0,6577.432244904755,0.0016034638601978147,96.74878142415562,110.05545316485812
8326800.0,6580.000889856494,0.0006270482658674352,96.74584143448311,110.10629677684054
8330400.0,6592.542745676003,0.0006680539448714793,96.7396809066394,110.14319105203815
8334000.0,6575.737157800808,0.0020517112484092783,96.7461085358295,110.18423194097346
8337600.0,6583.370522258,0.0005181809142055459,96.74191835709117,110.23592905732355
8341200.0,6591.788140065938,0.000873666597240054,96.73655948896382,110.27214291186594
8344800.0,6574.173429242959,0.002338174085860195,96.74621846611689,110.31627469575406
8348400.0,6587.644214970392,0.0006831434325459032,96.7400346250298,110.36494702783335
8352000.0,6589.124763331967,0.0010231217098877335,96.7402693407974,110.39889010930268
8355600.0,6574.5041014360795,0.002504564092294169,96.74875773339096,110.44524827165509
8359200.0,6590.673747447757,0.0009191113551142581,96.74101159649106,110.49058633622559
8362800.0,6586.6650837401985,0.0012048485475919307,96.74392250275889,110.52450547139411
8366400.0,6575.299486694215,0.0024194673683707326,96.74915139210577,110.57314978308601
8370000.0,6593.553440180039,0.0010392656279788592,96.73973740711875,110.6164500237969
8373600.0,6583.182553929123,0.0014080457367848037,96.74310635213351,110.65107154792929
8377200.0,6578.143117241256,0.0023035666097864713,96.74499793860333,110.70210676526915
8380800.0,6594.699218201311,0.0011134459526828961,96.73481762859878,110.74235599323075
8384400.0,6580.68942715319,0.0016056662583987412,96.74191569901767,110.77823426606612
8388000.0,6581.049086233699,0.001917424891178041,96.74142491422501,110.8295549923122
8391600.0,6595.331867133464,0.0009422737240076408,96.73651084498543,110.86701847180679
8395200.0,6578.100390069023,0.0016503742029627293,96.74595496817459,110.90726988531276
8398800.0,6585.116615290156,0.0015770656952425357,96.74354661630704,110.9584190616846
8402400.0,6594.112272966811,0.000749318425327407,96.73981676690985,110.99361961980173
8406000.0,6577.086699054807,0.0017133542270675326,96.7487042606018,111.03776151068764
8409600.0,6588.446788323225,0.0011167085125577299,96.7430169645562,111.08742842436328
8413200.0,6592.625087648484,0.00034907165282579565,96.73979225286791,111.11959378057418
8416800.0,6576.367173104887,0.0016064465268901152,96.74680787577344,111.16495108126318
8420400.0,6592.384031927673,0.0007090004955115272,96.73770796865568,111.21349348877376
8424000.0,6589.663053004695,0.00025897178818401543,96.73749809567114,111.24769198185925
8427600.0,6577.674024755059,0.0014544868470722013,96.74351944849147,111.2980133859636
8431200.0,6594.792505436453,0.00023381865292985962,96.73519212675838,111.34281254136054
8434800.0,6587.286026544566,0.0008060606643820858,96.74044379973589,111.37655540699446
8438400.0,6579.191617636353,0.0011562589404690018,96.74498445350218,111.42739725963484
8442000.0,6597.101079881906,0.00022514500612372563,96.73714009402143,111.46793968228528
8445600.0,6583.994890872304,0.0012541698883238672,96.74410141404248,111.5033967943175
8449200.0,6582.466613222737,0.0008994851673314078,96.74590686163249,111.55439618743895
8452800.0,6597.632765853,0.0004722083357821889,96.73770708589758,111.5920693068925
8456400.0,6581.979480185814,0.00174474029671235,96.74559431962281,111.63114717498559
8460000.0,6585.5127856846,0.0005467850643464966,96.74182425667846,111.68204520376746
8463600.0,6597.745935698989,0.0006901938603224706,96.73469863923111,111.717646156699
8467200.0,6579.877405003738,0.0020821796274747106,96.74186213377193,111.75938651651397
8470800.0,6589.529136000754,0.0004988571835996332,96.73713730389566,111.80901234905582
8474400.0,6596.012465631278,0.0008597118285156769,96.7346510525171,111.84200275289169
8478000.0,6579.471875813798,0.0023753125103471557,96.74386760850712,111.8872491917475
8481600.0,6592.721571876257,0.0006948927817239172,96.7383777704796,111.93540825296813
8485200.0,6594.546625376525,0.001066882518158526,96.73891879885875,111.96918070164716
8488800.0,6579.387724873411,0.0024593887031388387,96.74742264395647,112.01725399116565
8492400.0,6596.356119198263,0.0009225907859435441,96.73897314308135,112.06318837642492
8496000.0,6591.670017708009,0.0012479813345423305,96.74069548069777,112.09764598127829
8499600.0,6581.1438751718,0.002505307782264833,96.74610921627952,112.14629271255333
8503200.0,6598.574964071837,0.0011215298294875722,96.73504694549368,112.18800688489391
8506800.0,6589.265753321749,0.001457421584976492,96.7403183479273,112.22391831359242
8510400.0,6582.986599980356,0.0022824406510758895,96.74146689007796,112.2761908163799
8514000.0,6600.326767099791,0.0010671241504110025,96.73222770165852,112.31659101561388
8517600.0,6586.436763325333,0.0015129614083908166,96.7390764382568,112.35462808652022
8521200.0,6586.297575750252,0.0020458813680446584,96.74047531472819,112.4057546957589
8524800.0,6600.658450533697,0.001005901607591492,96.73467598923983,112.44247926178377
8528400.0,6584.773020036132,0.0016447546997187604,96.74326276097418,112.48213624940254
8532000.0,6589.279056457991,0.0016521469952213332,96.74124222654721,112.53243569034993
8535600.0,6600.751264890295,0.0007750823196113171,96.73663497540288,112.56697947294103
8539200.0,6582.949362878504,0.001679358526362648,96.74580886016736,112.60910068968846
8542800.0,6593.285760082614,0.0013300044632437798,96.74009330852628,112.65822486795786
8546400.0,6599.195238919644,0.0005572972607641894,96.73519234526285,112.69299451801922
8550000.0,6582.918148662057,0.0017047216661896587,96.74201037027856,112.73663287857453
8553600.0,6596.339375449266,0.0009071605312628965,96.73449733560385,112.7839539076473
8557200.0,6597.746726518263,0.000175425756033901,96.73285464465123,112.8182831851791
8560800.0,6582.915294401593,0.0015580574381181009,96.74181822364442,112.86494054598624
8564400.0,6599.858269133789,0.0005507777698481983,96.73350325514093,112.90976747682284
8568000.0,6595.042343701001,0.00038205407150233134,96.73778733180704,112.9440304599929
8571600.0,6584.564449954749,0.0013789643458996625,96.74410410889327,112.99370822497966
8575200.0,6601.899156456496,0.00021722186605196202,96.73585034452611,113.03729735782593
8578800.0,6593.009186407423,0.0008829155000772869,96.7410412113457,113.07219930293685
8582400.0,6586.292707218613,0.001037980268771288,96.74347232860957,113.12263470007889
8586000.0,6603.91705130719,0.00028310012899765625,96.73505461828094,113.16338775030793
8589600.0,6590.362337273345,0.0012798278845662229,96.73912125561786,113.19829641806442
8593200.0,6589.4930445176315,0.0008252523631054053,96.74055661738552,113.24960252783048
8596800.0,6604.45136683256,0.00047819100467802206,96.73054731939075,113.28970290366588
8600400.0,6588.994420826574,0.001762767549982159,96.73860604892215,113.32902275174781
8604000.0,6592.304694456581,0.0005745360743601341,96.73652878067139,113.3805828872696
8607600.0,6604.788903730344,0.0006883222333024288,96.73141244491714,113.41672014321881
8611200.0,6587.212644652521,0.002048028690477667,96.74167220833615,113.45706545992536
8614800.0,6596.212595653034,0.0005197955571588356,96.73795745026858,113.50692479916184
8618400.0,6603.635369507821,0.000847191052053903,96.73487286000298,113.54113903413787
8622000.0,6586.927566387123,0.0023207635047670628,96.74367037523356,113.58404288504751
8625600.0,6599.205422378446,0.0006289176056146443,96.7381908893585,113.63244543191418
8629200.0,6602.70541086314,0.0010184235653059803,96.73556207167952,113.66572074639443
8632800.0,6586.639304726172,0.0024377549964174974,96.74250464705855,113.71226094618459
8636400.0,6602.627824142422,0.0008168001680228368,96.73224398586123,113.7590421350262
8640000.0,6600.371783230853,0.0011849094421293928,96.73197477888478,113.79084521039658
8643600.0,6588.055514040254,0.0025039768880900097,96.73807888953998,113.8392732978387
8647200.0,6604.879961816869,0.0010042730496797269,96.73084580616121,113.88336391397193
8650800.0,6598.779512275751,0.001348793715091265,96.7351076139497,113.91688315384887
8654400.0,6589.367757820347,0.0023964039045054142,96.74088717833149,113.96688241482474
8658000.0,6607.430710410568,0.0011117371417942896,96.73317140320994,114.00866841255873
8661600.0,6596.374546657687,0.0014768868023357208,96.73930563955092,114.04498936752155
8665200.0,6592.062986715392,0.00231236403660082,96.74217255365676,114.09654186065144
8668800.0,6608.490649562984,0.0012184948126496308,96.73363968627616,114.13498810585634
8672400.0,6594.058167429789,0.0016631746561567974,96.73900911121895,114.17206821299455
8676000.0,6594.492025903827,0.0021396583455957274,96.73819014091838,114.22307934849373
8679600.0,6608.730695798718,0.001164153094214625,96.72967831133737,114.25999405582844
8683200.0,6592.848003087074,0.0017726070199988154,96.73755337022004,114.30077788447163
8686800.0,6597.202023276773,0.0017844478854870003,96.73452120041448,114.35295614891476
8690400.0,6608.980353248501,0.0008966949106208776,96.72940712180997,114.38793124033145
8694000.0,6591.471662439072,0.001714503853738848,96.73841902629643,114.43043272426918
8697600.0,6600.800610344703,0.0014746652416567447,96.7350076083305,114.47957734073364
8701200.0,6607.995757863114,0.000696919770659085,96.73263185322763,114.51299173793973
8704800.0,6591.406028089224,0.0017456468960681025,96.74146373449014,114.55671716094153
8708400.0,6603.633529789612,0.0011016187138398442,96.73542712506972,114.6043113530885
8712000.0,6607.176115812408,0.00037999566654321884,96.73435578667701,114.63752837765824
8715600.0,6591.252435168064,0.001630179051139451,96.74170344044505,114.68282774006508
8719200.0,6606.953690827213,0.0008730705614847008,96.73325587567274,114.72982028906765
8722800.0,6605.34295393318,0.00022786396420159758,96.73168609027093,114.76367727259948
8726400.0,6592.624609848668,0.0015468381686499792,96.73696381156532,114.8103577581209
8730000.0,6609.152970829147,0.000532008555942006,96.72852274709979,114.8537993726986
8733600.0,6604.0234353452925,0.0004580998930918414,96.7315027269232,114.88842792746314
8737200.0,6593.656262593123,0.001305324445784661,96.73823194675035,114.93776743686799
8740800.0,6611.717581965576,0.00032957421455030305,96.73028735649223,114.97946894661794
8744400.0,6601.821967681435,0.000804338183564391,96.7365821089763,115.01459541888327
8748000.0,6596.067134311512,0.0010731072419860343,96.74025205522057,115.06565702680957
8751600.0,6612.940486228908,0.0002693123687015759,96.7319432696155,115.10668649055646
8755200.0,6600.568100498262,0.0012460157158802197,96.73843985199905,115.14203331671447
8758800.0,6598.168294660221,0.0007360185027756431,96.73766118882133,115.19220132891348
8762400.0,6614.339724323735,0.000447248635777325,96.73005957825505,115.23076075235628
8766000.0,6598.901469149374,0.0015233571774775378,96.73546003540304,115.26848518103652
8769600.0,6601.30625429859,0.0005709854840003576,96.73452417209971,115.3204948691543
8773200.0,6614.484117599701,0.0006173901069652747,96.72655746008348,115.35863045020808
8776800.0,6598.34947254239,0.001918576921997426,96.73575191446261,115.39819835727297
8780400.0,6603.8891460142295,0.00042192277261379925,96.73305683504914,115.44882271764577
8784000.0,6614.862205435548,0.0007772214111783597,96.72898306874401,115.48376499510142
8787600.0,6597.290102505,0.0021180284306781694,96.73877126760512,115.52478256864963
8791200.0,6607.378025358606,0.0004590290758925641,96.73447066567064,115.57370522502858
8794800.0,6613.99710746561,0.0009175404936769992,96.73160241649484,115.60750938051144
8798400.0,6597.539888580005,0.002340739824164275,96.73997664911592,115.6506845815203
8802000.0,6609.899253418117,0.0006432896090024474,96.73343653829627,115.69896323693376
8805600.0,6613.607753739548,0.001105986979606427,96.73034042433746,115.73231112537597
8809200.0,6597.521880996556,0.0024517248188848824,96.73681140044452,115.77793828133527
8812800.0,6612.985734013361,0.0008042927749738024,96.72775450022222,115.82459355230506
8816400.0,6612.053311370702,0.0012205394470939297,96.72802096897071,115.8560903553447
8820000.0,6598.819768911681,0.002534491991001395,96.73482604473213,115.9038134827032
8823600.0,6615.018231547357,0.0010071383367930163,96.72852837689555,115.94874779718378
8827200.0,6611.315100947775,0.0013673711931854035,96.73163870481868,115.98195774306649
8830800.0,6599.7570428903155,0.002512965326119795,96.73854328752903,116.03105213289558
8834400.0,6617.657138325163,0.0011511454858678602,96.73039972586403,116.0745677485952
8838000.0,6609.6685022923475,0.0014876397601375894,96.73453861735553,116.10961462507908
8841600.0,6601.076211275494,0.002498308605343794,96.73904848914933,116.15940895598271
8845200.0,6619.150914193642,0.0012640829744194242,96.72881790079452,116.19914651257484
8848800.0,6607.902535571471,0.001588277510850288,96.73378461734445,116.23444011257568
8852400.0,6602.786808881574,0.0023799972462493465,96.73446081825388,116.28563244923347
8856000.0,6619.965321890492,0.0012204869112156808,96.72538515162385,116.32560418794158
8859600.0,6606.362846721351,0.0015977047389570892,96.73114568745743,116.36348384533525
8863200.0,6604.693210787898,0.0022170409909795055,96.73269120339314,116.41478205801567
8866800.0,6620.509809275847,0.001136073569691989,96.72609391463835,116.45178325581276
8870400.0,6605.014275282308,0.0015689837730717504,96.73445862522314,116.49034236979138
8874000.0,6606.796189664841,0.0020045079604553823,96.73410540181095,116.54039050956291
8877600.0,6620.740779593866,0.0010403005174685713,96.72830432507484,116.57567517031076
8881200.0,6603.858407621741,0.0015723051020839166,96.73723906292561,116.61539546331166
8884800.0,6609.903405808237,0.0018102988295420836,96.73414501842538,116.66455641214884
8888400.0,6620.463651599591,0.0009564121601574821,96.72812499261084,116.7000783337413
8892000.0,6603.878802194065,0.0016432185749315484,96.73519185024021,116.74035652206749
8895600.0,6612.23878015448,0.001553896612827067,96.73040512017515,116.79011211128373
8899200.0,6620.817653860941,0.0007422915396391528,96.72433954806343,116.82486072609805
8902800.0,6603.53620417976,0.0015871394442789435,96.73290358841525,116.86649629142521
8906400.0,6615.449920784715,0.0013112099592038013,96.72710766812192,116.91446040684247
8910000.0,6619.95947881773,0.0005717402945024923,96.72659585206766,116.94859489580553
8913600.0,6604.228696997018,0.0015466432195230019,96.73572584028229,116.99335362719783
8917200.0,6617.57637376001,0.00102401939613113,96.72973223994,117.04074853692646
8920800.0,6619.817179273728,0.0004175693040126167,96.73010639910696,117.0742263386605
8924400.0,6604.420089057673,0.0014126369297322678,96.73763453664054,117.12087552378087
8928000.0,6620.3279040736725,0.0008632100391503187,96.73012270156084,117.16749386337001
8931600.0,6618.614299333422,0.0004071803853247596,96.72960082026063,117.19900217839954
8935200.0,6605.838865347151,0.0013593242018412304,96.73534636475094,117.24539609290105
8938800.0,6622.209845322189,0.0006015200971656201,96.7258206869772,117.29162908845032
8942400.0,6618.254161761504,0.0005757196776855182,96.72674366538799,117.32559164734438
8946000.0,6606.735489257523,0.0011700360343701228,96.73210041426164,117.37544649808024
8949600.0,6624.534358099489,0.00046865767640465357,96.72392548181007,117.41937259677944
8953200.0,6617.097225758128,0.000776768224642207,96.72877813200272,117.45250063084954
8956800.0,6608.678160518758,0.0010753571128504294,96.73389321082134,117.5021133470231
8960400.0,6625.842959988174,0.0003481711159371116,96.72611490542491,117.5432364304758
8964000.0,6616.6751876993685,0.0010595605827372681,96.73158292547087,117.57698360382626
8967600.0,6610.0749597484,0.0008864434277157192,96.73551031717054,117.62660820942097
8971200.0,6627.812527779676,0.0004052538602506602,96.72647919635568,117.66620217228775
8974800.0,6615.5548802235835,0.0012476010216811626,96.73236798088647,117.7020151782675
8978400.0,6612.46116174481,0.0007606069548284302,96.73259081785012,117.75158007475527
8982000.0,6628.583253902159,0.000503086562652766,96.7234690209486,117.79053362038695
8985600.0,6615.423385314415,0.0015336712833006472,96.728415081185,117.82730138069836
8989200.0,6614.029102527955,0.0006250938313172985,96.72888630437647,117.87710739415223
8992800.0,6629.019903532729,0.0006461970890132031,96.721850979309,117.91337498911628
8996400.0,6613.728919191674,0.0017562914608343406,96.73060704807455,117.95187622990157
9000000.0,6615.0484557560685,0.0005017372133775546,96.73093269591651,118.00226217609784
9003600.0,6628.656981405917,0.0007856377320157355,96.72513363660843,118.03878552116792
9007200.0,6612.124309255063,0.001989296158512498,96.7343956749524,118.07827486939249
9010800.0,6616.1449250283795,0.0004437299353012158,96.73212577286137,118.12894786939769
9014400.0,6627.969240784913,0.0009193985504882097,96.72594808638225,118.16513075567133
9018000.0,6610.792833888826,0.0021932362404142912,96.73377152678403,118.20380655712678
9021600.0,6617.388526015787,0.0004983838166656342,96.72896625902264,118.25287263249112
9025200.0,6626.998095714149,0.0010281977519166323,96.72351417164133,118.28868103680594
9028800.0,6609.674725850625,0.002348281226252653,96.73068219176561,118.33128820092716
9032400.0,6618.505320219369,0.0006349249786501604,96.72547464571821,118.38136789697579
9036000.0,6625.792724543267,0.001122549783789532,96.72193916187858,118.41634190768816
9039600.0,6608.633375789759,0.0025045191598351917,96.73160090765599,118.45850842821122
9043200.0,6619.815582094579,0.0007839713778863253,96.72689883520297,118.50682212524171
9046800.0,6624.442746366346,0.0011924347694563394,96.72517631479998,118.5403295174286
9050400.0,6607.795602994427,0.002605341858676199,96.7339409054085,118.58382834633947
9054000.0,6621.046859827313,0.0009121929685811359,96.72810680194519,118.63062364242757
9057600.0,6622.871091490375,0.0012722258551600852,96.72698962364244,118.66360827422606
9061200.0,6607.217797293332,0.002686250022005019,96.7341592758782,118.70922644083306
9064800.0,6622.071525545688,0.001050478673464549,96.72448712829615,118.75573801178659
9068400.0,6621.047392872183,0.0013827658408652201,96.72373812532295,118.78814587968154
9072000.0,6607.0260842725065,0.002731446171195791,96.72944657375854,118.83496077775334
9075600.0,6623.104601467388,0.0011394597877583854,96.72109360726672,118.87972838134014
9079200.0,6619.193337316571,0.0014252674245093268,96.72408441306382,118.9118751497577
9082800.0,6607.081793663796,0.002714438636331241,96.73042767115739,118.96034916911621
9086400.0,6623.887232294881,0.0012575557971357186,96.7234031379205,119.00386252091647
9090000.0,6617.257832445085,0.0015038399375929218,96.72771744840342,119.03787433953136
9093600.0,6607.353394907702,0.0027006915474564823,96.73355941355096,119.08779305163259
9097200.0,6624.520061120313,0.0013665018252077058,96.72476362341791,119.12993886013018
9100800.0,6615.219892008904,0.0015883363011347774,96.72878933122473,119.16494113301768
9104400.0,6607.896761477388,0.0026518738825554804,96.73232714826244,119.21416322008628
9108000.0,6624.969647377169,0.0013998321672449075,96.72150448901148,119.25346995583068
9111600.0,6613.013000321078,0.001649610930801526,96.72777453698647,119.28968807791914
9115200.0,6608.6962220179075,0.002513282373436649,96.72799144187901,119.34150391015811
9118800.0,6624.745433650272,0.0013328993213846249,96.71908810807479,119.38085662950157
9122400.0,6611.048691293171,0.0016298969436222333,96.7258689033264,119.41846656824161
9126000.0,6609.617831527631,0.00234662311179498,96.72756407792825,119.46884709258454
9129600.0,6624.59581061886,0.0012662129381290949,96.72148735100536,119.50572837261684
9133200.0,6609.1490061434315,0.0016311458021108704,96.72951342595927,119.54386637529785
9136800.0,6610.763209657647,0.0021571326486059875,96.72900542043752,119.59373123608869
9140400.0,6624.076767123454,0.001181389537827372,96.72316205085863,119.62922963363211
9144000.0,6607.360966131374,0.0016562655505583598,96.73176959651298,119.66860944256564
9147600.0,6612.099805111877,0.001959664381510937,96.7285654176898,119.71811961071319
9151200.0,6623.184317873251,0.0010912798502783884,96.72090730968867,119.75406570238685
9154800.0,6605.857046821955,0.0016695236122603804,96.72800585940122,119.79382975935451
9158400.0,6613.57801222417,0.0017357614650224302,96.72336511075954,119.843043682253
9162000.0,6622.006764054631,0.0009006922759032163,96.71805144084912,119.87801110386408
9165600.0,6604.654029380735,0.0016285989764703004,96.72833205808527,119.91972868567234
9169200.0,6615.0975962126895,0.0014623837772906095,96.72295802738297,119.96811566102554
9172800.0,6620.440692172593,0.0007142306820443429,96.72205453363365,120.00207439616133
9176400.0,6603.635517047599,0.0015377923658149819,96.73128483489565,120.04678720041892
9180000.0,6616.424361231337,0.0012275164228501717,96.72541427112319,120.09510669831388
9183600.0,6618.708909546358,0.0005729430209619262,96.72460031734288,120.12842155246682
9187200.0,6602.933540183365,0.0014328009118042973,96.7314429457125,120.173917831379
9190800.0,6617.665974593752,0.001007340528815608,96.72420764820355,120.22070700242094
9194400.0,6616.604586694437,0.0004801595935608214,96.72195701321273,120.25232150549104
9198000.0,6602.646204874669,0.001322864838381635,96.72970060168026,120.29960514548695
9201600.0,6618.862554563026,0.0007469458148277187,96.71941243712172,120.3468204385055
9205200.0,6614.493790257771,0.0006029286327326638,96.72109130409837,120.38057505007208
9208800.0,6602.716310429067,0.0011312026327725958,96.72672614717192,120.43003976637263
9212400.0,6619.711448523524,0.000548349435680503,96.71897201437554,120.4731964024503
9216000.0,6612.1929910679455,0.0008384450577438898,96.72451338402115,120.50650864241295
9219600.0,6603.132401573994,0.0009554050184541035,96.72912422073195,120.55586839319386
9223200.0,6620.368137288575,0.0004767057381272133,96.72118373186986,120.5968906444035
9226800.0,6609.80867140225,0.0011212815626739179,96.72671761373023,120.63098696108737
9230400.0,6603.930794831423,0.0007651554432932486,96.73022669703559,120.68113056134759
9234000.0,6620.703691406452,0.0005329418105333219,96.72058864682583,120.72058400125368
9237600.0,6607.498149606465,0.0014363723897466733,96.72611290513385,120.75737542702979
9241200.0,6604.972372273382,0.0005596988962923205,96.72521465977086,120.80735422840094
9244800.0,6620.406609616993,0.0006802609731735473,96.71642439317401,120.84442433845402
9248400.0,6605.286507982633,0.0017343020728712972,96.7229783066338,120.88263927394365
9252000.0,6606.18337781009,0.00043804902737517947,96.72397908346234,120.93271467918787
9255600.0,6619.867989640129,0.0008259891189482155,96.7171556882986,120.96857255002837
9259200.0,6603.194441754844,0.002046714711237093,96.7272309280855,121.00833670444446
9262800.0,6607.711242347382,0.0004158307420997799,96.72573189842531,121.05889242349683
9266400.0,6618.985129293677,0.0010032969850344354,96.72064788640361,121.09502308752674
9270000.0,6601.439648906944,0.002312974740826221,96.72983831121509,121.13628992538503
9273600.0,6609.331597775013,0.0005804362152967902,96.72506977557678,121.18574597486003
9277200.0,6617.550252312144,0.0011638503672457099,96.7205600510813,121.22057092652416
9280800.0,6600.13991905708,0.002509304300847685,96.72725661509259,121.26211039603014
9284400.0,6610.962377688954,0.0007651367565406133,96.72177986287696,121.31093603856394
9288000.0,6615.851731380711,0.0012779830164971531,96.71728809797258,121.34632995175907
9291600.0,6599.160393782939,0.002671810968389156,96.7255710677768,121.39184961555505
9295200.0,6612.524911130814,0.000982006000401963,96.71856555869614,121.43947241734814
9298800.0,6613.711499747899,0.0013652944536797725,96.71876954936454,121.47335280604749
9302400.0,6598.50673205354,0.0027496627403121566,96.72763382780352,121.51880705204958
9306000.0,6614.011248741864,0.0011540289465475178,96.72047388289515,121.56432188184317
9309600.0,6611.377130352707,0.0014574248565210955,96.7223568528413,121.5976167535603
9313200.0,6598.29240215447,0.0027752037972334164,96.72895357067313,121.64461075139707
9316800.0,6615.14815599974,0.0012877678235456633,96.72119110625131,121.68858799855381
9320400.0,6608.897615926138,0.0015648095240442007,96.72320180293178,121.72203148515948
9324000.0,6598.6299735731,0.002770880549479141,96.72737186755249,121.7713874669437
9327600.0,6615.927999506506,0.0014019156506229191,96.71613904285688,121.81404859652731
9331200.0,6606.205957558514,0.0016555370821591258,96.71957008438811,121.84716121002862
9334800.0,6599.519838515127,0.0026507402092813947,96.72247822914214,121.89723013180398
9338400.0,6616.336952929203,0.0014081772934050425,96.71505836484533,121.9376481795092
9342000.0,6603.695300842858,0.0017000707080305519,96.72248288270266,121.97310575669017
9345600.0,6600.678988005936,0.0024880750415467337,96.7248742659266,122.02390255328123
9349200.0,6616.266604272911,0.001402633115351092,96.71804969124987,122.06229214028765
9352800.0,6601.2413021686125,0.001734241358222234,96.72627139408851,122.10087833294746
9356400.0,6602.055237243327,0.0022913889744963396,96.72610823514431,122.15247336468168
9360000.0,6615.732792125464,0.001337093913890566,96.71913607287772,122.18825006665678
9363600.0,6598.932691003648,0.0017490879395871026,96.72547833482176,122.22734380789916
9367200.0,6603.7430493312695,0.0020433268556850656,96.7222737198716,122.27802014233377
9370800.0,6614.5154109564655,0.0011310646147548935,96.71526760070675,122.31287902376194
9374400.0,6596.993443100443,0.001704679371029735,96.72385073228511,122.3558478838026
9378000.0,6605.55688002273,0.0017041575707954705,96.71858481926408,122.40702934996834
9381600.0,6612.852945650232,0.0008673253903100651,96.71543525188011,122.44069928372129
9385200.0,6595.54866040469,0.0015811832034453664,96.72427177551158,122.48521328401083
9388800.0,6607.313472090612,0.0013461047073982067,96.71925648742192,122.53293981841435
9392400.0,6610.790661452094,0.0006156983752484685,96.7187993879839,122.56568439994764
9396000.0,6594.530502853779,0.00147367756337711,96.72703699314366,122.61106954830124
9399600.0,6609.061998818245,0.001021082242038164,96.71989627678835,122.65715820918118
9403200.0,6608.247035104003,0.00047310190021921056,96.72058327048914,122.69014887453707
9406800.0,6594.1409475948785,0.001315559112854183,96.72712520813762,122.73688546545814
9410400.0,6610.430888195414,0.0007802379531880449,96.71787747377707,122.78227564606438
9414000.0,6605.553259263059,0.0006130222925366962,96.71802949230663,122.81633503418189
9417600.0,6594.340089220931,0.0011195184257872328,96.72215136308141,122.86422564335032
9421200.0,6611.401137943539,0.0005784229375383201,96.71348260268441,122.90590268455469
9424800.0,6602.63463585295,0.0009245221495587017,96.71779843148998,122.94121675256581
9428400.0,6594.916783165885,0.0008757955504933568,96.72318703511004,122.9912568350303
9432000.0,6611.991834555246,0.0005418053166027876,96.71538612009522,123.03138569149273
9435600.0,6599.650230893487,0.0013343780820579097,96.7228894464967,123.06754796555617
9439200.0,6596.115964282594,0.000571004101493545,96.72506104756137,123.11902661200014
9442800.0,6612.0202452786525,0.0006833851380446377,96.71723827827573,123.15853778563255
9446400.0,6596.8633985979595,0.0017435882178895212,96.72476516396333,123.19526360047564
9450000.0,6597.741775143138,0.00034978216433599856,96.72234371105819,123.24553452407729
9453600.0,6611.306269628533,0.000884498482028948,96.71572714120519,123.28263892886088
9457200.0,6594.5148760727625,0.002066818085825973,96.72177222944204,123.32208316411442
9460800.0,6599.564328308941,0.0004191939322303425,96.71901852247358,123.37373718572445
9464400.0,6610.121298280648,0.0010608548156200253,96.7122902742622,123.41058358979328
9468000.0,6592.530694699345,0.002394138903187222,96.72187378756271,123.45219706288653
9471600.0,6601.628868154812,0.0006703850633333808,96.71744887310092,123.50194175698964
9475200.0,6608.214623855103,0.00121308123931962,96.71518382190754,123.53605320783767
9478800.0,6590.965816554124,0.0026104645470355994,96.7247340049383,123.57930542521387
9482400.0,6603.6809451091995,0.0009209302638115691,96.71871412866254,123.62689698770559
9486000.0,6605.773623678618,0.0013556968139584347,96.71815979654373,123.66019761177306
9489600.0,6590.016382860826,0.0027402072681801766,96.72570843854068,123.70573974023374
9493200.0,6605.401623706277,0.0011517547387964288,96.71759510638925,123.75221826372406
9496800.0,6602.943664685475,0.0015205524944030798,96.71710017933528,123.78538074441695
9500400.0,6589.852556094369,0.0028116335556244826,96.72230810526565,123.83353078208452
9504000.0,6606.814911902133,0.0013284815158200623,96.71212609487183,123.87778966436125
9507600.0,6599.796214065925,0.001620270970396452,96.71529788653575,123.91014631418064
9511200.0,6590.44840271498,0.00273186278820634,96.7197450732649,123.96008375380248
9514800.0,6607.618674719046,0.0014157525517239614,96.71295480983878,124.00199970244131
9518400.0,6596.6577506223875,0.0016999509986052735,96.71928763718296,124.03704047107752
9522000.0,6591.529369800629,0.00259686171787828,96.72283293512584,124.08817280762418
9525600.0,6607.859094949434,0.0014552773042810939,96.71513677191871,124.12790524029933
9529200.0,6593.5644570592585,0.0017624213440600688,96.72246468178712,124.16586008203628
9532800.0,6593.101146847257,0.0023795707265027496,96.72281340061456,124.21714386686381
9536400.0,6607.410039360696,0.0013839684838303288,96.7141800876713,124.2528301623472
9540000.0,6590.620342949088,0.0017899539320261136,96.72149156086121,124.29167498219316
9543600.0,6595.118281768843,0.002056748020398033,96.71757843727451,124.34368390788687
9547200.0,6605.900899436876,0.001120473378218558,96.71067946198613,124.37955400015471
9550800.0,6588.338689061659,0.001705085922345962,96.71911010263013,124.42289546905458
9554400.0,6597.274663567741,0.0016543407732147887,96.71505836167472,124.47327793469765
9558000.0,6603.900732883126,0.0008102193923534871,96.71278623253089,124.50658762384364
9561600.0,6586.634448140302,0.0015720731238382467,96.72194178126801,124.55144041771268
9565200.0,6599.39436881429,0.001242740708108524,96.71609442038708,124.59896798236448
9568800.0,6601.1988105020455,0.0005338563416355592,96.71584576398818,124.6314466349147
9572400.0,6585.670203098389,0.0014244295487005718,96.72413479430423,124.67799698089367
9576000.0,6601.341316529859,0.000862851543971743,96.71567682134925,124.7232628023858
9579600.0,6597.946883204194,0.0005246361614318157,96.71701096436084,124.75715243316472
9583200.0,6585.627000614546,0.0011853427970105225,96.72148666131314,124.80475781465196
9586800.0,6602.6782975678325,0.0006216804142811363,96.71205819594073,124.84871409822583
9590400.0,6594.536769305123,0.0008646653713252874,96.71378694888793,124.8835027311059
9594000.0,6586.265341973778,0.0009224697702840695,96.71770505144802,124.93287101385009
9597600.0,6603.353753983211,0.0005338316365052099,96.70927635574783,124.97267070546785
9601200.0,6590.956191106416,0.0013244827104505073,96.71676502415922,125.0094538180214
9604800.0,6587.606662614111,0.0005793720118391113,96.71930641748973,125.06047841322805
9608400.0,6603.301400218451,0.0006968414348707645,96.71236332532057,125.0989942795078
9612000.0,6587.57202881807,0.0018097618566609366,96.72124357308002,125.13762611583392
9615600.0,6589.574029649761,0.00033370793190970016,96.71993614245527,125.18925895320763
9619200.0,6602.3192597576135,0.0009469900186448747,96.71322093756953,125.2262945003242
9622800.0,6584.797140883797,0.0022336463760804053,96.72117617937536,125.26532309042734
9626400.0,6591.945262194727,0.0005042371969862102,96.71595201727473,125.3149566710507
9630000.0,6600.390597310294,0.0011653320707536818,96.71112528031775,125.35076513371051
9633600.0,6582.755966973571,0.0025304512269487853,96.71831994778755,125.39518586013486
9637200.0,6594.2310418499155,0.0008275214711201464,96.71170275136632,125.4449467068671
9640800.0,6597.665448769179,0.0013299225945141084,96.70991410250656,125.47969804320871
9644400.0,6581.442780618491,0.00273358379048476,96.71910027241569,125.52495834360292
9648000.0,6596.456551205715,0.0011105416277436455,96.71254607069892,125.571559061629
9651600.0,6594.305217029014,0.0014617469688184446,96.71405539691011,125.60530064456242
9655200.0,6580.991347504611,0.0027842787982024137,96.72104757203886,125.65277119836503
9658800.0,6598.09336093304,0.0013089585753541014,96.71320815070622,125.69631377969013
9662400.0,6590.550015547675,0.0015892451219958691,96.71701599349551,125.73060355267454
9666000.0,6581.57241136386,0.0027116142651531076,96.72061197686656,125.78016058393015
9669600.0,6598.8560084925675,0.001426733808483398,96.70943414278122,125.82217415707834
9673200.0,6586.637986493973,0.0017279544063246459,96.7142376345438,125.85705994730802
9676800.0,6583.163588047905,0.002503836945953109,96.71488499125874,125.9078271425501
9680400.0,6598.8280661982,0.0013697796075187879,96.70609548085591,125.94682672985353
9684000.0,6583.081465148588,0.0017672511605855822,96.7154514029032,125.9840329651706
9687600.0,6585.335141957079,0.002147165626464429,96.71418139921506,126.03513983129258
9691200.0,6597.595788893218,0.001188308317166516,96.70964194853994,126.0715703646169
9694800.0,6580.046186491114,0.0017289452604301325,96.71927507742423,126.11306938948509
9698400.0,6587.735054009293,0.001748922690177761,96.71592481785144,126.16419375585203
9702000.0,6595.398487717108,0.0009132431268978722,96.71225808321348,126.19874252480503
9705600.0,6577.7614175458,0.0016276626269316624,96.71996546626687,126.24264881138807
9709200.0,6590.193342830555,0.0013161226080439657,96.71377121228322,126.29153929503192
9712800.0,6592.098860210804,0.0005568456056607615,96.70991290701369,126.32359282588372
9716400.0,6576.570514181452,0.0014465085002497078,96.71836620761033,126.37055353306613
9720000.0,6592.424407553974,0.0008340206757981493,96.70813319504846,126.4190356312393
9723600.0,6588.311899920846,0.0005760540438669497,96.70954846112632,126.45313443928684
9727200.0,6576.531522297964,0.0011297074761331813,96.71511952558645,126.50345061134259
9730800.0,6593.844348537396,0.0005057248133226595,96.70708386300751,126.54657984342812
9734400.0,6584.124143250028,0.001032371876262884,96.71364608907544,126.58079771227544
9738000.0,6577.547387056762,0.0007947382820634317,96.7169882464333,126.63148627818906
9741600.0,6594.2991508930645,0.0005551173486718384,96.70922065947795,126.67117252011052
9745200.0,6579.924138066079,0.0015653392060400789,96.71647935203518,126.70739990705356
9748800.0,6579.532056385898,0.0004642174665897041,96.71724773082423,126.75874641774213
9752400.0,6593.5991301561435,0.0008003567271461605,96.7088035704061,126.79567449358827
9756000.0,6576.261877632676,0.0020768699413959324,96.71634305845713,126.83624596927453
9759600.0,6581.990334490578,0.00043361667435370136,96.710922611727,126.88700711260333
9763200.0,6591.402222818219,0.0010650911263752618,96.70469499202926,126.92054344349592
9766800.0,6573.491843825156,0.002468262754288234,96.71302359614316,126.96418968550186
9770400.0,6584.717713302447,0.0007429044809285345,96.7087700986071,127.01299976580046
9774000.0,6588.2726673063025,0.001283031388357214,96.70723983986878,127.04612713372134
9777600.0,6571.835827999955,0.0027061043349575287,96.71670898232989,127.09288298828783
9781200.0,6587.141222947666,0.0011077739605590464,96.70982160989867,127.1397489398378
9784800.0,6584.232242083927,0.0014803082779530907,96.71178024160128,127.17438339022577
9788400.0,6571.577174221088,0.002762060324877342,96.71843173077738,127.22417779623642
9792000.0,6588.887415994473,0.001369147335248452,96.70915008370433,127.2670398017833
9795600.0,6579.6377488405205,0.0016427841201662743,96.71220218113685,127.30220175637022
9799200.0,6572.572517583512,0.002619605127201235,96.71440245380201,127.35267072915147
9802800.0,6589.424687748914,0.0013871498605465406,96.70474046145794,127.39272600552587
9806400.0,6575.023632989003,0.001721616952634796,96.71105742566318,127.43144297008797
9810000.0,6574.596046719635,0.002263987732645244,96.71041258929029,127.48441492796279
9813600.0,6588.345376522529,0.0011835311570325036,96.70366172769738,127.5212621531727
9817200.0,6571.10415076259,0.001678658013699057,96.71253157598355,127.56247226025778
9820800.0,6577.249819355833,0.0017592536367493049,96.71022304238771,127.61278891082814
9824400.0,6586.02357666613,0.0008439938904161642,96.70692439047181,127.64695844256997
9828000.0,6568.08555692597,0.0016203442358821098,96.71594196651293,127.69062632104725
9831600.0,6580.132634211838,0.0012103094174489193,96.7098749172093,127.73889280289451
9835200.0,6582.2204275878585,0.0004370330210357753,96.70900228630519,127.77237584517698
9838800.0,6566.532605816895,0.00144388935086148,96.71619680335479,127.81885352664516
9842400.0,6582.502850293592,0.0007313753196164384,96.70695520005631,127.86545428231692
9846000.0,6577.60125439335,0.000553588168355777,96.70691067707439,127.89990240811372
9849600.0,6566.547984507797,0.0011516947457919622,96.71079459608445,127.94876843213878
9853200.0,6583.803621402242,0.0004226606906160923,96.70187502812553,127.99015369784695
9856800.0,6572.504835092757,0.0011410929839653975,96.70724284991327,128.02665492029342
9860400.0,6567.848791868681,0.0007683131566749287,96.71106318160152,128.077974450703
9864000.0,6583.769402118514,0.0005883924604674391,96.7036835166567,128.11653083215884
9867600.0,6567.6190969819645,0.0018000360992744709,96.71289939499033,128.15543232322264
9871200.0,6570.3783623214,0.00042816078146030095,96.7118092491124,128.2077380689996
9874800.0,6582.048414707878,0.0009122862836694967,96.70590791831708,128.2447390247317
9878400.0,6563.780961775875,0.0023239525287636494,96.71499297589287,128.2862892429002
9882000.0,6573.462852805976,0.0006427946773904677,96.70804190764915,128.33563737199177
9885600.0,6578.459192765968,0.0011835965510973217,96.70544592198976,128.37025725104476
9889200.0,6561.454391401575,0.0026028435967130554,96.71146608002705,128.41636626677706
9892800.0,6576.163383792861,0.0009823008620326568,96.70349492131525,128.46470636262822
9896400.0,6574.553670743085,0.0013371712301444908,96.70287840560736,128.50004398351652
9900000.0,6561.564664571374,0.002630167498896644,96.71015320087687,128.54954137270292
9903600.0,6579.612673617874,0.001164127664766585,96.70183605161158,128.59301503853985
9907200.0,6569.957303565458,0.0014477243535160698,96.70740840072519,128.6286250929421
9910800.0,6563.300766070046,0.0024207437631723738,96.71119286017087,128.67918370670134
9914400.0,6580.739853376741,0.0011774233231334726,96.7033013725389,128.71831272086038
9918000.0,6565.497857954435,0.0015490795933601328,96.7113314642603,128.7562375914559
9921600.0,6566.445205003264,0.0019913997828202345,96.71019133556004,128.80688619381758
9925200.0,6579.890359148773,0.0009667515214841827,96.70289758959412,128.84404892105925
9928800.0,6561.930927566121,0.001592758438562592,96.7100847394158,128.88445230540214
9932400.0,6570.292231936967,0.0014624052969590704,96.70508349204135,128.93533979857352
9936000.0,6577.3738627457315,0.0005571732693468026,96.69940803453841,128.97044326125453
9939600.0,6559.9809989682635,0.0014890338490861962,96.70785677332043,129.0145268667092
9943200.0,6574.093105051305,0.0008293113268108288,96.70040967823175,129.06182156454082
9946800.0,6573.340998667502,0.0004442612975666006,96.70263118174576,129.09634045371854
9950400.0,6559.702865332888,0.001209463012261833,96.71016678824004,129.1454226535774
9954000.0,6576.85263442898,0.0004198507157613592,96.70214416529937,129.18969162441317
9957600.0,6568.5579248581225,0.0010840678621137228,96.70768180494825,129.2250438958401
9961200.0,6561.287464722145,0.000825937367836746,96.71092635046435,129.2767675403123
9964800.0,6578.870301916477,0.0005888474121019143,96.70212282183668,129.3179418811935
9968400.0,6563.885035263952,0.001735916774336835,96.70835965150745,129.35371634306117
9972000.0,6565.19526919385,0.0006245848557826472,96.70653450871588,129.4048220558563
9975600.0,6578.2259285874325,0.0009032420967380602,96.69892320906993,129.44305698340582
9979200.0,6561.079750422548,0.002324367395767709,96.70627411552432,129.48526027932996
9982800.0,6568.950225093716,0.0007379664707366313,96.70131155016485,129.53708143327296
9986400.0,6575.660992133077,0.0011699326042137628,96.69779052988476,129.57271458433138
9990000.0,6558.8546380611115,0.002708900037661092,96.70750818105373,129.61709040990877
9993600.0,6572.79148948409,0.001042892324485318,96.70130920398881,129.66517120421116
9997200.0,6571.628384480421,0.0013245079241245164,96.7021850617545,129.69917730374354
10000800.0,6558.420591378396,0.0027913037912401465,96.70939260574649,129.7470440325256
10004400.0,6575.643263637662,0.0012635775004974058,96.70133093382714,129.79091775892374
10008000.0,6566.765704359982,0.0014626552704933569,96.70569935424035,129.8258308769677
10011600.0,6559.973657200285,0.0026125257445162677,96.70844805438922,129.8763208360704
10015200.0,6576.78251118744,0.0013337125925055912,96.6973359636481,129.9175156223705
10018800.0,6561.885445269098,0.0016190592700533468,96.70326727462198,129.95400496607544
10022400.0,6563.185702099882,0.0022022374395502505,96.70186392535454,130.0054834440801
10026000.0,6576.053807153179,0.0011128064069155204,96.69410569166875,130.04289538016926
10029600.0,6558.054325897956,0.0016517308766223048,96.70458685769263,130.08336688585072
10033200.0,6567.089928911583,0.0015960894780313204,96.70005706585422,130.13382341664462
10036800.0,6573.213297262493,0.0006949480342263467,96.6985365159184,130.1686562203571
10040400.0,6555.754437052019,0.001518038499779525,96.70793628622314,130.2147494062196
10044000.0,6570.786624860101,0.0009936681980903994,96.70104704032524,130.26340226757404
10047600.0,6568.864172561901,0.0004481296617129531,96.70207621976596,130.29737180444945
10051200.0,6555.440898324966,0.0012254863673828087,96.70765221189444,130.34626851754564
10054800.0,6573.436027160463,0.0005398674909054045,96.69885577932547,130.3909536153185
10058400.0,6563.614686004994,0.0009677772861603162,96.70065661593694,130.4243810304134
10062000.0,6557.962071582547,0.0008473877109903619,96.70445105534414,130.4758969755872
10065600.0,6574.450584204746,0.0005378376701933536,96.69339766995371,130.5183016021015
10069200.0,6559.58992765123,0.0017592017015066702,96.70084218274134,130.55696073781846
10072800.0,6561.205426848833,0.0004789544200542137,96.69942013867856,130.6095083624322
10076400.0,6573.1998037749745,0.0009306138851932006,96.69391154223722,130.64627368384333
10080000.0,6555.693797586609,0.0023673617088252994,96.7043321724065,130.6874844628277
10083600.0,6565.2494248494095,0.0007026150047156256,96.69977377576612,130.73769735439788
10087200.0,6569.92859718783,0.0012278074775676146,96.69779222321337,130.77187817604806
10090800.0,6553.578978904653,0.0027128173891045747,96.70619585606227,130.81733114607147
10094400.0,6568.868978404597,0.001109744089257779,96.69900090154552,130.86449021813272
10098000.0,6565.143763167776,0.0014887692700993552,96.69943254828785,130.89817488791255
10101600.0,6553.698718318021,0.0027915932544576947,96.70430334098393,130.94820852133836
10105200.0,6571.141537098234,0.0013966373954724287,96.69266087646632,130.99187498581972
10108800.0,6559.574775852367,0.0017067780811659292,96.69670854003216,131.0260725214484
10112400.0,6556.0123711128435,0.0025137838982693434,96.69820500080118,131.07769269573444
10116000.0,6571.417524340594,0.0013486002550188848,96.69101726184078,131.1168967859873
10119600.0,6554.612799356532,0.0017929363202927855,96.7005060294643,131.15581275042013
10123200.0,6559.5725141786215,0.0019926528956679306,96.69884248741702,131.20751687009243
10126800.0,6569.31373518786,0.001039867027036127,96.69475242347832,131.2431129427545
10130400.0,6550.9874169167915,0.0017262889163392628,96.70446177260283,131.28794717828353
10134000.0,6563.485670724025,0.0013760607359483866,96.69846487850671,131.33827142352806
10137600.0,6565.068692727457,0.0005584658855091533,96.69727891598609,131.3714567133097
10141200.0,6549.456794148227,0.0014591948879730551,96.70267747179673,131.41845103600338
10144800.0,6566.706298431975,0.0007728790268236502,96.69378044702862,131.46490064272388
10148400.0,6559.406307558629,0.0006575990365439741,96.69491182624537,131.49905304699365
10152000.0,6551.090030652091,0.0010262994638100822,96.6993935615659,131.55138039446
10155600.0,6568.157110189086,0.0004600737926026467,96.68912789271512,131.59465853932733
10159200.0,6554.547795906315,0.0015096049001254545,96.69666845846619,131.63160416502564
10162800.0,6553.934596418388,0.00046987582842760806,96.69673033259667,131.68418435631733
10166400.0,6567.214859065558,0.0008277813981958976,96.69077687256033,131.72123293745668
10170000.0,6549.683662548258,0.002224455011986079,96.7007336379604,131.76184188369493
10173600.0,6557.929608301779,0.0005609357817641933,96.69663650930778,131.81230924275795
10177200.0,6563.721594747559,0.0011938391789976526,96.69387279944586,131.84671924887218
10180800.0,6546.782775190564,0.0026590509973656814,96.70215899188241,131.89205602022128
10184400.0,6561.615316655941,0.001074064711375314,96.6940504739333,131.94007012206373
10188000.0,6558.3006948398115,0.0015348670745869842,96.69354268364987,131.97386328968193
10191600.0,6546.4797909473,0.0027775441720350675,96.69821995962567,132.0237453079713
10195200.0,6563.880271728121,0.0013929698623704851,96.68739132549743,132.0673986554253
10198800.0,6551.954156625358,0.0017627222679993592,96.6926409727392,132.10169376414282
10202400.0,6548.6628186280495,0.0024666968058908055,96.69411016849402,132.15376407115036
10206000.0,6563.634796011343,0.0013466647146613841,96.68813129905381,132.1928757717997
10209600.0,6546.251157765396,0.0018516208753418513,96.69736925246373,132.23269967161963
10213200.0,6552.235137004747,0.001907244772766039,96.69515670160679,132.28481596787168
10216800.0,6560.593086462015,0.0009756574810650743,96.69140883379245,132.32038999334424
10220400.0,6542.197313694406,0.0017592742559767905,96.70032029324953,132.36596439460902
10224000.0,6556.042452904935,0.001217246461506248,96.69335893354223,132.41555223166395
10227600.0,6554.945266646255,0.0004269037294995802,96.69202647117797,132.44788682331935
10231200.0,6540.796430204909,0.001416070758846402,96.69761603397329,132.4961168773002
10234800.0,6558.698278971499,0.0005686741979059469,96.6872402702897,132.54236186722574
10238400.0,6548.102015724184,0.0008931773214131253,96.69065214897515,132.57851354923812
10242000.0,6542.9024888012855,0.0008534977251748677,96.69274151288108,132.6318974938225
10245600.0,6558.64395718105,0.0005316890310335615,96.68457357241347,132.6724975630556
10249200.0,6542.311516844504,0.0018053822718936123,96.69372875541468,132.71092953901348
10252800.0,6546.24949537613,0.0003600145531302269,96.69210614306195,132.76312372926256
10256400.0,6555.529456340152,0.0009490777760254408,96.68759269618221,132.79876136010645
10260000.0,6537.407773960792,0.0024306649780860626,96.69703172480394,132.84224172617888
10263600.0,6550.086490509823,0.000781542174384272,96.69101278989804,132.8910958726956
10267200.0,6549.488487060268,0.0013158586602090177,96.69064177350451,132.92510736937078
10270800.0,6535.333335412686,0.0026568306509396913,96.69687714504381,132.97399940697795
10274400.0,6552.354736675473,0.0012295724194724285,96.68532333860962,133.01931451319143
10278000.0,6541.677543528836,0.0016699150318725405,96.68882738881003,133.05394957393452
10281600.0,6536.465522412154,0.002412669227737692,96.69013143186956,133.10574406300705
10285200.0,6551.811768703978,0.0012398108839224964,96.6808802472986,133.14559780890946
10288800.0,6534.176757550818,0.0018536894124086504,96.69080979605326,133.18438414303375
10292400.0,6539.618406136096,0.0017393052699879712,96.68768395985713,133.23633058979323
10296000.0,6547.358329378597,0.000786395630204631,96.68485946131307,133.2720909590025
10299600.0,6528.635351544047,0.0017916609325567187,96.69455882087794,133.31804468098414
10303200.0,6542.8106983198095,0.0009389505296724424,96.68757238493845,133.36767114543332
10306800.0,6539.53402937644,0.00019520970788912908,96.68867189854251,133.40208199352003
10310400.0,6526.25510029831,0.0014114131242146078,96.6938019489328,133.45225061252762
10314000.0,6543.813211760494,0.00027675027234961316,96.68455844187164,133.49638176413978
10317600.0,6529.891164487176,0.00110409957293943,96.68775192200015,133.53132366155558
10321200.0,6527.884340883651,0.0008171435276216017,96.6891085485052,133.5842733833457
10324800.0,6540.80922323659,0.000541243603044291,96.67898100700113,133.62462586822744
10328400.0,6521.0407839898735,0.0020003512946884993,96.68778650615722,133.66741531597546
10332000.0,6530.191872470225,0.0004629682318122544,96.68230411651409,133.71926337497433
10335600.0,6532.653240263178,0.0008783092294060973,96.68064247543884,133.7545609026596
10339200.0,6514.670190484765,0.0023163524009033433,96.6897402500685,133.80190376924915
10342800.0,6530.986583120234,0.0007064675047332026,96.68130692823058,133.84812865498637
10346400.0,6520.380693923866,0.0012025462490377879,96.6856056599968,133.88359209950707
10350000.0,6511.535764576962,0.0019108620681244119,96.68853469432015,133.9352956396867
10353600.0,6526.093683229584,0.0006571373157020031,96.6801623228158,133.9752835154674
10357200.0,6505.566698715228,0.0016813068626273778,96.6874187799996,134.0152127214333
10360800.0,6509.0192054590225,0.0009174199603208021,96.6823777199846,134.068124575868
10364400.0,6510.293770753291,0.0003953206209578406,96.67527795794602,134.10423337890143
10368000.0,6486.107983862757,0.0019987252846897785,96.68104075757799,134.15104753714203
10371600.0,6472.719212959902,0.0017397457845171448,96.66661951139494,134.1993685762537
