Elapsed_s,Altitude_km,Density_kg_m3,Inclination_deg,Eccentricity,RAAN_deg
0.0,380.0000660690035,6.112188478037284e-12,96.7,9.99999993922529e-09,11.5
3600.0,386.79246985458514,3.9822416714136005e-12,96.70586531492175,0.0008180536293151605,11.5356271228973
7200.0,391.7183863085435,2.967420423795763e-12,96.70977863787314,0.0014989019744066252,11.58229507601358
10800.0,381.15931669251853,5.572419096753657e-12,96.70226080385326,0.0004113415721488799,11.620697389811902
14400.0,381.0659054128659,3.8625974549041255e-12,96.70709680287838,0.0001689604117531091,11.653294544069583
18000.0,394.1771929986041,3.226619312039462e-12,96.71380291171212,0.0018859928082200724,11.69853506564931
21600.0,384.667054389757,5.006298303306432e-12,96.70772023941025,0.0009202132036885103,11.742513723960904
25200.0,376.01737329983115,4.019501948405569e-12,96.7067387035371,0.0006451994900685423,11.774095017229858
28800.0,394.06563174327624,3.5710049900218492e-12,96.71333502217018,0.001972845470400927,11.814664175618597
32400.0,389.2117234765253,5.294927517055069e-12,96.70989849876005,0.0014853991150881104,11.861241827563864
36000.0,373.1918606386661,4.41624300573658e-12,96.70262645020601,0.001015366058756502,11.893996196905569
39600.0,391.76176125045924,4.022473258536416e-12,96.71031825611335,0.0017878797592066785,11.931245726865367
43200.0,392.88286145065706,5.288654619130332e-12,96.70948927181931,0.001885022422628829,11.980041747570231
46800.0,373.7762710871928,4.410502875925661e-12,96.70163862167966,0.0009029076209702419,12.017670510419464
50400.0,387.437591102835,4.6850129277669706e-12,96.70622324266635,0.0013031577716315055,12.051607895357812
54000.0,394.74316683811116,4.603809356727628e-12,96.71225302178175,0.002042488609726889,12.096808153229867
57600.0,377.01687233890146,3.7118264430301e-12,96.70603703017117,0.0005149806788428592,12.138348905907836
61200.0,383.24466350428906,5.571147357635077e-12,96.70690557940016,0.0007983820697857444,12.170144905547224
64800.0,393.80240834605775,4.248294588213978e-12,96.71476292141494,0.0018528757007643783,12.211526353570802
68400.0,382.0407228096723,3.079939877615936e-12,96.71074035127354,0.0002463936562116982,12.256659060554538
72000.0,380.5636145735146,6.1120301259197144e-12,96.70628186751948,0.00034000605087546173,12.289184024313256
75600.0,390.1753722898777,4.032499347287415e-12,96.7136173392714,0.001327665165277903,12.327411688207455
79200.0,387.3917268066117,2.9137984468986764e-12,96.71093605610491,0.0009265120907589042,12.3742494625469
82800.0,380.33923683971733,5.9644375345723244e-12,96.7032686574086,0.00011695248408214737,12.409998443828007
86400.0,384.77411070243716,3.988870217489059e-12,96.70736941498245,0.0005857677706587572,12.444339008854785
90000.0,392.0153965804543,3.067228477670593e-12,96.71121337392313,0.0015990330512537254,12.490248346185517
93600.0,382.237898570294,5.307357528334619e-12,96.70359077406805,0.0005924654539160359,12.529633301711423
97200.0,378.90935666530055,3.943329566175755e-12,96.70730003165832,0.00021722206955400938,12.562152329034399
100800.0,393.93215791933824,3.3077033040164038e-12,96.71483826219347,0.0019385711648477989,12.60610275728402
104400.0,386.09199527161695,4.877335321792086e-12,96.70959868902038,0.001144840706556488,12.650642691745668
108000.0,374.2135197171415,4.1267615015165825e-12,96.7080178569399,0.0008370407082568771,12.682901260918808
111600.0,393.24449181655183,3.642190344635846e-12,96.71577909825665,0.0019741110459949463,12.723008833567556
115200.0,390.52148123451553,5.2854554232021154e-12,96.7136820640661,0.0017031974139163199,12.770101315844977
118800.0,372.0436931226729,4.525527865616751e-12,96.70599863868917,0.001136979454131777,12.803346558771008
122400.0,390.5555394895598,4.139202197944656e-12,96.71252608161632,0.0017539751909297575,12.838751495014586
126000.0,393.6709343239307,5.099101313556355e-12,96.71272680160853,0.0020496277399606167,12.887001890748492
129600.0,373.3284820901624,4.346892986700796e-12,96.70458122469243,0.0009388209721556628,12.926192497802353
133200.0,386.31059232700557,4.895980862112721e-12,96.7070883886226,0.0012774346928633314,12.959819079053803
136800.0,394.83929178120803,4.388227851586295e-12,96.71384887490818,0.0021056682231558616,13.00481594072111
140400.0,377.2632921584429,3.5085215776591015e-12,96.70760565298579,0.00044553111540686954,13.047601578116035
144000.0,382.3626137140061,5.782113832565814e-12,96.7076559690136,0.0007647796279029202,13.079539011421327
147600.0,392.99617247720533,4.124456092855197e-12,96.71623121156453,0.0017936157445925989,13.119873556621602
151200.0,382.5811350597313,2.9873722229986318e-12,96.71286906032819,0.00032479828878551184,13.165576839626526
154800.0,380.3223102991752,6.13469799316058e-12,96.70825825925368,0.0003034396124065658,13.198821033312232
158400.0,388.52624023482394,3.9788128765652375e-12,96.71563403031368,0.00115431843863812,13.235293046058299
162000.0,387.87961382192583,2.9633365432310035e-12,96.71534396419707,0.001041516477394128,13.282329497594937
165600.0,380.8719323161614,5.794793044908416e-12,96.70697845148148,0.00025970900165099374,13.319798317459496
169200.0,382.7361926557683,3.990200122624234e-12,96.70998847656209,0.00035679815139095145,13.353242881119408
172800.0,392.0306749904807,3.1719659714089226e-12,96.7133261634867,0.0016720520272695898,13.398443188830718
176400.0,383.4240774105506,5.0949340203194965e-12,96.70596557449792,0.0007928942533414607,13.43886412472223
180000.0,376.89542786003784,4.005719064287217e-12,96.70737513620143,0.00043089935064953853,13.471256992053588
183600.0,393.5431344427759,3.3718089986263614e-12,96.71593599388581,0.0019838788978866735,13.514026636459601
187200.0,387.43567856686286,4.819227127377708e-12,96.71147328820088,0.0013629327826154272,13.558991083231508
190800.0,372.66305958981985,4.230593873486913e-12,96.70917865088639,0.0010005620993823177,13.591531797118076
194400.0,392.33694020112904,3.708273576627643e-12,96.71761293396715,0.0019693292785513687,13.63095929175667
198000.0,391.63523113135864,5.258125960053598e-12,96.71653010948859,0.001899417905335456,13.678696746946228
201600.0,371.1178207401781,4.6202521304976025e-12,96.70958421353099,0.0012253563684716286,13.713180074174726
205200.0,389.313379358883,4.266419752786652e-12,96.71425610467259,0.001715606357794486,13.747735154439479
208800.0,394.35381504894235,4.884201180899012e-12,96.71604901463326,0.002195750867896193,13.79459539482893
212400.0,372.95989023377973,4.278353918370823e-12,96.70807216195769,0.0009657197407157685,13.834384620740886
216000.0,385.38592487958556,5.085617774307532e-12,96.7091011988387,0.0012678641700789657,13.867861360750817
219600.0,394.683637794342,4.231627706788668e-12,96.71572625142902,0.0021416125951071543,13.912768804162505
223200.0,377.41405796955365,3.352991661260838e-12,96.70935295868419,0.00038243229034020537,13.95669020719099
226800.0,381.76728621621066,5.927947832817079e-12,96.70839873319436,0.0007517890714955474,13.98905349106631
230400.0,392.0346414950737,4.038391978594566e-12,96.71762134349564,0.0017167068198016943,14.02832658691795
234000.0,382.96014740362733,2.951823819511404e-12,96.71504378641737,0.00040491989967098187,14.074771523212108
237600.0,380.33583222571946,6.103231292026151e-12,96.71018794061084,0.00029840035720600673,14.108741743352256
241200.0,386.9472197465923,3.917616566037338e-12,96.71734731101814,0.000996538828144322,14.143867041892925
244800.0,388.20850430445955,3.0358319037815756e-12,96.71914042159884,0.0011494820731792416,14.191087458252037
248400.0,381.4407405678913,5.641348890498522e-12,96.71042951748343,0.0004062302833149172,14.229075463347614
252000.0,380.7747222250031,3.984679742133848e-12,96.71324387279263,0.00018080012973231726,14.262316820342008
255600.0,391.8223660776896,3.274127000721377e-12,96.71678639068011,0.0017317260661170871,14.306749973266909
259200.0,384.604886965247,4.951846922168099e-12,96.70924344026396,0.0010013714734121556,14.348392080744345
262800.0,375.0610942997646,4.066889778511146e-12,96.7082081743249,0.0006411760270262125,14.380802417070095
266400.0,393.0562862208491,3.4257153541299317e-12,96.71744247648519,0.0020287821993389423,14.422068124784403
270000.0,388.643663589616,4.812295627895191e-12,96.71311696561435,0.0015725961345358702,14.467577187491983
273600.0,371.30067438055073,4.34893916256949e-12,96.71040373617201,0.0011459441556142076,14.50076519632012
277200.0,391.4081764245806,3.774104138671471e-12,96.718951757206,0.001970417791523684,14.538782521519385
280800.0,392.54950486004367,5.209996728056532e-12,96.71924537004115,0.0020727157906809584,14.586869867201663
284400.0,370.3387338973767,4.703681130812412e-12,96.71219174443948,0.0012896717740017076,14.62306376941116
288000.0,388.1661060881158,4.396031635094432e-12,96.71673149027917,0.0016927049335242808,14.657239311472502
291600.0,394.81197185631623,4.703356663972216e-12,96.72030960085613,0.0023139489736020424,14.70312448242795
295200.0,372.64780995737226,4.196069618658653e-12,96.71117354469779,0.0009808444715408936,14.743001475952575
298800.0,384.57066228656413,5.264184705970777e-12,96.7125392147658,0.0012705957321780426,14.775882955077082
302400.0,394.2667171933612,4.141429285650098e-12,96.71814198655522,0.002149984104315901,14.820365583401461
306000.0,377.49840589687636,3.2492359269049853e-12,96.71188055472304,0.0003167668887420761,14.865519454304255
309600.0,381.41194279628064,6.0169522570296965e-12,96.70947288519801,0.0007556849871229136,14.898662531209771
313200.0,391.0314699735554,3.9735242284520895e-12,96.71861889506297,0.00164099135788996,14.937005471826255
316800.0,383.1902543340733,2.959211592223495e-12,96.7172713133635,0.00048235385182028627,14.984101303135121
320400.0,380.4895774866162,6.045795239726018e-12,96.71188462590261,0.00032540004730420146,15.018864594128429
324000.0,385.42828351304644,3.850721916413079e-12,96.71890357360694,0.0008595101425097821,15.053087588600741
327600.0,388.2978814765932,3.1233700467688103e-12,96.72179366710024,0.0012354222723717613,15.100025171529728
331200.0,382.041597604669,5.517392180332893e-12,96.71345863678518,0.0005514203832806701,15.138532024990136
334800.0,378.9576747620843,3.981953194513469e-12,96.71635602963187,0.00019831019211509197,15.17126093779292
338400.0,391.4719390343301,3.36978111673095e-12,96.72055600564705,0.001788577448801606,15.21508598612082
342000.0,385.68377201315116,4.878346648401249e-12,96.71331875666219,0.001202891170932805,15.25835317286623
345600.0,373.42149607745307,4.142181890665031e-12,96.71035561693768,0.0008295914554229634,15.290721813455708
349200.0,392.4235942622344,3.4818731917033827e-12,96.71866894687953,0.0020660887625084936,15.330557029309498
352800.0,389.72146302622707,4.830812120783632e-12,96.71470898748737,0.0017728744469726098,15.37650968736242
356400.0,370.1017503321985,4.4819462737454556e-12,96.71167582270293,0.0012717188403258326,15.41055142579079
360000.0,390.4980705319982,3.844164526489109e-12,96.71990470394958,0.0019806679652026307,15.447169464465075
363600.0,393.3235642759643,5.143647052972158e-12,96.72130132667084,0.0022277937374845644,15.494989733533503
367200.0,369.6677638979941,4.775016490977455e-12,96.71442685279358,0.0013413532093151557,15.532493753525596
370800.0,387.2112467051398,4.518264932153551e-12,96.71922879636773,0.0016884732298332796,15.566404470916256
374400.0,395.01059666978875,4.57594868209118e-12,96.72410368105294,0.00240019662716827,15.612278383801149
378000.0,372.32462207306116,4.132047226815036e-12,96.71488413557208,0.0009925905077931244,15.6525854593225
381600.0,383.8879860733189,5.404272476874226e-12,96.715828800143,0.0012779295001460321,15.68478957651926
385200.0,393.67035261929357,4.111211519568401e-12,96.72110697583973,0.0021411601911990913,15.727963823436482
388800.0,377.5057740458337,3.1964860103849504e-12,96.7155428183,0.0002578544149670051,15.774034114079313
392400.0,381.2570629365218,6.060488827475249e-12,96.71121960762609,0.0007691627103217283,15.808009764065712
396000.0,389.98755183968177,3.9229571423594915e-12,96.7199704823311,0.001569661320731761,15.845997474598109
399600.0,383.28542877274083,2.995633336344774e-12,96.71900424672393,0.0005540994672711432,15.89356491373866
403200.0,380.73497260238497,5.979319217457836e-12,96.71338028348994,0.00038585117161545903,15.92897187822058
406800.0,384.0040782067211,3.7844852267866744e-12,96.7204736631301,0.0007513955679816302,15.962688739169348
410400.0,388.180461545574,3.216263796561005e-12,96.72384723854091,0.0013017376651340423,16.00925863766111
414000.0,382.73197793712546,5.420185689017492e-12,96.71621995863114,0.0007020734139115668,16.04857653709055
417600.0,377.3680197593391,3.987535499698174e-12,96.71896485034809,0.00033706871119437015,16.080463210005654
421200.0,391.03716417017705,3.4593018403138074e-12,96.72457668852117,0.0018388935030576143,16.124033371443485
424800.0,386.6597193105909,4.858373424900073e-12,96.71761582206639,0.0013870725611603847,16.168391222133472
428400.0,371.9385555295683,4.23896413110209e-12,96.71364456561356,0.0010064190184588635,16.200803925557622
432000.0,391.66916526154483,3.548897184910179e-12,96.72039500939213,0.0020941372401063825,16.239689253836076
435600.0,390.72030417991164,4.852029406954022e-12,96.71711206927235,0.001960987670818671,16.285988195509848
439200.0,369.03494050792517,4.62222654396274e-12,96.71274649887994,0.0013833049767508557,16.320580518548255
442800.0,389.66853283783075,3.918592202919893e-12,96.7209044622435,0.0020014204059290077,16.35621857786544
446400.0,393.93554865699497,5.072595865693532e-12,96.72307721136852,0.002362544496203994,16.403652620064097
450000.0,369.0974117611899,4.831759876125807e-12,96.71653664223034,0.0013830649721163417,16.4416956858904
453600.0,386.35989391533525,4.63620167144845e-12,96.72120840589236,0.0016964149404260502,16.475371323846538
457200.0,395.05705247609075,4.494230463339157e-12,96.72677549252684,0.0024664651042780933,16.521443182342896
460800.0,372.03652574146884,4.088493868933329e-12,96.71886339065263,0.0009872724126398637,16.562816356283676
464400.0,383.2662647189632,5.521347144216063e-12,96.7183131452587,0.0012852158895822806,16.595011637694714
468000.0,393.176026725377,4.087571992800553e-12,96.72408812793165,0.002149522392132992,16.636300437346552
471600.0,377.41143886560786,3.192205756828706e-12,96.71970564675998,0.00022391846705272175,16.68225114167841
475200.0,381.2410814703148,6.072675716275229e-12,96.71359845716316,0.000788626871198919,16.716982821568195
478800.0,388.9325979212616,3.882758365646151e-12,96.72166183954644,0.001507019795668805,16.75503683621487
482400.0,383.17986251257105,3.0539206460051982e-12,96.72083347341518,0.0006085428475074481,16.8028964787694
486000.0,381.1010718861567,5.907165480159703e-12,96.71474824276048,0.00047810823316064236,16.83919467233142
489600.0,382.66815368745955,3.729571271920922e-12,96.72204597195133,0.0006734240519451102,16.872473169044422
493200.0,387.9199787945041,3.3067327935315227e-12,96.72578804091711,0.0013539251502733157,16.91897560900312
496800.0,383.45679835767953,5.348457710352537e-12,96.71873649243155,0.0008558955789302913,16.958982086713323
500400.0,375.99735675885563,4.00601840584582e-12,96.72109249663156,0.0004917026523518604,16.990230172239002
504000.0,390.5646798934742,3.545154624505492e-12,96.7281376384644,0.0018819517209247548,17.03381884440018
507600.0,387.46213606113463,4.879125675133091e-12,96.72138174684339,0.00154463468706751,17.078043019145326
511200.0,370.60364796267686,4.3528544501438896e-12,96.71709807915477,0.0011611653553302845,17.110758029360717
514800.0,390.8457779566228,3.6308039149125345e-12,96.72351335106853,0.0021204122211315964,17.149194347287466
518400.0,391.6078188118531,4.868511705217075e-12,96.72040853557358,0.0021368905468378157,17.195793037984416
522000.0,368.04664777451984,4.763022295971522e-12,96.71403619116072,0.0014890462142492166,17.230894060769028
525600.0,388.9286061416948,3.997890904870203e-12,96.7223330248112,0.0020325346799343266,17.26549179748979
529200.0,394.408959573046,5.004955074715967e-12,96.72448926229505,0.0024839773417199154,17.312815718809027
532800.0,368.5191993202855,4.883213107110138e-12,96.71825965337322,0.0014254877508434434,17.351444455805826
536400.0,385.630244470702,4.744665210227059e-12,96.72275666496922,0.0017174668858941143,17.384371371817686
540000.0,395.0183338144676,4.446396781317067e-12,96.72922411541013,0.0025255233753027225,17.4303158626236
543600.0,371.7363716381367,4.070077599296371e-12,96.72202230068537,0.000980122348679129,17.473089100364195
547200.0,382.7462209286499,5.6124906463418604e-12,96.72091323188977,0.001306382453221287,17.505455805255725
550800.0,392.7455767891663,4.074785232616727e-12,96.72795271731714,0.002170742285859899,17.54567819885282
554400.0,377.17211334384416,3.221428567996001e-12,96.72284248918166,0.00022512480325024035,17.591119204937183
558000.0,381.27741941136776,6.07828567521278e-12,96.71716838916718,0.0008330505079701449,17.625787482008125
561600.0,387.8827133690501,3.854766572600553e-12,96.72376861723744,0.001457765753205137,17.66372134387419
565200.0,382.93416646876534,3.121775892211593e-12,96.7232248880533,0.0006578984937013165,17.712030460512338
568800.0,381.55322016405023,5.834273996483399e-12,96.7165417469894,0.0005879166771697561,17.74953225819719
572400.0,381.48959576488767,3.6892658287159555e-12,96.72309404703591,0.0006475336495587779,17.782329195167797
576000.0,387.5147635233195,3.392586681565968e-12,96.72769600841471,0.0013920461127855403,17.828969927418058
579600.0,384.12300651679936,5.299575442286171e-12,96.72090195031019,0.0010034147078846608,17.8695659105701
583200.0,374.772847404995,4.040606793692824e-12,96.72283942689339,0.0006401131923941544,17.90047898594889
586800.0,389.99196850343577,3.63492644626091e-12,96.73049325096892,0.001914202788906622,17.94376904068388
590400.0,388.13809275920806,4.92054274752307e-12,96.72436924828251,0.0016798904830108126,17.987876660403234
594000.0,369.4380615757354,4.4724085241717445e-12,96.72058327920396,0.001281494784551869,18.02066499597294
597600.0,390.0399890424184,3.7244176452463815e-12,96.72700605927302,0.0021504830058546214,18.058765398651396
601200.0,392.3259945295134,4.8814896878256986e-12,96.72445515324307,0.0022933992561540552,18.105986605404826
604800.0,367.109144756514,4.897013925212222e-12,96.71661038178532,0.0015914238796918576,18.14156736940474
608400.0,388.19805999716203,4.085908283944538e-12,96.72350019809785,0.0020716221474518376,18.17517981089807
612000.0,394.78928101834856,4.943456258782642e-12,96.7256017797942,0.002597935669344496,18.222409617081315
615600.0,367.90641228447413,4.931974051590866e-12,96.71975915997938,0.0014672796378159135,18.261739339194307
619200.0,384.9993823940743,4.841672341719883e-12,96.72382419210437,0.0017518390308509713,18.2938495301492
622800.0,394.99601461392484,4.417500047302639e-12,96.73090677800833,0.002589985125032854,18.33922541203584
626400.0,371.33835560107065,4.080554856471748e-12,96.72450768754102,0.0009912639951980134,18.382930481380683
630000.0,382.35935324171777,5.6759658708704706e-12,96.72346660518541,0.0013381913359624877,18.415477691961463
633600.0,392.29870986261074,4.073011458379775e-12,96.73150978971685,0.002191181122330057,18.455799110652524
637200.0,376.67837600697777,3.284760744077713e-12,96.72585490068818,0.0002574907641550382,18.501307276348648
640800.0,381.31481238397305,6.066258892423744e-12,96.72105013241092,0.000896509606241975,18.535438760640062
644400.0,386.8864661375151,3.8491199334201445e-12,96.72646315143692,0.0014274749973380225,18.572335924891373
648000.0,382.53114961974626,3.193582980142634e-12,96.7266147245487,0.000694572276549201,18.62082809978081
651600.0,382.0047667397105,5.767888389081346e-12,96.71863473273838,0.0007019531050181046,18.65952612225002
655200.0,380.45639320197495,3.668326426253944e-12,96.72426530362746,0.0006738952674171621,18.692309471819375
658800.0,387.00172035369155,3.469678778549561e-12,96.72901376815894,0.0014199034651208547,18.73911895629794
662400.0,384.6994719528752,5.264719937455692e-12,96.72257245931468,0.0011331528288059175,18.780103124819718
666000.0,373.731296541537,4.082595246915258e-12,96.72453699073161,0.0007718432998860391,18.811103780980744
669600.0,389.29916174206363,3.72910163370152e-12,96.73213311494435,0.0019349094443573552,18.853895985395503
673200.0,388.78067885655537,4.962056379744496e-12,96.72686876642317,0.0018084885563970808,18.89833919015765
676800.0,368.49615913486736,4.581972241047417e-12,96.72381456573056,0.0013790881369556219,18.930837332729613
680400.0,389.2405276924127,3.828529053432095e-12,96.73070438296045,0.002172545650180442,18.968760719942892
684000.0,392.8994255922604,4.890089725369229e-12,96.72860904146623,0.0024285968607725456,19.016336332582284
687600.0,366.1961612017438,5.0202407228895885e-12,96.72000692656452,0.0016912300731799057,19.052309123113982
691200.0,387.44767094424674,4.181188538917579e-12,96.72499782610268,0.0021123153241290105,19.0855008626997
694800.0,395.1686325174766,4.883678463377133e-12,96.72738395941805,0.0027106828243044258,19.132557398362707
698400.0,367.2665481736062,4.978002082610174e-12,96.72118552251776,0.001518242451619624,19.172201769552295
702000.0,384.45459356439164,4.925137702801781e-12,96.7247125726664,0.0017979736981329501,19.20383980509641
705600.0,394.9935635543183,4.401475851848664e-12,96.7321498136742,0.00265567786757806,19.248753472057388
709200.0,370.87600568584054,4.110796135078203e-12,96.72646074059439,0.0010126065351472545,19.2925417266174
712800.0,382.0042073373455,5.723273122261567e-12,96.7254907614888,0.001381527556092006,19.325258704782865
716400.0,391.9260161382658,4.074019233489633e-12,96.73380742308154,0.002218963888896117,19.36601960191191
720000.0,376.10623582631627,3.3598998537642475e-12,96.72933781112944,0.00029259680425011426,19.41209382263642
723600.0,381.26128046488816,6.059146280895182e-12,96.72418575116558,0.0009547981666640581,19.44639314227077
727200.0,386.22036334131764,3.836158071653751e-12,96.72914199019948,0.001446868416818726,19.481638545955796
730800.0,381.94693744888923,3.2673523487559554e-12,96.73050273841869,0.0007061956109712938,19.529366745542017
734400.0,382.37679866525013,5.71357472497107e-12,96.72105985113666,0.0008055895378028724,19.569034372870497
738000.0,379.5775264559243,3.66608948398739e-12,96.72574483146757,0.0007320366768036992,19.602258174597427
741600.0,386.3380616886872,3.5397162675917358e-12,96.73030170601,0.0014301317260601975,19.649098947543887
745200.0,385.21446087226593,5.231832951772732e-12,96.72385737683751,0.0012462716775436024,19.690688116609543
748800.0,372.87865849373674,4.124146534979384e-12,96.72612949115943,0.0008825505711187326,19.721755233000824
752400.0,388.52958463976836,3.82111280309085e-12,96.7335770238824,0.0019432157344500087,19.76444994593664
756000.0,389.3375374411597,4.998072124601629e-12,96.72888440720196,0.001924795718577553,19.809246104525148
759600.0,367.7309699762904,4.676351212139483e-12,96.72604776908764,0.0014653289862788165,19.841267260720922
763200.0,388.44632636051415,3.938592446624228e-12,96.73401139203749,0.002184570961684003,19.87949446375381
766800.0,393.2762520888557,4.901818445218725e-12,96.73203388857758,0.0025314862259185273,19.926432481276407
770400.0,365.3677741278507,5.123620437442521e-12,96.72310563001852,0.0017704234543877793,19.962759833245183
774000.0,386.6742477995108,4.280324867095734e-12,96.72794595167034,0.0021540913648228246,19.996176851212393
777600.0,395.51915934425494,4.828351066798796e-12,96.73006380091707,0.002819254683869175,20.042968497760626
781200.0,366.58872733792674,5.023653714222888e-12,96.72242959719023,0.0015848998783779932,20.082886021587278
784800.0,383.97707237762995,4.994916838183018e-12,96.72604912284697,0.0018518284736234252,20.113988142826265
788400.0,395.00218880520504,4.39456595770884e-12,96.73304585431036,0.002721374159463011,20.158828459217666
792000.0,370.30462615836734,4.15847635150814e-12,96.72777721675855,0.0010494489993453419,20.20268321317267
795600.0,381.6710145597964,5.757608931209058e-12,96.72702835278932,0.0014360436343457638,20.234956058927867
799200.0,391.66997571130105,4.075064933478879e-12,96.73586430924036,0.002259743509152921,20.275940294496973
802800.0,375.51528778918953,3.435029399234924e-12,96.73228164192571,0.0003297672688559885,20.3227343314447
806400.0,381.1511565153392,6.055210879567295e-12,96.72670916905658,0.0010138273731958654,20.357416434589037
810000.0,385.85919475335436,3.828807266209121e-12,96.73268324633798,0.0015027235450255645,20.39196805772891
813600.0,381.2320998388714,3.336551063388969e-12,96.7331271957604,0.0006945829344713205,20.43877143558487
817200.0,382.65397697352347,5.676065194233008e-12,96.72417904860336,0.0008980312205078038,20.47824655776533
820800.0,378.8723751672089,3.6789923376392975e-12,96.7275869379026,0.0008056426493340403,20.511773070259245
824400.0,385.60057804540736,3.597980841292276e-12,96.7321429697736,0.00143255377208717,20.558811330576205
828000.0,385.6373889982168,5.197186109145972e-12,96.72544003805217,0.0013447438856665206,20.601384235865677
831600.0,372.23932923704143,4.156635012750949e-12,96.72712608915894,0.000974279148402423,20.632327562505242
835200.0,387.71029127513793,3.9047661289757426e-12,96.7350440340625,0.0019409042802656085,20.67523756508514
838800.0,389.7526906314193,5.026457904055513e-12,96.73066187460955,0.0020201876244663013,20.720231800076508
842400.0,367.0829434258539,4.754623060854282e-12,96.72773858492786,0.0015408868914329426,20.752040940300553
846000.0,387.6583600745854,4.048874085343768e-12,96.73612162702001,0.002194667193542522,20.790322640621373
849600.0,393.54604574656634,4.9138609138500035e-12,96.73454092885636,0.002611203077380439,20.836733490643017
853200.0,364.6826703700772,5.200725049505773e-12,96.72674169165956,0.0018307409305389542,20.87311151305719
856800.0,385.9392984869455,4.375296786885714e-12,96.73134121243258,0.0021955535242882017,20.90676250024723
860400.0,395.78725486872423,4.780988380654827e-12,96.73356144427642,0.002917813277716592,20.953681103765966
864000.0,365.8477744086179,5.07333552001284e-12,96.72459497621806,0.0016617757848760091,20.993912162601152
867600.0,383.5290039012186,5.053507711576674e-12,96.72726877668232,0.0019179558137736826,21.024468050767037
871200.0,395.057315693661,4.3913980386135694e-12,96.73361752308878,0.002793982399944249,21.069248767447345
874800.0,369.6310797395374,4.218806955047032e-12,96.7289857114516,0.0011020327371238457,21.11327075526489
878400.0,381.37994686757304,5.779124755039821e-12,96.72811358455495,0.0014996629541768865,21.14497599831294
882000.0,391.5868635132038,4.073107428408218e-12,96.7372512663156,0.002322186307967303,21.18576525193042
885600.0,374.78656410292353,3.5141940329589896e-12,96.73441464212601,0.0003841594769466886,21.2329813164491
889200.0,381.0427189464118,6.049816850803196e-12,96.72902498189103,0.0010794210326442706,21.26786851237302
892800.0,385.6474571508997,3.837656607205475e-12,96.73615563516151,0.0015678476962321538,21.30297468995248
896400.0,380.2784546086634,3.40950606125021e-12,96.73539235388206,0.0006500775406660407,21.34963541217142
900000.0,382.8267212453649,5.646206839525916e-12,96.72765958566224,0.0009926536903680535,21.38813648190474
903600.0,378.3210003591391,3.708543593997947e-12,96.7301458118696,0.0008824505630171652,21.421096014637495
907200.0,384.7906952364277,3.645348795936714e-12,96.7349726613694,0.0014229793099970894,21.46817519775969
910800.0,385.95761469088507,5.159310150873846e-12,96.72712397289204,0.0014306932142247528,21.511761142860728
914400.0,371.74874187793273,4.180214728172702e-12,96.72819186728566,0.0010611891341672222,21.54288917037963
918000.0,386.8988729222942,3.972377622537083e-12,96.73600215305542,0.0019373454745593966,21.58610465565334
921600.0,390.04386419386304,5.041269020984212e-12,96.73202505366095,0.002096096742283724,21.631085505725284
925200.0,366.5486538227509,4.813334370252078e-12,96.72929445933312,0.0016057685692106695,21.66308168511897
928800.0,386.8775092081555,4.153737190739675e-12,96.73751294532313,0.0022094183184403282,21.70116901910944
932400.0,393.82419550547985,4.920673116870093e-12,96.73649362261965,0.002690280169531291,21.7476806921609
936000.0,364.1050246237086,5.256971795948551e-12,96.7300703806946,0.0018887557856493442,21.783623127568656
939600.0,385.2487341149286,4.4628105866837666e-12,96.73485913259263,0.002229076284914569,21.81740199512629
943200.0,396.04085944712193,4.735855065207658e-12,96.73729342101855,0.003013152463195215,21.864548612297995
946800.0,364.9802330626909,5.136226934126171e-12,96.72743825081653,0.001750187428779146,21.904988669474886
950400.0,383.0802013718548,5.10308815342473e-12,96.72867328123289,0.0019968021497349686,21.935425915565553
954000.0,395.26871396038644,4.382331936292642e-12,96.73486997787725,0.002888355127267667,21.98010395887413
957600.0,368.81314999759184,4.29410591228511e-12,96.73023456637357,0.0011796171269641824,22.023919112530212
961200.0,381.1398266896059,5.788631452939924e-12,96.72877323927344,0.0015800005614199182,22.05530676469238
964800.0,391.6684272526218,4.069548441596765e-12,96.73819127976282,0.0024051751480229752,22.09606843171177
968400.0,373.92338746101734,3.595863776974335e-12,96.73585032195723,0.0004555496581969282,22.143024328669597
972000.0,380.9012170100772,6.047196397670115e-12,96.73081557573583,0.001158481110911572,22.177944704695793
975600.0,385.6133448796194,3.8589898885008965e-12,96.7383428562584,0.0016496283677980234,22.213952845547972
979200.0,379.2239042928863,3.478521808446206e-12,96.73829801954695,0.0006009485151799961,22.26101670933045
982800.0,382.82018574042183,5.638138012955729e-12,96.73099337133226,0.0010708093245737657,22.299265619034884
986400.0,378.11425573538145,3.733768174265841e-12,96.73279162043238,0.0009817802688790026,22.33100627365856
990000.0,383.8268185945488,3.688817529080974e-12,96.73847037423572,0.0013915133962829924,22.377239699761912
993600.0,386.14706855871594,5.1219277732058635e-12,96.72931869553409,0.001500371719568786,22.42149005723607
997200.0,371.37494739820846,4.194870708677884e-12,96.72951322017322,0.0011394112861022427,22.453244181653016
1000800.0,386.0221293001653,4.026893232578103e-12,96.7369105055088,0.00192946687197142,22.496737154882727
1004400.0,390.2760628624047,5.033991067811142e-12,96.73291001782063,0.0021619876920903644,22.541938204946174
1008000.0,366.0995594237662,4.853282797150366e-12,96.73069412698052,0.0016580025103340044,22.574019497728532
1011600.0,386.1114745969213,4.247604480364268e-12,96.73872746576131,0.0022256398453186638,22.612336964491167
1015200.0,394.0724428501392,4.927172812620323e-12,96.738000529064,0.0027647455397910798,22.659043182039774
1018800.0,363.5337841296554,5.305807686521738e-12,96.73206676384403,0.0019527872370453333,22.694257775983203
1022400.0,384.61601397436146,4.53967603219675e-12,96.7380491536175,0.002263350060997542,22.728522108413042
1026000.0,396.1975927395303,4.700374654657313e-12,96.74036432817398,0.0030914863376019395,22.775138773053346
1029600.0,364.0581888467172,5.207707251828037e-12,96.73028456369538,0.0018437225921978054,22.815647755247014
1033200.0,382.618659925583,5.144273556923156e-12,96.73164258551222,0.0020855590293459643,22.84673516156917
1036800.0,395.58791013474087,4.370422865298747e-12,96.73711152097395,0.0029986968058433104,22.891136145358693
1040400.0,367.80841576155484,4.389495948957081e-12,96.73103443683915,0.0012875182895298485,22.934842434094772
1044000.0,380.92287205780707,5.7898779103049845e-12,96.72999728796093,0.0016760544266278606,22.965766571226748
1047600.0,391.88154345920225,4.067272485650655e-12,96.73888775660187,0.0025043364516901217,23.006847321837647
1051200.0,372.8789166369224,3.684494095697487e-12,96.73667303462418,0.0005516818399815624,23.05351010978715
1054800.0,380.7141173490195,6.04892311998881e-12,96.73213383362014,0.0012544991802056285,23.087827753299603
1058400.0,385.77605892595165,3.887768070289745e-12,96.7402996508112,0.001753625228971505,23.124511310269014
1062000.0,378.1358763586488,3.5401243003880464e-12,96.74085853161671,0.000551115784970305,23.17213634983209
1065600.0,382.68279400904555,5.649921623893449e-12,96.73341658770084,0.0011315896335713684,23.210504328850124
1069200.0,378.25839122004635,3.756427117284761e-12,96.7363041089181,0.001099192517505702,23.241843637347877
1072800.0,382.73191529506647,3.728110776782088e-12,96.7408108036725,0.0013376037675180254,23.28710334102164
1076400.0,386.20550706555656,5.089877264380531e-12,96.73196955378295,0.0015508112176169076,23.330923075248652
1080000.0,371.15931181391056,4.197081315982764e-12,96.73122246892449,0.0012004804481889556,23.36310638190639
1083600.0,385.12736261177946,4.064357724160451e-12,96.73843440574421,0.0019188883696501752,23.407053433555717
1087200.0,390.3948747555059,5.007058004165183e-12,96.73405953334414,0.00221526890827474,23.452913897593326
1090800.0,365.78044093784206,4.869377627733073e-12,96.73170036800458,0.0017000345365071057,23.48484452786924
1094400.0,385.3341119572883,4.3282414371044624e-12,96.74005898054443,0.002236318135280259,23.52366289789338
1098000.0,394.2028529985643,4.939835834021404e-12,96.73934354764413,0.0028212955188732284,23.570440972957723
1101600.0,362.9661983427545,5.3497359565635286e-12,96.73350285129979,0.002017030565693694,23.60516473928928
1105200.0,384.0273095145462,4.605452598413057e-12,96.74014203856837,0.002306733658016335,23.63975886589585
1108800.0,396.30596025209024,4.673513357917392e-12,96.7425406503323,0.0031565757983947696,23.68589060052851
1112400.0,363.19854834616666,5.27814003259996e-12,96.73388742369988,0.0019358776416502751,23.726116158139874
1116000.0,382.1802549800281,5.173088678664557e-12,96.7352035740473,0.002171139007602732,23.757855383146214
1119600.0,395.89766563194405,4.363815935966213e-12,96.74029527345287,0.0031080866154973748,23.802381245791924
1123200.0,366.64558589413724,4.505562979193013e-12,96.73254494611976,0.0014159545294383734,23.846167432642893
1126800.0,380.6869622562997,5.787307344930263e-12,96.73136373570577,0.0017848482861662323,23.87654170868521
1130400.0,392.21866620682505,4.067465647555619e-12,96.73929611046177,0.0026191200575793705,23.917885142309473
1134000.0,371.69349224850305,3.780075806159473e-12,96.73748542333222,0.000667988994717255,23.96438355799045
1137600.0,380.4717547079648,6.055700857957295e-12,96.73318932015347,0.001356033375847381,23.997989329352485
1141200.0,386.1751487915787,3.916129742904031e-12,96.74172312541513,0.0018845588474129783,24.03489483124779
1144800.0,376.89640236149603,3.6032300927129203e-12,96.7426489727649,0.0004888349166128164,24.082887017302575
1148400.0,382.4471509132959,5.6808933015721354e-12,96.73538751843022,0.0011900251675747173,24.121140454439388
1152000.0,378.61629214308863,3.785454730189949e-12,96.73991780790504,0.001214458992920634,24.15327012501597
1155600.0,381.4029642078647,3.772754087485662e-12,96.7427287280349,0.001248882879289811,24.19847976737359
1159200.0,386.1241007172532,5.070010248556902e-12,96.73479680443033,0.0015896913602973,24.241026263903073
1162800.0,371.1157152346225,4.188362548408722e-12,96.73384930169324,0.0012431983036406055,24.272734166571592
1166400.0,384.19962790419845,4.086529508815381e-12,96.74101872658453,0.0018928807594337225,24.317017085421092
1170000.0,390.35159301205124,4.964637192150427e-12,96.73532572919525,0.0022455730949939223,24.36363501049544
1173600.0,365.59952886446376,4.861000811646585e-12,96.73270480007243,0.0017375471584741425,24.39559359884172
1177200.0,384.5794119192952,4.389550318714569e-12,96.7409976818891,0.0022397396491394017,24.435046326840116
1180800.0,394.1878790615599,4.957310380637276e-12,96.74036013150598,0.002855168153553209,24.481746207526268
1184400.0,362.4820002842664,5.380729548985065e-12,96.73480222384838,0.0020718566155158587,24.51632918412223
1188000.0,383.43345771661706,4.663235731594594e-12,96.74162404912302,0.002352842418726422,24.551053851657887
1191600.0,396.45882615652897,4.6524567198582416e-12,96.74423352776552,0.0032244579182920787,24.597292456476694
1195200.0,362.41067974640737,5.3489952186514764e-12,96.73697532552147,0.002026259832651288,24.63679680224521
1198800.0,381.7029558170166,5.194124752816748e-12,96.73869061271716,0.002243284016327147,24.668679979256332
1202400.0,396.2483011808398,4.357797448023937e-12,96.74387123273027,0.0032206886804868784,24.713795919334935
1206000.0,365.33656887061153,4.645128165727129e-12,96.73500055998348,0.001564875465088351,24.75752767819971
1209600.0,380.384899354155,5.784944721143464e-12,96.73280014907955,0.0019065010424070075,24.78772361503118
1213200.0,392.7916069200746,4.063182699690446e-12,96.7404360224745,0.0027638505226326143,24.829326336675358
1216800.0,370.3553000841321,3.888146617361351e-12,96.73843695451194,0.000809030197330823,24.875364781169022
1220400.0,380.1849066684737,6.065548295409628e-12,96.7336634989661,0.0014696070299421659,24.90842797123893
1224000.0,386.8257365220454,3.937190939326551e-12,96.7427625803337,0.0020405708378887105,24.945729170941263
1227600.0,375.5327956716834,3.66728675334099e-12,96.74378495204077,0.00043443521391923047,24.99347990055922
1231200.0,382.08004737374154,5.734967263875524e-12,96.73694183096833,0.001251870397597992,25.031382213914178
1234800.0,379.22597213401633,3.818464057339094e-12,96.7422573764412,0.0013385889193354885,25.064626602888122
1238400.0,379.9865705978329,3.814636028026008e-12,96.74541557617201,0.001141550229208359,25.11048466777667
1242000.0,385.77758465602057,5.082396746308968e-12,96.73803732078035,0.0016017759402314577,25.152269777748426
1245600.0,371.4437224547881,4.1555897917091295e-12,96.73669359165898,0.001281781917560579,25.18291483942281
1249200.0,383.1117028006478,4.1023377865231506e-12,96.74448146874593,0.0018356676310755824,25.226657363632118
1252800.0,390.0983325880957,4.914119964343374e-12,96.73720317938309,0.002246502365068453,25.27369664585741
1256400.0,365.59364708944923,4.826048994845956e-12,96.73394067953005,0.0017571021078112118,25.306102378369683
1260000.0,383.7608870480184,4.435599191894002e-12,96.74194068635391,0.002232175167201409,25.3462473068974
1263600.0,394.1107159606853,4.965936342428568e-12,96.74092486257703,0.0028760604473658477,25.393085976449786
1267200.0,362.1226853902961,5.393118502579319e-12,96.73608311618909,0.0021133784191087013,25.42741251003643
1270800.0,382.80705112914404,4.714737435216246e-12,96.74298952000547,0.0023904602913820197,25.4626705201178
1274400.0,396.62350239206893,4.644384388843204e-12,96.74557119743112,0.0032896209882875426,25.509168339459134
1278000.0,361.62775054414044,5.429299774910345e-12,96.73869684003155,0.0021239870235693487,25.54763407607146
1281600.0,381.18787148704047,5.2068352790047595e-12,96.74190056153164,0.00231454667276023,25.579898575268196
1285200.0,396.6004486436592,4.354119565216548e-12,96.74692992402719,0.0033253518449970062,25.624973752608152
1288800.0,363.99161122347664,4.801428077903463e-12,96.73775036747669,0.0017276883594281132,25.668421126875277
1292400.0,379.9963068947925,5.783367194926311e-12,96.73591626335059,0.0020418466766284004,25.699306977831217
1296000.0,393.5832496906494,4.0568357653583374e-12,96.7426779320804,0.002935711051720843,25.740958509101894
1299600.0,368.81478267766346,4.019097455715448e-12,96.73891122545879,0.000987100328383756,25.78673322262522
1303200.0,379.8435909131883,6.077987971458988e-12,96.73478797350207,0.0016035914610390437,25.81901485118284
1306800.0,387.71087209442885,3.946807721439467e-12,96.74367147625041,0.0022194339387103523,25.85706121893084
1310400.0,373.9948335647192,3.737841569252101e-12,96.7443815345904,0.0004262572610776216,25.904526835337954
1314000.0,381.5902487486811,5.8100186366727325e-12,96.73804136304913,0.0013302960368079628,25.941433749955422
1317600.0,380.13493100640846,3.851329892479886e-12,96.74440868297664,0.0014855801427380703,25.975562430050275
1321200.0,378.54985381369625,3.8501921109190605e-12,96.74792218439721,0.0010156815144845056,26.02229090079844
1324800.0,385.2129258777187,5.132353351395003e-12,96.74044134499206,0.0015867593099020666,26.063750982879718
1328400.0,372.21606198803147,4.101270674879703e-12,96.74039013186206,0.0013269130874990621,26.094013162217546
1332000.0,381.87032764929904,4.117241789539417e-12,96.74695152745102,0.0017439973109602987,26.13706146799482
1335600.0,389.67918158851717,4.859686578506539e-12,96.73953932115884,0.002223482709241252,26.183544466744657
1339200.0,365.82647949597424,4.761765640158485e-12,96.73577111638772,0.0017575819630143573,26.216198127592737
1342800.0,382.8913151698475,4.4638463396174565e-12,96.74360355507602,0.0022114005829349174,26.257194927724562
1346400.0,393.9260978020814,4.9593759455938035e-12,96.7418416282683,0.0028821926342645025,26.304564411410155
1350000.0,361.9241988277307,5.380404333636875e-12,96.73712857322708,0.0021455798367499,26.338412723520054
1353600.0,382.13967150104224,4.759991248091406e-12,96.74454481458027,0.0024168072470998367,26.374436276150913
1357200.0,396.7207476519274,4.658024103968885e-12,96.74680137313104,0.0033397767600399945,26.421170353927675
1360800.0,360.8646637931444,5.516633747786968e-12,96.73989210575388,0.0022243774576033246,26.458763291374048
1364400.0,380.6915814307178,5.2066893754943995e-12,96.74426023236508,0.0023947074925895315,26.491445443281453
1368000.0,396.98668426688516,4.349718731995139e-12,96.74916975451279,0.0034240637850512746,26.53630616262518
1371600.0,362.71563125324315,4.966502805479395e-12,96.74119894688525,0.001891896668893777,26.57919177195391
1375200.0,379.5705970102174,5.775367681257303e-12,96.73975317510687,0.002175415224046864,26.610732981708416
1378800.0,394.438880037551,4.059630610442452e-12,96.74596076716963,0.0031132206282689467,26.65280952528126
1382400.0,367.1111461698883,4.1778905961961324e-12,96.74009075339008,0.0011966014808281538,26.69855188570426
1386000.0,379.4520959138397,6.090722357160416e-12,96.73641908523433,0.001754583165564814,26.729992761652554
1389600.0,388.78991377835507,3.944934297537636e-12,96.74432494077743,0.002419535846218337,26.76866268988111
1393200.0,372.318688257609,3.8160003306972825e-12,96.7450312289457,0.0005008311143170304,26.81598814739925
1396800.0,380.9936766009648,5.900667021537315e-12,96.73908972269898,0.0014254440453738849,26.85177069737778
1400400.0,381.3588453882443,3.87966237093006e-12,96.74617336965612,0.0016682685931415661,26.886364961292273
1404000.0,376.94615747193194,3.890418064662481e-12,96.74971868621064,0.0008631566775420647,26.933775748187188
1407600.0,384.5078969616441,5.220691075275554e-12,96.74222046833395,0.0015684988500270728,26.974720551491284
1411200.0,373.30742797645246,4.043413136313603e-12,96.74431210114746,0.001378048876826861,27.00571839099522
1414800.0,380.3736655860202,4.140341243464149e-12,96.74897044039054,0.001612798057780813,27.049042612529284
1418400.0,389.15459575601983,4.811668027975419e-12,96.74202334371334,0.0021875852001217192,27.094089491119746
1422000.0,366.2902049040371,4.673903025286011e-12,96.73862425283193,0.0017424590749176088,27.12605699901583
1425600.0,381.9691430240404,4.4740709774100306e-12,96.74639112204588,0.0021658787583450165,27.167857777306676
1429200.0,393.57189786270095,4.932176561670962e-12,96.742964121962,0.002863110640652041,27.21584150606988
1432800.0,361.88516646810257,5.3399501913484556e-12,96.73815157219059,0.002171458123919796,27.249358152890498
1436400.0,381.50524754423236,4.791098532526616e-12,96.74580011450664,0.002430439180068534,27.2862817770274
1440000.0,396.66088662991854,4.698001704175299e-12,96.74777509850405,0.003363248794233478,27.333156439961172
1443600.0,360.21757562964405,5.595694069764881e-12,96.74106533935498,0.0023127424045425093,27.370172236477025
1447200.0,380.2074674419725,5.19627688818585e-12,96.74613937572471,0.002472631201083323,27.403161333480952
1450800.0,397.4080478159415,4.346161098199931e-12,96.75096967185782,0.0035238813562978107,27.44831450490489
1454400.0,361.5305742587553,5.1392124964889266e-12,96.7440970085542,0.0020503160334767144,27.4902730342877
1458000.0,379.0793603328431,5.760482289830656e-12,96.74337070146584,0.0022929788720609592,27.52173922127976
1461600.0,395.3399480228823,4.0708962129602075e-12,96.74975864253358,0.0032926943541211813,27.564880165890816
1465200.0,365.2987312465771,4.368274519760213e-12,96.74245246463832,0.0014298644807874442,27.61037785263185
1468800.0,378.9862415981016,6.103936403390505e-12,96.7381088416566,0.0019154022098156307,27.641405706352092
1472400.0,390.11540209025486,3.92906964710658e-12,96.74573364968899,0.0026489467581133005,27.680688774817195
1476000.0,370.5146980686076,3.907232382333405e-12,96.74592060573575,0.0006542603236280796,27.727566846699418
1479600.0,380.32594609234695,5.997629853173906e-12,96.73957185187444,0.0015392913445625431,27.762418253866528
1483200.0,382.86587939812046,3.89942024628654e-12,96.74759956537542,0.0018840582472417179,27.797665743743416
1486800.0,375.2209192077339,3.932388343866797e-12,96.7508975405047,0.0007058646859458748,27.845113226395494
1490400.0,383.6502924314793,5.351364253231823e-12,96.74369061793443,0.001558634355714517,27.885292667913923
1494000.0,374.69888988309594,3.991563860002404e-12,96.74699344611442,0.00145087486811653,27.917397100274137
1497600.0,378.77588928859547,4.1616957288630674e-12,96.75182397543367,0.001455442542894984,27.96175718081671
1501200.0,388.34801285996633,4.802634569896483e-12,96.74522462509516,0.0021225129906384324,28.0056923379189
1504800.0,367.14391753763556,4.557014674926162e-12,96.74174901735213,0.0017174476652599268,28.036464261367783
1508400.0,380.88851915164014,4.4705462769177945e-12,96.75018096294507,0.0020834635347242204,28.078201093775817
1512000.0,392.9488360661439,4.885671666752402e-12,96.74471445419049,0.002806870083739307,28.1265043525259
1515600.0,362.093531321397,5.2610447409725865e-12,96.73951086008262,0.002169980846553116,28.160100412541134
1519200.0,380.81433061687,4.8124016522361036e-12,96.74709974177378,0.002424677627569262,28.19802107019453
1522800.0,396.4559944256078,4.7536533309024825e-12,96.74831501821141,0.003361259327618328,28.24521587224397
1526400.0,359.78504346757575,5.647157336376932e-12,96.74236701710497,0.0023768146555145516,28.281531137941027
1530000.0,379.6788970568859,5.183774877565212e-12,96.74791896994155,0.0025292058587998998,28.31521123879701
1533600.0,397.76469387251575,4.3561046976909636e-12,96.75247034909731,0.0036105203124740075,28.360867211205626
1537200.0,360.4214607812285,5.321303266256274e-12,96.74572170225854,0.0022070172394772812,28.401517135559825
1540800.0,378.520204755031,5.735668985310385e-12,96.74679734216046,0.0024014148230866793,28.433136170134933
1544400.0,396.2044589499549,4.091397791114043e-12,96.75313968106727,0.0034561061352373643,28.476751790596975
1548000.0,363.5196414387236,4.584573494769926e-12,96.74520696250255,0.0016702648401017732,28.521750025122447
1551600.0,378.38296763473375,6.1209928211794016e-12,96.74141295220169,0.0020865066469394713,28.553239145610657
1555200.0,391.6488699668312,3.907293217643421e-12,96.74831179810644,0.0029017922203653772,28.59295617560498
1558800.0,368.53477423562447,4.0252037655930226e-12,96.7463744952808,0.0008762050589913149,28.639562315451258
1562400.0,379.5531019393204,6.097662180630201e-12,96.7406927556988,0.0016802608583337568,28.673240836972127
1566000.0,384.6167016333464,3.905285336578547e-12,96.74895970775476,0.002127533411566482,28.709522407252635
1569600.0,373.33734517025226,3.9791906502371546e-12,96.75157368910567,0.0005810114533539083,28.756909839065866
1573200.0,382.6145902434615,5.524141691317748e-12,96.74470076958787,0.001571736381045006,28.7956920052679
1576800.0,376.4250684151267,3.9496648400783825e-12,96.7495071700356,0.0015606430952488433,28.828690707210257
1580400.0,377.1560486127257,4.175124618611482e-12,96.75458948557007,0.0012679055502497784,28.87434432052128
1584000.0,387.22141070948527,4.855510849269687e-12,96.74768771703779,0.0020238580843122173,28.917622444283193
1587600.0,368.5096923004588,4.4122528855685045e-12,96.74573144692401,0.0016894073294303584,28.947835607119487
1591200.0,379.6396160375874,4.464960689828642e-12,96.75306268259976,0.001955371238227794,28.989277184172035
1594800.0,392.05398648472055,4.8230183228256895e-12,96.74696361391213,0.0027145717309697026,29.0369963124774
1598400.0,362.667133693436,5.134315151754469e-12,96.74162733525422,0.0021376516505769196,29.070512477801124
1602000.0,380.0209382362845,4.823304345508989e-12,96.74918804779526,0.0023885571743956524,29.109624251317516
1605600.0,396.03580348955273,4.811549311765858e-12,96.74925047602403,0.0033293057075764448,29.1574454161028
1609200.0,359.627957772199,5.653882139708061e-12,96.74348883115844,0.0024158102600431437,29.192857680753388
1612800.0,379.04818156957134,5.177529515390691e-12,96.74992243492697,0.002560770272175123,29.227460937558053
1616400.0,397.97761391203363,4.393033552028799e-12,96.75388259624742,0.00367096750607466,29.273650940002916
1620000.0,359.42405178114177,5.505543528748017e-12,96.74684609244058,0.002356110498346964,29.313088546392635
1623600.0,377.93513723016224,5.6951943324371205e-12,96.74959782369847,0.002508285212600357,29.345067376068098
1627200.0,397.0497475865019,4.1137966554022756e-12,96.75571773434032,0.003605366197559835,29.388825166329283
1630800.0,361.8587996249187,4.822815410073001e-12,96.7485883752009,0.0019064186187531492,29.433110604425934
1634400.0,377.67471686342674,6.1337939003772954e-12,96.74553241105843,0.0022567353863480175,29.465010826575867
1638000.0,393.2370264391261,3.897312399878251e-12,96.751979267377,0.003158518323622907,29.505522979852902
1641600.0,366.3954639302353,4.183203384627601e-12,96.74752495414508,0.0011517279045677464,29.55207025849944
1645200.0,378.68489807721335,6.193779282996198e-12,96.7426107873654,0.0018494661845394457,29.584544443825187
1648800.0,386.57319031056346,3.8934101432742515e-12,96.75007907421865,0.0024001731498092213,29.621746505365323
1652400.0,371.3004459897528,4.033356019058012e-12,96.75230995618954,0.0005631540291279975,29.669181451672813
1656000.0,381.39844848354966,5.730788143753507e-12,96.74579692030731,0.0016201798343734367,29.70641162641432
1659600.0,378.5198143745524,3.917743426381573e-12,96.75174998641172,0.0017327440504991709,29.739975838015095
1663200.0,375.3278411376936,4.195061404650216e-12,96.75664627018067,0.001044230636872537,29.7867074102993
1666800.0,385.85069105835146,4.981699449481772e-12,96.7494239524865,0.0019184102613259875,29.829154419907756
1670400.0,370.3205397563356,4.259344026182483e-12,96.75003535686989,0.001664970401658046,29.859919275141813
1674000.0,378.07433605879936,4.467758350511504e-12,96.75542729054233,0.0017756454174259714,29.902020420991214
1677600.0,390.9715795375795,4.756879821883036e-12,96.74936537510153,0.0026007886432010464,29.948212820735257
1681200.0,363.6113705092525,4.9660326078610115e-12,96.74473063856858,0.0020773762565624073,29.980734412296673
1684800.0,379.11064399237085,4.820345495926909e-12,96.75241552637378,0.002308640218018269,30.02110057533804
1688400.0,395.3553911516663,4.8488651554080355e-12,96.75040970365451,0.003260884112097967,30.069544154276517
1692000.0,359.7415230750781,5.607274785294005e-12,96.7446223939825,0.0024363354528277063,30.10420521637074
1695600.0,378.41345280233475,5.169887083867938e-12,96.751651829264,0.002566730990424192,30.139915980770088
1699200.0,397.9451288863508,4.468632867639112e-12,96.75501680946996,0.0036923252458537373,30.186539568038445
1702800.0,358.63124682629035,5.670672611892156e-12,96.74801600024621,0.002483551722230752,30.224995679621262
1706400.0,377.36148245317895,5.638148915904443e-12,96.75197057681545,0.002603870904878782,30.25733412800055
1710000.0,397.8491797097142,4.138919167928269e-12,96.7578043340697,0.0037466747071892323,30.301682671753174
1713600.0,360.3335375453853,5.081884149057617e-12,96.75142270486832,0.0021330497043316674,30.344867268804652
1717200.0,376.9074379298321,6.13071901079092e-12,96.74940623322239,0.002410837763133884,30.376424803792542
1720800.0,394.8271199357596,3.9067087069651484e-12,96.75617188166756,0.0034134422821854144,30.418434952329207
1724400.0,364.1618609931345,4.393061818359268e-12,96.74989896401927,0.0014628490922711655,30.464646304357444
1728000.0,377.76527068606606,6.276390756609992e-12,96.74460055705744,0.002036054229250314,30.49639332490364
1731600.0,388.76740625215416,3.861010137924144e-12,96.75191024060724,0.0027086655240897545,30.534532407189836
1735200.0,369.1231408306224,4.103001788613929e-12,96.75327107500704,0.0007059755548207441,30.581626440364026
1738800.0,380.1044223520918,5.947502801690993e-12,96.74637456140259,0.0017123058295668264,30.617525114969585
1742400.0,380.9525462177807,3.8931021646470815e-12,96.7536499886955,0.001973467345759819,30.651921216378994
1746000.0,373.33554204186487,4.218055936066108e-12,96.7580130559375,0.0008172591536145789,30.69900837191795
1749600.0,384.2947211476464,5.184678369939864e-12,96.7508793031422,0.0018328997700792417,30.740326500588978
1753200.0,372.54469074735727,4.115136167431343e-12,96.75311140747631,0.0016807491917648066,30.772127082831542
1756800.0,376.3396954506637,4.4718795509296665e-12,96.75857405506058,0.001556168831153085,30.81565005705402
1760400.0,389.5509422870184,4.736057983416201e-12,96.7525556432581,0.0024553587850992126,30.86049510343342
1764000.0,365.06010486635455,4.763023024641474e-12,96.74810762621301,0.002000642318135548,30.89158004164797
1767600.0,378.0011795501889,4.799387952480555e-12,96.75662974169778,0.0021788801895882464,30.932352835050768
1771200.0,394.31325414625223,4.849389460948108e-12,96.75211684377402,0.0031436440323229565,30.98108353398574
1774800.0,360.2394988492681,5.490909238200861e-12,96.74615560600506,0.0024165825019974584,31.015421883907834
1778400.0,377.74029223939976,5.161073000474516e-12,96.75336669994421,0.0025395546471110807,31.052404867836035
1782000.0,397.62606179259467,4.577775092613379e-12,96.75561015210837,0.0036685796090587443,31.099573102186408
1785600.0,358.1929331892724,5.78012989406037e-12,96.74934143577138,0.0025689437815782103,31.136895304991736
1789200.0,376.78384760907244,5.5745300328880615e-12,96.75416894483357,0.0026636541394551958,31.170022575665556
1792800.0,398.436719849849,4.1811351565298e-12,96.75950218472578,0.003855819656729571,31.215184086413394
1796400.0,358.9908653604819,5.3526106831503545e-12,96.75297808639324,0.0023451946251264993,31.2567810586486
1800000.0,376.131932982468,6.0995953425293766e-12,96.75310608364077,0.0025463611863660806,31.28830306501876
1803600.0,396.26158066924455,3.941884811669999e-12,96.75988051966971,0.003637331252620386,31.3312358361386
1807200.0,362.0330507751587,4.651326566217194e-12,96.75258904517506,0.0017769552832696382,31.37680963923245
1810800.0,376.75511825796843,6.344863687205838e-12,96.74804165659778,0.002236230069986723,31.40871418569132
1814400.0,391.1089052726488,3.822491464359185e-12,96.75484243130418,0.003038022676156552,31.447661782631588
1818000.0,366.79190083214326,4.207615765377712e-12,96.75370545181896,0.000977311226453417,31.494505867205447
1821600.0,378.740077910204,6.156369753958884e-12,96.7475042371611,0.0018546176288470155,31.528853326340638
1825200.0,383.6354399306,3.868683517800948e-12,96.75541617893178,0.0022673658712156425,31.564526240954642
1828800.0,371.176013598761,4.244591145127846e-12,96.75875478545026,0.0006575853063830355,31.611788342853867
1832400.0,382.5629136651409,5.457577934790764e-12,96.75180139171194,0.0017935497330225255,31.65132971174137
1836000.0,375.1729532338844,3.9934481400931024e-12,96.75595154515518,0.0017659180316794809,31.684034082724704
1839600.0,374.55671690721124,4.467825104240873e-12,96.76154446571165,0.0012981519851036787,31.72923029950776
1843200.0,387.7432124847366,4.805752484658481e-12,96.7549589745018,0.002278632240281473,31.773143044713954
1846800.0,367.14415001632557,4.530620969033744e-12,96.75231206314939,0.0019243967251987508,31.8034735310303
1850400.0,376.7046921405636,4.77440751198451e-12,96.75983257344267,0.001991141521689389,31.84434626924145
1854000.0,392.87254173159215,4.811707077167688e-12,96.75424446511443,0.0029764242773707567,31.89243470622007
1857600.0,361.28114521141373,5.295543206049431e-12,96.7484342549277,0.00234947056591183,31.926359172089864
1861200.0,376.95373180347275,5.149319384968916e-12,96.7557978615096,0.002461685195365615,31.96486679185031
1864800.0,396.90912246998244,4.7014331659841335e-12,96.7564829981053,0.0035903098790345265,32.01277353460453
1868400.0,358.2250233313384,5.799157376450379e-12,96.75044771811717,0.0026044441921805363,32.048770343237976
1872000.0,376.10775783019193,5.524473689004787e-12,96.75651547433912,0.0026782525848785092,32.08298838575102
1875600.0,398.6954890651598,4.256987674485825e-12,96.76097549711677,0.003913654783641075,32.12896912698843
1879200.0,357.9250201399068,5.611090623611481e-12,96.75397052604426,0.0025288311630625154,32.16899642351963
1882800.0,375.36557321759716,6.0362316154887875e-12,96.7562186181933,0.002662466588004197,32.20084696985289
1886400.0,397.50695916631435,3.991901335607566e-12,96.76264309151736,0.0038253401410768793,32.244276977066505
1890000.0,360.13461301609766,4.950798135885985e-12,96.75578462807945,0.002074820276300449,32.28895895723249
1893600.0,375.6669978782616,6.391645850846483e-12,96.7522985551353,0.0024338937408170756,32.32102599526412
1897200.0,393.4001265480737,3.805050329444825e-12,96.75875920817832,0.003361981939136783,32.3611454869702
1900800.0,364.340565388456,4.372125806019096e-12,96.75469906176976,0.0013234761306851884,32.40788827332241
1904400.0,377.3036312766683,6.343136145360073e-12,96.74950059780296,0.002042301478708976,32.44067792188684
1908000.0,386.4837920553314,3.835105516191771e-12,96.75683007587301,0.002604893053423285,32.47757220385724
1911600.0,368.8540340264444,4.2798613490633055e-12,96.75941346854108,0.0006819421669872093,32.52502849393717
1915200.0,380.6336899573782,5.781694824560746e-12,96.75280523428269,0.0018200408630940574,32.56261692102211
1918800.0,378.21278520473646,3.901345018387762e-12,96.75849046461049,0.001952835612460291,32.59601762583172
1922400.0,372.5283633145791,4.46703330638561e-12,96.76364870995869,0.0010100473244232919,32.642611287336464
1926000.0,385.60904694518126,4.994142224974762e-12,96.75650506343099,0.0021047772804330873,32.68537030283626
1929600.0,369.81436769049486,4.292882728695062e-12,96.7568234094648,0.0018654196315232218,32.71614624186361
1933200.0,375.04051301051544,4.755421986760728e-12,96.76232786972355,0.0017397162932916391,32.75804136743272
1936800.0,391.11314275380613,4.764343265878397e-12,96.75642606094712,0.002780100091711235,32.80443912614299
1940400.0,362.889073273482,5.035841466112191e-12,96.75159778032877,0.002239612917848981,32.83711020370228
1944000.0,376.0047463742799,5.127007800551585e-12,96.75924532276456,0.0023178929567609615,32.877281956425975
1947600.0,395.7551461047226,4.798382515495715e-12,96.75745099003178,0.003454767460755442,32.92580125617116
1951200.0,358.7321940362263,5.714419043688143e-12,96.75154233028532,0.0025998440878069184,32.96065640911787
1954800.0,375.4200889459907,5.485799234953169e-12,96.75849107160907,0.0026451913275841715,32.99624587741292
1958400.0,398.50478251172103,4.383238686493087e-12,96.76200253851674,0.003905676861123033,33.04286465803644
1962000.0,357.24629294201037,5.8172357270454475e-12,96.75496858988943,0.002667167015207299,33.081501444445564
1965600.0,374.64753288195,5.944711388530443e-12,96.75882274715576,0.0027476923844530045,33.11380516546927
1969200.0,398.50384011508106,4.0519100541616845e-12,96.76472644348571,0.003980800040023784,33.15812777374198
1972800.0,358.5011060073903,5.280914676124823e-12,96.75836221522152,0.0023472234611445343,33.20143198662234
1976400.0,374.5835529948979,6.398238169432036e-12,96.75627468971535,0.0026060905870871716,33.233011237943344
1980000.0,395.5360320365203,3.824830680416813e-12,96.76305175401853,0.0036689953220849295,33.275017747703615
1983600.0,361.85918412252994,4.619836651863953e-12,96.75679241987564,0.00170490495138552,33.32129284449952
1987200.0,375.8784389964869,6.4894742414835215e-12,96.75148306037885,0.0022559361428905246,33.35305628034948
1990800.0,389.48580163106817,3.787605870372265e-12,96.75880450983193,0.0029832390410376966,33.391242131816
1994400.0,366.3931519287065,4.341065138867255e-12,96.76013989683486,0.0009237882336418606,33.43838460526786
1998000.0,378.6584156683335,6.1112595467457734e-12,96.753251943058,0.0019230591688317318,33.47426519790718
2001600.0,381.6034062069281,3.8373901095202896e-12,96.76056975532943,0.0022475454960370726,33.50873574518265
2005200.0,370.29218308872356,4.469061158582677e-12,96.76486250227752,0.0007669339049270689,33.555899164517996
2008800.0,383.26429451409194,5.301658422392963e-12,96.75770142151899,0.0019807654277285906,33.5971505333441
2012400.0,373.00889204920486,4.074579754024099e-12,96.76003431766152,0.0018855005830207686,33.629005612045326
2016000.0,373.13749555502164,4.7374487146038715e-12,96.76542259440411,0.0014404254944410195,33.67266028319654
2019600.0,388.91552832024126,4.787155988230801e-12,96.75930378805504,0.002555984627983617,33.717422544944846
2023200.0,365.1779403650293,4.7399470849262196e-12,96.75499222719121,0.00211666725225802,33.74849322797411
2026800.0,374.80611633946705,5.0809608897565676e-12,96.76351103732246,0.002106804719596828,33.78947163330336
2030400.0,394.07078419919696,4.837932377868558e-12,96.75880743652014,0.003252615710558375,33.838168915524925
2034000.0,359.8489316506207,5.515382526946528e-12,96.75299034435376,0.0025339840397496038,33.872382326693334
2037600.0,374.6917815649441,5.455965388282951e-12,96.76030429938028,0.0025544089402494466,33.9095982234102
2041200.0,397.79010316364264,4.552491660226173e-12,96.76228814254124,0.003822372499578672,33.95683072786885
2044800.0,357.1552951854633,5.90959652092902e-12,96.75607341080975,0.002733197892356647,33.99392343261793
2048400.0,373.9649024034516,5.8472082763632965e-12,96.76112374106505,0.002771917013126186,34.02722008989849
2052000.0,399.03563486964686,4.14004843974368e-12,96.76621254594845,0.004071714524515501,34.07260219455429
2055600.0,357.2401597789378,5.607636447045773e-12,96.75957618997685,0.002579244294027492,34.11393724288566
2059200.0,373.57501447099384,6.3491189765766625e-12,96.76004506378679,0.002738693840767875,34.14549553641252
2062800.0,397.2845336266328,3.889515939921578e-12,96.76666272798704,0.003918305282910714,34.188768590583535
2066400.0,359.6079237701404,4.946377981862677e-12,96.75905596073777,0.0020732237867769877,34.23417358214828
2070000.0,374.445697350147,6.590501649963631e-12,96.75483357495966,0.002481514751621952,34.26588178476009
2073600.0,392.4801679526506,3.748540492438227e-12,96.76171096201324,0.003373206415455508,34.305265195701566
2077200.0,363.8192657720802,4.463739102956192e-12,96.7601603396789,0.0012943348113903892,34.35206570318832
2080800.0,376.67966888246474,6.407812753948188e-12,96.7542139802651,0.0020984635501530733,34.386064146259294
2084400.0,385.18280950362146,3.789963799433982e-12,96.76236456930653,0.0026167846125288562,34.42214250142538
2088000.0,367.8678295504545,4.478110252347564e-12,96.7652453341988,0.0007287924024351358,34.46956088987778
2091600.0,380.75750797175374,5.701774263575405e-12,96.75831334898491,0.001948724231739003,34.50863875346641
2095200.0,376.6549652471007,3.901386889482045e-12,96.76292072075664,0.0020278422574019728,34.54159648050965
2098800.0,371.1338862409282,4.7079029922525725e-12,96.76813435064194,0.0011109784692755924,34.587188915196066
2102400.0,386.25143750267125,4.953678720204889e-12,96.76127813712286,0.0023189921054573397,34.630650431044465
2106000.0,368.26482964341005,4.420641207346946e-12,96.75916677816267,0.0020234206603441025,34.66093158960296
2109600.0,373.3621553478513,5.0288865312234505e-12,96.7665544282774,0.0018226026585300465,34.70236144980652
2113200.0,391.8244887417341,4.83115767970626e-12,96.76046415835364,0.0029898958455228525,34.75017866653366
2116800.0,361.7465339797245,5.2125466616819435e-12,96.75509423922385,0.002406390041120732,34.783773013704035
2120400.0,373.8130212085474,5.4262122327522004e-12,96.76267327391635,0.002387562973603987,34.82294439772383
2124000.0,396.44452904866256,4.726033224423783e-12,96.76267668469228,0.0036583263364666514,34.87082216801484
2127600.0,357.79220099381706,5.844245372638519e-12,96.75693898066422,0.0027220597219674548,34.906226876444656
2131200.0,373.20490450405543,5.777306617761882e-12,96.76345005197408,0.002724891678392277,34.940948245085856
2134800.0,398.9607630134641,4.2751257363146766e-12,96.76725747286017,0.004076461312128344,34.98728304583459
2138400.0,356.488038264935,5.872902339813603e-12,96.76018312466404,0.002751121735692761,35.02660121696291
2142000.0,372.65781345661566,6.2483505226175005e-12,96.76314713688461,0.0028251694777856953,35.05867504220657
2145600.0,398.55894218367774,3.980581249031745e-12,96.76910480690047,0.004098620364462628,35.10270806081879
2149200.0,357.7548150521178,5.327153284914164e-12,96.76174239997896,0.0024019808601923242,35.146860352548686
2152800.0,373.053984799739,6.632343411498262e-12,96.75899192306679,0.002689594195017156,35.178677504141724
2156400.0,395.1921985236436,3.756014222531863e-12,96.76541854533698,0.003736000030181504,35.21962088634766
2160000.0,361.21738730548685,4.69017769530453e-12,96.76058957530813,0.001720448664591045,35.266100996107085
2163600.0,374.74169604222874,6.642441762994548e-12,96.7559853349527,0.002323995409781702,35.298298408594235
2167200.0,388.78924434235853,3.744705277751225e-12,96.76364183728823,0.0030311133875513823,35.33600301447689
2170800.0,365.29181500743783,4.511983044679951e-12,96.76536396314702,0.0009757477888145408,35.38353840317798
2174400.0,378.12548499573734,6.141958725378224e-12,96.75899577395772,0.0020269093494014196,35.42029860024022
2178000.0,380.69809898429116,3.786561491975272e-12,96.76539487067855,0.0023179671763851628,35.454294493188875
2181600.0,368.8401182501207,4.681473282450683e-12,96.76975943548959,0.0008277360038593013,35.501412600644926
2185200.0,383.25514637718754,5.291209515255183e-12,96.76235030159809,0.0021316301888333845,35.54328056945725
2188800.0,372.0527194652278,4.111810224110389e-12,96.76361118829068,0.0020106430035766966,35.574172487146335
2192400.0,371.4774671808606,4.9812036692041784e-12,96.76868634412456,0.0014735375929366902,35.61693358820564
2196000.0,389.147712047081,4.856287838423271e-12,96.76210821660894,0.0027089501151124594,35.662651543126216
2199600.0,364.41077157139273,4.844572894189221e-12,96.75810507738893,0.0022435849377189024,35.6949360210251
2203200.0,372.7295743106339,5.377397595881635e-12,96.76587286614927,0.002134288501385722,35.73618376230441
2206800.0,394.4469031958325,4.84378279035709e-12,96.76301270839281,0.003416878053172161,35.78444791334825
2210400.0,359.181779132743,5.622724612947442e-12,96.7577982170224,0.0026478549833795395,35.81844859788138
2214000.0,372.4634612282791,5.729249784882229e-12,96.7652716787767,0.0025989872753403864,35.8549867364091
2217600.0,398.1134584954714,4.471362108534368e-12,96.76766442941282,0.0039744195176440265,35.90190682371927
2221200.0,356.4277504404054,5.998231813969026e-12,96.7608008099684,0.0028366875406556006,35.93940381750666
2224800.0,371.87367868470017,6.1204798902985605e-12,96.76562458250463,0.0028456408672861877,35.9722502160222
2228400.0,399.22850359977815,4.096271005324439e-12,96.77066375198638,0.004200808349058172,36.01735974600919
2232000.0,356.42622318355586,5.7068451569367084e-12,96.76379848296394,0.0026665314289981007,36.05964655381863
2235600.0,371.81073794915375,6.5933995880422015e-12,96.7628885618854,0.002839420202766173,36.09113768681579
2239200.0,397.40661992880257,3.82829851858374e-12,96.76931676541368,0.0040401548365766975,36.13428910386662
2242800.0,358.7723848425135,5.042276033950853e-12,96.76201874097069,0.0021455239668555213,36.17995290157598
2246400.0,372.9570281816436,6.790453865721623e-12,96.75766732993227,0.0025635295152939145,36.21099846885408
2250000.0,392.30020210615567,3.706885799560797e-12,96.76532745936974,0.003463704795865226,36.250440225649236
2253600.0,362.6554350497762,4.611447306737862e-12,96.76540797185456,0.0013814284062568583,36.29743091648515
2257200.0,375.56834917022053,6.542620573568397e-12,96.75912272422133,0.002201337469431661,36.33219742815565
2260800.0,384.96305474537274,3.722046466804251e-12,96.76727727467245,0.002727191596036866,36.367700915220134
2264400.0,366.33223974078123,4.6652922705765934e-12,96.77031995739296,0.0008036042392873744,36.41534234865969
2268000.0,380.11176379919215,5.76592621790303e-12,96.76308040238158,0.0020624511460870247,36.45527157547988
2271600.0,376.3694692892484,3.858997002437378e-12,96.76670419269757,0.0021543612589705148,36.48759080353963
2275200.0,369.306655975218,4.931425085905712e-12,96.77124394615015,0.001108158096928464,36.53233310536854
2278800.0,385.9631490834733,5.033463179806907e-12,96.76439407447837,0.0024361368093628903,36.57592743837191
2282400.0,367.9188417290045,4.457173606812461e-12,96.76138158683057,0.0021160698074195565,36.606716980206805
2286000.0,371.33949786472203,5.289380894056663e-12,96.76971429728319,0.0018007490003443024,36.649083226218536
2289600.0,391.7133153545958,4.901514278326604e-12,96.7636919630574,0.0030985637187476225,36.69717143209071
2293200.0,361.4729757505174,5.269326727586475e-12,96.7590301961563,0.002498492474937446,36.73043977704579
2296800.0,371.61479927145206,5.691184720902968e-12,96.76683643731543,0.002381850533134248,36.76913053786598
2300400.0,396.431818724726,4.693901701509652e-12,96.76724148107807,0.003764291496428585,36.81636979694763
2304000.0,357.2944114472111,5.915374276490865e-12,96.76160024788288,0.0028125389437550215,36.852002835461505
2307600.0,371.11791905846314,6.016631780203445e-12,96.76776130270626,0.0027688608967354534,36.8863101178239
2311200.0,399.0660367765457,4.25236412464454e-12,96.77147830597676,0.00419214145555428,36.932512210706825
2314800.0,355.7897891508163,5.992864242847078e-12,96.76454372988458,0.0028458612825974852,36.972295208075785
2318400.0,370.71851167320483,6.480307395423891e-12,96.76666120138839,0.002909185303245501,37.00418498422561
2322000.0,398.8434484248375,3.954076996649136e-12,96.77237986868693,0.004239331762990886,37.04874377901016
2325600.0,356.79042962067115,5.482070262708341e-12,96.76362008957938,0.0025164118761729507,37.093076350513094
2329200.0,371.29929189164557,6.847282199547222e-12,96.76091959431119,0.0027880505768564084,37.1241439088898
2332800.0,395.4670896740197,3.71607027431573e-12,96.76784271336832,0.003871154835874391,37.16518873304955
2336400.0,360.0377137707097,4.839482258103962e-12,96.76471160027226,0.001845325572950744,37.21145630896211
2340000.0,373.14807748675804,6.8496931524377544e-12,96.759993081883,0.002438882708875475,37.2441956107666
2343600.0,389.1750144675507,3.6824364626277495e-12,96.76880161012893,0.0031920149659070388,37.28181932505171
2347200.0,363.6619831810153,4.684285867000691e-12,96.76998381984482,0.0011175813082261912,37.32945504012883
2350800.0,376.89313406088604,6.3008631101682534e-12,96.7634314736976,0.0021443320984127928,37.36684123291
2354400.0,381.05080065300064,3.701785029385831e-12,96.76951795650149,0.0024716388737103853,37.400826127251136
2358000.0,366.97833022240474,4.868097939736347e-12,96.77328385400678,0.000838513622756486,37.44751654202427
2361600.0,382.3095281490266,5.428964216189143e-12,96.76581562542465,0.0022215816778955026,37.48927867014123
2365200.0,372.33758442986203,4.0687415506287485e-12,96.76552817271356,0.002118578041078533,37.51960990591069
2368800.0,369.59174502605487,5.195020521921349e-12,96.77220285337097,0.0013960157825018203,37.56268873604647
2372400.0,388.3131465285411,4.981544894047735e-12,96.76475282372932,0.0027401062576452263,37.60931187936479
2376000.0,364.76444691330613,4.83434812768318e-12,96.76099245881525,0.0023134231944326455,37.64207212373374
2379600.0,370.5357150475331,5.633397816137815e-12,96.76884557247223,0.002068020982352118,37.68324590431117
2383200.0,393.89914074579235,4.873040515469186e-12,96.7669100482772,0.0034607042929032453,37.73064640628137
2386800.0,359.18496710989854,5.6271216025233654e-12,96.76233250984748,0.0026939291427365707,37.76443173841319
2390400.0,370.3173174445558,5.9589834886017195e-12,96.76989521467748,0.0025890548297264004,37.800771995967494
2394000.0,397.9188485128304,4.468056692874163e-12,96.77175892277815,0.004051852290328364,37.847707469627075
2397600.0,356.01899763685174,6.082754998159474e-12,96.76488998379249,0.0029164754171512363,37.884978489865276
2401200.0,369.8360187236262,6.327769065393794e-12,96.76970511501258,0.002889039451807864,37.91797587112898
2404800.0,399.35513058843463,4.113249144572969e-12,96.77415312538999,0.004314450616107562,37.96331073016699
2408400.0,355.51830233903223,5.90687928693998e-12,96.76581707641837,0.0027965845720636156,38.005784578625715
2412000.0,369.90453942313525,6.791607410543111e-12,96.7650771831315,0.002945502570097172,38.03729444318929
2415600.0,397.8791299782494,3.8128899888577684e-12,96.7710707892789,0.004191358711200279,38.08023286317039
2419200.0,357.6448285226801,5.23102342205038e-12,96.76452780843857,0.0023004063955646982,38.125616889831576
2422800.0,371.0301468490342,7.022409229493862e-12,96.76165032003665,0.0026885962078770794,38.15663552087041
2426400.0,393.03110124393186,3.6643659231576815e-12,96.76972645483659,0.0036537903926839926,38.196405195901185
2430000.0,360.9681495356404,4.791762875958047e-12,96.76938276261635,0.0015857813411734988,38.24368362060173
2433600.0,373.77408519428417,6.787082285543462e-12,96.76400651991321,0.0023467752262378272,38.27855134785822
2437200.0,385.90301382197634,3.6360290325495535e-12,96.77184320522383,0.0029334252866182408,38.314235649054766
2440800.0,364.3610644745491,4.830921226095357e-12,96.7741544478723,0.0009336848362332155,38.362186960590385
2444400.0,378.51328011374665,5.995730606703137e-12,96.76660252451957,0.0021625008115501196,38.40184070310946
2448000.0,377.3820433488981,3.754041514019488e-12,96.77000207297901,0.0023203712739703207,38.43341684976391
2451600.0,367.3326596483872,5.106999915825652e-12,96.77372046460258,0.0010071255745977812,38.47796801915466
2455200.0,384.5052558701388,5.2284266668754e-12,96.76602456266862,0.002436846817259055,38.52172238599064
2458800.0,368.91564645992986,4.3672866187405605e-12,96.76411562199861,0.0021777915170483717,38.55357088487722
2462400.0,369.188760975206,5.5282255565484165e-12,96.771602132862,0.001665124643803451,38.59712719170425
2466000.0,390.51918890103394,4.995685698037299e-12,96.76660333290744,0.003082627210130546,38.644345026323
2469600.0,362.14533408111,5.194249195049663e-12,96.7632793192404,0.0025116034568442623,38.67680471071952
2473200.0,369.4747588392018,5.913235317616624e-12,96.77150805499913,0.0022914691983003965,38.71563956433199
2476800.0,395.60783956336974,4.725495399153815e-12,96.77144174248356,0.0037652735306201086,38.76259444259668
2480400.0,357.3751110891015,5.90856137685439e-12,96.76552536299118,0.00285571992347469,38.79776534680867
2484000.0,369.0772879137327,6.202578594667607e-12,96.77211679632195,0.002753512686726919,38.832211617540864
2487600.0,398.76426611831704,4.302332136694705e-12,96.77502711727051,0.00424804528747675,38.87849598056527
2491200.0,355.21975482907635,6.158987690951434e-12,96.76767964101502,0.0029470244690329834,38.91843080184527
2494800.0,368.75841306897865,6.6430175105593865e-12,96.76921634909942,0.0029831626260192275,38.95029333489921
2498400.0,399.2322083221661,3.981686773829941e-12,96.77444771612463,0.004378931501808982,38.99551811774804
2502000.0,355.781649742772,5.7307674060864405e-12,96.76551780410853,0.0026823755567097997,39.03942310870063
2505600.0,369.2424955523684,7.052070818106704e-12,96.76342274284694,0.0028966697853095497,39.06961254415202
2509200.0,396.2739205569772,3.706939028306398e-12,96.77107554454548,0.004062280178458479,39.11156602529574
2512800.0,358.44585280785725,5.0611573160426735e-12,96.76882331819397,0.002077011062650256,39.15767816403423
2516400.0,370.96975276616706,7.1288041072179764e-12,96.76432361083826,0.002604245422372862,39.19055274969548
2520000.0,390.5374979564286,3.619318707024995e-12,96.77358555296199,0.0034494245516909485,39.228423935877686
2523600.0,361.639063668638,4.851196421540994e-12,96.7740540445032,0.0013603799792167184,39.27635538806254
2527200.0,374.7501972139978,6.61696387201788e-12,96.76737366412657,0.002281118432687346,39.313733314728275
2530800.0,382.6963882961875,3.587349064801933e-12,96.77323637520033,0.0027169919186667128,39.34756523137358
2534400.0,364.7769028632038,5.019979060308672e-12,96.77567475209155,0.0008659242303940703,39.393968489978676
2538000.0,380.2379534902913,5.72675933220331e-12,96.76812044627002,0.0022547423258020474,39.434931310345384
2541600.0,373.94186033293283,3.925551364156986e-12,96.76769055329123,0.002226896590414824,39.46589150404031
2545200.0,367.41836527491125,5.372746891638049e-12,96.77497490815199,0.0012084818800593513,39.51067475216934
2548800.0,386.33140924523263,5.183532311418014e-12,96.76690540247066,0.0026745446256430942,39.55698331140742
2552400.0,366.2402331236391,4.683693787263684e-12,96.76487283699737,0.002316999430157331,39.58910427495529
2556000.0,368.37120511450325,5.83840794192977e-12,96.7728418342021,0.001884294688567733,39.63068998458652
2559600.0,392.2558566629742,4.9511857547568726e-12,96.77047431297282,0.0033732541690240634,39.67710979848134
2563200.0,359.99128773081924,5.506628949287074e-12,96.7666303170247,0.002677572981130239,39.710452910740585
2566800.0,368.3145182392938,6.133868952731124e-12,96.774248737766,0.002486299906573651,39.74714290047292
2570400.0,396.927528336311,4.541003893787911e-12,96.7751729888027,0.004022709404921194,39.79407955024067
2574000.0,356.08263438497534,6.112967192732197e-12,96.76855657492865,0.0029561449545080242,39.83096595568979
2577600.0,367.84597337569863,6.4657928869356234e-12,96.77340372091058,0.0028846780399833043,39.864247630280445
2581200.0,399.26808714365586,4.1889193386175395e-12,96.77692987646387,0.004394199539245657,39.91055777486974
2584800.0,354.7983237105943,6.158987353136337e-12,96.76690635142364,0.002941315415762508,39.95244044481947
2588400.0,367.8062347376746,6.943187463027677e-12,96.76714887272817,0.003019538681037147,39.98328962955848
2592000.0,398.5480148105556,3.851013880682154e-12,96.77323187955083,0.004359092336938412,40.02707653656413
2595600.0,356.2979082810736,5.5245432977548804e-12,96.76774737182461,0.002528281446927981,40.07167514533251
2599200.0,368.6655376701863,7.274562172467165e-12,96.765815447206,0.002846572413695865,40.102886253632484
2602800.0,394.54637017966655,3.6333155684025694e-12,96.77491206531246,0.003930013450388312,40.143449185094866
2606400.0,358.9697096610019,5.0058695524786735e-12,96.77319344276715,0.0018934689543806792,40.19057634147459
2610000.0,371.2354503910151,7.143358371745629e-12,96.76823415589925,0.0025343393912021198,40.22533587529253
2613600.0,387.98359919245434,3.554808945080268e-12,96.77624978112793,0.003244183927643866,40.261803713373574
2617200.0,362.0874332162797,4.970813884817557e-12,96.7770816276573,0.001175809999415765,40.30957514676006
2620800.0,375.8394496090855,6.404060719939442e-12,96.76956016244779,0.002270837241903632,40.348204118101094
2624400.0,379.710195658064,3.5976300736188515e-12,96.77229940091539,0.0025533489103533704,40.37962092967303
2628000.0,365.1729262938782,5.2242286125852394e-12,96.77689405212234,0.0008709866271981166,40.425072394082726
2631600.0,381.7065660473934,5.567963480218435e-12,96.76792890087461,0.0023601427072916536,40.468928354702896
2635200.0,371.33357619234505,4.153235061250205e-12,96.76741824942634,0.0022485806279979575,40.50128598123174
2638800.0,366.9214977518823,5.697112525327378e-12,96.77453060476685,0.0014063009837766785,40.54564018208838
2642400.0,387.979172021018,5.158601310027331e-12,96.76983393431334,0.002928866765536151,40.59132013883566
2646000.0,363.9127139896109,4.974484428383297e-12,96.76794184284245,0.002443310753762735,40.623176774320385
2649600.0,367.4123493565352,6.081896448190606e-12,96.77639369471795,0.0020841712311469567,40.6627142746266
2653200.0,393.7335952779956,4.816707646842659e-12,96.77493238344076,0.0036383486366125665,40.70949058434394
2656800.0,358.2820390690372,5.761818492981085e-12,96.76951000506195,0.0028189820292253798,40.74366994082493
2660400.0,367.12701854872046,6.330590515381431e-12,96.77674096830792,0.0026412801228974,40.779106579049724
2664000.0,397.7942447158125,4.41299584713011e-12,96.7781365977014,0.004214325172921136,40.82568064844356
2667600.0,355.08632614437585,6.276048359078615e-12,96.76933720249747,0.0030251506787580458,40.865012438346305
2671200.0,366.75754335432026,6.737261416750675e-12,96.77181286804539,0.002992622933178986,40.897179958331144
2674800.0,399.3331855917157,4.082856872386064e-12,96.7760958643252,0.004469946803505716,40.94287673019315
2678400.0,354.917940845273,6.050122455359875e-12,96.7676679674396,0.0028709243954327768,40.98565778678188
2682000.0,366.91376940244226,7.223671784002311e-12,96.76804597481195,0.0030020647512999992,41.01590850760608
2685600.0,397.45519017323005,3.736801952101163e-12,96.77561085457069,0.004291738751276582,41.05900686931435
2689200.0,356.64742572504366,5.372427202944087e-12,96.77230709926603,0.002396252626987884,41.10482007481428
2692800.0,368.2506313629855,7.45219813823119e-12,96.7695256761251,0.002806304031448141,41.13735545439995
2696400.0,392.7214644643314,3.57787546878844e-12,96.778649621883,0.0037882283829319416,41.17638741657987
2700000.0,359.34378218846393,5.028290223725008e-12,96.77745901237917,0.001720990833629801,41.22444816666394
2703600.0,371.67260235215434,7.082059280227344e-12,96.7709887439731,0.002471223449222418,41.26073265295384
2707200.0,385.5714024339576,3.4830512343717e-12,96.77724017743395,0.0030694970623809307,41.294597943984044
2710800.0,362.45977239033505,5.116549984889476e-12,96.77790600125778,0.0010279745518645212,41.341119886921945
2714400.0,376.8973075207568,6.2117491730063085e-12,96.76978923178842,0.0022744650573269954,41.38114883337301
2718000.0,377.08722733422337,3.692090192023286e-12,96.7713113258891,0.0024255346243795164,41.41373286640518
2721600.0,365.08938701483623,5.5012797949339784e-12,96.77695166243093,0.0009549447257759741,41.460343706954944
2725200.0,382.9249421879881,5.50736223082781e-12,96.76952521158438,0.0025194231116807526,41.5048855249121
2728800.0,369.09471904781145,4.390663026958818e-12,96.76975417586041,0.0022872672205429554,41.53619349524316
2732400.0,366.25373610319764,5.9713928906743594e-12,96.77785960908876,0.0015647698191530134,41.57884687756857
2736000.0,389.2660552589383,5.096357237795187e-12,96.7743186341498,0.0031447454829050623,41.62436673580088
2739600.0,361.98270749225014,5.215559185438364e-12,96.77109233424027,0.0025745791606330165,41.65678912501507
2743200.0,366.39876729313096,6.2546187108261995e-12,96.77929484508107,0.0022464376630068083,41.69461934460813
2746800.0,394.7913754952534,4.67279599773933e-12,96.77848767666548,0.0038496676258181622,41.741347407794116
2750400.0,356.9595721089834,5.975969691715954e-12,96.77189559437097,0.0029218533165865563,41.77763974075766
2754000.0,365.9488537928673,6.537853418988267e-12,96.77666304775097,0.002782606518631271,41.8114656489076
2757600.0,398.4583212146285,4.329634205822971e-12,96.77900304429156,0.004372138060287192,41.85888554964384
2761200.0,354.6704102556324,6.345312927667297e-12,96.7690880928121,0.00305386791538605,41.89932126326454
2764800.0,365.6804428094293,7.01860662787361e-12,96.77069455168117,0.0030256733236922657,41.92990744265416
2768400.0,398.9550072799076,3.964610137336613e-12,96.77665136982012,0.0044846829765349434,41.975180671389026
2772000.0,355.0330890082461,5.910812886616899e-12,96.7716418047011,0.00279208841340731,42.018791336946535
2775600.0,365.98885649504297,7.498408467744065e-12,96.77094124690448,0.003004121129076238,42.050076031011166
2779200.0,396.42464656650793,3.638228380214607e-12,96.78027117648014,0.0042383509969922874,42.091886787289546
2782800.0,356.878748468811,5.28181783720937e-12,96.77702851590695,0.0022831839639309436,42.13865614308823
2786400.0,368.0290950395735,7.570663612731917e-12,96.77276511891762,0.0027602204430545343,42.17290436866105
2790000.0,391.00421458242374,3.5119508816053194e-12,96.78080092613052,0.0036555049494472586,42.210261340521804
2793600.0,359.6017224816348,5.099133920376754e-12,96.77935264267924,0.0015783557713730633,42.25758543078756
2797200.0,372.1245953919801,6.981634078951929e-12,96.77247019668928,0.0024309952300102778,42.29448508146266
2800800.0,383.31530034356314,3.453017983541054e-12,96.77556451652573,0.002898982319250828,42.32743746293314
2804400.0,362.69458256772936,5.2879591285369515e-12,96.77978620491106,0.0009203174329876368,42.374800951373814
2808000.0,377.5736450073966,6.112836062542161e-12,96.7701539234086,0.002308517370217924,42.41737657135512
2811600.0,375.1900867124127,3.836115234959113e-12,96.77243296126407,0.002387838331484508,42.449601561684304
2815200.0,364.63321019674805,5.777949506201446e-12,96.77882613443302,0.0010527368099134014,42.49502402109026
2818800.0,383.92119937420375,5.451723959104217e-12,96.77334456411668,0.002668928163832603,42.53874966040183
2822400.0,367.11852483020476,4.605335599734886e-12,96.77334603477757,0.0023434059861622983,42.57019588819041
2826000.0,365.4537303834349,6.1763685709203855e-12,96.78139834225799,0.001717154025376554,42.611062189209264
2829600.0,390.36492569974797,4.9716618942650976e-12,96.77822142122771,0.0033449011391335224,42.657144538333895
2833200.0,360.43387894638187,5.4053115400501645e-12,96.7738773625425,0.0026811290749283304,42.690444449997585
2836800.0,365.31107608396786,6.399476236922189e-12,96.78137852792938,0.0023892301855931355,42.72717756363653
2840400.0,395.6968911493048,4.566785965301053e-12,96.78088077098687,0.0040395743754885445,42.77452318740957
2844000.0,355.9752293752639,6.158704206180941e-12,96.77118291011885,0.0030225838684270457,42.812335317909806
2847600.0,364.8568495535739,6.7588701987880455e-12,96.7752247813468,0.0028655442337844794,42.844931404161166
2851200.0,398.64450641418193,4.267466569588623e-12,96.77835260879952,0.0044549196891490415,42.89158165186871
2854800.0,354.5060883119402,6.33910092226115e-12,96.77087211153919,0.003026697365650284,42.93264488677037
2858400.0,364.50779429129216,7.314593331637174e-12,96.77363118215663,0.0030518437727967643,42.96360009181181
2862000.0,398.51051410099296,3.831216017198378e-12,96.7811800338042,0.004498141480025348,43.008186567458374
2865600.0,355.0248544465411,5.777310960771548e-12,96.77610146695781,0.002748676912292391,43.05276863297536
2869200.0,365.20567120475516,7.745547284731893e-12,96.77492565987032,0.003005471894658762,43.08522079551776
2872800.0,395.344083039782,3.5684798252037607e-12,96.78383793432423,0.004172771985840202,43.126183771907925
2876400.0,357.0045804457287,5.244061867992957e-12,96.78028203481404,0.0021831244378597804,43.173303148744054
2880000.0,367.84370322070674,7.640396163701466e-12,96.77467653473403,0.002725595298407403,43.2080251445213
2883600.0,389.40388423773175,3.445505477735071e-12,96.78069965214827,0.003531756673974407,43.24292465222097
2887200.0,359.9807809136801,5.177881557669409e-12,96.78091280957264,0.0014259792241027912,43.29005932469587
2890800.0,372.32681840914415,6.898102466795433e-12,96.7719462327994,0.0023837846656711912,43.32924226065711
2894400.0,381.73842886489234,3.4684882713492498e-12,96.77593854252038,0.002802771916049438,43.36334178773222
2898000.0,362.5484539098432,5.524858181715282e-12,96.77991387770054,0.0008852108808222366,43.41097985981686
2901600.0,378.0218812738899,6.044238977761967e-12,96.77294570056834,0.0023659659052694686,43.452845869835905
2905200.0,373.491509656674,4.000943525760865e-12,96.77568027798422,0.002349944424676145,43.48408518402778
2908800.0,364.062073994139,6.015684027479922e-12,96.78313433204485,0.0011385026515946307,43.52817601734403
2912400.0,384.7058246897463,5.362851275490886e-12,96.77782615945854,0.002802435973101948,43.57244556947394
2916000.0,365.55299488366944,4.759800945039601e-12,96.77610932912121,0.0024078196447256963,43.60388202483379
2919600.0,364.5683385403429,6.309999173656642e-12,96.78468019858991,0.001832856425120752,43.64385540110817
2923200.0,391.12108300097344,4.8446446876180155e-12,96.78143532349384,0.0035081458300915054,43.69006797383044
2926800.0,359.2147396258435,5.5589690361720225e-12,96.77454155219002,0.002787251777372885,43.72517791101301
2930400.0,364.21967284976785,6.550108084372159e-12,96.78025772149842,0.0025029668268862957,43.760427063984494
2934000.0,396.2520638924926,4.5266211554595486e-12,96.78056000527694,0.004173536727904556,43.80812598628551
2937600.0,355.5374878082656,6.2664047120345775e-12,96.77165095505944,0.003052841493331946,43.846515807410874
2941200.0,363.6664847296152,7.010547489045885e-12,96.77663027862947,0.002908870598635705,43.87822846464221
2944800.0,398.55592017194374,4.184576518514803e-12,96.78117158325176,0.004506055643705184,43.92486908486697
2948400.0,354.2965280213278,6.2882218977354666e-12,96.77538902191284,0.0030292366395484227,43.966857272322706
2952000.0,363.3076352079298,7.615190744311705e-12,96.77730649396162,0.0030937340359002757,43.9984465055764
2955600.0,398.03040710904907,3.706794155088961e-12,96.78568307319435,0.004507543319488526,44.04237767199136
2959200.0,354.9682887530443,5.656992521659262e-12,96.78027524663483,0.002710275083374371,44.08805520983185
2962800.0,364.49336091293577,7.964840179824813e-12,96.77743942355947,0.0030025316631944986,44.121162606598254
2966400.0,394.4169598887496,3.5095453125161153e-12,96.7855842947855,0.004121277322288828,44.15990969617979
2970000.0,357.16128346520907,5.234919632996876e-12,96.78122755623559,0.0021018009136034403,44.20643119547714
2973600.0,367.6053628736311,7.675812063097863e-12,96.7752969887913,0.00268974165309764,44.241654948755226
2977200.0,388.04838206193034,3.3987036133522668e-12,96.78035356325093,0.0034169114964647117,44.27775710549611
2980800.0,360.00072149204703,5.328340198953677e-12,96.78149113150234,0.0013451473986478286,44.326536955648805
2984400.0,372.2205664372785,6.8722382001663126e-12,96.77332883690534,0.002394288291571622,44.36617248099902
2988000.0,380.4540648449044,3.5401096931906187e-12,96.77843398587575,0.002738223684029291,44.39873619563878
2991600.0,362.19946011194094,5.744258869543626e-12,96.78370364738139,0.0008718235453922239,44.445504969209885
2995200.0,378.3148280068669,5.980998746099485e-12,96.77729033966607,0.002415609616781779,44.487020868372205
2998800.0,372.0353369344858,4.1484955882525165e-12,96.77895612727183,0.0023436631409191307,44.5182085482916
3002400.0,363.4292398128128,6.185543287726352e-12,96.78665815041764,0.0012158798012376496,44.561133615957125
3006000.0,385.2118479306538,5.2409747519674975e-12,96.78126106571786,0.002912812919472723,44.60573531898051
3009600.0,364.2798549706051,4.863806388904696e-12,96.77830367819026,0.002473478576008113,44.63840692873306
3013200.0,363.6036218943251,6.410851679102065e-12,96.7852206455205,0.001945350893797412,44.676828250456154
3016800.0,391.7821722367836,4.749411666801274e-12,96.78259690914687,0.003663846766988744,44.724564765725816
3020400.0,358.48618243496213,5.664271259693633e-12,96.7742955799959,0.0028603754017578567,44.76023900839209
3024000.0,363.179078101026,6.719456124980905e-12,96.77985535212102,0.002550828125979373,44.7942436874967
3027600.0,396.37567304179385,4.531760001440257e-12,96.78131222456531,0.004247704405565858,44.841797750901286
3031200.0,355.1596588382989,6.338410549413022e-12,96.77510264247253,0.00307088324468718,44.88065802771668
3034800.0,362.3247010528739,7.291387372586948e-12,96.77991886486896,0.002966659619089709,44.91298511136412
3038400.0,398.4890224071941,4.063552895815108e-12,96.7863157258896,0.004570409094345834,44.95920174008121
3042000.0,354.04439839905,6.203546834257771e-12,96.77983491804613,0.003043979269958717,45.001847892228604
3045600.0,362.2724636113479,7.891479716548526e-12,96.78060518526985,0.00312547371462777,45.034475937214935
3049200.0,397.55895486802996,3.6075851424698203e-12,96.78849485289201,0.00451416890962516,45.07751726787003
3052800.0,354.87508893030673,5.559184631076968e-12,96.78223786494046,0.0026881971224051995,45.122527863577794
3056400.0,363.82646858101657,8.148484841800567e-12,96.77872111484017,0.002992843233485721,45.15562142938088
3060000.0,393.4458877980254,3.4739902473296477e-12,96.78452670822573,0.004048387662304567,45.19366939512384
3063600.0,357.32655218259083,5.249044773878378e-12,96.78313192752879,0.002020536935651179,45.24154263292028
3067200.0,366.9906248523184,7.752838169164845e-12,96.77475794382707,0.002663127777202608,45.278660278595495
3070800.0,387.2897621772312,3.377309122040354e-12,96.78171394299655,0.003378561023856372,45.3142548000652
3074400.0,359.8099756472034,5.467338423829854e-12,96.7834967272768,0.0013160304991417387,45.36246763108509
3078000.0,371.8735993292523,6.8620255805587045e-12,96.77669225771672,0.002391256231793462,45.40112207648839
3081600.0,379.34087840729256,3.6520672985676046e-12,96.78222474203493,0.0026882437088769882,45.43332021229962
3085200.0,361.71334178746184,5.936660668165308e-12,96.7876758709283,0.0008755300141290078,45.47900103870871
3088800.0,378.4255256313316,5.9017516994240425e-12,96.78092621022739,0.002463313769242744,45.52102044828205
3092400.0,370.9483914178175,4.2468277869014536e-12,96.78160345724515,0.002350815906586087,45.55235154290495
3096000.0,362.660719681026,6.297944830515421e-12,96.78928995250797,0.0012771000107595666,45.5946986728514
3099600.0,385.54746242557485,5.109444845668872e-12,96.78350937223797,0.003026474550737098,45.64022261142797
3103200.0,363.4561048601724,4.914142922986488e-12,96.77782487530223,0.0025559339232875795,45.67375008126051
3106800.0,362.69079863390476,6.5084074157941885e-12,96.78424440577933,0.001995535828083583,45.71127496336243
3110400.0,391.91098529103385,4.7418852404219454e-12,96.781966599775,0.0037407469849356037,45.75847949924118
3114000.0,358.0541933596518,5.739800939475608e-12,96.77521520924383,0.002879340828926919,45.79442871321545
3117600.0,361.9859221094432,6.931477674096749e-12,96.7832163228124,0.002589152616985943,45.828707837522394
3121200.0,396.332453732107,4.5340954453570886e-12,96.78583944932974,0.004311092903625865,45.87631286560517
3124800.0,354.8508061753504,6.360443694269554e-12,96.77941987013654,0.0031142403058872425,45.915468328834116
3128400.0,361.0880516841187,7.561197139470728e-12,96.78387890368872,0.0030089621983498205,45.948515008979044
3132000.0,398.2584196599047,3.937512673321893e-12,96.79026487602373,0.0046096309094624584,45.994915898728046
3135600.0,353.8350025940626,6.09686143701841e-12,96.78278730422197,0.0030593897189880007,46.037708182884444
3139200.0,361.24416123646836,8.156180518135881e-12,96.7820773694648,0.003148561919001244,46.07010097474798
3142800.0,397.1142227457687,3.5435131184252227e-12,96.7889586890549,0.0045134617156463,46.111336321399
3146400.0,355.0272592249843,5.463057829770389e-12,96.7830940811816,0.0026422923013145637,46.15667905444721
3150000.0,362.95896456601815,8.326419964536321e-12,96.77821301429995,0.0029875201480237036,46.19085879434491
3153600.0,392.9950192578133,3.4344543311995012e-12,96.78522074136059,0.00403425502666894,46.23033738915569
3157200.0,357.26039055250783,5.333377578779055e-12,96.7832621375881,0.002013426756953502,46.278761617843394
3160800.0,366.1492961104731,7.831026869034481e-12,96.77719643057438,0.0026714332257624395,46.314979418041354
3164400.0,386.5603074681011,3.4168662130069115e-12,96.7849980386494,0.003338749430742025,46.34929452263761
3168000.0,359.5547070683277,5.5910817456855385e-12,96.78790229153628,0.0012988451927731868,46.39690892490176
3171600.0,371.4286412169205,6.864495259193997e-12,96.78093908636771,0.002384527177960523,46.4356821724338
3175200.0,378.5318601965291,3.762820415100717e-12,96.78492188008573,0.00266103635276351,46.46751508281542
3178800.0,361.2489321995212,6.066780201635878e-12,96.79118516411238,0.0008691282324314888,46.512993959369005
3182400.0,378.17371437799557,5.827303557341076e-12,96.7834473887982,0.002486677281608947,46.55526432954127
3186000.0,370.20521787657606,4.29891647216195e-12,96.7824877022412,0.002375389572144131,46.58767325927566
3189600.0,361.94874435253445,6.362306100665564e-12,96.7884665139723,0.0013106092233113591,46.62884274897528
3193200.0,385.40866352684355,5.034337060678276e-12,96.78314994278462,0.0030834534928249526,46.67487321708132
3196800.0,363.1121714558491,4.922850133788219e-12,96.7774532947993,0.002557401393847349,46.70858260770872
3200400.0,361.8573353804091,6.6227575943507056e-12,96.78596301182661,0.001990146302792822,46.74572534245277
3204000.0,391.5664408411586,4.810486168450818e-12,96.78439161244509,0.00375903257825488,46.79314805444821
3207600.0,357.8121543842318,5.7901375088476866e-12,96.77966447790007,0.0029111409278086008,46.82928380998821
3211200.0,360.7597219874956,7.1618278743281496e-12,96.78684773134542,0.00261726476495761,46.864053669116615
3214800.0,396.1027888691985,4.519252166944792e-12,96.79033748358376,0.004355130765038592,46.91199593026624
3218400.0,354.614958517224,6.338892670997801e-12,96.78287684696902,0.0031422656534533955,46.951761813117336
3222000.0,359.99223438163625,7.806058273742219e-12,96.78621493592208,0.003028504021778599,46.984919883371255
3225600.0,397.99765355669854,3.8285765775585515e-12,96.79225016124052,0.004640623456131338,47.030078328351685
3229200.0,353.8027017794269,5.979590368913934e-12,96.78321975706099,0.0030625684231478933,47.0720442968424
3232800.0,360.29306815119634,8.388486017535157e-12,96.78310841700356,0.003136673918765813,47.10437128492911
3236400.0,396.59903208951033,3.5251484054611495e-12,96.78874948376391,0.004491198513949838,47.147094931196875
3240000.0,355.0724384191716,5.457990046388506e-12,96.78355788862942,0.0026451398921444194,47.194121625960285
3243600.0,361.72743061427326,8.552139286978744e-12,96.77885484226204,0.0030004893479971314,47.22842151136146
3247200.0,392.6980383420543,3.424745975274349e-12,96.78763983393007,0.004040876684949747,47.266373853184945
3250800.0,357.1331377279998,5.385412808347149e-12,96.7867907118171,0.002036224782122303,47.31437515761582
3254400.0,365.187519369459,7.931763516834989e-12,96.78109924207172,0.0026685038973359066,47.34985161921197
3258000.0,386.0987142043585,3.490446049612312e-12,96.78836068085097,0.003336456269182294,47.38405787634171
3261600.0,359.21089705155106,5.687189097891357e-12,96.79133181683402,0.0013071694212241924,47.43113012030947
3265200.0,370.70858634321684,6.902552856684841e-12,96.78354891989956,0.0023830527180595893,47.470007441385484
3268800.0,378.0754773508999,3.848396193949758e-12,96.78705556386508,0.0026639477877388397,47.502496979499654
3272400.0,360.61991956159056,6.155421039289924e-12,96.79196015362392,0.0008861276333785153,47.547172062474246
3276000.0,377.75430710795405,5.767111273930929e-12,96.78424268572252,0.002531245392603313,47.59075149185949
3279600.0,370.02930769022487,4.3010359214559504e-12,96.78159105017328,0.002385818491116858,47.62317298704211
3283200.0,361.3717855672182,6.403843649771161e-12,96.78821333334523,0.0012710641208610205,47.66398610890077
3286800.0,384.7644554686762,5.044475162234311e-12,96.78337972029976,0.0030719102056150477,47.709539206543
3290400.0,362.98214291145996,4.929275184160435e-12,96.78043734357183,0.0025535931517022313,47.74326358245275
3294000.0,360.7957802637048,6.789895741428229e-12,96.78940395311342,0.0019775791516130495,47.78130551542385
3297600.0,391.0888003870601,4.909202902523379e-12,96.78910561664534,0.003782037259533181,47.8289719437092
3301200.0,357.66416155906137,5.823231546433317e-12,96.78335580982589,0.002929460861807545,47.86492580761815
3304800.0,359.68633991097795,7.374520964089568e-12,96.79015091428542,0.0026183091763737833,47.90061680028596
3308400.0,395.7008931740172,4.491529203336801e-12,96.79306923664598,0.004379049897253551,47.94854322563389
3312000.0,354.4999010700874,6.290968100142811e-12,96.78463987171183,0.0031652505515645064,47.98699607274247
3315600.0,358.97679255350914,8.022496245910763e-12,96.78694962487785,0.0030168752871553165,48.019797965335854
3319200.0,397.5063584968881,3.78803416036133e-12,96.79120129035522,0.004634692820207098,48.06491844398456
3322800.0,353.8924716106897,5.891073399618139e-12,96.78408733730616,0.003050108032677228,48.108351093613436
3326400.0,359.0362183171583,8.659427163251165e-12,96.7818358909115,0.003141103640296733,48.14170239606299
3330000.0,396.48974783813776,3.524776542668121e-12,96.78996316774922,0.004531861259711721,48.184384691872
3333600.0,355.00044632009275,5.474849083344533e-12,96.78516572981673,0.0026895344216551686,48.230761527471856
3337200.0,360.4109673404719,8.751284006150815e-12,96.78202908955275,0.003012993144037244,48.264003586726545
3340800.0,392.40578128814246,3.4559392204002145e-12,96.79133932568932,0.004058182056567148,48.30162115901052
3344400.0,356.8239714093096,5.4366307820511465e-12,96.79041279219135,0.00208083772564639,48.349055582351085
3348000.0,364.1079380082823,8.068671938291672e-12,96.78441125626593,0.0026875447332276037,48.384469778646064
3351600.0,385.9026169403022,3.575160161147845e-12,96.7908882343377,0.003356453507782407,48.4187328036
3355200.0,358.7253801177982,5.751389631689569e-12,96.79381867659397,0.001350767737582794,48.46607408467347
3358800.0,369.8042860308644,6.982492646639681e-12,96.78489864273487,0.002396778638182121,48.5053601490105
3362400.0,378.1285875533465,3.894518784117253e-12,96.78681614573175,0.002704727197834071,48.538527668436785
3366000.0,360.10011265341774,6.184000472588554e-12,96.79086879260832,0.0008815571650185567,48.58287432358003
3369600.0,376.704232764205,5.802171512177058e-12,96.78338669981922,0.0025233058712295503,48.625186384745085
3373200.0,370.1891794664804,4.290920647600556e-12,96.78222728977113,0.0023744777695655773,48.65792567753862
3376800.0,360.58592629466403,6.478091974399531e-12,96.79154853260081,0.001214208870887138,48.69956043368125
3380400.0,383.75398920529864,5.1375596200197115e-12,96.78702581476244,0.003042989517415854,48.74528160058803
3384000.0,363.16949982551745,4.929510016340228e-12,96.78453668684048,0.0025530489744055433,48.778541755564895
3387600.0,359.805335602726,6.959636026539436e-12,96.79328411673531,0.0019335239900368007,48.81749120940834
3391200.0,390.2586776597312,5.036193101652756e-12,96.79264459516143,0.0037648685244123406,48.86585709544697
3394800.0,357.7591884635195,5.825178157764088e-12,96.78595663409692,0.0029343881492588627,48.90140030002839
3398400.0,358.6892990477937,7.568428879643577e-12,96.79120841345585,0.002585586643447567,48.936573162604866
3402000.0,395.0579639462872,4.492904778057732e-12,96.79343355454408,0.004366907089826363,48.9835544898303
3405600.0,354.7091455831771,6.220076325285585e-12,96.7839754407894,0.0031296018378269585,49.022172090535896
3409200.0,357.9020782037806,8.217208085227862e-12,96.78726536714026,0.002982979684658288,49.05576189982534
3412800.0,397.1006435795089,3.818071713113372e-12,96.79164235486697,0.004645352211417075,49.10246141752329
3416400.0,354.0038646814427,5.898296509438824e-12,96.78403245693973,0.0030805923064126215,49.14592823342076
3420000.0,357.6081155544548,8.892924101504615e-12,96.78404527161649,0.0031456943306625846,49.17862696516846
3423600.0,396.22278386620224,3.5814631733797186e-12,96.79293308580351,0.004556619675242677,49.22009149989427
3427200.0,354.82855757353275,5.5376878495375616e-12,96.7889694932674,0.002743551829424424,49.26613976831923
3430800.0,359.1454353488172,8.93481501233373e-12,96.78572856584437,0.003030903654209767,49.299009944474555
3434400.0,392.3412289550829,3.5090613518288608e-12,96.7940593311183,0.0041043737964632015,49.33671200773207
3438000.0,356.4681912831722,5.470023854683483e-12,96.79340049693644,0.0021468891140909454,49.3841097068815
3441600.0,362.81506827864905,8.266153243546193e-12,96.78606478094015,0.0027130569754131146,49.41929174390399
3445200.0,386.1114209201988,3.6424589152925145e-12,96.79212879660305,0.003430949354596785,49.45486634253242
3448800.0,358.14603464114947,5.779380936844845e-12,96.79264576553652,0.0014276143955820114,49.50156973090476
3452400.0,368.4737619246547,7.157133620129203e-12,96.78424259417551,0.002423114195887604,49.54054553453968
3456000.0,378.6179479863204,3.9072975275554686e-12,96.78594485834498,0.0027553527296148225,49.57377396299253
3459600.0,359.60619716432916,6.1768655765572176e-12,96.79210212314085,0.0008764107607897307,49.61853190770185
3463200.0,375.13025195223366,5.9558511455982535e-12,96.78482267165558,0.0024732386739597673,49.6606374176094
3466800.0,370.7792726684993,4.267869546089884e-12,96.7865614396378,0.00240136787448844,49.69321145170676
3470400.0,359.6913236375998,6.5695918512986186e-12,96.79495606366159,0.0011506071493347005,49.73580295926307
3474000.0,382.42256107377017,5.308372842868659e-12,96.79078132231479,0.0029927010984349676,49.7819812504234
3477600.0,363.62095528394605,4.92910234008221e-12,96.78769669774027,0.002542572074050087,49.81517756315457
3481200.0,358.98147038154417,7.109358465972825e-12,96.79540732787439,0.001855856926635927,49.85434976233264
3484800.0,389.15998232826473,5.178218274601048e-12,96.79418541147895,0.0037141833399124856,49.90202791584605
3488400.0,358.14248121033256,5.799649858495717e-12,96.78578004880096,0.0028932724419635705,49.93622821312666
3492000.0,357.98385483445134,7.708291996986734e-12,96.79224104368754,0.002477135114975728,49.971484180035546
3495600.0,393.9571150587192,4.583437063373921e-12,96.79263187201455,0.00429273806607878,50.020155507525374
3499200.0,355.145065082692,6.1853561183562796e-12,96.78425592447347,0.0031120019392882675,50.05983635730117
3502800.0,356.6895764868097,8.422329760572952e-12,96.78704282368068,0.002936155544887086,50.09364967653003
3506400.0,396.52595388816565,3.936579357582826e-12,96.79359557282955,0.0046410232999869,50.13937570749115
3510000.0,354.1492312049318,5.950161483178378e-12,96.78703952206006,0.0031103001388414196,50.181971310895946
3513600.0,356.3262790878217,9.059705635807318e-12,96.78789370701305,0.0031390711901502217,50.21400000607779
3517200.0,395.97444433011526,3.679223925190759e-12,96.79619010271558,0.004588852061278647,50.25582025676594
3520800.0,354.6127465818709,5.637221225764712e-12,96.7916677453253,0.0028064967097895903,50.301187757982994
3524400.0,357.7869102310745,9.127399237348112e-12,96.7882762787405,0.0030611045143595765,50.333715019260026
3528000.0,392.4803140386606,3.5735721257792773e-12,96.79610038002565,0.0041754136136141935,50.372346971844586
3531600.0,355.92832825854293,5.5149930413525665e-12,96.7935704184945,0.002249915852653446,50.419776114674136
3535200.0,361.42631763612695,8.512656408470827e-12,96.78602302479236,0.002773303789089079,50.45528572545276
3538800.0,386.7507587663319,3.6733091776903106e-12,96.79087472768033,0.0035378495457702762,50.49083688989863
3542400.0,357.7903356663926,5.749644515543214e-12,96.79175311912672,0.001522871685379933,50.537855894135866
3546000.0,366.59392449682974,7.463570605560742e-12,96.78429383215288,0.0024542612261219394,50.57530499439039
3549600.0,379.39215561912897,3.884030777370761e-12,96.78865754499328,0.0028360771664198373,50.60901335788271
3553200.0,358.89136696879825,6.173047212317708e-12,96.79522607629272,0.0009344732450310998,50.655034946895015
3556800.0,373.2300377052274,6.230455621804955e-12,96.78872570545772,0.0024452666044008147,50.69712729054511
3560400.0,371.63939501597406,4.232489357079696e-12,96.7902625919809,0.0024289331169135816,50.729254371121044
3564000.0,358.96544465851804,6.638516990430446e-12,96.7980504316468,0.0010581185567282824,50.77296511718571
3567600.0,380.646103579903,5.56194706330384e-12,96.79302316513466,0.0029050809893293884,50.81915325296525
3571200.0,364.43410622544764,4.908187954575047e-12,96.78934183075629,0.00250251296987035,50.850866327650955
3574800.0,358.3739815130041,7.2287886867972434e-12,96.79551021114206,0.0017031081336532335,50.8894688066032
3578400.0,387.4988755532442,5.363996020728014e-12,96.79257228422739,0.003588933969643445,50.93759065964066
3582000.0,358.93339762864736,5.7355672911312365e-12,96.78536092928171,0.002807240469704382,50.97286244625976
3585600.0,357.15369368809576,7.881553380813164e-12,96.79142251852207,0.002349867397751127,51.009826589060616
3589200.0,392.7481976610049,4.734031773833204e-12,96.79316924920836,0.004225072233116793,51.05842815123325
3592800.0,355.67999882159944,6.165533692277565e-12,96.78576025812308,0.003085180856442912,51.09663090309146
3596400.0,355.64920242915446,8.53442424472784e-12,96.79064303050143,0.002845033482249833,51.1301745285554
3600000.0,395.5803117601082,4.1271441756409774e-12,96.79681691530362,0.004595639225728406,51.17545655544773
3603600.0,354.20366119013863,6.087310121727812e-12,96.78989599302403,0.003125933223121924,51.21733664730528
3607200.0,355.22687920138213,9.15049630338384e-12,96.79113653430429,0.003106453830622393,51.249051758704304
3610800.0,395.5985747125649,3.8175602676451994e-12,96.79848566564253,0.004606271678157038,51.29141700658686
3614400.0,354.3177775094665,5.789565315072834e-12,96.79346760843144,0.002871481351709992,51.33698098347888
3618000.0,356.4899476397521,9.299393471774496e-12,96.7890289536616,0.003092498991024637,51.36932726675115
3621600.0,392.86746803397295,3.633653021593418e-12,96.79594938942053,0.004282273574773249,51.40928445231
3625200.0,355.54692303309315,5.562562270735837e-12,96.79162238990448,0.0023671370622884154,51.45657895648548
3628800.0,359.60399794207655,8.851556002690833e-12,96.78497884303435,0.002822924437039629,51.48988913714072
3632400.0,387.49338848360355,3.6729356889010976e-12,96.79142490725675,0.0036577911792395716,51.5265183899092
3636000.0,357.255355511055,5.72856396531424e-12,96.79446624955129,0.0016814618260525495,51.57392491804881
3639600.0,364.38583798065144,7.882964684071094e-12,96.7870374165037,0.0025055122155044096,51.611411893386276
3643200.0,380.56739999757133,3.793509334520085e-12,96.7931645049046,0.0029738289705934754,51.64504400912282
3646800.0,358.1602541797053,6.157668286850381e-12,96.79863026319178,0.0010490313559799358,51.691846928879144
3650400.0,370.94115315217425,6.635227542948554e-12,96.79163446256666,0.0024101789076724947,51.734413704233575
3654000.0,372.9179969682717,4.144172054497053e-12,96.79278602429608,0.002485428922101987,51.76619018781136
3657600.0,358.3133089838293,6.6913949587898884e-12,96.7986167723013,0.0009568079037511163,51.80920892180626
3661200.0,378.39258381462366,5.892553365856022e-12,96.79295606159093,0.002785219047626275,51.85473978294718
3664800.0,365.65613235604417,4.8408219153122794e-12,96.78791296685718,0.002419874765685763,51.88625126695007
3668400.0,357.8639485727625,7.327612772431433e-12,96.79644198525683,0.001497050601541267,51.9268622863965
3672000.0,385.3087057332137,5.591534270531705e-12,96.79219548723427,0.0034277495421722363,51.97584455636735
3675600.0,360.1405972377825,5.641631443235842e-12,96.78605471588938,0.0027356319137780143,52.010511426532815
3679200.0,356.3471224570827,8.004063568392779e-12,96.79328821364498,0.0021757526621126247,52.04762546397478
3682800.0,390.9511682232293,4.944259996880849e-12,96.79539809185472,0.004089679664046456,52.09497588612487
3686400.0,356.29797834363274,6.1627964454999564e-12,96.78906631905578,0.003020820038462067,52.132309676500135
3690000.0,354.8867683248071,8.572046345620922e-12,96.79420872226956,0.0027247917478246566,52.165765432430135
3693600.0,394.43551911166384,4.345401336264135e-12,96.79908978093202,0.004527989128502145,52.211431593815675
3697200.0,354.3201512267041,6.2689473883920375e-12,96.79225534884912,0.0031208650801778353,52.25269306501364
3700800.0,354.23464521099544,9.18122129894111e-12,96.79318671096388,0.003057668236022457,52.28438942651869
3704400.0,395.2767824776247,3.970552792863326e-12,96.79950816531952,0.004636990206041831,52.32833441567647
3708000.0,353.97502479255195,6.005588048185672e-12,96.79121927879888,0.0029524588097319506,52.37356688648738
3711600.0,355.1039712971604,9.464143711643813e-12,96.78771991161427,0.003106289999804753,52.4049171586173
3715200.0,393.2453767914106,3.6987692909365194e-12,96.79472719837544,0.004385094562101661,52.44543203056612
3718800.0,355.2241453378174,5.651148399843895e-12,96.79213626202235,0.0025007398642942352,52.492197729538674
3722400.0,357.52178541978043,9.242375127262406e-12,96.78698281491585,0.00289172226954965,52.525341983540386
3726000.0,388.54473944207166,3.6328953866783263e-12,96.79575504560864,0.0038348792892623058,52.56274285834461
3729600.0,356.4977060517374,5.747422691886591e-12,96.79716251323983,0.0018953303979523403,52.61065565265036
3733200.0,362.0234011552616,8.374283216998893e-12,96.79049271196688,0.002586360196800951,52.6482847119744
3736800.0,381.99235547906414,3.655826140120062e-12,96.7965443650341,0.0031442645443618736,52.68234608950919
3740400.0,357.47629122782195,6.1339769982080965e-12,96.80025033198652,0.0012137527498784024,52.72931490165076
3744000.0,368.33288063426164,7.142142728739362e-12,96.7926949467787,0.0024037864083673423,52.77099769288053
3747600.0,374.5160210811844,3.995827714395449e-12,96.79260330537697,0.0025724595747602125,52.801469151280024
3751200.0,358.0342829310341,6.685478178940319e-12,96.79917885699956,0.0008490956918299809,52.84511299675271
3754800.0,375.4715314196942,6.3055965579032904e-12,96.79135055251282,0.002607506763158136,52.89149220138403
3758400.0,367.5085416250188,4.701395404743911e-12,96.78813878416081,0.00241030899918309,52.92420671743338
3762000.0,357.3273211608098,7.441544659103786e-12,96.7960029295476,0.0012805114584982522,52.96629743845694
3765600.0,382.59689848501114,5.830794716698431e-12,96.79328733929967,0.003230354071952544,53.013454303100296
3769200.0,361.5618507192778,5.475314528231357e-12,96.78934985573287,0.002617950686685398,53.04673366799274
3772800.0,355.8649606265414,8.052414068607006e-12,96.79735273701783,0.0019575073163765,53.08416679593092
3776400.0,388.7369978278532,5.151297761072611e-12,96.7980406976393,0.0039049481659748364,53.131336116728995
3780000.0,357.0931093173766,6.1171464351258745e-12,96.79149357140037,0.002926660427259706,53.16755462064344
3783600.0,354.35902178405036,8.55105562882211e-12,96.79742862335044,0.002558253201816059,53.20153859189399
3787200.0,392.95444548347797,4.576889168927836e-12,96.80060969166095,0.00441537277309075,53.24768857418911
3790800.0,354.45417012106395,6.452764998942773e-12,96.79173520996461,0.003103599661411286,53.288952312608174
3794400.0,353.473342176651,9.145429381250598e-12,96.79263259811992,0.002982016564745841,53.32068177695407
3798000.0,394.76824235584985,4.136848083809925e-12,96.79788442175253,0.004636912335916461,53.36527061040194
3801600.0,354.0217098472647,6.2169480512233845e-12,96.79011338036055,0.0030121002676396125,53.40954104368372
3805200.0,353.6558632994882,9.609957625792152e-12,96.78910140357007,0.0030860934283433714,53.44001115168177
3808800.0,393.4391190284893,3.780010560557926e-12,96.79708524345683,0.004474970191693404,53.48194664267133
3812400.0,354.7115520303308,5.813369394664068e-12,96.79472018024919,0.002666903131089847,53.528693969667586
3816000.0,355.4278319938046,9.623638727040699e-12,96.79092314715652,0.0029862796112704263,53.561968548120475
3819600.0,389.61690564015834,3.608537248021927e-12,96.79981180001492,0.004024606799662227,53.60000667724541
3823200.0,355.77338786895405,5.79384316345575e-12,96.79956798106487,0.002116500349281862,53.64846170315718
3826800.0,359.465533579203,8.90633805994039e-12,96.79261121611158,0.0026826281760227513,53.68562774704552
3830400.0,383.6746152377878,3.5299359567092045e-12,96.7982755893894,0.003362186666592684,53.71891124021616
3834000.0,356.9578418470813,6.0968250012637675e-12,96.79962931106753,0.0014312075084751742,53.765374408284536
3837600.0,365.3323859541401,7.72126696646288e-12,96.79137844974699,0.002402778660419872,53.806195820356336
3841200.0,376.51919181352855,3.811611007392273e-12,96.79241181562139,0.0027019486352448012,53.838671207028376
3844800.0,357.6102190001926,6.707191161225411e-12,96.79836854167998,0.0008801366632449674,53.88518287983179
3848400.0,372.0683894669176,6.7900987497934734e-12,96.79111184761582,0.0024849073697332537,53.93011807056008
3852000.0,369.64149380199063,4.484229933613888e-12,96.79102801824672,0.0024011282159162087,53.9615431841526
3855600.0,357.01144255132095,7.440591912001243e-12,96.79922482743862,0.0010366952886309321,54.00417960558797
3859200.0,379.2478351758148,6.082350751035164e-12,96.79572106798373,0.0029724885906924577,54.04986478943587
3862800.0,363.17108935687634,5.241270015978817e-12,96.79240811872805,0.002489572653682858,54.082405841690885
3866400.0,355.70255074971595,7.998084152289415e-12,96.80065955351827,0.0016780187789570073,54.12045468801116
3870000.0,385.9007520206976,5.35672084035331e-12,96.79965026219666,0.0036482966709153117,54.16725981263581
3873600.0,358.11696495050586,5.969159367195942e-12,96.7930726455083,0.002793091337060991,54.20348990922455
3877200.0,354.08085563366427,8.469358616412715e-12,96.79805643372094,0.002351841969350744,54.23766163090784
3880800.0,391.1337653914277,4.8110936780767245e-12,96.79999274261891,0.00426180933078882,54.285337995368444
3884400.0,355.0782545895566,6.500685091994607e-12,96.79002727394243,0.0030599374171615245,54.32543652061631
3888000.0,352.8516686904333,9.073738823372158e-12,96.79219903841447,0.0028163308488753543,54.3563412240401
3891600.0,393.6521769291272,4.3391230604981174e-12,96.79767727602935,0.00456232775281633,54.40219569691241
3895200.0,354.08009030974745,6.413918097958222e-12,96.79222774865946,0.003049052861881661,54.445360863139825
3898800.0,352.2727257940493,9.712876814691617e-12,96.7924504026172,0.003070666138717624,54.476632527638
3902400.0,393.5399161093413,3.864854736751371e-12,96.80149800446891,0.004562355404240586,54.519468493512996
3906000.0,354.20744328736373,5.9915042274891126e-12,96.79733436085601,0.0028286156456801045,54.565846127856
3909600.0,353.4620725831348,9.952228584882302e-12,96.79398429853882,0.0030558415767868424,54.599529528400566
3913200.0,390.70164629476443,3.6236976338972203e-12,96.80231599851086,0.004216794877343187,54.63823729893828
3916800.0,355.1133989045252,5.8463371174878186e-12,96.79947891384518,0.002358503780589501,54.68557057021624
3920400.0,356.7964661312462,9.439665183846183e-12,96.79320887093273,0.002790891338399657,54.72127953196769
3924000.0,385.4140655792911,3.4875119258710307e-12,96.79733918368417,0.003579979884441928,54.75552058812055
3927600.0,356.5306789778743,6.0458474893253084e-12,96.79998532057995,0.0016952065506339118,54.80367097736703
3931200.0,361.79407212766347,8.39699235981762e-12,96.79027167281643,0.002467094185389057,54.844581830380235
3934800.0,379.0989696561066,3.657989659332178e-12,96.79430632481937,0.0029310298304005746,54.87758884431257
3938400.0,357.14835854798235,6.652125411934021e-12,96.79938513123572,0.0010759617174095671,54.92452600390256
3942000.0,368.14840996235273,7.305055125299287e-12,96.79295882142564,0.002378327034976368,54.9666267937635
3945600.0,371.98484077584243,4.2514515193289435e-12,96.79504290591039,0.0024392679583460806,54.997978758516396
3949200.0,356.84355569430363,7.343086242800761e-12,96.80249884820459,0.0008506705877399901,55.04109334433268
3952800.0,375.46925414857395,6.340172349184027e-12,96.797472033002,0.0027029951284960074,55.0859399298924
3956400.0,365.1682686863792,4.935274171110602e-12,96.79499903024626,0.002363970689749477,55.11806086130195
3960000.0,355.692550038564,7.847334044230606e-12,96.80306471148401,0.001364368896463315,55.15730419594881
3963600.0,382.65311630775426,5.548060934927166e-12,96.80005855740758,0.003359035865172275,55.204401706329946
3967200.0,359.58896124502303,5.677432193011833e-12,96.79168553728755,0.0026594480356628724,55.240061093873386
3970800.0,354.06885516159866,8.319965466955554e-12,96.7972991330003,0.0020490371016041245,55.27483121260703
3974400.0,388.5367279492899,5.086211728440247e-12,96.7978609604539,0.004012784074150034,55.32235241146512
3978000.0,356.0470981029079,6.374971891305313e-12,96.79018960453116,0.002928897143200474,55.360897659398766
3981600.0,352.34925994899555,8.980326487272022e-12,96.79596221009625,0.0026107766388451794,55.39319404973416
3985200.0,392.13540983642656,4.574761497213902e-12,96.80122691163791,0.004450001172057484,55.43990179142039
3988800.0,354.18560881085835,6.526564555059069e-12,96.79482361650147,0.0030756054568751635,55.48183859672759
3992400.0,351.21057744626626,9.72791407146405e-12,96.79682592262064,0.002997172667026158,55.51418067955998
3996000.0,393.2141335610933,3.966013550066395e-12,96.80477584080333,0.004594673076929808,55.55856672787048
3999600.0,353.78324701918086,6.129950927533742e-12,96.79846032559098,0.002962886333857092,55.603689767517935
4003200.0,351.6969146081887,1.0200466535233843e-11,96.79553108888267,0.003092081691093949,55.63660503192893
4006800.0,391.5424516502638,3.674830294033318e-12,96.80258992486513,0.004379395898860965,55.675377066994315
4010400.0,354.7529449832769,5.843717678868755e-12,96.79884852934953,0.0025674512708586126,55.72212254666289
4014000.0,354.0581238128081,9.963743852616532e-12,96.79192721141757,0.0029072561578072946,55.75785636065586
4017600.0,387.4681585547416,3.516256981459129e-12,96.79842939809234,0.00386426371602743,55.79526416360354
4021200.0,355.93674922792655,6.025441119774514e-12,96.7985093275834,0.002021292536757275,55.84412775547376
4024800.0,358.0733154186005,9.076752908557817e-12,96.7916146340225,0.0026057432343744454,55.88211173895877
4028400.0,381.59531675567524,3.602894314581603e-12,96.7981660977915,0.003200246933482057,55.91512710800199
4032000.0,356.7129562633861,6.522116276183076e-12,96.80266758828019,0.0013687827749046277,55.96227083555405
4035600.0,364.03229814372827,7.874264578683435e-12,96.79566973569644,0.0023416888662011453,56.00276856558636
4039200.0,374.5860521947405,4.060858860086099e-12,96.79813583127631,0.0025815290377777396,56.03409547172852
4042800.0,356.7222218117024,7.1617708671851964e-12,96.80541468952364,0.0008329256952426407,56.078539597676
4046400.0,371.2124071488007,6.67249736200501e-12,96.7984135665563,0.002457315657778253,56.12214342324134
4050000.0,367.53825945893885,4.623950858303861e-12,96.79582334316223,0.002319367948327035,56.15484519838571
4053600.0,355.7952212803318,7.627743285367832e-12,96.80217522905726,0.0010488603775558813,56.194822923165
4057200.0,378.69996621462974,5.7740997476841896e-12,96.79787238361612,0.003025172026537731,56.2416572045946
4060800.0,361.72872202461775,5.277252552688496e-12,96.79120937273508,0.0024651759676200414,56.27613186945532
4064400.0,354.2897575117598,8.117098729493827e-12,96.79948035260286,0.0016819297414098395,56.312218401206856
4068000.0,385.0524691509371,5.411199442322031e-12,96.79896858409873,0.0036715534947733,56.3599376537664
4071600.0,357.38348887947734,6.08779518173198e-12,96.79369969207374,0.0027853416506938354,56.39703021254207
4075200.0,352.126366482462,8.845072440202037e-12,96.80030138618392,0.0023525312462031735,56.43116530913691
4078800.0,389.8847409098948,4.885848795881594e-12,96.80461875539203,0.004253014155605373,56.478910566704286
4082400.0,354.637248100407,6.496429642740945e-12,96.79706269267045,0.0030317628964699386,56.51961383762767
4086000.0,350.6118081996949,9.628093825769762e-12,96.79973136646684,0.002837400971433741,56.55257844935611
4089600.0,392.3242525969356,4.109117696067141e-12,96.80619166419764,0.004558083413894535,56.59727177263199
4093200.0,353.7304630251716,6.200854254997829e-12,96.79733439613791,0.003037205248021222,56.63992520545743
4096800.0,350.37822393724537,1.0299314785836451e-11,96.79673234072519,0.0030363454761205906,56.67237001331142
4100400.0,391.82971398898775,3.765458825088718e-12,96.80249852169891,0.004476779882748654,56.714748588166735
4104000.0,354.3753634215994,5.888504172153496e-12,96.79753343385886,0.002782588479953881,56.7621820619037
4107600.0,351.3951796380844,1.0485778295756211e-11,96.79261651392247,0.0030147045852052285,56.79667849746655
4111200.0,389.1683105867773,3.6034510162602558e-12,96.80137222509137,0.004133016823488501,56.83447697612082
4114800.0,355.43263427721496,5.921806969142604e-12,96.80063724027873,0.0023438259760515576,56.88268278499625
4118400.0,354.51095641485983,9.775596563012627e-12,96.79488219450232,0.0027488671944270507,56.91825575425233
4122000.0,384.0063834190406,3.6412703652464974e-12,96.80215452727,0.0035141545811170102,56.95252854555565
4125600.0,356.3266305579517,6.300491558770247e-12,96.80504157868545,0.0017126753832263297,56.99980410531018
4129200.0,359.7549000704014,8.576503390161758e-12,96.79721399214517,0.0024030038940151804,57.03857742898214
4132800.0,377.42569475896744,3.95392750554384e-12,96.8009359556031,0.0028297493623364125,57.071228958334174
4136400.0,356.5228615232191,6.909131550996129e-12,96.80561303424065,0.0010461069847320723,57.116302525849406
4140000.0,366.6913202257317,7.1765620496074824e-12,96.79767910940676,0.002311644827053402,57.15959418296687
4143600.0,370.586282685977,4.358249545649897e-12,96.79547854063802,0.0023648691220462172,57.192032239907405
4147200.0,356.1378007755935,7.346652461772618e-12,96.80198982049316,0.0007768065771959947,57.23354604111652
4150800.0,373.89993301643045,6.125497002355561e-12,96.79667645231216,0.0026541051284766624,57.278727768829135
4154400.0,364.2890521819306,4.907361893615886e-12,96.79429499440013,0.002302885813794562,57.31220557084626
4158000.0,354.5070464306569,7.905618785174963e-12,96.80342450846673,0.001291818516602204,57.35118956901542
4161600.0,380.8922819550034,5.755799012081302e-12,96.80226698460056,0.003298371333357724,57.39871689438057
4165200.0,359.1485559011436,5.72545209064789e-12,96.79700186374299,0.002592119759987934,57.433986359582725
4168800.0,352.3633075987626,8.642821717949558e-12,96.80440017270759,0.001997970183397569,57.470630057060916
4172400.0,386.7337856180809,5.293511472402037e-12,96.80625653947199,0.003959373963809307,57.5188890050591
4176000.0,355.61149354419604,6.343117408897359e-12,96.79795685717508,0.0029135882240673493,57.55628980516098
4179600.0,350.5146184241795,9.419740504999276e-12,96.80120399586313,0.0025614080011118656,57.58966469395473
4183200.0,390.3904507566407,4.412116746702726e-12,96.80458825525561,0.004391380821025912,57.635861768352726
4186800.0,354.1417138794501,6.247402567024184e-12,96.79686685366023,0.0030203026297507814,57.67814276094102
4190400.0,349.28816532477674,1.0291523528956124e-11,96.79615739454574,0.0029193894465532593,57.71154098323974
4194000.0,391.67123794754787,3.935957964433773e-12,96.80372991923258,0.00454815652079031,57.75576779879339
4197600.0,354.1605746886712,5.956276133680892e-12,96.7977817211226,0.0029499574889981076,57.80111997836189
4201200.0,349.2023601511671,1.081523289690303e-11,96.79616177025272,0.0030444462275122106,57.83377760511245
4204800.0,390.143761386154,3.754735285352997e-12,96.80553931145538,0.004339993169359204,57.87314416559665
4208400.0,354.85560985671714,5.85730510753626e-12,96.80290530133098,0.002616473523948437,57.92023262977886
4212000.0,351.36792064626275,1.043981332459294e-11,96.79804732947015,0.002889178182616452,57.95425791147696
4215600.0,386.1671578859653,3.730261607724859e-12,96.80549221444551,0.0038332549705129538,57.990230772241716
4219200.0,355.74401698120863,6.049461152331332e-12,96.80645505097588,0.002071527763416261,58.03815768362675
4222800.0,355.70828016208014,9.410252400724424e-12,96.79777747759843,0.002551122793008236,58.075447895409845
4226400.0,380.52833746276644,3.915131428807038e-12,96.80169286236924,0.0031812728771261197,58.10980061316239
4230000.0,356.31691501905294,6.563005276348919e-12,96.80392071167414,0.0014037054848268324,58.1558787636509
4233600.0,361.674189530516,8.011312811288188e-12,96.79581901928705,0.002280771306135763,58.195829037022115
4237200.0,373.96159637993316,4.196904748492915e-12,96.79699589883955,0.002552286611703128,58.22884698706945
4240800.0,356.22042547967686,7.056168661921818e-12,96.80528070256953,0.0008232687872512719,58.273035149016685
4244400.0,368.5473128781658,6.732034546476867e-12,96.7989964340179,0.002364640487517116,58.316782431120465
4248000.0,367.4492892527657,4.625246219692708e-12,96.79900694978537,0.0022609510530533397,58.349185723258
4251600.0,354.83448547191375,7.653809306505279e-12,96.80779343717423,0.0009188807693282054,58.39108817471809
4255200.0,375.8966951981785,6.1786204813211325e-12,96.80447484858264,0.0028787582715846765,58.4384777779452
4258800.0,361.617790323561,5.363662030744228e-12,96.7997792393739,0.0023899931838285565,58.471951581236155
4262400.0,352.88531973446,8.403508147795912e-12,96.80619843315998,0.0015608342189716389,58.509621831371334
4266000.0,382.59667918984815,5.801558411928508e-12,96.80558944888148,0.0035611333596656048,58.55729615811879
4269600.0,357.3534070291298,6.097048158315451e-12,96.79665915192967,0.0026783001130208967,58.59299965559895
4273200.0,350.8623374515616,9.156660626163904e-12,96.80279243600579,0.0021745344097848446,58.62851681085409
4276800.0,387.4960143003898,4.937509721220464e-12,96.80437510549648,0.00412935030425653,58.67721215816403
4280400.0,355.07906428985905,6.310684722367168e-12,96.79610066428883,0.002943106545103462,58.71741195844788
4284000.0,348.72890731381364,1.006634458580167e-11,96.79935164452897,0.0026866868043389997,58.750746103572446
4287600.0,390.23023980832534,4.310254591473059e-12,96.80654450627809,0.004467014489489807,58.79541884540154
4291200.0,354.2132922430039,6.148061471823794e-12,96.80048710380325,0.003008062962533077,58.83868035312913
4294800.0,347.88247859400275,1.0823325555901048e-11,96.80055717640523,0.002967918510069215,58.87064701630257
4298400.0,390.34681074191997,4.010041763629535e-12,96.80867333424138,0.004459945905371465,58.912071955724805
4302000.0,354.38195159578964,5.942349182334409e-12,96.80466320065126,0.002817532682346559,58.958025484428376
4305600.0,348.8460408383682,1.0926621415771282e-11,96.80013574926711,0.0029754385274107873,58.99068424443001
4309200.0,387.9636638113568,3.851275608722904e-12,96.80762874025325,0.004136937921755635,59.02984828358897
4312800.0,355.0361043099942,5.889883634353452e-12,96.80401735472032,0.002406007511296773,59.07733692986299
4316400.0,351.91792904231613,1.0297582134105385e-11,96.79664484277617,0.002735283391751648,59.112248446265276
4320000.0,383.49733233895995,3.901246662170503e-12,96.80185916028005,0.0035740225609477263,59.14807001565303
4323600.0,356.0730185343291,6.1923286290837335e-12,96.80433308331406,0.0018198851105061535,59.195266441159376
4327200.0,356.52542067476446,9.152884108374851e-12,96.79664969781894,0.002396355065100762,59.23296371886518
4330800.0,377.5768532486957,4.05207315251225e-12,96.80249955462739,0.002912694767254085,59.26674266033882
4334400.0,356.08235845378255,6.723429599356013e-12,96.80838940272437,0.0011886040825729296,59.31318360767659
4338000.0,362.84493206280405,7.724722250018509e-12,96.80165254488986,0.0022277738258658147,59.35564407396689
4341600.0,371.0636277708695,4.3849863376707686e-12,96.80322403800632,0.0023785660840516167,59.38792816939565
4345200.0,355.24830225104085,7.344875003967957e-12,96.81015978095967,0.0007455498692588492,59.43163273139227
4348800.0,370.14636093971745,6.820144256743544e-12,96.80479479774361,0.002482324572966712,59.4773959892919
4352400.0,364.8191732966012,5.028935314101658e-12,96.80005309449547,0.0022203228995396457,59.508513422985004
4356000.0,353.8522721099178,8.102215846898978e-12,96.80794454002144,0.0010278939785506955,59.54813114964834
4359600.0,377.14015313851104,6.403961001406414e-12,96.8035986237606,0.003043426427483226,59.59709086211036
4363200.0,359.9588638477993,5.7934744645954364e-12,96.79676969086424,0.0024406659370275418,59.63224835723118
4366800.0,351.49927859135437,8.957613748494505e-12,96.80367694801431,0.0016930845107348052,59.66987535243617
4370400.0,383.2112040137663,5.624798266389778e-12,96.8053694231261,0.003724213366714112,59.717988745698
4374000.0,356.6135498623086,6.263118948677905e-12,96.79892661874597,0.0027440749137311563,59.755090899456576
4377600.0,349.05117151637563,9.714041323738965e-12,96.8046180004724,0.0023074555631494983,59.789132817067255
4381200.0,387.44897398815027,4.864342692403824e-12,96.80939696347359,0.004226445964982607,59.835184948975495
4384800.0,354.62022527789406,6.4119781474316875e-12,96.80227694204441,0.0029398918500915987,59.875795159099695
4388400.0,347.4344558122227,1.0516302999742058e-11,96.8045347248136,0.002748135918964624,59.90782435716947
4392000.0,389.35934678383364,4.4114346332846066e-12,96.8108579342334,0.004438892304212659,59.951711430579266
4395600.0,353.9320619675471,6.280151665770956e-12,96.80348329852202,0.002920430832594799,59.996553299963956
4399200.0,347.27149001419895,1.1041334029984356e-11,96.80055175916722,0.0029544879637610384,60.02853300025525
4402800.0,388.93149069189747,4.056096831126327e-12,96.80701053207947,0.004355345850261298,60.069682104597305
4406400.0,354.54512664549827,5.965859849633638e-12,96.80198696918264,0.0026809640395605134,60.116518430355306
4410000.0,348.63415871784736,1.1014724517033393e-11,96.79766999727138,0.0028590064260306377,60.14861269345948
4413600.0,385.88077833565876,3.907042255788269e-12,96.80559900241538,0.0039494593371871955,60.18704132118489
4417200.0,355.3493729679255,6.008923364125914e-12,96.80655239800296,0.0022478195422463553,60.23501716830622
4420800.0,351.8859188246125,1.0325820204880348e-11,96.80049007309599,0.0026174912789002744,60.2711115334388
4424400.0,381.07167493334475,3.866798605307237e-12,96.80770592757546,0.0033583936829923813,60.30608441906191
4428000.0,355.72159514580085,6.4042097876679776e-12,96.81089816923613,0.0016627412169260588,60.35420657550287
4431600.0,357.1797451604304,9.016999267106759e-12,96.80322690517976,0.0023006621292273053,60.39479267045589
4435200.0,375.05636259777697,4.045523471075158e-12,96.80604020906037,0.0027167445889352917,60.426241982263875
4438800.0,355.61488779517475,6.990665254876744e-12,96.8101188963611,0.0010211901538598573,60.47085237937319
4442400.0,363.83948788034616,7.802347731885741e-12,96.80241638771278,0.0022031571161052537,60.51509747255051
4446000.0,368.78847888600325,4.618912976275899e-12,96.80041936321061,0.002261247291078553,60.5471613240002
4449600.0,354.65601821259236,7.821056344572051e-12,96.80794645055238,0.0007032037289606898,60.591149743674606
4453200.0,370.8519209469811,7.095848287573566e-12,96.80278244671955,0.0025691148302915707,60.638416795031766
4456800.0,363.3770417533671,5.351158561875188e-12,96.79976655615978,0.002237608924254065,60.67086870990187
4460400.0,352.57339150857985,8.672373008663062e-12,96.80819565383065,0.001137672419887646,60.71055686580591
4464000.0,377.5515815713241,6.303854294740545e-12,96.80737699007771,0.003179050305215311,60.75759239201115
4467600.0,358.811517357912,6.004511057955935e-12,96.80186446387242,0.00246483671351254,60.79224144222712
4471200.0,350.1645418929195,9.340565372456912e-12,96.80913737472103,0.0017903500483015707,60.82777256904686
4474800.0,383.2099771355563,5.4733405620282386e-12,96.81087780541203,0.0038034429293612795,60.87459434311349
4478400.0,355.61635302922434,6.503423429117554e-12,96.80345255489136,0.0027400541090841263,60.91350958177543
4482000.0,347.99297366174665,1.0033129741885785e-11,96.80639114538548,0.0023857117239870318,60.946148073413546
4485600.0,387.1466735040386,4.908035888395212e-12,96.81050027609018,0.004257283708210701,60.992712297966584
4489200.0,354.1410043105991,6.650901775508033e-12,96.80076999265751,0.0029121756691088125,61.035341076740394
4492800.0,346.6168853669791,1.079348101217962e-11,96.80065107477658,0.0027513603153947117,61.0656201227228
4496400.0,388.45384646037996,4.4091679974038584e-12,96.80763978380621,0.004394251613158678,61.10976019037112
4500000.0,354.122038830626,6.322170489244369e-12,96.80353285864668,0.002841838498134337,61.15490116480953
4503600.0,346.3591084674024,1.1322708133666618e-11,96.80133887454548,0.0029132757026589817,61.186701770365644
4507200.0,387.39905077150416,4.029928515032996e-12,96.81091371039919,0.004250298358448336,61.22741067474009
4510800.0,354.5341704640816,6.094967922963895e-12,96.80859588690555,0.002592833973791637,61.275127576487584
4514400.0,348.1060775844596,1.1218515602926286e-11,96.8035078421584,0.002814187156529132,61.3101785959727
4518000.0,384.0938301089056,3.818359429813374e-12,96.81125776425613,0.0038113362955899343,61.34682296546594
4521600.0,355.13803284078926,6.231207387940442e-12,96.8104339398781,0.0021356108041781932,61.39453639691364
4525200.0,351.9802922410558,1.0299926139176812e-11,96.80326729536804,0.002505925718351777,61.4320957277903
4528800.0,378.93679880023427,3.774020999871435e-12,96.80606033070792,0.0031631353545219184,61.464932741350154
4532400.0,355.78393235869925,6.6325344357626295e-12,96.81052911666848,0.0015346565952701122,61.512627424945244
4536000.0,357.2824400429719,9.09186689856928e-12,96.80083799042917,0.002209875655515808,61.5554708029588
4539600.0,373.3562803969652,4.153917508119479e-12,96.80318034851969,0.002581911774520478,61.58781834126831
4543200.0,355.28838650973273,7.426262533752012e-12,96.80950732212487,0.0009543692929809999,61.63373613829803
4546800.0,363.74171367108295,7.98850256709028e-12,96.8037694429858,0.0022051778619625053,61.677350180429414
4550400.0,367.3456586710946,4.818762787421466e-12,96.80421200155378,0.002187416841642027,61.70885643960475
4554000.0,353.8860515352965,8.234679166208394e-12,96.81219493356488,0.000699090270330203,61.75064274181439
4557600.0,370.82632971997333,6.954927931551476e-12,96.80828346132499,0.002591170271150593,61.79651317880946
4561200.0,361.8528852670718,5.48477833660914e-12,96.8045712490831,0.0021756027949557085,61.82942630528921
4564800.0,351.738763750156,8.873173682900194e-12,96.812433124481,0.001180621088659481,61.867420615539054
4568400.0,377.60782332490476,6.06140033474608e-12,96.81069389251876,0.0032355546681424653,61.91490702274288
4572000.0,357.54466826758346,6.16758627105593e-12,96.80149830859628,0.0024659694469139804,61.95169903353256
4575600.0,349.3385910960201,9.503611311661083e-12,96.80653546712969,0.0018308057347515034,61.98556062499441
4579200.0,383.0377552911884,5.506272515418839e-12,96.80818330290211,0.003839548016647434,62.03297319173236
4582800.0,355.09389659594365,6.688464158071033e-12,96.80043395119802,0.002720999263336635,62.07262055955336
4586400.0,347.00608600201394,1.0310028426899075e-11,96.80523858369425,0.00238449425789521,62.104453640268105
4590000.0,386.35000154631365,4.8987093234635365e-12,96.81134768605372,0.004233425795165064,62.15070342792988
4593600.0,353.9045150082176,6.6766549037791154e-12,96.80514107389685,0.002875533788416715,62.19363405994935
4597200.0,345.4436761645824,1.1153876582374397e-11,96.80629451211905,0.002778181814349134,62.225984490034655
4600800.0,387.4068350764612,4.287572457821527e-12,96.81460993523775,0.004356065373025044,62.26968978118577
4604400.0,353.76311919409903,6.327397799694438e-12,96.80875797958133,0.0028093213861774395,62.31552090366333
4608000.0,345.57619975982595,1.1640077299879683e-11,96.80521407062034,0.002890652456718017,62.34876643707439
4611600.0,386.0557210611268,3.970359061814333e-12,96.81220151602808,0.004152397411309052,62.38690498293022
4615200.0,354.6178524561889,6.159943854786983e-12,96.80906105081701,0.00251079100045827,62.43402550183761
4618800.0,347.559320652582,1.1349394175426908e-11,96.80168868328664,0.002737089729417469,62.47027189988486
4622400.0,382.6670422107875,3.78307368217298e-12,96.8080237268317,0.003687119894297689,62.507291174721665
4626000.0,355.388421831919,6.4058294683186555e-12,96.8085184922428,0.002082406203215489,62.55629620139557
4629600.0,351.15611729432396,1.0407467779838282e-11,96.80149867882295,0.002455238854519882,62.59467691329208
4633200.0,377.73571614747647,3.895711389667053e-12,96.80783853772914,0.0030753840719459184,62.62755863584168
4636800.0,355.59014465263266,6.96095781157437e-12,96.81254323879648,0.0015131038705914921,62.674736608074745
4640400.0,356.6549278271487,9.116851939785008e-12,96.80552659386832,0.0021446718157301574,62.71548856516991
4644000.0,371.78979431707654,4.357838822255593e-12,96.8078723252537,0.002456553226308916,62.746832412129464
4647600.0,354.9672032580217,7.678097896897645e-12,96.81520622489202,0.0008870695280068877,62.79136605709125
4651200.0,363.4095594903628,7.758821110367779e-12,96.80816517019402,0.0021389535126528506,62.83506714418334
4654800.0,365.7707640127421,4.8996233755289654e-12,96.80559324506079,0.0020995931997612213,62.86781213936116
4658400.0,353.39228752400476,8.26626965400158e-12,96.81194658554627,0.0006617345128697815,62.90801828390101
4662000.0,370.62856443054494,6.665153574348498e-12,96.80747363027128,0.0026018885892119085,62.95484815170097
4665600.0,360.8007535338003,5.4990085898446035e-12,96.80094590063273,0.002139343725030611,62.98924832856713
4669200.0,351.23068692840155,8.874169997542311e-12,96.8093560041871,0.0011613506319480044,63.02572843348651
4672800.0,376.99552319907144,6.173954560242959e-12,96.80848713973285,0.0032135066504465344,63.07348527063838
4676400.0,357.0090954105912,6.245592150078837e-12,96.80336024996569,0.0024246875108372584,63.1103082809343
4680000.0,348.3475616193488,9.708084757048286e-12,96.81028279951768,0.001847005401550877,63.14489006051649
4683600.0,382.2254288406426,5.602275241933432e-12,96.81409875459217,0.003822186215838522,63.19291153788857
4687200.0,354.50971567404235,6.689036644365249e-12,96.80649699221559,0.002714920701148059,63.233126027137416
4690800.0,345.9809973707835,1.0595454788898085e-11,96.80973921546185,0.0024060796653921144,63.26639448263935
4694400.0,385.49557129884045,4.702631510495669e-12,96.8157386542268,0.004216243894467362,63.31171452025547
4698000.0,353.55994620491674,6.500859715177468e-12,96.80650526517601,0.0028378432711381584,63.35376915984344
4701600.0,344.7254137941541,1.1456145627972333e-11,96.80669081493559,0.0027189495258716566,63.38622175608495
4705200.0,386.20516117285496,4.222268826422218e-12,96.81221904061778,0.004275136053073862,63.4295511110479
4708800.0,353.9916985977161,6.2147993706227276e-12,96.80647607902621,0.0027653266115883345,63.476496978948134
4712400.0,344.53514370669933,1.19972833953343e-11,96.80234475367338,0.0028476624873755322,63.510558824499185
4716000.0,384.996870751916,3.991670912678461e-12,96.81129230342087,0.004094858810341495,63.549450199560674
4719600.0,354.797999696779,6.1804773403557195e-12,96.80950602583995,0.002519888978040175,63.59749330784039
4723200.0,346.31496554370267,1.1584757501807303e-11,96.80433585260027,0.0027067105723805216,63.632248887389025
4726800.0,381.40581530344474,3.944127607627202e-12,96.81226166705147,0.0036136965452831207,63.66756494860556
4730400.0,355.4407339304952,6.4500725055312574e-12,96.81393067665604,0.002065217402435267,63.71520884697665
4734000.0,350.24655845475365,1.0487704386114722e-11,96.80626632916429,0.0023773733489235024,63.752806141021324
4737600.0,376.2818871112887,4.162400480954629e-12,96.81112658847346,0.0029730565151522173,63.78617790744369
4741200.0,355.4484611482244,7.0476958106295685e-12,96.81470193608163,0.0014596159843901027,63.832351349848594
4744800.0,356.0783046292121,8.992210181854821e-12,96.80618738491208,0.0020587365982062617,63.874290029141605
4748400.0,370.6062374823672,4.495286159408077e-12,96.80556253486158,0.002373629709363957,63.90681981323741
4752000.0,354.89517586211707,7.592206128624068e-12,96.81140514700827,0.0008389720105018768,63.95003188849838
4755600.0,362.6155458492754,7.575978908537623e-12,96.80500017977569,0.0020910556806180217,63.993905523374096
4759200.0,365.00734766854305,4.932001079065317e-12,96.80410095588988,0.002027180894188368,64.02686438795003
4762800.0,353.05147050099384,8.203587531046917e-12,96.81326768056768,0.0006166559712644403,64.06787900459325
4766400.0,369.52363093111825,6.844921894349943e-12,96.81032029037286,0.0025409700949075133,64.11469131541905
4770000.0,360.1019114151193,5.6164010255806694e-12,96.8064023850929,0.002090487859555695,64.14861176174385
4773600.0,350.45497180462684,9.007855720814426e-12,96.81462313853014,0.001152824860662069,64.18721552687776
4777200.0,376.00014530430184,6.458039981043278e-12,96.81439589708414,0.0031908610656345895,64.23563801122692
4780800.0,356.3731580213088,6.346408517093685e-12,96.806795188399,0.00239250026723135,64.27110039253162
4784400.0,347.7742422582153,9.857498026408664e-12,96.81141913090637,0.0017874019420379382,64.30576926963536
4788000.0,381.04770791508315,5.535228183281046e-12,96.81302656558658,0.003759484448506732,64.35333889810654
4791600.0,354.39504697027286,6.551220564633246e-12,96.80478433516483,0.0026458436685983205,64.39343393723738
4795200.0,345.2627743526564,1.0834792365468245e-11,96.80653580278168,0.0023216362242081423,64.42744302319088
4798800.0,384.2914229009276,4.731867543180936e-12,96.81263286372801,0.004163158376537161,64.47378193158393
4802400.0,353.8170340822713,6.3839140889506344e-12,96.8054150157652,0.0028100420597800347,64.51699984794011
4806000.0,343.42941777960175,1.183837014003123e-11,96.80623366424834,0.0026892262235942662,64.54938434609068
4809600.0,385.1048805191944,4.379273624411344e-12,96.81501162065292,0.004244883245145274,64.59125592239596
4813200.0,354.044689924849,6.198791083835977e-12,96.81018858124237,0.0027477758682071074,64.63703448799214
4816800.0,343.43236399121247,1.222621931310625e-11,96.80745323516487,0.0027952627929459443,64.66961288008362
4820400.0,383.63172336860265,4.178821136218188e-12,96.81551407208907,0.004020610421490733,64.70824220140082
4824000.0,354.66716978538665,6.121836767236234e-12,96.81371495858193,0.002476645778938073,64.75599390866199
4827600.0,345.4766966083311,1.1763570158410481e-11,96.80626027430016,0.002644326713357377,64.79083136925829
4831200.0,380.29068592956776,4.175914038100041e-12,96.81211901778124,0.003558205484839592,64.82743210659962
4834800.0,355.32043274563097,6.3909414175846875e-12,96.81142156914609,0.0020357623707644816,64.8748941317028
4838400.0,349.25407233384334,1.0707558387207045e-11,96.80339239009255,0.0023089435919299616,64.91164714780173
4842000.0,375.47642101376135,4.329901199645337e-12,96.8073972177287,0.0029403015964700086,64.9459588738691
4845600.0,355.52469372056527,6.905318205235049e-12,96.81341673623966,0.0014814195572450544,64.9925393225073
4849200.0,354.49980693045836,9.219360861248458e-12,96.80589936654542,0.0020196789742739415,65.03325651676406
4852800.0,370.01661594304863,4.584119892510175e-12,96.8092162824443,0.002353168474182534,65.06576300783047
4856400.0,354.4796458857041,7.515725990860553e-12,96.81672151487744,0.0008768041793468826,65.11085879851082
4860000.0,361.0644572305281,7.940048224617106e-12,96.81085030672433,0.002020844304602104,65.15602614637373
4863600.0,364.4898252086765,5.0975402924833596e-12,96.80929173738977,0.0019907283464076337,65.18805154669099
4867200.0,352.63589556178533,8.289163408537051e-12,96.81585022413141,0.0005731011029398673,65.22901140219243
4870800.0,368.0486047363959,7.352779892108128e-12,96.81194685514389,0.0024573000630345055,65.2760507189977
4874400.0,359.7114475195078,5.833502082815878e-12,96.80500359650597,0.0019940908700332048,65.30890122290694
4878000.0,350.3078603257975,9.145334681310494e-12,96.81314522800373,0.001000903048786587,65.34765231731137
4881600.0,374.2878019556618,6.693620284279201e-12,96.81093892502183,0.003076146459065496,65.39713324502247
4885200.0,356.5109266081798,6.4114365007676365e-12,96.80358545882584,0.0023128447306148196,65.43357661477171
4888800.0,347.20676603499504,1.0069737078472531e-11,96.80985542817223,0.0016618205974882996,65.4692695142801
4892400.0,379.3617639989878,5.726736404809203e-12,96.81370214848755,0.003675723394853131,65.51634969429932
4896000.0,354.4743882090953,6.620145069856518e-12,96.80696552287282,0.002582888668686107,65.55554467976704
4899600.0,344.5477040134931,1.0977463580717707e-11,96.81086409118356,0.002214191260485748,65.58836770446358
4903200.0,382.57877860672363,5.0781928706659095e-12,96.81682447994758,0.00405598728240466,65.63329611291428
4906800.0,353.61594664721196,6.601056719854748e-12,96.81029887734343,0.0027232577184946073,65.67601091863294
4910400.0,342.8987900407383,1.1888334477631726e-11,96.8099700679973,0.002590345505702336,65.70771880533918
4914000.0,383.73793175553425,4.653633855004617e-12,96.81679517216894,0.00416744710705894,65.75093937934984
4917600.0,353.6140915801971,6.364200164982153e-12,96.80909868241454,0.002685580502389863,65.79699486299438
4921200.0,342.8397529880962,1.2302238110791088e-11,96.80479249459908,0.002708138030293774,65.82877769226086
4924800.0,382.6896183641633,4.346379147939318e-12,96.811800522861,0.003995062628816792,65.8687221184777
4928400.0,354.56174671633977,6.1508662735693365e-12,96.80976425855646,0.002466427124067761,65.91593141677649
4932000.0,344.2259978249024,1.2127253992162584e-11,96.80418756469996,0.0025937705929113576,65.94955135550998
4935600.0,379.6162841842612,4.229236587852385e-12,96.81288729100864,0.0035738837165501915,65.9867161828141
4939200.0,355.0685489867742,6.387710467545406e-12,96.81450866965237,0.00209446607255098,66.03489150701392
4942800.0,347.6074610403331,1.1199602983332822e-11,96.80771495094338,0.002325309350010455,66.07279974487356
4946400.0,375.0906668156313,4.2211481740546454e-12,96.81374957091651,0.002981449829275399,66.10692413037727
4950000.0,355.04509534930054,6.871611819587011e-12,96.81736602027645,0.0015570214165410894,66.15420677625293
4953600.0,352.7750802459072,9.787730650907155e-12,96.80969494906921,0.0020036019126071954,66.19582694705485
4957200.0,369.7602908292515,4.534283448022843e-12,96.80986403571832,0.00237346227534616,66.22642530140149
4960800.0,354.5288712364564,7.537330138916999e-12,96.81627431195845,0.000954395046863999,66.27070079340568
4964400.0,358.95009523178294,8.658502280685346e-12,96.80803788866109,0.0019154851193087976,66.31681082406656
4968000.0,364.6955239762223,5.192857135551521e-12,96.80547034598311,0.00199547310345851,66.34946031775102
4971600.0,352.7306009827009,8.497540799021471e-12,96.8132551239284,0.0005384124493099378,66.39258064887328
4975200.0,365.5356150019153,7.856358122676404e-12,96.80970054899015,0.002306308077892962,66.43943033727481
4978800.0,360.19294178946296,5.8790381336711e-12,96.80654778206844,0.0019515821765667227,66.47217724829339
4982400.0,350.12766815058285,9.385157137589567e-12,96.814902934498,0.0008468459323247779,66.51091974287891
4986000.0,371.8397657070533,6.8570999776295384e-12,96.81428175046369,0.0028956990493214903,66.55817241749305
4989600.0,356.5541376134923,6.4408142091642265e-12,96.8083027844837,0.002164490422517162,66.59324663281848
4993200.0,347.2551447966429,1.01174638050959e-11,96.81528731673485,0.0014630328007025478,66.62855127779272
4996800.0,377.12806487098806,5.9943089582165946e-12,96.81694293059964,0.0034854666913205616,66.67533999604869
5000400.0,354.0868639152434,6.881070389187695e-12,96.80787283261753,0.002446864285801101,66.71512858056714
5004000.0,344.6404321114537,1.0925965793570007e-11,96.81044777903188,0.0020437359669728053,66.74754694920388
5007600.0,380.88904047771337,5.411145995986261e-12,96.81451070778486,0.003921256328677547,66.79366887637418
5011200.0,353.3622944731399,6.9287136887634255e-12,96.80580908861447,0.0026304407253760352,66.83638474284203
5014800.0,342.6651135012381,1.1822147783854417e-11,96.80694255181076,0.002429124312762276,66.8668736542254
5018400.0,382.30920969047554,4.858556607437165e-12,96.8141770658413,0.004081123842764797,66.91100720459576
5022000.0,353.4740725221022,6.598146801339402e-12,96.80994023967114,0.0026534709099017752,66.95654549053505
5025600.0,341.78228677587873,1.2495739455866681e-11,96.8083169884613,0.0026539956498027838,66.98873586145965
5029200.0,381.75180012653124,4.427735204296729e-12,96.81755989625628,0.003992742981855499,67.02954345357978
5032800.0,353.95647807586687,6.401119888021728e-12,96.81459724980569,0.0024971330829425655,67.0775702041504
5036400.0,342.8541291276099,1.251169171328653e-11,96.80917337087331,0.0026051829935816785,67.11252304474559
5040000.0,379.20105042940145,4.164711819314809e-12,96.81657738240075,0.0036256125942216223,67.14843907171505
5043600.0,354.6938493328491,6.513597150782665e-12,96.81482354953198,0.0021634769497909166,67.1958743316289
5047200.0,345.87094809800783,1.1683826167590906e-11,96.80728816301391,0.0023285810692189397,67.23352174708404
5050800.0,375.0270015699725,4.099437837969517e-12,96.81107437165247,0.0030491271157271336,67.26792857791632
5054400.0,355.1608387666463,6.9532560242316356e-12,96.81421053134089,0.0017078271314102007,67.31666291954355
5058000.0,350.1947135469002,1.0518742227573422e-11,96.80587386446254,0.0020268396798120043,67.3583876578532
5061600.0,370.40075734349733,4.465939842786746e-12,96.80942871215511,0.002484885044709724,67.39028733333998
5065200.0,354.5457337408934,7.707138411610802e-12,96.81588207330479,0.0011714683354255584,67.43648830136868
5068800.0,355.90228923198873,9.276080328887595e-12,96.80980923816045,0.0018524780849733093,67.47943076760373
5072400.0,365.1541556357655,5.099027719986602e-12,96.8102416785146,0.001991786718785612,67.51074757372812
5076000.0,353.0198604975351,8.5238493938009e-12,96.8183529803205,0.0006041525181115166,67.55315810303328
5079600.0,362.4435132120602,8.008576820445451e-12,96.81340613098543,0.0020682286095007746,67.59849088248458
5083200.0,360.2650044085859,5.715031500111116e-12,96.80977787892853,0.0018194839615699775,67.63165036800754
5086800.0,350.64384804276705,9.215575100043181e-12,96.81664855551973,0.000612505751948621,67.66997565384787
5090400.0,369.11352949707185,6.958965683207381e-12,96.81415716193722,0.0026462889680271785,67.71801724581046
5094000.0,356.5410081886389,6.335171796882079e-12,96.80571081033612,0.0020081384590638234,67.75391994823069
5097600.0,347.89019219234933,9.918322434524172e-12,96.81143718559409,0.00118834598671693,67.78832275629948
5101200.0,374.6052606328621,6.392937323726208e-12,96.81252138316525,0.0032387598164191943,67.83615690457312
5104800.0,354.17609738578494,6.912201152387493e-12,96.80630623767672,0.00228604798249452,67.87478066223059
5108400.0,344.7829660799934,1.0814961788242026e-11,96.81178856229398,0.0018156726868269269,67.90777321661966
5112000.0,378.6955709233054,5.7235390047740906e-12,96.81740476563829,0.0037374046646753045,67.95473615698721
5115600.0,352.9229722500823,7.037510852345766e-12,96.8104901618631,0.0025331604907934467,67.99665185276426
5119200.0,342.34534168275223,1.177627165649394e-11,96.8125032486721,0.00230157638003889,68.02963248102151
5122800.0,380.8701637880866,4.930993135237207e-12,96.81971915585844,0.004003541921536596,68.07427891682379
5126400.0,352.73632707557607,6.72905633625333e-12,96.81227203265833,0.002623260568552355,68.11826054300072
5130000.0,341.224624162208,1.2590606964583613e-11,96.8102351891039,0.0025436066745108204,68.1509074787429
5133600.0,380.78622911326335,4.509788074944365e-12,96.81616918331754,0.003957262530940525,68.19138794018862
5137200.0,353.656093386235,6.462564544434362e-12,96.81245953777793,0.002519707901756345,68.23884993520224
5140800.0,341.4568851117122,1.2884306919754619e-11,96.80569436243427,0.002583078958729586,68.2742375812259
5144400.0,379.0910406456245,4.260580150728734e-12,96.81390538391268,0.0037046086611499684,68.31244896114163
5148000.0,354.55695303053136,6.5613480828040054e-12,96.81287520139873,0.0023044456963717892,68.36108223534036
5151600.0,343.3266863580725,1.2294492838691311e-11,96.8068531508651,0.002414606824371006,68.39719955012525
5155200.0,375.47115561668846,4.258828473807716e-12,96.8147520159709,0.0032100740434154464,68.4315271516838
5158800.0,355.0443813547931,6.93044295947999e-12,96.81735358589768,0.001902269691603407,68.47917021159554
5162400.0,347.26605805519546,1.110388060773707e-11,96.81007561980522,0.0020680638709635445,68.51801387559436
5166000.0,370.7145091395501,4.570013876800471e-12,96.81413198985929,0.0025938724917478994,68.55031925738452
5169600.0,354.7308419736003,7.58662705601134e-12,96.81974695841416,0.0013559745211622026,68.59638672700484
5173200.0,352.84224007604155,9.581343329975391e-12,96.81132597851187,0.0017616577861249562,68.63887560583507
5176800.0,365.58460081658114,4.994742141594921e-12,96.81011773809544,0.002032885190669595,68.67150834210692
5180400.0,353.5992439793916,8.175648101082154e-12,96.81580509282173,0.0007454918897322457,68.71387781105138
5184000.0,359.151923016642,8.14347971444894e-12,96.8095568014663,0.0018593857662234773,68.75868181212111
5187600.0,360.8693085597519,5.4827490321875675e-12,96.8062310000437,0.001739533527625143,68.79199376224557
5191200.0,351.49240220954505,8.806611484828679e-12,96.81596775930618,0.00040189887654873635,68.83169444031724
5194800.0,365.47121185743976,7.404124087589611e-12,96.81317480570279,0.0023196855035967096,68.87882295951076
5198400.0,356.94030393084853,6.16457354962395e-12,96.80906898097346,0.0018300495086368365,68.91335480078337
5202000.0,348.41897378284324,9.662787716636714e-12,96.81740085207514,0.0009128302104635423,68.95094373912846
5205600.0,371.3704881510405,6.954456021536378e-12,96.81825109869551,0.002949418100950785,68.99973908872366
5209200.0,354.06988657304703,6.814685153554139e-12,96.8107865280989,0.002126656763192476,69.03667438990547
5212800.0,345.30605852109557,1.0565356751546792e-11,96.8153397776074,0.0015490866011854667,69.07126973232391
5216400.0,376.0893961121399,5.957320541685954e-12,96.81837945695179,0.0035062382143342015,69.11803481550511
5220000.0,352.6907866915971,6.923408255205263e-12,96.80891239887484,0.0023688479917344627,69.15777006066438
5223600.0,342.6688898546262,1.1533449867168049e-11,96.81148979742436,0.002037185921908147,69.19136594808687
5227200.0,378.908762537744,5.1250704291694705e-12,96.81628825337135,0.0038570373260976556,69.23790837497572
5230800.0,352.65294888841447,6.692148523943214e-12,96.8087067538668,0.0025539897771572014,69.28197380235466
5234400.0,340.503226800248,1.2667319348980421e-11,96.80859977295744,0.002412766891050174,69.3148505383708
5238000.0,379.771361059687,4.752831830630001e-12,96.81752000462109,0.003957299294114533,69.35652034209768
5241600.0,353.27278038584257,6.4873736632222e-12,96.81331475586954,0.002559087249199829,69.40277899930985
5245200.0,339.99699873541965,1.318046685524145e-11,96.81033795094349,0.0025471466187607012,69.43564759854303
5248800.0,378.52337329335165,4.545050109716339e-12,96.81876945184003,0.0037647485967333377,69.47405158047094
5252400.0,354.1109173021081,6.4047310166673e-12,96.81737250487454,0.002373682262698524,69.5216580821978
5256000.0,341.391219868375,1.2821499079347223e-11,96.8104565653285,0.0024339623195146006,69.55629980496846
5259600.0,375.5605626936057,4.539810739212256e-12,96.81710469657216,0.003337785536742465,69.59291691680964
5263200.0,354.6767845821232,6.669447295503912e-12,96.81631288321066,0.002023583779814311,69.64041025530052
5266800.0,344.6818600291442,1.1798709609031805e-11,96.80794893300538,0.0021124436312159587,69.6780559377464
5270400.0,371.4759768451997,4.700840348906068e-12,96.8111551364348,0.0027793265675538446,69.71217996421368
5274000.0,354.98414258340114,7.1680559526268414e-12,96.81597761761523,0.0015726522741236937,69.75852571995993
5277600.0,349.22025066659006,1.0325865974990363e-11,96.80812541184022,0.0017816503763452738,69.79884592555337
5281200.0,366.6826952302758,4.9683032888065124e-12,96.81194181685855,0.0021941202436257167,69.83179190829557
5284800.0,353.96507690083916,7.758674855334128e-12,96.81933945902232,0.0010208988815085284,69.87686106403997
5288400.0,355.04993894597993,8.907474869033372e-12,96.81340980179009,0.001680880273868521,69.92138658188861
5292000.0,361.8353866393932,5.449892140850529e-12,96.81287828252285,0.001755931736938732,69.95382110994122
5295600.0,352.0506492334176,8.50315761260246e-12,96.82046501620894,0.0004478737276356116,69.99599325265501
5299200.0,361.4720750148262,8.185238808769587e-12,96.81643718879218,0.002011301829528072,70.04293654514804
5302800.0,357.5748712884187,6.165517402713075e-12,96.81011120262389,0.0016681967387995114,70.07497438867324
5306400.0,349.6143883675087,9.367537942434404e-12,96.8179205930636,0.0005222071813613115,70.11330270113112
5310000.0,367.4141301804782,7.574036352344895e-12,96.81490842700835,0.0025647858127388627,70.16270791110493
5313600.0,354.68829797972626,6.772624258448009e-12,96.80728981706261,0.0019087856423621037,70.19908709151612
5317200.0,346.33826925700464,1.0328293394007954e-11,96.8134164941455,0.0011468168902405973,70.23567953392987
5320800.0,372.5622337280515,6.529650045885077e-12,96.81633214297358,0.003189471308792416,70.28372408015366
5324400.0,353.0238926417644,6.97016510241605e-12,96.80951822514318,0.002199600863326759,70.32208303013437
5328000.0,343.11342151676047,1.1280175578643638e-11,96.81443514287787,0.0017279037594067656,70.35564858255326
5331600.0,376.13755414914294,5.736837728712267e-12,96.81996487857589,0.003632626170588059,70.40131181234291
5335200.0,352.2963943998491,6.96650621817009e-12,96.81293470460304,0.002409953097142376,70.44288805369624
5338800.0,340.71669818454546,1.233860333161924e-11,96.81445617278055,0.0021671526257377813,70.4748833506785
5342400.0,377.88526639428585,5.266218145858329e-12,96.82112655359639,0.003832357225404243,70.51841915172733
5346000.0,352.38318879888,6.767479216789249e-12,96.81397735730758,0.002471265014853766,70.56379869492716
5349600.0,339.66567369919863,1.3079603689411095e-11,96.81061690120268,0.0024084044959641203,70.5960100749223
5353200.0,377.8710810509861,4.876589416555765e-12,96.8171018758046,0.003797674337804307,70.63694316755496
5356800.0,353.3598235011283,6.446034629502724e-12,96.81224420562462,0.002403438013556941,70.68404690483099
5360400.0,339.90808085219146,1.3261049486640949e-11,96.80780827715907,0.002393177545110344,70.71632643618975
5364000.0,375.80749879073056,4.679870164508009e-12,96.8157637184705,0.0035000051705415865,70.75481907138787
5367600.0,354.22542501414506,6.5088718875988075e-12,96.81660387005944,0.0021853838219528196,70.80298751742897
5371200.0,341.8059130440275,1.2759304053665294e-11,96.81057004396676,0.00223179106224872,70.839053263805
5374800.0,372.4068549795215,4.5926104682206224e-12,96.81797239726761,0.003026408126882349,70.87431052959941
5378400.0,354.49633237266573,6.900944048854243e-12,96.82079284842635,0.0018152042680397993,70.92277069512602
5382000.0,345.6004846392639,1.1524249410776882e-11,96.81305142337574,0.0019006450898303758,70.96301935778592
5385600.0,368.01257727326066,4.73480108692067e-12,96.81637801472056,0.002439911092855272,70.994731575648
5389200.0,354.23451908092596,7.471102054092537e-12,96.81999993925893,0.0013254633721665188,71.04002807125708
5392800.0,350.76844956258367,1.0179425824973716e-11,96.81195444219823,0.0016089939153467884,71.08369830496099
5396400.0,363.3331848972103,5.292260065062079e-12,96.81078765543003,0.001901395743875744,71.11582443860192
5400000.0,353.09453458926174,8.323783385760215e-12,96.81798850543422,0.0007823361796050294,71.16091427640707
5403600.0,356.50629662597476,9.238819111295898e-12,96.81196690014772,0.0017022265832778531,71.20764270859729
5407200.0,359.288776979352,6.012453833946627e-12,96.81001502004818,0.0016446061919328575,71.2396382485607
5410800.0,350.73991357880635,9.285399932690368e-12,96.81854829264873,0.0003461968039830787,71.28081761635421
5414400.0,362.445934583046,8.216287118216141e-12,96.8163605992107,0.002142143764664334,71.32755724855805
5418000.0,355.6836472382249,6.618062651586499e-12,96.81181806688876,0.001673701859426789,71.36113440639467
5421600.0,347.82041220862044,1.0106119867642467e-11,96.81981205923653,0.0006832084771014805,71.39823656547158
5425200.0,368.04439391959164,7.118937396965423e-12,96.81986566010067,0.002731357870609591,71.44536836991239
5428800.0,353.0548286269791,7.0928661192170665e-12,96.81278851777911,0.0019086395020581506,71.4826814048637
5432400.0,344.71246591597384,1.088404093472204e-11,96.81723231838606,0.001294192137105455,71.51651099190214
5436000.0,372.743502020174,6.378529218140112e-12,96.81974284515778,0.0032850610407291923,71.56419241929845
5439600.0,351.7805859358257,7.395667083413576e-12,96.80969101034675,0.002198541139302657,71.60497690374177
5443200.0,341.94565194211305,1.1799557365689091e-11,96.8116169948129,0.0017936793170732638,71.63592457603363
5446800.0,375.537720409574,5.808839423184474e-12,96.81726299948971,0.003623297880870235,71.68188749742092
5450400.0,351.77756721674746,7.240918775479354e-12,96.81177181342932,0.002353050444672081,71.7253431719529
5454000.0,339.6360500848125,1.2791106972840127e-11,96.81213843336005,0.002191160492925405,71.75680880801669
5457600.0,376.62740055121685,5.2024280344444224e-12,96.82112570453579,0.003764694572860878,71.80010370266045
5461200.0,352.2497412115977,6.88480632240265e-12,96.8165574777608,0.0024043747909512007,71.84651538676823
5464800.0,338.75734277784625,1.3452803301046386e-11,96.813690068588,0.002372820492083491,71.88012702506295
5468400.0,375.85358701210646,4.789554696422788e-12,96.82214692550524,0.00364245993650114,71.9197715764662
5472000.0,353.0553216792433,6.758183927335466e-12,96.8183704757836,0.0022899350480542332,71.9671447772359
5475600.0,339.65559645528606,1.3402235946697753e-11,96.81264899340758,0.002293545085471505,72.00221671874303
5479200.0,373.2428566166391,4.540404726789162e-12,96.81749845631194,0.0032540268338802796,72.03772164162646
5482800.0,354.16417413822643,6.8673412162978e-12,96.81871398481655,0.002042093721091823,72.08647736373376
5486400.0,341.9930963060108,1.2653439066417402e-11,96.80921549725012,0.0020556686392778647,72.12604477797116
5490000.0,369.8576702108163,4.556963422360934e-12,96.81477432772277,0.002774448344136756,72.16016231750498
5493600.0,354.46076335345685,7.364260243990495e-12,96.81831549832718,0.001711259821485503,72.2083878300465
5497200.0,345.7574709199336,1.1486416563804908e-11,96.81136391056002,0.0017449346993657537,72.24883159895181
5500800.0,365.49568323358767,5.020908434244982e-12,96.81560980050351,0.002205170166704638,72.28066077023874
5504400.0,353.8169383406522,8.111798831425281e-12,96.82189614020236,0.001227370137393411,72.32604420741411
5508000.0,351.03405333464315,1.0108237857426216e-11,96.81535386889533,0.001511329314339034,72.36918845968516
5511600.0,360.8675436820197,5.624179433321269e-12,96.81531117704716,0.0017018562189989371,72.40074241679916
5515200.0,352.2301615217633,8.84466340501807e-12,96.82317516209301,0.0006465997499329741,72.44307921038599
5518800.0,357.0824010097862,8.67378824689547e-12,96.81746807136534,0.0016859039025656287,72.48912226792737
5522400.0,356.72826888524224,6.19043232097465e-12,96.81162801908621,0.0014965137015624152,72.52285352976295
5526000.0,349.8538033494256,9.5059737241873e-12,96.81815085350927,0.00023775089753155573,72.56098183270343
5529600.0,363.0279577605161,7.710880908099568e-12,96.8153904091523,0.0022084810934551303,72.60836765863019
5533200.0,353.7392982123023,6.793246967973302e-12,96.80894811068676,0.0016121850424357163,72.64403927869552
5536800.0,346.8145804337183,1.0294741547129713e-11,96.81759032032085,0.0007448666008820451,72.67951672002951
5540400.0,368.1591226543193,7.215750753831359e-12,96.81904868884324,0.0027904096410666574,72.72759496882591
5544000.0,351.7714417673392,7.345244963804443e-12,96.81274959656267,0.001908159714899945,72.76571509212825
5547600.0,343.3877140245456,1.1232351832678449e-11,96.81859688896927,0.0013731045128017548,72.7999843892127
5551200.0,372.2236213653794,6.395484742045397e-12,96.82346191758067,0.0033033165407553595,72.84783828781661
5554800.0,350.81135198381696,7.421871246895334e-12,96.81533457286876,0.0021737662921268515,72.88891709039255
5558400.0,340.5877988830127,1.222200251146723e-11,96.81670732274547,0.0018667615412222853,72.92177308220737
5562000.0,374.64341184328526,5.494227171548963e-12,96.82256061441313,0.0036078994647956416,72.96578071621532
5565600.0,351.16897676155116,7.074708666436077e-12,96.81457425164048,0.0022977460867515003,73.00943612071858
5569200.0,338.758603885495,1.3211969696320602e-11,96.81278767677189,0.002161472662544093,73.04279484106765
5572800.0,375.1821235596647,5.058880665293856e-12,96.819613246285,0.003668249749759283,73.08587456653582
5576400.0,352.2542341585092,6.84833076131321e-12,96.81441555426403,0.0023551312486617165,73.13316996984683
5580000.0,337.8107000860394,1.3862621171968732e-11,96.81083045786356,0.002316898375993558,73.1671408706796
5583600.0,374.03988044582394,4.817656661804863e-12,96.82011472987851,0.0035041537687101544,73.2051760243974
5587200.0,353.3532747632482,6.7967597614604126e-12,96.81902931902768,0.0022523783628916575,73.25329470835534
5590800.0,338.8021241733469,1.3548425002445433e-11,96.81341351764738,0.00221819001148069,73.28845116924849
5594400.0,371.17570164331937,4.806019384649019e-12,96.820716519469,0.0030981046561797112,73.32350395614661
5598000.0,354.1487449245043,7.028430682173428e-12,96.82279256930117,0.001984947851202517,73.37154183543495
5601600.0,341.5966118452009,1.2573975893970843e-11,96.81429713676503,0.0019224588335988353,73.40930873334668
5605200.0,367.25009096529794,5.0400173081937585e-12,96.81864985400841,0.0025476730180222433,73.44339737422413
5608800.0,354.16970446274996,7.58170613895332e-12,96.82119083588246,0.001573231708085871,73.48950246102167
5612400.0,346.030610742025,1.108642108147097e-11,96.8128242165597,0.0015417669155040163,73.5307695149845
5616000.0,362.9502303258666,5.3800275252501816e-12,96.81279943705529,0.001978872260027885,73.56366540088378
5619600.0,353.6023215598449,8.099856511255761e-12,96.8201378903319,0.0011073599023453241,73.60761563525419
5623200.0,351.1446928145746,9.563292959650508e-12,96.81331659646915,0.0013948688770259489,73.65131994543002
5626800.0,358.7092589356668,5.829001818081238e-12,96.81394021381568,0.0015421199938972729,73.68413176352145
5630400.0,351.59238188263816,8.76024015313862e-12,96.82267670744491,0.0005404580531807059,73.72626456818315
5634000.0,356.9643003808591,8.652314143208667e-12,96.81896925480484,0.0016745056163282755,73.77326305528777
5637600.0,354.9157617762806,6.498633458209868e-12,96.81534070113061,0.0014035709089500255,73.80689495084597
5641200.0,348.8799473255081,9.595977395373922e-12,96.82308381048809,0.00023576660214935874,73.84616927162477
5644800.0,362.729166390401,8.16433863837147e-12,96.82185804321337,0.0022392345103836564,73.89417835470132
5648400.0,352.1130176774234,7.170082689879008e-12,96.81335608069091,0.0015751725084120016,73.9284609384765
5652000.0,345.8918107454934,1.0451344910263687e-11,96.82016599983749,0.000764102821642784,73.96434192811712
5655600.0,367.4851062072022,7.208934362510744e-12,96.81996397351783,0.002793826109181374,74.0135610824518
5659200.0,350.836797189147,7.400669605411708e-12,96.8114953039494,0.001879562645543005,74.05272570522847
5662800.0,342.4002947289323,1.1464476358068902e-11,96.81531204489004,0.0013592460497728884,74.08732520155212
5666400.0,371.229506525352,6.220189188954072e-12,96.82091254527887,0.0032963306346571212,74.13418095684875
5670000.0,350.5742557090239,7.273149898464624e-12,96.81394822006305,0.0021352606151485566,74.175608365443
5673600.0,339.43100188537727,1.2619368776116633e-11,96.81641479645388,0.0018316498828094127,74.20812692745884
5677200.0,373.1681155331789,5.6916452472203775e-12,96.82384720692238,0.003548414189147435,74.25187149857773
5680800.0,351.0046108777434,7.069212016616374e-12,96.8178670761658,0.0022613391204335457,74.29603540647807
5684400.0,337.64057613573397,1.3628803751892699e-11,96.81666331544746,0.002124787854699257,74.32808337388794
5688000.0,373.34319329098395,5.342747697999098e-12,96.82435071120473,0.0035530792147935152,74.36940507546007
5691600.0,351.8269809501852,6.7785838997474294e-12,96.81911664379804,0.002245425229280004,74.41639419431112
5695200.0,337.4359900887427,1.3967336956745678e-11,96.81350989708312,0.0022034917997125116,74.44987912989444
5698800.0,372.00897549426946,5.124120769214654e-12,96.81975685312779,0.00334866891588565,74.48844921653745
5702400.0,353.12412996130746,6.670878386744951e-12,96.81721470704015,0.002138617129529233,74.53630648105204
5706000.0,338.49187198196387,1.370820286898549e-11,96.81111510864757,0.002056568897706833,74.57044489972527
5709600.0,369.133938834127,5.0930648252991345e-12,96.8181805677413,0.0029436229775112155,74.60688695311855
5713200.0,353.8539796894206,6.9870950292732214e-12,96.82123775408157,0.0019055932493688807,74.65508160010027
5716800.0,341.1076006146828,1.2756225946607347e-11,96.81440801008415,0.0018006378526322312,74.69329251401933
5720400.0,365.3846954757541,5.165931348744757e-12,96.820192177029,0.002419288593662549,74.72705524335963
5724000.0,353.7356482107888,7.493453846678844e-12,96.82498662260856,0.0015301830414557543,74.77467207723005
5727600.0,345.32376371725144,1.1328216752424427e-11,96.81739862084275,0.00145572850348947,74.81711189302523
5731200.0,361.15273554019706,5.543037147164633e-12,96.81869607412075,0.0018604318708741363,74.8482144852867
5734800.0,352.92740228274545,8.152713485333721e-12,96.82364395539022,0.0010607689280219988,74.89200090423026
5738400.0,350.5416639646516,1.0171042955234543e-11,96.81639450407344,0.0013095803615607198,74.93760105477921
5742000.0,357.1142559697649,6.240840270528014e-12,96.81333631906264,0.0014406391174952755,74.96992263837838
5745600.0,351.1899595189497,9.074446191078914e-12,96.82111299607917,0.000541883217391929,75.01325269748583
5749200.0,355.99893232893714,9.356367870328698e-12,96.8166093204937,0.0016307601004210402,75.06120327639657
5752800.0,353.97266779358046,6.939032669963979e-12,96.81294323504345,0.00136212684320696,75.0941126077936
5756400.0,348.357883506903,1.002189206874431e-11,96.82134870800927,0.0001747635159117238,75.13347276493045
5760000.0,361.2753522896302,8.267298355611324e-12,96.8208776446438,0.002165587224715984,75.18084652725496
5763600.0,351.4547973954364,7.40160787357358e-12,96.81511176418573,0.0015111244503140358,75.21584026036234
5767200.0,345.1763897288839,1.0835064393757096e-11,96.82236849381482,0.0006974709088788054,75.2514746664135
5770800.0,365.9603572916635,7.220073619215367e-12,96.82405992776924,0.002726022808780435,75.2985271533467
5774400.0,349.89094355432485,7.712266687436498e-12,96.81654408247381,0.0017622988253224593,75.3374621152826
5778000.0,342.0385105493786,1.1704720246081233e-11,96.81972156055649,0.0012627828049591823,75.37041759737778
5781600.0,369.6274287048249,6.564179060314674e-12,96.82350063252356,0.00318214893295805,75.4174373212504
5785200.0,349.5766063681745,7.778118744655569e-12,96.81356532244398,0.0020156259777386032,75.45970922709293
5788800.0,339.35119078393217,1.272052475938148e-11,96.81413332913814,0.0016884167835924712,75.4902548750724
5792400.0,371.46676352735926,6.019830564377339e-12,96.82070067218666,0.003417253889409353,75.53527190445743
5796000.0,350.29687843575874,7.416987062318373e-12,96.81590660689578,0.0021418361044379074,75.57991039549931
5799600.0,337.27720321850614,1.3682332996976344e-11,96.81484174793165,0.0020088543697782592,75.61157670019477
5803200.0,371.75293554097146,5.484015906773942e-12,96.82424655143647,0.0034639606143580504,75.65369881383204
5806800.0,351.2189265387825,7.086781677961248e-12,96.8206334421319,0.0021779061176989386,75.70098597935349
5810400.0,336.6612659103005,1.4200752962329182e-11,96.81667569286658,0.0021204171253029936,75.7352438164552
5814000.0,370.43072388066696,5.119107879872477e-12,96.8249761167853,0.0032728845345760265,75.77369552622567
5817600.0,352.24736674853193,7.064929270003318e-12,96.82226351600343,0.0020752182825041956,75.82149870242665
5821200.0,337.7375799293325,1.3958717671169934e-11,96.81588150198274,0.001990604338582079,75.8574781764242
5824800.0,367.58965816091273,4.917173077201256e-12,96.8201533183832,0.0028559100742801074,75.89207408097593
5828400.0,353.38201883070104,7.2417789667349956e-12,96.82241543601282,0.0018775159866609944,75.94080232716468
5832000.0,340.0968630801013,1.3116905596764224e-11,96.8126578015084,0.0017299972323233817,75.98141880960009
5835600.0,364.28548847911327,5.0737775887782405e-12,96.81743996054242,0.002383741967813819,76.01496666061156
5839200.0,353.5788326952537,7.803786404798421e-12,96.82176898700575,0.0015984015744527342,76.06287292708957
5842800.0,343.69243127659877,1.1965225460823305e-11,96.81490698581703,0.001418744994439899,76.1041866215629
5846400.0,360.2688105018027,5.660211905492398e-12,96.81835216363133,0.0018469099488795254,76.13583701287713
5850000.0,352.7972874047997,8.568747394459268e-12,96.82510720140938,0.0011787544926563586,76.18069871754615
5853600.0,348.5966839917964,1.0596491584355714e-11,96.81888164558248,0.001221904288326866,76.22453283828878
5857200.0,356.17123149084836,6.315429330206334e-12,96.81816578283781,0.0013834069672659813,76.25621229340342
5860800.0,351.0852630417478,9.303617663702863e-12,96.82617367894917,0.0006526371631900407,76.2979760034895
5864400.0,354.1358053418655,9.156262255508042e-12,96.82093978453847,0.001458513277021209,76.34445378639096
5868000.0,352.65601118443686,6.8889538871509e-12,96.81453742479505,0.0012128306399736004,76.37851742904311
5871600.0,348.61436069294814,9.979357444777871e-12,96.82101320480467,7.724514461045586e-05,76.41617895318609
5875200.0,359.51272021211,8.20656909915951e-12,96.81869009773764,0.0019919667877839943,76.4637857232206
5878800.0,350.3089474971182,7.458513099440432e-12,96.8119947327338,0.0013444651057576023,76.49982207181016
5882400.0,345.51110509274235,1.077302926225442e-11,96.82041484788434,0.000515720960577677,76.53498807963366
5886000.0,364.08856945787255,7.707938573646188e-12,96.82224093614889,0.002546418303164701,76.58311681610886
5889600.0,348.913091170005,7.921139679398423e-12,96.81581861935187,0.0016338487971341682,76.62158563443136
5893200.0,342.0302739521873,1.1701840943620391e-11,96.8214400254553,0.0011092658964489094,76.65573779532916
5896800.0,367.6981537888984,6.877900112417999e-12,96.82650607782749,0.0030253601438620385,76.70354206646057
5900400.0,348.43246079345363,7.903813681029665e-12,96.81836638408676,0.0018917702991942129,76.74486598399355
5904000.0,339.1257563815842,1.2689275071657976e-11,96.8195820826527,0.0015773556329282388,76.7777352622987
5907600.0,369.8327375629344,5.9800329327040965e-12,96.82548522363905,0.003309377755819338,76.82170363209717
5911200.0,349.16872822725685,7.515234073156153e-12,96.81752151803299,0.0020298958039456734,76.86548510512442
5914800.0,337.08870922545213,1.3712511116513006e-11,96.81566958806958,0.0018675732549936776,76.89890577107518
5918400.0,370.29107955122436,5.533947219498911e-12,96.8225016904867,0.003373852540306074,76.94205324224322
5922000.0,350.5478467725519,7.256524955276544e-12,96.81723783462783,0.0021320804499289237,76.98937641087335
5925600.0,335.79147002783174,1.4470750619251194e-11,96.81370931404075,0.0020434704103424587,77.02334973275725
5929200.0,369.2634756797724,5.283039588893408e-12,96.82301430797963,0.0032385586725916238,77.06156001849436
5932800.0,351.8994519590718,7.145181526884481e-12,96.82174304433056,0.0020985742222010043,77.10969729918456
5936400.0,336.2775014484357,1.4317759598478603e-11,96.81621911426882,0.001982672219847053,77.14474210819886
5940000.0,366.6847634803385,5.2679762076447464e-12,96.8236505497255,0.0028784480504937377,77.18005388270133
5943600.0,352.93924083247094,7.301904258914182e-12,96.82542027055732,0.0019241616713124286,77.22819610444728
5947200.0,338.43534544983214,1.3498452140258212e-11,96.8169652698657,0.001725427565963454,77.26570016684829
5950800.0,363.14792682504407,5.5057815558532416e-12,96.82162362556218,0.0023738892382806987,77.30005333533211
5954400.0,353.23045954834305,7.795363480896074e-12,96.82377664318132,0.0016200241852233309,77.34647812679067
5958000.0,342.13803859106423,1.2125099934517972e-11,96.8152868371394,0.0013347352664374126,77.38732478836224
5961600.0,359.28146199749716,5.8601830482646085e-12,96.8157613916369,0.0018339264211135857,77.4203506736609
5965200.0,352.96050737686124,8.280314733777845e-12,96.82276561454074,0.001271998023293136,77.46485038208799
5968800.0,346.52553574868665,1.0587571061544142e-11,96.81562087552224,0.0011033535958480168,77.5080683914196
5972400.0,355.4166628883318,6.320409676549074e-12,96.81685652451698,0.0013618144876544874,77.54082747290579
5976000.0,351.2656213341062,8.891106224421249e-12,96.82541794967733,0.0007930868276505252,77.58371375130552
5979600.0,351.7079699405021,9.534337570195643e-12,96.82108712108081,0.0012684198072174986,77.6303290049984
5983200.0,351.91746277905526,6.989011191585853e-12,96.81813718879923,0.0011088407040703357,77.66359287079388
5986800.0,348.81188232420004,9.684074597756265e-12,96.82595534289348,0.00023153021795728533,77.7036978118829
5990400.0,357.02259957363304,9.016787413078485e-12,96.82388872957645,0.0017792090488386164,77.75161491907869
5994000.0,349.2891989713141,7.689100352005473e-12,96.81589346872586,0.0011950988459204297,77.78519768705185
5997600.0,345.9722514037313,1.0510941086044326e-11,96.82313662250012,0.00030235235772052126,77.82187607393898
6001200.0,361.5854159655265,8.141844947354551e-12,96.82198228239135,0.0023224854075245245,77.87138843127592
6004800.0,348.07809577888565,7.981196656233637e-12,96.81366040090028,0.0014831920028915545,77.90958574772202
6008400.0,342.4544593822289,1.1458058358095523e-11,96.81840233904744,0.0008693391319918286,77.94489376368345
6012000.0,365.3789085902683,7.063471686365693e-12,96.82300701434366,0.002847232541179525,77.99243454408686
6015600.0,347.85752922334,7.882204735263938e-12,96.81594950562526,0.0017516402753986568,78.03266416870585
6019200.0,339.18849596463025,1.2542086845760496e-11,96.8195090936392,0.0013571383406599106,78.06559944512338
6022800.0,367.67007761773505,6.423642375891107e-12,96.82615366278192,0.0031648451603132513,78.11037996357473
6026400.0,348.3303829423224,7.688012343613726e-12,96.81953020478603,0.0019310085476915108,78.15344385496525
6030000.0,336.7852992827438,1.3708419582468707e-11,96.81966008438077,0.0017136656336783625,78.18542684260036
6033600.0,368.44596187229837,6.025896629272926e-12,96.82691411882212,0.003266402085658985,78.22804206007824
6037200.0,349.279070103703,7.337055253388363e-12,96.82050871383613,0.0019994058395286325,78.27431700013776
6040800.0,335.65912308270964,1.4434392963383971e-11,96.81611113371834,0.0018940090468725051,78.30705938643631
6044400.0,367.8715405846979,5.7010081679111315e-12,96.8225892487412,0.0031798042535188943,78.34711584092862
6048000.0,350.83866169756874,7.01542415531934e-12,96.81854101429984,0.0020094031616378245,78.39469042822194
6051600.0,335.5884698126196,1.462465233939599e-11,96.8134449262519,0.0018629630012163081,78.4276361856547
6055200.0,365.75282412806143,5.5564417754569946e-12,96.82120153472523,0.002890400194738082,78.46552209612992
6058800.0,352.0497286719781,7.138659684301439e-12,96.82264738389502,0.001913158664381976,78.5138848812225
6062400.0,336.9160430096788,1.4162537379933017e-11,96.81630502409016,0.0017141105893004995,78.55058224295982
6066000.0,362.70141731467146,5.509964626775003e-12,96.82338607984941,0.002462812957581635,78.58552984686175
6069600.0,352.5647431473509,7.528311102844448e-12,96.8265802974415,0.0016948626997042196,78.63400925266889
6073200.0,339.8495673502391,1.3003081134157794e-11,96.81875337332663,0.0013904459734387527,78.67472363558826
6076800.0,358.9819953915396,5.735264871118115e-12,96.82183009268098,0.0019348667410627792,78.70637370163915
6080400.0,352.51263480174697,8.061647909690795e-12,96.82557675028903,0.001387670009147032,78.75169910495957
6084000.0,343.94572751031285,1.1727467581519234e-11,96.81747703621727,0.0010585982873941033,78.79560907803724
6087600.0,355.16668673488726,6.394176165452511e-12,96.81629218433093,0.001427854518330775,78.82779395677595
6091200.0,351.59147170608765,8.868024927376083e-12,96.82346375858992,0.0010157272162860799,78.87310769566568
6094800.0,348.52072766543336,1.0773815691631691e-11,96.817278665912,0.001078041185879096,78.91987000875156
6098400.0,352.022388791999,7.1822504852438426e-12,96.81553597822922,0.0011182436404941797,78.95182057948988
6102000.0,349.466106315514,9.7990998918814e-12,96.82407175874917,0.0005514300371373111,78.99347007753964
6105600.0,353.3712665757471,9.659684261994845e-12,96.82145077322919,0.0014606818946532063,79.0401896021896
6109200.0,349.2283014305765,7.780950470399221e-12,96.81724184980646,0.0010537347188173537,79.07347772160135
6112800.0,346.71578404137136,1.0619743965572113e-11,96.82543596682862,5.7287525087826554e-05,79.11125239235716
6116400.0,358.1196494705341,8.436140667430257e-12,96.82478648976901,0.002003024692519012,79.15851003483219
6120000.0,347.2571501665521,8.19247525626284e-12,96.81793066205425,0.0012342053352783554,79.19520578098319
6123600.0,343.5991933987685,1.1383291611283723e-11,96.82294107512848,0.0005466438363520821,79.22971241727916
6127200.0,362.35662863686946,7.615354908953186e-12,96.82461538178103,0.0025417241178648706,79.27785517483385
6130800.0,346.4693905496988,8.470670013681735e-12,96.8145689414537,0.0015170224368547247,79.31775582903805
6134400.0,340.56943401919955,1.2260595476880544e-11,96.81744286401681,0.00101352622193122,79.34928908028346
6138000.0,365.11699302297563,7.090699439803736e-12,96.82220258173948,0.002907905325419313,79.39607823976513
6141600.0,346.8499219396432,8.348752221324803e-12,96.81618966865379,0.0017210252773734054,79.43853034477611
6145200.0,337.57901843261004,1.3319138824401385e-11,96.81795239524315,0.0014486424085183205,79.47018336012925
6148800.0,366.6357287591232,6.439722853951685e-12,96.82627181378552,0.00313605517631707,79.51484131172084
6152400.0,347.7016820920135,7.930804178516823e-12,96.82065982653462,0.0018764031543022613,79.56023096588238
6156000.0,335.56684937619764,1.4259870013532746e-11,96.81924034524266,0.0017339959903140366,79.59343417801706
6159600.0,366.67206632192233,5.894720614827911e-12,96.82762928732811,0.0031521457888545926,79.63494481920853
6163200.0,348.96498858077877,7.633343307488834e-12,96.82226051318223,0.0019234013348232693,79.68156064436414
6166800.0,334.89955350470836,1.477543158873449e-11,96.81773021703889,0.0018027167219998054,79.71555584123416
6170400.0,365.1284324131501,5.569269523244838e-12,96.82333483017446,0.002931219190883912,79.75306025450254
6174000.0,350.71218421407576,7.52535033920486e-12,96.8224061218612,0.0018995521320401359,79.80182081565026
6177600.0,335.3350452199155,1.4671122176437286e-11,96.81371565686058,0.0017354222475744739,79.83951969156988
6181200.0,362.8678321330071,5.416755187635924e-12,96.8208076939412,0.002615281876934227,79.87539300949183
6184800.0,351.8585241774535,7.734382014260673e-12,96.82219132517703,0.0018208321117493377,79.92434062510833
6188400.0,337.0540422340318,1.3928373751900013e-11,96.81529308072712,0.0015174127334007667,79.9626897518781
6192000.0,359.4826373390538,5.71975630265827e-12,96.82167058422239,0.002149529026713377,79.99563661673366
6195600.0,352.29229830681203,8.220347928609582e-12,96.82609758494414,0.0016041811321831374,80.04271201065757
6199200.0,340.3414908962839,1.274722430734665e-11,96.81873922316689,0.0011570699973131482,80.08362690277255
6202800.0,355.6224315115592,6.295942764334114e-12,96.82119150642566,0.001614691812138702,80.11540496040004
6206400.0,351.81668355435903,8.853227118907533e-12,96.82790988746444,0.0012780597745565348,80.16038798705563
6210000.0,344.7510200761637,1.1213077449964092e-11,96.82015418540634,0.0008866543235924377,80.20451665654892
6213600.0,351.8889624061148,6.882526215647661e-12,96.81730040125255,0.0011285485359953196,80.23731120436248
6217200.0,350.51927860991816,9.406465914633172e-12,96.82350860001543,0.0008730097142716888,80.27859531607956
6220800.0,349.5454988313899,9.815718131509696e-12,96.81804200975422,0.0010916566807633564,80.32452900625967
6224400.0,348.8560429615663,7.45074971191683e-12,96.81378086457354,0.0008903177669961469,80.35833821534456
6228000.0,348.28508208731364,1.0053243624102539e-11,96.82351284076678,0.0004323661866592343,80.39722433795114
6231600.0,354.24243134050715,9.122433973279361e-12,96.82148966085754,0.0015799706479270388,80.44494423261199
6235200.0,346.58869598061483,8.107160923918636e-12,96.81680582046991,0.0009911714033934396,80.48009060724988
6238800.0,345.1385408396657,1.0878216829070468e-11,96.824917902231,0.0002233654811762335,80.51731119527821
6242400.0,358.63423154783624,8.616946768837602e-12,96.8262137361853,0.002145464820091149,80.56635323302129
6246000.0,345.2169531906202,8.566307824548094e-12,96.81853185670725,0.0012609727853712758,80.60371809633055
6249600.0,341.89377857322137,1.1700367177915943e-11,96.82293561670275,0.0007002499606040729,80.63832843951943
6253200.0,362.1914367784629,7.562256596179553e-12,96.82602462485862,0.0026242778211830304,80.68527256180256
6256800.0,345.08357701142626,8.469932674197346e-12,96.81649282924096,0.001484546028416829,80.72512886900374
6260400.0,338.9054888355974,1.2619925124510524e-11,96.81919988492788,0.0011077550704288969,80.75894853318063
6264000.0,364.38129621219616,6.688606519385618e-12,96.82382481557835,0.002941924225781722,80.80592393679068
6267600.0,346.02692171421603,8.12173990930561e-12,96.81600775893209,0.0017152900187448205,80.8497570268258
6271200.0,336.03464738843303,1.3871388681231157e-11,96.81639969366594,0.0014808600344290816,80.88276390137617
6274800.0,365.20188078429095,6.279007728889255e-12,96.82512003776921,0.0030817574802250868,80.92523497590513
6278400.0,347.4494232374234,7.782827091055804e-12,96.82030466340987,0.0018429004839205544,80.97111279576623
6282000.0,334.33646178534474,1.4829597709697222e-11,96.81806595882217,0.001696463053734714,81.00378586634226
6285600.0,364.5190742153501,6.032298318581053e-12,96.82655277298885,0.003001525660146617,81.04336650212805
6289200.0,349.0087033469444,7.466268689743565e-12,96.82404823368597,0.0018646601149499811,81.09075240031564
6292800.0,334.0287311995115,1.5085011628969858e-11,96.81794553117909,0.0017245480942646105,81.12464459650518
6296400.0,362.5954791095123,5.9572146664378415e-12,96.82514534320283,0.002734294223857756,81.16265063294996
6300000.0,350.3473473444178,7.44237721338775e-12,96.82271971950743,0.001797261884247937,81.21058263859862
6303600.0,335.18921339012513,1.468175170677859e-11,96.81471029787814,0.001546519423019289,81.24672017066474
6307200.0,359.7581996525123,6.0709769910157974e-12,96.81938570997805,0.002342105324212757,81.28211266767987
6310800.0,351.612916270273,7.73648953612966e-12,96.82246923094776,0.0017028401176366293,81.3295518281121
6314400.0,337.29507576133665,1.3750218663117732e-11,96.81453989689824,0.0012615691937462154,81.3679414453087
6318000.0,356.2839005782596,6.306182962968729e-12,96.82030768461024,0.0018611848032465928,81.4017896542839
6321600.0,351.6812451921991,8.202328431906778e-12,96.82613468496827,0.001488085993329357,81.44871958061948
6325200.0,340.70337479337445,1.2347977957451147e-11,96.81912677207906,0.0009298096545891246,81.49126879881287
6328800.0,352.60586838023767,6.7530943709694336e-12,96.82118689750999,0.0013393830253193963,81.5237416797883
6332400.0,350.8824050141635,8.776723617199502e-12,96.82777832376118,0.0011603787869829394,81.56848153903567
6336000.0,345.0587488240198,1.1176672248478158e-11,96.82159996946855,0.0008065030035763937,81.6139310404214
6339600.0,349.13138434676773,7.511295929787331e-12,96.81786312288425,0.000916864051936248,81.64475215562656
6343200.0,349.497380731915,9.51892777664217e-12,96.8257597370186,0.0008168117516301348,81.68610247477993
6346800.0,349.5583264542615,1.0459220456293147e-11,96.81981956126533,0.0011108923690586233,81.73485933707094
6350400.0,346.6246282674883,8.286850617714731e-12,96.81416903123873,0.0008168371770684464,81.76890453041132
6354000.0,346.96642964608475,1.044725688458918e-11,96.82199197067993,0.0003958328491024807,81.8090166392914
6357600.0,353.9767384487081,9.483268581278212e-12,96.82119677478885,0.0016665630298039477,81.8573458475983
6361200.0,344.9749937178784,8.691462114155936e-12,96.81589661935719,0.0009707589053504498,81.89223726551431
6364800.0,343.85488219658856,1.126899099231272e-11,96.82335368372374,0.0002639924027265824,81.92870472825949
6368400.0,357.86236638442864,8.336462133426007e-12,96.82521848358658,0.0021863086014455124,81.97623715243344
6372000.0,344.02928413837134,8.848989380882743e-12,96.81819215353237,0.0012047915812823146,82.01371276768533
6375600.0,340.73672081481885,1.2098989290462705e-11,96.82365962399409,0.0006743875213853487,82.04762618875539
6379200.0,360.8430590045784,7.584831538621275e-12,96.82716792188826,0.0025963500517786546,82.09407460899487
6382800.0,343.9139307379914,8.884406699790743e-12,96.81802991226202,0.00142565625721557,82.13582436405449
6386400.0,337.9179260994645,1.311362777853027e-11,96.81909148803058,0.0010873808476685807,82.16790091248174
6390000.0,362.822655499262,7.090051378810782e-12,96.82411487484981,0.0028680412631530722,82.21321592953831
6393600.0,345.0348818330409,8.505402106797475e-12,96.81587095825559,0.0015965991151074576,82.25729834012216
6397200.0,335.53078707712956,1.4161906796470348e-11,96.81586703657325,0.00136743960032379,82.28796715420975
6400800.0,363.1760306321233,6.611664391088317e-12,96.82357302668306,0.0029393232327593445,82.33145755615683
6404400.0,346.5167953987037,7.990379563479146e-12,96.81982499709366,0.0017095036335931034,82.37781962399754
6408000.0,333.8778344225297,1.4985655369385348e-11,96.8175343764049,0.0015767699612637034,82.41047576898791
6411600.0,362.38476768430075,6.183272810984031e-12,96.82682773870587,0.0028575270590305317,82.4509791632229
6415200.0,347.9884519660679,7.800384723103982e-12,96.82411201506049,0.001741137531856638,82.49943798848906
6418800.0,333.6424819839261,1.5258529430839182e-11,96.81846426904264,0.001584444015275116,82.53473804361934
6422400.0,360.4001569541514,5.885917995233084e-12,96.82589347829203,0.0025868697884507,82.57078687704309
6426000.0,349.5262269447587,7.857502534111255e-12,96.82395365305831,0.0017095121510666185,82.61852340110097
6429600.0,334.76540572687105,1.4814191463465527e-11,96.81644805766064,0.0014045025676862717,82.65613065379607
6433200.0,357.4272466280118,5.849979404398742e-12,96.82061485052394,0.0021676117890877104,82.69106980539655
6436800.0,350.7477771433762,8.142419006014704e-12,96.82311512683924,0.001641696287652506,82.74035639512688
6440400.0,336.74459717975253,1.3998329289365989e-11,96.81469103906906,0.001152925092973726,82.78151941429647
6444000.0,354.3384311973611,6.28974547272212e-12,96.81917717133393,0.00173431475510728,82.81392000572265
6447600.0,350.99784950106476,8.707193261129056e-12,96.82483717628608,0.0014850476999128503,82.8611849535671
6451200.0,339.8480482918001,1.2900700514290405e-11,96.8181753215395,0.0008228022117248134,82.90323899082928
6454800.0,350.7314084749872,7.0648263882637695e-12,96.82004284649442,0.0012387847027233194,82.93467319952045
6458400.0,350.36930821275234,9.40874891060955e-12,96.82756801803559,0.0012186926057630451,82.97888786330375
6462000.0,343.92244830361466,1.149814329658981e-11,96.82121707089665,0.0006943051712547092,83.02329394997358
6465600.0,347.28144981978494,7.787445473233923e-12,96.81939901294274,0.0008119520344486591,83.05576299686707
6469200.0,348.8248283944185,1.0058252764951317e-11,96.82633393368226,0.0008647483732708192,83.09650067223936
6472800.0,348.5552803280598,1.0054448885181183e-11,96.82165511984749,0.001073125417090144,83.14399803218312
6476400.0,344.6855446211747,8.354010943569365e-12,96.81487136362075,0.0006765422151579643,83.1782488606642
6480000.0,346.6823004776417,1.067152489499665e-11,96.8216931986294,0.0005267133146469448,83.2154556939879
6483600.0,352.7500567256697,9.253389858526259e-12,96.81995011395993,0.0015766802248845914,83.26333630897143
6487200.0,343.01302427050103,8.911690153975801e-12,96.81475644702539,0.0008346636446712926,83.29949697002807
6490800.0,343.6491280415315,1.144043278515107e-11,96.82260729036844,0.0003364200897679529,83.33515535705898
6494400.0,356.51936950157483,8.802573088332023e-12,96.82497271206817,0.0020943338960169593,83.38352363730884
6498000.0,342.18395854031866,9.277277410545735e-12,96.81808437914967,0.001102042632744259,83.42205151782869
6501600.0,340.42149183610337,1.2245930326094868e-11,96.82349389638605,0.0006460911673343716,83.45679378615428
6505200.0,359.48184613455425,7.92899994587558e-12,96.8279018312927,0.0025203966965368515,83.50455711838076
6508800.0,342.2454395511196,9.139926434066209e-12,96.81915986129574,0.0013355876444333939,83.54474134711367
6512400.0,337.5728419868474,1.3118093780042278e-11,96.82072805573983,0.0009936628371531302,83.57763396189537
6516000.0,361.11034264863855,7.045324511602712e-12,96.82530035230722,0.002757701223914304,83.6227833676323
6519600.0,343.5014167061934,8.667664587244416e-12,96.81813497694577,0.001486038057853855,83.66706892114362
6523200.0,335.0591264288105,1.4237184365525129e-11,96.81585797931737,0.0012860736354603163,83.7008153903616
6526800.0,361.6808616205141,6.592890079035124e-12,96.8240033748979,0.0028695271264683304,83.74429722538488
6530400.0,345.30986784418815,8.29797565583878e-12,96.8185031303861,0.0016413568087657495,83.79075236516057
6534000.0,333.15026696567367,1.5225027262136183e-11,96.81626288739623,0.0014898604331168364,83.82388480585044
6537600.0,360.78350075213444,6.363212231990955e-12,96.82571354098458,0.002774839441647948,83.86324850222535
6541200.0,347.10035811632514,7.9905546574299e-12,96.82301119167056,0.0016947172230082055,83.91082362495736
6544800.0,332.7362269126721,1.5492885589794434e-11,96.81816138268843,0.001506832583423142,83.94503064365244
6548400.0,358.68129648766,6.328824132908698e-12,96.82582239347988,0.002502173539146315,83.98169908270175
6552000.0,348.68894915667465,7.911944702738674e-12,96.8259721477556,0.0016728303003789911,84.03014457730367
6555600.0,333.74428077399824,1.5105143212664162e-11,96.81742877946002,0.0013446078215426133,84.06687448404782
6559200.0,355.8280371859989,6.51751944241099e-12,96.82231489335335,0.002104989615418043,84.10230977155398
6562800.0,349.8866431023528,8.197750802995102e-12,96.82307018876749,0.0016008748648985009,84.14967342532587
6566400.0,335.7876943626755,1.4202276534164201e-11,96.81473806432246,0.0010315413884792197,84.18803934961285
6570000.0,352.43911384413803,6.862854580131346e-12,96.81789584962185,0.001639730593501794,84.22197401561002
6573600.0,350.46964455137686,8.585032264321238e-12,96.82463557951914,0.0014912680453784775,84.26846771563089
6577200.0,338.6895449417065,1.2855601492110615e-11,96.81713643910305,0.000714188728293391,84.31014954684028
6580800.0,348.98524020837925,7.33159132519751e-12,96.82004064069005,0.001158202259606158,84.3427000527032
6584400.0,349.8123501206836,9.07494507176081e-12,96.82772085706581,0.0012518964791034981,84.38803651485225
6588000.0,342.5599251018396,1.159082754301503e-11,96.82170767518735,0.0005830368681411444,84.43359324269352
6591600.0,345.68453204016475,8.06278315531375e-12,96.8203300556425,0.0007207950695689588,84.46567657153668
6595200.0,348.4001805072494,9.74768697645285e-12,96.82685420208554,0.0009487006393027568,84.50736120719488
6598800.0,346.86971058949945,1.0854282144241059e-11,96.82230181153784,0.000953319016947387,84.55451773716347
6602400.0,343.00771736802216,8.911167310821996e-12,96.81595731487981,0.000539600813397506,84.58700621246612
6606000.0,346.46074588127874,1.0502065565295264e-11,96.82444919594737,0.0006719106419355543,84.6271246279184
6609600.0,350.85510943909713,1.0100208685866996e-11,96.82092169759545,0.0014596610101911423,84.67687997776245
6613200.0,341.57615030857613,9.417429258607548e-12,96.81435272368158,0.0007492150065936974,84.71218604757185
6616800.0,343.51705668161156,1.1346466345503253e-11,96.82165244444313,0.0003921374928682498,84.74962748998318
6620400.0,354.4132075004739,8.982028122674418e-12,96.8235644846445,0.0019655926598927368,84.7975475919323
6624000.0,340.8740925094831,9.505613898904788e-12,96.81719606006037,0.0009763850642530004,84.83475451022011
6627600.0,340.42990067498334,1.2133940123954767e-11,96.82302071921879,0.000512914824203227,84.86912893763309
6631200.0,357.22588297055955,8.08457332167387e-12,96.82692387745467,0.0023734032668330956,84.9158996741159
6634800.0,340.9202289536756,9.45768523892867e-12,96.81970177280179,0.0011789962757269286,84.95615201017534
6638400.0,337.5442938747085,1.3118357047377473e-11,96.82241765173839,0.000838679562149772,84.98872275184823
6642000.0,359.09848546535994,7.581615968268439e-12,96.82747080653506,0.002642410794404639,85.0346785054581
6645600.0,341.6914934933624,9.194938659735488e-12,96.81757973316353,0.0013414300975882172,85.07853548554914
6649200.0,335.16860860159403,1.4192482212663946e-11,96.81669496977634,0.001112945138563941,85.10966068804125
6652800.0,359.7757246497702,7.158409844316915e-12,96.82321552701232,0.002749531866103938,85.15348052583536
6656400.0,343.48266334796824,8.568293552451687e-12,96.81782709017494,0.0014517150226109575,85.19897177403446
6660000.0,333.2844117791393,1.5109752271381854e-11,96.81594346093988,0.0012946316402455227,85.23059989060404
6663600.0,359.0955398229071,6.752872748824953e-12,96.82518653611315,0.0026920940846206958,85.27221863155667
6667200.0,345.20697982828625,8.200966901671956e-12,96.82240394961427,0.0015401771707236806,85.31978153966804
6670800.0,332.3984194355363,1.563396742090408e-11,96.81829218015045,0.0013778845392258602,85.35410573300314
6674400.0,357.3831170228918,6.439541644773164e-12,96.82704838923173,0.0024795647784716275,85.39274240197801
6678000.0,346.81290026384397,8.210330349484471e-12,96.82551661667382,0.0015545613950732242,85.44136946119892
6681600.0,332.8507579020581,1.551414334275288e-11,96.81861946754405,0.001269867862445505,85.47803269963562
6685200.0,354.74261826946343,6.2800292935425885e-12,96.82369600012447,0.002116438411848842,85.51190784248737
6688800.0,348.45506026219863,8.348621198340908e-12,96.82518085262785,0.0015577790221632326,85.55978504370549
6692400.0,334.36168756315413,1.480949254869442e-11,96.81564895157851,0.0010304523446690572,85.60031155065528
6696000.0,351.7127716633057,6.537653211133578e-12,96.81948888985062,0.0016950490859899898,85.63453518509571
6699600.0,349.30554457596696,8.788079282917125e-12,96.8234365041563,0.0015110065856251565,85.68305218732466
6703200.0,336.6040797771672,1.3925519912340946e-11,96.81613818702147,0.0007518147960031536,85.72496649493634
6706800.0,348.4774643112599,7.279590063618505e-12,96.81978701023411,0.0012515338185729364,85.75668069559386
6710400.0,349.2454622490464,9.441431579974099e-12,96.82659641005841,0.0013715269032073148,85.80256532941003
6714000.0,339.9018577291617,1.2744436726924357e-11,96.82013943185399,0.0004898054184002452,85.84608161019386
6717600.0,345.0767390946096,8.152635191689177e-12,96.82027976419626,0.0007895017367849352,85.87739568294958
6721200.0,348.41190494800827,1.010750271405913e-11,96.82858710123469,0.0011566481865065157,85.9205326798487
6724800.0,343.7935760471571,1.1293150334693756e-11,96.82262661767804,0.0006866778455985024,85.96598564330684
6728400.0,342.0785727611375,8.854555216544347e-12,96.81830030572104,0.0004769637603224313,85.99944624829169
6732000.0,346.7203070209697,1.0708450648457668e-11,96.82490366482726,0.0008788769469828181,86.03874487080161
6735600.0,347.9678857254724,1.0042370320963647e-11,96.82124442527186,0.0012051065880767872,86.08649934428021
6739200.0,340.14736174922024,9.392442854250449e-12,96.81406977377311,0.0005318733214893153,86.12159651097757
6742800.0,344.4887581694291,1.132283029253262e-11,96.82246013472009,0.0006316349959129616,86.15787373581774
6746400.0,351.53848806958905,9.492544346393051e-12,96.82185930575731,0.0016798424038170512,86.2061598740777
6750000.0,339.0186400127157,9.895286163254004e-12,96.81658541453064,0.0007731951341166397,86.2432536614227
6753600.0,341.4281129536664,1.2073376266929189e-11,96.82371983111166,0.0005012027048795435,86.27833141545752
6757200.0,354.6941827813453,8.987583602933695e-12,96.82709995566093,0.0021384189540521016,86.32698488788922
6760800.0,338.6688540020758,1.0050455117791441e-11,96.81940085480684,0.0010115080156914388,86.36676318551261
6764400.0,338.44488641175616,1.2817032104040737e-11,96.82349153979052,0.0006909500708006618,86.40076030704277
6768000.0,356.97354167892837,8.030911084693439e-12,96.82862244159756,0.0024783913340867907,86.44735341585928
6771600.0,339.31253481091574,9.700446321265403e-12,96.81878048165335,0.001172797785670807,86.48828159510806
6775200.0,335.861798791914,1.3683065051619059e-11,96.82064199800803,0.0009174723583308366,86.52115239971266
6778800.0,357.89350305760775,7.333048406363482e-12,96.82537906934994,0.002624327119737566,86.56677723002412
6782400.0,340.97518999513767,9.210406816516175e-12,96.81806841624778,0.0013108466859026373,86.6122968249341
6786000.0,333.40675710164805,1.4831032328379824e-11,96.81612717644934,0.0011544396156645586,86.64588497496038
6789600.0,357.97405349313783,6.976687449602623e-12,96.82502815748929,0.0026714347348271643,86.68786395048986
6793200.0,342.9809355706572,8.782191753631964e-12,96.82067192433773,0.0014365052456485315,86.73478010280746
6796800.0,331.84515429211217,1.5688430552680285e-11,96.8177858882462,0.0012861696157564222,86.76797554215533
6800400.0,356.64743341567356,6.8123122290980666e-12,96.82673640339685,0.0025191732800585913,86.80682710699308
6804000.0,344.90854322806507,8.426414215464904e-12,96.82478658923398,0.0014927628961292046,86.85446415199019
6807600.0,331.59090234253534,1.5876605181044826e-11,96.81892008636824,0.0012620886759664503,86.88906311416473
6811200.0,354.28875362528254,6.865044593647096e-12,96.82630683625887,0.0022129639290407763,86.92583720606746
6814800.0,346.538110084338,8.387400201977318e-12,96.82565840365393,0.0014954370427189788,86.97404988124545
6818400.0,332.66376866236595,1.5466623183306308e-11,96.81715815943816,0.0010711164083439478,87.01161531827098
6822000.0,351.4194902453685,7.107303562942212e-12,96.82115591740015,0.0018233366832526418,87.0464653286763
6825600.0,348.0249507541956,8.644004053969945e-12,96.8230299146505,0.0015113211962750638,87.09384301330594
6829200.0,334.422618652571,1.460315327810534e-11,96.8152846553515,0.000778297029306323,87.13244585764525
6832800.0,348.0564136441262,7.499389042910453e-12,96.81961040468386,0.001372170836789719,87.16632006962966
6836400.0,348.53588243201636,9.016717523131402e-12,96.82611646684255,0.0014500044560914324,87.21318216460993
6840000.0,337.1205952621782,1.3297794575547774e-11,96.81926378742988,0.0004707330025176029,87.25537797130688
6843600.0,344.6997629600239,8.053855361437976e-12,96.82168687980403,0.0009010055134541496,87.2878667859552
6847200.0,348.09348196196646,9.485630710359666e-12,96.82897427768836,0.0012899591745396512,87.33335068006652
6850800.0,340.66238961220586,1.2133766737441208e-11,96.8226559621131,0.0004471931913026552,87.3790162002289
6854400.0,341.5686863544187,8.908630500391807e-12,96.82072959888798,0.00048735661112926795,87.41027940836173
6858000.0,347.0600708291904,1.0122694213947618e-11,96.82686406936878,0.0011030326617180862,87.45161206494573
6861600.0,344.45277902296004,1.1422265257055684e-11,96.82140991349529,0.0008709492618544973,87.49949304141822
6865200.0,339.1832730069057,9.796974648119141e-12,96.8159868102644,0.00036391188677861177,87.5329740672659
6868800.0,345.23478536556416,1.0911176035948914e-11,96.8237328147397,0.0008786543304164696,87.57390487746694
6872400.0,348.04535187984527,1.056846593428657e-11,96.82150472254997,0.0013731740194130623,87.62309590448253
6876000.0,337.86427164099206,1.02836266444096e-11,96.81600887449699,0.0005845541547500833,87.65768351185991
6879600.0,342.553598979906,1.1664802995906088e-11,96.82383279822675,0.0006195877300390048,87.69515571860126
6883200.0,351.21071330470375,9.436274024947287e-12,96.82534474424776,0.001830429916376779,87.74297133162796
6886800.0,337.11974295917935,1.0389977277995641e-11,96.81857359348429,0.0007980069379991709,87.77978822123494
6890400.0,339.76425889677165,1.2380652615120736e-11,96.82485095933967,0.0005604652366766348,87.81429534831285
6894000.0,353.77819800635785,8.57986364104407e-12,96.82798269473119,0.002207103529443145,87.86122178645952
6897600.0,337.12659142788885,1.0376965285309907e-11,96.82027919883761,0.0009665309395639501,87.90167887747769
6901200.0,337.07344679078324,1.327083576402483e-11,96.82236674289376,0.0007235815926242397,87.93426093712155
6904800.0,355.62879829930955,8.115365911564027e-12,96.82694427401151,0.0024735523169516307,87.98091987274
6908400.0,338.10048835293844,1.006479394980183e-11,96.81716496449197,0.0011102943492906634,88.02420846779336
6912000.0,334.6527866098344,1.428886040799438e-11,96.81701245646995,0.0008952089060051192,88.05477443246606
6915600.0,356.1416852892456,7.734459788654235e-12,96.82395736162182,0.0025618779482699198,88.09956865711403
6919200.0,339.8559565190363,9.405385058948062e-12,96.81938893677706,0.0011994986731994242,88.14475301884742
6922800.0,332.53239328996125,1.524687179587882e-11,96.817976492522,0.0010758535261462462,88.17666097079876
6926400.0,355.6798865930988,7.288385153641112e-12,96.82747497265355,0.002537593386999249,88.21886273957121
6930000.0,341.6213366219812,8.976513811270339e-12,96.8238080231575,0.0012901142592403798,88.26638675250337
6933600.0,331.39238498739803,1.5879763668727326e-11,96.81991144729834,0.0011558809165126624,88.30075905729495
6937200.0,354.1930379881647,6.938083135887397e-12,96.82831946142221,0.0023570392885330057,88.33971249960796
6940800.0,343.4582011498808,8.883562795976624e-12,96.82511765421602,0.00134410505260789,88.38763007177012
6944400.0,331.38309136914955,1.597567524497619e-11,96.81899738946815,0.0010757296398168548,88.42332947479689
6948000.0,351.6704409766364,6.764925547458308e-12,96.82373718111285,0.0020161981837852954,88.458790337717
6951600.0,345.5063744134192,8.885972129081782e-12,96.8250454376125,0.0014255644244221628,88.50790447452675
6955200.0,332.119129113557,1.5595780837667912e-11,96.81543787177523,0.0009185486335405392,88.54769414327035
6958800.0,349.0149916765165,6.941674145575415e-12,96.82127602235752,0.0016613220185688932,88.58216626533971
6962400.0,346.8096425824913,9.186379711906275e-12,96.82440285202313,0.0014738353024927196,88.63089114998783
6966000.0,333.7033713233891,1.4849959308033363e-11,96.81729005293597,0.0006726737249843829,88.67100877438762
6969600.0,345.7342354027933,7.65165669919979e-12,96.82234952596453,0.001226646527523925,88.70328669511763
6973200.0,347.3671032554827,9.703026969848191e-12,96.82794871781608,0.0014345755088875716,88.74970928354159
6976800.0,336.4337618636597,1.3729507540927702e-11,96.82081804481541,0.0003433638605891322,88.79209445637056
6980400.0,342.30359090276755,8.532069789734783e-12,96.8221282264471,0.0007600492826084074,88.82377090809226
6984000.0,347.1305525555152,1.0248163238404322e-11,96.82945322162892,0.0013285763689423206,88.86793772165628
6987600.0,339.8916275727458,1.2252850201691166e-11,96.82227201581941,0.0004410793010387755,88.9131257951812
6991200.0,339.2357096984653,9.295591242986894e-12,96.81841695748157,0.0003533920235873054,88.94620251094338
6994800.0,346.1900186307731,1.0715514187729656e-11,96.82487173662656,0.001174098846882158,88.98684272000816
6998400.0,343.48620971833094,1.096194481685663e-11,96.81991372440851,0.0009049532072146964,89.03346095954832
7002000.0,336.9655612189992,9.944639461388149e-12,96.81518920810827,0.00029424077377454636,89.0676326898159
7005600.0,344.44137281714694,1.1259314954516182e-11,96.82491245485042,0.0009783469991607734,89.10617995738531
7009200.0,346.88692493846173,1.0363029456131886e-11,96.82324015277214,0.0013718597062847197,89.15427381126017
7012800.0,335.40266274991257,1.0599268883328426e-11,96.81835351008985,0.000547118308935209,89.1897081167901
7016400.0,341.8563955393698,1.1923598322967869e-11,96.82645155846926,0.0007654885872240415,89.22695037039004
7020000.0,350.04939539504653,9.93408670929652e-12,96.82777657924781,0.0018338484070200259,89.27625211812817
7023600.0,334.6241760673064,1.0959665211812722e-11,96.82007946241148,0.0007915924579527743,89.3136380128766
7027200.0,339.13980490760935,1.2532921720848476e-11,96.82463625686015,0.0007004963641624803,89.34849534722574
7030800.0,352.5880620631164,8.97836588438966e-12,96.82747175156777,0.00220178269784473,89.3958294076988
7034400.0,334.9514884833142,1.0730866781797344e-11,96.81785965117078,0.0009119083280469333,89.435392612296
7038000.0,336.51570618627943,1.3221591767823351e-11,96.8211173831873,0.0007438306800665723,89.469549982159
7041600.0,354.0763109302957,8.137120515990925e-12,96.82529763564949,0.0024281025048707642,89.51723648504027
7045200.0,336.25808169718164,1.0243252709990641e-11,96.81718643565173,0.001038287207104902,89.56045890885432
7048800.0,333.73077518776887,1.4320129248755226e-11,96.81842736393911,0.0008734235266786186,89.59363902235381
7052400.0,354.5478222102605,7.755311130643982e-12,96.82677520916117,0.002525460154053732,89.63722510345707
7056000.0,338.03349841706967,9.743389163078918e-12,96.82125567132387,0.0011302294211296875,89.68237265324541
7059600.0,331.71945510721923,1.54372032959737e-11,96.82011165357079,0.0010096065994769216,89.71485825896053
7063200.0,353.9047374457411,7.541349310517395e-12,96.82850513685798,0.002463767687958374,89.7559218668365
7066800.0,340.0033064152819,9.171509670353053e-12,96.82476094633229,0.0011885998692301447,89.80274853715243
7070400.0,330.6498376954092,1.6131305072351456e-11,96.81988929809242,0.001060903502258522,89.83588317865171
7074000.0,352.3257868441896,7.434232883859239e-12,96.82746866629626,0.0022655575496204304,89.875617127143
7077600.0,341.92316730366406,8.792899111487517e-12,96.82320109196918,0.0012435119139455491,89.92362867903783
7081200.0,330.6350917489808,1.6275287045192115e-11,96.81602372269654,0.0009778891112411999,89.95818117823049
7084800.0,349.9718053759115,7.480750046185933e-12,96.82203127968678,0.001963481581013361,89.99531722999433
7088400.0,344.0477298953099,8.803015805615883e-12,96.82305188761187,0.0013597331826646906,90.04336065200405
7092000.0,331.19929168210786,1.6021098678257164e-11,96.81569706041259,0.0008122942620964947,90.07973285231283
7095600.0,347.0162989589914,7.637868868691277e-12,96.82324457018898,0.0015833053997934426,90.11512190650062
7099200.0,345.2801258644638,9.11095878093532e-12,96.82699109484044,0.0014023249644815445,90.16336294078748
7102800.0,332.8322456827915,1.515655271941146e-11,96.81965836121742,0.000560685763030096,90.20362874114332
7106400.0,343.724925485203,7.979147695173687e-12,96.82431280108591,0.001134887567028605,90.23703261571079
7110000.0,345.8941124386381,9.489536234208295e-12,96.8291196281452,0.0013863994201313338,90.28399715572438
7113600.0,335.3925469847846,1.3999331672822401e-11,96.82153115555094,0.00025371760103398304,90.32719751445018
7117200.0,340.3948202021139,8.765925849861862e-12,96.82078167862744,0.0006798140715304354,90.35783961348916
7120800.0,346.117980929685,9.982015874246743e-12,96.82766196718636,0.0013692715641275292,90.40214516406041
7124400.0,338.33985126528523,1.3063164943489883e-11,96.81938036655865,0.0003873781903572706,90.44906724895154
7128000.0,337.6885392663931,9.84596013052225e-12,96.81676447935546,0.0003356857957864722,90.48191135351543
7131600.0,345.22868411557374,1.0764553806906874e-11,96.82460717975891,0.001242758413226395,90.52574458927735
7135200.0,341.5184923211967,1.21566248540766e-11,96.82049186076347,0.0008316643734623884,90.57282059345087
7138800.0,335.4512013424713,1.0733443783381146e-11,96.81799924591576,0.00025711085016978116,90.6053261024683
7142400.0,343.6290849956495,1.1518115809657011e-11,96.82661140916807,0.0010716053622120416,90.64558194215967
7146000.0,344.74450046111616,1.0930458373114843e-11,96.82453540213872,0.0012916349209129768,90.69308884697139
7149600.0,333.70011613613514,1.1224860693754178e-11,96.8194697550519,0.0004817863306797919,90.72701452324847
7153200.0,341.56721903062066,1.215492694727762e-11,96.82753049773274,0.0009069196120964981,90.7644116346313
7156800.0,347.75082233518674,9.813084807402166e-12,96.82694713323556,0.0017252974194043244,90.8119774554289
7160400.0,332.651072613514,1.1514254064848043e-11,96.81826139634754,0.000706624367067188,90.84967032042798
7164000.0,339.1904262381776,1.2778260374813635e-11,96.82303214760242,0.0008128541370852123,90.88395898230463
7167600.0,350.3834104399316,9.222472420192599e-12,96.82462733386025,0.0020947456829448,90.93205075712915
7171200.0,332.8250123123757,1.1571096903404475e-11,96.81535483549492,0.0008376529197809611,90.97196852210287
7174800.0,336.6721538035858,1.3503026911970392e-11,96.82003735578027,0.0007520769400651583,91.00391296498019
7178400.0,351.9037091827103,8.906055817225426e-12,96.82472788603977,0.002313366138019083,91.05124228877477
7182000.0,333.6927004168787,1.1244831283307208e-11,96.81855702687457,0.0009182150976027866,91.09356856657627
7185600.0,333.9755474922933,1.436837897776264e-11,96.82127567934307,0.0008188815654233025,91.1258438788865
7189200.0,352.68807562991697,8.354898988683581e-12,96.8290469304275,0.0024529886999359804,91.17160805981757
7192800.0,335.0184413360078,1.0670291830763536e-11,96.82227139116809,0.0009808739686434026,91.2166532639433
7196400.0,331.91172918545874,1.520754632920805e-11,96.82137767767169,0.0009244318630887374,91.24968775757357
7200000.0,352.479504640503,7.81840459538238e-12,96.8293448240299,0.002448017461182477,91.29186071153788
7203600.0,336.9632615405931,1.018177848652769e-11,96.8219811420465,0.001016146874020925,91.33747213988032
7207200.0,330.6114701553565,1.5937320942989882e-11,96.8188967277606,0.0009468859667840138,91.37105302636523
7210800.0,351.10270240798906,7.532364788682296e-12,96.82504191653962,0.002268402533517778,91.41187497605183
7214400.0,339.3565249809441,9.856242187602898e-12,96.8213692373475,0.0011220532219628555,91.46090087790068
7218000.0,329.65818109946565,1.6435128650113693e-11,96.81537971089513,0.0009527060678902664,91.49665645652529
7221600.0,349.3017754385785,7.383385390180803e-12,96.82397880338506,0.0020456121558910883,91.53393364680146
7225200.0,341.47902850018755,9.633032776231112e-12,96.82371775590498,0.001247467531487168,91.58291036670607
7228800.0,329.7345817006281,1.63634716389862e-11,96.8176492780833,0.0008441602749542304,91.61910604524923
7232400.0,346.45520515087657,7.644136061273307e-12,96.8250891495608,0.0016850195002109539,91.65388162583515
7236000.0,343.1959971479208,9.675705343163058e-12,96.82741440380951,0.0013291357866116668,91.70198580847284
7239600.0,330.9318238157179,1.5816751682265466e-11,96.81942506227765,0.0006140319939957952,91.74038459711709
7243200.0,343.12260053500194,8.220730307382656e-12,96.82429105115867,0.0012453346539603263,91.77400907960269
7246800.0,344.2870114393135,9.999155223870755e-12,96.82760439060623,0.0013665495040170019,91.82088086659134
7250400.0,333.1971541793659,1.4757450901948037e-11,96.81872667314616,0.0002616147124551524,91.86276739055796
7254000.0,339.8607842248279,8.91273989214723e-12,96.81900300494502,0.000796172479631666,91.89569449799798
7257600.0,344.97994280630434,1.0276015733283416e-11,96.82421764843959,0.0014109060050247243,91.94053533510277
7261200.0,335.7365549497995,1.3417920334270408e-11,96.8169176648003,0.00023950544072958967,91.98348648004719
7264800.0,336.732930028448,9.672710253640438e-12,96.81775927992183,0.000379643603302504,92.01644868852178
7268400.0,344.6114657662557,1.0615749047272884e-11,96.82647994533077,0.001361992843267711,92.06025709757951
7272000.0,338.7282105170143,1.2261918815127328e-11,96.82135969311932,0.0006413865076702495,92.10599742557378
7275600.0,333.9959136500818,1.0566604572086577e-11,96.81996994571755,0.0001623628423235599,92.1387759267976
7279200.0,343.4575743632245,1.1130997804326895e-11,96.82853912008652,0.0012516789181762304,92.18104686397007
7282800.0,342.00258368632,1.1647848716575191e-11,96.82482691194228,0.0011168601288610014,92.22910059912952
7286400.0,331.8289794454328,1.1525375398328364e-11,96.81962304026848,0.0004502841776128672,92.26184784395006
7290000.0,341.8803642822604,1.1699438492372524e-11,96.82585543167278,0.0011422378107637996,92.30015314045
7293600.0,345.04726237378367,1.1057934583432658e-11,96.82324871747029,0.0015495269624672917,92.34921893425106
7297200.0,330.66494205063776,1.205149464516736e-11,96.81575266796285,0.0006473833934543819,92.38506729926736
7300800.0,339.7171847751196,1.2294700559159925e-11,96.82205521821622,0.0009972343378508645,92.42290389843508
7304400.0,347.6141049593231,1.0047448603504809e-11,96.82310068496999,0.0019171375333377138,92.47241959436738
7308000.0,330.5630891891947,1.1985705630804954e-11,96.81584987144822,0.0007875039882921913,92.50988364295294
7311600.0,337.0031074309878,1.2941344000294458e-11,96.82202653423997,0.0008400661482940707,92.54493439034965
7315200.0,349.4822593361665,9.185669335643604e-12,96.82643554299828,0.0022006808852694294,92.59209537688653
7318800.0,330.9467668165012,1.1737587413222679e-11,96.81894302312722,0.0008716248723665358,92.63196323718844
7322400.0,334.5411200343807,1.377890713798315e-11,96.82295442760072,0.0008130085060765748,92.66490594699957
7326000.0,350.5695256053737,8.714821515015312e-12,96.82838706166146,0.0023700351784175094,92.71054991542891
7329600.0,331.9490374200313,1.1367507568632787e-11,96.82108949427378,0.0008867668758563716,92.75367935443506
7333200.0,332.4362762362998,1.48137536313185e-11,96.82062337318567,0.0008608427202442612,92.78573743513506
7336800.0,350.977720797603,8.423773243803241e-12,96.82665391104354,0.0024382741089323113,92.83060722250646
7340400.0,333.59727703090914,1.0662531146476538e-11,96.81793767876391,0.0008983251849869078,92.87605344456131
7344000.0,330.7291748878444,1.5756710012195828e-11,96.81545687030913,0.0008642074342968679,92.90677248236804
7347600.0,350.2030262421329,8.146817592872998e-12,96.82324891159948,0.0023458883332316844,92.94960172704329
7351200.0,335.8075574854108,9.961561745078426e-12,96.82026290416775,0.0009281550525345374,92.9963376953951
7354800.0,329.37113083476726,1.6479620651466798e-11,96.81666399363884,0.0008802747494730776,93.02911815741825
7358400.0,348.6762560001729,7.863827410670498e-12,96.82634465820534,0.0021697532313888278,93.06930134245465
7362000.0,337.76694445557206,9.77863747115808e-12,96.82445220715417,0.001002717966800418,93.11787085125555
7365600.0,328.9782608763211,1.6770925014129364e-11,96.81897134908219,0.0008197008170826442,93.15357440267023
7369200.0,346.38421359619326,7.659953190542939e-12,96.82682787471605,0.001873167164355328,93.19066984400868
7372800.0,339.6350031299051,9.866387513318812e-12,96.8254027392606,0.0010891274083066897,93.23899193705722
7376400.0,329.5470046994756,1.651362692176045e-11,96.81831994721591,0.0006400170755221863,93.27626845677389
7380000.0,343.3925175795009,7.72168334398086e-12,96.82202656941709,0.0014664421057596125,93.3103386546622
7383600.0,341.5884977285513,9.976705819609007e-12,96.82498989083228,0.0012442223993460017,93.3592921519977
7387200.0,330.6282873688551,1.5936802895139672e-11,96.81499420154532,0.00041841849041186085,93.40076393146559
7390800.0,340.56000524320314,8.264865447747907e-12,96.8195818586806,0.001085774789821148,93.43433139345832
7394400.0,342.7634440598103,1.0380669999071224e-11,96.82396871719705,0.001350309527351403,93.48255057357984
7398000.0,332.2977554487216,1.515292108148865e-11,96.81692106843703,0.00018069259911752456,93.52405538761137
7401600.0,337.3527910529029,9.30192908595439e-12,96.82074268350169,0.0006646143937419316,93.55595921323398
7405200.0,343.239379532215,1.092012660324796e-11,96.82715972826479,0.0013961550086277281,93.60161601992293
7408800.0,334.8399268657969,1.4016480133388356e-11,96.82038507660442,0.0003241000273743268,93.64514347612322
7412400.0,334.1496191550369,1.0379916372623735e-11,96.82063740839133,0.000247958484390549,93.67685165671513
7416000.0,343.0347888107556,1.1426828536580157e-11,96.82834622680654,0.0013923287041344584,93.72015541079563
7419600.0,337.8843816829858,1.2565990239852716e-11,96.82177252015204,0.0007772852131006655,93.76615850060097
7423200.0,331.4049391680791,1.1228257087400904e-11,96.81696037895405,0.00024069412888893168,93.79956520343961
7426800.0,342.2334386787114,1.1843934517121997e-11,96.82352971352472,0.0013456603063157532,93.83946368483636
7430400.0,340.9129236398917,1.1393610726609921e-11,96.81913874898402,0.0012051149396615094,93.88663042662004
7434000.0,329.4919695779271,1.1906386093232256e-11,96.81387872314897,0.0004906481227720949,93.92120537171931
7437600.0,340.75086621320673,1.2313345710167237e-11,96.82347537312654,0.001243382660259656,93.95920607777354
7441200.0,343.6551144673368,1.0906773907574543e-11,96.82230274054648,0.0015878175444628906,94.00758481758321
7444800.0,328.22667999307123,1.2541440720667486e-11,96.81708220804893,0.0007190693564159729,94.0434355231154
7448400.0,338.53098798176563,1.2854832739382134e-11,96.82498458156525,0.0011054230639422882,94.08039313325726
7452000.0,346.1565643749145,1.0527108163703099e-11,96.82660778347392,0.0019573458440782145,94.12981456268
7455600.0,327.66747711801537,1.281316771198335e-11,96.81876520937568,0.0008789092991718825,94.16749334207375
7459200.0,336.22445674225315,1.3309775427613947e-11,96.82319105342809,0.0010218517660591508,94.20229522072553
7462800.0,348.09935346096813,9.643302992096398e-12,96.82609363655537,0.002238878760418335,94.24970803246457
7466400.0,328.1286808976612,1.2482181353693225e-11,96.81643002910101,0.0008948038726438912,94.28937570405286
7470000.0,333.98674504305484,1.3842923739113698e-11,96.81970090763814,0.0009523711320189719,94.3236108893082
7473600.0,349.11962370951125,8.879664340202607e-12,96.82379280035195,0.002386531867439259,94.37150695656968
7477200.0,329.4915211785822,1.1903283341006346e-11,96.81557998310012,0.0008778224320051089,94.41462082314142
7480800.0,331.5027794058885,1.480451571361796e-11,96.81704204338402,0.0008923593070886329,94.44788642891227
7484400.0,349.278943467526,8.555640831626226e-12,96.8252318516522,0.002425495100554823,94.49187942561407
7488000.0,331.2866765941666,1.1312250152613436e-11,96.81945177045364,0.0008550196129287134,94.53676419436496
7491600.0,329.6441450434003,1.588901837113062e-11,96.81871676291173,0.0008815645558372243,94.56923011739015
7495200.0,348.50126635079744,8.395635666443529e-12,96.82699651067055,0.0023368613299675693,94.61091945578319
7498800.0,333.28413261294224,1.0604372334561612e-11,96.8227333608093,0.0008299446518004211,94.65746177585963
7502400.0,328.5263445730472,1.6688276998245673e-11,96.81843237453555,0.000849040973358418,94.69034035573073
7506000.0,346.94955512623943,8.310769307831151e-12,96.8260566821697,0.002139734014356253,94.73089625522137
7509600.0,335.2960105717579,1.0038943502919934e-11,96.82092801211502,0.0008574830561351611,94.77882403476586
7513200.0,328.25330490085764,1.7014482294405878e-11,96.81425008129698,0.0007456680594376076,94.81271180272492
7516800.0,344.7142594241202,8.337703040827767e-12,96.82073083310654,0.0018478365321958803,94.85080248972406
7520400.0,337.64769396303063,9.880809429246836e-12,96.82069657366014,0.0010100524317683255,94.89893520747964
7524000.0,328.3522686152021,1.7030223879013008e-11,96.8138254544606,0.0005840063415145115,94.93439016203168
7527600.0,341.9306666368755,8.447677242457732e-12,96.82207473856695,0.0014902010390659662,94.97075583611336
7531200.0,339.286618759964,1.0109489008350534e-11,96.82462932488613,0.0011380775584283933,95.01940022784626
7534800.0,329.3469439495647,1.6492094692045205e-11,96.81742540686382,0.00038130956770278076,95.0584807285404
7538400.0,338.7686454137646,8.703706240243164e-12,96.82326235001018,0.0010717641290665825,95.0927116661679
7542000.0,340.4813599643581,1.0402186999177135e-11,96.8268501348496,0.0012488354493452936,95.14059576683673
7545600.0,331.1476190930799,1.5533593150444873e-11,96.81888246372299,0.00016259524880892688,95.18241441167712
7549200.0,335.47118664157364,9.416768996390123e-12,96.81970531097633,0.0006350160518780972,95.21343935820707
7552800.0,341.46614687413995,1.0758541584889418e-11,96.82557283170134,0.0013804696123977374,95.25914236124956
7556400.0,333.3435537304941,1.459515311827705e-11,96.81638775016957,0.0003593982637798041,95.30468338243543
7560000.0,332.6178992039279,1.0601446843354298e-11,96.81564203908597,0.0002752676411838295,95.33746366166609
7563600.0,341.48830861023197,1.1405301832882027e-11,96.82277631370792,0.0014086064163247726,95.38313455012299
7567200.0,335.7815848794136,1.3709412899111838e-11,96.81718600722449,0.0007216261499053817,95.4290176025958
7570800.0,330.0453393775442,1.182374875901009e-11,96.81660038297106,0.00020233727137004687,95.46082218723505
7574400.0,340.86425287401505,1.2089477447141935e-11,96.82510588193341,0.001390810782344536,95.50328576423021
7578000.0,338.4796998177133,1.251449373086266e-11,96.82104436685877,0.0011223193400389788,95.5499429153686
7581600.0,327.7530725817704,1.268721165168896e-11,96.81768920677986,0.0004852121704121051,95.5824746110978
7585200.0,339.7339234787404,1.2672812151872484e-11,96.8263726149296,0.001346241414025581,95.62219663605705
7588800.0,341.2092130835854,1.123561149613663e-11,96.8234002902812,0.0015271533505116417,95.66954056767143
7592400.0,326.02138860711887,1.3207369293354433e-11,96.81605107812534,0.0007442665969388765,95.70518970912278
7596000.0,338.1292042482435,1.3177200727516504e-11,96.82213188606654,0.0012871218161788925,95.74157100305221
7599600.0,343.86125853264946,1.04286929950804e-11,96.82128904577802,0.001900499251988656,95.79021009749198
7603200.0,325.3843148444659,1.3506357245708764e-11,96.81252102905745,0.0008762409445066367,95.82772794352445
7606800.0,336.23000962155606,1.3669640451721409e-11,96.81943053732934,0.001182960835991656,95.8615926388162
7610400.0,345.66208329479724,1.0199298948974335e-11,96.82150218587925,0.0021464736084833972,95.91008392540873
7614000.0,325.4242748455693,1.356992746774542e-11,96.81530106635016,0.0009273558005872138,95.9496452864382
7617600.0,333.82667744087445,1.4241246957856574e-11,96.82070046926681,0.0010748141709943078,95.9831896417403
7621200.0,347.0189620849967,9.795643741885607e-12,96.82619536172521,0.0023523547174993556,96.0312091800367
7624800.0,325.9917739189311,1.3205953266568273e-11,96.81837492232255,0.0009354029245829608,96.0733206994874
7628400.0,331.69631509068876,1.479422413503546e-11,96.82063646822252,0.0010242708386551812,96.1066609281044
7632000.0,347.61653175845487,9.101033157964366e-12,96.8271074891254,0.0024517295585585568,96.15212675439251
7635600.0,327.3455543169307,1.2574616685668546e-11,96.81770399955161,0.0008566555474703349,96.19491292820194
7639200.0,329.9526045852242,1.5482814960903064e-11,96.81799946499717,0.000963280112737718,96.22779931992117
7642800.0,347.1584637751059,8.695229790228993e-12,96.82342122131945,0.0023892173627652513,96.2723564603217
7646400.0,329.46226474004544,1.1965199402278275e-11,96.8167864652654,0.0007611907715521608,96.31916968768907
7650000.0,328.185243271612,1.64155666300772e-11,96.81375315926599,0.0008989463303947348,96.35315504858853
7653600.0,346.25182376175064,8.476899729974471e-12,96.82284657371713,0.00227346987040702,96.3943157349572
7657200.0,331.7358832263539,1.1384559687390088e-11,96.8191086374972,0.0007613270070760133,96.44197069080725
7660800.0,327.0916927478387,1.7120607125290052e-11,96.8155494595956,0.0008115934685681317,96.4756312834236
7664400.0,344.27618978465193,8.481438558896871e-12,96.82447438637118,0.0020210299304325072,96.51410463070674
7668000.0,333.90318040007423,1.0850531597777081e-11,96.82288693714932,0.0008093384247688444,96.56207406379337
7671600.0,326.93696922845675,1.7336241493366813e-11,96.8167240259602,0.0006729811511597003,96.59704329612583
7675200.0,341.623868924118,8.723639981600575e-12,96.82408354332495,0.0016738288491011553,96.63385166462646
7678800.0,335.82368582219,1.0675688983777957e-11,96.82339342570168,0.0009122256237003312,96.6822634237833
7682400.0,327.7120342412469,1.709896916103426e-11,96.81483180987483,0.0004619878656435212,96.71989238261952
7686000.0,338.7244804342451,9.132404158961581e-12,96.81903030401688,0.0012893362384006522,96.755084542901
7689600.0,337.76540616123026,1.0780830874916689e-11,96.82049905026179,0.0011184455145530875,96.80283171590787
7693200.0,328.7802936708025,1.6532258864005506e-11,96.81274339608115,0.00022655819850308598,96.8410350387531
7696800.0,335.4792433556366,9.689699950877715e-12,96.81764849594765,0.0008641835022329114,96.87539596748847
7700400.0,338.94610367947485,1.1008580181396891e-11,96.82349130365847,0.0012744189360732719,96.92294926018776
7704000.0,330.4808889412288,1.5512769480288557e-11,96.81635870614745,0.00023128597668058856,96.96440024789706
7707600.0,332.2709651029881,1.0401094300579475e-11,96.81988775802128,0.00045106685556028713,96.99727864425378
7711200.0,339.4297793776137,1.1300814340235403e-11,96.82641017936557,0.0013723989863763427,97.04392907628116
7714800.0,332.8346326385903,1.4397724718901292e-11,96.81925798344976,0.0005720839706876988,97.08868435914954
7718400.0,329.1992388790617,1.1500986175605523e-11,96.81884234200882,0.00020061282423575094,97.11985069753034
7722000.0,339.54996039116105,1.172040961523825e-11,96.82448624047035,0.0014526550763538468,97.16287100093093
7725600.0,335.4279203884899,1.3576793061360608e-11,96.81764916523566,0.0009635149583658521,97.20988300841329
7729200.0,326.6334185055494,1.2812143275818957e-11,96.81381015101081,0.00039965518135255885,97.24263807908147
7732800.0,339.0748974613957,1.2329505357298082e-11,96.82171570885859,0.0014744862515890804,97.28590584997112
7736400.0,337.90714006862834,1.2784079759357968e-11,96.81727495475161,0.0013216695514790587,97.33453111706574
7740000.0,324.89338996723274,1.3775519955645543e-11,96.8136175849191,0.0006463055111549926,97.36757825098115
7743600.0,337.8039789220894,1.2964373632980603e-11,96.82218365564782,0.0014079535531379595,97.40770480904929
7747200.0,340.22758589382994,1.1685736459326019e-11,96.820918933664,0.001665868934227895,97.45552549444456
7750800.0,323.47884307588777,1.4218043613631615e-11,96.81565093359673,0.0008522424938064758,97.48993150056064
7754400.0,336.2544587787145,1.3495293570102058e-11,96.82358641475794,0.0013476200164048563,97.52703189305284
7758000.0,342.39573915309603,1.061134907559358e-11,96.82365454801104,0.0019902646707755023,97.57484199787193
7761600.0,322.6269988644564,1.4394919454559888e-11,96.81644105120408,0.0009824465045952322,97.61225587455529
7765200.0,334.468546801738,1.4014344608620178e-11,96.82129522063441,0.0012976161691382986,97.64681334202658
7768800.0,344.3318096498312,1.0026181878232953e-11,96.82297804227704,0.0022673778812546492,97.69547153833199
7772400.0,322.63572054606675,1.440440808436832e-11,96.8128391296824,0.0010346607599975523,97.73540402817255
7776000.0,332.6442718744771,1.4588744223774053e-11,96.81616728233828,0.001213194264132068,97.76742868124818
7779600.0,345.3274326746798,9.875394596185014e-12,96.82036526983893,0.0023968852992263903,97.81509025194167
7783200.0,323.50654251374476,1.4003359535903967e-11,96.81399749856953,0.0009499925500716887,97.85691217900073
7786800.0,330.4777152922089,1.5289628179692566e-11,96.81705914428437,0.0011088006914251468,97.88910921033133
7790400.0,345.7649042075837,9.572746446539126e-12,96.82451813235707,0.002471751711075498,97.93541832043282
7794000.0,324.6981898318594,1.3346879176975088e-11,96.81791561012166,0.0008694521035431066,97.97959846736921
7797600.0,328.66303843427625,1.595228872801566e-11,96.81844183908605,0.0010437307781737317,98.01284775005857
7801200.0,345.4340544718961,9.110809507564683e-12,96.82627034872371,0.0024432157150751075,98.05711791090602
7804800.0,326.33090022651453,1.2774211037696271e-11,96.81899206524582,0.0007454049684972107,98.10221092339573
7808400.0,327.3827665135104,1.6605140050778566e-11,96.81660417566523,0.0009549114268372861,98.13532972826198
7812000.0,344.1813265696689,8.821728696407645e-12,96.82261607857164,0.0022708902506688553,98.17649818660406
7815600.0,328.67906090458854,1.2287149562795923e-11,96.81836140137034,0.0006221849295388707,98.22435352875789
7819200.0,326.36130106572756,1.7230924535071145e-11,96.81210013989428,0.0008300880330562443,98.25970310695358
7822800.0,342.59906559735845,8.651644387087103e-12,96.82074408495501,0.002053109688260742,98.29961997156391
7826400.0,330.9687934287701,1.1887872011941796e-11,96.81813448807316,0.0006791883617901514,98.34840773591442
7830000.0,325.75585937708644,1.759408129150751e-11,96.81308572836834,0.0006919030078819661,98.38349912645555
7833600.0,340.11718636670213,8.803999007995881e-12,96.82217414530719,0.0017297670860654832,98.42019777994778
7837200.0,333.0678583393894,1.1561992690248684e-11,96.82215499081936,0.0008017889976480099,98.46873752880494
7840800.0,326.1226196858035,1.7493633122850534e-11,96.81556500327018,0.0004953266373515019,98.50528544037878
7844400.0,337.1057296086177,9.296452737453921e-12,96.82216856149361,0.0013359246993400803,98.54008140943785
7848000.0,334.86490208421117,1.1555612305303784e-11,96.82450528746462,0.0009702219885859701,98.58860002355043
7851600.0,327.30713250719816,1.7004111495439402e-11,96.81525222024345,0.0002713369403740369,98.62759859605286
7855200.0,333.9386124198374,9.990664186167868e-12,96.8187019478961,0.000923056362949644,98.6620211134993
7858800.0,336.3080540777238,1.1737987949637491e-11,96.82101715892912,0.0011632749318927777,98.70889737058549
7862400.0,328.92258158608144,1.612241414146802e-11,96.81255791043083,0.00030398313696842545,98.74912778070231
7866000.0,330.70750059999665,1.0819119093671488e-11,96.81464182831924,0.0005066764709494522,98.78277175567409
7869600.0,337.3551024974775,1.1869410921430011e-11,96.82217931501592,0.001351553600390345,98.82890047170304
7873200.0,330.78986378659044,1.4971784646299245e-11,96.81480071754385,0.0005593299335670543,98.87173705009532
7876800.0,327.65412356109454,1.1756724363171445e-11,96.81711497623974,0.00024276968407167172,98.9043786047494
7880400.0,337.47636525072,1.2126367372528816e-11,96.82505290543484,0.0014432623455904881,98.94972134323206
7884000.0,333.1911331100485,1.3914625797318618e-11,96.81901051546708,0.000932189291835572,98.99582036666281
7887600.0,324.8050195742903,1.2985157637511195e-11,96.8176494603533,0.0004452033817223823,99.02805488387442
7891200.0,337.1616283938077,1.2541780093704716e-11,96.82415895656904,0.0015099728489415128,99.07024272613604
7894800.0,335.79949134651383,1.3219951553443267e-11,96.81912524197537,0.0013312916306975268,99.11757268827344
7898400.0,322.4517064895779,1.43037791465149e-11,96.81327665596379,0.0007187038329482958,99.14987489223657
7902000.0,336.590328185844,1.2999276160647337e-11,96.82196059324725,0.0015521988109250574,99.191143270109
7905600.0,338.0730666027371,1.2516650812110766e-11,96.81727458185384,0.001658489892030449,99.24107035884886
7909200.0,321.1169057604341,1.5085937581149466e-11,96.81159107702273,0.0009045319524500951,99.27554874888496
7912800.0,335.1775258872412,1.3566210216246192e-11,96.81955157469284,0.001482570041657268,99.31472108136195
7916400.0,340.1062023261427,1.1503168793832982e-11,96.81961823596512,0.0019566210790433482,99.36305410024947
7920000.0,320.20828366208946,1.528787621336895e-11,96.81408197475386,0.0010430627908864206,99.39860366568246
7923600.0,333.55621384116904,1.4038754063544857e-11,96.8213067594427,0.0014210540356436382,99.43484994335451
7927200.0,341.8604400698188,1.0538685261721266e-11,96.82291699825011,0.0022262175361009925,99.48281842697511
7930800.0,319.7835543756631,1.5268517608561474e-11,96.81588464489316,0.0011166106648293728,99.52064238894289
7934400.0,333.4399099158248,1.4155991972461685e-11,96.82114578052962,0.00132410404082386,99.55491149709168
7938000.0,344.0316746156057,9.88647871185749e-12,96.82374061359947,0.0023488668918540223,99.60276650792585
7941600.0,321.6216052584886,1.4606519533946134e-11,96.81306507202741,0.0010375606246820564,99.64386468796653
7945200.0,331.6676686125452,1.481890705463629e-11,96.81544806232196,0.0012488869831225212,99.67588442233733
7948800.0,344.7306382231407,9.741327072006838e-12,96.81988371523988,0.0024364658111589626,99.72273767911635
7952400.0,322.91811646551616,1.3981417290818259e-11,96.81245723115211,0.0008952339554075293,99.76543132229679
7956000.0,329.7411035277148,1.55786600956441e-11,96.8148157818896,0.001107091785056184,99.79697261151496
7959600.0,344.6357319099917,9.540678709303749e-12,96.82244148026675,0.002430209498643196,99.8426569873627
7963200.0,324.41257811898237,1.3221309525267284e-11,96.81657069524813,0.0007556420378665851,99.8874824596815
7966800.0,328.0069513506424,1.6292003287427736e-11,96.81663283094895,0.001007380329856163,99.9203748587301
7970400.0,343.89433775896424,9.181639150914048e-12,96.82526936902207,0.0023442709389744553,99.96422044761455
7974000.0,326.20512789146187,1.2705286054257326e-11,96.81929516165945,0.0005969146227354108,100.0107830525516
7977600.0,326.8713962650563,1.6893125922023064e-11,96.81582828344796,0.0008956690986714455,100.04439560863165
7981200.0,342.4363917111929,8.90535861822319e-12,96.822943884313,0.002147570398470169,100.08393045750702
7984800.0,330.2034257969027,1.1962836061244379e-11,96.81855110304154,0.0005719777204176757,100.1312991552752
7988400.0,327.02268115103846,1.7090192211808356e-11,96.81218727870679,0.0007454521704503961,100.16692052909704
7992000.0,342.03213102034994,8.491743698019876e-12,96.81938170858628,0.0018932292871754936,100.2064622994636
7995600.0,332.5249918539302,1.1721538142525674e-11,96.81732553503439,0.0006989051844243085,100.25590728267805
7999200.0,326.6240456116012,1.7290337836351935e-11,96.81128723334078,0.0005916992741277597,100.29231498379309
8002800.0,339.4482514801859,8.687264559379506e-12,96.81984018868206,0.001550737799865493,100.32805107141488
8006400.0,334.61665615979564,1.1549478643474212e-11,96.82113290760373,0.000884611824446789,100.3769145330196
8010000.0,327.16000894806297,1.7072067049587652e-11,96.81429279454098,0.00037668617516174236,100.41438097931751
8013600.0,336.2759212206898,9.306917547551218e-12,96.82049658532316,0.0011382166652533906,100.44825188842286
8017200.0,336.35970433627824,1.163800269617745e-11,96.82408362274002,0.0010831993563611214,100.4964532180401
8020800.0,328.4651902269698,1.6493325332450053e-11,96.81516063950914,0.00019012776386661173,100.5359143262307
8024400.0,332.9204274214177,1.0163106041677526e-11,96.81869049767619,0.0007074450954692291,100.5698001788198
8028000.0,337.5283585744664,1.187692203248041e-11,96.82177277739578,0.001257690126048164,100.6160086204848
8031600.0,330.47702194607353,1.5434703684237766e-11,96.81323473845593,0.0004247766773049403,100.6581098022542
8035200.0,329.75275735893007,1.1111193783723096e-11,96.81323029398438,0.0003192635374273457,100.69127881485412
8038800.0,338.4499878109834,1.1982066807353204e-11,96.8204824913403,0.0014425873954643975,100.73601085307313
8042400.0,332.4977339318022,1.4211070330743548e-11,96.81313153830466,0.0007296079152524574,100.77968898916212
8046000.0,326.7939011967749,1.2134991654621694e-11,96.81471592007142,0.00026312702106251565,100.81264121708519
8049600.0,338.3347496431252,1.2238069889036965e-11,96.82314741421486,0.0015150475295388902,100.85655297302542
8053200.0,334.9506335806815,1.3190035949534523e-11,96.81798255543305,0.00110775807629029,100.90310080669312
8056800.0,324.12560024805646,1.3352633484199885e-11,96.81613055178262,0.000587313303248289,100.9361060429679
8060400.0,337.744770703477,1.2628193978342433e-11,96.82396224660033,0.0015604749470065167,100.97798700529047
8064000.0,339.1755966863344,1.2204679590258031e-11,96.82017468691012,0.0015645907172790886,101.02586737169129
8067600.0,322.7827925045558,1.4312857632923403e-11,96.81355375087824,0.0009454914052564766,101.05821592990911
8071200.0,338.569362325922,1.2633159224134328e-11,96.82156801957342,0.0016611551700857856,101.09720570557145
8074800.0,341.3922960168536,1.1565698716869255e-11,96.81785905280486,0.0018878328557435273,101.1473077917148
8078400.0,321.690559828242,1.4882806551648042e-11,96.8105036810254,0.0010751228406139447,101.18320324209503
8082000.0,336.9514030960733,1.3070874949945602e-11,96.81752322661391,0.0015782088761417386,101.2213621904573
8085600.0,343.3445385514543,1.0585459262554552e-11,96.81874189393733,0.002158135425575084,101.27036327692089
8089200.0,321.34674982891096,1.4790119040182116e-11,96.81243317588097,0.001140756561234995,101.307036686836
8092800.0,335.0453558800679,1.3493614511930753e-11,96.81908606631224,0.0014663742572867972,101.34248860056711
8096400.0,344.7438194868604,9.795283207697257e-12,96.82223043407373,0.0023709411593629687,101.39016382046445
8100000.0,321.44103555381724,1.4548921793681492e-11,96.81487354133664,0.0011482985008700282,101.4289784106348
8103600.0,333.23309564911654,1.4072314743846372e-11,96.8196467504368,0.0013730929989340284,101.46258973799621
8107200.0,345.52348271542996,9.422395298391696e-12,96.82374255894439,0.002489846132630794,101.50920767027837
8110800.0,322.0898589177251,1.4198399315723948e-11,96.81451711388438,0.0010637140571990366,101.55160556367652
8114400.0,331.57134445084347,1.4851435719974493e-11,96.81539222980487,0.0012999954164982716,101.58384250392916
8118000.0,345.7881040758168,9.281914233948207e-12,96.82044523571847,0.00252330064030974,101.6295943074011
8121600.0,323.75536274493993,1.3362487731309978e-11,96.81201192304222,0.0008669216458474069,101.67373159029088
8125200.0,329.95877256215266,1.566395776575948e-11,96.81247283815549,0.0011374060817707118,101.7045975675093
8128800.0,345.00638853536844,9.13640711216202e-12,96.81999083421826,0.0024167193131190974,101.74910210580872
8132400.0,325.67654098713143,1.2531814145405893e-11,96.81552604451004,0.000644931762148252,101.7951371953289
8136000.0,328.50669807379927,1.63677056268715e-11,96.81425235611088,0.0009988142974195016,101.82763180343086
8139600.0,343.6742325160052,8.867099155132365e-12,96.82356219689684,0.0022508053811676892,101.86989452893437
8143200.0,329.3061280995857,1.177564298332461e-11,96.81936690761377,0.00052262498078945,101.91791084590658
8146800.0,328.53734147264686,1.6599600825910236e-11,96.81496776789008,0.0008505775531746098,101.95231690444648
8150400.0,343.2953763630375,8.373429366684871e-12,96.82309302463139,0.002011042888758365,101.99066515712764
8154000.0,331.62723256253093,1.1682518199383374e-11,96.81888419307515,0.0004831486055846726,102.03832796921928
8157600.0,328.47288263910366,1.6737376402086934e-11,96.81274386532911,0.0006620713708244378,102.07413358422623
8161200.0,340.5443061769672,8.369854917973243e-12,96.81832592486374,0.0016243714219878632,102.11163032899888
8164800.0,334.06858570180685,1.1608588933778843e-11,96.81796683358267,0.0006896772047947521,102.16160763536793
8168400.0,328.6462326419474,1.661745831402259e-11,96.81013301164235,0.0004650953157727073,102.20012427522533
8172000.0,337.7540223990242,8.724468550011363e-12,96.81718634111229,0.0012476360469023137,102.23474961570722
8175600.0,336.0444423862491,1.16539389161226e-11,96.81989171688039,0.0009346383346685863,102.28372065089246
8179200.0,329.53691902438214,1.619721393948133e-11,96.81285204834082,0.00030304105306670076,102.32268794441299
8182800.0,334.3374362582327,9.621965687022438e-12,96.81824279177508,0.0008129622281257163,102.35558609537927
8186400.0,337.5499134204395,1.190201570333446e-11,96.82310311586677,0.0011636179074345457,102.40287132068087
8190000.0,331.24769716219157,1.5411357050386353e-11,96.81495487676303,0.0004181020921785937,102.44397270954748
8193600.0,330.77824363290335,1.0748818829637382e-11,96.8175502643471,0.0004106183196588685,102.47659468450186
8197200.0,338.44414996451985,1.2185156245832928e-11,96.82272006650827,0.0013566968360445692,102.52184843780317
8200800.0,333.6405019733843,1.4163546733419249e-11,96.81460429630529,0.0008030301708013968,102.5662457280897
8204400.0,327.5871952719502,1.1854791907651728e-11,96.81248309311776,0.0003550645843568458,102.59900938915466
8208000.0,339.04089613949816,1.2310867775943556e-11,96.81894483898621,0.0015303040006329545,102.64189445768729
8211600.0,335.93879409384056,1.2897578812024904e-11,96.81265625038054,0.00115029626566757,102.68703818741298
8215200.0,324.8083145287209,1.2921786498371092e-11,96.811616281405,0.00061424614854573,102.72032251422499
8218800.0,338.64995643700706,1.2582447182739985e-11,96.8208678627007,0.0016027732384826607,102.76221632117466
8222400.0,340.0297337083896,1.1691002186239132e-11,96.81717872851438,0.001584539465791841,102.80948220827088
8226000.0,323.26801295280904,1.3818318021133352e-11,96.81402974946512,0.0009950492643695083,102.84307649929148
8229600.0,339.37161438813894,1.255842595430341e-11,96.82265292029847,0.0017158620229340783,102.88366856427585
8233200.0,342.48018974004424,1.1232043782565133e-11,96.8204733072117,0.001959108230405088,102.9325433289637
8236800.0,321.5906893217888,1.4739580759671245e-11,96.8139913607077,0.0012400735722315679,102.96642092993669
8240400.0,338.19829835626996,1.282773346444751e-11,96.81989001323203,0.0017241729232766489,103.00347721256922
8244000.0,344.5105016862189,1.056320735210595e-11,96.81863517007024,0.0022569536450856137,103.05272674728555
8247600.0,320.96228612005507,1.4927883193970115e-11,96.8105739140197,0.0013077874866427917,103.08988385163083
8251200.0,336.5618110823287,1.3067481472930938e-11,96.81590723899123,0.0016506198562343283,103.12664397300901
8254800.0,346.01926874508393,9.696963107426351e-12,96.81829040980921,0.002458620183611898,103.17605038970672
8258400.0,321.31581998256513,1.4506179551544194e-11,96.81063531660878,0.0012673616560881869,103.2148132609366
8262000.0,334.480712405816,1.3490792089951824e-11,96.81601664990433,0.001506793137867322,103.24918251755213
8265600.0,346.781007648136,9.179805608374982e-12,96.82138959021063,0.0025738879247408334,103.29597216140311
8269200.0,322.1053328227284,1.4034762724619278e-11,96.81387782909356,0.0011793792069037276,103.33695291245454
8272800.0,332.70322119251585,1.420684123186433e-11,96.8170531670582,0.0013950759799606699,103.36960685255296
8276400.0,346.82292397880457,8.971837495530042e-12,96.82310706910549,0.0025880999637015005,103.41482792423899
8280000.0,323.4277330786055,1.3395905820360193e-11,96.81605906514294,0.0009945678898258532,103.45874233705084
8283600.0,331.2658676006027,1.51056091084705e-11,96.81486897831651,0.0012815556339852302,103.49084112002888
8287200.0,346.3062294756606,8.860975490156116e-12,96.82119073462523,0.0025239146834072634,103.53531185758507
8290800.0,325.3190392630527,1.24528418243197e-11,96.81280388789132,0.0007389985030729745,103.58125318970323
8294400.0,330.1288509916589,1.5878977745382317e-11,96.80985453034351,0.0011105615732833385,103.61214515759985
8298000.0,344.76842815928,8.746182963065813e-12,96.81775882196696,0.002309052147520076,103.65470679677182
8301600.0,329.3776956233647,1.132680493781878e-11,96.81504880832206,0.0004989293835793849,103.70170369468185
8305200.0,329.9546412185388,1.622973052412372e-11,96.81116083042438,0.0009180431206385433,103.73469387753143
8308800.0,344.28026470770266,8.313679923050051e-12,96.82084968398593,0.0020625782006625398,103.77471422156154
8312400.0,331.5732526901495,1.1225483273272857e-11,96.81913422865861,0.00038773964403465786,103.82340883486677
8316000.0,329.8088932399913,1.6427685756092465e-11,96.81352075515659,0.0007351032840591759,103.85928957497626
8319600.0,341.5159366578111,8.230792239041067e-12,96.82135404161257,0.0017001910639646417,103.89636117188759
8323200.0,333.7313380669348,1.1369591292068036e-11,96.81996445951303,0.0005056886260315278,103.94473192616204
8326800.0,330.4417858393303,1.6181650724488568e-11,96.81285371436351,0.0005505973233239543,103.98208006622272
8330400.0,338.1542979784258,8.460839210060586e-12,96.81661224998109,0.0012489083790167396,104.01627197597352
8334000.0,336.0576377564167,1.1448047160126617e-11,96.81947170906824,0.0008219922015351091,104.06531454201283
8337600.0,331.40686580651004,1.5677237456090713e-11,96.80946100807456,0.0004357274387135594,104.1067185300037
8341200.0,335.02564905437146,9.18392935240711e-12,96.81424940431174,0.0008457315465276559,104.14045713986889
8344800.0,337.71076464287825,1.1744305021175627e-11,96.81842967238786,0.0010865134132113125,104.18884469418084
8348400.0,332.80322744422534,1.502079305659191e-11,96.81130751413343,0.0005496872566313502,104.2301530581782
8352000.0,331.5451453177506,1.045107049712554e-11,96.81547380317342,0.00047864610785380846,104.26220732952743
8355600.0,338.78114053976105,1.2143761770068704e-11,96.82164144889748,0.0013180817447427304,104.30820134932694
8359200.0,334.9554608470933,1.4015374940212724e-11,96.81465431850373,0.0008619972277595484,104.35143257434419
8362800.0,328.0680404674666,1.1813539795892299e-11,96.81538590598485,0.0004427769780190388,104.3831804621494
8366400.0,339.2665047266812,1.2495053759533712e-11,96.82289816305618,0.0015097254887746466,104.42704078909689
8370000.0,337.53815423820186,1.266525320153403e-11,96.81586160036191,0.0012830078837572847,104.4727354387408
8373600.0,325.02104117749843,1.2950538176888606e-11,96.81171343004688,0.0007651741012458288,104.5059711353771
8377200.0,339.245787307901,1.2747578817392772e-11,96.81820079701012,0.001650907733453021,104.5466174136051
8380800.0,341.6950479670626,1.1145045388426938e-11,96.81316816854763,0.0017268363276591733,104.59345641630013
8384400.0,323.4990281275848,1.362862147080435e-11,96.80851396890885,0.0010987012697858472,104.62763525708466
8388000.0,340.24838977109454,1.264493119506578e-11,96.81827777807986,0.001791286112291704,104.66649721787742
8391600.0,343.96358355168434,1.0578065389950585e-11,96.8162505119117,0.0020583411551315864,104.71471837964401
8395200.0,321.8324518774183,1.4449292966202925e-11,96.81158043439412,0.0013207858423877564,104.74989179095996
8398800.0,338.8543884276307,1.2964105473644625e-11,96.81991614930168,0.0017859537547432907,104.78771384182096
8402400.0,346.0375083313896,1.0234224608941233e-11,96.82055829148656,0.0023761939420763848,104.83726669125531
8406000.0,320.8900814305296,1.4881944578489788e-11,96.81310234254826,0.0014618210299017676,104.87402347384428
8409600.0,337.29616111288163,1.3118473059784306e-11,96.81814719367252,0.0017619436105644007,104.90949715928458
8413200.0,347.618479555129,9.510598839663228e-12,96.82012776292947,0.0026096347593508435,104.95745283672993
8416800.0,321.0002265820942,1.4606294004092074e-11,96.81044939782707,0.0014391532608428901,104.99605237796351
8420400.0,335.7023572818186,1.3256322709623136e-11,96.81478201459886,0.0016821272290926139,105.03082142023469
8424000.0,348.32682846794154,8.848484479128559e-12,96.81792991180612,0.0027017179654101817,105.07954695234828
8427600.0,322.11551666296987,1.3940338599431067e-11,96.80947458560271,0.0012798155852951653,105.12146546366688
8431200.0,333.6812731187919,1.38009333639728e-11,96.81206745389169,0.0015143297873736977,105.15499599195901
8434800.0,348.2538570627749,8.619688315173274e-12,96.81954463361089,0.002687711808140843,105.20013850373847
8438400.0,323.7620525895834,1.3280102383001717e-11,96.81317490865253,0.0010737986166221567,105.24385769280276
8442000.0,332.11033374942065,1.4676894073011803e-11,96.81368143511295,0.0013598493287335478,105.27626010075376
8445600.0,347.3131661413152,8.565939377658908e-12,96.82153075712968,0.002566153011038944,105.31927482591767
8449200.0,325.7537710656315,1.2444977811915086e-11,96.81628604922982,0.0007872294433034566,105.36488289991999
8452800.0,331.07016100395174,1.553192519432725e-11,96.81330180968673,0.0011880032125786161,105.39729178685143
8456400.0,345.6497264012526,8.536796646628484e-12,96.82081618171966,0.0023517031921214872,105.43928635501833
8460000.0,329.5527019152085,1.1247535426601795e-11,96.81431013192,0.0005020101538199457,105.48670803285623
8463600.0,331.4677725677276,1.5818874099022065e-11,96.80869297686769,0.0009937674803618382,105.5195596698915
8467200.0,344.90524113171847,8.268409685070248e-12,96.81567059020986,0.0020488360214476115,105.55908648990417
8470800.0,332.2792875042149,1.0863351357178706e-11,96.81418670117435,0.0003106067360083054,105.6069679813051
8474400.0,331.3255004369207,1.606224964176387e-11,96.80822939813253,0.0007681142212626235,105.64122686223601
8478000.0,341.89170406868584,8.338363173384075e-12,96.81714117077216,0.001657638935739582,105.6789090011022
8481600.0,334.5030851802348,1.1015024277678322e-11,96.81822210416063,0.00047423355830577917,105.72766335718156
8485200.0,331.96787750668886,1.5842422878650724e-11,96.81147891530593,0.000599848470608819,105.76534222140486
8488800.0,338.4230931388361,8.562840277244679e-12,96.81843240998421,0.0012253400554974737,105.80066309124564
8492400.0,336.41703390082256,1.1253234677812116e-11,96.82058836487603,0.0007660504844050564,105.8491496310744
8496000.0,333.3942193219632,1.5146656275932042e-11,96.81257091168452,0.0005870886296541599,105.88943516170598
8499600.0,334.69212692826375,9.234047589647651e-12,96.81485316155354,0.000807944255825731,105.9211099553663
8503200.0,338.2680792072621,1.1459433121755607e-11,96.81951706092666,0.0011045025955648436,105.96783030364732
8506800.0,335.21090935503406,1.4297688784467529e-11,96.80983008446887,0.0007666802256253082,106.01188453566492
8510400.0,331.2600322783372,1.0487076652404796e-11,96.81075808683558,0.0005553768277603822,106.0449251496338
8514000.0,339.2914850421537,1.1900785132911311e-11,96.81694634861326,0.0013400480345842796,106.09186163069259
8517600.0,337.22332477619705,1.3429417252419e-11,96.81043240484648,0.0010748450837690807,106.13648262180298
8521200.0,328.04730293339463,1.2025820869970428e-11,96.8114856638041,0.0006170744016855901,106.16805116200372
8524800.0,339.6676653981714,1.2407127750554392e-11,96.8195123246762,0.0015233471666375733,106.21205841668763
8528400.0,339.62497700489723,1.2299888425944275e-11,96.81420032981386,0.0014545956873467701,106.2576815443751
8532000.0,325.00541813756377,1.3333296451699214e-11,96.81230261827159,0.0009073314330371893,106.28951611004605
8535600.0,339.53044521240963,1.2837613074413038e-11,96.82100911482455,0.001674689333989967,106.33088309388118
8539200.0,343.7747738002026,1.0692231773465671e-11,96.81646291751439,0.0019181989600255656,106.37763377010674
8542800.0,323.2630938563637,1.3949606003254298e-11,96.81042827184703,0.001287416093352141,106.41209371217971
8546400.0,340.4957327804945,1.279088357856588e-11,96.81693654114014,0.0018639984379681008,106.44996405832215
8550000.0,346.2881227343374,9.778411887918696e-12,96.81451252719084,0.002295337355340108,106.49843174319838
8553600.0,321.854629847937,1.4445397811514959e-11,96.806485075384,0.0014667837983031134,106.53456234937197
8557200.0,339.4629775645878,1.3063358665631888e-11,96.81438088477495,0.0018770886944015348,106.56981070267821
8560800.0,348.0120972620054,9.509228771297066e-12,96.81480065184691,0.00254116893581582,106.6184717273144
8564400.0,321.22305038940004,1.473372565820918e-11,96.80904824278815,0.0015430902080002997,106.65647161809613
8568000.0,337.73886644591454,1.3328832550013781e-11,96.81565136538929,0.0018227598500158257,106.69103944125003
8571600.0,349.3365364544218,9.247028544223532e-12,96.81965129783491,0.002743662039016563,106.73979895286641
8575200.0,321.285607665544,1.4556366629103606e-11,96.8117764932551,0.0015369779573393633,106.78022513063856
8578800.0,336.07851840633697,1.3481388970234195e-11,96.8154754628258,0.0017532991480904802,106.81411505613336
8582400.0,349.93638637587077,8.64065594438192e-12,96.8208050839468,0.002842876942523063,106.86079700426883
8586000.0,322.28563136049354,1.3948333558108983e-11,96.81088073614322,0.0013976565477332914,106.90197137214913
8589600.0,334.65236307612616,1.3762994352650593e-11,96.81269054083181,0.0016391273570390353,106.93494550544176
8593200.0,349.4336355813049,8.280488634648788e-12,96.81735277102973,0.0027701110382252737,106.98097521383792
8596800.0,324.2756960909312,1.3243459610372727e-11,96.80980491072725,0.0010990676827688764,107.0263824378867
8600400.0,333.0645877544494,1.4439741310232539e-11,96.80818158844562,0.0014515522340860726,107.06001432511593
8604000.0,348.3795288823396,8.161647645195811e-12,96.81697325105358,0.002612559900546607,107.10273839026607
8607600.0,326.6763659626861,1.2580023130372413e-11,96.81208126016841,0.0007740666886556901,107.14931022901773
8611200.0,331.96111915480094,1.522026615335852e-11,96.80979932454602,0.001236534895453274,107.18232322556811
8614800.0,346.23093114636004,8.207607850579116e-12,96.8187602477054,0.002327189221379579,107.22228589739039
8618400.0,330.77039742293994,1.1482614195026907e-11,96.8158055074927,0.0004490550498412857,107.26962009880471
8622000.0,332.4788461650351,1.5455240101875586e-11,96.8107061676296,0.0010014103690135171,107.30356332006254
8625600.0,344.9295167174742,8.114501684783894e-12,96.81846163384031,0.0019638950584977195,107.34166751968749
8629200.0,333.17615014302737,1.109964639902818e-11,96.81634031943179,0.00021266098137570042,107.38997800916876
8632800.0,333.10090716111574,1.5476994065557648e-11,96.80837441806258,0.0008030003899966264,107.42628675230362
8636400.0,341.60402432620896,8.427278692578188e-12,96.81340823102592,0.0015426838935520897,107.46249557414842
8640000.0,335.7758841865856,1.109486763633653e-11,96.8135734581525,0.000520609972545916,107.5105382950732
8643600.0,334.0160032043063,1.519205031867462e-11,96.80615254736409,0.0006691964141464044,107.54736394516864
8647200.0,337.79314070503966,8.97782797292052e-12,96.81196023850771,0.0010791620051265067,107.58245270269569
8650800.0,337.7108830815785,1.1276101197679334e-11,96.81672717131643,0.0008657768629158201,107.63046756341058
8654400.0,335.5602820887529,1.4412662348144664e-11,96.80952302257397,0.000729149043873328,107.67070810190822
8658000.0,333.9394198055832,9.767635737068376e-12,96.81410909706385,0.0007291003432958945,107.70399644283633
8661600.0,339.0078648218788,1.1470649989273458e-11,96.81978073406648,0.0011731585858056404,107.75129886761043
8665200.0,337.7881120778133,1.3338783561139646e-11,96.81219912167168,0.0010223974429105908,107.79503016618935
8668800.0,330.17128044240314,1.1022188579256998e-11,96.81282040276766,0.0006820830425193411,107.82620120036745
8672400.0,339.9427644975308,1.1743380444203186e-11,96.81797665958199,0.0014501945536574783,107.87001251597547
8676000.0,340.3131593920449,1.2382039552895064e-11,96.8105414047268,0.0014078496749081986,107.91622147864507
8679600.0,326.8651433803066,1.2628266729500395e-11,96.80756885304511,0.0008882792979581997,107.94871890161859
8683200.0,340.27166647190563,1.218008347207963e-11,96.81528265965115,0.0016469315990078383,107.99281800926936
8686800.0,342.72514038344536,1.1471762273652648e-11,96.81006297007401,0.001777416552717968,108.04090318244104
8690400.0,324.42322703466954,1.391632474102117e-11,96.80717949696897,0.0011578869040077555,108.07345686247791
8694000.0,339.74552356856833,1.2648083294422324e-11,96.815776935235,0.001741313179982949,108.11436327108412
8697600.0,346.62462104229684,1.0092001391030403e-11,96.81370987727182,0.0021951000368375024,108.1618552539162
8701200.0,323.13794467277364,1.4344092615545767e-11,96.80899244876035,0.0014697306757342668,108.195622451373
8704800.0,340.5114215596898,1.2614242346756404e-11,96.81712558784452,0.0018998227900342488,108.23328480296168
8708400.0,348.7149056001152,9.120577009608226e-12,96.81650413751308,0.0025284766402993803,108.28100057394256
8712000.0,321.7776213422891,1.4572942776497007e-11,96.80953284680157,0.0016254581901713316,108.31777648741713
8715600.0,339.31093243370464,1.2909506131949578e-11,96.81470128758505,0.001942763590986754,108.3526511555619
8719200.0,350.49548896813224,8.61508987012411e-12,96.81588442882008,0.0027982728099314414,108.40137840623765
8722800.0,321.47729702118824,1.4577948169320344e-11,96.80583580341244,0.0016678680294539825,108.44077807693641
8726400.0,337.9846453230417,1.323272382870034e-11,96.80945610443771,0.0018951952728169697,108.47296715483189
8730000.0,351.2195661090384,8.556282866063583e-12,96.81331195507268,0.0028967374047711133,108.52072101230773
8733600.0,322.23690977873025,1.4156288319556111e-11,96.80689654826544,0.0015325401150155667,108.56214996109976
8737200.0,336.2596145458238,1.3652182672158997e-11,96.8101742498512,0.0017780950248613282,108.59435809506424
8740800.0,351.24527689648323,8.38318193757238e-12,96.81744318908768,0.002915504627163374,108.64074919965479
8744400.0,323.5106938262771,1.3462499899317012e-11,96.81077612636469,0.001350745527762164,108.68466714635895
8748000.0,334.8500302635544,1.4041918741864464e-11,96.81136738767539,0.0016500289441023462,108.71784559275505
8751600.0,350.36508766315336,8.048497414974182e-12,96.81912350832013,0.002813880192955655,108.76209667407768
8755200.0,325.38858668917254,1.2913161682955628e-11,96.81182971174124,0.0010692201629074417,108.80705047006343
8758800.0,333.9593539075632,1.4469407742153572e-11,96.80938401095932,0.0014805673068747824,108.8401151944506
8762400.0,348.43084029965854,7.876849725989873e-12,96.81535163155031,0.0025525159534288714,108.8811290018351
8766000.0,328.10544110041997,1.2503526028015197e-11,96.81121668202731,0.0006435173710796088,108.92893538200124
8769600.0,333.3320563605352,1.4897097244611485e-11,96.80476752326499,0.0012457575995634734,108.96433510380676
8773200.0,346.0687644158954,7.810890595281048e-12,96.81332706178036,0.002219884664828859,109.00392087112279
8776800.0,332.4555308502441,1.1756771263199633e-11,96.81099349793102,0.0002984014452225497,109.05265266019128
8780400.0,333.93628834776945,1.493343806014269e-11,96.80568220295298,0.000985435370995175,109.0879186696906
8784000.0,344.3465969798111,7.80275373265444e-12,96.81454248615916,0.0017964967387853546,109.12413865998676
8787600.0,335.0265737533958,1.1513139343669364e-11,96.81500050882465,0.00026558025945288514,109.17250362486136
8791200.0,334.783490224977,1.4773332365236525e-11,96.80813998021853,0.0007872079838239089,109.20948115401035
8794800.0,340.4242859049626,8.364723359026168e-12,96.81428194671477,0.0013224369240689958,109.24371095574732
8798400.0,337.26198054305877,1.1557623160389162e-11,96.81726010966383,0.0006341716988617239,109.2918191978693
8802000.0,336.4840123169127,1.4224098224050043e-11,96.8079411042875,0.0007684837583762157,109.33153258478873
8805600.0,336.3690406542107,9.222287267870255e-12,96.81052879122254,0.0009293041120499094,109.36540956120294
8809200.0,339.0752386656667,1.1676219123750307e-11,96.81363142358072,0.0010181257452207056,109.4115036811472
8812800.0,338.62448220249615,1.3243091165955849e-11,96.80532511599812,0.0010133845606005705,109.45272678781869
8816400.0,332.36534606465716,1.0358435255705847e-11,96.80634017434552,0.0007204329542903589,109.4859916372791
8820000.0,340.38050137421357,1.1703680544711607e-11,96.81457419386045,0.0013520565971171052,109.53101916614717
8823600.0,340.9415617540218,1.2060517965711968e-11,96.80772504498371,0.0013401441323848144,109.57494643148219
8827200.0,328.7138423590013,1.1656113259173375e-11,96.80863762743945,0.0008924390973742747,109.6074745259759
8830800.0,340.6778857629683,1.1911728565690586e-11,96.81711432041905,0.001587892961745747,109.65140636269055
8834400.0,343.6554544808112,1.1079783201620403e-11,96.812045641252,0.0017662029552694685,109.6984862863514
8838000.0,325.47983089054,1.314323780170411e-11,96.80915887874251,0.0012298038922919554,109.7310742830038
8841600.0,340.483429563402,1.2213504828279353e-11,96.81580908042861,0.001783045572286696,109.771624627962
8845200.0,346.38310386814476,1.0357652009641275e-11,96.81213975975885,0.002191807895162832,109.8195906944684
8848800.0,323.04437211424084,1.437409744411518e-11,96.80493217887258,0.0014918772378128484,109.85284797687183
8852400.0,339.9643688822873,1.2424795549892733e-11,96.81316066679194,0.0019026347299239143,109.89222535999876
8856000.0,350.1739131230824,9.215926073460655e-12,96.81035009759849,0.002576038742059868,109.94239930127189
8859600.0,322.6277856321559,1.4454006894767597e-11,96.80331693438197,0.0016962285153094825,109.97830586293632
8863200.0,340.25000332720674,1.2254376416410339e-11,96.81034111904528,0.001985307846462195,110.01532912719644
8866800.0,351.82175853327715,8.444303053522038e-12,96.81263726456329,0.002829736818891021,110.06347640075654
8870400.0,322.1541707714646,1.4235783427845041e-11,96.80606069713187,0.0017513353677533858,110.10105486863793
8874000.0,338.80501473820254,1.2477742361270661e-11,96.81172501818719,0.0019611086412259205,110.13537068573935
8877600.0,352.7696312510101,7.998415718654304e-12,96.81564268858472,0.0029938108970890805,110.18239769077582
8881200.0,322.4241064743133,1.3906867366155511e-11,96.80831684424292,0.0016929401192847188,110.22267436684552
8884800.0,337.42425385370046,1.2978506273396814e-11,96.81113193908323,0.0018994591331395292,110.25537665592324
8888400.0,352.96995784408193,7.882346740405776e-12,96.81594412001488,0.0030445137976693125,110.30180353902189
8892000.0,323.44713568280713,1.3318190671020947e-11,96.80576403519012,0.0015174128358895886,110.34537914315118
8895600.0,336.2665482984391,1.3641143903284332e-11,96.80535395535023,0.0017976818344973022,110.37657467329605
8899200.0,352.21485650626937,7.846823977764829e-12,96.81159365717456,0.002943475692422973,110.4212129866818
8902800.0,325.59371626420636,1.2324450220005668e-11,96.8056418309988,0.0011872950829322172,110.46623243114952
8906400.0,335.1978769565941,1.4244400169123426e-11,96.80459955406043,0.0015953250629037986,110.49773224254616
8910000.0,350.39520772285965,7.719192097948824e-12,96.81364208668148,0.002714145778395524,110.54055195938318
8913600.0,327.86244156480154,1.1766989436815892e-11,96.80983259629751,0.0008278802739154429,110.58759703341197
8917200.0,334.60928678889377,1.4640993006983158e-11,96.80669099610013,0.0013974540266378313,110.62135953554424
8920800.0,347.8095654150715,7.573527748953174e-12,96.81567103711632,0.0023916633026903277,110.66161333766823
8924400.0,330.29243169234434,1.175057480304728e-11,96.81258784804503,0.00041944159262166517,110.70992278351346
8928000.0,334.82790794395277,1.4731020227255144e-11,96.8064681631554,0.0011881596345428586,110.74542918897855
8931600.0,344.47340486287516,7.580139418837433e-12,96.81251106816826,0.0019734837413918982,110.78106219856144
8935200.0,334.7502542052215,1.1408273318394835e-11,96.81199333969847,8.199815050334607e-05,110.82921191915426
8938800.0,336.4079781022318,1.4294232541163272e-11,96.80297297409606,0.0009386887722127472,110.86792947568183
8942400.0,342.40016472240166,7.672627296199998e-12,96.80841477426955,0.0015048908367528997,110.90376020942311
8946000.0,337.1911233487368,1.1501507167173628e-11,96.81027483494627,0.0004894864595200297,110.95308618501723
8949600.0,337.6106795805238,1.3822375810097449e-11,96.80281676479092,0.0008727552632437045,110.99295084760665
8953200.0,338.3591620109412,8.584231557685325e-12,96.80864406907376,0.001073029693033093,111.02571681281827
8956800.0,339.14265861658754,1.1728033861271394e-11,96.81360257637786,0.0008828134636146045,111.07320318023221
8960400.0,339.6139021220436,1.3084504864389546e-11,96.80630061345728,0.0010194046695109404,111.11453844303307
8964000.0,334.0805358532305,9.887242428215173e-12,96.8089235404126,0.0008299654591979157,111.14620596277601
8967600.0,340.5368873214568,1.1983011889649903e-11,96.8158885416971,0.0012512108021111238,111.19179993315602
8971200.0,342.1870584205487,1.196104730063661e-11,96.80796531431429,0.0013711987861143421,111.2352956841981
8974800.0,329.99180533943274,1.1279432834225704e-11,96.80674528273785,0.0009699996659234374,111.26808701171203
8978400.0,341.2310352555136,1.2167974337454982e-11,96.81263746761505,0.001565053746401362,111.31041856682793
8982000.0,345.0907522862093,1.0636503711600049e-11,96.80631662649631,0.0018263924151036988,111.35657272879727
8985600.0,326.71677436949295,1.2455729237795729e-11,96.80169290335755,0.0012506510565742266,111.39004414006766
8989200.0,341.45675618521113,1.2315245163419481e-11,96.81062047747301,0.0017910504419574637,111.4298803778937
8992800.0,347.6399377042303,9.733531137103669e-12,96.80658622644285,0.0022048858639639344,111.4772227741115
8996400.0,324.11706607224005,1.3517865824030333e-11,96.80355812293901,0.0015326036153595016,111.51169394890793
9000000.0,340.6397973625269,1.2588366957191902e-11,96.81228906093989,0.0019177597878339155,111.55026868406085
9003600.0,350.0919071154671,9.256770411533545e-12,96.8116937128943,0.002589935085448955,111.59930466564204
9007200.0,322.27899944160123,1.4326569751984162e-11,96.80542673883822,0.0017654284096121774,111.63537326099662
9010800.0,339.5289276952803,1.2682036837905758e-11,96.81221505364324,0.00200924545660631,111.67219615152565
9014400.0,353.70065170289143,8.380421453518977e-12,96.81353987408765,0.0029640837225954723,111.72070457370317
9018000.0,322.2534023040567,1.4196856566916604e-11,96.80376034208129,0.0019320161998196176,111.75737841386997
9021600.0,340.02156281421156,1.2226272140939727e-11,96.80924585691399,0.002111436999760115,111.79195854375115
9025200.0,354.61820249185854,7.73364050621106e-12,96.81076526604147,0.0031120734313698985,111.8409545522488
9028800.0,322.80834306859686,1.3629811469114695e-11,96.80204459503175,0.0018102869370304575,111.88207774507124
9032400.0,338.3603669767225,1.2397439916571437e-11,96.80443387813693,0.0020120867989376857,111.91615676683563
9036000.0,354.8846776503648,7.442680149358895e-12,96.81106344980088,0.0031509775474579736,111.9625714420193
9039600.0,324.16250099452833,1.3031655896986486e-11,96.8041789109114,0.0016164400926968932,112.00531927312585
9043200.0,336.92605812720103,1.3023206237930962e-11,96.805763826652,0.001871020418186675,112.03786752814766
9046800.0,353.93897886818365,7.443189419210042e-12,96.81352536525094,0.0030412081337207993,112.08154898406164
9050400.0,326.03145361159676,1.2330941432494779e-11,96.80761627135989,0.001319356262854683,112.12624039674313
9054000.0,336.0785706506476,1.3806513200672212e-11,96.80614420001548,0.0016940050571730386,112.15852696597375
9057600.0,351.98856239419143,7.472851656092752e-12,96.81382944865726,0.002798907080304275,112.200353163112
9061200.0,328.24879529205174,1.150429001071989e-11,96.80809799406433,0.0009407392963142807,112.24741882687809
9064800.0,335.9799532628484,1.4303722598233265e-11,96.80281169072563,0.0015047456929877545,112.28080878785518
9068400.0,349.3104347858912,7.493211310800115e-12,96.80923056219636,0.0024622711459819403,112.32048745375084
9072000.0,331.1006028815604,1.1026606850137421e-11,96.80561670446204,0.0004607298607001625,112.3683911384964
9075600.0,336.1942623423149,1.4514702837300717e-11,96.8001961601337,0.0012617935245054209,112.40179220178523
9079200.0,345.735654233869,7.621393831321336e-12,96.8079765202007,0.0020160052276339503,112.43983519995508
9082800.0,333.7267901741343,1.113770178109999e-11,96.8092694715511,6.381272087206955e-05,112.4884049337216
9086400.0,337.0232355281768,1.4334571757703575e-11,96.80290718122417,0.0010821399702358658,112.52514067078873
9090000.0,341.74244449253405,7.917469519653133e-12,96.8103094191278,0.0015743791263181214,112.56066994940554
9093600.0,337.5835241489217,1.1040181971845368e-11,96.81283328609499,0.0004441284572558633,112.60954363313922
9097200.0,339.534248988048,1.3451487936641607e-11,96.80488167703388,0.0010007763984277549,112.64973193406772
9100800.0,339.0124606934435,8.36268862268303e-12,96.80881168566971,0.0011652681683021861,112.68195622275424
9104400.0,339.61050689612426,1.1239877588953436e-11,96.81167140929597,0.0008887915231603325,112.72820232600851
9108000.0,341.8645608436749,1.2511689817540257e-11,96.80309788730956,0.0011898725091373105,112.77113430937722
9111600.0,334.67648078541527,9.704059586325721e-12,96.80332752034936,0.000960605386734505,112.80372358678602
9115200.0,341.12884719529194,1.1549993283579627e-11,96.80959884257766,0.0012664794032064594,112.85059882804808
9118800.0,344.25327079180704,1.1574473891416005e-11,96.80220592990982,0.0015115080817076905,112.89626338584121
9122400.0,331.0423829585789,1.1302518940516737e-11,96.80242185986604,0.0010716571195831452,112.92789909252909
9126000.0,341.69642894733937,1.1991350692272734e-11,96.81052743099849,0.001537509936230041,112.97186475208352
9129600.0,346.8956216380458,1.0481704197316895e-11,96.80586306067082,0.0019139367873900496,113.01759669912984
9133200.0,327.5618223321279,1.2703411305945455e-11,96.8037616458299,0.0013497645459955906,113.04966913486967
9136800.0,341.7112312073028,1.2359276971563598e-11,96.81231442387191,0.001780194215725763,113.09026732541919
9140400.0,349.6148896152472,9.277005709660028e-12,96.80880230523722,0.0023413323425266965,113.13719895084266
9144000.0,324.7484763130189,1.3528433639881119e-11,96.80364351962274,0.0016388934898813436,113.17157375583841
9147600.0,341.16145163390814,1.2636295957177728e-11,96.81020265631118,0.001973610722823668,113.20891037901698
9151200.0,352.2489289238348,8.403123681324627e-12,96.8085928650923,0.0027529456526684446,113.25779179056663
9154800.0,323.03938067627024,1.3963173069094053e-11,96.79959142939043,0.001851160151327665,113.2945343705672
9158400.0,340.29718574322015,1.2825617830049586e-11,96.8051583759002,0.0020613016788788275,113.32881410958153
9162000.0,353.94869473316953,8.137962665227358e-12,96.80635903739086,0.0030046254230980977,113.37727931985869
9165600.0,322.4474043993065,1.4108070378805697e-11,96.80004857005092,0.0018868017983092226,113.41602711023526
9169200.0,338.8370359640168,1.299610524906333e-11,96.80589814839654,0.002063723133353635,113.44959374035709
9172800.0,356.5879382945655,7.7343727922023e-12,96.81086673545155,0.0032355148277590814,113.49752396666223
9176400.0,323.4144570822081,1.3589359175311161e-11,96.80363022390891,0.001917976098141756,113.53870893358695
9180000.0,339.1075941703001,1.2701580335733771e-11,96.80682877832923,0.002102959558774193,113.57231606759362
9183600.0,356.62076373795134,7.318751830743499e-12,96.81308419544744,0.0032743622847078635,113.6188188289215
9187200.0,324.50805355479014,1.3033329991923638e-11,96.80464306203888,0.0017383447866500402,113.66131051131917
9190800.0,338.12407141329396,1.2894266938326087e-11,96.8043812852188,0.001992897749540557,113.6939888770191
9194400.0,355.4208330510637,7.070133291663455e-12,96.80982947279384,0.003130608893346803,113.73753901517452
9198000.0,326.7562163475179,1.2520145487156899e-11,96.80374392547837,0.00136364829729678,113.78358019366637
9201600.0,337.30995714250815,1.3336408475853963e-11,96.7995382374131,0.0017913079170873408,113.81779909175269
9205200.0,353.4797493685105,6.997488436302248e-12,96.80813876493886,0.0028645753866495148,113.85976483117547
9208800.0,329.442793163637,1.2065832202138236e-11,96.80379932066651,0.0009465115852859129,113.90734676533589
9212400.0,336.84457606436627,1.3831912342003166e-11,96.80018517828391,0.001546854645609841,113.94119376860546
9216000.0,350.35485720322214,7.0994652096559094e-12,96.80959638888783,0.0024667104526947484,113.97944763206218
9219600.0,332.1759234514635,1.1628568253086828e-11,96.80797886686143,0.00048490611752404606,114.02748444226195
9223200.0,337.42411020631977,1.3944589463215444e-11,96.80225397047641,0.0013060472786407453,114.06263726136787
9226800.0,346.40304775963375,7.399598725339894e-12,96.8095308992881,0.001996098425290468,114.09855458531347
9230400.0,334.81214254637916,1.148346780637526e-11,96.81051631166153,0.00012130964986758623,114.14704181366088
9234000.0,338.90524251535925,1.3678137265587397e-11,96.80157092963692,0.0011439427336096437,114.18470488830837
9237600.0,342.06832231099355,7.96002258295923e-12,96.8059111350379,0.0015536442008755264,114.21977557776111
9241200.0,337.2229364615538,1.1587099453330691e-11,96.80722136031,0.000553005869519226,114.26694317288124
9244800.0,340.86921118269333,1.301639787276164e-11,96.79876669548169,0.0011930641677154782,114.30601625312374
9248400.0,337.50829596712504,8.916481484175078e-12,96.80160442728327,0.001183028335996667,114.33990930709088
9252000.0,340.8642365968975,1.126628092947845e-11,96.80853468749734,0.0009757753482221113,114.38629565783322
9255600.0,343.98889495961066,1.177463435748248e-11,96.80101196247202,0.0013296825741567803,114.42834503966381
9259200.0,334.71756654949985,9.836890762086406e-12,96.8037836798411,0.0010524914812277827,114.4609547866746
9262800.0,341.8517545279216,1.140136091446894e-11,96.81143468654088,0.0013465399301579653,114.50633680591112
9266400.0,346.927636300137,1.061620381169746e-11,96.80527563911562,0.0017374105968438272,114.55203915046475
9270000.0,330.60039406622246,1.1397139016741619e-11,96.80401930182303,0.001286529588906297,114.58413584286119
9273600.0,342.2866340239987,1.1669365378715533e-11,96.81042886032371,0.001672564878025687,114.62606791972941
9277200.0,350.0130211523241,9.6950296010134e-12,96.80550261603699,0.0022068201236406506,114.67326635216138
9280800.0,327.1955757845136,1.2957010634863245e-11,96.79947553950075,0.0015769983501049839,114.705602869662
9284400.0,342.3292828551646,1.1890297970994506e-11,96.80800945923497,0.0019100106673050463,114.74629352034039
9288000.0,352.60760096120896,8.782285729936247e-12,96.80382792594544,0.0025982268994461763,114.79614035085875
9291600.0,325.11051373753423,1.370211080284435e-11,96.7977177984241,0.0018030042986014298,114.83092220782868
9295200.0,341.41550340095876,1.2060254424208565e-11,96.80534183856305,0.002020639042220082,114.86914005578276
9298800.0,354.72305269856736,7.929363303094342e-12,96.80629773037187,0.0029295549671617023,114.9173246355887
9302400.0,323.813193662743,1.373658900301414e-11,96.80025337526278,0.001941163706436901,114.95362925732837
9306000.0,340.2624904873362,1.2160217628328892e-11,96.80676550430606,0.002090973087016378,114.98878246492828
9309600.0,356.1909960469215,7.389827626575874e-12,96.8095599139296,0.0031789942988901193,115.03623613614207
9313200.0,323.3609924005208,1.3554549785973656e-11,96.80229893698561,0.0019664870628188108,115.07527463963818
9316800.0,339.06219217087147,1.245469205099093e-11,96.80620621564378,0.0021089384972335944,115.1084751804852
9320400.0,356.87662362199615,7.2283005590632485e-12,96.81014383186782,0.0033074972572791125,115.15549369561415
9324000.0,323.80093442038674,1.3180607486446823e-11,96.79967230369655,0.0018646599827318925,115.19804067836073
9327600.0,338.026937353382,1.2953632419268918e-11,96.80032270449162,0.0020678712267144543,115.22934351868135
9331200.0,358.1092016892043,7.009677536501347e-12,96.80601482545212,0.0033300590722901207,115.2747524447336
9334800.0,326.33281668546556,1.2105615976329122e-11,96.79953331665725,0.001647211897281847,115.31894619508591
9338400.0,338.7082000929603,1.3087279006934707e-11,96.7994950332408,0.0019800893000838267,115.35025187633329
9342000.0,356.4353908256589,6.898802153516923e-12,96.8082344730348,0.003133527823534806,115.39382846615267
9345600.0,328.4324048125375,1.1504553883793243e-11,96.8038319513308,0.0012935595351813874,115.4402659750113
9349200.0,338.2369733443799,1.3430422527232368e-11,96.80141568808585,0.0017927863274887598,115.47363189275414
9352800.0,353.8047412397577,6.7411473966143965e-12,96.81041064177965,0.0028205519701157856,115.51458521425248
9356400.0,330.8620118896361,1.1474310274477385e-11,96.806719847675,0.0008680774960486906,115.56252386880041
9360000.0,338.6213955867351,1.3520254445311822e-11,96.80103383969339,0.001571250880868004,115.59752985594189
9363600.0,350.2349519541459,6.729554970142418e-12,96.80732463208243,0.0023899767364520055,115.63368849178343
9367200.0,333.8111897567438,1.1540920340699192e-11,96.80626388417352,0.00036808727901693414,115.68172707592133
9370800.0,339.6510573928605,1.3305774299427362e-11,96.79750785672066,0.0013367423543325697,115.7199370081316
9374400.0,346.14959645324103,7.016270656231066e-12,96.80325584569711,0.0019013353225521006,115.75613448814521
9378000.0,336.46162783946187,1.1616809509522241e-11,96.80469989780772,0.00024593447258998316,115.805471738108
9381600.0,341.09116761401896,1.2840674350143751e-11,96.79732711325028,0.001234897425813388,115.84490980007621
9385200.0,341.6301936536231,7.856006385245215e-12,96.80346673491167,0.0014567030321191402,115.87786809023008
9388800.0,338.676816831989,1.1801590040754223e-11,96.80815188169787,0.0006819048322442206,115.92544810441825
9392400.0,343.3589832969876,1.2118809432563909e-11,96.80084070812235,0.001332694673196571,115.96645212008971
9396000.0,336.8290876736478,9.124333610418177e-12,96.80372070876639,0.0012035749211570122,115.99818527072767
9399600.0,340.3448144685465,1.2004035178165246e-11,96.81053306141554,0.001139101500527627,116.04389431181376
9403200.0,346.21036012818263,1.1016660457408526e-11,96.8025354629998,0.0016603640414962631,116.08716763658718
9406800.0,332.2032428050947,1.0586364333517766e-11,96.80151682890944,0.0013011596918463474,116.1199391641359
9410400.0,342.9374655661749,1.1768624860632069e-11,96.80734307918432,0.0015082811505288487,116.16232403015456
9414000.0,350.1899134882544,9.561039051781876e-12,96.80098700722432,0.0020487380037935692,116.20832289959827
9417600.0,330.04152421731544,1.1473988180737347e-11,96.79642780823156,0.0014818022312624206,116.24174356685198
9421200.0,343.35394973842074,1.1893861152717264e-11,96.805346944007,0.0018110888114375317,116.28148962422172
9424800.0,353.03562642346094,8.637703221058363e-12,96.80139148852311,0.0024630743776014236,116.3287798180295
9428400.0,327.0242517563565,1.2582311284045767e-11,96.79829507700235,0.0017766915990865694,116.3632755857777
9432000.0,342.68975104975965,1.2127950236091545e-11,96.80696848346783,0.002014543825516509,116.40160413863302
9435600.0,355.6936751883717,8.113135584148008e-12,96.80661140248034,0.002881244131566151,116.45059400052135
9439200.0,324.89894410563016,1.3371277138970164e-11,96.8002057726883,0.0020230485917554623,116.4868433850155
9442800.0,341.7169251757545,1.2127559147993884e-11,96.80681226285579,0.002166158329108957,116.52332253291289
9446400.0,357.74734334313297,7.474044638256066e-12,96.80850960569565,0.0032111878017474604,116.57168595162686
9450000.0,323.957796610342,1.3434867583633165e-11,96.7986399265509,0.002118318920062789,116.60872955564851
9453600.0,340.699958024866,1.1926829799001885e-11,96.80381783792693,0.00222030761733224,116.64301545056576
9457200.0,358.62485985449524,6.901652130829848e-12,96.80574842769306,0.0033590464075117852,116.69170944950291
9460800.0,324.48087689164385,1.287885637822075e-11,96.79709243888038,0.0019943113441796665,116.73330997296226
9464400.0,339.2110608472129,1.2033074920154364e-11,96.79898359994301,0.002156747982649881,116.76716367372414
9468000.0,358.7241407975909,6.7192270197395434e-12,96.80601719399606,0.003385342356483664,116.81307516588507
9471600.0,325.8407735408912,1.2361486644625901e-11,96.79933464505103,0.0017883078951244447,116.85639499032943
9475200.0,338.03085355012075,1.2633887487093344e-11,96.80030371096106,0.0020337352970809797,116.88883256496744
9478800.0,357.4838378022882,6.765466858675548e-12,96.80837884226598,0.003243184819417398,116.93187809989357
9482400.0,327.7584313649649,1.1730049841373866e-11,96.80292172759323,0.0014652663493291745,116.97707852004237
9486000.0,337.55008441845433,1.3333596286779089e-11,96.80071807871225,0.0018567789715047405,117.00949772019925
9489600.0,355.1231898815039,6.8078595045282465e-12,96.80854989648496,0.002956696731536115,117.05056216206565
9493200.0,330.027175662042,1.1062035178238867e-11,96.80350926317442,0.0010557733059909321,117.09795349329293
9496800.0,337.90648899613814,1.3697513506288879e-11,96.7975638083149,0.0016572485908837292,117.13180847747613
9500400.0,351.97451069545826,6.8519624723691864e-12,96.80380437144748,0.002574250795572639,117.17061586318361
9504000.0,332.89027172743164,1.082800909126237e-11,96.8010689448498,0.0005417668588405715,117.2186400118056
9507600.0,338.6466524641073,1.3751784814033776e-11,96.79505176703132,0.0014091308375358711,117.25274461371484
9511200.0,349.47881167100485,6.8406601836756784e-12,96.80244441465462,0.002158691588077292,117.28989308500327
9514800.0,336.27632337441946,1.0906268254579996e-11,96.80471148964457,0.00020538742221151414,117.33834040515755
9518400.0,341.7999500192669,1.2957840410677881e-11,96.79797493936277,0.0013341982350037374,117.37597108983067
9522000.0,344.8504486391908,7.320046825181853e-12,96.80460154260125,0.001700960425247872,117.4106313577039
9525600.0,338.43389797186916,1.116731807395595e-11,96.80820740552237,0.0004869494964150448,117.45900930511841
9529200.0,344.2318067723216,1.2055882052419095e-11,96.80023512969937,0.0013808256613874388,117.50034198111908
9532800.0,339.9455479002459,8.303385867004555e-12,96.80303542828403,0.001391182980344656,117.53199187519957
9536400.0,340.3118571586876,1.136795702987572e-11,96.8068623104789,0.0009618005427620572,117.5773287434486
9540000.0,347.16774149496405,1.1001665511551554e-11,96.79857863740814,0.0016463755958314777,117.62151875037881
9543600.0,335.2543286695544,9.87882424132928e-12,96.79752930908764,0.0013309247429238405,117.65387097169588
9547200.0,341.5825777285281,1.1677749166413158e-11,96.80452649231044,0.0013728464379469763,117.69956209933542
9550800.0,350.09107246472627,9.958282419044807e-12,96.79798323362935,0.0020327348027217172,117.74626362461834
9554400.0,331.38060661581613,1.1501158797374315e-11,96.7967871719296,0.001527585118431199,117.7781178953417
9558000.0,341.9332210328391,1.2056334007669984e-11,96.80524366644337,0.001687361111688431,117.82057824700047
9561600.0,353.0154549121688,8.832672282629763e-12,96.80175883912587,0.0024652955438242393,117.867185263931
9565200.0,327.8938397732593,1.2673871919261657e-11,96.79829238247183,0.0018102778946251085,117.89994221456388
9568800.0,341.77007689364626,1.2310993647222037e-11,96.80673108640573,0.0019672193154232336,117.93891813128393
9572400.0,355.80108081531625,7.790149862948162e-12,96.80472530557334,0.0028992978837935903,117.98630675054761
9576000.0,325.24442157327434,1.3233015116980877e-11,96.79846677222736,0.002062500877285279,118.02187754509319
9579600.0,341.16027143558165,1.2466818402266829e-11,96.8043234002163,0.0021940786557653395,118.05767358404464
9583200.0,358.2213052601825,7.193795504174493e-12,96.80435038379672,0.003278627171662979,118.10649929312082
9586800.0,323.82827009595763,1.3479020681467765e-11,96.79464116486398,0.002215581463422728,118.14474062557032
9590400.0,341.9687045405808,1.220548909158729e-11,96.79906589788659,0.0022320941927700105,118.17755938476101
9594000.0,360.2441360255904,6.984464090695841e-12,96.80199762653747,0.003389798461327969,118.2255534341609
9597600.0,325.35780698250085,1.2878107295912102e-11,96.79554094856168,0.002087563876609661,118.26599025587781
9601200.0,340.6197735392846,1.2351251834734325e-11,96.7996266383538,0.002230251588551956,118.29842653232072
9604800.0,360.5768909974065,6.831122360886926e-12,96.80628657370637,0.0034747385786459894,118.34520782088042
9608400.0,326.0657157061828,1.2387603766814417e-11,96.79941470967029,0.0019563346128838944,118.38834839845914
9612000.0,339.58813512243506,1.2475831207905297e-11,96.80059769219936,0.0021721263350257375,118.4214486801683
9615600.0,359.74742591103006,6.525039525796485e-12,96.80808048554881,0.00340357939600754,118.46607077930382
9619200.0,327.646075681,1.19754846871777e-11,96.80055690735462,0.0016823395102509439,118.51049244126384
9622800.0,339.1094596257338,1.2710285771687016e-11,96.79843271272864,0.0020280452706144055,118.54336716893917
9626400.0,357.56495962806315,6.388528680664552e-12,96.80434018114248,0.0031347271272339937,118.58457835626659
9630000.0,330.23858727314155,1.1765134532303223e-11,96.80004535789351,0.001228558544351645,118.63212790812578
9633600.0,339.0103618622585,1.2985391612007778e-11,96.79372327272083,0.0017947439653247597,118.66734953467312
9637200.0,354.6682675039937,6.349390586829161e-12,96.80225390683309,0.0027611614314804367,118.70685303086763
9640800.0,333.0186173957323,1.157610707884056e-11,96.79998073180515,0.0007604743952128738,118.75544252392082
9644400.0,339.4687151043227,1.3114872044007254e-11,96.7946168661425,0.0015435204193780915,118.79070429702197
9648000.0,350.61266499417604,6.5759356378688166e-12,96.80336971903824,0.002277096726562897,118.82670608672922
9651600.0,335.7049485035658,1.1472385641688909e-11,96.8040634155756,0.00027462552617423945,118.87492294276105
9655200.0,341.01535448001584,1.2864891879518996e-11,96.79709690171514,0.0013392056191337007,118.91208947307662
9658800.0,345.879566083774,7.0947693570004934e-12,96.80296953637486,0.001777981660689582,118.94601014150842
9662400.0,338.0609612571129,1.1592288499813169e-11,96.80632234566367,0.00035210870527651255,118.9938070585709
9666000.0,343.4733575202796,1.2208737624412084e-11,96.79703506386626,0.0013240735767370432,119.03393627667657
9669600.0,340.9695897948327,8.017342651443213e-12,96.79904918978437,0.0014227366746843943,119.06750525868054
9673200.0,340.02545172177554,1.1671191040448542e-11,96.80263608260233,0.0008424421077678254,119.11300724529036
9676800.0,346.34462989990647,1.111444178781211e-11,96.7945247668831,0.001570760071993244,119.15485461619043
9680400.0,336.184197366637,9.336265359435909e-12,96.79482180450829,0.0012836101717318353,119.1879439348338
9684000.0,341.4016962539392,1.1660628315163719e-11,96.80347271981496,0.0012811059786188685,119.23212099137213
9687600.0,349.33483618428323,9.884955039614537e-12,96.79713053942686,0.0019318985956358913,119.27674910256783
9691200.0,331.8745688896697,1.0819732095293499e-11,96.79705913558979,0.0014746498273078947,119.30933532853977
9694800.0,341.7560942258578,1.1852797490897067e-11,96.80580014905867,0.0016457779185131366,119.35217334042954
9698400.0,352.5675074245897,8.907608714495132e-12,96.80158256182615,0.0024059893890659677,119.39983713047147
9702000.0,328.14945274158345,1.235029858078123e-11,96.7976429260223,0.0018078726947323323,119.43286231200261
9705600.0,341.60861915597013,1.2038968303609073e-11,96.80422756660236,0.0019588462680524667,119.47218725556105
9709200.0,355.60092638066857,8.096660656833253e-12,96.80169792102595,0.002868247552057128,119.52038397039992
9712800.0,325.4620351456242,1.3352963030556096e-11,96.79364587988222,0.0020547044477984213,119.55456589743399
9716400.0,341.1709590820489,1.1985389281058449e-11,96.80125921033445,0.0021613113708081155,119.59255596777957
9720000.0,359.43568667975177,7.0255709621155824e-12,96.79996046395785,0.0032626814089955244,119.64262559661063
9723600.0,324.97070058029504,1.312596484043112e-11,96.79219057139437,0.002231292533737164,119.67984530098956
9727200.0,341.6130286306717,1.1533595384361339e-11,96.79823468372612,0.0023193526989342796,119.71545612123413
9730800.0,360.82606157360254,6.566503047382877e-12,96.802184226123,0.0034952222864949554,119.76302662841563
9734400.0,324.635472721261,1.279445553507122e-11,96.79524865107939,0.0022367391573671755,119.8023146196314
9738000.0,340.5164698026551,1.1664000456577403e-11,96.7994495941665,0.002341656545343247,119.83552668931475
9741600.0,361.13121897265216,6.445930344711171e-12,96.80490166774959,0.003584682051874782,119.88142487307583
9745200.0,325.212286848421,1.2390169878010946e-11,96.79789286624502,0.002095489417127619,119.92353580549084
9748800.0,339.6860492087598,1.2192179643344293e-11,96.79866040234994,0.002290113019237511,119.95557775773703
9752400.0,360.3960562019938,6.462275931535917e-12,96.80478339947365,0.00352842909822852,120.0004982036199
9756000.0,326.58663123291404,1.1671239377707216e-11,96.7956539057995,0.0018217647455124784,120.04567545444662
9759600.0,339.3393246467191,1.2757234235957213e-11,96.79305899118997,0.0021645899509940545,120.07694582119169
9763200.0,358.4807704253559,6.424400174145937e-12,96.80004818928563,0.003297693905899067,120.11950362900092
9766800.0,329.0676205924213,1.0942537490320863e-11,96.79578497901741,0.0013957640656226,120.1659140129842
9770400.0,339.28127835489124,1.3118019894825297e-11,96.79234195663376,0.0019385174739113616,120.19814370541722
9774000.0,355.40197468323333,6.346628309454714e-12,96.80171417943163,0.002934581629843345,120.2385257046686
9777600.0,331.52118535976444,1.0951848992958558e-11,96.80003623883223,0.0009479921897078141,120.28659638868058
9781200.0,340.0010082596808,1.3141654668379234e-11,96.79484247438042,0.0017164378810548232,120.32184940695566
9784800.0,351.4014575961033,6.388772263028987e-12,96.80314872559951,0.002484447331860657,120.35939274475767
9788400.0,334.0181979887079,1.129547482708092e-11,96.80270201647322,0.0005008933292792522,120.4080556274051
9792000.0,341.6362381660056,1.2741542430376689e-11,96.79524992984402,0.0015367748486966642,120.44576444972756
9795600.0,346.72059566689745,6.764748707528664e-12,96.799468236217,0.0020049320106419544,120.47887355527138
9799200.0,336.72620584141265,1.1488469824926053e-11,96.80197228389146,0.00037696750271933634,120.52643657875852
9802800.0,343.84507328860377,1.2036645715697741e-11,96.79215171459178,0.0014621097129428188,120.56807470960673
9806400.0,341.93102432826146,7.681905682633685e-12,96.7951537345757,0.0016011626340220815,120.60186499982102
9810000.0,338.8408026171874,1.1736702107095716e-11,96.7997629990525,0.0007632921597053642,120.64988290347225
9813600.0,346.3332699354097,1.1177096744669856e-11,96.7925529875154,0.0016209157331274697,120.69261368689136
9817200.0,337.16583826812854,9.139905677264058e-12,96.79544724565787,0.0014196693454333754,120.72423023570478
9820800.0,340.24757037236435,1.2050094317583127e-11,96.80256663612657,0.0011954490068187898,120.76952192931427
9824400.0,349.3916511682751,1.0085521038838907e-11,96.7962949027533,0.001970075548133489,120.81368276998208
9828000.0,332.4696551379477,1.074341468627158e-11,96.79583176951374,0.001539032977817624,120.84509718368285
9831600.0,341.0968187070505,1.2296282533057692e-11,96.80420783261226,0.001616477514622362,120.88768898710782
9835200.0,352.6238784668564,8.812443227907408e-12,96.79849741395188,0.002429349485660796,120.9335609616393
9838800.0,328.3601747489699,1.202532270080949e-11,96.7936414035847,0.0018518625199441413,120.96724877311189
9842400.0,341.28124175194483,1.24849453659969e-11,96.80018724395399,0.0019806432125882532,121.00612985050667
9846000.0,355.7924809703062,7.801536572550383e-12,96.7966924318061,0.0029053047060471704,121.05412576513925
9849600.0,325.5253753024671,1.284533289730163e-11,96.7893119907413,0.0021074838068821373,121.08939882276727
9853200.0,341.01584960735556,1.2601105631158314e-11,96.79761720274674,0.0022081129730859928,121.12548097302471
9856800.0,359.72881000622334,7.162001017522403e-12,96.79707160115031,0.003309318790654495,121.17393270731154
9860400.0,324.4267767120922,1.3179313707019928e-11,96.79167431508817,0.002349704098307451,121.21107134088363
9864000.0,341.67800546937355,1.2226282185656501e-11,96.79869488392957,0.002438543374644123,121.24605422874336
9867600.0,361.40461542022217,6.855103107993886e-12,96.80201734374741,0.003596019164026987,121.2948535802166
9871200.0,323.51797870107373,1.3239158019882775e-11,96.79421226022278,0.002417988082189677,121.33456677297114
9874800.0,340.7411337488361,1.1985229505024164e-11,96.79823892177255,0.002511435470701839,121.36853275970526
9878400.0,362.07840433451327,6.357864134676252e-12,96.80322353521649,0.003742449598674373,121.41528949450941
9882000.0,323.8556331657342,1.2833498839483468e-11,96.79325575082288,0.002311084605893518,121.45603410756847
9885600.0,340.079021350759,1.1871875175523403e-11,96.79519043058029,0.002472656525908969,121.48890323571713
9889200.0,361.2983121077721,6.164997136321227e-12,96.799751343029,0.003670800111825988,121.53487275873633
9892800.0,325.52321189187296,1.2331734262759843e-11,96.79221708944596,0.001996581611712897,121.5801050551029
9896400.0,339.32774710733594,1.22061431197615e-11,96.79048705007345,0.002318389780939775,121.61360704973795
9900000.0,359.6142410553619,6.173912393122697e-12,96.79926851711913,0.0034618655007377206,121.65599149283513
9903600.0,327.8149010462864,1.1937763537590993e-11,96.7946064353276,0.001609688098783383,121.70257506297568
9907200.0,339.1709576314328,1.272662833206084e-11,96.79195267734944,0.002096871382317881,121.73560131473384
9910800.0,356.54194045828893,6.266782182501157e-12,96.80084997679837,0.0031003087801352454,121.7749715907991
9914400.0,330.3355071387099,1.150087139470988e-11,96.79840669390532,0.0011467239179710567,121.82235502768746
9918000.0,339.9815916820305,1.2940927889968346e-11,96.79278448907914,0.0018509871711762983,121.85660843316485
9921600.0,352.4411353153231,6.436903842884307e-12,96.80028819465133,0.0026388307598912285,121.89397099328619
9925200.0,332.90191221263,1.1405085785905333e-11,96.79893042324066,0.0006765415278901392,121.94210909302164
9928800.0,341.7529406266433,1.2751126934734066e-11,96.79057851474387,0.0016523697676003597,121.97910110142797
9932400.0,347.8178419902799,6.809539896420728e-12,96.79495897565701,0.0021654688863873804,122.01449413349977
9936000.0,335.68117117260675,1.1552215585486374e-11,96.79614724387228,0.0004085480495739343,122.06205390760175
9939600.0,343.8515228924936,1.2200897092708188e-11,96.78843255198328,0.0015748941239615251,122.09993661328411
9943200.0,342.72420213736586,7.620183502276968e-12,96.79334107359794,0.0017375996892529599,122.1342557632025
9946800.0,337.7742190973301,1.1685757867330419e-11,96.79910527141861,0.0007390647298679323,122.18149206706319
9950400.0,346.568037843917,1.1171743441191885e-11,96.79200699093859,0.0017057407338224543,122.22294245597672
9954000.0,337.61608774726125,8.848793743127264e-12,96.79521596303353,0.0015626268459538169,122.25567695100473
9957600.0,339.202623252465,1.1800044118496334e-11,96.80185260856746,0.0012115897797742273,122.30174830539873
9961200.0,349.8288784061474,9.986546884314119e-12,96.7949238942285,0.0020619447988495495,122.34673220454923
9964800.0,332.7844106840726,1.0525524545016959e-11,96.79385580004116,0.0016805388441168147,122.37783879483348
9968400.0,340.25074385717755,1.1994808202588223e-11,96.79965983825372,0.0016465908753842294,122.4199740269614
9972000.0,353.1303963700487,8.956177480072362e-12,96.79331625515304,0.002507896886917057,122.46737184440101
9975600.0,328.69966171778367,1.226777458683629e-11,96.78866721908459,0.001915997554052537,122.50038587265277
9979200.0,340.6867506837963,1.2165425163713237e-11,96.79647161305756,0.001985540110578153,122.5423796500547
9982800.0,356.0411845964093,7.928718315435386e-12,96.79307788784962,0.0029360715603843723,122.59128507103425
9986400.0,325.7931560576618,1.3225442769142753e-11,96.78840941959487,0.0021753675507086606,122.6249790258649
9990000.0,340.2784818536896,1.2247922995663822e-11,96.79658450737593,0.0022233632600648762,122.66352720434278
9993600.0,358.4325810864327,7.0731957071489086e-12,96.79671916534552,0.003316885948374271,122.71144063445873
9997200.0,323.58451774171726,1.3481507663684354e-11,96.79047931777575,0.0023711384873926437,122.74701039842657
10000800.0,339.6660000706788,1.2213322746843307e-11,96.79750820989152,0.0024100151070696537,122.78246454768713
10004400.0,361.80342814622935,6.390826905103585e-12,96.79925421603285,0.0036731255880001917,122.82988349442115
10008000.0,323.1152418307357,1.32507895090056e-11,96.79153057135335,0.0025134772926745422,122.86892853991127
10011600.0,340.6505606108526,1.1937993197834827e-11,96.79473744859327,0.002611206855638821,122.90203703126257
10015200.0,362.72301485482984,6.286733108742754e-12,96.79817593649116,0.0038506150070265017,122.94962523794483
10018800.0,323.16047190735924,1.2958638073835945e-11,96.78805355905286,0.0024407298928777145,122.99150544449924
10022400.0,340.0953365948467,1.2172866504545219e-11,96.78922160799533,0.002587733696428089,123.0222880628685
10026000.0,362.1680762779349,6.328226353474183e-12,96.79524934605806,0.003811861957884196,123.06828830989781
10029600.0,324.38298075323354,1.2239497198859449e-11,96.78977427358546,0.0021733374128129314,123.11224258314795
10033200.0,339.47821077956013,1.2457923577229815e-11,96.78985653023368,0.0024722875565919983,123.14389111431622
10036800.0,360.52146708374727,6.209706170398881e-12,96.7988280036638,0.0036504872393305723,123.18761616846821
10040400.0,326.14054647164284,1.1799303665482056e-11,96.79390002843365,0.001836967756599635,123.23405342295528
10044000.0,339.49264328626776,1.2625182450178122e-11,96.79128162001507,0.00229679938656245,123.26768430061799
10047600.0,357.7118245434569,6.072019258265705e-12,96.79973420717246,0.003339535758446332,123.30835286768456
10051200.0,328.42661605568554,1.1903570123855983e-11,96.79495424656574,0.0014095102934609343,123.3554892228365
10054800.0,340.3378172598953,1.2628381042642574e-11,96.78978743939803,0.0020740725324579342,123.39002146202876
10058400.0,353.71924326510054,6.1104701235553464e-12,96.79517109534709,0.0028774203515735367,123.42716822978672
10062000.0,331.4053058737824,1.2021858904212065e-11,96.79465050994823,0.0008792081359253509,123.47612202423149
10065600.0,341.62430587742966,1.2386287934789869e-11,96.78564934040564,0.0018239625976511993,123.51430416950646
10069200.0,349.4285969014244,6.382767158500459e-12,96.79262333981018,0.002401553712723737,123.55012329886154
10072800.0,334.0863641559527,1.2108736656227066e-11,96.79406399129319,0.0005145278852227714,123.59911792937739
10076400.0,343.4891908669058,1.196070853975573e-11,96.78704361079959,0.001686677102758313,123.63760410765751
10080000.0,344.2963625793428,7.162884275249792e-12,96.79348391222518,0.0019447086752456674,123.67078405497782
10083600.0,336.39192081065363,1.2278724279850487e-11,96.79763337956271,0.0006479042369261199,123.71802148254625
10087200.0,346.2643976629658,1.1208746675066448e-11,96.79008481141439,0.001747751523610103,123.7587741019091
10090800.0,338.9198749427437,8.361891118620789e-12,96.7929515330981,0.001681678366027893,123.79082577266321
10094400.0,338.17284779057366,1.2401217946486663e-11,96.79920148404835,0.0011053675535852884,123.83634254453716
10098000.0,349.62269549066076,1.0057543857149181e-11,96.79089859783227,0.0020701743895204655,123.88009210011967
10101600.0,333.80970446556296,9.865882801797065e-12,96.78891437521628,0.001741007170990677,123.91291495578167
10105200.0,339.4676829757985,1.2399401802606972e-11,96.79474977743476,0.0015802791003059087,123.95521895980842
10108800.0,353.00274161068944,8.792361876629725e-12,96.78836767608288,0.002505711902176054,124.00057262829596
10112400.0,329.4063225855402,1.132736296669896e-11,96.78518304471928,0.0019523572460406684,124.03399831669091
10116000.0,340.0885570846202,1.2462366970290803e-11,96.79489402433039,0.0019699756045371613,124.07442484083933
10119600.0,356.07635189145145,7.891679588345122e-12,96.79136202636599,0.00294166162158751,124.12177968535472
10123200.0,325.7804551263615,1.2654638925044186e-11,96.78779186585224,0.0022555935991746753,124.15585098535051
10126800.0,339.84589203839323,1.2566075239102541e-11,96.79650140652099,0.0022904556042277905,124.19488281593937
10130400.0,358.8573361048707,7.286882295325733e-12,96.79573699940299,0.003382021254324757,124.24411161118351
10134000.0,323.0936504615219,1.3567062976280988e-11,96.78894205901199,0.002521031363708845,124.27965354563918
10137600.0,339.35617522409694,1.2355289711031285e-11,96.79448828367474,0.0025351837428813557,124.31580496887436
10141200.0,362.59829597034525,6.385038150502111e-12,96.79541910880752,0.0037836685644426398,124.36392561863144
10144800.0,322.48515201718163,1.3421663554753044e-11,96.78589827009932,0.002671120603912163,124.4014302952514
10148400.0,340.48752201930415,1.1586377970442502e-11,96.79091167691236,0.002723897361397575,124.43651738452195
10152000.0,363.4905918911261,5.932683361435767e-12,96.79333831312086,0.003950135908249507,124.48547664654562
10155600.0,322.52688871441796,1.293102113010792e-11,96.78484882992575,0.0025830423562401062,124.52651722901126
10159200.0,339.5399748671297,1.1524136879384148e-11,96.7879060495152,0.002703054235790831,124.56005230235891
10162800.0,363.24140121464546,5.941242351468212e-12,96.79501139120345,0.003960584432178722,124.60539494060535
10166400.0,323.4341000046506,1.251670223689518e-11,96.78851522917479,0.002384642975067241,124.64857966774439
10170000.0,339.09448097994965,1.1973317083548755e-11,96.78921182553256,0.002615124754057748,124.68082002370161
10173600.0,361.6895120058013,6.0442142072717574e-12,96.79692261318488,0.0038088953340623356,124.72381346354429
10177200.0,325.0628021279896,1.190665025234354e-11,96.79165789798706,0.002044771606101228,124.76919072400865
10180800.0,339.27349042082193,1.2524777673158766e-11,96.78854144140095,0.0024468784387955958,124.80146310754373
10184400.0,359.01317677921475,6.095070199139402e-12,96.79599030055803,0.003523852884160165,124.843164315422
10188000.0,327.1797790190272,1.1347371948816169e-11,96.78973167519347,0.0016155305700573876,124.89048363649454
10191600.0,340.22027723294036,1.2753733673029036e-11,96.78381917983276,0.002237233083629903,124.92342799422501
10195200.0,355.2864008691335,6.140834437235794e-12,96.79062016612754,0.003101719579206478,124.96243901026618
10198800.0,330.02383213869405,1.1309858909197378e-11,96.78967348262015,0.0010883121980564772,125.01021608911836
10202400.0,341.4761644935168,1.2693308891705202e-11,96.78326222085113,0.0019865661504373943,125.0448643489685
10206000.0,350.6713039734442,6.3538528782496975e-12,96.79183327203535,0.0026189104024662365,125.08183654591457
10209600.0,332.52174683495844,1.1694388735386776e-11,96.79365763605912,0.0007040531584635314,125.13032336456403
10213200.0,343.55910823294784,1.216949256122998e-11,96.78659323304836,0.0018421894592260035,125.16869863163181
10216800.0,345.528705571396,6.899127451594831e-12,96.7927676522044,0.0021756071504204764,125.20324748473678
10220400.0,334.75415787627844,1.1974687401042286e-11,96.7958466052296,0.0007014411702582776,125.25106388523083
10224000.0,346.4035010182745,1.123425361215272e-11,96.78784651566203,0.0018904565862098263,125.29235754372618
10227600.0,340.1201630344673,8.01553109704652e-12,96.78888318923218,0.001886609618006741,125.32345581860736
10231200.0,336.9185142208984,1.2130731981217018e-11,96.79454532315333,0.0010641462603379335,125.36910656843457
10234800.0,349.5406382644605,1.0201917034525791e-11,96.78526180874252,0.002110708146126862,125.41438427784725
10238400.0,335.17166772248896,9.638844516048432e-12,96.78459163282119,0.00184368529878059,125.44712366807758
10242000.0,338.1965931000688,1.2414579333862475e-11,96.79161461952606,0.0014879240870232509,125.49254158449361
10245600.0,352.72943477672,9.095050611249697e-12,96.78607622331432,0.0024961791036535548,125.53831535577902
10249200.0,330.6413084378141,1.1378912034837893e-11,96.7853442368511,0.001998735836632735,125.57011018245807
10252800.0,338.8868326791251,1.2667424763801583e-11,96.79377035825054,0.0018888664306232678,125.61211392629806
10256400.0,355.9222991012145,7.938283866957844e-12,96.78993146101813,0.0029423462426480104,125.65881383573279
10260000.0,326.60316439142,1.2614821486122368e-11,96.78624765896835,0.002275072729451616,125.6914875377239
10263600.0,339.10845567886025,1.2789473954008564e-11,96.79475353273189,0.0022496841352108313,125.73054537039181
10267200.0,358.82003923290756,6.9935555811639236e-12,96.79225060435823,0.0033873060532908623,125.7779172256258
10270800.0,323.4299624084229,1.3287410511624597e-11,96.78443479522456,0.0025482004777726726,125.81396201106413
10274400.0,338.9355167105336,1.2814294890873474e-11,96.79015221294405,0.002551622573373691,125.84955781203583
10278000.0,361.24451125763824,6.530624489262692e-12,96.78997054116708,0.0037645561562687094,125.89805587477339
10281600.0,321.7039498114764,1.3597773267118664e-11,96.7809715049417,0.002679845117261882,125.93620364935872
10285200.0,338.54787112520563,1.2728547856232935e-11,96.78718020046239,0.002696645530620141,125.96921262800295
10288800.0,364.01806081982687,6.2784111126873975e-12,96.79017148354005,0.004023589682195025,126.01735360098648
10292400.0,321.80216512571195,1.3327832398397653e-11,96.78382930898883,0.002739709365633205,126.05779943884113
10296000.0,339.43383681096657,1.2224180728757988e-11,96.78814165286379,0.002838404430080054,126.09056995575644
10299600.0,364.1893188162793,6.096757814091973e-12,96.79461845452653,0.004115763784990305,126.1377074990701
10303200.0,322.0491242777276,1.2943659873847933e-11,96.78707381760759,0.0026155803211978467,126.1809898733586
10306800.0,339.1038670268968,1.2073635414062108e-11,96.78780883860166,0.0028106280111364207,126.21387697204895
10310400.0,363.12733650318415,5.843279391897775e-12,96.79507263034564,0.004040513171170069,126.25778142155882
10314000.0,323.4258902023284,1.2655178700148972e-11,96.78652160079889,0.002320007924198827,126.30188492524135
10317600.0,339.3074286934493,1.2132318346268054e-11,96.7849863965486,0.002669140426324207,126.33485183994384
10321200.0,360.59019669951505,5.811317157447386e-12,96.79090834686173,0.0037497066353402134,126.37745499830322
10324800.0,325.78715786705595,1.2504923881895848e-11,96.78572996959929,0.0018616166579534489,126.42543571002925
10328400.0,339.6257770622927,1.2337894604053014e-11,96.78093380495679,0.0024395871202078563,126.46011273382399
10332000.0,357.32941880842634,5.830748666969873e-12,96.78988425573421,0.003367560407969768,126.4989512703143
10335600.0,328.39281857315217,1.238188573406003e-11,96.78812031501158,0.0013833737459677678,126.547381551803
10339200.0,340.80110798816077,1.2379637359529973e-11,96.78282872727243,0.0021743670592048224,126.58233710452348
10342800.0,352.7540156412654,6.0590468930666266e-12,96.7909536737491,0.0028809416974001833,126.61840462821867
10346400.0,331.00998041389335,1.23382374925279e-11,96.79181599730467,0.0009168546056234363,126.66645373778442
10350000.0,342.91891546086373,1.2090990598523845e-11,96.78418589084711,0.00196814904873192,126.70346188707052
10353600.0,347.4438938588882,6.534414841446589e-12,96.79001305169508,0.0023976391978148617,126.73802093180508
10357200.0,333.36860300986973,1.2502424427063457e-11,96.7919934573072,0.0007254914593565628,126.78536685669192
10360800.0,345.92835512920834,1.1386153368367292e-11,96.78295226136086,0.001957274002774907,126.82583030487683
10364400.0,342.0499220538968,7.47285883420253e-12,96.78448108830095,0.002054240243014544,126.8592117412924
10368000.0,335.6445159366556,1.2487790725948717e-11,96.78872283945707,0.0009698279350200214,126.90488173594552
10371600.0,349.0586302334328,1.0307651906378144e-11,96.78101018450977,0.002134862920718875,126.94648772060114
10375200.0,336.6207525427456,8.900079331613766e-12,96.78301322775138,0.00191434875136936,126.97957299517455
10378800.0,337.12236226458947,1.2443444258297537e-11,96.79108594864748,0.0014069133775053587,127.02434486413885
10382400.0,352.45830960737464,9.083365944858299e-12,96.78518924792027,0.002486016076991975,127.0690491681928
10386000.0,331.61991660303175,1.0583850198778611e-11,96.7849495139552,0.002066169263381324,127.10156985313797
10389600.0,337.912999572292,1.2553390316600656e-11,96.79315879778805,0.0018676842755400314,127.14475431974083
10393200.0,355.9988356851276,8.064332101885724e-12,96.78845613617942,0.0029592392341670575,127.19217938687379
10396800.0,327.23990712271603,1.2329912328953366e-11,96.78413280183183,0.002364907236108804,127.22428579683192
10400400.0,338.3758393809504,1.258128428900562e-11,96.79042030003087,0.0022622766553986426,127.26336911636757
10404000.0,359.11198435019065,7.183765736635697e-12,96.78678759393917,0.0034127963394528886,127.31227478159256
10407600.0,324.00171683173795,1.3441164860214507e-11,96.77976544261523,0.0025975473683113627,127.3473029300843
10411200.0,338.26446547149965,1.2367026866457772e-11,96.78657200782266,0.0025481679655872808,127.38589641637844
10414800.0,361.5084880436573,6.370766603303667e-12,96.78660742946435,0.003783398294520118,127.43545616973759
10418400.0,322.06998164132006,1.3522934858599759e-11,96.77977490006471,0.0027525109163210226,127.47192535750668
10422000.0,337.60219210995007,1.2103029661185894e-11,96.78645271769861,0.002719830502489852,127.50749805677299
10425600.0,364.5967621928057,5.818675304098053e-12,96.78996199693619,0.0040994874836045225,127.55500176709502
10429200.0,321.7247545922731,1.3131331905824194e-11,96.78253113301737,0.002861114514575408,127.59385777845522
10432800.0,338.82064479973536,1.1693674751323559e-11,96.78716074819555,0.0029004646444244124,127.62702207657267
10436400.0,364.935423962664,5.764844995949059e-12,96.79194603529388,0.0042124780743075215,127.6731095773198
10440000.0,321.6262572737191,1.2849138879270445e-11,96.7843916151117,0.0027501497968771636,127.71545798144103
10443600.0,338.68537573121597,1.2003283316640212e-11,96.78449768366843,0.0029160328506005434,127.74745260694239
10447200.0,364.2423045749847,5.820618178498836e-12,96.7901705447576,0.004184829726554677,127.7928161363945
10450800.0,322.6261271861699,1.2169815335703529e-11,96.78115969433975,0.002490891537846236,127.83766787785802
10454400.0,338.8866776282989,1.2365210335804341e-11,96.77915922013064,0.002793472468569983,127.86816968435959
10458000.0,362.0341269348335,5.818459097253551e-12,96.78678984628127,0.003949254383161532,127.91145635469776
10461600.0,324.5943507694734,1.1598169441387386e-11,96.78344617005355,0.002079357073616313,127.95779662389381
10465200.0,339.35464237774875,1.2555652320572422e-11,96.78017839668153,0.0025958550865533172,127.99029938476693
10468800.0,358.7676410823031,5.737862861358017e-12,96.78980409275934,0.0036069367253595214,128.03081521893944
10472400.0,326.737547027913,1.1790218893199003e-11,96.78759426485838,0.0016436458032374351,128.07910118551973
10476000.0,340.6801454493084,1.2445316880308593e-11,96.78223527391869,0.002373712236666335,128.11453150796248
10479600.0,354.5017861798119,5.7807327858009574e-12,96.79009759152949,0.0031656168790001847,128.15179320004285
10483200.0,329.1268666894102,1.2263161354928304e-11,96.78843955527721,0.0011934232780656776,128.19986883731977
10486800.0,342.8357959334204,1.1994256856639094e-11,96.78138383787572,0.002181197025509826,128.23695735544624
10490400.0,349.33055674574996,6.172053757133035e-12,96.78508090079538,0.002662094103604522,128.27112189909207
10494000.0,331.89083735958394,1.2495869727322343e-11,96.78795228013082,0.0008300125544356662,128.31987915708055
10497600.0,345.335326744076,1.1286164968628783e-11,96.77796478190812,0.0020682998741750258,128.36128030097046
10501200.0,344.2453782423,7.010715096161542e-12,96.78245794560536,0.0022722547415268157,128.3947784072604
10504800.0,334.0568719766557,1.2735174731747545e-11,96.78690452964932,0.0008810063354416013,128.44268293229027
10508400.0,348.26057126994226,1.0464772575609727e-11,96.77989324591073,0.00215662457316868,128.48427106029055
10512000.0,338.7435957221733,8.400199839750795e-12,96.78341963346936,0.002045652404548227,128.51612117410951
10515600.0,335.7543840673361,1.2946013981568725e-11,96.78993843602048,0.0012595669876207586,128.5613245613083
10519200.0,351.78157280214424,9.348452997910263e-12,96.78328930717548,0.0024497721371523292,128.6050582152736
10522800.0,333.3427953899151,1.003127597133371e-11,96.78312847476761,0.0020876425054054595,128.63680554215665
10526400.0,336.90248625148007,1.3062228931768342e-11,96.79084807240075,0.0017342959813642954,128.67945786663694
10530000.0,355.5068272750221,8.072205947530993e-12,96.7846241703295,0.0029150689422592644,128.72574856945386
10533600.0,328.58412496332886,1.1471212886168135e-11,96.77922657706499,0.0023607834972651674,128.75934991405683
10537200.0,337.5759511328085,1.3114891708280881e-11,96.78574725122226,0.0021790009558607963,128.79845356735012
10540800.0,358.85795259042726,7.114930955008868e-12,96.78189522465696,0.0033752210881705072,128.84588159616047
10544400.0,324.9095895391116,1.2560292271979026e-11,96.77619732586719,0.0026023858871622825,128.880820632548
10548000.0,337.6955383108673,1.3127264349499756e-11,96.78546971443468,0.0025121587078625845,128.91792244948306
10551600.0,361.499152004814,6.644428257020753e-12,96.78510270282409,0.0037672301680583297,128.9664180230737
10555200.0,322.1969058152982,1.3354064625014095e-11,96.77938927551462,0.0028321434607160995,129.00289958668233
10558800.0,337.2181952629656,1.2912618896290806e-11,96.78669399306443,0.002779913010411781,129.03893203780964
10562400.0,363.4805001656516,6.221036656055896e-12,96.78920603184278,0.0041026015532422645,129.08816632506762
10566000.0,320.4899460532952,1.359484412566744e-11,96.78105556959616,0.0029580475487768244,129.12669967900928
10569600.0,336.8178929743484,1.2382583277535365e-11,96.78465433020112,0.0029500345969025125,129.16074240185844
10573200.0,364.4372957227315,5.720511925070792e-12,96.78836406739171,0.0042948560982576135,129.20752546442714
10576800.0,320.1778475454528,1.3306178052874801e-11,96.77891461894926,0.0028801103830407688,129.2482657310943
10580400.0,336.5773845298643,1.2026158557632585e-11,96.78081696059364,0.002978778442741133,129.28197162324264
10584000.0,364.09816786616005,5.5822601615774745e-12,96.7858349571963,0.004294914383500805,129.32890868020263
10587600.0,321.01603091149485,1.2928236248159829e-11,96.77806166687927,0.0026662696642976783,129.3731369353449
10591200.0,336.21090023428513,1.2215911043044203e-11,96.77822592897455,0.0028984448683728133,129.40616158775623
10594800.0,362.5407464330833,5.69631429681759e-12,96.78700566656438,0.004134736270898604,129.448854535162
10598400.0,322.52782810529663,1.2616699252450133e-11,96.78202959636019,0.0023394942521779995,129.49476080504283
10602000.0,336.6231010639242,1.2671996058236147e-11,96.77987659239979,0.002734280134343481,129.52742472767292
10605600.0,359.66749009118206,5.79615585610486e-12,96.78834434232427,0.003824915928746164,129.56760474882324
10609200.0,324.51397568941394,1.219406525100746e-11,96.78534309749584,0.0019053523134212494,129.6148776577018
10612800.0,337.8287637122296,1.2902407949166833e-11,96.77955200266099,0.0025126836619388695,129.64848756127967
10616400.0,355.8055078181037,5.886103905149164e-12,96.78691802198486,0.003422172728129661,129.6874461603495
10620000.0,326.6627513125362,1.2188817558687131e-11,96.78349381545878,0.001434396560658925,129.73547159233428
10623600.0,339.8596468877966,1.2745939831288863e-11,96.77577888670918,0.002300341042163027,129.77074819005927
10627200.0,351.140741866097,6.127176083403079e-12,96.78125999836236,0.002946413690173754,129.80725924455263
10630800.0,329.2445503937364,1.2488719871700453e-11,96.78311861034292,0.0009560407312761513,129.85509684044055
10634400.0,342.20030005474683,1.2245284528941755e-11,96.77537023004167,0.0021281573553078633,129.89227248117615
10638000.0,345.8902305916986,6.740955972330567e-12,96.78235755899706,0.002494771558280477,129.92717490898679
10641600.0,331.21897039538175,1.2790794009708674e-11,96.78672830085713,0.0008046485176313279,129.97501700745434
10645200.0,345.2466638782298,1.1260848904326734e-11,96.77930670608735,0.002134562298444563,130.01605672299493
10648800.0,340.4145027875712,7.803567966845698e-12,96.78319748867568,0.002195333885180725,130.04920255133177
10652400.0,332.8401300249297,1.2957716417224763e-11,96.78843130931831,0.001065910753138898,130.09552019956706
10656000.0,348.826740618666,1.0059419726283901e-11,96.78103012181873,0.002364295004919151,130.13937976604456
10659600.0,335.0155316079642,9.42172021946337e-12,96.77947997188011,0.002125202408935588,130.17002233573527
10663200.0,334.32104904116386,1.31095628130597e-11,96.78668364929707,0.0014754652520817505,130.21367853020465
10666800.0,352.35398868936056,8.945287814725477e-12,96.77867878639394,0.002705993351030829,130.26115379437843
10670400.0,330.4120959644699,1.1197925611168719e-11,96.77541449553391,0.002253271850204196,130.2941677071989
10674000.0,334.90586648453603,1.3327412684837443e-11,96.78330699185737,0.001881736317349866,130.33726440660453
10677600.0,355.73231356820924,7.793413706815565e-12,96.77963396846712,0.0031440331980727974,130.3846764712966
10681200.0,326.4061782876534,1.2584380337218478e-11,96.77662415074175,0.0024753631290755232,130.41749423583474
10684800.0,335.0557438082516,1.3402657783876608e-11,96.7850819015386,0.002255223883378154,130.45706544765665
10688400.0,358.7714803004861,6.810837121078392e-12,96.78344234956934,0.003576780546283768,130.50478380750104
10692000.0,323.0424141487592,1.3252499541383342e-11,96.77798898131888,0.00271913249826455,130.53911130290024
10695600.0,334.96139245745707,1.3326612102431547e-11,96.78575741794229,0.0025754697820638797,130.5759548234091
10699200.0,361.22592811446464,6.211949149767726e-12,96.78556581126239,0.00395578905361956,130.62360517185186
10702800.0,320.5545346536023,1.3583708409568875e-11,96.77657208356612,0.0029051085563016198,130.6617068202896
10706400.0,334.72565457671874,1.32280425539251e-11,96.78100974986609,0.0028399182177003554,130.695614176286
10710000.0,362.9778124221439,6.038018388142674e-12,96.78288925229623,0.004236160172658438,130.74365207581573
10713600.0,319.48614513652535,1.3619126232808153e-11,96.77358911708005,0.0029396671540074435,130.78390652810586
10717200.0,334.41959117567427,1.3145265852280784e-11,96.77793686909372,0.0029404807777220717,130.81558785026715
10720800.0,363.3383903159113,6.0639907542892024e-12,96.782885451219,0.004333793752752161,130.86284333904652
10724400.0,319.346774804789,1.3293654699359714e-11,96.77670198444844,0.0028422939494819424,130.90542666048916
10728000.0,333.9677180473341,1.3081128204662817e-11,96.77907751224201,0.0029754746660335175,130.93756882473127
10731600.0,362.7638207071426,5.911378660433758e-12,96.78696707302623,0.0043247360948473436,130.98322553987614
10735200.0,319.8897813691709,1.2994762634754675e-11,96.78022764543559,0.0026489059363238817,131.02844128072272
10738800.0,334.1440884778228,1.2992104562027749e-11,96.77901344445459,0.002922317094591827,131.06141709055203
10742400.0,361.01155744403957,5.729186535998356e-12,96.78698221391235,0.00416043650448194,131.10342928831147
10746000.0,321.3334045671355,1.3078923741392198e-11,96.77970647622516,0.0023113704083329773,131.14910503185794
10749600.0,334.96563029709364,1.29946642076472e-11,96.77637355934237,0.0027625512991943145,131.18271765047052
10753200.0,357.9477974845482,5.713033945706092e-12,96.78250741744581,0.0038075610877595797,131.22352366129883
10756800.0,323.48154686493143,1.3239461496862309e-11,96.77886882897707,0.0018487531566993743,131.27252377778203
10760400.0,335.9760862703376,1.2978949646532756e-11,96.77280314786645,0.002541372188727184,131.3082724528418
10764000.0,354.3305091914848,5.7744073583219026e-12,96.78135693674386,0.00340429468167874,131.34553385976093
10767600.0,325.690320999444,1.3363189299517594e-11,96.78111768181468,0.0013913246752573348,131.39442263366269
10771200.0,337.8146175851415,1.2774689174389838e-11,96.7749659303816,0.0023020421611894652,131.43061707177324
10774800.0,349.56345793277086,6.11280630756832e-12,96.78232567703661,0.0029277691350483893,131.465442766663
10778400.0,327.8072084084336,1.354186404220773e-11,96.78461314226622,0.0009643184154647639,131.5134418634844
10782000.0,340.5172591519565,1.225921087737583e-11,96.77653535856577,0.002141074169210308,131.5518017260488
10785600.0,344.23679641373946,6.7567572509679984e-12,96.7813781730674,0.002492265361413184,131.58554113735772
10789200.0,329.61004134065826,1.3756682569122161e-11,96.78452269277594,0.0008112995772470216,131.63231028058487
10792800.0,344.0069926380385,1.1308198835831285e-11,96.77560172726892,0.0021898082890585476,131.67413811125587
10796400.0,338.9597259522699,7.898346989246339e-12,96.77590752993096,0.00221719817172256,131.70716034373126
10800000.0,331.3183342563789,1.370183459797663e-11,96.78103242404491,0.0010281934473158805,131.7519772183631
10803600.0,347.4670369943161,1.0064946270754189e-11,96.77363446135341,0.0023979495935013266,131.79483119503192
10807200.0,333.74524093167304,9.432033804477415e-12,96.77462885241741,0.002131434455881506,131.82785626069182
10810800.0,332.26285164106974,1.3703390946186644e-11,96.7831990195196,0.001440969682040868,131.8717197065207
10814400.0,351.09679643779793,8.827580816402269e-12,96.77790988374817,0.0027612296994288343,131.91735041250482
10818000.0,328.9890915196319,1.1126773298124088e-11,96.7766752911781,0.0022923670235416296,131.9501283708459
10821600.0,332.6635016186615,1.3822159164191008e-11,96.78510675271788,0.0018935551729373846,131.99249215713232
10825200.0,354.73462727787495,7.84084663930635e-12,96.78112440165988,0.0032226208733078326,132.04045309421167
10828800.0,324.8310939854658,1.2761653547841914e-11,96.7760497571985,0.0025678282789083342,132.07304607817082
10832400.0,332.85351678325804,1.3752789376920484e-11,96.7822956145361,0.002287642795437248,132.11147601842404
10836000.0,357.8689848718403,6.954707316115446e-12,96.77932374627412,0.00365369319904748,132.16058694869014
10839600.0,321.7690201118522,1.367945707216132e-11,96.77191587067239,0.0027726962791533413,132.19622649999448
10843200.0,332.5940391664039,1.338037020199557e-11,96.77835972987988,0.002588234459158089,132.23425020519622
10846800.0,360.2787663767868,6.194474113954756e-12,96.77904194192647,0.0040137937295553604,132.28384557758818
10850400.0,319.8662778427867,1.366996493918983e-11,96.77192805122762,0.002918340653989969,132.32091912498876
10854000.0,331.9111165309882,1.302844505777133e-11,96.77830192952777,0.002790740026308343,132.35613961936014
10857600.0,361.7530647907411,5.895961816659628e-12,96.78226481557681,0.004264875692451457,132.40355625153737
10861200.0,318.66864043425255,1.3543281938253378e-11,96.77474004101484,0.002965708534499276,132.44293951004147
10864800.0,331.5197862475936,1.2968246239538964e-11,96.77909640718023,0.002930067200163349,132.4759895780223
10868400.0,362.2375730209803,5.85991096619801e-12,96.7841108665563,0.004383045153726859,132.52201538483305
10872000.0,318.2923232450966,1.3334492281811193e-11,96.77656710022403,0.002884051125910824,132.5646742819725
10875600.0,331.46205590328736,1.3291446428580439e-11,96.77653150031865,0.002994166643924221,132.59669877552642
10879200.0,361.84415894406567,5.903204523842112e-12,96.78225496330862,0.004384481803234018,132.64209608215313
10882800.0,318.83075466431274,1.2770539584547072e-11,96.77320182693211,0.0026794264288904153,132.68707956803644
10886400.0,331.75265894135526,1.3640582987597194e-11,96.77125741831144,0.0029219098856916,132.71761083369057
10890000.0,360.0528932498644,5.8892798812650454e-12,96.77887656470065,0.004197129388772954,132.7611049043192
10893600.0,320.2225280939606,1.2333108519362738e-11,96.77537072755732,0.0023373772055161816,132.80746295138852
10897200.0,332.2798733060537,1.3803706468543052e-11,96.77233376647851,0.0027850995288074337,132.8398947176416
10900800.0,357.36334765509486,5.778516616672018e-12,96.78198325609343,0.003919478223823046,132.88081683016685
10904400.0,321.70179566343006,1.2675401653933244e-11,96.77939318166878,0.001966031452114632,132.92908458406183
10908000.0,333.61161527172476,1.3669536737300476e-11,96.77433999463294,0.002602660745242368,132.96424988143514
10911600.0,353.73051818573066,5.764271859472668e-12,96.7824059049373,0.0035386798402157085,133.00210367018522
10915200.0,323.4498158558811,1.3349123300993724e-11,96.78014323839707,0.0015400435556265752,133.0502525093495
10918800.0,335.72513410679886,1.3227835954862278e-11,96.77337233127619,0.0024028444029863907,133.08680717825314
10922400.0,349.20042111215395,6.0364449319758125e-12,96.77753999335378,0.0030667193207420972,133.12163842594268
10926000.0,325.65419968305713,1.3764654299024282e-11,96.77961827261709,0.0010709858549743274,133.1707093753764
10929600.0,338.1474390007672,1.2536459782499512e-11,96.76972777534537,0.0022277765989263984,133.21129962773384
10933200.0,344.6739410531772,6.653095269488309e-12,96.7750228194222,0.0026564909900400413,133.24541965057958
10936800.0,327.4003774021481,1.4112465887439672e-11,96.77862375588552,0.0008024771623730603,133.29389882876444
10940400.0,340.99147387730477,1.174942229649376e-11,96.77143182745364,0.0021913077009584154,133.33454760270774
10944000.0,339.5585671442101,7.760149187881687e-12,96.77603536151807,0.0023153370374835213,133.36679211303294
10947600.0,328.82005084100615,1.441310405070161e-11,96.78179364509627,0.0008728925043067699,133.4129635723616
10951200.0,344.5141923837164,1.066131821728165e-11,96.77462007526334,0.0023266463233191214,133.45565955614944
10954800.0,334.34875293549004,9.19483799369591e-12,96.77571108459016,0.0021643063023009832,133.48745101032378
10958400.0,329.82021488050333,1.456595443403055e-11,96.78294856281151,0.001239208487293645,133.53150933405865
10962000.0,348.3692790062561,9.309281824915934e-12,96.77564768683514,0.002671027077973257,133.57684576830775
10965600.0,329.4886149794852,1.069669639358626e-11,96.77178354554597,0.0022674988949919405,133.60999955900687
10969200.0,330.4685796512017,1.462048848509265e-11,96.77813549138526,0.0016845630911608437,133.65080216595018
10972800.0,352.0270344093797,8.105299515756564e-12,96.77286855644664,0.003090349586764151,133.69739032282735
10976400.0,325.35239344848856,1.2011320498393125e-11,96.76842764475684,0.0024475926999414405,133.73147395552837
10980000.0,330.5995758446919,1.469826251136541e-11,96.77814189205043,0.002079591296044179,133.7704930139425
10983600.0,355.2540034871063,7.349021135359163e-12,96.77588953997513,0.0035037770165905918,133.81857806389232
10987200.0,321.9008949362267,1.3160721560669959e-11,96.77130880700629,0.00270518508839559,133.85360239402976
10990800.0,330.1608799095341,1.462538402299969e-11,96.77964886612676,0.002450471997041278,133.89151276975932
10994400.0,358.0764566571576,6.7764071247001165e-12,96.78004410518432,0.00391713180454394,133.94100612777135
10998000.0,319.2118187909642,1.3889190613317317e-11,96.77262345278386,0.002933291672066218,133.97758342422267
11001600.0,329.72032435816783,1.4101683120148222e-11,96.77766700316684,0.0027482245751053193,134.01303893367205
11005200.0,360.1787948473413,6.115850058288374e-12,96.77943980487733,0.004238261136341468,134.0610035893268
11008800.0,317.6712603774207,1.3929987930176988e-11,96.76976867047465,0.0030080128149769687,134.0994880851772
11012400.0,329.3748314309927,1.3439348714377801e-11,96.77411592482154,0.0029159459530643584,134.13422930434652
11016000.0,361.17338864597633,5.76137207577503e-12,96.77716465957215,0.004409158931159351,134.18298080410855
11019600.0,317.2475877160413,1.3590486221135272e-11,96.76866448088391,0.00297326391480804,134.22475581358452
11023200.0,328.73096149295327,1.3243344848915147e-11,96.77131195077655,0.002991900454621151,134.25818469447552
11026800.0,361.15918505513775,5.807348044371153e-12,96.77870244720958,0.004452203825777492,134.3033642196496
11030400.0,317.50354394838996,1.337930964987738e-11,96.77225161023654,0.0028380868558314566,134.34699316452205
11034000.0,328.6596609039002,1.3624817208819633e-11,96.77276350579693,0.002987402435757277,134.37927549364943
11037600.0,359.9928790353201,5.9001208859102496e-12,96.7805462065695,0.004347795524795897,134.42231209632183
11041200.0,318.29883254655493,1.2973761708834614e-11,96.77524058852833,0.0025797723934309473,134.467875689017
11044800.0,329.20167755102244,1.4136687051992069e-11,96.77218479415804,0.002899595549566657,134.50017055953074
11048400.0,357.882592417669,5.920854895167446e-12,96.77963823670541,0.004132079150696672,134.54217388745602
11052000.0,319.450675087375,1.263351133027418e-11,96.77306379783671,0.0022371005249077845,134.5895844196696
11055600.0,330.4631729078268,1.4333830780450171e-11,96.76740526950948,0.0027468766293888254,134.6223341523894
11059200.0,354.82184612436714,5.903271601487413e-12,96.77436824268969,0.00379391121630946,134.66191213087225
11062800.0,321.34181244903067,1.2794649839006481e-11,96.77289360315804,0.0017871483649300772,134.709756134668
11066400.0,331.95749306060833,1.4247446527132466e-11,96.76687201643048,0.002526399737271852,134.74394910900426
11070000.0,350.9217294225755,5.9915816074818086e-12,96.77578293737413,0.0033825742532134014,134.7816807069149
11073600.0,322.9131635646029,1.3475443682477306e-11,96.77678666294945,0.0013756041587464846,134.83039660220786
11077200.0,334.20501298759416,1.37164359800916e-11,96.77000106106527,0.0023490750542289685,134.86799421693428
11080800.0,346.4422235621368,6.3369365328799615e-12,96.77691655695371,0.0029577573932667743,134.9033809390603
11084400.0,324.39656635753613,1.4061646855150162e-11,96.77896304498299,0.0010008377358910556,134.9517961118179
11088000.0,337.17013646491705,1.2769858264605638e-11,96.77092651826605,0.002247154673432248,134.99195432902462
11091600.0,341.53167676520457,7.132901157582976e-12,96.77315437711759,0.00257196689219645,135.0236918041028
11095200.0,326.05026216917713,1.4390072272721785e-11,96.77777556332764,0.0007879782359784948,135.07040176048588
11098800.0,340.4273086779558,1.1682606070336218e-11,96.76801099655013,0.002248930007099645,135.11435424142832
11102400.0,336.7858407268545,8.391926307740684e-12,96.76899021383818,0.0023092348190452425,135.14746008045915
11106000.0,327.09435581158897,1.4750575335208856e-11,96.77506554181994,0.0009397788357893102,135.19433739811728
11109600.0,343.77255881286294,1.0503947695843311e-11,96.76850332796481,0.0024530739068003363,135.23880053221805
11113200.0,332.12891665599165,9.99103784583812e-12,96.769619889018,0.0022116592175979327,135.27041920440553
11116800.0,327.7248164066393,1.5093473447635523e-11,96.77752892759214,0.001278445070123967,135.31441209383695
11120400.0,347.362896684492,9.224337740273926e-12,96.77211704431826,0.002774455906659948,135.35991582603077
11124000.0,327.56399724444447,1.1497841732588703e-11,96.77026349170178,0.0022980792893997487,135.3917653341913
11127600.0,328.05660250075516,1.5298122031209382e-11,96.7788931504666,0.001694391237605646,135.4331534892036
11131200.0,350.9306651762653,7.98311922068428e-12,96.77419979341309,0.0031860981877899755,135.47983175716595
11134800.0,323.4807698916071,1.2598499167899694e-11,96.76818003405387,0.0025274286881113482,135.51428427780914
11138400.0,328.0185791017658,1.5427107969610127e-11,96.77465283657789,0.0021200125000149657,135.5522432209794
11142000.0,354.3318806272575,7.129019298755336e-12,96.7720111429158,0.0036291747043002125,135.60066988152553
11145600.0,320.4295387059855,1.3338063613249368e-11,96.76406230830818,0.002732080606939504,135.63670537619328
11149200.0,327.81378151378414,1.5381287149335733e-11,96.77209477671373,0.0024329999517749743,135.67213334417602
11152800.0,356.79324922944045,6.78982784166746e-12,96.77221787121813,0.003962106558142827,135.7208085837126
11156400.0,318.1345499730176,1.3888362920745712e-11,96.7665153147654,0.0029093324315867183,135.758600389525
11160000.0,327.0938392737423,1.5104711612397887e-11,96.77328341370128,0.002717124596999202,135.79335153776142
11163600.0,358.74114846547434,6.490261541113959e-12,96.77691416271983,0.00426515958648837,135.84226487711803
11167200.0,316.49165403814663,1.4085308551311045e-11,96.76898482877624,0.0030257529818631715,135.88236350593203
11170800.0,326.60153148770723,1.4482858938658131e-11,96.77295108778873,0.0029255775597945522,135.91635739089716
11174400.0,359.83385613779154,6.0284929861055314e-12,96.77790819842049,0.004459383329236493,135.96332110284115
11178000.0,315.83052682881475,1.3948045039541132e-11,96.7678025170218,0.0030092130508625977,136.00408397028926
11181600.0,326.4356979583294,1.3974206565075935e-11,96.77002903712086,0.0030117216799176185,136.03708693714853
11185200.0,359.67990160087885,5.846957108762598e-12,96.77436872641547,0.004473762884510526,136.08361053486723
11188800.0,316.220199188428,1.3731942889216661e-11,96.76649143809428,0.002843002588670135,136.12857549913716
11192400.0,326.1732868981174,1.400352749545054e-11,96.7653942383891,0.003015251324176464,136.16204693710046
11196000.0,358.81804369752086,5.850611641844811e-12,96.77398690649075,0.004396322656182818,136.20537269753643
11199600.0,317.1385848721978,1.3653575445144261e-11,96.76865977641624,0.0026110259538709188,136.25150425951384
11203200.0,326.4423242483028,1.4454378059243817e-11,96.76688793733874,0.002925895457093607,136.28425002674993
11206800.0,356.69241241423964,5.921096221549508e-12,96.77574644141943,0.004165889884109281,136.32490695115231
11210400.0,318.3286319806467,1.3438464937090924e-11,96.77215678175816,0.002281928637712294,136.3719479358707
11214000.0,327.54827969333087,1.4762867393993755e-11,96.76758139068937,0.0027683151833296244,136.40542111012908
11217600.0,353.6342837966354,5.973089398999755e-12,96.77545322207402,0.0038303941614642595,136.44436217017767
11221200.0,319.64406795605595,1.3477261028404417e-11,96.7724111649652,0.0018871831178087297,136.49261943391915
11224800.0,329.4871088473203,1.4688841437795333e-11,96.76488676902662,0.0025819871108522406,136.5281292281139
11228400.0,349.98405133348035,6.073276380265037e-12,96.77036823004482,0.003444860323575981,136.5651931563537
11232000.0,321.40761979863254,1.3888012956497248e-11,96.76955361672927,0.001420132329593716,136.61344430490837
11235600.0,331.6652768877034,1.4310069502970927e-11,96.76248672595142,0.0023755205982960974,136.6492499818514
11239200.0,345.6131844642241,6.456578301695157e-12,96.768995816088,0.00300420771397918,136.6851607917749
11242800.0,322.8024420109598,1.4434805444144386e-11,96.77270415426585,0.0010286376865981937,136.73356988966327
11246400.0,334.3786356064199,1.3460754832489747e-11,96.76554822894973,0.0022517368597285677,136.7726908332022
11250000.0,340.98973180535444,7.1752860965625395e-12,96.77112589832844,0.0026275681407937432,136.8066618843065
11253600.0,323.8772244161467,1.481769260099657e-11,96.7757523175762,0.0008016016714876605,136.85466924301372
11257200.0,337.7184371412234,1.2232423935341595e-11,96.76779610137511,0.002263355591717817,136.89718028059178
11260800.0,336.17912133139606,8.351967214856728e-12,96.76963169113489,0.002365006659437676,136.92863932511187
11264400.0,324.8841805177784,1.510095372966613e-11,96.7740057613026,0.00087638793048654,136.9735231132133
11268000.0,341.350008731313,1.0957462531757256e-11,96.76585218104896,0.0024249479413568907,137.01852735657522
11271600.0,331.5484358501163,9.976678246360277e-12,96.76421460383229,0.002237570406181395,137.05101255348265
11275200.0,325.5613836416697,1.539089699739448e-11,96.77139466451972,0.0011736306119863272,137.0964871235444
11278800.0,344.80444061552004,9.696901949797298e-12,96.76502514599397,0.0027273553590076932,137.1435437753914
11282400.0,327.5369521256287,1.1530951616117864e-11,96.76359164216657,0.0023022244318209304,137.17558540494497
11286000.0,325.63150825284106,1.570326813565782e-11,96.77207214186382,0.0015367421016872385,137.2181193654993
11289600.0,348.1775993047279,8.46888634237341e-12,96.76846425965667,0.0030929776784836185,137.26484882127963
11293200.0,323.6388709193746,1.273619033996143e-11,96.76507058194504,0.002459508912987037,137.2976468712721
11296800.0,325.4983134997773,1.585628511980169e-11,96.77356611521078,0.0019265556198611192,137.3370542186536
11300400.0,351.4328030680623,7.412622476120049e-12,96.77107030379274,0.0034967083233287248,137.3844934040491
11304000.0,320.23301850028724,1.342946474861353e-11,96.76505182647406,0.002667012084233355,137.41979159267254
11307600.0,325.1600808283182,1.5912774996614013e-11,96.7712073280681,0.0023079547601586184,137.45627356679304
11311200.0,354.4520146490954,6.779764647813668e-12,96.77039988201726,0.0039049567718505273,137.5053336771899
11314800.0,317.7230542061806,1.387005824309461e-11,96.7609444144259,0.0028736281401105517,137.54289539120958
11318400.0,324.7986020065526,1.5814734556276694e-11,96.76611481887961,0.0025813748173810903,137.57662276129477
11322000.0,356.47597694801885,6.61692676127706e-12,96.76787206251791,0.004180747272741634,137.62514637675346
11325600.0,316.12473665260467,1.4111066139858503e-11,96.76141553808662,0.0029625643960735208,137.66451299038866
11329200.0,324.0640150329014,1.557533121524591e-11,96.76689275822694,0.0028118630287269865,137.69784628209771
11332800.0,357.85527913364797,6.484973369206982e-12,96.77213798890392,0.004401143411789779,137.74579284132113
11336400.0,315.0332505703249,1.4106968552600863e-11,96.76478830552666,0.0030196408654933463,137.7873828652375
11340000.0,323.59287481448837,1.5098201543109552e-11,96.76786065329665,0.002975949812219311,137.82099125992875
11343600.0,358.3768490810035,6.154720413482308e-12,96.77408390682476,0.00451757398364833,137.8676712902145
11347200.0,314.64530741360704,1.4026005779269156e-11,96.76546021532641,0.002969888714525998,137.9101942656967
11350800.0,323.56188468531303,1.4722904023648963e-11,96.76539996466462,0.003030849439398798,137.94289308257746
11354400.0,357.7599377242022,5.961807084830286e-12,96.77067706492868,0.004470903369990943,137.98698724903252
11358000.0,315.2811599488588,1.4070083579633761e-11,96.7641477469876,0.0027504942357642137,138.0328709979665
11361600.0,323.6951799333396,1.4722625979693694e-11,96.76048473728613,0.002994592651297581,138.06691776558665
11365200.0,356.4673802089275,5.9045656987161455e-12,96.76899788095183,0.004331939806911384,138.10977736620143
11368800.0,316.3431908826211,1.4118932443072722e-11,96.76391753644727,0.002494160030770025,138.15701993036586
11372400.0,324.1070502478806,1.5093317645746185e-11,96.76107850065594,0.00288760672345788,138.19044185096286
11376000.0,354.04722532697497,5.951794022450556e-12,96.77055775604202,0.004059955798110948,138.22988025857265
11379600.0,317.5697717376871,1.4116928311011735e-11,96.76776995167674,0.002154525785065783,138.27773751721915
11383200.0,325.4602749310051,1.5249383039405513e-11,96.76284926682047,0.0027145535494881683,138.31198756739727
11386800.0,350.7812357000737,6.030014242009048e-12,96.77063430070652,0.0036977110092762276,138.34933594448626
11390400.0,318.8663284898492,1.4294154203139185e-11,96.7700415433554,0.001752086149817819,138.39801621771022
11394000.0,327.5940879584544,1.5060431744909485e-11,96.76166053766683,0.002512523204525177,138.434231249547
11397600.0,347.00553320599687,6.206817457328619e-12,96.76714039897684,0.0033122431301452265,138.4707686781111
11401200.0,320.24476215664663,1.4763696183429944e-11,96.76654923787464,0.0013191053455762858,138.5188367252756
11404800.0,330.1180504352657,1.4524663826067509e-11,96.75828048900269,0.002339031764215066,138.5558185829892
11408400.0,342.67591827019146,6.73887196600925e-12,96.76291852233658,0.002885538763738118,138.5909958777318
11412000.0,321.57396657308544,1.51574824149251e-11,96.76796883643333,0.0009278258172616483,138.63879533346443
11415600.0,332.94863704876985,1.3555691228687467e-11,96.76006684527418,0.0022406366540121065,138.6785747976233
11419200.0,338.20639967092904,7.627699827837984e-12,96.76520711535545,0.002545589681309642,138.7121257252385
11422800.0,322.31287442402,1.5473089990909844e-11,96.77106675364345,0.0007609029301559544,138.75957827451427
11426400.0,336.34878828568657,1.2230153977185363e-11,96.76362612459252,0.0022900597193132406,138.8029636046989
11430000.0,333.59727057519484,8.915593420708727e-12,96.76520178207113,0.0023262766897722423,138.83518123807218
11433600.0,322.84743392217047,1.577909858628183e-11,96.77040582464691,0.0009071426133157316,138.87987459999223
11437200.0,340.06472634017535,1.0892660414849653e-11,96.76335169069576,0.0025101528297547288,138.92501220736042
11440800.0,329.10852103972667,1.0596950609266032e-11,96.76018752439575,0.0022385836913984413,138.95645136414277
11444400.0,323.39617109409136,1.604259857693463e-11,96.76843567648551,0.0012008824314392857,139.0005865738048
11448000.0,343.4912498148508,9.629906516562045e-12,96.76106291929763,0.002805048655803877,139.0489374460354
11451600.0,325.4429764728287,1.2087984903007753e-11,96.75810367815711,0.002340879577855422,139.08180186410138
11455200.0,323.21268973159545,1.629073570684791e-11,96.76626595913753,0.0015536862041376951,139.12403693878758
11458800.0,346.75419949007124,8.440952363911539e-12,96.76326594016689,0.003172323479067668,139.1712792515232
11462400.0,321.94184559612506,1.3155661467377486e-11,96.75991829787935,0.0024912275206973645,139.20457852485126
11466000.0,322.8664956657767,1.6400539717459567e-11,96.76809337440558,0.0019224626345312706,139.2436094829285
11469600.0,349.8798558922462,7.427998952087397e-12,96.76649034331217,0.003559113797004803,139.29144359320134
11473200.0,318.86667291179316,1.3689239057828925e-11,96.76080106239891,0.002680403340842394,139.32645256642897
11476800.0,322.3894850233897,1.6424492896717106e-11,96.76794333674756,0.002274343981178697,139.3631156308608
11480400.0,352.67870627293394,6.819718100110729e-12,96.76741072176583,0.003933558411143715,139.41164395522148
11484000.0,316.38248588463716,1.4059850847718922e-11,96.75736377511275,0.002883279135839228,139.44972111077337
11487600.0,321.9275981364974,1.636866618871964e-11,96.76212758592483,0.0025647011055945712,139.48358965287693
11491200.0,354.7727014356337,6.6504491235566176e-12,96.76370749189763,0.0042165140255422395,139.53187768038575
11494800.0,314.9858051056454,1.421263700865703e-11,96.75578884180595,0.0029539650113893662,139.57155448791767
11498400.0,321.2607694576022,1.621268383760384e-11,96.76147336048777,0.0027710646905432417,139.60432942366702
11502000.0,356.00197380805986,6.611098270313577e-12,96.76644625577896,0.004404563359048114,139.65220403350378
11505600.0,314.0041126585025,1.4179936933850157e-11,96.75949220811201,0.0030059600504896253,139.6938478264845
11509200.0,320.654335838934,1.5864356668438295e-11,96.76283352073033,0.0029478924975265375,139.72708131119023
11512800.0,356.53695950675706,6.357199926353634e-12,96.76958019102685,0.004517671464917405,139.77410467027258
11516400.0,313.5453594110785,1.411735044292418e-11,96.76159881218328,0.0029639715532590533,139.81761773089636
11520000.0,320.5286173609487,1.549348956311469e-11,96.76127331037262,0.0030298652963651478,139.8504909146205
11523600.0,356.1679891874387,6.101218735413079e-12,96.76764248810154,0.004505318303558499,139.8938948492022
11527200.0,313.9866488577776,1.4235867416389068e-11,96.76009464103399,0.0027775026530161557,139.9389022258974
11530800.0,320.80813552376804,1.5442147997364667e-11,96.75737239471411,0.0029979999581243,139.97272342746646
11534400.0,354.8847319184862,6.0054594244748516e-12,96.76441820992443,0.004360308552010689,140.01625210251268
11538000.0,314.8973389348757,1.4417650830847111e-11,96.75886886800296,0.002542488050559776,140.063888314767
11541600.0,321.1238729279577,1.5679302992148165e-11,96.7556155213685,0.002914246399827975,140.09784557086448
11545200.0,352.7911968477464,6.021404704323859e-12,96.76506858957242,0.004121373003868375,140.1373287609946
11548800.0,315.99254877807203,1.4537542371001415e-11,96.76257056590222,0.0022425080687615956,140.18549460391966
11552400.0,322.29463984440366,1.5868418908418725e-11,96.75778938487481,0.002755157939722501,140.21978173082405
11556000.0,349.805442023236,6.091022051049749e-12,96.76595971711488,0.0037870152910934843,140.25719019090272
11559600.0,317.17071818077324,1.4698403322699666e-11,96.76551600508867,0.0018651535341471805,140.30571794715095
11563200.0,324.1791376313695,1.5764430337029726e-11,96.7578007838617,0.0025592230150193445,140.34135849006088
11566800.0,346.254803728388,6.233668462341072e-12,96.76428276115624,0.00341375788850501,140.37822543197143
11570400.0,318.2224321248047,1.5193308528955074e-11,96.76323379075323,0.001463121147349788,140.4263475952816
11574000.0,326.7095396096979,1.5272568644006657e-11,96.75462331516172,0.0023802666891915153,140.46391785352952
11577600.0,342.3262697720954,6.659630005459426e-12,96.75863035578861,0.003015943564074161,140.4990851641545
11581200.0,319.53890971233443,1.5599096134774626e-11,96.76233770869895,0.001045083145905973,140.5467085746774
11584800.0,329.37932914856367,1.4403174511585584e-11,96.75412908451534,0.002250721337323103,140.58577499867283
11588400.0,338.10158818770606,7.466211333730401e-12,96.7599173928082,0.002652646484814497,140.61992552330776
11592000.0,320.1789098305996,1.595875994214483e-11,96.7654827700539,0.0007828305090564334,140.66738861560478
11595600.0,332.5799307228592,1.3112120112176068e-11,96.75811670929662,0.002250112172192476,140.7098418382998
11599200.0,333.7181086242444,8.620252857407333e-12,96.76093407913729,0.0023858260594318047,140.74278624103815
11602800.0,320.60128317277605,1.6274739994649504e-11,96.76681875429999,0.0007729554353193858,140.78871010207342
11606400.0,336.1485319765737,1.1729869189343991e-11,96.7596635167818,0.002405160027468678,140.83344835849476
11610000.0,329.4011333750387,1.0163622719902713e-11,96.7574210231575,0.0022585724787192326,140.86423449170817
11613600.0,321.07695305008303,1.6567531455308608e-11,96.76487917425376,0.0009865402302130235,140.907751658277
11617200.0,339.58210676364257,1.0484204954966874e-11,96.75697943348783,0.002637834763573599,140.9556671599434
11620800.0,325.6983457420789,1.1704255010194863e-11,96.75351952563435,0.0022818740566198296,140.98888474462683
11624400.0,320.9042057051655,1.6879199277628142e-11,96.76146782937101,0.0013172395242503933,141.0322457392261
11628000.0,342.90286323608944,9.190514841035161e-12,96.75759470648123,0.002989450113648554,141.07977558782022
11631600.0,322.28451746999593,1.2929601247458215e-11,96.75481363411943,0.0023889138868453874,141.11259392047813
11635200.0,320.4944804413154,1.7082012079924985e-11,96.76337649103193,0.0016701113173513491,141.15287458623487
11638800.0,346.06602719798605,8.056781989135706e-12,96.7610718076648,0.0033536404708433267,141.20062343859016
11642400.0,319.1192146845918,1.3604581570445858e-11,96.75608180238584,0.0025590465612870747,141.23452866094738
11646000.0,320.0028928601052,1.716137879675749e-11,96.76428370424722,0.0020188346134368353,141.27245975556673
11649600.0,348.93402490040154,7.2664289367379525e-12,96.76295270054867,0.003716181591859832,141.32030090579175
11653200.0,316.3712408507869,1.402020884997509e-11,96.75439253901789,0.002757197594668115,141.3574708141249
11656800.0,319.4386422650272,1.718780775751092e-11,96.75973538355427,0.0023587750706162876,141.39255987491538
11660400.0,351.49761046249716,6.914271623800252e-12,96.76016701638608,0.004053352646640952,141.44124145588015
11664000.0,314.64048894186607,1.4259715036603433e-11,96.75095169622836,0.0028855844131540354,141.48009806513133
11667600.0,318.8170687431915,1.708055064207733e-11,96.75699442777649,0.0025882399927608757,141.51305904701178
11671200.0,353.1007565828322,6.875734536648153e-12,96.7601285084757,0.004272076174674931,141.5614521477771
11674800.0,313.38337555625463,1.4357900163242493e-11,96.75368343843566,0.002970699090576896,141.60215365581593
11678400.0,317.98114107701497,1.6787991661693203e-11,96.75828354767425,0.0028130964565323954,141.6352304499081
11682000.0,354.2211191925552,6.681237602645413e-12,96.76442216495288,0.004454581370078254,141.68299547162542
11685600.0,312.5197290603708,1.431564842104192e-11,96.7565596077838,0.0029990649842054676,141.72596323581902
11689200.0,317.580483643186,1.6291090862975734e-11,96.7581684690596,0.002959471636039189,141.75913223322723
11692800.0,354.54282825110386,6.345371238289331e-12,96.76490278342266,0.004532491458266798,141.80432848452497
11696400.0,312.3825103682108,1.4349423006710159e-11,96.75551805238491,0.00291779009418788,141.84762248557786
11700000.0,317.61018427409647,1.6010066217065826e-11,96.75549085490331,0.002995136697287949,141.88052999477725
11703600.0,353.8184143329606,6.219366265917177e-12,96.76096867932343,0.004456049295203133,141.92515823489367
11707200.0,312.98671019381493,1.44525669872476e-11,96.75423614025567,0.0027306423630619834,141.97218115759586
11710800.0,317.6058127908454,1.6166026301605006e-11,96.75123469634526,0.002977883204513718,142.00609741785405
11714400.0,352.62185260883047,6.162234011140641e-12,96.76031806928825,0.004325341060978949,142.0475678821808
11718000.0,313.8348668671442,1.459903555312768e-11,96.75630691201624,0.0025088275558445543,142.09519530002444
11721600.0,318.1601820881346,1.655796819358356e-11,96.75296291040416,0.002880350899028072,142.12866675666075
11725200.0,350.4047098098388,6.196162419893504e-12,96.76191559208267,0.004073497216722031,142.16778262727374
11728800.0,314.7436042387739,1.4643375661135046e-11,96.75971254685157,0.0022074012042968758,142.21570373378722
11732400.0,319.4966333773215,1.672087400992812e-11,96.75392142305734,0.0027273403172192907,142.2501784036709
11736000.0,347.49405900168284,6.250447117536568e-12,96.76154586453829,0.003744919756622181,142.2879066358612
11739600.0,315.61160022355995,1.498636826326177e-11,96.75978737546265,0.0018532227595980917,142.33648045083964
11743200.0,321.57819307472784,1.6504778833834172e-11,96.75157324504193,0.002549439111340385,142.37315863623218
11746800.0,344.2243890718342,6.406205236727143e-12,96.75647199328176,0.003392766372760713,142.409369401148
11750400.0,316.8263630983144,1.5515426912013908e-11,96.75671499405435,0.001447319422830706,142.45764180337352
11754000.0,323.7784391570617,1.5983857394522355e-11,96.74924422046342,0.002366288076303366,142.4944788384927
11757600.0,340.44351194539297,6.8762718651849136e-12,96.75524914691397,0.003002720710871548,142.52988012140997
11761200.0,317.5994027044094,1.6076940033204512e-11,96.75966445330381,0.0010895969084200828,142.57825894770392
11764800.0,326.42816602528734,1.498339384837831e-11,96.75240767293037,0.0022530920303607273,142.61813512499938
11768400.0,336.4804766396841,7.64067825433327e-12,96.75752842432914,0.0026648267681595207,142.65189029637162
11772000.0,318.08287382307583,1.6511957476803867e-11,96.76258523322105,0.0008030959521703667,142.69982885587694
11775600.0,329.594309042121,1.3652612483894987e-11,96.75467101674697,0.0022385264630782275,142.74283372495998
11779200.0,332.38883944569085,8.784928917528711e-12,96.7562266071609,0.0024091378780307627,142.77429951776722
11782800.0,318.5498538023819,1.688799222182575e-11,96.76076108572428,0.0007018907814308622,142.81919619915058
11786400.0,332.9984662758522,1.2309669168975863e-11,96.75261907021506,0.002338734649383143,142.86443066616204
11790000.0,328.4430789435342,1.0287740331261054e-11,96.75097422258773,0.002245801498247244,142.89700681990595
11793600.0,318.79826341171776,1.7251441706430367e-11,96.75817348821066,0.0008511410737305846,142.94272505972535
11797200.0,336.21048830149095,1.0986992481113587e-11,96.75167675336091,0.0025714015245105262,142.98979658442525
11800800.0,325.0133311378245,1.1681145279331547e-11,96.75049157074497,0.002241419547419485,143.02186057779357
11804400.0,318.5245480725791,1.7666779477418022e-11,96.7589731415318,0.0011411250415850071,143.06490582106187
11808000.0,339.4105021654605,9.690536439254596e-12,96.75499070051481,0.0028671566221092994,143.11151427991598
11811600.0,321.5209887419006,1.2818040211164221e-11,96.75204912821339,0.0023174797194909277,143.1441418337678
11815200.0,318.1275925093792,1.79405404001807e-11,96.7606535715823,0.001491774815311846,143.18431429932133
11818800.0,342.61362728978816,8.510984246274271e-12,96.75747710150289,0.003214402976563313,143.23165758656097
11822400.0,318.30915379334175,1.3524017114705805e-11,96.75199410221971,0.0024701362516399406,143.26647166545666
11826000.0,317.56519005343125,1.8145752024498802e-11,96.75853124783835,0.0018660828976126316,143.3038939794758
11829600.0,345.76577252325967,7.714710211959167e-12,96.75677494182177,0.003602219009906797,143.35303279603554
11833200.0,315.788480559659,1.3994718644287877e-11,96.74780744206714,0.0026658364114142664,143.38978155346183
11836800.0,317.0085265462698,1.8177341086565616e-11,96.75371008218622,0.0021608601503226212,143.42462737770947
11840400.0,348.1432814024325,7.426145611915047e-12,96.75423737843786,0.0038943400491590085,143.47341152569632
11844000.0,313.91702566831896,1.4366916815411293e-11,96.7480670834549,0.002798473498433974,143.51166687024173
11847600.0,316.0533866650026,1.799849691743275e-11,96.75476250926333,0.0024522430014024916,143.54610975611467
11851200.0,350.13107035159,7.238252376165952e-12,96.75856474893544,0.004172515466859302,143.59479760235558
11854800.0,312.3552143536917,1.4577879877236627e-11,96.75121204595204,0.002929204330192468,143.63485940916254
11858400.0,315.2720297372096,1.7394327602088752e-11,96.75590690753299,0.0026965030534665635,143.66933345972242
11862000.0,351.5154507799341,6.8200677715994225e-12,96.76073039478338,0.004383518330792854,143.7174017620037
11865600.0,311.33419305940436,1.4571729780089105e-11,96.75170769137328,0.0029946377767252354,143.75811439454432
11869200.0,314.8215025490654,1.6703907487753328e-11,96.75338673088692,0.002850734604261007,143.7911959807075
11872800.0,352.03754003810576,6.487828754259647e-12,96.75765068328568,0.004470197082850415,143.83735122688236
11876400.0,311.2059513811345,1.450933584287614e-11,96.7498862833088,0.0029210003300632024,143.88140987287846
11880000.0,314.40763913297195,1.642399517082967e-11,96.74866156938384,0.002934635550414648,143.91530109852002
11883600.0,352.048850561482,6.392586886177346e-12,96.7563371403094,0.004495426311433757,143.9606550131582
11887200.0,311.5196632927653,1.4457804891180572e-11,96.74958985042399,0.0028280299986934237,144.0061262527985
11890800.0,314.0924026973464,1.685193931613756e-11,96.74923061481762,0.0029607900774149694,144.0389424377496
11894400.0,351.08628402597003,6.441664762213958e-12,96.75833043435476,0.004394194687485217,144.08109419081833
11898000.0,311.98830916235744,1.4382806348140122e-11,96.75324095820183,0.0026494144108286355,144.12766427443364
11901600.0,314.5505429050777,1.7389039594058296e-11,96.75073044529836,0.0029141055734228922,144.1604896531238
11905200.0,349.43404221167367,6.451535210869091e-12,96.758923502692,0.00420519810476285,144.20084185232406
11908800.0,312.5817433146695,1.4273804611646285e-11,96.7554496823045,0.002397633433477048,144.24886631326495
11912400.0,315.65588272086137,1.768363006911293e-11,96.74912778981904,0.0028121494387530086,144.28277817595827
11916000.0,347.2949063646259,6.411251659023957e-12,96.75593937564435,0.0039654520553490434,144.32237252523544
11919600.0,313.4054804391291,1.4568994720023528e-11,96.7518959298161,0.0020924022099990973,144.37087070584948
11923200.0,317.10216406956204,1.765739487516562e-11,96.74502449022157,0.002645817790836322,144.40463539643642
11926800.0,344.4535029055344,6.446046731234676e-12,96.75205791939949,0.003636866953355743,144.44267139733014
11930400.0,314.3862946242576,1.5270326452545828e-11,96.7536789392328,0.0017527916374503543,144.49130540776665
11934000.0,318.7592533795958,1.729193851203849e-11,96.74659849229594,0.0024842023296235494,144.52765474061925
11937600.0,341.3462352134616,6.634375797013433e-12,96.75472138376401,0.0033105361814119607,144.56373418601797
11941200.0,314.9639480651231,1.611559337290812e-11,96.75715040667089,0.0014278030580703175,144.61297164637057
11944800.0,321.08221941294875,1.6422764592802045e-11,96.74954220347513,0.0023336358105666825,144.65256386270366
11948400.0,337.8201056258769,7.099944227687031e-12,96.75488141670944,0.0029639446315297088,144.68652833668588
11952000.0,315.4944962191411,1.6786784700587185e-11,96.75710350136949,0.0010891186339635117,144.7342020874079
11955600.0,323.88952525622955,1.525190805809891e-11,96.74901680960215,0.002231396839813937,144.77530145856167
11959200.0,333.9887240540597,7.982539609953101e-12,96.74994633124636,0.0026155177334908704,144.80750641202073
11962800.0,316.2449771211396,1.7264025458520338e-11,96.75581571293887,0.0007685054502314254,144.8553330084726
11966400.0,326.6528476256233,1.4026344800274256e-11,96.74598272067229,0.0022004099429636143,144.90009315627793
11970000.0,330.60299879664285,9.092119196969756e-12,96.74780442216152,0.0023876674164599494,144.932713635408
11973600.0,316.4454179665196,1.778117566894319e-11,96.75421522003082,0.0006449719022118219,144.97944378399836
11977200.0,329.58406627007287,1.2821897160225803e-11,96.7478703686966,0.0022940445915618692,145.02340141808057
11980800.0,326.9363168800252,1.0424374155049548e-11,96.74930980151409,0.002214067445546268,145.05526623305343
11984400.0,316.43294105547795,1.824394934228323e-11,96.75683481480218,0.0007362305059175354,145.09936866411346
11988000.0,332.8336427246479,1.1429832359059264e-11,96.7509481128342,0.002480122608872491,145.14468667520177
11991600.0,323.26778274814103,1.1661300568105376e-11,96.7494899641865,0.0021638334656383334,145.17690774843683
11995200.0,316.19774275698774,1.8581852282127427e-11,96.75753135825437,0.001020308681070596,145.2188994959539
11998800.0,336.24837947005085,1.0043658576348626e-11,96.75189060975104,0.002788085347064977,145.266046509028
12002400.0,319.8964723174143,1.2654064658378986e-11,96.74582031732004,0.002265842857579299,145.30017789847574
12006000.0,315.8274301988929,1.882593804000135e-11,96.75244406754211,0.0013622641842435132,145.33929087795872
12009600.0,339.3800613355802,9.044942023230839e-12,96.74860674845708,0.003119522439912865,145.38710813585374
12013200.0,317.15458520151805,1.3458681164509607e-11,96.74295291032271,0.002377336902042183,145.42221715580303
12016800.0,315.14638283035447,1.8988072113087053e-11,96.75246974272792,0.001683399510404788,145.4600764704494
12020400.0,342.1304250946811,8.48180013560908e-12,96.75139728846466,0.0034441212452365013,145.508807226593
12024000.0,314.6784466131194,1.4239033809107739e-11,96.74606963045584,0.002565354417775302,145.5448233414363
12027600.0,314.13018917609793,1.8847761070433613e-11,96.75412599508007,0.0020269415049020616,145.58220004051003
12031200.0,344.67059363325325,7.953159463086796e-12,96.75518030348934,0.0037812324361611756,145.63199671889728
12034800.0,312.5741597932834,1.4758086038947485e-11,96.74745565879579,0.0027482875516593366,145.66922969966797
12038400.0,313.2603950078823,1.8186229352855066e-11,96.75238285976505,0.002324888028524369,145.70468885832352
12042000.0,346.7898733857551,7.263614597893736e-12,96.75423618713793,0.004066172514012979,145.75288205403498
12045600.0,311.1786726595934,1.4805972527800587e-11,96.74446803639142,0.0028362044726009655,145.79154254208328
12049200.0,312.57643691188844,1.7366587573848283e-11,96.749109175582,0.002524587349157434,145.82663481686524
12052800.0,348.1673029013132,6.828492317312028e-12,96.75178008050375,0.004261349252195828,145.87592321269796
12056400.0,310.5123917216809,1.4525958125311837e-11,96.7431437016161,0.0028952102825933494,145.91731141664874
12060000.0,311.57268882953593,1.7010503642273086e-11,96.74657948638728,0.0026938260408928506,145.9511976430954
12063600.0,348.9445600202889,6.777878412089212e-12,96.75330387103313,0.004390574956733465,145.99741945793605
12067200.0,310.13787607831324,1.4435650894070101e-11,96.74638703628204,0.0028992759826038683,146.04016350726565
12070800.0,311.00670556985574,1.730906647794081e-11,96.74825640472196,0.002815361873818273,146.07273851210738
12074400.0,349.0713937736903,6.801346951812216e-12,96.75531912671248,0.004428912564072977,146.11738125718762
12078000.0,309.9739856015014,1.4261064373069807e-11,96.7489162983077,0.00282543014807957,146.16184370150094
12081600.0,310.87626902098845,1.7953894926130322e-11,96.74785475391165,0.0028800812481965584,146.1939709376612
12085200.0,348.68413272225524,6.7912249625233435e-12,96.75475689550488,0.004399286052417181,146.2381481052736
12088800.0,310.00036851854986,1.3970168824578021e-11,96.74617585828446,0.0027000896336085425,146.2846478013048
12092400.0,311.19439510161334,1.8458243605663997e-11,96.7426836347273,0.002877198161584148,146.31630924105147
12096000.0,347.6934615327939,6.698515233848306e-12,96.74988296698979,0.004284584120551733,146.35872700806308
12099600.0,310.72420052149295,1.3889414215375188e-11,96.7457871100044,0.00250155172547832,146.40582270321443
12103200.0,311.59047170850926,1.8698432796378145e-11,96.74226972520815,0.002812321172178618,146.4382484422132
12106800.0,346.05905333728714,6.5484212495811364e-12,96.75178933758053,0.0041036276573356645,146.4792726893306
12110400.0,311.1869169978293,1.4570933379080044e-11,96.74949946779661,0.0022933755429289876,146.52770198002148
12114000.0,312.46998645365284,1.8580967201992683e-11,96.74483263564885,0.0027339835914915703,146.56259189700242
12117600.0,343.91526336813706,6.449819525151398e-12,96.75360899288137,0.003862428673962188,146.60158729066012
12121200.0,311.69412813461287,1.5643948964958974e-11,96.75167041484343,0.0020302636790341467,146.6506694915829
12124800.0,313.94355783076344,1.8150739149240938e-11,96.74484489717689,0.0025964929563615105,146.68711202803604
12128400.0,341.29923980622016,6.530170374578574e-12,96.7504156939519,0.0035588293434900007,146.72217444270163
12132000.0,312.60797730603275,1.6536876289209867e-11,96.75057986204793,0.0017073610169608443,146.7707729622087
12135600.0,315.71836004030945,1.7561363440583514e-11,96.7412004162509,0.0024165939660756933,146.8100792426455
12139200.0,338.5163025598931,6.81713471290847e-12,96.74663547999218,0.0032324777488675362,146.84607787632547
12142800.0,313.3168777333185,1.722752893361734e-11,96.74839774486244,0.001413670977420572,146.89586313283718
12146400.0,317.577399032693,1.6855676921734396e-11,96.74087537698273,0.0022881276043426476,146.93556428338002
12150000.0,335.3745499576994,7.391810972419417e-12,96.74724216089679,0.00289916834102434,146.96891687738514
12153600.0,313.8582919468587,1.7856278864058764e-11,96.75151221575537,0.0011031132535978994,147.01717457456184
12157200.0,320.01202660306285,1.6042420775518587e-11,96.74400761755483,0.0021575864805111634,147.0576996343149
12160800.0,331.8679086430694,8.142431035245442e-12,96.74780117341345,0.0025765728555806654,147.09004847596063
12164400.0,314.22459613696185,1.8311660956554117e-11,96.75373464981536,0.0007856146183576206,147.13713050537584
12168000.0,322.8829452449055,1.4926282367085582e-11,96.74496933415853,0.0021027248299648146,147.1792648768928
12171600.0,328.2538256139624,9.152552406581051e-12,96.74588998356654,0.0023248642536329474,147.21248276592505
12175200.0,314.3029814082002,1.856587274139593e-11,96.75062554682343,0.0005851544354637894,147.25716566033708
12178800.0,326.07957635042686,1.3502703039214158e-11,96.74272898927963,0.002205025968836917,147.3014750681456
12182400.0,324.88514979763346,1.0340438778911303e-11,96.74068146528761,0.002151250419954256,147.33470466388385
12186000.0,314.3899419307439,1.8649232262269586e-11,96.74897220408091,0.0006008013357458788,147.37795198703938
12189600.0,329.0230508150773,1.2150552146268336e-11,96.74238536178473,0.0023619459573047366,147.4233192671556
12193200.0,321.6532387282056,1.1628313969482913e-11,96.74241524290174,0.0021007807709512894,147.45663672127336
12196800.0,313.81586011300067,1.8965763914266996e-11,96.75123370273202,0.000860890276515056,147.49940415284388
12200400.0,332.14049834963515,1.099315894253263e-11,96.74684332863534,0.0026374809007602114,147.54698838739404
12204000.0,318.5311139461017,1.3029033501273648e-11,96.74386510207543,0.002165703894867354,147.5805790719939
12207600.0,313.1614885769525,1.9208486432382463e-11,96.75170661404557,0.0011935936533385943,147.6217617641407
12211200.0,335.2379828063991,9.985066179572063e-12,96.7484225342726,0.002967343162327394,147.6700892783154
12214800.0,315.74970027718024,1.427386726710481e-11,96.741194210084,0.0022854387601819173,147.7029442229215
12218400.0,312.62224446329134,1.9121082576682453e-11,96.74921841331421,0.0014808759502629722,147.74182466585881
12222000.0,337.8894693094147,9.007765846892162e-12,96.74548771976141,0.003261281531368921,147.79219914206794
12225600.0,313.6861250282689,1.478878736907071e-11,96.73801163903453,0.0024333965960425257,147.82827521363336
12229200.0,311.6136480881585,1.8864267058723175e-11,96.74518588835161,0.0017754201767434864,147.8667996855995
12232800.0,340.2808910379349,8.11137231321459e-12,96.74588622059154,0.0035806946692597593,147.9160212001809
12236400.0,312.0023989174981,1.485622680673335e-11,96.73976770466021,0.002569235471359798,147.95233273520643
12240000.0,310.5544394207632,1.8674213205841667e-11,96.74688336933916,0.002040096445298774,147.98851910805251
12243600.0,342.2804759399955,7.584052014844646e-12,96.74896485809339,0.0038502064089886456,148.03673335316032
12247200.0,310.43277601598743,1.485468944525533e-11,96.7417082921857,0.0026912474565546646,148.07457399135913
12250800.0,309.7166386298738,1.868722063174525e-11,96.74759519148196,0.0022811069107433494,148.10914327583342
12254400.0,343.8994067360403,7.354112200263954e-12,96.75023443562988,0.004068593614321361,148.15667793893613
12258000.0,309.0967166392336,1.494942777911533e-11,96.74054547137624,0.0027823779737314734,148.19768601564897
12261600.0,309.05213394489556,1.8929471899269582e-11,96.74318595762753,0.002505032531131179,148.23055106035582
12265200.0,345.2042916981291,7.356055569243992e-12,96.74677231227976,0.004242781485697077,148.27799939848614
12268800.0,308.5998900025155,1.4798174369863735e-11,96.73748340344773,0.002812214434361624,148.3203464724068
12272400.0,308.3898741678502,1.9162767321443956e-11,96.74043550790542,0.0026304213794559094,148.3516644046511
12276000.0,345.713620052975,7.4143727474056e-12,96.74640140946114,0.00432127830221949,148.3985358323419
12279600.0,308.22967781935677,1.4631259514606228e-11,96.7403261062038,0.002806621871393793,148.4424983655799
12283200.0,307.7020973828397,1.91820711857751e-11,96.74202665432617,0.0027683322440643604,148.47476893970938
12286800.0,345.89233703157083,7.257137164223563e-12,96.75022531263244,0.004373273660765826,148.5204399029109
12290400.0,307.99927740053454,1.4760412620695153e-11,96.74340714269827,0.002765985532425502,148.5662945788749
12294000.0,307.5065075227079,1.8972238683612105e-11,96.74226774575791,0.002838545023700662,148.59947565904605
12297600.0,345.5053160131332,7.014973668217243e-12,96.75020492170978,0.0043437458629774104,148.64224628941753
12301200.0,308.2225838045516,1.524435196842994e-11,96.74225649800428,0.0026508955586567336,148.68793722419997
12304800.0,307.74965945243355,1.8873183387089602e-11,96.73980615544721,0.0028193528329305824,148.7214023258498
12308400.0,344.3782522384988,6.906939959498859e-12,96.7459361997389,0.004199709107131789,148.76385452909616
12312000.0,308.91227489425347,1.5698505745716797e-11,96.74080819278052,0.002477354923066206,148.81264738307326
12315600.0,307.8666531635873,1.9054497629556155e-11,96.73600711825591,0.002783596141484833,148.84752843871433
12319200.0,343.1053471062311,6.816916418690279e-12,96.74512287911365,0.004049427504068098,148.8871355496938
12322800.0,309.606616203436,1.605667068179425e-11,96.74262117186193,0.002299647822745972,148.9359246608398
12326400.0,308.4966981573066,1.9355434877619643e-11,96.73791624624056,0.0026848976888454485,148.97042539327947
12330000.0,341.0512166836048,6.865718407961713e-12,96.74662676101809,0.0038082027925560825,149.00811755459932
12333600.0,310.2119554494726,1.6322203518761488e-11,96.74577783712795,0.002053216454764197,149.05665367639685
12337200.0,309.7563919372683,1.9440527355139094e-11,96.73902329497194,0.0025438103036576286,149.0922202538294
12340800.0,338.5516297067974,6.952191100858419e-12,96.74624255418654,0.0035152843170050034,149.12896849607432
12344400.0,310.6820921276599,1.681453891572154e-11,96.74555817345897,0.001765389218712572,149.17771026145996
12348000.0,311.6148231517657,1.917164945489089e-11,96.73686800302227,0.002380409838054752,149.2154363822692
12351600.0,335.9386095154335,7.1660069441712184e-12,96.74121760244972,0.0032202509464340245,149.25108041183304
12355200.0,311.43982113038743,1.732558916636268e-11,96.74219022992611,0.001450510723437256,149.29937560077414
12358800.0,313.44776219013863,1.862459037687434e-11,96.73446397417077,0.0022206148070146115,149.3369741302205
12362400.0,332.9927682154888,7.667566863612224e-12,96.74014502068135,0.002898044847239706,149.3721494153725
12366000.0,311.7496518342302,1.7861103021662206e-11,96.74489717915426,0.0011581732652886907,149.42061513971555
12369600.0,315.6047434509217,1.7618189332457334e-11,96.73756196235114,0.0021092285108592524,149.46087450514224
12373200.0,329.9358061535173,8.377911930491928e-12,96.7425745899079,0.0026067685904159555,149.4946562248143
12376800.0,311.8130383908139,1.8341004806300467e-11,96.74765674949325,0.0008637044313682718,149.54282108887844
12380400.0,318.1699077715502,1.6302682654954557e-11,96.73964526116768,0.0020497781311259984,149.58586965352487
12384000.0,326.7918205486203,9.375341453382274e-12,96.74140993671966,0.002358838217389171,149.61746930336292
12387600.0,311.92167880651624,1.8791415119736623e-11,96.74573060431834,0.0006035737897876976,149.66284463828228
12391200.0,320.9341108744895,1.4970274083255096e-11,96.73734722951596,0.0020593253903503786,149.70779278660206
12394800.0,323.73136340184504,1.0667903845622422e-11,96.73626243155681,0.0021548965688472,149.74048584651368
12398400.0,311.9294464221541,1.9214436034658718e-11,96.74315680390374,0.00047323725449225474,149.78703798467166
12402000.0,323.4876447990323,1.3665495355269702e-11,96.73606964960437,0.0021831923131143986,149.83364439657012
12405600.0,321.10875388031036,1.1861468432899066e-11,96.735796651825,0.002064931985701794,149.86561426417316
12409200.0,311.4892844822261,1.9754993880094833e-11,96.74403625862844,0.0005608741115628249,149.90991174661656
12412800.0,326.1296046974559,1.2357724958947054e-11,96.7390972006012,0.0023619678503574324,149.9558986417727
12416400.0,318.22526927155945,1.2956686193417046e-11,96.73732214592904,0.002020397016803971,149.98809627933588
12420000.0,310.9912510573125,2.0167258970638928e-11,96.74590245455659,0.0007858327559937968,150.02988819317045
12423600.0,328.91201956735165,1.1028265070948992e-11,96.74128644180354,0.0025987222570348248,150.07669961056286
12427200.0,315.41133919149496,1.3736243573355368e-11,96.7370999155531,0.002063880833968723,150.11056927932339
12430800.0,310.3307163550005,2.0541077306203847e-11,96.74404646951065,0.001094932337105101,150.14989456517645
12434400.0,331.84712877952705,9.944193888428938e-12,96.74043641358335,0.002916527335632623,150.1987517093562
12438000.0,313.0965329973039,1.4278074801262948e-11,96.73267290678503,0.0021902609004653155,150.23406864774333
12441600.0,309.6974842875019,2.077255717650888e-11,96.7394969120429,0.0013643882034657861,150.27114010022146
12445200.0,334.2246825386526,9.383605735647812e-12,96.73772486039871,0.003178434957160538,150.3198103177951
12448800.0,311.1566177271863,1.4807692289422435e-11,96.73254397411563,0.0023114635855219327,150.35618254054614
12452400.0,308.6090022961777,2.0865314497803284e-11,96.74082979978213,0.0016603226240532623,150.39295254436323
12456000.0,336.49524180107215,9.042986662449301e-12,96.74189019100663,0.003471971854232402,150.44218777181058
12459600.0,309.3468416349082,1.531558145870939e-11,96.73527127110472,0.002469224057612938,150.47964746040137
12463200.0,307.5524096395914,2.0441755729027223e-11,96.74220380480533,0.0019432221290925306,150.51627113224245
12466800.0,338.4860377155213,8.512220363678637e-12,96.74415645511931,0.0037435761613898457,150.5657166261313
12470400.0,307.87946373656695,1.5538585736921184e-11,96.73540943685886,0.002613203093085292,150.6033482072093
12474000.0,306.70487528159174,1.9603151934753828e-11,96.73952919216475,0.00216460346561409,150.6379416800055
12477600.0,339.97088664617064,7.911406321904605e-12,96.74127532985825,0.0039406116860622245,150.6865512896868
12481200.0,307.0955572709127,1.540383561592052e-11,96.73258902445987,0.002666672402121548,150.72723711618923
12484800.0,305.7708351493176,1.8853237677868126e-11,96.73518511966486,0.0023429272478884882,150.76224902834701
12488400.0,341.13605573213965,7.59272490174239e-12,96.74019128939915,0.004117403974189216,150.81075646407228
12492000.0,306.74259296595255,1.5119077636045923e-11,96.73214048008022,0.0027237581887976825,150.85249152549565
12495600.0,304.7060873529186,1.8831907758469818e-11,96.73569695645918,0.0024941615846471206,150.88594297008302
12499200.0,341.67629214737315,7.566076365912825e-12,96.74259812565457,0.0042130206668583164,150.93182486937246
12502800.0,306.4313520819061,1.5040944152229117e-11,96.73517575579918,0.002726610113390608,150.97492316703438
12506400.0,304.1122500412976,1.9326783376719122e-11,96.73693200890145,0.0026084537218279925,151.007347613238
12510000.0,341.8045527674804,7.57265372213782e-12,96.74370817424503,0.004245764478523014,151.05201830134328
12513600.0,306.22030617327323,1.4840812970294824e-11,96.73685081460529,0.002673244346398749,151.09716299125063
12517200.0,303.9152242078739,2.003076971518293e-11,96.73488497161453,0.002687808696352808,151.12941215913514
12520800.0,341.70349481371903,7.53495416979001e-12,96.74134270421001,0.004245397277492394,151.17383444680968
12524400.0,306.3490933212813,1.453763486376015e-11,96.73288083089679,0.0025966227424823285,151.22029784818272
12528000.0,303.8697226027984,2.0576070594983616e-11,96.72995913223048,0.0026848624846142867,151.2512472506665
12531600.0,340.94844581720446,7.446072736706032e-12,96.73783811487328,0.0041572729340220065,151.2944877936155
12535200.0,306.78447715832436,1.4580050724396125e-11,96.7345077009444,0.002467805935756389,151.34164740274767
12538800.0,303.87178551602096,2.0824514125498353e-11,96.73132993074746,0.0026897252016495486,151.37435735264378
12542400.0,339.91632527850754,7.265021834893129e-12,96.74107592522296,0.004051680720545063,151.41586631685075
12546000.0,306.99265748157126,1.5323796089862904e-11,96.73790374253801,0.002334593323759767,151.46450236168312
12549600.0,304.3433601040978,2.0728906253640276e-11,96.7333955671483,0.0026454266716972098,151.4994181595235
12553200.0,338.4614313542779,7.128012241842405e-12,96.74184184348708,0.0038818458821459263,151.5387741992592
12556800.0,307.31683100499157,1.64200625657619e-11,96.73807335785187,0.0021593252396959082,151.58718119452988
12560400.0,305.262416432006,2.0451398694312966e-11,96.73217946165616,0.002542004077318251,151.6226127477975
12564000.0,336.50469855202215,7.15495511136596e-12,96.73745368535872,0.0036300366634877766,151.65966463696986
12567600.0,308.1342960499533,1.7304254743632945e-11,96.73701836195924,0.0019262320881770492,151.70946202111654
12571200.0,306.18637480652706,2.0118363358620784e-11,96.72795620210195,0.002420333656698841,151.74778312284437
12574800.0,334.72063872285764,7.258542083160611e-12,96.73541473500815,0.003409125292875241,151.78452402206173
12578400.0,308.7059606511386,1.7958468827469014e-11,96.73586663521128,0.001735160884539653,151.83433670162276
12582000.0,307.2868043323626,1.9907134716614293e-11,96.72907259973927,0.002299725590223241,151.87191686316086
12585600.0,332.28922196825516,7.577280652464355e-12,96.7368481994011,0.0031286658059254254,151.90662498536227
12589200.0,309.1496312328052,1.854808004750455e-11,96.7391072213481,0.0014843254636152498,151.95532276371128
12592800.0,308.98618770783906,1.948936201423768e-11,96.73155048485165,0.0021431687093152437,151.99405780691535
12596400.0,329.57162676093014,7.962414790518995e-12,96.73684797232367,0.002826824726026959,152.02775442618318
12600000.0,309.44258594239284,1.9048681623957855e-11,96.74066846576666,0.0011972283083420807,152.07604162197657
12603600.0,311.1476972346719,1.8763195469341146e-11,96.73115262095794,0.0019942871073128756,152.11674039813994
12607200.0,326.83498016975716,8.586462455440864e-12,96.73335403726819,0.002551181363404395,152.15076895406133
12610800.0,309.67342359825324,1.9342802359763224e-11,96.73647199183071,0.0009039722187366839,152.19742330019537
12614400.0,313.34763869142233,1.7739592514655e-11,96.72794258842508,0.0019221041486368537,152.2386369946306
12618000.0,324.1059728358591,9.516869514021888e-12,96.72959139390976,0.0022878345803251116,152.2723952076404
12621600.0,309.7652162452896,1.9498304429553348e-11,96.73728444187944,0.0006375276608223825,152.31877774279891
12625200.0,315.56363200821437,1.6489032337629273e-11,96.72975839427886,0.001912229632648899,152.36182787729692
12628800.0,321.40051831023635,1.0611475273023286e-11,96.73226928768558,0.0021006373327924826,152.3947455353122
12632400.0,309.34933913997435,1.9860065906763306e-11,96.73990468953288,0.0004340932263341749,152.44091028035305
12636000.0,318.0974626915606,1.5150103432070567e-11,96.73324401850545,0.0019872229777042057,152.48664199844964
12639600.0,318.6652527347525,1.1912221746501817e-11,96.73279982709867,0.0019672715746346424,152.51895583353019
12643200.0,308.89436698322515,2.0314905817217513e-11,96.73885364680656,0.0003933155750712875,152.5625651495667
12646800.0,320.75768143069087,1.3902764014914906e-11,96.73254710722576,0.002150156770817532,152.6092197697663
12650400.0,316.0461098462445,1.3336487004042295e-11,96.7281577931814,0.0018858370954529416,152.64110251345193
12654000.0,308.6386546414019,2.0631589820844203e-11,96.73674348671398,0.0005075066936041815,152.68468204102302
12657600.0,323.08115369326913,1.2680270898549702e-11,96.72989580627878,0.0023355927628392393,152.733873201803
12661200.0,314.07735308691423,1.4317901026266324e-11,96.72635924046261,0.001934399322136513,152.76716154181813
12664800.0,307.8454014673409,2.0961386545438508e-11,96.73465897390695,0.0007315655115380682,152.80948058668022
12668400.0,325.30972068593604,1.1503558281542684e-11,96.73165199420652,0.002570373554965633,152.8571158797512
12672000.0,311.99342058976293,1.497928729918512e-11,96.72839049526429,0.001977768932109752,152.89053677676753
12675600.0,307.033087044426,2.1277499380670454e-11,96.73672266290542,0.0009831545096716328,152.93033064163146
12679200.0,327.6090244821942,1.0406470481843338e-11,96.73443693000874,0.0028194543274576806,152.97835550756977
12682800.0,309.91304273537037,1.5306546596946977e-11,96.7292493258135,0.0020621221862337424,153.01291807397456
12686400.0,306.1985836344471,2.161115869741046e-11,96.73695164940784,0.0012519019560009175,153.05095017392344
12690000.0,329.9234020612303,9.629129928483388e-12,96.73502399840464,0.0030944575903618806,153.09977297590717
12693600.0,308.0448634600055,1.55556848381475e-11,96.72572140565472,0.002208647133236856,153.13668804510274
12697200.0,305.39897080457297,2.1883852600754425e-11,96.73154597898821,0.0014995254024848903,153.17235452295304
12700800.0,331.9656132060818,9.314276867543808e-12,96.73110881364181,0.0033402408517568725,153.22124679993016
12704400.0,306.79585512291845,1.574341885988794e-11,96.72355701205318,0.0023000436995701374,153.2591084130049
12708000.0,304.3981718643771,2.1953463769954498e-11,96.73145821370596,0.0017291609451152753,153.29402795214324
12711600.0,333.6361643687069,9.253306508740838e-12,96.73367354442841,0.0035600091872519603,153.34314230500718
12715200.0,305.5578207691388,1.597398500198259e-11,96.72690182261265,0.0024301856161765426,153.38205009699124
12718800.0,303.25880457961154,2.1590653775574176e-11,96.73316645078029,0.0019742576898363127,153.41726013531846
12722400.0,335.1103981595078,8.95843964332264e-12,96.73695598064938,0.0037726761112045902,153.46674388990445
12726000.0,304.50019352130704,1.6057464875577173e-11,96.72840811553705,0.0025389197103311686,153.50672821315504
12729600.0,302.34897101685493,2.080118159502504e-11,96.73166001100392,0.0021766808506061427,153.5409052483759
12733200.0,336.301563199694,8.422069688304863e-12,96.73545413423368,0.003942865222758922,153.58819103987653
12736800.0,303.971885238134,1.594328434272806e-11,96.7256950050174,0.0025677417605524462,153.62924168455982
12740400.0,301.6358513571105,2.0093115821620983e-11,96.72835949588028,0.002299819464121941,153.6635595701643
12744000.0,336.99581772800843,8.115580815504018e-12,96.73264867821375,0.004050101052889449,153.71192867464288
12747600.0,303.90112591438105,1.5695898448387192e-11,96.72415975511457,0.0026039660962118086,153.7553222425983
12751200.0,300.6018441285492,2.0004606686721908e-11,96.72617126823727,0.0024231455725763564,153.78888551565876
12754800.0,337.3026737394258,8.09818670427702e-12,96.7338974199848,0.00411640005920239,153.8342056536297
12758400.0,303.8843674485798,1.5609232433290373e-11,96.72730091304966,0.002601304625389828,153.87844569143556
12762000.0,299.9896782517831,2.0542277771312547e-11,96.72807309676234,0.0025125502395778533,153.91103134331465
12765600.0,337.23361480789555,8.104262913773498e-12,96.73567317331431,0.004124781835689904,153.955053213075
12769200.0,303.85856099792517,1.5395708930029594e-11,96.7296290834786,0.002546519364528376,154.00045463696267
12772800.0,299.73703622527125,2.1329579980194203e-11,96.72784513572158,0.002566669818832574,154.03277614602976
12776400.0,336.903321691233,8.068148935549554e-12,96.73498527612006,0.004096106634306827,154.0766951020839
12780000.0,303.85563908108054,1.5147984618526342e-11,96.72658687603845,0.0024679674648418084,154.12368142568835
12783600.0,299.7940728550435,2.19364911037541e-11,96.7228354669188,0.002572278488243848,154.1555433173462
12787200.0,336.2736412449915,7.95992381105704e-12,96.73008266679533,0.004022658108300163,154.1980742367527
12790800.0,304.4068474234882,1.5108887336344562e-11,96.72586932261979,0.0023559173466874304,154.24538756877553
12794400.0,299.7673841188357,2.228910699102884e-11,96.72252909534274,0.0025496290280507127,154.27784822606088
12798000.0,335.25878926045874,7.796426380396319e-12,96.73208230214672,0.003914826118247296,154.31941274162406
12801600.0,304.61752120702624,1.5771927770555633e-11,96.72927758071418,0.002247112701374463,154.36789564280312
12805200.0,300.0418352724744,2.2276186209750157e-11,96.72509920327069,0.0025276794935898384,154.40251940785936
12808800.0,333.97103823171255,7.651501827214294e-12,96.73410044182955,0.0037677562573850357,154.44251858474337
12812400.0,304.8295394799764,1.6851231031979735e-11,96.73117355401051,0.0020990329864697126,154.49163821893993
12816000.0,300.72568940235425,2.2016481185589282e-11,96.72491680619513,0.0024509169703717114,154.52737277012685
12819600.0,332.4054023742538,7.633107022090164e-12,96.73117117555687,0.003571627426636191,154.56380351916434
12823200.0,305.4612525660073,1.782327209291386e-11,96.72977762961278,0.0019123426410620607,154.6126479819118
12826800.0,301.5736380491439,2.173041673243305e-11,96.72112824891032,0.002332299365738118,154.65062727591754
12830400.0,330.77082777452995,7.729931717007723e-12,96.72763362074453,0.0033590880644699655,154.68827583977307
12834000.0,305.9753523223069,1.8543055811838138e-11,96.7274848294757,0.0017593456271369733,154.73855546757576
12837600.0,302.32297102214625,2.1471425915575983e-11,96.72046407931366,0.0022395878588440943,154.77654599345152
12841200.0,328.8442690920774,8.021109476118077e-12,96.7283977415842,0.0031282666330550994,154.81152369748503
12844800.0,306.3821952818308,1.9152557354414635e-11,96.73057126093464,0.0015760056735942773,154.86077847669642
12848400.0,303.56123204884904,2.1211471799388096e-11,96.72331502587376,0.0020972808449903515,154.89912691692743
12852000.0,326.54899181231815,8.359309141082561e-12,96.72925014958669,0.002865742157468853,154.93304135805252
12855600.0,306.6794360818141,1.9655714247415764e-11,96.7328528889578,0.0013396056088577656,154.98175803582507
12859200.0,305.1830431504456,2.075042797037994e-11,96.72370677260398,0.0019462339132919643,155.02124829642395
12862800.0,324.1360328660028,8.826901202860245e-12,96.72768766808007,0.002605721205444629,155.05576805436363
12866400.0,306.7735519972991,2.0061467136662512e-11,96.72992560488599,0.0010800377931718694,155.10302076360958
12870000.0,307.1118893107792,1.9940108537184007e-11,96.72096886276596,0.0018323430357970979,155.14416467524435
12873600.0,321.86980027954144,9.559056921018283e-12,96.72244037071137,0.0023627839754733495,155.1780957457895
12877200.0,307.03246860104485,2.0193396452616105e-11,96.72847551492983,0.000841786645549786,155.22478497674027
12880800.0,308.8593780748991,1.891880318473033e-11,96.72022049617274,0.0017709762183335048,155.26661217483604
12884400.0,319.52934209116074,1.0486521470031044e-11,96.72421866435339,0.002151924384425499,155.3001839348614
12888000.0,306.7121421514758,2.0503169397774013e-11,96.73117490258068,0.0006167682044018269,155.34698120753723
12891600.0,310.89519082915126,1.7664675275298207e-11,96.72411209139818,0.001772125930284301,155.39124679180304
12895200.0,317.11499110218335,1.1579302197392928e-11,96.72568134835953,0.0019656963576800807,155.4241879253112
12898800.0,306.3216088476877,2.0923707651716998e-11,96.73222497459656,0.00038377443133788574,155.4698318686165
12902400.0,313.10830373538533,1.6415617043626035e-11,96.7253006089789,0.0018436718870292793,155.515534751379
12906000.0,314.76740026236723,1.2864132740201484e-11,96.72256673769648,0.0018369829694106549,155.54654679449558
12909600.0,306.1611610378506,2.129682062181962e-11,96.73019869392489,0.00022077183559817556,155.59036146741667
12913200.0,315.1378038100805,1.5297149774725698e-11,96.72209984788746,0.0019286154598900968,155.63860608528475
12916800.0,312.879711192887,1.3979373209745218e-11,96.7189687775804,0.0017899833105811842,155.67195772075996
12920400.0,305.56633529434475,2.1720770216260312e-11,96.72689021640616,0.00028623199300341167,155.7164331356976
12924000.0,317.0875816595321,1.4060560901936259e-11,96.72218739487306,0.002111996355354469,155.76380434264902
12927600.0,311.01644458930315,1.4896824123229455e-11,96.72045143910279,0.0017596975797822066,155.79632584296456
12931200.0,304.88221962565456,2.215562512035547e-11,96.72912491884826,0.0004571083576847711,155.8385170742492
12934800.0,319.09051287256494,1.2849667408057254e-11,96.72518292106841,0.002293167778699805,155.88591419999267
12938400.0,309.0073040397102,1.5481569543319632e-11,96.72168812567627,0.0017717900650740677,155.91880256437184
12942000.0,304.2143785816793,2.2543010133080087e-11,96.73049886839122,0.0006733186109639361,155.9593552637393
12945600.0,321.1350886602312,1.178036310843209e-11,96.7266331929521,0.00250354464130073,156.00701224720513
12949200.0,307.02533197954915,1.587053990073351e-11,96.71988215435142,0.0018494135072662239,156.04225199032737
12952800.0,303.46837538978394,2.2935956047355633e-11,96.72646650412325,0.0009259681668650081,156.08038716983484
12956400.0,323.2690052742484,1.1060131686664527e-11,96.72370490109914,0.0027506066660764046,156.12934508206206
12960000.0,305.617261478445,1.6140459034405746e-11,96.7158495137715,0.0019296664164772965,156.16545465193283
12963600.0,302.72700597179113,2.3154407427810174e-11,96.72440777265005,0.0011224485053187405,156.20210891546387
12967200.0,324.94141180291285,1.0800699240317167e-11,96.7233359784125,0.002948253166378583,156.25122553375783
12970800.0,304.2390051657153,1.6559684377115826e-11,96.71821615747334,0.002042861247505659,156.28814749247158
12974400.0,301.56702766202,2.3161397525421858e-11,96.72622733229925,0.0013642279255390256,156.32491068612222
12978000.0,326.635980224275,1.0546062944036818e-11,96.72760397649886,0.003184947817162602,156.3748118743962
12981600.0,302.91571748486274,1.695727870236385e-11,96.72025964164929,0.002167371391655217,156.41279269328396
12985200.0,300.56582704659394,2.2616552892771668e-11,96.72652417428873,0.001588070198671521,156.4491193588328
12988800.0,328.1746442238776,9.965682063765285e-12,96.72850408525288,0.003402071210987577,156.49811360690398
12992400.0,301.90973554879287,1.706991500162597e-11,96.71830948227867,0.002259111778548228,156.5355943893097
12996000.0,299.78198754915,2.1765009671714547e-11,96.72407079560101,0.0017397997127147073,156.57069085170275
12999600.0,329.2202416690105,9.412250184290906e-12,96.72501544663422,0.003546626796428734,156.62067478003354
13003200.0,301.46851794691065,1.6738680266091278e-11,96.71598747663121,0.0023231277334407785,156.661372682313
13006800.0,298.6257410650644,2.1205502664192096e-11,96.7198390426644,0.0019018043226861564,156.69652934847218
13010400.0,330.21721843185225,9.06358054353437e-12,96.72495037456343,0.0037123756643770377,156.74487817874453
13014000.0,301.1630757066771,1.6528095076490227e-11,96.71757831350726,0.002384116551958408,156.78575693324402
13017600.0,297.5971934042421,2.125641101425093e-11,96.72181608197617,0.002039286239592231,156.81951170595676
13021200.0,330.83019536401406,8.947608423860905e-12,96.72747453565047,0.0038197152016890717,156.86631713505355
13024800.0,300.742010581011,1.6453140111938015e-11,96.71990603789068,0.0024152112129574954,156.90822353886915
13028400.0,296.8798502102962,2.1788619124168803e-11,96.7226862643841,0.0021563042782936793,156.94114239128874
13032000.0,331.2188912401654,8.942280319853832e-12,96.72818196541316,0.0038860468836114637,156.987316883778
13035600.0,300.3076366949926,1.6343665347783867e-11,96.71898146345232,0.0024194864734675375,157.03152331759685
13039200.0,296.40774883223844,2.2496022919418386e-11,96.71884052494752,0.0022646872276082418,157.06380614432882
13042800.0,331.5612408753174,8.982736154454135e-12,96.72424817089585,0.003939114556091861,157.10955651764039
13046400.0,300.4534102608812,1.6006824953103287e-11,96.71575459353083,0.0024057349889556965,157.15448885734867
13050000.0,295.8721446217147,2.305048992146559e-11,96.71631978939915,0.002308077720578039,157.18558596559407
13053600.0,331.40559122868007,9.020263589203209e-12,96.72371221256545,0.0039355183901066335,157.23098329233503
13057200.0,300.47191739927393,1.5981080096884032e-11,96.71849851318335,0.0023794006499886695,157.2770140120325
13060800.0,295.2800129627825,2.3260729033940632e-11,96.71831275072047,0.0023877546386730174,157.30949266868984
13064400.0,331.1645016070027,8.899941447486224e-12,96.72733449275765,0.003931647273763829,157.3538119542206
13068000.0,300.4429350593343,1.644868411318172e-11,96.72141730169736,0.0023430714132360595,157.40122873872522
13071600.0,295.0380062501799,2.3148767138046303e-11,96.71891721887239,0.0024233621082620674,157.43489093735906
13075200.0,330.7056791787521,8.725738916778773e-12,96.72718777649219,0.0038868892437219963,157.47661153389618
13078800.0,300.6882776041098,1.7192232522435943e-11,96.71995306619267,0.002271135212495635,157.52336235853855
13082400.0,295.0855684821419,2.307037359942282e-11,96.71665823546371,0.0023975938955779334,157.55732537597774
13086000.0,329.81877493480755,8.664763099502589e-12,96.72293826337389,0.003771078923644771,157.5993148825099
13089600.0,301.2602646974136,1.7710090369177564e-11,96.71818480554577,0.002186338623844807,157.6487338776149
13093200.0,294.8209954657903,2.3329224235925446e-11,96.71309996657953,0.002393492665544936,157.68397489182277
13096800.0,329.07118762572856,8.591263148202603e-12,96.72227894933839,0.0036897315501417476,157.72365398752135
13100400.0,301.7519924502616,1.801075092554431e-11,96.71970844875278,0.002113574169632895,157.77275493262692
13104000.0,294.877715436273,2.3835660335559843e-11,96.71512832476259,0.002346710399209276,157.8072975835689
13107600.0,327.7820489970166,8.668494196783863e-12,96.72401956709547,0.003541352967249812,157.84558150872863
13111200.0,302.1033163665687,1.8114636913980914e-11,96.72258486915909,0.0019851714047392577,157.89431772569057
13114800.0,295.37802615382395,2.424086408361298e-11,96.71628746779608,0.0022657240119213365,157.92948853761914
13118400.0,326.2608803699215,8.742723605978342e-12,96.72394531036409,0.003357373501619374,157.96727193690492
13122000.0,302.3062421826028,1.838449624669336e-11,96.72209673702693,0.0018255403046409518,158.01641633918214
13125600.0,296.2789894974354,2.4368568125761997e-11,96.71391031282748,0.002161436303616877,158.05309794969423
13129200.0,324.78893286264287,8.797178562634977e-12,96.71924275542956,0.0031806919033045633,158.09011618816456
13132800.0,302.8384139569276,1.8764077624502776e-11,96.71851574835847,0.0016741641855045177,158.13912943972676
13136400.0,296.97187382544354,2.4347334038693416e-11,96.71144699347477,0.0020403578972383496,158.17505776626564
13140000.0,323.10026023728636,8.937437375431042e-12,96.71850635289799,0.0029817326157546144,158.21187274810183
13143600.0,303.01700506903387,1.937659235702844e-11,96.72121792657856,0.0015309986450345273,158.26126388261
13147200.0,297.80840995696695,2.3929069616107773e-11,96.71425568584084,0.0019514883603018384,158.2994110743695
13150800.0,321.38136478321604,9.13247741342457e-12,96.72137744495153,0.002791040488158342,158.33495054241592
13154400.0,303.01982945730447,2.0033613235912356e-11,96.72402089398683,0.0013651201425383312,158.38471106110788
13158000.0,298.9760529718434,2.3111623068742497e-11,96.71583975916471,0.001843742428585449,158.42506752664184
13161600.0,319.5674404652519,9.507395267913042e-12,96.72051296218741,0.0025893703312609502,158.4581617196924
13165200.0,303.1868521976645,2.060829207683078e-11,96.72224882646852,0.0011934324074809456,158.50598323936836
13168800.0,300.2975170055727,2.2177871801724265e-11,96.71336521557636,0.0017246985157802924,158.5475890554893
13172400.0,317.6945033903127,1.016635321461864e-11,96.71575852436226,0.0023657431234020247,158.58156442749095
13176000.0,303.407853312998,2.1098965558154433e-11,96.72000633220995,0.001043055854198299,158.63112811164942
13179600.0,301.31893609644544,2.1357603729275348e-11,96.71136104839343,0.0016647942114686525,158.67432540740987
13183200.0,316.1585445611007,1.085219905101466e-11,96.71528781449247,0.0022021112958172996,158.70696152002932
13186800.0,303.35276885781957,2.172510360266774e-11,96.72112235866764,0.0009071893103782343,158.7551091789016
13190400.0,302.5291483067205,2.0636509098359133e-11,96.71396095619879,0.0015918247272426141,158.79747962139675
13194000.0,314.2053995426288,1.1657451236178851e-11,96.71685416149681,0.002005796477538186,158.82963566030685
13197600.0,303.2442415214463,2.2196519095137395e-11,96.7235058445414,0.0007211859144278157,158.87617033633117
13201200.0,304.0851931078992,1.97141014201784e-11,96.71556967075044,0.0015410448900961436,158.9194732862069
13204800.0,312.12063618904693,1.246744465301295e-11,96.71664784031168,0.0018211303680780023,158.95222704204915
13208400.0,302.97411024315204,2.2496771760700317e-11,96.72242564876412,0.0005020409188511383,158.99720283344197
13212000.0,305.9398212816608,1.8561372792148123e-11,96.71441494415946,0.0015672613991239211,159.04269066726724
13215600.0,310.2715201898768,1.3278272868116e-11,96.71190797881994,0.0016816943724813763,159.0758600835118
13219200.0,302.8739791908906,2.254773767160773e-11,96.71842302901639,0.00031700304636283637,159.11952477609265
13222800.0,307.4686148041668,1.7512482574279117e-11,96.71159734599499,0.0016203739775729165,159.16469835472498
13226400.0,308.5077952458958,1.418556045438447e-11,96.71145060499846,0.0015740606696219431,159.19818149522445
13230000.0,302.31267338022303,2.2807976424829278e-11,96.72045360802271,0.00013079838765907623,159.24213524036745
13233600.0,309.06265210594955,1.6562875319373747e-11,96.71516050564136,0.0017302436210232283,159.28869706560056
13237200.0,306.76175888166625,1.5274618832372437e-11,96.71407544580049,0.001524749169551907,159.32184486322367
13240800.0,301.63344865959937,2.316843962982477e-11,96.72257976531515,8.589818011766253e-05,159.36570203340327
13244400.0,310.7896715534203,1.5694741083045227e-11,96.71744092226103,0.001882891480056794,159.41373919595347
13248000.0,305.07279604801295,1.6490099259528022e-11,96.71372300371969,0.0015171346943528364,159.44593299403144
13251600.0,301.1008294848781,2.342785597102155e-11,96.72013969369998,0.0002664390534923149,159.48699209169604
13255200.0,312.41364939141243,1.4821968325100666e-11,96.71471248566628,0.0020341880433746946,159.53604035864538
13258800.0,303.6561232624985,1.7493431349546386e-11,96.70914330312205,0.0015235625738134956,159.5700313963374
13262400.0,300.5139955428544,2.3537001288416403e-11,96.71711446014832,0.0004185337479762854,159.6124264727815
13266000.0,313.81988929655404,1.3786703067317246e-11,96.71349250136481,0.0022157196291611174,159.66210016092575
13269600.0,302.6401746288791,1.7833449981624457e-11,96.70921694709928,0.0015959044821558124,159.69589539567465
13273200.0,299.6128874930893,2.3838168677194457e-11,96.71791736131355,0.0005746191311571842,159.73639191521985
13276800.0,315.09327373828796,1.2837532138663811e-11,96.71620455631259,0.0023776298991357867,159.78478254360618
13280400.0,301.3595447213491,1.7990523995389615e-11,96.71123958588173,0.001638585870380791,159.81906965274865
13284000.0,298.8469413030252,2.4167622220166808e-11,96.71968648930701,0.0007460018423587986,159.8577412538979
13287600.0,316.4628311612188,1.2033966842015933e-11,96.71802760943554,0.0025495196128464477,159.9060646414836
13291200.0,300.0016105415853,1.805405704388e-11,96.71152802165699,0.001696906500918082,159.94219972443645
13294800.0,298.10160195579545,2.460741040880535e-11,96.71780333744285,0.0009413464864088761,159.979123443982
13298400.0,318.0088519191584,1.1561547572324658e-11,96.71663857827025,0.0027501152634967583,160.02884187323275
13302000.0,298.9968180762204,1.8104788138627692e-11,96.70734974506011,0.001795167013830957,160.06619325484712
13305600.0,297.4358996882162,2.492027104651643e-11,96.71336632940209,0.0010789465755763818,160.1014278706657
13309200.0,319.1417739031872,1.1560279366272726e-11,96.71355714548484,0.002890554219635797,160.15074104070075
13312800.0,298.19232823779146,1.8250892233177174e-11,96.70748138994068,0.0018602881298954118,160.18877552549938
13316400.0,296.40730300163784,2.5016866554154282e-11,96.71498074280805,0.0012533821143706184,160.2244067039716
13320000.0,320.2726382199597,1.1612079657159454e-11,96.71745965181687,0.0030618299287707117,160.27392425997786
13323600.0,297.29614846066636,1.848297889642329e-11,96.71031819256969,0.0019550969275806654,160.31271668947545
13327200.0,295.4610838769814,2.4538206800398858e-11,96.71671053762587,0.0014213183414762394,160.34886959520557
13330800.0,321.2869333147899,1.12832420448097e-11,96.71940269711611,0.003222278341338957,160.3985025048682
13334400.0,296.52959729512656,1.857599197083063e-11,96.71043378892344,0.002045229912786785,160.43688050542337
13338000.0,294.70593629815005,2.367899038695768e-11,96.71441180299053,0.0015477296928437386,160.4715341216018
13341600.0,322.03079469012675,1.0740618361884596e-11,96.71625191146855,0.0033339431158921112,160.52044588880702
13345200.0,296.23221913193925,1.838986416808807e-11,96.70746835459904,0.0020725995115043394,160.56127516462794
13348800.0,293.8292113458651,2.2943708877845925e-11,96.71043900544578,0.0016523112722951095,160.5967076428242
13352400.0,322.70906522347417,1.034605785797758e-11,96.7150154121099,0.003458486610240545,160.64589319122427
13356000.0,296.1622476175694,1.802034279585354e-11,96.70687561290958,0.002130425326069519,160.68709077114264
13359600.0,292.7544923527349,2.2933346891541143e-11,96.71135257724124,0.0017561534924454612,160.7211701212734
13363200.0,323.052151862816,1.0214158140876063e-11,96.71740221944282,0.0035394019190423064,160.7681995755289
13366800.0,295.91340890061457,1.7909305038310152e-11,96.70960422436619,0.0021555270901322085,160.81016082470612
13370400.0,292.0265829746548,2.3399866606447555e-11,96.71295348538034,0.0018504735889430398,160.8432022919341
13374000.0,323.29654430594536,1.0170061835234573e-11,96.71861802801791,0.003595754613375391,160.88952945597867
13377600.0,295.58412521581795,1.78111292532169e-11,96.71085861010053,0.0021542347493117764,160.93316087392566
13381200.0,291.5114418869972,2.4166030475901797e-11,96.7111298957252,0.001944833755859807,160.965689505982
13384800.0,323.63747027494344,1.021542702485614e-11,96.71650612210372,0.003654870406607541,161.01244990918968
13388400.0,295.48378004490036,1.757326114150962e-11,96.70657789892786,0.0021708702426755594,161.0570904482493
13392000.0,291.02104002198206,2.4847757517755152e-11,96.7064259964641,0.00198418323611586,161.08803922909163
13395600.0,323.56774661234977,1.0363125844805495e-11,96.71317464005105,0.003658961960674407,161.13426446664445
13399200.0,295.60351584324724,1.738123349795496e-11,96.70760168754387,0.0021461792899312004,161.179414439033
13402800.0,290.29554315467414,2.5225108968835205e-11,96.70801209444458,0.0020599862854337033,161.2115558474263
13406400.0,323.5256904955071,1.0381255892823625e-11,96.71681183026391,0.0036855620810255806,161.25691919822515
13410000.0,295.4837147273824,1.762890400355901e-11,96.71068012715163,0.002152090068224154,161.30325052759298
13413600.0,289.79169610144083,2.5121492531414347e-11,96.71000838562932,0.0021183939796819303,161.33688765317686
13417200.0,323.3350851075941,1.0257617718717223e-11,96.7181827061491,0.0036841659477930538,161.381160220878
13420800.0,295.4406399510869,1.820301861409748e-11,96.71070005513538,0.0021375571060262273,161.42711460739926
13424400.0,289.5240869828379,2.4895907110295948e-11,96.70847153938213,0.0021287413598041934,161.46045740988907
13428000.0,322.84463377498264,1.0163675195535826e-11,96.71442982602079,0.003628042947823176,161.50309400900332
13431600.0,295.87446775897587,1.8677623365697155e-11,96.7088765467067,0.002082327676782784,161.5510218085641
13435200.0,289.0972110296569,2.4951026692795767e-11,96.70401036976271,0.0021445145447330245,161.58589088687677
13438800.0,322.5274683873403,1.0053182045808586e-11,96.71284371895365,0.0036090493392107346,161.6286502633142
13442400.0,296.3015734739325,1.878270320483251e-11,96.70779140123896,0.002073454815654693,161.67684604677012
13446000.0,288.54890683053725,2.561583805937892e-11,96.70514252670179,0.0021611842868948703,161.71059333214802
13449600.0,321.80506415718,1.0109610480488339e-11,96.71479412912419,0.0035393259536117038,161.75126136096358
13453200.0,296.5647454648331,1.864822629757033e-11,96.71086463206784,0.0020159727340137864,161.79942403436337
13456800.0,288.49485987932013,2.630811536315994e-11,96.7071540756502,0.0021385167424334437,161.8331517081584
13460400.0,320.9207311016341,1.0156587162376555e-11,96.71548167077172,0.0034425563853728216,161.8730247169596
13464000.0,296.7297602487477,1.843809667158896e-11,96.71239436967515,0.0019269632472653031,161.92192413621265
13467600.0,288.72577524162074,2.686736229110945e-11,96.70580387156552,0.002099168436733499,161.95629523902755
13471200.0,320.0899557511353,1.0096680294340025e-11,96.71275948343859,0.003350297531319516,161.99646867755249
13474800.0,296.9679139783134,1.8484503283320383e-11,96.70806284544271,0.0018494491579284058,162.04552193063464
13478400.0,288.92048688957453,2.722840969359141e-11,96.70159826461808,0.002022083163847439,162.0788991010864
13482000.0,319.0575928908317,9.987969770463982e-12,96.70929179981948,0.003232799262314093,162.1185070144028
13485600.0,297.3384496509693,1.8875380573314852e-11,96.70929070840333,0.0017731258166445011,162.16757866997406
13489200.0,288.93614550697095,2.737247049555128e-11,96.70316557644603,0.001991703294542667,162.20266698856574
13492800.0,318.08456973843823,9.846116875901225e-12,96.7125446712536,0.0031379302557121153,162.24118772502615
13496400.0,297.3449930309515,1.9698887760588803e-11,96.7122506156328,0.0016999725897697971,162.29121864731925
13500000.0,289.2665724264476,2.7088940719213554e-11,96.70569996891824,0.001941309404633976,162.32841542283649
13503600.0,316.99196641572644,9.819706826890737e-12,96.71338419498244,0.003013861730572788,162.36545545648545
13507200.0,297.3831771972119,2.064103372328806e-11,96.71189800752083,0.0016098779365225908,162.41473628961162
13510800.0,289.7744212919089,2.663340466228779e-11,96.7047316239945,0.001860350468076692,162.4521383299305
13514400.0,315.69700498486026,1.0027618694690814e-11,96.7091625239935,0.00284767603854958,162.48767879959706
13518000.0,297.8520857536853,2.1351226738120276e-11,96.71045154692514,0.0015239508831878395,162.53797028248886
13521600.0,290.04434746168744,2.6288130857579452e-11,96.70064966798343,0.0017922457270471753,162.57790313238655
13525200.0,314.83260097731414,1.0276295561566015e-11,96.70749781340442,0.0027445908784687334,162.61389292532593
13528800.0,298.07632744116404,2.1923570417410106e-11,96.70886810315183,0.0014826460440766497,162.66409105620306
13532400.0,290.26084878598436,2.630950189860972e-11,96.70176045172005,0.0017396733062983484,162.70254930087287
13536000.0,313.50314214027185,1.0693430684122398e-11,96.70935607145347,0.002597568864611955,162.73716456157675
13539600.0,298.23220981031886,2.2398560757389427e-11,96.71180732753292,0.0013900914157047057,162.78625447196504
13543200.0,290.87897321063036,2.6279718395475976e-11,96.70416838202472,0.001642260532331838,162.82522760945386
13546800.0,312.0161969325038,1.1036803762140339e-11,96.70976512302678,0.0024280850467738456,162.85931180991292
13550400.0,298.2959724618515,2.273821193138427e-11,96.71314543380558,0.0012672992188023926,162.90827780468936
13554000.0,291.7729311785663,2.610038449117027e-11,96.70350254940247,0.0015255422295864453,162.94849473716198
13557600.0,310.6255420524412,1.1434236707074566e-11,96.70672399410218,0.0022706198262616942,162.98325196741177
13561200.0,298.38127886760117,2.2920903649923508e-11,96.70875976315372,0.0011483238160025643,163.0311355573204
13564800.0,292.5483572145782,2.5789193621271026e-11,96.69999153995428,0.0014367483121733918,163.07102237537032
13568400.0,309.2543540467308,1.199024457649254e-11,96.70330456651587,0.0021131042732044744,163.10567588149743
13572000.0,298.4783008050831,2.3002396336280424e-11,96.7095226752245,0.0010589496344795828,163.15381444049834
13575600.0,293.2289682648642,2.5251965857429677e-11,96.70141621559979,0.0013750448015185277,163.19491548075925
13579200.0,307.89801592435543,1.2547941509316728e-11,96.70643998871196,0.0019770851134880466,163.2287536590032
13582800.0,298.17909395643693,2.3290310283049243e-11,96.71224050675536,0.0009483287478475492,163.27728174622473
13586400.0,294.1055163505142,2.4430223775239776e-11,96.70439499621003,0.0013141964230444284,163.3206285152711
13590000.0,306.50352575096514,1.3174685594804437e-11,96.70720726204817,0.001836211524328469,163.35351617074988
13593600.0,297.9337128275413,2.3655822164029328e-11,96.71147370388327,0.0008252950886612269,163.4003856437442
13597200.0,295.1190764616135,2.3522737903527008e-11,96.70340194331703,0.0012720150999365877,163.44417250158023
13600800.0,305.0551707346656,1.4017005502200676e-11,96.70277198354482,0.0016897638215507523,163.47610427821252
13604400.0,298.04346023603676,2.3948469239196677e-11,96.70970553414091,0.0007577615122447618,163.52374789436263
13608000.0,295.80159335903494,2.2734170022003594e-11,96.69996527434574,0.0012457481579068361,163.56997104790648
13611600.0,304.1491418441523,1.472269116855515e-11,96.70124709587387,0.0016102021051575854,163.60278926168505
13615200.0,297.78537101722384,2.438352519099881e-11,96.70787218010561,0.0006908532706522603,163.65010610233722
13618800.0,296.4489647195419,2.2116675409669913e-11,96.70122642671915,0.001250612488841056,163.6944122653843
13622400.0,302.90734167229044,1.5503453070723107e-11,96.70331675897506,0.0014935707023250634,163.7265783047214
13626000.0,297.53563952270054,2.48186696712888e-11,96.71047172674206,0.0006061797070594649,163.77223980249775
13629600.0,297.34634096871366,2.1356596352039604e-11,96.70360934134658,0.0012439916841511514,163.81699387723802
13633200.0,301.49100383500644,1.615568732993862e-11,96.70385895011762,0.0013782485998827731,163.84922068068406
13636800.0,297.26671523373267,2.5098717133496028e-11,96.71142315092081,0.0005069160449483826,163.89399493626638
13640400.0,298.4372055883298,2.0481452850078453e-11,96.70365358144468,0.001278777184455064,163.9399538203682
13644000.0,300.13796222975265,1.6718434341150903e-11,96.70058935299633,0.0012921375959068784,163.9734250664878
13647600.0,297.05330477969153,2.5181368550778394e-11,96.70673930543238,0.0004205196490112785,164.01656622261743
13651200.0,299.42677315418507,1.970171588993484e-11,96.69983686743527,0.001349418231818686,164.06248586693678
13654800.0,298.9842646260646,1.731977728951024e-11,96.69756351529035,0.0012138589984644122,164.09621941436353
13658400.0,296.72991379168764,2.526781406240748e-11,96.70727996704537,0.00036731480670563213,164.13949581489928
13662000.0,300.2300993358947,1.9128337623614736e-11,96.70158929854695,0.0014151910700665679,164.18625165334956
13665600.0,297.851958712188,1.8150730490959955e-11,96.70066042151119,0.0011893520931326928,164.21956699537316
13669200.0,296.07380158295877,2.5575083755722336e-11,96.70969165804368,0.0002947602763387472,164.26339842246406
13672800.0,301.19632899466427,1.8595504485752543e-11,96.70475113928363,0.0015190396016746164,164.3117224576939
13676400.0,296.6757146811642,1.9226388087815323e-11,96.70177789876216,0.0011759191337785756,164.34480160762033
13680000.0,295.5158114533233,2.5864933813809237e-11,96.70849068761213,0.0002872330024122364,164.3867681668237
13683600.0,302.2186648906246,1.799372573051907e-11,96.70351650089263,0.001640595872920084,164.43507222295128
13687200.0,295.5887449591808,2.0280676041689056e-11,96.69756187536692,0.0011500552264385867,164.46780905450888
13690800.0,295.24890863596175,2.5981219070764623e-11,96.70638311171543,0.0003317947575046305,164.51041802905746
13694400.0,302.8986423785729,1.7246990041301867e-11,96.70042031519347,0.0017282422924618283,164.56068003128715
13698000.0,295.0142810901721,2.0684924986778778e-11,96.69600277954585,0.0012092201081098932,164.59461209240862
13701600.0,294.5872012996988,2.6224713841531945e-11,96.70445284161991,0.0003274022933042138,164.63671412905467
13705200.0,303.49269927179233,1.6471168486864377e-11,96.70167815837155,0.001829348588332281,164.68497985807127
13708800.0,294.180305110157,2.0901818995596275e-11,96.69831127835113,0.0012103909310883481,164.71865997469172
13712400.0,294.02352665815636,2.658156275381736e-11,96.70678440336637,0.00038482130306458334,164.75906036829187
13716000.0,304.23141570997814,1.567187445212121e-11,96.70397319961062,0.001928763672998748,164.80739436176646
13719600.0,293.15547620940004,2.094212598333604e-11,96.69927241297844,0.001220516375961205,164.84164930475308
13723200.0,293.5136397536299,2.7016306353237685e-11,96.70739009526848,0.0004797311166048427,164.88105693175132
13726800.0,305.1272269587901,1.508498351979427e-11,96.70411565799175,0.0020539805946729853,164.9300802449401
13730400.0,292.16418889267425,2.09973226492403e-11,96.6958379089392,0.0012829148658207875,164.96600647942836
13734000.0,293.08560512001674,2.7371693847828217e-11,96.70239115917177,0.000570040167531838,165.00375605698002
13737600.0,305.8903558545817,1.492662751036974e-11,96.69983247268767,0.0021562065433620606,165.0528044548148
13741200.0,291.5351287217705,2.1119089602928392e-11,96.69333381700838,0.0012959645643568214,165.08900367433355
13744800.0,292.511350768809,2.7553130434743943e-11,96.70282204245343,0.00063613198514366,165.126788989531
13748400.0,306.4885810632734,1.5068881187599238e-11,96.70189794008218,0.0022535885614395584,165.17628788295485
13752000.0,290.75845481701737,2.1574634215428356e-11,96.6965239907677,0.0013595739734059236,165.21253651618392
13755600.0,291.6982464109458,2.7485229660823892e-11,96.70504880240924,0.0007315803511897768,165.25108508078625
13759200.0,307.1420761691151,1.5040185243533153e-11,96.70495726582365,0.002374953102035865,165.30159202333738
13762800.0,289.9633105921271,2.2129174535516428e-11,96.69781894479098,0.0014315962685735382,165.33792281266662
13766400.0,291.0227844367223,2.7060972875226345e-11,96.70381851620016,0.0008322018203497637,165.3753376349511
13770000.0,307.8269744478996,1.4567657296080776e-11,96.70343825426183,0.0024907984228249593,165.42475522277218
13773600.0,289.3850582396177,2.243706823987295e-11,96.6941360499857,0.0014478467272289342,165.46117244602715
13777200.0,290.5491536764602,2.6514384303534315e-11,96.70137545914916,0.0008773634624098738,165.4990851425524
13780800.0,308.2122338312095,1.3913330691508542e-11,96.70042077232384,0.0025711836521664228,165.55030254121866
13784400.0,289.19467261182723,2.217527529272227e-11,96.69246718393254,0.00151167301579822,165.58804652829946
13788000.0,289.67551231835574,2.6353717958955035e-11,96.69939937686094,0.0009189407242197585,165.6252859289541
13791600.0,308.52056248817496,1.3393062245495832e-11,96.7016004709848,0.002655585027320536,165.67448236842665
13795200.0,288.8123514248491,2.1999764019221042e-11,96.69495059747271,0.0015397577092370772,165.71212858689938
13798800.0,289.0287449074418,2.661114147179161e-11,96.70170177162612,0.0009833535844831086,165.74806733754727
13802400.0,308.86530343448146,1.299488336461405e-11,96.70370369636962,0.0027338759619783986,165.796813327823
13806000.0,288.2315453046636,2.1940863355854002e-11,96.69634876773748,0.001563232702397994,165.83523254458947
13809600.0,288.5040530860756,2.7236936067794133e-11,96.7021437076899,0.0010644428935176265,165.8704480055706
13813200.0,309.34041587093196,1.2903887696809129e-11,96.70356830478184,0.0028162900068234844,165.91960228671917
13816800.0,287.6033099926868,2.20082051073395e-11,96.69269847509915,0.001618824848346779,165.95967187425677
13820400.0,288.0901968233927,2.7896528874723007e-11,96.69703696565365,0.0011299074216941153,165.99344401897068
13824000.0,309.71996278057225,1.322208741568072e-11,96.69898914283019,0.0028777078627597215,166.04250458712755
13827600.0,287.4270145584828,2.1926730322154293e-11,96.69082848476798,0.0016216252028830856,166.08267568558048
13831200.0,287.4405081921701,2.8293199318113073e-11,96.69733544953242,0.0011827364067537596,166.11650761934618
13834800.0,309.96888848115395,1.3705899489826835e-11,96.70118379255713,0.002936828273564238,166.16577259023813
13838400.0,286.98842650916293,2.202311007342906e-11,96.69401076264721,0.0016719286559077223,166.20629092808164
13842000.0,286.69235170863294,2.8078081628405407e-11,96.6995960955293,0.0012709672941415174,166.24121989744168
13845600.0,310.24006526695223,1.381052115541112e-11,96.70405054130924,0.003009663291471802,166.29097252904867
13849200.0,286.4937016319168,2.2146226826577638e-11,96.69531997973867,0.001717956788516062,166.3317010283309
13852800.0,286.12894734691366,2.7293733429748714e-11,96.69858847031078,0.0013447136816992478,166.3661804854493
13856400.0,310.51267379741137,1.3409515051973953e-11,96.7022076045032,0.0030753357516616255,166.414130255556
13860000.0,286.30344631085114,2.2087759403184827e-11,96.69218807175649,0.001710155829311029,166.4549690815709
13863600.0,285.69202233130494,2.6482559632913716e-11,96.69581370429083,0.0013639108486545354,166.48998584321666
13867200.0,310.568158512249,1.3017747893195867e-11,96.69914199242027,0.0031132482716676735,166.539678454929
13870800.0,286.3745058020681,2.175908480378886e-11,96.69027419825984,0.0017398687407590425,166.5819134363297
13874400.0,284.84892769952563,2.626486382935765e-11,96.69399786319778,0.0013992489154054223,166.61637675472124
13878000.0,310.52874329945706,1.2841885644436455e-11,96.70025521147325,0.0031525122290346243,166.66381861589545
13881600.0,286.2921330836086,2.163844355593561e-11,96.69291416145428,0.0017514795139676872,166.70598127184869
13885200.0,284.2796888492678,2.6647582263339656e-11,96.69634875765095,0.0014368050471513186,166.7394727775115
13888800.0,310.4346488863207,1.2733498615001246e-11,96.70210733099265,0.0031765128927942437,166.7863624744217
13892400.0,286.0148439908998,2.1596976468490995e-11,96.69457919804826,0.0017420811865525077,166.82906468883036
13896000.0,283.880611018213,2.7448540364889576e-11,96.69668458820833,0.0014778493206476459,166.86207666190035
13899600.0,310.4634786900337,1.2787646220997733e-11,96.70166633563476,0.0032056794620417568,166.90951649555495
13903200.0,285.63304107595394,2.1580196536764574e-11,96.69081168359389,0.0017528593139515577,166.95353931993492
13906800.0,283.593736509442,2.8266958466694553e-11,96.69167554123075,0.001504813852564355,166.98541106214938
13910400.0,310.41970541592514,1.3069469233718548e-11,96.69692754568845,0.0032159268722126984,167.03256459325368
13914000.0,285.7226379431409,2.1376466043126622e-11,96.68934572686535,0.0017303178632011862,167.0764655886122
13917600.0,283.0548120105602,2.881675238895406e-11,96.69188832928135,0.0015249520390768507,167.10854642336207
13921200.0,310.291439106245,1.3426201028149955e-11,96.69913988696922,0.0032315903093793306,167.15576250570822
13924800.0,285.4730664297532,2.151486592536083e-11,96.69232294590404,0.0017529416957015006,167.20018820702467
13928400.0,282.45990093604206,2.877615689945841e-11,96.69434663091225,0.0015836251761210513,167.23365794509584
13932000.0,310.2065672742619,1.3550546342861988e-11,96.70183004174191,0.0032549896424636676,167.28089745394098
13935600.0,285.16112213268156,2.1872657381336686e-11,96.69368051500874,0.0017666906271995113,167.32557059226116
13939200.0,282.0441676463083,2.825483367334517e-11,96.69360239740455,0.001620887834868714,167.35902113663974
13942800.0,310.12266190624183,1.3395329335694648e-11,96.69972599146736,0.0032707285486905267,167.40410072012764
13946400.0,285.1896171745763,2.211255966866624e-11,96.69095765393288,0.0017385058742377631,167.44873287710547
13950000.0,281.70372452503085,2.7794158726366755e-11,96.6905217993961,0.0016166789064161618,167.48289801020624
13953600.0,309.93183626772935,1.3221348786977686e-11,96.69661180884965,0.0032740851629839062,167.52983563955394
13957200.0,285.36387548178783,2.201799418920814e-11,96.68874641634144,0.0017611642446840315,167.57583342602496
13960800.0,280.95531628635433,2.7915371251452074e-11,96.68905283973695,0.0016424376837247444,167.60953864361915
13964400.0,309.64311425027876,1.3208789812415514e-11,96.69768763018597,0.003274769759568449,167.65409585247818
13968000.0,285.4036914206064,2.182667044436345e-11,96.69144782990458,0.0017569073451277142,167.69987316943562
13971600.0,280.53425791087665,2.8501805238436046e-11,96.69146737277593,0.0016544467102574977,167.73279025821225
13975200.0,309.23839301388534,1.3207980131714807e-11,96.69937487200497,0.003255871850261966,167.77694769180658
13978800.0,285.2659480477652,2.147912128614648e-11,96.69323593595641,0.0017225511110552153,167.82291431474056
13982400.0,280.3008966213404,2.930833936911797e-11,96.6917230114162,0.0016597296448197009,167.8555392697472
13986000.0,308.9364975337765,1.3203638199312712e-11,96.69874071564865,0.003245547800039741,167.90049227646912
13989600.0,284.99015873996814,2.120071911184734e-11,96.68948855096203,0.0017003634719956584,167.9473559329474
13993200.0,280.18252597893337,2.9980062990349e-11,96.68694406554418,0.0016525708043395122,167.9791625136048
13996800.0,308.65808244205783,1.326400123951386e-11,96.69392546238502,0.003230010372479242,168.02371100708004
14000400.0,285.16223364753415,2.099766541255682e-11,96.68808066163672,0.0016721212929525977,168.07030075221198
14004000.0,279.79447382635084,3.0411337251048784e-11,96.68709884234178,0.0016502472394511443,168.10236682684516
14007600.0,308.2763097825654,1.3392301120244923e-11,96.696152360468,0.0032172348567537246,168.1469616494715
14011200.0,284.95238798637854,2.1427989707456804e-11,96.69089695295825,0.0016731987924128485,168.19416823406374
14014800.0,279.3865417772515,3.038560337434143e-11,96.68976216641525,0.00168141895202711,168.22775683265127
14018400.0,307.93640122209666,1.3482336345448954e-11,96.69869054465607,0.0032062308146709527,168.2720972315964
14022000.0,284.69265145261863,2.2254746415437598e-11,96.69222881764712,0.001662755514086239,168.3195334378356
14025600.0,279.1365383354679,3.005141291138259e-11,96.68929407328893,0.0016878888364130797,168.3533521311573
14029200.0,307.61821547602,1.352472531789115e-11,96.69641017083624,0.0031852919377707745,168.39534968885062
14032800.0,284.7915955904221,2.2944957563160845e-11,96.68978303176657,0.0016289638104092495,168.44256804732447
14036400.0,278.90948535841704,2.986150307476911e-11,96.68594633153003,0.0016662306608618452,168.47730869851475
14040000.0,307.2754574329662,1.3533932618901757e-11,96.6933106449634,0.003164459712059393,168.521402065117
14043600.0,284.94640076267893,2.3118291898438412e-11,96.68729795827569,0.0016514784578281255,168.5698954293938
14047200.0,278.2553122616256,3.020723732938761e-11,96.68480294726423,0.0016827426015390587,168.60409877439173
14050800.0,306.8772219068829,1.3639278677441453e-11,96.694397831965,0.0031486217410728336,168.64589698868966
14054400.0,284.98566807267184,2.2877640409218195e-11,96.68995399649017,0.0016445165149908709,168.69396040723228
14058000.0,277.9462995521238,3.086149128365087e-11,96.68730349509634,0.001676713695314779,168.72745304067215
14061600.0,306.33594347885247,1.3733135426734328e-11,96.69600767706882,0.00311127157190857,168.76898485522182
14065200.0,284.88268015414144,2.2342688987260086e-11,96.6917808395358,0.0016031372143654778,168.81699323552283
14068800.0,277.8298691799912,3.157232251023753e-11,96.68750799048709,0.0016622687402186034,168.8503199566274
14072400.0,305.87118676648294,1.3711844780292086e-11,96.69528171930756,0.003079912499501738,168.8928551226192
14076000.0,284.61971100980895,2.1981320233322655e-11,96.68809457979512,0.0015650591139520558,168.9413726066854
14079600.0,277.84084059408764,3.204788427063648e-11,96.68303903063206,0.0016329826651031356,168.9741574058744
14083200.0,305.48558489012134,1.3615531553958705e-11,96.69045833201935,0.0030549194706614266,169.01628745638385
14086800.0,284.78487135123453,2.1826206908229324e-11,96.68658969043862,0.0015441190021425503,169.06447343266547
14090400.0,277.50054711109703,3.2372151557216876e-11,96.68302517732315,0.0016194972231646488,169.09738580844754
14094000.0,305.0253700925015,1.3563127626365801e-11,96.69272583634455,0.0030363781254048147,169.1396475602496
14097600.0,284.52871867856504,2.2399139541472825e-11,96.68931807582707,0.0015379218694012468,169.1884686969257
14101200.0,277.2236221357359,3.227180326076867e-11,96.68588678017692,0.0016383064582057303,169.222963953306
14104800.0,304.5814516775022,1.3592759442571448e-11,96.69517002326019,0.0030127163903268216,169.2648546916921
14108400.0,284.22399914234643,2.341718366652137e-11,96.69057148840469,0.0015147205729574835,169.31389057214983
14112000.0,277.08393924419033,3.194467940996346e-11,96.68566413382943,0.0016288067974943633,169.34870198922602
14115600.0,304.17233328645983,1.372329547464716e-11,96.69279053139351,0.002978595194093768,169.38820340828912
14119200.0,284.30393104387025,2.429944289690675e-11,96.68828972691821,0.001487873454069828,169.43684402174281
14122800.0,276.9344705826466,3.179689301362869e-11,96.6821110469398,0.001601962180192943,169.47273857717633
14126400.0,303.8174258304124,1.3866549280525654e-11,96.68974616745378,0.00295188848857736,169.51453534046786
14130000.0,284.35705382114975,2.4662067412041675e-11,96.68557106485359,0.0015142617410183843,169.5644188222423
14133600.0,276.3381538935822,3.217652398858673e-11,96.68118504018624,0.0016161498597981447,169.59960125168618
14137200.0,303.41184469309627,1.4103308533215625e-11,96.69089319877568,0.002936318353267171,169.6393126814847
14140800.0,284.3359146028681,2.4491224757296636e-11,96.68815820250624,0.001513197245118439,169.68857700111295
14144400.0,276.08045749913106,3.280791910854103e-11,96.68375944711006,0.0015996630892481359,169.72305335913853
14148000.0,302.8250350169997,1.4326283815554555e-11,96.69247699441242,0.00289507083119422,169.76258770091226
14151600.0,284.21952186899,2.3961649426764575e-11,96.68997138800002,0.0014729694072417164,169.81167233337518
14155200.0,276.0062589845891,3.3453428230433816e-11,96.68394088452997,0.0015764858607177175,169.84601991317496
14158800.0,302.3139432191326,1.4367994224339764e-11,96.69174045515281,0.002857619308574148,169.88672237880454
14162400.0,283.91984433085156,2.362302491824616e-11,96.68635425550933,0.0014293160502388928,169.93600290138028
14166000.0,276.076617669925,3.383256992144974e-11,96.67975435564203,0.0015387443184175782,169.969987611031
14169600.0,301.89411058733197,1.4224438478020089e-11,96.68694219351045,0.002832097480797545,170.01035887065348
14173200.0,284.0159641875389,2.34604790413884e-11,96.68470139369548,0.0014180533733811917,170.05933536881116
14176800.0,275.7407931374836,3.412344677846762e-11,96.67953435536958,0.001518764927183858,170.09326242564384
14180400.0,301.4438699340434,1.4060645077565515e-11,96.68927204629223,0.00281769137017923,170.1338635665812
14184000.0,283.7050188201666,2.3974801715867168e-11,96.68737727314507,0.001410459917224544,170.18346327265922
14187600.0,275.5052011887182,3.397179281116053e-11,96.6825449753094,0.0015341045847801827,170.21895368963237
14191200.0,301.0105190179107,1.402202103717785e-11,96.69168463171276,0.002797320792323336,170.25918427051488
14194800.0,283.329357062822,2.4931226779735715e-11,96.68855824671634,0.0013839646812030758,170.30898839574562
14198400.0,275.4034498812469,3.359091410008228e-11,96.68250265173835,0.0015210866748610152,170.34479211323693
14202000.0,300.60663312959974,1.4179420539633123e-11,96.6892802108595,0.0027654134927180695,170.38267075034756
14205600.0,283.3592362137941,2.5783409408451163e-11,96.68634268257725,0.0013663374616575891,170.43194890710427
14209200.0,275.2485645974683,3.341415380373993e-11,96.67882634335355,0.0014963310469143282,170.46891429839184
14212800.0,300.3151045397271,1.4406309307075435e-11,96.6862934538495,0.0027466234551327164,170.50923108698623
14216400.0,283.3145035417729,2.6219851574491585e-11,96.68345242446394,0.0014001836857181794,170.55977643140156
14220000.0,274.67278406014015,3.3756264860741795e-11,96.67800723135491,0.001513836947297153,170.59583886972598
14223600.0,299.95325420677,1.4753829422827905e-11,96.68753216340656,0.002737927284203184,170.6342783805806
14227200.0,283.2121011921308,2.6138027706876073e-11,96.68599118162166,0.001405712678798385,170.6840699318862
14230800.0,274.4153072269306,3.4357181342433664e-11,96.68064820948301,0.0014956410001806396,170.71938260224758
14234400.0,299.38914604515026,1.507482261957953e-11,96.68914135166004,0.0027025437129755752,170.7577207446072
14238000.0,283.03795795687114,2.5662106615101933e-11,96.68777900938777,0.0013689845514055277,170.80727882071437
14241600.0,274.33593850889343,3.497915950848679e-11,96.68082769807239,0.0014709904134021508,170.84242975775047
14245200.0,298.90264951603183,1.5178613259924347e-11,96.68843867680324,0.0026702664444129068,170.88206851892036
14248800.0,282.67442844772063,2.5335431193986554e-11,96.68419111213488,0.0013255537394917774,170.93161994295522
14252400.0,274.3956046895099,3.5341894798330755e-11,96.67682489031206,0.0014341778200544517,170.96648415453237
14256000.0,298.5197844241218,1.503340846494291e-11,96.68368937204482,0.0026529688480625107,171.00589148221374
14259600.0,282.6849855759314,2.511576959165333e-11,96.6824227599584,0.0013243227266436781,171.05519517116628
14263200.0,274.0407364750328,3.563370342419179e-11,96.67647269045781,0.0014158010377040865,171.08982767344432
14266800.0,298.1316801162371,1.4808662604989355e-11,96.68608912234072,0.0026488622877595762,171.1295564448018
14270400.0,282.29745678758076,2.5529686235498328e-11,96.68505600410063,0.00131759292250759,171.1794693317851
14274000.0,273.7957519256493,3.54554628030682e-11,96.6795660163231,0.0014326209346490352,171.2156026718781
14277600.0,297.7596400300998,1.472068597081863e-11,96.6885206951151,0.0026392276545240396,171.25502315786562
14281200.0,281.84352993365314,2.638542743872299e-11,96.686183101802,0.001292096092795702,171.30512662737698
14284800.0,273.6794687492119,3.5030405729313716e-11,96.67962434634067,0.0014229444131109257,171.34152157589523
14288400.0,297.41648546468093,1.4885581171115006e-11,96.68614405980611,0.002617843188496463,171.37866841976114
14292000.0,281.7963556459027,2.717619112344958e-11,96.68396252172796,0.0012821327272618157,171.42818240384617
14295600.0,273.4889824553837,3.4822989158017504e-11,96.67590298430105,0.0014032225897183319,171.465725763016
14299200.0,297.2097839852911,1.5160294265674907e-11,96.68321855668196,0.002611818767020399,171.5054293365602
14302800.0,281.661308780704,2.7623258374093153e-11,96.68097639882983,0.00132158435572874,171.55622388871691
14306400.0,272.89743304760344,3.5143017010037996e-11,96.67513372865602,0.0014264807916277485,171.5927214600596
14310000.0,296.9229637014462,1.5573075610198076e-11,96.68454272342166,0.00261463476209121,171.63069331550076
14313600.0,281.47303955250516,2.7563199161743386e-11,96.68347543064468,0.0013322599812358364,171.68066731846818
14317200.0,272.6096953200633,3.5739455081443867e-11,96.677816708187,0.0014121790684127396,171.71634314441675
14320800.0,296.4274112393249,1.594469634307108e-11,96.68620377579755,0.0025910388083096756,171.75430270952396
14324400.0,281.2187238231292,2.707385614989684e-11,96.68522656449247,0.0012996186429795136,171.80401793457034
14328000.0,272.5002664748604,3.636423563029182e-11,96.6780124479443,0.0013913435348249733,171.83946311230008
14331600.0,296.01127639873664,1.6068358732052704e-11,96.68555495598895,0.0025707306346646093,171.87883355277677
14335200.0,280.77305131081425,2.6702475664974853e-11,96.68160944877944,0.0012590489292020766,171.9284736694231
14338800.0,272.52787003073513,3.672672420339214e-11,96.67406814391524,0.0013596675173560497,171.96359186809312
14342400.0,295.70561068012785,1.5906533905071734e-11,96.68085838783182,0.0025661534179617584,172.00283176322114
14346000.0,280.6963927058189,2.640797962723616e-11,96.67977385973113,0.0012639301845981962,172.05222921651614
14349600.0,272.1415689226212,3.7017266362598315e-11,96.67370589118373,0.0013463782977700968,172.08700791346104
14353200.0,295.3995875420691,1.5651090604771128e-11,96.68331815833336,0.0025752935798297174,172.1266680457198
14356800.0,280.2207122962047,2.6769038119463294e-11,96.68236231505564,0.0012598413188997706,172.17665573927434
14360400.0,271.8651459187556,3.6814451329103394e-11,96.67683497231778,0.001368560246975551,172.2128584905143
14364000.0,295.10963746540483,1.555728922247397e-11,96.68580750415954,0.0025791610773795368,172.25231360036972
14367600.0,279.6761734172691,2.761102529817618e-11,96.68344368799522,0.001237509586493751,172.3024700797762
14371200.0,271.71643003813773,3.635263245508675e-11,96.67691398694981,0.001364927222104919,172.33885617886187
14374800.0,294.8513282066346,1.5747167358737207e-11,96.68349155427448,0.002571537956519909,172.37614347636094
14378400.0,279.53728221626125,2.8406474476993893e-11,96.68116282057954,0.0012318712506479313,172.42568587424736
14382000.0,271.49806832506715,3.6115234945135924e-11,96.67322507047052,0.0013506848539812635,172.46312972104585
14385600.0,294.7243739451766,1.6055569355435598e-11,96.68061904539523,0.0025785088297513915,172.50308848799446
14389200.0,279.3096062097008,2.8839298464995257e-11,96.6781339363861,0.001275257760803359,172.55387237698298
14392800.0,270.872326518376,3.6441054341107494e-11,96.67247210920578,0.0013784883624116966,172.59020898164846
14396400.0,294.5190848522323,1.649320421584921e-11,96.68198335122543,0.002594591765814553,172.62851828791838
14400000.0,279.02977814895837,2.870265791422786e-11,96.68058405355198,0.0012887329468142127,172.67846478393437
14403600.0,270.55854972689787,3.704220349923144e-11,96.67517294129581,0.0013693074444487915,172.7139047980452
14407200.0,294.1088650375796,1.6871799417919114e-11,96.683701892884,0.0025845358064829353,172.75231730548617
14410800.0,278.6780973299286,2.8092671805363844e-11,96.68227910053507,0.0012592660895346208,172.8019700912184
14414400.0,270.4258475195772,3.7665384502387055e-11,96.67541307840148,0.0013543529734282753,172.8370974284403
14418000.0,293.7803041254276,1.6966979357546857e-11,96.68311167170168,0.002578529172652549,172.87701815385572
14421600.0,278.1272981188838,2.761718338616182e-11,96.67856607874221,0.0012228913628680145,172.92664669598233
14425200.0,270.4399032740176,3.799782806639067e-11,96.67140716014579,0.0013283337736795537,172.9612992956629
14428800.0,293.5607778478171,1.677127980408901e-11,96.67845368528309,0.002587165668979797,173.0011924016662
14432400.0,277.95258861264534,2.725963239255394e-11,96.67670227118474,0.0012277842083264759,173.0504867820733
14436000.0,270.03984950225873,3.824866553591286e-11,96.6711819495963,0.001319377321564495,173.08479144247565
14439600.0,293.3253335892555,1.6547093656997978e-11,96.68094636459112,0.002608507376967509,173.1252228805848
14443200.0,277.374297759997,2.7659708331893866e-11,96.67923560888855,0.0012283571593937662,173.17505601951825
14446800.0,269.74508773452,3.7991542582450454e-11,96.67431454786335,0.0013474105281398995,173.2107169839601
14450400.0,293.1082130933813,1.6536587643172388e-11,96.68351777809019,0.002624351447019787,173.25109664560304
14454000.0,276.7215454828287,2.8622256461950103e-11,96.68027256619955,0.0012117497896290863,173.30103595319554
14457600.0,269.58176196565313,3.747186842285056e-11,96.67434582115912,0.0013489772787255842,173.3367974316088
14461200.0,292.92868926709156,1.680067705862489e-11,96.68127971598085,0.0026296156329142905,173.37515599596765
14464800.0,276.46785363099195,2.9516369869170475e-11,96.67786099146488,0.0012063010024149746,173.42446417890037
14468400.0,269.37938406289805,3.716979625574557e-11,96.67079362487779,0.0013364763624381967,173.4611377661606
14472000.0,292.84272205704775,1.7139339210932285e-11,96.67843386994278,0.0026451685812514244,173.50228606292043
14475600.0,276.14278475823556,2.99117913671953e-11,96.67484581211957,0.0012511059105631706,173.55270923979748
14479200.0,268.74206232561795,3.748429197453169e-11,96.67003590268814,0.0013630307141384284,173.58832381864596
14482800.0,292.6912204723142,1.7549648723922966e-11,96.67978575636795,0.0026712637562131716,173.62784678074544
14486400.0,275.76088993128803,2.9618573083270987e-11,96.6772393621073,0.001264837034446474,173.6774311000986
14490000.0,268.44182077155614,3.805355859046502e-11,96.67275428981988,0.001356562297442257,173.71209465470955
14493600.0,292.34871329880224,1.786236026213205e-11,96.68155457536584,0.0026718750792470696,173.75186745013193
14497200.0,275.2811360209543,2.884196871783656e-11,96.67885162192538,0.0012377481103793906,173.8010874972923
14500800.0,268.3312541796454,3.8632397821069946e-11,96.67309193313721,0.0013454292852986365,173.83536853414765
14504400.0,292.0892328196724,1.787923597871806e-11,96.68100814612608,0.0026788042609618362,173.87673191932603
14508000.0,274.599865094046,2.827758556978279e-11,96.67496298633831,0.0012087717291619894,173.9260512318894
14511600.0,268.37234449900313,3.890402813432446e-11,96.66893068689744,0.0013231611557147245,173.95964267797592
14515200.0,291.9332006173947,1.770623551781714e-11,96.67635779956568,0.0026962610939647775,174.00109901081584
14518800.0,274.32286053438696,2.7933847910174673e-11,96.67311101764005,0.0012083749403801033,174.04989307143273
14522400.0,268.02878516977603,3.9070466298794677e-11,96.66900243042912,0.0013152625083668725,174.08324974205237
14526000.0,291.71763941648226,1.7666422915222536e-11,96.67883557874916,0.002721798207784756,174.12537068194544
14529600.0,273.61854064747126,2.852165315082747e-11,96.67557918747416,0.0012165074211489169,174.17457082702595
14533200.0,267.7675515839774,3.8735291419388916e-11,96.67210764706371,0.001343348683164274,174.2092528024451
14536800.0,291.52384073141906,1.7868252374729042e-11,96.6814890308685,0.0027426875102436934,174.25155067057386
14540400.0,272.85198641811894,2.97247700110794e-11,96.67658056107355,0.001211194249356215,174.30069368287022
14544000.0,267.6396187809479,3.8119335436167985e-11,96.6720469631446,0.0013462759881009154,174.3354215855672
14547600.0,291.3757557029926,1.8234924524218773e-11,96.67933043384404,0.0027548183513051113,174.3759123856364
14551200.0,272.4559683330257,3.0759065934019605e-11,96.67393120886501,0.001201373970144791,174.42437890769511
14554800.0,267.5099993115071,3.767663866673153e-11,96.66878183058132,0.0013272482186712068,174.45986840541087
14558400.0,291.24753253251873,1.8545799520862146e-11,96.67643937073994,0.0027700302858931205,174.50323353180707
14562000.0,272.0624387554103,3.107202980606692e-11,96.6710029868213,0.0012441026991528588,174.552597898849
14565600.0,266.9446251593684,3.786423501464634e-11,96.66797184176298,0.0013399986895407654,174.587208526407
14569200.0,291.0523950524037,1.8824300901740902e-11,96.67772873447527,0.002792014577399956,174.6289385990697
14572800.0,271.5759714157603,3.070418558676691e-11,96.67335512229018,0.0012544810590127903,174.67742200326893
14576400.0,266.73847065183736,3.830750387438384e-11,96.67075343523963,0.0013300132145907858,174.71109314240013
14580000.0,290.6957602396556,1.8951747634180037e-11,96.67952571612778,0.0027928151563802943,174.7532087761142
14583600.0,270.93850456112625,3.0000693605802536e-11,96.67486132465997,0.0012291818973353982,174.80121857178338
14587200.0,266.7346351208473,3.881891659286294e-11,96.67127853625122,0.0013162168858316017,174.83448310563702
14590800.0,290.42575900646176,1.8897945628126387e-11,96.67899433554388,0.002804040509006418,174.87821076012366
14594400.0,270.1184567873292,2.963378284876041e-11,96.67076029263698,0.0012136439164427168,174.92643843283395
14598000.0,266.86043713082023,3.913207896185052e-11,96.66693474768823,0.001297223112731447,174.95881909158922
14601600.0,290.22972708160285,1.893217250149504e-11,96.67428516085658,0.0028151518011338954,175.00278393326676
14605200.0,269.7198590605748,2.956752432865861e-11,96.66891101683613,0.00120293423692567,175.0502480550229
14608800.0,266.69631752794845,3.930872744611094e-11,96.66739127958425,0.0012807632774336601,175.08265088087623
14612400.0,289.9286097883081,1.9279003853008587e-11,96.67666516357853,0.002826626253591289,175.12737223004234
14616000.0,268.9317885295363,3.04703902917076e-11,96.67135694842197,0.0012207472380946131,175.1749542324461
14619600.0,266.5162524613939,3.900858245027133e-11,96.67046192412027,0.0013001552471531492,175.20872814267173
14623200.0,289.68150150669385,1.9763126152158584e-11,96.67936238168893,0.002841141193161268,175.2539514645563
14626800.0,268.0796416139579,3.1864152203224815e-11,96.67234163896286,0.0012350870185085991,175.30118577821716
14630400.0,266.48206857127946,3.827514189162334e-11,96.67029540504751,0.001303730885746411,175.33501266548788
14634000.0,289.4656853657571,2.010835257344547e-11,96.67724979848921,0.002850120879954258,175.3787114093406
14637600.0,267.5731387061665,3.288213144930222e-11,96.6693422994625,0.0012197718719332811,175.4251251241132
14641200.0,266.4846296738535,3.7569705300164163e-11,96.66747948092177,0.0012760033647543263,175.45966568101156
14644800.0,289.1884579973913,2.0172968979406778e-11,96.6741937233528,0.002852082089634094,175.50617639863
14648400.0,267.1553316833744,3.3142456566338665e-11,96.66658678232724,0.0012534199832548837,175.55322207808544
14652000.0,266.09420952142614,3.7482149576167656e-11,96.6665200984511,0.0012625129542123208,175.58720198293835
14655600.0,288.79330685359554,2.0144433414193487e-11,96.67532818314434,0.0028495579384579073,175.63210130243394
14659200.0,266.6138488690965,3.3116221915552906e-11,96.6689154059013,0.0012574312253694096,175.67812558672617
14662800.0,266.06352209904543,3.780451062079172e-11,96.66940762921708,0.0012413946355352107,175.71130960442406
14666400.0,288.2618558178301,2.001507524293683e-11,96.6770712824294,0.0028315813542988014,175.75658550527513
14670000.0,265.88388617778696,3.312603569846526e-11,96.67028492757929,0.0012355693569944062,175.80204209125304
14673600.0,266.2243008176078,3.8495041765715067e-11,96.67021497420639,0.0012255887126758757,175.83492609021596
14677200.0,287.85354019481485,2.0004177905548447e-11,96.67651532402039,0.0028271848471336995,175.8816445618572
14680800.0,265.000220651271,3.353811219858463e-11,96.66605641953781,0.0012374957349351743,175.92740439698665
14684400.0,266.50691107546015,3.9261847269380325e-11,96.66577805756208,0.0012159693161590266,175.95936185376814
14688000.0,287.43112390487664,2.044201987744222e-11,96.6716649169183,0.002803215815026985,176.00643307595172
14691600.0,264.5671887793665,3.4004157096686597e-11,96.66415490131365,0.0012113136359549867,176.05120171281868
14695200.0,266.54358088220624,3.9889600639024403e-11,96.66654709487476,0.0011864054939095601,176.0835444297965
14698800.0,286.9137686273349,2.132832703423111e-11,96.67381552394976,0.0027801323698408327,176.1313923312269
14702400.0,263.80097438314266,3.511351264217587e-11,96.66675209268307,0.0012353174956471638,176.17580364880058
14706000.0,266.4946245317545,3.9844756506570435e-11,96.66959792154508,0.001198450549595254,176.20974178219743
14709600.0,286.45262845852494,2.2108071938128645e-11,96.67645146179575,0.0027688783545003776,176.25843584292224
14713200.0,262.96320462861587,3.640670667580325e-11,96.66774358984938,0.0012620169880153927,176.30212301950925
14716800.0,266.6194106510684,3.902172228021137e-11,96.66933032257906,0.001208665004507866,176.3361753843335
14720400.0,285.9960626204333,2.2212906767798383e-11,96.67430469802659,0.0027547257715402756,176.38357753986537
14724000.0,262.4481604642043,3.72952808347222e-11,96.66435458630393,0.0012362190345045257,176.42622864213547
14727600.0,266.84982761506535,3.809085666989287e-11,96.66704862328262,0.0011834167260504373,176.461220973049
14731200.0,285.3453373419818,2.1903023552302308e-11,96.67097882567332,0.0027091623492965177,176.51118346810708
14734800.0,262.1488283871749,3.768827898157042e-11,96.66197427435212,0.001229072586142099,176.5541546210514
14738400.0,266.69942222093897,3.799309086668344e-11,96.66586859102053,0.0011369390466889546,176.58901415592888
14742000.0,284.55824770535696,2.1540867387029275e-11,96.67182023039184,0.002657941933924381,176.6373904939467
14745600.0,261.70746347550744,3.8335505078369285e-11,96.66429942242884,0.0012145647024393994,176.67911128374803
14749200.0,266.85609198717316,3.866949105977794e-11,96.66887469278116,0.0011172962206032063,176.71348079712504
14752800.0,283.70616613520684,2.12648687141784e-11,96.67343644413037,0.0026010397092580315,176.76192093557103
14756400.0,261.06814410070353,3.922833325178624e-11,96.66557710762893,0.0011896237886888058,176.8030904338393
14760000.0,267.1639223889779,4.0031697738098185e-11,96.66996689947341,0.001123482233432892,176.83748534089426
14763600.0,283.0012395009687,2.1492269848657933e-11,96.67282387429213,0.00255357664485487,176.8868647848377
14767200.0,260.3380114391654,4.028067847382441e-11,96.66155482547084,0.001196428231233878,176.92843776345038
14770800.0,267.58758883960417,4.147696915998126e-11,96.66550083686836,0.0011444991610044051,176.96214105439964
14774400.0,282.226357310617,2.2523894748673346e-11,96.66775652689056,0.0024767404090815246,177.011797498035
14778000.0,260.06201596294875,4.0948310488887024e-11,96.65942632686112,0.001143696893991945,177.05230710000814
14781600.0,267.77568476083724,4.2444447036430145e-11,96.6665092050651,0.0011275154236196577,177.08689802292778
14785200.0,281.30469273381976,2.413232569438993e-11,96.66950133052985,0.0023932592321745283,177.13713531222825
14788800.0,259.55697721621806,4.205219953966374e-11,96.66245242213682,0.0011401006179930795,177.17680160143948
14792400.0,267.8251111750391,4.246236189821644e-11,96.66948926941036,0.001137046751226423,177.21331649484713
14796000.0,280.3794546806808,2.5409204552811155e-11,96.67194115739676,0.002328361717516004,177.26453227583985
14799600.0,259.0169265795757,4.346460521009965e-11,96.66364147518136,0.0011413956309641446,177.30316931606808
14803200.0,268.0209700477524,4.181020575089365e-11,96.66902167082543,0.001161483012249621,177.3398310553297
14806800.0,279.46879921930037,2.5797026710283193e-11,96.66972880725689,0.002257297034559794,177.38983138627637
14810400.0,258.75351720369457,4.473183910374853e-11,96.65993833133324,0.0010784939845628026,177.42733451932145
14814000.0,268.3516728726202,4.136046747407008e-11,96.66716902342621,0.0011688711539060894,177.46550559835907
14817600.0,278.256948621516,2.5768447478607782e-11,96.66601682667192,0.002137872800338321,177.51756772233105
14821200.0,258.8729077893014,4.522617215087848e-11,96.6581782258356,0.001003706075408188,177.55522396890018
14824800.0,268.299393883887,4.187206306431252e-11,96.66582357418918,0.0011159193300947817,177.59387963743904
14828400.0,276.9225638608616,2.57833395930328e-11,96.66650760484497,0.0020111540582347844,177.64395040041424
14832000.0,258.80803834387405,4.5637385191640144e-11,96.66071275263934,0.0009348159605801942,177.68027002699014
14835600.0,268.48201779122587,4.288751451922227e-11,96.6687912328338,0.001124362880622179,177.71872014464776
14839200.0,275.6345339082866,2.6133645499604936e-11,96.66798231385198,0.0018931712198143734,177.76842270744248
14842800.0,258.552619782848,4.575696988990954e-11,96.66198588513535,0.0008709907510844364,177.80431067106295
14846400.0,268.7273509686673,4.4023941605228254e-11,96.66997122541386,0.0011675950872579845,177.84314804257062
14850000.0,274.4992607895935,2.7152407367542242e-11,96.66729708920613,0.0017924788572240356,177.89317271418324
14853600.0,258.33126493751627,4.566197472826415e-11,96.65867161920686,0.000843298856145869,177.9297122527029
14857200.0,269.02319202014917,4.460722307719666e-11,96.66546398013486,0.0012077673314693804,177.96825590741093
14860800.0,273.2432725841499,2.8952606904285015e-11,96.66214220941484,0.00165379078710155,178.0179062562761
14864400.0,258.4836576549937,4.5420232688798655e-11,96.65627594937594,0.000731025258833827,178.05374481382526
14868000.0,269.14694203601437,4.4562396272011255e-11,96.66644970630321,0.0012183590154305212,178.09383356175167
14871600.0,271.8165078423786,3.11740082162237e-11,96.6632985347039,0.0015023518174580044,178.14347264021197
14875200.0,258.56984835896696,4.578459652997378e-11,96.65978318094152,0.0006619115681585571,178.17833525743833
14878800.0,268.9476212470203,4.448960338351382e-11,96.66925985928751,0.0012116659509603135,178.22066961583408
14882400.0,270.48314081762203,3.319007177514169e-11,96.66556409006512,0.0013853743995380916,178.2709060044361
14886000.0,258.6839556702823,4.639042055557012e-11,96.66143142859765,0.0006129860308945837,178.3049120286748
14889600.0,268.7951580804409,4.457020985020364e-11,96.66840811788535,0.0012223129075826197,178.3469685479368
14893200.0,269.19503038403695,3.483959683173562e-11,96.66337853001298,0.0012683550549091815,178.39620068644538
14896800.0,258.9479435217423,4.649404204268064e-11,96.65761316969946,0.0004993613554516184,178.42914488245285
14900400.0,268.8784711721124,4.464964159061238e-11,96.66661912611106,0.0012464497226407144,178.47333838491508
14904000.0,267.5458432058672,3.645587699646579e-11,96.65924645711767,0.001087418431668047,178.5237920178976
14907600.0,259.77316684518513,4.5026170548043666e-11,96.65660032330965,0.000441396925319112,178.55736440169014
14911200.0,268.5576231043841,4.511256630378381e-11,96.66491735995537,0.0012103430409481212,178.6026881340386
14914800.0,265.79979310158006,3.8305586653370035e-11,96.65956349712411,0.0009097809443299427,178.65001437244754
14918400.0,260.3025935666165,4.34788801526142e-11,96.65948444662625,0.000386833943385761,178.6827697102245
14922000.0,268.31683062077457,4.55981380107173e-11,96.66754038442495,0.0012183113197893687,178.72786023172097
14925600.0,264.2724258994063,4.0247421369259055e-11,96.66101157090687,0.0007514315340314158,178.77434816818257
14929200.0,260.6900221788749,4.185594260538286e-11,96.66078995590905,0.0003960597782884629,178.80702439512766
14932800.0,268.00438687715945,4.593021030838e-11,96.66853493887555,0.0012220734380260897,178.85269305128483
14936400.0,262.973163006195,4.233836682123724e-11,96.66011544548867,0.00064182073328688,178.89902693280698
14940000.0,261.17574814643035,4.013047971638689e-11,96.65828781887302,0.00047357822357589814,178.93289772193816
14943600.0,267.6471051077267,4.591218331343124e-11,96.66378645694726,0.0012098051831325868,178.97849354910656
14947200.0,261.61879234853564,4.472080149008422e-11,96.65548231021023,0.0005315294120701197,179.02319694381038
14950800.0,261.89776956050287,3.8224683445242987e-11,96.6558817945794,0.0005784839491187041,179.05733811817686
14954400.0,267.1666568310245,4.578760033970253e-11,96.66422489760426,0.0012030000493287933,179.10463090047662
14958000.0,260.0639696566113,4.7266381541268484e-11,96.65620679679473,0.00041475015123034544,179.14863801304259
14961600.0,262.632367672615,3.61276436238201e-11,96.65995986095956,0.0007371384244007653,179.18247238631844
14965200.0,266.21578419972275,4.608742619471659e-11,96.66657523400937,0.0011405539334621412,179.2314604914227
14968800.0,258.7901506083727,4.912545752660534e-11,96.65849339454914,0.0003769744578429955,179.27593029035427
14972400.0,263.3913340431161,3.384366031454772e-11,96.66170790511154,0.0008998126673863263,179.30944964786585
14976000.0,265.2494115813126,4.6389754561852706e-11,96.6654092145481,0.0010721078593452385,179.35792248845408
14979600.0,257.6521144651637,5.0332286032805696e-11,96.65684868513085,0.0003965134464613326,179.40102919425115
14983200.0,264.1223271051191,3.218540400198258e-11,96.65819883699339,0.0010571178786346151,179.43417702570977
14986800.0,264.55648863287985,4.6612387955615275e-11,96.663197294636,0.001061166517464966,179.48448094321984
14990400.0,256.2064553173132,5.155206212823244e-11,96.65244978785846,0.0004434950544939446,179.52836074472899
14994000.0,265.4013296598571,3.108272047481916e-11,96.65759983526192,0.001279022894888319,179.56324010488967
14997600.0,263.5216577851517,4.728909509569618e-11,96.66074632084874,0.0010239516019707766,179.6140912512416
15001200.0,254.74387985342227,5.318461273035585e-11,96.65308153435076,0.000552743338678833,179.65441840806312
15004800.0,266.2156255700982,3.107794731113336e-11,96.66051043855367,0.0014597720191654201,179.68925606542967
15008400.0,262.41242335034383,4.768128409198716e-11,96.66290552708799,0.0009768213712971678,179.739414563673
15012000.0,253.75491540789525,5.46753435380332e-11,96.65519885830217,0.0006360588412866522,179.7784968083419
15015600.0,266.8422448105663,3.1057117429950766e-11,96.66189152074325,0.0016167402974607476,179.814119310393
15019200.0,261.1120297819336,4.728486780769657e-11,96.66344474031008,0.0009004786468883397,179.86472107211256
15022800.0,253.12041192795803,5.58785161546396e-11,96.65405408532517,0.0007052647237224926,179.903140767638
15026400.0,267.5957888375343,3.037423862741532e-11,96.65990895640687,0.0017880720571841324,179.94088804215642
15030000.0,259.74295704862277,4.6320191592269444e-11,96.6579852324129,0.0008436619785520232,179.99120697610974
15033600.0,252.4884151098249,5.665454364731831e-11,96.64994188042141,0.000768424636795795,180.0271218319276
15037200.0,268.2553315364498,2.9125339009456825e-11,96.6572109783948,0.0019453644377080504,180.0661474149822
15040800.0,258.3851255356549,4.543321153944433e-11,96.65792725230556,0.0008149370538652676,180.11644096646134
15044400.0,251.7310136553342,5.678113443572766e-11,96.65145788725927,0.000859281155144456,180.15233706442623
15048000.0,268.95594533397616,2.815514186934007e-11,96.66130085820582,0.0021291115767308726,180.19216886442192
15051600.0,256.5978729878426,4.590222759334975e-11,96.65972888287084,0.000775402877548116,180.24309077001718
15055200.0,251.33953114235973,5.581152507568381e-11,96.65419329430145,0.0009450562026437966,180.2796145350847
15058800.0,269.5261520432309,2.835709368583993e-11,96.66300528134674,0.0022792709590643725,180.32006339002965
15062400.0,254.8028360902556,4.7637621364681036e-11,96.6582786746425,0.0007702271605918712,180.36967994078665
15066000.0,251.19631041263327,5.450306703556163e-11,96.65332932281798,0.0010020452543427199,180.4049412164409
15069600.0,269.8245919438023,2.942902911743122e-11,96.65958143109007,0.00237561340429442,180.44591742353074
15073200.0,253.43224643697803,4.920483135695281e-11,96.65532525158908,0.0007997780634409428,180.49610734528616
15076800.0,250.9280020737563,5.366452068399779e-11,96.64925582623474,0.0010478341574778902,180.5321831408844
15080400.0,270.30007393553836,3.004603090136899e-11,96.6584060113285,0.002505485021335646,180.57566112694659
15084000.0,251.99247006372116,4.9734586702357026e-11,96.65279948998551,0.0008785260376999393,180.62470090798044
15087600.0,250.61734350375673,5.3642692101314055e-11,96.65113237678554,0.0010828629532550406,180.65876226389003
15091200.0,270.2065964288818,3.0241453576597376e-11,96.66072265269301,0.0025704971487747687,180.70224256074678
15094800.0,250.41709256235842,4.978705350156633e-11,96.65459041231908,0.0009169419447152442,180.74985753996287
15098400.0,250.87922844949054,5.359542952777053e-11,96.65386449390228,0.0011026770505719549,180.78318638535248
15102000.0,269.8633773028309,2.989479394454422e-11,96.66172951322719,0.0026057358152301977,180.8279652396566
15105600.0,248.72052198569372,5.053862953962002e-11,96.65483497411914,0.0009500106046189985,180.87498261800462
15109200.0,251.44343854552963,5.3930241133274544e-11,96.65316189086704,0.0011455882011299969,180.9080867014385
15112800.0,269.58224061675116,2.9759601101777645e-11,96.65934390388954,0.002647720100392678,180.9551252136227
15116400.0,247.1950313816072,5.2450995147290045e-11,96.6492002440955,0.0010166232159783638,181.00113951774534
15120000.0,252.0759410801856,5.473322688698635e-11,96.64937379848416,0.001167888424076799,181.03277663864503
15123600.0,268.8528882498724,3.08487718125052e-11,96.65564525633651,0.002607507577252642,181.08104252421393
15127200.0,245.9435989625194,5.52249450565903e-11,96.64899178828863,0.0010402331884963312,181.12555438930588
15130800.0,252.4598672326398,5.568941686882765e-11,96.65220376545338,0.001200403313294293,181.1588447576285
15134400.0,268.07655754253346,3.277146102174404e-11,96.65896745018813,0.002578303644871276,181.20802886935977
15138000.0,244.56861333064236,5.883285264914942e-11,96.65108597041397,0.0011172847145718688,181.25144117149472
15141600.0,252.99751064066805,5.5565578357483875e-11,96.65533353715347,0.0012550311214298024,181.28671475032863
15145200.0,267.06121365036097,3.444082623223906e-11,96.66000894998493,0.0025204187117687663,181.3369555053522
15148800.0,243.39072190840403,6.247337275228256e-11,96.65049069595055,0.0011756310651087232,181.37749071340323
15152400.0,253.70978471391052,5.4738397902873314e-11,96.65427956115292,0.001318609886800459,181.41269556970954
15156000.0,265.66194376381947,3.5039192163616734e-11,96.65581743930413,0.002403511707442622,181.4631605006876
15159600.0,242.81082446858497,6.548079580825582e-11,96.64665246226546,0.0011226058545601688,181.50371924551374
15163200.0,254.26276869504758,5.472477320641521e-11,96.65158274070885,0.0013430635112897686,181.54130868493326
15166800.0,264.0357535881281,3.495760582112208e-11,96.65345382997982,0.002248282500056785,181.59309183415883
15170400.0,242.59644906556403,6.772869394390988e-11,96.64589673253526,0.0010467153967916249,181.6314248284478
15174000.0,254.6098767685514,5.637745025149511e-11,96.65365049136065,0.0013320417634741237,181.6693447683068
15177600.0,262.0156382785386,3.5421751193335647e-11,96.65476231149388,0.0020515387440952224,181.71967328864852
15181200.0,242.3009322256244,6.964015612514892e-11,96.64812114986566,0.000975079832688652,181.75639519458622
15184800.0,255.1805138339474,5.848762986025753e-11,96.65648855254483,0.0013907374552288914,181.79492698018015
15188400.0,259.94231401001645,3.7178486917941234e-11,96.65507711056624,0.001848520136894508,181.84480120093568
15192000.0,242.05944882755313,7.034818339291427e-11,96.64860061068138,0.0008803154004198651,181.88133064710675
15195600.0,255.62818466172652,6.029281256196615e-11,96.65563096313404,0.0014662999355368421,181.9204505076222
15199200.0,258.0426420333863,4.037404905993866e-11,96.65224437416501,0.001665088976736084,181.97132321395966
15202800.0,242.32686134624103,6.954084388447846e-11,96.644522027871,0.0007669833032822946,182.0072212675906
15206400.0,256.0382290466392,6.057999554261823e-11,96.65202020383728,0.0015047649445464647,182.0472733692052
15210000.0,255.70959759564457,4.503177271387426e-11,96.64758571167145,0.0013923406210946867,182.09666128597743
15213600.0,242.8998232043464,6.827149885001438e-11,96.64479256697392,0.0005793631234790615,182.1316819090929
15217200.0,255.83272346976307,6.059869495052792e-11,96.65452986771874,0.0014895796514578902,182.17485269259615
15220800.0,253.39733386145923,5.000453851671657e-11,96.64973560300837,0.001144196408783992,182.22373336163827
15224400.0,243.66446800292587,6.637621157186656e-11,96.64836246169018,0.00041692323381519814,182.25766065635958
15228000.0,255.3444738125935,6.095607413495176e-11,96.65705121778056,0.001461768917206572,182.30349914096922
15231600.0,251.1390354120392,5.4815672498661994e-11,96.6504170395339,0.0009116032295989153,182.3519799417585
15235200.0,244.69937462117664,6.273957713670679e-11,96.64903992105884,0.0002979598957952476,182.3842324393789
15238800.0,254.75417152208672,6.153116156109164e-11,96.65473302696311,0.0014173528420444329,182.4295877458785
15242400.0,248.92559228990163,5.925908715351205e-11,96.64624456516857,0.0006724745564428309,182.47711827123928
15246000.0,246.03755069413708,5.774128470574139e-11,96.64532821097332,0.0003489642597889908,182.51071173206427
15249600.0,253.94184163005454,6.222668689353191e-11,96.6518692340255,0.0013445009758008362,182.56011961561475
15253200.0,246.4688973709746,6.361833759993338e-11,96.64316501223894,0.00041259727538770706,182.60642104249789
15256800.0,247.8768878005127,5.28283897441651e-11,96.64640804002529,0.0006193174109925156,182.6395438720841
15260400.0,252.68247735528362,6.381065452761567e-11,96.65239620784236,0.0012381516286365617,182.68926858703944
15264000.0,244.20914522786327,6.785339581091642e-11,96.64463990182719,0.0002549601486479092,182.73196701406653
15267600.0,249.31334813818248,5.0161649542433206e-11,96.64948040450702,0.0008984920742388218,182.76561213782304
15271200.0,251.19831289284272,6.511375550790033e-11,96.65408702734938,0.0011202986253460044,182.81535255563347
15274800.0,242.49517167002656,7.147726571711689e-11,96.64518922355225,0.00029710467076790695,182.8563176682601
15278400.0,250.60717446147402,4.8037987012242775e-11,96.65077993696109,0.0011725573635776555,182.89161557837298
15282000.0,249.26309654955836,6.550569970719538e-11,96.65230577965089,0.0009488438313036375,182.94181147078254
15285600.0,241.35087392671707,7.401118569705305e-11,96.64267189899427,0.00043083761283061275,182.98204726366794
15289200.0,252.12479000608482,4.49501107166895e-11,96.64734623987037,0.0014714206337796624,183.01890782988647
15292800.0,247.34949465345167,6.43909335046547e-11,96.64699527790805,0.0008268317584328625,183.0695061440231
15296400.0,240.18284840755734,7.560278382178375e-11,96.63982035624625,0.000566024443321301,183.10604391091104
15300000.0,253.41868353006103,4.160438904888379e-11,96.64791742417309,0.0017498112313630966,183.14519232847468
15303600.0,244.94885579285108,6.391499976642054e-11,96.64822727519004,0.0006794939401902094,183.1961906596345
15307200.0,239.26966810642764,7.538628012851587e-11,96.64263132006309,0.0007252932200124152,183.23248430248796
15310800.0,254.58605871544253,4.015154249432955e-11,96.65225101236074,0.002029056830584824,183.2730773881523
15314400.0,242.1992773048375,6.573663759403967e-11,96.64942930499998,0.0005787837235893409,183.32444157419718
15318000.0,238.9286732271235,7.357762338663083e-11,96.64405382587383,0.00086460792598799,183.36050624892158
15321600.0,255.50296188918753,4.117981627981334e-11,96.65279065117798,0.002256219124307135,183.40146471240783
15325200.0,239.62332522251268,6.950672447375235e-11,96.64597480768788,0.0006067039237346114,183.450436115607
15328800.0,239.00361276733648,7.152148278106075e-11,96.6426038869651,0.0009711426090002819,183.48537990799747
15332400.0,255.8568942098404,4.304971022716949e-11,96.6490733808188,0.0023926466396594188,183.53001460694745
15336000.0,237.3524907315331,7.278747468741308e-11,96.64224157753046,0.0007167555784320801,183.57971295108817
15339600.0,238.92909766852213,7.054859403982406e-11,96.63972225458636,0.0010545203400771012,183.6147450223715
15343200.0,256.045111435639,4.3083751371865993e-11,96.64879830549692,0.0025214180089590966,183.66022287849677
15346800.0,235.14927122929836,7.556746463223719e-11,96.64211125306619,0.0008528948860462076,183.70728391492747
15350400.0,239.31067368774538,7.03026805877385e-11,96.64318713587514,0.0011182135751032737,183.74108174964863
15354000.0,255.3496335524374,4.206848770720284e-11,96.65086860553306,0.0025450653018010572,183.78785774391903
15357600.0,232.93692743824622,7.976639137151259e-11,96.64315471263927,0.0009641149305143579,183.83253635187384
15361200.0,240.2123436413594,7.136111037016169e-11,96.6458232937178,0.001207069930044063,183.86640620978366
15364800.0,254.16865881767484,4.1558476687423015e-11,96.65098013826878,0.002505746908915411,183.91480191740143
15368400.0,230.83504605758333,8.62278885536946e-11,96.64076476424941,0.001065876172498476,183.95866925646428
15372000.0,241.34077908787006,7.426802085720136e-11,96.64345555682345,0.0013548588098380922,183.992690492088
15375600.0,252.7595841881548,4.311631777110768e-11,96.64623396682217,0.0024149975252311224,184.04280827594386
15379200.0,229.56872150219365,9.21451165662314e-11,96.63616398761525,0.001104224775104008,184.08440507514848
15382800.0,242.3952117090799,7.739903185592465e-11,96.64273073992518,0.0014481549690672228,184.1188831484112
15386400.0,250.65397540994795,4.7671354075310906e-11,96.64445255871959,0.0022169540127992267,184.1700272193712
15390000.0,228.62830424273875,9.793600041637364e-11,96.63815968076963,0.0010862004155611372,184.20951778098106
15393600.0,243.00731585858068,7.893501858718014e-11,96.64632856587185,0.0015289531054559601,184.24708999055096
15397200.0,248.22313690652277,5.3410674965612624e-11,96.64702564723451,0.0020023247308181315,184.2990739365787
15400800.0,228.11751540021098,1.0347460627368957e-10,96.64022780238925,0.0010293839949375768,184.3366736391991
15404400.0,243.50793582532472,7.898944182247283e-11,96.64825746517548,0.0016088313690362035,184.37682440860368
15408000.0,245.5195461660965,5.87203020164097e-11,96.6461644045519,0.0017427660185990442,184.42789530860264
15411600.0,228.2955714814504,1.065412479442362e-10,96.63824996342322,0.0008751447072102148,184.46200828454081
15415200.0,243.85214627515217,7.95753004811003e-11,96.64689286690768,0.0016683515959245172,184.5034888452727
15418800.0,242.32201817825094,6.473933410009078e-11,96.64061327524956,0.0014017298193299361,184.55549604504986
15422400.0,229.4339988046259,1.0281861003722949e-10,96.63546110070963,0.0005718391553445386,184.5904694325866
15426000.0,243.48029517458238,8.141674505857795e-11,96.6440191244566,0.0016180422658404468,184.63606903931395
15429600.0,238.93848177536,7.222642990483181e-11,96.63849223198265,0.0010148029789857546,184.68506192793703
15433200.0,230.95570297153577,9.47739908486165e-11,96.63833102459822,0.00026006813282580864,184.718058039818
15436800.0,242.70370696182067,8.377053710733902e-11,96.64668907206105,0.0015544560707501126,184.76479808556408
15440400.0,235.69095263985366,8.099962926567312e-11,96.63955812179374,0.0006560702971322187,184.81115499808345
15444000.0,232.55051742629718,8.667989544699942e-11,96.64092426885779,0.00022623572078531157,184.8438468639234
15447600.0,241.47212413296958,8.621507460166133e-11,96.64824497763648,0.0014572284577921899,184.89220205009062
15451200.0,232.84636224333318,8.977357896831586e-11,96.63878232665112,0.00034444403534350575,184.9362871771612
15454800.0,234.3235279038302,7.914249743863772e-11,96.6412660004522,0.0005728188788718086,184.9710816718041
15458400.0,239.4545211470907,8.849628105090633e-11,96.64422310809488,0.001263063619297673,185.0200357396576
15462000.0,230.62267494197602,9.697972590318466e-11,96.6345161175259,0.00019506277342867684,185.0622439443039
15465600.0,236.46857838065245,7.015928745545101e-11,96.6378564515951,0.0009832213012626316,185.09819935548134
15469200.0,237.15158687734274,8.889752233501199e-11,96.64126845152472,0.0010728091048207277,185.1485649288262
15472800.0,228.5668661137378,1.0196767528011234e-10,96.6328260405228,0.00030568249262848476,185.18746042044015
15476400.0,238.44399428281977,6.138451412813407e-11,96.64159243325403,0.0014014093049014437,185.2253950696196
15480000.0,233.91051062754033,8.999051689038528e-11,96.64266997457753,0.0007801403252523857,185.27692856988313
15483600.0,227.15885476893376,1.026699979877521e-10,96.63600510615589,0.0005305052081199282,185.31503682789665
15487200.0,240.16671417431425,5.75612646249578e-11,96.64513688030407,0.0017931080250630472,185.35495814297892
15490800.0,230.26675801352815,9.392574615841073e-11,96.64239159295714,0.0005174966203300209,185.40642840436914
15494400.0,226.51030647317768,1.0054354544289231e-10,96.63626978243278,0.0007350087774173495,185.44289783853836
15498000.0,241.44635460115634,5.919672921524529e-11,96.64369074790504,0.002109575611689495,185.48319256574598
15501600.0,226.86282164518536,1.006307168585364e-10,96.63829769955233,0.0004671586325793476,185.53301632245464
15505200.0,226.46002748000691,9.823053808001192e-11,96.63347199785608,0.0008943804771077507,185.56905549670142
15508800.0,242.07380398134362,6.157961801511544e-11,96.64112434239706,0.0023325969704964095,185.6148101136694
15512400.0,223.546071996227,1.0763174247914095e-10,96.6339414110682,0.0006447863155210166,185.66395463665575
15516000.0,226.54695805132326,9.753355290960261e-11,96.63339408995886,0.0010258590160753724,185.6986250246047
15519600.0,241.72539520173015,6.10405942491451e-11,96.64229192054648,0.0024404942128895307,185.74489136830803
15523200.0,220.46415572716595,1.157352830025511e-10,96.63516433947206,0.0008342633355872781,185.79100690797532
15526800.0,227.46405886808242,9.804149925581626e-11,96.63736283787459,0.0011701096364794801,185.82507297168956
15530400.0,240.33045600051184,5.927783785157094e-11,96.64364637781394,0.002424225621429921,185.87345525087937
15534000.0,217.70668265797167,1.2784140126694152e-10,96.63555700294368,0.000984960970014669,185.91677045907485
15537600.0,228.7649221555898,1.0210548411897814e-10,96.63957455533246,0.0013564897876595548,185.95153556809493
15541200.0,238.26758961706076,6.057742323543281e-11,96.64238734582398,0.0023139636793279325,186.00212353587975
15544800.0,215.53172603245577,1.4162248242963598e-10,96.63090986087975,0.0010899245460896133,186.04371804336776
15548400.0,230.12518881665926,1.0794221998400602e-10,96.63609843740478,0.001568884173615234,186.07915492978825
15552000.0,235.45472202341722,6.772006283612587e-11,96.63622517956782,0.002067485761276186,186.1304350962274
15555600.0,214.61709087027796,1.5066556380256246e-10,96.6283669351045,0.0010287250837869187,186.16908576327617
15559200.0,231.01947375925235,1.1092785667771374e-10,96.6381190595671,0.0017046743737013947,186.20760943017996
15562800.0,231.7886138992056,8.004958833052038e-11,96.63646726368883,0.0017147303987204035,186.25901940430867
15566400.0,214.5152390332839,1.5574813562120713e-10,96.63198484904711,0.0008585697234133709,186.29510293293262
15570000.0,231.04093662430938,1.1182890287200172e-10,96.64172620188292,0.0017616917361298102,186.33803245619524
15573600.0,227.83773351372284,9.41964207885212e-11,96.63751019245728,0.0013363797344806464,186.38926012374208
15577200.0,215.3336521728883,1.520112850288616e-10,96.63423466186262,0.0005777912353151249,186.42343297847066
15580800.0,230.32793064732067,1.140488399269398e-10,96.6411859845113,0.0017454131786471755,186.46805775285154
15584400.0,223.84087898318523,1.0961187486783485e-10,96.63416795709878,0.0009290319819352944,186.51687755519185
15588000.0,217.0206340649481,1.3527157481382796e-10,96.63119554878637,0.000151254800616975,186.5495555487039
15591600.0,229.0064439227685,1.17520184352488e-10,96.63923935440039,0.001647104036560224,186.5982702092462
15595200.0,219.7405193701591,1.2553174837666743e-10,96.62874756672171,0.00046614678016933513,186.64633484348178
15598800.0,219.75140194758103,1.1467873078580332e-10,96.63154133755167,0.0004350632684919196,186.6806050671611
15602400.0,226.38010223977466,1.245583795283876e-10,96.63651589822392,0.001404707511017602,186.73171552816703
15606000.0,216.05989408211337,1.3914505758346515e-10,96.6284373373384,8.948131153856738e-05,186.77410869627698
15609600.0,222.21961305406217,1.0451932182654321e-10,96.63559768561174,0.0009703849843493644,186.80918468038558
15613200.0,222.89694334268611,1.3217746978744276e-10,96.63796122900901,0.0010954760440789828,186.8604754004763
15616800.0,213.58507216802406,1.4771548893771907e-10,96.63025952098691,0.00028700640558698844,186.8996666863033
15620400.0,224.25423670843892,9.856284446303841e-11,96.63795788581167,0.0014585160035331095,186.93715105814462
15624000.0,218.5234259337898,1.3684248820583278e-10,96.63740025742186,0.0007046260445748654,186.98899776889223
15627600.0,212.38102450122932,1.5109096858643366e-10,96.62925055945814,0.0005222821738117856,187.02573381114777
15631200.0,225.84054676954665,9.02566035520773e-11,96.63666391053283,0.0018977526907537408,187.06759196521037
15634800.0,213.66756349235138,1.4282576078136623e-10,96.63025704340971,0.000410321536350704,187.11848938787986
15638400.0,212.16768972904157,1.5108859816974627e-10,96.62536728008774,0.0007371235629396675,187.15144874455905
15642000.0,226.30330820512404,8.796804899031994e-11,96.63384610431099,0.0021856410924686485,187.19689256249578
15645600.0,208.96642671448652,1.5915957151137183e-10,96.62886834021542,0.00048264945228719395,187.24549569925767
15649200.0,212.63495951386315,1.5247774252949075e-10,96.62874064774924,0.000979428521842667,187.27896518860305
15652800.0,225.55843097015608,9.443213660763633e-11,96.63748317527806,0.002324802412841424,187.32741469582592
15656400.0,204.44964881716027,1.89484307272886e-10,96.6296918943879,0.0008034766204820592,187.3735650771467
15660000.0,213.75378639019016,1.5505752502121862e-10,96.63296859414855,0.001256833001717179,187.40906247510054
15663600.0,223.38532228597012,1.0579612848923008e-10,96.63811573807891,0.0022758940252076967,187.46025922929002
15667200.0,200.93656755277848,2.239411198667707e-10,96.62833605640519,0.0010349410966483776,187.5013511020616
15670800.0,215.1219732926466,1.5694249552722582e-10,96.6328513416513,0.0015516992885545324,187.53776585745928
15674400.0,219.62700802510753,1.1606381170534816e-10,96.632840684296,0.002018654446794853,187.5900052492798
15678000.0,199.17741832044007,2.532277857554844e-10,96.62384713974376,0.0009872535948297343,187.62901748078238
15681600.0,215.9021711656246,1.6209395040165158e-10,96.63117790786413,0.0017567753277049883,187.67015515726956
15685200.0,214.6683848161686,1.3045781221423253e-10,96.62885087068179,0.0015745895725848631,187.72318934367524
15688800.0,199.1295878205901,2.6115965297447525e-10,96.62404339874867,0.0007071799205750883,187.75847706232813
15692400.0,215.6431976708963,1.7066307645182898e-10,96.63343478417521,0.0018367524876326403,187.8025728208452
15696000.0,208.8688917713632,1.5995625601663307e-10,96.62859014585761,0.0010341966357261716,187.8521274665031
15699600.0,200.08529511581904,2.4510765389937523e-10,96.62739067902245,0.0003074346391673585,187.88554705255106
15703200.0,214.18858157330715,1.8131220336115e-10,96.6358704608441,0.0018272282481696508,187.93251596917477
15706800.0,203.35082757705743,1.982486904654511e-10,96.62753000470639,0.0005305611498247241,187.97898343899254
15710400.0,201.90770589848475,2.208180525728242e-10,96.62948379466589,0.00027805025263727493,188.01318650231627
15714000.0,210.86886907214,1.967605536113121e-10,96.63407054463026,0.0015925850808672778,188.06271001414942
15717600.0,198.92159648385353,2.3198837489842263e-10,96.62380805701646,0.00013470529298963992,188.10668175741375
15721200.0,204.3910590803798,1.8740827179515745e-10,96.62700217716038,0.0009014529233978112,188.14291278231704
15724800.0,206.05393189118956,2.1287838242092872e-10,96.62783782083937,0.0012173880034792735,188.19447276665696
15728400.0,195.5108381654776,2.5461134380181157e-10,96.62011174387642,0.00019919604662716842,188.2322649778359
15732000.0,206.30895488724966,1.5697751140130008e-10,96.62851099640159,0.0015030171873128232,188.27251091100624
15735600.0,199.66655973042407,2.366103960683128e-10,96.6277318871312,0.0006862812530469758,188.3245685019364
15739200.0,193.64558521252204,2.639598172893558e-10,96.62321629285046,0.0004897612213103945,188.3603906573589
15742800.0,206.96461930420747,1.5621367958856895e-10,96.63336916040366,0.0019714267638314595,188.40468065014136
15746400.0,192.4710200933718,2.886907380454706e-10,96.62733886496603,0.0003266033686219265,188.45557454115226
15750000.0,193.55038964006374,2.706621662281593e-10,96.62562435664401,0.0008028349272537675,188.4907225243443
15753600.0,205.5962019592651,1.7752128327072323e-10,96.6335449596234,0.002178908241727807,188.5382638736946
15757200.0,185.88531128662342,3.6882417339438837e-10,96.62254858694669,0.000645176113252843,188.58349298517072
15760800.0,194.4852091606598,2.8012133930899936e-10,96.62576332134498,0.0012117745540466845,188.61882686230325
15764400.0,201.3876314129778,2.0054586659942413e-10,96.62802022113276,0.0020378521630762666,188.6713900868354
15768000.0,181.06109392829333,4.59257572567347e-10,96.6179460056464,0.0008093503175721712,188.714029055371
15771600.0,195.0752086943911,2.974986597208494e-10,96.62408202783895,0.0015782501209053161,188.75294064522453
15775200.0,194.78522831085292,2.3252780126526993e-10,96.62485040301094,0.001601456896252653,188.8059890943108
15778800.0,178.2443339266806,5.345386579351333e-10,96.61907392387819,0.0007118560713617952,188.84280683911697
15782400.0,194.67312971610093,3.2085747198378804e-10,96.62841970935051,0.0018891741666184074,188.88547030239963
15786000.0,186.21128085987277,3.220918097701071e-10,96.62389118756371,0.000983260992233584,188.9363838759128
15789600.0,177.1902380140114,5.495260883252528e-10,96.62163865315345,0.00043564983897173207,188.9701446581844
15793200.0,191.99005250435195,3.5793683299373915e-10,96.6305210029066,0.0020136964500839624,189.01759719319907
15796800.0,177.3099611837738,4.678831427857148e-10,96.62117365549962,0.0004681062907307636,189.06454081894984
15800400.0,177.4560279168901,5.242348195149399e-10,96.62272190445788,0.0005483080269975282,189.0999240654578
15804000.0,185.6468274508917,4.358956033294737e-10,96.62556275051675,0.0017416251856414314,189.15053916049388
15807600.0,169.596577161278,6.29198531781962e-10,96.61514650107044,0.00030760864125173646,189.19285486590096
15811200.0,177.6796338529586,4.4970319512302546e-10,96.6201068557322,0.001228777602364582,189.2312098842837
15814800.0,175.89167474315119,5.851927564896734e-10,96.62017349546079,0.0011979387170717247,189.28373515055472
15818400.0,163.4615858432008,8.076899136102558e-10,96.61359287505182,0.0002992698474044811,189.3201094664422
15822000.0,175.0039380426368,4.52813929798383e-10,96.6238882045543,0.0017740889793211611,189.36428496891236
15825600.0,162.5497993934348,9.689205335076187e-10,96.61861254911503,0.0003925209151436454,189.41553340951876
15829200.0,158.88068257413062,1.0908716753412468e-09,96.61782541760446,0.0005673544733550774,189.45094850511398
15832800.0,166.15761291479623,6.90254880624992e-10,96.62567427780718,0.0018416951061357842,189.50159585632176
15836400.0,146.37393252458807,2.122378836462671e-09,96.6154703527173,0.0003898560878197175,189.54746562422267
15840000.0,151.7063035416946,1.7606766611575592e-09,96.61856069240207,0.0014112266034109994,189.5844183182356
15843600.0,143.66443606050754,2.116332047349431e-09,96.61871161586446,0.001204573976749064,189.6376847059593
15847200.0,115.74128705720373,2.6559284652718515e-08,96.60437054031597,0.0014328849238376797,189.67656258584688
